year,month,day_endofmonth,cityid,freq,spend_aap,spend_s_aap,spend_acf,spend_s_acf,spend_aer,spend_s_aer,spend_all,spend_s_all,spend_apg,spend_s_apg,spend_durables,spend_s_durables,spend_gen,spend_s_gen,spend_grf,spend_s_grf,spend_hcs,spend_s_hcs,spend_hic,spend_s_hic,spend_inpersonmisc,spend_s_inpersonmisc,spend_nondurables,spend_s_nondurables,spend_remoteservices,spend_s_remoteservices,spend_sgh,spend_s_sgh,spend_tws,spend_s_tws,spend_inperson,spend_s_inperson,spend_retail_no_grocery,spend_s_retail_no_grocery,spend_retail_w_grocery,spend_s_retail_w_grocery,provisional
2020,1,31,1,m,0,0,1.82e-08,1.82e-08,0,0,0,0,-9.37e-08,-4.69e-08,3.62e-08,1.83e-08,0,0,0,0,-7.33e-09,1.69e-08,0,0,-2.69e-08,-2.69e-08,1.30e-08,2.61e-08,1.86e-08,3.92e-08,0,0,0,0,1.09e-08,1.38e-08,1.42e-10,2.70e-08,1.85e-08,-1.85e-08,0
2020,1,31,2,m,0,0,-3.97e-08,-1.91e-08,0,0,0,0,-2.85e-08,-2.85e-08,-3.75e-08,-2.48e-08,0,0,0,0,-8.53e-08,-4.25e-08,0,0,-1.82e-08,-2.79e-08,-5.27e-08,-1.86e-08,-1.78e-08,-3.77e-08,0,0,0,0,-8.79e-10,-6.79e-09,3.17e-08,8.73e-09,-6.41e-08,-3.53e-08,0
2020,1,31,3,m,0,0,-1.85e-08,-4.28e-08,0,0,0,0,-3.63e-08,0,-1.09e-08,-5.30e-09,0,0,0,0,6.87e-09,4.34e-08,0,0,-1.25e-08,-2.95e-08,8.15e-09,1.79e-08,2.72e-08,3.05e-08,0,0,0,0,-4.86e-08,-3.72e-08,1.84e-08,2.35e-08,1.29e-08,-2.83e-08,0
2020,1,31,4,m,0,0,3.68e-08,1.87e-08,0,0,0,0,-5.05e-08,-5.05e-08,-1.31e-08,7.24e-09,0,0,0,0,-1.95e-09,-4.44e-08,0,0,2.09e-08,2.09e-08,-2.14e-08,3.64e-09,6.06e-08,3.12e-08,0,0,0,0,-6.83e-08,-1.85e-08,-2.67e-08,-3.29e-08,-4.58e-08,-1.95e-08,0
2020,1,31,5,m,0,0,4.49e-08,0,0,0,0,0,-2.71e-08,2.73e-08,2.84e-08,2.84e-08,0,0,0,0,1.50e-11,-1.08e-08,0,0,-4.90e-08,0,-3.61e-08,-2.40e-08,-3.98e-08,-2.49e-08,0,0,0,0,-8.04e-09,-1.85e-08,-3.94e-08,-2.63e-08,-2.52e-08,-1.68e-08,0
2020,1,31,6,m,0,0,-2.76e-08,-2.76e-08,0,0,0,0,3.12e-08,3.12e-08,-5.90e-08,-2.34e-08,0,0,0,0,1.43e-08,3.90e-08,0,0,3.77e-08,3.77e-08,-3.05e-08,1.73e-08,-3.70e-08,-3.76e-09,0,0,0,0,3.02e-08,2.23e-08,-1.79e-08,-8.82e-09,8.65e-08,4.27e-08,0
2020,1,31,7,m,0,0,-1.07e-09,2.21e-08,0,0,0,0,0,0,1.04e-08,2.95e-08,0,0,0,0,-2.94e-08,-2.94e-08,0,0,-2.79e-08,0,-1.93e-08,-4.84e-09,3.31e-08,5.33e-09,0,0,0,0,4.23e-11,-4.48e-09,-2.55e-08,-8.37e-09,2.59e-08,-5.19e-09,0
2020,1,31,8,m,0,0,5.08e-08,0,0,0,0,0,5.32e-08,2.66e-08,-2.59e-08,0,0,0,0,0,-1.60e-08,-4.44e-08,0,0,-2.62e-08,-2.62e-08,1.71e-10,2.34e-08,-1.95e-08,0,0,0,0,0,-6.32e-09,-1.99e-08,2.12e-08,2.85e-08,-2.43e-08,-1.93e-08,0
2020,1,31,9,m,0,0,-4.95e-08,-4.95e-08,0,0,0,0,6.44e-10,3.86e-08,-1.18e-08,0,0,0,0,0,1.09e-08,1.09e-08,0,0,-3.22e-09,3.36e-08,3.34e-09,2.53e-08,4.81e-08,2.81e-08,0,0,0,0,4.19e-08,2.65e-08,2.89e-08,9.81e-09,-8.21e-08,-4.45e-08,0
2020,1,31,10,m,0,0,5.71e-08,1.86e-08,0,0,0,0,-5.05e-08,-2.54e-08,-2.79e-10,-1.88e-08,0,0,0,0,3.70e-10,-9.30e-09,0,0,-1.93e-08,-4.05e-08,-5.56e-08,-1.38e-08,-4.01e-09,-1.17e-08,0,0,0,0,-1.80e-08,-8.85e-09,-1.25e-08,-1.86e-08,-9.47e-08,-4.03e-08,0
2020,1,31,11,m,0,0,4.67e-08,1.94e-08,0,0,0,0,-3.24e-10,1.44e-08,3.30e-08,2.35e-08,0,0,0,0,1.47e-08,3.10e-08,0,0,3.31e-08,0,-8.65e-08,-3.28e-08,-3.50e-08,-3.50e-08,0,0,0,0,2.69e-08,2.41e-08,-4.40e-08,-2.83e-08,-1.68e-09,3.72e-08,0
2020,1,31,12,m,0,0,-1.74e-08,0,0,0,0,0,0,0,1.54e-08,1.54e-08,0,0,0,0,-7.89e-09,-3.33e-08,0,0,2.80e-08,-2.36e-08,1.08e-08,3.32e-08,5.94e-09,-2.84e-08,0,0,0,0,-5.31e-08,-1.45e-08,3.43e-08,1.15e-08,2.29e-08,7.63e-09,0
2020,1,31,13,m,0,0,-4.51e-08,-4.51e-08,0,0,0,0,0,0,2.22e-08,2.97e-08,0,0,0,0,-2.05e-08,-3.05e-08,0,0,-8.72e-10,5.21e-08,4.09e-08,1.00e-08,-4.67e-08,-3.35e-08,0,0,0,0,3.93e-08,2.70e-08,-5.50e-08,-3.08e-08,-3.57e-08,-2.01e-08,0
2020,1,31,14,m,0,0,-2.16e-08,-2.16e-08,0,0,0,0,-9.71e-08,-4.91e-08,1.83e-08,1.15e-08,0,0,0,0,-3.98e-08,-1.95e-08,0,0,-5.15e-08,0,-3.63e-08,1.25e-08,4.54e-08,3.17e-08,0,0,0,0,4.01e-10,2.46e-08,6.37e-08,1.16e-08,2.36e-09,6.21e-09,0
2020,1,31,15,m,0,0,5.04e-08,3.32e-08,0,0,0,0,-3.27e-08,0,-5.23e-08,-6.45e-09,0,0,0,0,0,0,0,0,1.52e-08,3.27e-08,3.66e-08,-1.24e-08,-9.75e-09,4.54e-09,0,0,0,0,8.46e-08,4.37e-08,-8.48e-08,-3.50e-08,1.33e-08,3.54e-08,0
2020,1,31,16,m,0,0,-1.62e-08,1.73e-08,0,0,0,0,0,0,-1.66e-08,-2.47e-08,0,0,0,0,-3.68e-08,-4.91e-08,0,0,0,0,4.40e-08,8.80e-09,5.80e-08,2.61e-08,0,0,0,0,3.17e-08,5.13e-08,1.48e-08,7.47e-09,-6.24e-08,-3.13e-08,0
2020,1,31,17,m,0,0,-1.11e-09,3.51e-08,0,0,0,0,-5.34e-08,0,-1.60e-08,-1.60e-08,0,0,0,0,2.27e-08,3.45e-08,0,0,4.29e-08,4.29e-08,-1.97e-08,-2.81e-08,1.83e-08,1.30e-08,0,0,0,0,4.42e-09,-2.41e-08,-6.76e-08,-5.34e-08,-4.20e-08,-3.33e-08,0
2020,1,31,19,m,0,0,8.64e-08,5.56e-08,0,0,0,0,-4.19e-08,-4.19e-08,1.80e-08,3.81e-08,0,0,0,0,6.80e-10,-1.70e-08,0,0,4.30e-08,0,-3.19e-08,-1.77e-08,-6.90e-08,-4.34e-08,0,0,0,0,9.32e-08,4.10e-08,-2.16e-08,0,-4.96e-08,-3.93e-08,0
2020,1,31,20,m,0,0,2.51e-08,4.34e-08,0,0,0,0,0,0,5.13e-08,4.35e-08,0,0,0,0,-7.89e-08,-3.85e-08,0,0,5.15e-08,3.96e-08,-2.70e-08,1.58e-08,3.17e-10,-2.08e-08,0,0,0,0,3.43e-09,1.57e-08,-5.17e-08,-1.73e-08,3.18e-08,-9.12e-09,0
2020,1,31,21,m,0,0,-2.47e-08,-5.29e-08,0,0,0,0,0,0,-8.35e-09,0,0,0,0,0,-1.43e-08,1.43e-08,0,0,-4.86e-08,-4.86e-08,-7.80e-09,2.01e-08,2.31e-08,3.04e-08,0,0,0,0,4.25e-09,7.20e-09,-4.11e-08,-4.11e-08,-2.79e-08,3.94e-09,0
2020,1,31,22,m,0,0,5.82e-09,-2.98e-08,0,0,0,0,-3.34e-08,-3.34e-08,-4.67e-08,5.49e-09,0,0,0,0,5.57e-08,2.89e-08,0,0,-4.66e-08,-2.18e-08,3.73e-08,2.61e-09,1.38e-08,3.97e-08,0,0,0,0,-4.89e-08,-3.36e-08,-1.68e-08,4.76e-09,-1.08e-08,3.13e-09,0
2020,1,31,23,m,0,0,-1.02e-08,-2.56e-08,0,0,0,0,-8.88e-08,-4.13e-08,-2.14e-08,-2.95e-08,0,0,0,0,3.46e-08,4.28e-08,0,0,6.42e-09,-3.18e-08,-4.71e-09,6.86e-09,6.52e-08,5.40e-08,0,0,0,0,-3.44e-09,4.29e-08,2.38e-08,-2.47e-08,1.44e-08,-1.51e-08,0
2020,1,31,24,m,0,0,-1.53e-08,-3.29e-08,0,0,0,0,-1.09e-07,-5.57e-08,1.51e-08,1.51e-08,0,0,0,0,6.53e-08,1.35e-08,0,0,4.51e-08,2.17e-08,4.41e-08,3.71e-09,7.53e-09,3.25e-08,0,0,0,0,3.07e-09,-3.60e-08,0,0,-6.38e-08,-3.17e-08,0
2020,1,31,25,m,0,0,1.18e-08,3.08e-08,0,0,0,0,-3.29e-08,-3.29e-08,3.87e-08,0,0,0,0,0,-4.14e-09,2.33e-08,0,0,-3.47e-08,-1.63e-08,-1.77e-08,-2.83e-08,-7.20e-08,-4.43e-08,0,0,0,0,-3.82e-08,-7.28e-09,-1.01e-08,2.04e-08,-5.80e-09,1.10e-08,0
2020,1,31,26,m,0,0,-1.20e-10,-8.92e-09,0,0,0,0,3.05e-08,0,1.47e-08,7.71e-09,0,0,0,0,1.41e-09,1.57e-08,0,0,-8.48e-08,-5.65e-08,-5.12e-08,-1.48e-08,-5.04e-08,-3.67e-08,0,0,0,0,2.36e-08,2.58e-08,5.49e-10,7.73e-09,2.55e-08,-2.61e-08,0
2020,1,31,27,m,0,0,1.97e-08,1.97e-08,0,0,0,0,0,0,7.93e-08,3.09e-08,0,0,0,0,3.04e-08,-7.93e-09,0,0,7.67e-08,5.33e-08,-8.19e-09,-2.79e-08,5.02e-08,3.41e-08,0,0,0,0,2.47e-08,3.44e-08,-1.54e-08,0,7.90e-08,3.96e-08,0
2020,1,31,28,m,0,0,2.43e-08,0,0,0,0,0,4.27e-08,0,1.33e-08,3.76e-08,0,0,0,0,4.00e-08,1.95e-08,0,0,2.68e-09,-3.14e-08,5.98e-09,-1.21e-08,2.94e-08,4.43e-08,0,0,0,0,3.49e-08,-2.49e-09,2.11e-08,-2.15e-08,8.83e-08,3.83e-08,0
2020,1,31,29,m,0,0,1.77e-08,1.77e-08,0,0,0,0,9.14e-09,-3.92e-08,3.50e-08,7.80e-09,0,0,0,0,-1.72e-08,-2.41e-08,0,0,3.27e-08,3.27e-08,2.95e-08,2.56e-08,-3.73e-09,-3.73e-09,0,0,0,0,-3.67e-08,-2.22e-08,3.32e-08,5.80e-09,-3.49e-08,-5.11e-08,0
2020,1,31,30,m,0,0,2.88e-08,2.88e-08,0,0,0,0,-2.55e-09,2.99e-08,-1.74e-08,-1.74e-08,0,0,0,0,1.59e-08,7.63e-09,0,0,-6.66e-08,-2.07e-08,2.54e-08,1.60e-08,6.35e-08,2.46e-08,0,0,0,0,3.55e-08,2.15e-08,-3.28e-08,0,2.02e-08,0,0
2020,1,31,31,m,0,0,-1.35e-08,-3.03e-08,0,0,0,0,-6.31e-08,-3.23e-08,-3.75e-08,-2.61e-08,0,0,0,0,-3.95e-08,-3.95e-08,0,0,-5.72e-08,-1.79e-08,4.27e-08,3.31e-08,1.50e-08,-1.59e-08,0,0,0,0,1.65e-08,-1.49e-08,-2.52e-08,-2.95e-08,-1.15e-08,-1.34e-08,0
2020,1,31,32,m,0,0,0,0,0,0,0,0,-1.51e-09,2.96e-08,1.76e-08,0,0,0,0,0,-3.97e-08,-3.97e-08,0,0,-3.02e-08,-5.82e-08,3.33e-08,9.59e-09,4.04e-08,1.59e-08,0,0,0,0,-2.60e-09,2.48e-09,4.54e-08,2.97e-08,-9.84e-09,-1.96e-08,0
2020,1,31,33,m,0,0,5.65e-08,0,0,0,0,0,2.77e-09,3.68e-08,2.60e-08,0,0,0,0,0,3.95e-09,4.47e-08,0,0,7.01e-10,2.94e-08,-4.87e-08,-3.44e-08,7.87e-08,4.66e-08,0,0,0,0,1.08e-08,1.34e-08,-4.08e-08,-1.61e-08,1.49e-08,2.99e-08,0
2020,1,31,34,m,0,0,-2.01e-08,0,0,0,0,0,0,0,-4.96e-08,-1.19e-08,0,0,0,0,-1.52e-08,7.57e-09,0,0,5.46e-08,0,-1.01e-08,0,-1.30e-08,-2.63e-08,0,0,0,0,-9.89e-09,-1.54e-08,-7.33e-08,-3.10e-08,-5.09e-08,-2.12e-08,0
2020,1,31,35,m,0,0,3.29e-08,3.29e-08,0,0,0,0,0,0,3.56e-08,1.19e-08,0,0,0,0,4.88e-08,4.88e-08,0,0,-4.05e-08,0,-2.99e-09,-1.60e-08,5.11e-08,2.67e-08,0,0,0,0,-4.69e-08,-1.96e-08,3.89e-08,9.71e-09,-5.29e-08,-1.97e-08,0
2020,1,31,36,m,0,0,-4.37e-08,0,0,0,0,0,-5.68e-08,-2.82e-08,-2.98e-08,-3.99e-08,0,0,0,0,2.88e-08,7.04e-09,0,0,-5.03e-10,2.28e-08,-1.47e-08,0,-6.64e-08,-3.46e-08,0,0,0,0,1.24e-08,3.10e-08,2.42e-08,1.61e-08,1.52e-08,1.00e-08,0
2020,1,31,37,m,0,0,1.74e-08,1.74e-08,0,0,0,0,-8.29e-08,-2.67e-08,7.23e-10,3.26e-08,0,0,0,0,3.77e-08,3.77e-08,0,0,-4.81e-08,0,-5.21e-09,-3.44e-08,-3.54e-09,1.20e-08,0,0,0,0,3.62e-08,5.39e-09,4.95e-08,3.09e-08,3.77e-10,1.82e-08,0
2020,1,31,38,m,0,0,-5.75e-08,0,0,0,0,0,-9.69e-10,3.59e-08,5.26e-08,2.06e-08,0,0,0,0,8.79e-09,1.81e-08,0,0,1.67e-08,1.67e-08,1.04e-08,2.21e-08,2.28e-09,-1.09e-08,0,0,0,0,1.25e-08,2.40e-08,-2.98e-08,0,5.35e-08,4.73e-08,0
2020,1,31,39,m,0,0,4.24e-08,2.05e-08,0,0,0,0,5.37e-08,2.66e-08,1.64e-08,1.64e-08,0,0,0,0,1.14e-08,2.25e-08,0,0,4.64e-08,2.24e-08,-3.65e-08,-1.99e-08,-2.82e-09,-2.21e-08,0,0,0,0,-1.53e-08,1.58e-08,2.75e-08,0,1.70e-08,0,0
2020,1,31,40,m,0,0,0,0,0,0,0,0,-8.33e-08,-4.16e-08,2.22e-08,2.22e-08,0,0,0,0,4.60e-08,4.60e-08,0,0,-1.93e-09,1.75e-08,-1.26e-08,-2.20e-08,-3.98e-09,0,0,0,0,0,8.13e-09,-3.77e-08,3.18e-08,1.03e-08,1.62e-08,5.28e-09,0
2020,1,31,41,m,0,0,-3.70e-08,-3.70e-08,0,0,0,0,5.60e-10,-2.48e-08,-1.67e-08,8.81e-09,0,0,0,0,5.14e-08,2.53e-08,0,0,5.58e-08,2.75e-08,-2.02e-08,-2.89e-08,3.10e-08,1.56e-08,0,0,0,0,6.43e-09,-1.66e-08,-5.53e-08,-4.85e-08,-4.54e-11,4.36e-09,0
2020,1,31,42,m,0,0,-5.11e-10,2.22e-08,0,0,0,0,-3.72e-08,-3.72e-08,-6.60e-08,-4.37e-08,0,0,0,0,1.13e-08,-1.08e-08,0,0,-1.57e-08,-1.57e-08,2.24e-08,3.09e-08,3.59e-08,2.96e-08,0,0,0,0,5.56e-08,2.44e-08,-4.29e-08,-2.57e-08,-2.75e-08,-1.65e-08,0
2020,1,31,43,m,0,0,-3.53e-08,-1.65e-08,0,0,0,0,-4.85e-08,-2.39e-08,-1.36e-08,6.72e-09,0,0,0,0,-2.27e-08,0,0,0,-2.03e-08,-2.03e-08,-3.52e-08,1.30e-08,2.01e-08,-1.28e-08,0,0,0,0,1.43e-08,-3.28e-09,6.42e-12,6.18e-09,-5.62e-08,-5.26e-08,0
2020,1,31,44,m,0,0,6.50e-10,-2.38e-08,0,0,0,0,2.55e-08,-2.82e-08,9.17e-09,-1.31e-08,0,0,0,0,5.01e-08,1.87e-08,0,0,9.56e-08,5.14e-08,4.96e-10,-1.80e-08,3.34e-08,4.36e-08,0,0,0,0,2.22e-08,2.22e-08,-1.31e-08,1.53e-08,4.27e-08,8.18e-09,0
2020,1,31,45,m,0,0,1.28e-09,-4.87e-08,0,0,0,0,0,0,6.54e-08,3.28e-08,0,0,0,0,2.45e-08,-9.05e-09,0,0,8.84e-08,3.13e-08,-8.32e-09,-2.04e-08,-6.00e-09,2.31e-08,0,0,0,0,-1.72e-08,9.23e-09,3.13e-08,3.13e-08,1.76e-08,1.76e-08,0
2020,1,31,46,m,0,0,2.54e-08,0,0,0,0,0,3.44e-09,-2.60e-08,-3.74e-08,0,0,0,0,0,0,0,0,0,-2.73e-08,1.99e-08,4.87e-08,4.51e-08,3.84e-08,2.27e-08,0,0,0,0,2.76e-08,2.76e-08,-2.62e-08,-2.62e-08,1.63e-08,1.63e-08,0
2020,1,31,47,m,0,0,1.16e-07,5.67e-08,0,0,0,0,0,0,4.52e-08,2.69e-08,0,0,0,0,4.42e-08,3.31e-08,0,0,-4.92e-08,-1.65e-08,-4.03e-08,-1.96e-08,-9.66e-09,3.18e-09,0,0,0,0,-2.17e-08,-4.52e-09,-2.50e-08,-8.26e-09,4.21e-09,3.73e-08,0
2020,1,31,48,m,0,0,-1.92e-08,-1.92e-08,0,0,0,0,-7.22e-08,-2.18e-08,-1.00e-08,-6.49e-09,0,0,0,0,4.35e-08,0,0,0,-2.48e-08,1.82e-08,9.37e-08,4.41e-08,1.34e-08,2.76e-08,0,0,0,0,-8.26e-09,-6.92e-09,-8.86e-09,-2.01e-08,-4.64e-09,-1.10e-08,0
2020,1,31,49,m,0,0,-2.16e-08,-2.16e-08,0,0,0,0,-2.71e-08,0,-3.29e-08,-5.78e-08,0,0,0,0,1.07e-08,-6.87e-09,0,0,-4.70e-08,-2.42e-08,1.45e-08,-8.73e-09,2.74e-09,2.78e-08,0,0,0,0,-3.83e-08,-2.99e-08,-2.78e-08,-3.94e-08,-1.47e-08,8.62e-09,0
2020,1,31,50,m,0,0,-7.30e-08,-2.51e-08,0,0,0,0,-1.97e-09,-3.10e-08,-9.53e-09,-1.71e-08,0,0,0,0,1.79e-08,1.79e-08,0,0,-2.83e-08,-2.83e-08,1.65e-08,-9.27e-09,2.44e-08,3.47e-08,0,0,0,0,-1.13e-08,6.81e-09,1.65e-08,-2.94e-08,1.12e-08,-1.92e-08,0
2020,1,31,51,m,0,0,-1.90e-08,0,0,0,0,0,6.23e-10,-2.70e-08,6.82e-09,0,0,0,0,0,4.25e-08,2.13e-08,0,0,-2.10e-08,0,6.56e-09,2.90e-08,-3.88e-08,-7.22e-09,0,0,0,0,6.90e-08,4.68e-08,6.81e-09,-1.26e-08,2.96e-09,2.27e-08,0
2020,1,31,52,m,0,0,0,0,0,0,0,0,-3.33e-08,-3.33e-08,-3.50e-08,-5.12e-08,0,0,0,0,5.24e-08,3.82e-08,0,0,-2.71e-08,2.46e-08,1.51e-09,-2.09e-08,3.21e-08,4.33e-08,0,0,0,0,1.52e-08,-1.51e-08,2.25e-08,7.13e-09,-2.08e-08,-2.99e-08,0
2020,1,31,53,m,0,0,-4.81e-08,0,0,0,0,0,3.58e-08,3.58e-08,4.60e-10,-1.95e-08,0,0,0,0,3.64e-08,0,0,0,1.92e-08,0,-3.05e-08,-1.00e-08,-6.10e-09,1.90e-08,0,0,0,0,-3.32e-08,1.14e-08,-1.76e-08,0,-4.50e-08,-3.59e-08,0
2020,2,29,1,m,-.0252,-.0564,-.0304,-.0496,.148,.0945,-.00271,-.0483,-.0137,-.0467,-.0165,-.0477,-.00438,-.0389,.0198,-.011,.0201,-.0492,.0238,.0168,.025,-.0834,-.00389,-.0328,-.00664,-.0817,-.0493,-.0174,-.0342,-.0356,.00129,-.0363,-.0153,-.044,-.00428,-.0336,0
2020,2,29,2,m,.0258,-.00484,-.000154,.034,.0325,.00646,.0431,-.0124,.0257,-.0173,.0778,-.00993,.0267,-.0322,.0696,-.023,.0806,-.0332,.0645,-.0144,.00519,-.0473,.0508,-.0125,.0734,-.0193,.285,.162,-.00468,-.0455,.0101,-.00506,.062,-.0073,.0654,-.0139,0
2020,2,29,3,m,.114,.0071,.0623,-.00747,.191,.0167,.0537,-.0336,.0984,-.0209,.0175,-.0428,.0865,-.0429,.0735,-.0596,.101,-.0287,.0666,-.0688,-.0528,-.08,.0612,-.041,.0586,-.0451,.135,.154,.0408,-.0416,.0545,-.026,.065,-.0244,.0691,-.0403,0
2020,2,29,4,m,.0101,-.0284,.0576,-.0052,.171,.00627,.0423,-.0675,.0354,-.0223,.0276,-.032,.0569,-.0172,.0384,-.0449,.0417,-.078,.0639,.0662,.0522,-.0966,.028,-.0408,.0637,-.148,.0314,.0332,.0155,-.035,.0553,-.0378,.0225,-.0287,.0285,-.0353,0
2020,2,29,5,m,.0211,-.00319,.0173,-.0215,.102,.0577,.0554,-.0375,.0549,-.0152,.0511,-.0204,.074,-.0214,.0573,-.013,.0494,-.0603,.114,.0307,.0748,-.0941,.0604,-.02,.0676,-.0671,.0456,.0503,.00493,-.0241,.0387,-.034,.0575,-.0134,.0574,-.0133,0
2020,2,29,6,m,.0183,-.0717,.000918,-.0708,.09,.0113,.0193,-.0652,.0577,-.0322,.00565,-.0589,.0796,-.00981,.0243,-.0445,.0301,-.0688,.0823,.0183,.043,-.0983,.0316,-.0431,.0309,-.0751,-.00947,-.00446,-.0527,-.118,.0114,-.0739,.0352,-.0418,.0318,-.0427,0
2020,2,29,7,m,-.0123,-.0712,.00959,-.0287,.176,.052,.0473,-.0668,.0658,-.0279,.046,-.0526,.136,.00917,.0458,-.0507,.0107,-.0982,.0734,.0212,.0392,-.117,.0384,-.048,.111,-.0999,-.0119,.0505,-.0222,-.0458,.022,-.0496,.0331,-.0459,.0381,-.0477,0
2020,2,29,8,m,.00818,-.0362,.0175,-.0315,-.0277,.193,.0194,-.0597,.0462,-.0352,.0322,-.025,.0706,-.0346,.0444,-.02,.0414,-.0651,.0878,.0612,-.0249,-.116,.0525,-.0257,-.00614,-.139,.0118,.0346,.00953,-.0814,.0088,-.0346,.0372,-.0182,.0395,-.0188,0
2020,2,29,9,m,.0098,-.0754,.00818,-.042,.084,.0347,.0499,-.0607,.0718,-.0608,.0257,-.0592,.119,-.05,-.0738,-.0548,.194,-.0862,.15,.0563,.0233,-.12,.0301,-.0449,.0787,-.0901,.0134,-.0253,.0313,-.0951,.0446,-.0617,.0563,-.0516,.00787,-.0527,0
2020,2,29,10,m,.0281,-.0559,.0181,-.0252,.114,.0667,.0406,-.0658,.0401,-.0414,.0392,-.0429,.0483,-.0314,.047,-.0394,.0747,-.0374,-.045,-.0692,-.0394,-.166,.0237,-.0482,.0445,-.143,-.017,-.021,-.0616,-.0826,.0135,-.0535,.0566,-.0267,.0526,-.0319,0
2020,2,29,11,m,.137,.128,.0381,-.000797,.0415,.0124,.0437,-.0179,.135,.108,.0261,-.0162,.113,-.00596,.0944,-.0314,-.00283,-.136,.132,.0468,-.0569,-.156,.0834,.0187,.08,-.12,-.0524,.0276,.0424,.0116,.0166,-.0478,.118,.0866,.112,.0498,0
2020,2,29,12,m,.0166,-.113,.0206,-.0394,-.0238,-.0121,.047,-.0712,.07,-.0827,.0574,-.0383,.111,-.0607,.0682,-.044,.173,-.0562,.236,.109,.0223,-.15,.0666,-.0546,.0339,-.108,.108,.0319,-.0535,-.119,.0184,-.0707,.0691,-.062,.0689,-.0559,0
2020,2,29,13,m,-.0462,-.00831,.0355,.037,.282,.306,.0232,-.0262,.0128,.00514,.0299,-.0237,.0595,.0145,.000896,-.0596,.124,.0314,-.0255,-.112,.0484,.00931,.00675,-.0344,.00768,-.071,-.167,.0645,-.201,-.115,.0366,.033,.005,-.0116,.00381,-.0284,0
2020,2,29,14,m,-.000924,.119,.0195,.0436,-.0386,.0784,.0353,.0206,.0211,.085,.0578,.011,.0432,.0565,.0398,-.0283,.0235,-.0311,.0522,.00342,.0402,-.0313,.0331,.00941,.0376,.0448,.0566,.158,.0136,-.0115,.0192,.0135,.0409,.0796,.0422,.0292,0
2020,2,29,15,m,.0399,-.0285,.0143,.0039,-.0582,-.0285,.038,-.0285,.0515,-.0285,.05,-.0367,.0586,-.0285,.046,-.0285,-.00739,-.154,.108,-.0285,.114,-.0285,.0366,-.0285,.0799,-.029,-.119,-.0285,.00213,-.0285,.0249,-.0358,.0275,-.0374,.0376,-.0326,0
2020,2,29,16,m,.0838,-.0203,.077,-.00442,.111,.0286,.0661,-.0282,.148,.0166,.0217,-.0322,.212,.0515,.0664,-.0353,-.00178,-.101,.0827,.0881,.0789,-.09,.167,.0622,.0257,-.109,.000993,.0507,-.0158,-.0383,.0518,-.0345,.097,.00907,.0847,-.00873,0
2020,2,29,17,m,.013,-.067,.0375,-.0219,.166,.106,.0549,-.047,.0363,-.0515,.0646,-.0164,.0579,-.0375,.0707,-.0345,.0365,-.0524,.0327,-.0354,.0329,-.116,.0311,-.0498,.0708,-.0977,-.0926,-.099,.0787,.00292,.054,-.0277,.0344,-.0347,.048,-.0346,0
2020,2,29,19,m,.0473,.17,.0396,.0195,.0196,.095,.0399,-.00759,.0424,.0798,.0431,.0396,.0451,.0343,.0516,-.0276,.0457,-.0374,.0314,.0457,.0172,-.0493,.0316,-.0123,.0608,-.011,.0325,.147,-.00503,-.0468,.0308,-.00454,.0518,.0868,.0517,.0271,0
2020,2,29,20,m,.159,.146,.0533,.0422,.154,.136,.0548,.0156,.142,.0628,-.000313,.0185,.135,.0111,.0725,-.00544,.055,-.0701,.15,.0859,-.0429,-.0471,.0711,.0163,.0578,.0122,-.00237,.0862,.0341,-.0559,.0446,.00494,.0749,.0734,.0728,.0361,0
2020,2,29,21,m,-.0832,-.143,-.0159,-.0653,-.218,-.0254,.0273,-.044,.00152,-.103,.115,-.000296,.103,-.0564,.0629,-.0271,.0418,-.0696,.311,.118,.0367,-.0887,.049,-.0444,.0448,-.0363,.0165,-.0743,-.051,-.0802,-.0423,-.0675,.0721,-.0542,.0689,-.0453,0
2020,2,29,22,m,-.0759,-.0939,.0163,-.084,.131,.124,.0492,-.0796,.0473,-.0582,.0506,-.047,.135,-.0345,.0527,-.0459,.0628,-.039,-.169,-.155,.165,-.0265,.0276,-.0632,.0847,-.149,.168,.0287,-.136,-.152,.0228,-.0648,.0401,-.0479,.0445,-.0472,0
2020,2,29,23,m,.0145,-.0236,-.0212,-.0697,.164,-.0206,-.0085,-.0546,.039,-.067,.108,-.00664,.0595,-.0963,.0678,-.104,.0586,-.042,.164,.101,-.0509,-.118,.0393,-.0973,.101,-.00794,-.169,.104,-.064,-.0953,-.0151,-.0774,.0699,-.0192,.0694,-.0523,0
2020,2,29,24,m,.13,.000544,.0105,-.0269,.0299,.0681,.0432,-.0612,.134,-.0147,.0465,-.0501,.139,-.0299,.0585,-.0119,.131,-.0299,.441,.218,.002,-.0876,.06,-.0552,.0187,-.0994,.0156,-.0426,.0113,-.0718,.028,-.036,.111,-.0195,.0899,-.0164,0
2020,2,29,25,m,-.0158,-.0794,.0128,-.0341,.049,-.00432,.0182,-.052,.0956,-.0299,-.116,-.0663,.246,.0345,.118,-.0589,.0975,.0295,-.0416,.00596,-.00826,-.13,.0789,-.0572,.0923,-.0278,-.0443,-.116,-.129,-.115,-.0144,-.0563,-.0523,-.0374,.016,-.0472,0
2020,2,29,26,m,.249,.197,.051,.0368,.302,.291,.0506,-.00654,.127,.0748,.0367,-.00591,.0736,.0217,.0488,-.0264,.124,-.0232,.147,.0829,.0436,-.0782,.0302,-.0185,.0784,.0122,-.279,-.127,-.0569,-.13,.0674,.00945,.0521,.0406,.0507,.00598,0
2020,2,29,27,m,.0379,-.0285,-.0106,-.0285,-.0578,.322,.0486,-.0285,.0642,-.0285,.0732,-.0285,.0877,-.0285,.0868,-.0285,.195,-.0267,.232,-.0285,.0267,-.0285,.112,.0301,.106,-.0285,-.00832,-.0285,.118,-.0285,.0556,.0012,.0927,-.0285,.0903,-.0285,0
2020,2,29,28,m,-.000801,-.0469,.00921,-.0279,.194,.113,.0461,-.028,.0359,-.0466,.0725,-.0218,.0739,-.0464,.0936,-.00991,.0112,-.0563,.178,.0075,.0182,-.106,.0628,-.0285,.024,-.036,.113,.105,.0593,-.0376,.0387,-.0318,.0567,-.0273,.0717,-.0202,0
2020,2,29,29,m,.0257,-.121,.00151,-.0397,.11,.0953,.0388,-.0598,.0702,-.0792,.0994,.00261,.119,-.0328,.115,-.0441,.0333,-.126,.293,.0248,.166,.00296,.0933,-.0455,.0354,-.0956,-.0505,-.112,-.0974,-.106,.00514,-.0475,.101,-.0328,.107,-.0375,0
2020,2,29,30,m,.142,.00409,-.0232,.0346,.0876,.0896,.0453,-.0288,.113,-.0377,.307,.144,.0839,-.0787,.0926,-.0715,.252,.0198,.0586,.0326,.101,-.0521,.058,-.041,.0327,-.117,.407,.155,-.185,-.146,-.0228,-.0234,.292,.114,.211,.0387,0
2020,2,29,31,m,.127,.00627,.0441,.00166,.355,.362,.0753,-.0301,.141,-.00513,.0642,-.0329,.155,-.0165,.0714,-.0727,.105,-.0135,.174,-.176,.0838,-.0922,.0714,-.0422,.0925,-.0369,-.121,-.0626,.0305,-.0716,.0855,.00608,.0837,-.0543,.0771,-.0643,0
2020,2,29,32,m,.05,-.0263,-.0484,-.0398,.0384,.0356,.0225,-.0436,.066,-.0288,.0558,.0252,.0735,-.0298,.189,-.0212,.0826,-.0679,-.03,-.0509,.129,-.0814,.0783,-.0401,-.0551,-.0926,.0236,.129,-.0575,-.00719,.00803,-.0401,.056,.00422,.103,-.00438,0
2020,2,29,33,m,.0653,.0075,.025,-.0226,.0682,.081,.0474,-.0364,.0691,-.0323,.00515,-.0295,.0728,-.0507,.0435,-.0227,.11,-.0166,-.0521,-.0864,.0581,-.126,.0417,-.0315,.0796,-.0584,-.108,.136,.0114,-.0437,.0481,-.0345,.00911,-.0308,.0224,-.0277,0
2020,2,29,34,m,.0556,-.0585,.0155,-.0527,.0369,.0718,.0741,-.044,.085,-.0529,.0805,-.0164,.102,-.0499,.0477,-.0352,.207,.0798,.117,.115,.125,-.0819,.0705,-.0397,.137,-.0522,-.0498,-.066,.033,-.0807,.0626,-.0328,.0642,-.0353,.0592,-.0352,0
2020,2,29,35,m,.00907,-.0668,.0743,.0000963,-.0159,-.0442,.0532,-.0474,.0352,-.0512,.0702,-.0116,.0507,-.0423,.0629,-.0294,-.051,-.0857,.259,.206,.11,-.105,.053,-.0405,.0545,-.0824,-.0236,-.081,-.0478,-.0959,.0276,-.0522,.0629,-.0214,.0628,-.024,0
2020,2,29,36,m,.0416,-.0207,.0404,-.012,.191,.0931,.0601,-.0366,.0702,-.043,.062,-.027,.0973,-.0629,.0335,-.039,.0388,-.0791,.05,-.00278,.0634,-.0321,.0438,-.0376,.0735,-.0605,.032,-.0286,.0396,.0093,.0575,-.0131,.0672,-.0262,.0546,-.0311,0
2020,2,29,37,m,.123,.0181,.039,-.0232,-.0558,-.026,-.0367,-.0582,.101,.0131,.0467,.0256,.0865,.00955,.00795,-.0968,.189,-.0421,.298,.176,-.0878,-.0468,-.0214,-.0692,-.0596,-.0871,-.162,-.045,-.248,-.142,-.0235,-.0503,.091,.0555,.0598,-.0071,0
2020,2,29,38,m,.0926,.0302,.0162,-.0638,.0871,-.0491,.0668,-.0445,.104,.0219,.0688,-.0206,.114,.0153,.0585,-.0489,.0539,-.0452,.0484,-.00685,.102,-.0838,.0764,-.0129,.0345,-.108,.455,.192,.0155,-.0606,.0386,-.0621,.118,.0166,.0939,-.00962,0
2020,2,29,39,m,-.0621,-.102,.0319,-.0323,.12,.0468,.058,-.051,.0277,-.0527,.0599,-.0307,.0991,-.0154,.0609,-.0455,.0661,-.0701,.153,.0114,.0271,-.151,.0427,-.0459,.0859,-.0641,.0117,.00682,-.0749,-.0996,.0262,-.064,.0466,-.0341,.0518,-.0387,0
2020,2,29,40,m,.099,.0328,.0839,.0565,.158,.0614,.0741,-.0236,.12,.0135,.0771,-.0094,.136,-.00153,.0474,-.0501,.0419,-.0381,.133,.0379,.125,-.0317,.0645,-.0405,.099,-.042,.129,.0908,.0135,-.127,.0845,.00452,.122,.0241,.0859,-.012,0
2020,2,29,41,m,.0529,-.108,.0449,-.0639,.052,.000321,.0612,-.0588,.0449,-.0937,.0935,-.0302,.039,-.0838,.0472,-.0443,.127,.000793,.0864,-.0239,.0403,-.123,.0419,-.0579,.0752,-.075,.0703,.0677,.0329,-.0506,.0512,-.0556,.0968,-.0584,.0789,-.0532,0
2020,2,29,42,m,.118,-.0103,.0732,-.0047,.0584,.0745,.0653,-.0554,.116,-.03,.0413,-.092,.115,-.0472,.0808,-.0612,.0929,-.0922,-.00366,-.184,-.00218,-.0936,.0838,-.0496,.0861,-.0594,.0477,-.0117,-.0485,-.144,.0375,-.047,.0891,-.0677,.0861,-.0654,0
2020,2,29,43,m,.0156,.0134,-.00866,-.0319,-.02,.00704,.0303,-.0527,.0396,-.0264,.0893,-.0251,.0602,-.0497,.0119,-.0748,.0607,-.0385,.228,.0627,.059,-.0567,.0166,-.0527,.0675,-.0706,.0284,-.00232,.0326,-.0514,.0201,-.0367,.0758,-.00692,.0482,-.0363,0
2020,2,29,44,m,-.0601,-.114,-.0376,-.0949,.026,-.0833,-.0218,-.0749,.041,-.0478,.0907,-.00172,.197,.0507,.0062,-.0334,.179,.14,-.0692,-.0677,.149,.0233,-.00811,-.0286,-.0777,-.141,.343,.0574,-.0549,-.0472,.0166,-.0436,.0728,-.0138,.0418,-.0229,0
2020,2,29,45,m,.0449,.0688,-.0129,.0458,-.0491,.127,.046,.0131,.0651,.0614,.107,.0467,.0759,.0569,.0977,.0147,.107,.00244,.141,-.0275,.262,.0918,.0962,.0373,.00124,-.0299,-.0923,-.00143,-.344,-.226,-.0206,.00677,.0761,.048,.0861,.0334,0
2020,2,29,46,m,.0534,-.0502,.043,.0346,.0469,.236,.0421,-.0691,.0312,-.0688,.104,-.072,.0171,-.0805,.0944,-.0498,.11,-.0524,.209,-.12,-.00364,-.151,.0402,-.106,.000764,-.123,.0313,-.12,.155,.0129,.0686,.0000355,.0591,-.102,.0722,-.0825,0
2020,2,29,47,m,.148,.0382,.0652,-.00245,.211,.125,.0755,-.024,.139,.0064,.032,-.0247,.135,-.00987,.0378,-.0396,.0272,-.0289,-.0238,.0073,.136,-.0732,.077,-.0121,.114,-.0413,.241,.18,-.0863,-.137,.061,-.029,.0645,-.00541,.0549,-.0175,0
2020,2,29,48,m,.0312,.00416,.0526,.0257,.113,.052,.0579,-.00267,.0697,-.00225,.0933,.0322,.0833,-.00421,.0361,-.0169,-.0153,-.0345,.0524,.0561,.0335,-.0936,.0455,-.0122,.0668,-.00543,-.052,.0519,-.0538,-.147,.0312,-.0277,.0605,.00389,.0495,-.00546,0
2020,2,29,49,m,-.0149,-.0206,.0126,-.0239,-.0535,.321,.0491,-.0337,.0477,-.0159,.02,-.0417,.0858,-.0132,.0588,-.0219,.0221,-.0366,-.0458,-.0165,.0298,-.0491,.0521,-.0366,.102,-.0674,.00561,-.0825,-.0664,-.143,-.00291,-.0212,.0225,-.0294,.0345,-.0268,0
2020,2,29,50,m,.0201,.00199,.0488,-.00742,.195,.175,.0364,-.0635,.0509,-.0335,.0727,-.000463,.0704,-.0539,.0207,-.0515,.0823,-.0636,.095,.109,.06,-.11,.0498,-.0434,.0238,-.121,.095,.0185,-.157,-.157,.0171,-.0494,.0646,-.0171,.0493,-.0291,0
2020,2,29,51,m,.0459,-.00106,.0417,-.0432,.169,.00243,.0718,-.0563,.117,.0146,.0663,-.0565,.172,.0257,.0595,-.0584,.0827,-.0266,.299,.147,.11,-.11,.0784,-.0367,.0301,-.0872,-.172,.0173,.0744,-.0666,.0775,-.0512,.122,.0192,.0969,-.0119,0
2020,2,29,52,m,.00154,-.0538,-.0278,-.0559,.111,.0388,.0167,-.0491,.0389,-.0467,-.07,-.0777,.0586,-.0431,.0853,.00308,.0234,-.0431,-.233,-.198,.0324,-.107,.0352,-.0458,.0296,-.049,.0875,-.0122,.186,.0294,.0396,-.0399,-.049,-.0762,.00354,-.0445,0
2020,2,29,53,m,.0102,-.0605,.00515,.0098,-.0272,.0769,.0377,-.0173,.0305,-.0286,.0674,.0174,.0427,-.00818,.0575,-.0135,-.0229,-.0802,.246,.0658,.114,-.00913,.0418,-.0184,.0624,-.0323,-.0516,.0173,-.0863,-.0814,.00236,-.0136,.0435,-.000711,.0502,-.0069,0
2020,3,31,1,m,-.465,-.438,-.444,-.412,-.424,-.404,-.187,-.199,-.276,-.266,-.124,-.142,-.112,-.126,.352,.329,-.237,-.297,-.104,.0108,-.295,-.363,-.0535,-.0481,-.0994,-.151,-.15,-.207,-.503,-.471,-.412,-.402,-.206,-.211,-.0318,-.0411,0
2020,3,31,2,m,-.445,-.371,-.436,-.384,-.469,-.505,-.146,-.16,-.29,-.235,-.0775,-.102,-.0775,-.073,.431,.315,-.165,-.269,-.115,-.0585,-.235,-.289,.0423,.024,-.045,-.1,-.118,-.114,-.45,-.441,-.401,-.39,-.225,-.196,.034,.0198,0
2020,3,31,3,m,-.435,-.353,-.448,-.397,-.427,-.415,-.173,-.183,-.242,-.191,-.0919,-.0745,-.0643,-.0636,.339,.215,-.248,-.287,.0643,.154,-.342,-.327,-.0163,-.0287,-.147,-.176,-.119,-.0575,-.425,-.455,-.403,-.388,-.156,-.109,.0502,.0369,0
2020,3,31,4,m,-.426,-.388,-.362,-.325,-.345,-.329,-.116,-.17,-.203,-.194,-.0438,-.0631,.0013,-.034,.343,.252,-.212,-.321,.119,.332,-.217,-.281,.00733,-.00432,-.0228,-.216,.00783,-.0639,-.481,-.462,-.337,-.341,-.117,-.123,.0637,.0304,0
2020,3,31,5,m,-.347,-.28,-.344,-.303,-.326,-.257,-.0817,-.118,-.114,-.111,-.0385,-.0636,.026,-.0248,.351,.263,-.143,-.269,-.00649,.127,-.196,-.283,.063,.0307,-.0186,-.0982,.154,.0782,-.447,-.399,-.305,-.304,-.0488,-.0664,.0909,.0525,0
2020,3,31,6,m,-.432,-.42,-.419,-.41,-.399,-.414,-.162,-.208,-.231,-.244,-.132,-.156,-.108,-.145,.337,.239,-.223,-.316,-.0977,.0162,-.263,-.365,-.0369,-.0742,-.0599,-.16,-.176,-.22,-.472,-.46,-.381,-.4,-.184,-.2,-.0294,-.0644,0
2020,3,31,7,m,-.455,-.407,-.408,-.345,-.369,-.361,-.139,-.187,-.221,-.21,-.0287,-.0562,.00571,-.0412,.289,.216,-.272,-.356,.0889,.312,-.215,-.298,-.0421,-.0453,-.0197,-.194,-.0161,.0579,-.44,-.411,-.365,-.353,-.136,-.119,.019,.00838,0
2020,3,31,8,m,-.47,-.436,-.386,-.379,-.277,-.214,-.136,-.178,-.166,-.181,-.124,-.118,.0444,-.0267,.433,.349,-.177,-.282,.032,.237,-.255,-.361,.0529,.0225,-.117,-.211,.111,.0419,-.48,-.483,-.342,-.363,-.131,-.134,.0433,.0212,0
2020,3,31,9,m,-.517,-.472,-.494,-.462,-.406,-.406,-.196,-.212,-.279,-.271,-.155,-.144,-.0825,-.123,.257,.226,-.16,-.251,.198,.307,-.4,-.441,-.0433,-.0549,-.0512,-.132,-.21,-.216,-.565,-.557,-.452,-.448,-.205,-.194,-.0463,-.0462,0
2020,3,31,10,m,-.394,-.355,-.362,-.313,-.332,-.34,-.117,-.157,-.166,-.149,-.0968,-.0797,.00465,-.00727,.301,.198,-.199,-.291,-.116,.211,-.272,-.315,-.00379,-.0114,-.0337,-.192,-.172,-.0865,-.42,-.395,-.327,-.325,-.13,-.0949,.032,.0246,0
2020,3,31,11,m,-.336,-.302,-.356,-.3,-.499,-.41,-.109,-.104,-.284,-.258,-.0314,-.0151,.0296,-.0141,.42,.255,-.242,-.332,.274,.437,-.246,-.288,-.0622,-.0766,-.0248,-.194,.0114,-.0307,-.541,-.478,-.367,-.34,-.193,-.163,-.0204,-.0324,0
2020,3,31,12,m,-.429,-.46,-.471,-.485,-.5,-.497,-.16,-.235,-.219,-.278,-.115,-.179,-.0573,-.144,.388,.262,-.226,-.369,.0185,.0564,-.324,-.452,.00752,-.0757,-.0385,-.147,-.251,-.332,-.557,-.568,-.447,-.483,-.174,-.245,.0147,-.0745,0
2020,3,31,13,m,-.383,-.186,-.383,-.289,-.391,-.268,-.145,-.1,-.163,-.0277,-.0525,.0467,.0371,.0824,.46,.324,-.208,-.211,-.0839,.112,-.225,-.221,.0118,.0503,-.116,-.101,-.113,.189,-.562,-.486,-.359,-.291,-.0971,.0434,.0689,.141,0
2020,3,31,14,m,-.482,-.207,-.433,-.325,-.42,-.301,-.147,-.0565,-.247,.0203,-.0817,-.0272,.00795,.212,.467,.445,-.295,-.324,.054,.293,-.286,-.262,.0424,.154,-.123,-.0253,-.0889,.163,-.451,-.398,-.399,-.329,-.193,.0317,.0771,.225,0
2020,3,31,15,m,-.251,-.131,-.209,-.102,-.273,-.131,-.156,-.131,-.199,-.131,-.149,-.138,-.164,-.131,-.102,-.131,-.181,-.243,-.118,-.131,-.036,-.131,-.141,-.131,-.101,-.132,-.321,-.131,-.12,-.131,-.168,-.138,-.166,-.139,-.131,-.135,0
2020,3,31,16,m,-.397,-.378,-.387,-.346,-.402,-.432,-.0913,-.142,-.212,-.233,-.0939,-.117,-.0125,-.0959,.3,.21,-.188,-.289,.0664,.355,-.196,-.312,.15,.122,-.00119,-.157,-.0526,-.0521,-.437,-.433,-.345,-.356,-.13,-.155,.0381,-.00856,0
2020,3,31,17,m,-.394,-.321,-.375,-.346,-.345,-.329,-.114,-.162,-.215,-.186,-.0673,-.0724,-.0232,-.0623,.369,.235,-.0815,-.245,.13,.462,-.232,-.301,.00407,-.0244,-.0337,-.165,-.121,-.158,-.422,-.436,-.317,-.334,-.134,-.11,.041,.0198,0
2020,3,31,19,m,-.333,-.0963,-.305,-.2,-.408,-.213,-.0556,-.0228,-.0973,.0702,-.00319,.08,.0591,.154,.274,.229,-.14,-.206,.111,.433,-.12,-.119,.0506,.0983,-.0292,-.0572,.00833,.158,-.433,-.372,-.275,-.21,-.0298,.124,.115,.179,0
2020,3,31,20,m,-.358,-.18,-.367,-.261,-.328,-.209,-.0859,-.0328,-.137,-.0329,.0403,.127,.0437,.0582,.365,.33,-.133,-.255,.049,.632,-.153,-.11,.0324,.0989,-.0665,-.0835,.199,.268,-.445,-.327,-.313,-.239,-.0694,.0802,.115,.198,0
2020,3,31,21,m,-.509,-.499,-.498,-.465,-.485,-.406,-.199,-.227,-.321,-.346,-.096,-.194,-.0801,-.168,.425,.308,-.325,-.348,.0971,-.0783,-.32,-.389,-.00786,-.0583,-.0381,-.111,-.258,-.344,-.508,-.507,-.464,-.448,-.218,-.293,-.00432,-.0957,0
2020,3,31,22,m,-.495,-.43,-.412,-.353,-.477,-.235,-.165,-.185,-.212,-.186,-.0861,-.0635,.00177,-.0235,.315,.221,-.0043,-.157,-.242,.0207,-.223,-.321,-.061,-.0488,-.0677,-.263,.295,.211,-.528,-.419,-.379,-.328,-.145,-.106,.00187,.00607,0
2020,3,31,23,m,-.299,-.234,-.257,-.247,-.177,-.278,-.0368,-.135,-.104,-.101,-.0471,-.032,.0518,-.0104,.532,.32,-.15,-.279,.292,.324,-.169,-.223,.115,.0321,-.0341,-.114,-.131,.0317,-.479,-.438,-.281,-.291,-.0487,-.0306,.156,.106,0
2020,3,31,24,m,-.384,-.353,-.444,-.386,-.461,-.367,-.154,-.189,-.218,-.22,-.1,-.128,-.0318,-.0881,.35,.255,-.177,-.289,.248,.345,-.269,-.296,.0049,-.0461,-.0526,-.144,-.238,-.164,-.497,-.487,-.4,-.377,-.153,-.168,.0437,.00416,0
2020,3,31,25,m,-.507,-.456,-.461,-.427,-.386,-.467,-.207,-.212,-.254,-.26,-.224,-.028,.145,-.00475,.466,.267,-.194,-.372,.108,.674,-.307,-.38,.0162,-.0436,.0375,-.0959,.0723,.127,-.526,-.511,-.438,-.441,-.311,-.144,-.0259,.0448,0
2020,3,31,26,m,-.173,-.0807,-.309,-.224,-.41,-.259,-.036,-.0234,-.0405,.00252,.0285,.119,.0269,.0387,.315,.242,-.0734,-.127,.226,.545,-.162,-.177,.0563,.0612,.0486,.00765,-.269,-.117,-.396,-.378,-.272,-.218,.0215,.125,.162,.185,0
2020,3,31,27,m,-.438,-.383,-.473,-.428,-.652,-.506,-.179,-.191,-.194,-.16,-.109,-.123,.0353,.0281,.322,.253,-.138,-.233,.629,.65,-.333,-.327,-.0212,-.00919,.0333,-.06,.0418,.24,-.46,-.562,-.412,-.412,-.0892,-.058,.0709,.0698,0
2020,3,31,28,m,-.38,-.342,-.397,-.352,-.376,-.319,-.15,-.183,-.192,-.197,-.0563,-.105,.00981,-.0604,.405,.3,-.288,-.296,.278,.285,-.349,-.39,.0505,.00463,-.0866,-.18,-.123,-.162,-.455,-.493,-.384,-.375,-.137,-.149,.0751,.0337,0
2020,3,31,29,m,-.475,-.411,-.545,-.476,-.429,-.409,-.255,-.226,-.315,-.267,-.0427,-.0268,-.112,-.107,.37,.306,-.194,-.306,-.124,.17,-.381,-.359,-.0257,-.000448,-.138,-.127,-.345,-.285,-.628,-.586,-.514,-.47,-.197,-.157,.0235,.0341,0
2020,3,31,30,m,-.354,-.357,-.409,-.34,-.334,-.343,-.153,-.181,-.179,-.222,.209,.116,.0157,-.0893,.289,.22,-.0906,-.233,.131,.543,-.146,-.225,.00467,-.037,-.069,-.185,.196,.0774,-.64,-.607,-.41,-.385,.0723,.0156,.161,.0988,0
2020,3,31,31,m,-.434,-.333,-.447,-.344,-.336,-.308,-.169,-.162,-.242,-.169,-.0913,-.0829,-.0203,-.00638,.299,.195,-.303,-.342,.0574,.019,-.265,-.276,-.0183,-.00948,-.0501,-.114,-.226,.0424,-.549,-.568,-.399,-.351,-.187,-.132,.0617,.0468,0
2020,3,31,32,m,-.383,-.339,-.43,-.347,-.436,-.433,-.128,-.158,-.0663,-.0925,-.0503,-.0509,.0865,.00736,.607,.311,-.198,-.305,.044,.243,-.116,-.279,.121,.0368,-.153,-.199,-.0352,.0795,-.546,-.501,-.368,-.36,-.0509,-.0526,.152,.0706,0
2020,3,31,33,m,-.356,-.307,-.372,-.336,-.32,-.265,-.102,-.136,-.0903,-.126,-.147,-.111,.0608,-.0416,.321,.246,-.159,-.247,-.251,.0238,-.221,-.308,.0517,.0219,-.0128,-.119,-.0332,-.0506,-.497,-.468,-.329,-.331,-.142,-.114,.0263,.0235,0
2020,3,31,34,m,-.359,-.386,-.402,-.414,-.379,-.367,-.0649,-.136,-.0744,-.123,-.116,-.113,.0792,.0168,.436,.376,-.144,-.307,-.0944,.176,-.287,-.36,.129,.0556,.0613,-.108,-.149,-.191,-.477,-.504,-.362,-.4,-.12,-.126,.0507,.0323,0
2020,3,31,35,m,-.377,-.377,-.378,-.372,-.395,-.407,-.123,-.175,-.156,-.187,-.0688,-.101,-.0189,-.078,.312,.22,-.312,-.345,.19,.376,-.189,-.316,.0156,-.0364,-.0253,-.148,-.166,-.195,-.466,-.471,-.361,-.382,-.0918,-.127,.0356,-.0146,0
2020,3,31,36,m,-.39,-.339,-.366,-.319,-.285,-.345,-.0948,-.141,-.206,-.207,-.0509,-.0798,-.0147,-.0893,.394,.246,-.219,-.305,.0898,.275,-.13,-.204,.00462,-.034,.0181,-.0962,-.125,-.176,-.394,-.364,-.303,-.305,-.124,-.126,.0566,.0149,0
2020,3,31,37,m,-.419,-.385,-.372,-.331,-.56,-.45,-.154,-.13,-.156,-.124,-.0133,.0303,.0399,.0654,.258,.118,-.196,-.348,.399,.44,-.159,-.0985,-.0411,-.0363,-.13,-.168,-.178,-.0697,-.533,-.445,-.364,-.326,-.0451,.0078,.0702,.053,0
2020,3,31,38,m,-.461,-.424,-.472,-.462,-.49,-.503,-.177,-.216,-.259,-.244,-.117,-.166,-.0844,-.0989,.341,.271,-.226,-.321,.0336,.0354,-.27,-.354,.00889,-.0111,-.148,-.218,-.0795,-.162,-.547,-.522,-.439,-.446,-.188,-.206,.0195,-.0148,0
2020,3,31,39,m,-.416,-.349,-.394,-.363,-.321,-.321,-.0857,-.149,-.205,-.192,-.00232,-.055,-.0184,-.074,.338,.228,-.131,-.246,.263,.402,-.188,-.323,.0142,-.00804,.0401,-.119,.191,.0178,-.443,-.467,-.321,-.35,-.0849,-.102,.0765,.0303,0
2020,3,31,40,m,-.36,-.271,-.396,-.283,-.195,-.236,-.111,-.107,-.155,-.105,-.056,-.0203,.0265,.0249,.255,.168,-.162,-.172,.107,.341,-.246,-.265,-.00894,-.012,-.0343,-.0896,-.0323,.0709,-.478,-.54,-.335,-.298,-.0828,-.0258,.0716,.0685,0
2020,3,31,41,m,-.413,-.439,-.448,-.459,-.49,-.48,-.143,-.211,-.224,-.272,-.0841,-.162,-.0877,-.155,.334,.246,-.165,-.24,.0747,.0448,-.282,-.39,.00952,-.0545,-.00592,-.138,-.171,-.271,-.515,-.51,-.416,-.437,-.137,-.218,.0417,-.046,0
2020,3,31,42,m,-.399,-.321,-.401,-.36,-.464,-.464,-.139,-.182,-.185,-.162,-.0851,-.0889,.0396,-.0227,.401,.25,-.175,-.271,-.0171,.0382,-.35,-.349,.00826,-.0257,-.0388,-.154,-.167,-.0756,-.493,-.547,-.396,-.4,-.116,-.106,.0554,.0214,0
2020,3,31,43,m,-.415,-.363,-.403,-.333,-.321,-.245,-.0731,-.118,-.151,-.135,-.00429,-.0487,.0263,-.00184,.312,.24,-.0853,-.25,.262,.28,-.118,-.199,.0334,.0172,.033,-.107,-.13,-.0565,-.263,-.263,-.285,-.277,-.0536,-.071,.101,.0634,0
2020,3,31,44,m,-.339,-.35,-.455,-.429,-.508,-.298,-.163,-.163,-.212,-.252,.0316,-.0169,-.00898,-.106,.264,.23,-.221,-.278,-.207,-.0828,-.283,-.286,-.0839,-.00574,-.132,-.138,.131,.281,-.354,-.364,-.396,-.369,-.0757,-.107,.0834,.0501,0
2020,3,31,45,m,-.423,-.257,-.29,-.23,-.423,-.281,-.0423,-.0634,-.181,-.0343,-.0215,.0613,-.0197,.0998,.385,.23,.18,-.14,.403,.503,-.0942,-.103,.0543,.051,.0287,-.114,-.11,.112,-.616,-.563,-.279,-.257,-.0655,.0558,.109,.132,0
2020,3,31,46,m,-.403,-.387,-.495,-.423,-.331,-.237,-.111,-.186,-.11,-.125,.0167,-.0555,.0938,.0386,.487,.322,-.365,-.383,.21,.0829,-.226,-.27,.104,-.0523,-.0389,-.195,.0342,.0433,-.543,-.519,-.423,-.388,-.0142,-.0658,.17,.0814,0
2020,3,31,47,m,-.293,-.283,-.35,-.33,-.333,-.335,-.083,-.129,-.108,-.135,-.078,-.0946,-.0064,-.059,.337,.264,-.179,-.284,-.0256,.119,-.0489,-.244,.0362,.00589,.0357,-.094,-.126,-.101,-.565,-.518,-.32,-.339,-.101,-.115,.0497,.0194,0
2020,3,31,48,m,-.387,-.342,-.377,-.284,-.454,-.342,-.0894,-.0759,-.0332,-.0394,.0276,.0185,.0891,.0534,.291,.279,-.109,-.22,.166,.265,-.274,-.296,.0415,.0503,-.127,-.128,-.252,-.038,-.481,-.459,-.373,-.322,-.0156,-.0229,.122,.113,0
2020,3,31,49,m,-.29,-.233,-.343,-.308,-.389,-.239,-.0744,-.131,-.104,-.131,-.0718,-.0712,.0202,-.0727,.336,.226,-.134,-.223,.0612,.291,-.162,-.231,.0732,-.00221,.0434,-.117,-.135,-.0543,-.392,-.455,-.299,-.305,-.0806,-.0789,.0538,.026,0
2020,3,31,50,m,-.366,-.321,-.34,-.327,-.378,-.366,-.0889,-.154,-.102,-.117,-.007,-.0563,.072,.00103,.412,.281,-.0361,-.17,.222,.263,-.228,-.33,.0718,.00543,-.0937,-.185,.0142,.0329,-.532,-.523,-.343,-.36,-.0326,-.0681,.115,.0533,0
2020,3,31,51,m,-.424,-.361,-.391,-.354,-.459,-.345,-.0917,-.137,-.183,-.131,-.0149,-.0506,-.00119,.0316,.335,.204,-.116,-.232,.441,.798,-.0622,-.261,.0282,-.00192,.0151,-.114,-.248,-.0586,-.429,-.513,-.313,-.344,-.0503,-.0127,.0897,.0742,0
2020,3,31,52,m,-.292,-.274,-.403,-.338,-.341,-.305,-.0916,-.132,-.0259,-.0739,-.123,-.112,.124,.0266,.33,.231,-.194,-.264,-.163,-.0354,-.181,-.269,.0528,.00891,.03,-.0858,.0459,-.0223,-.425,-.422,-.333,-.325,-.104,-.099,.0617,.033,0
2020,3,31,53,m,-.367,-.244,-.3,-.194,-.401,-.239,-.0549,-.0279,-.107,-.0238,-.014,.111,.0905,.117,.295,.221,-.212,-.253,.192,.616,-.121,-.136,.0352,.0593,.0156,-.0221,-.121,-.0204,-.365,-.352,-.279,-.217,-.0484,.0961,.1,.157,0
2020,4,30,1,m,-.639,-.606,-.728,-.709,-.797,-.783,-.375,-.36,-.486,-.454,-.17,-.192,-.356,-.332,.103,.108,-.584,-.594,-.108,.0885,-.593,-.596,-.281,-.244,-.192,-.179,-.337,-.353,-.802,-.792,-.715,-.703,-.351,-.329,-.211,-.192,0
2020,4,30,2,m,-.635,-.548,-.715,-.7,-.794,-.793,-.341,-.332,-.492,-.411,-.128,-.145,-.289,-.247,.313,.243,-.568,-.592,-.17,-.0269,-.493,-.491,-.153,-.117,-.146,-.165,-.374,-.355,-.803,-.793,-.711,-.701,-.386,-.331,-.113,-.0881,0
2020,4,30,3,m,-.641,-.568,-.688,-.679,-.798,-.81,-.31,-.315,-.425,-.364,-.0881,-.0536,-.224,-.204,.231,.14,-.629,-.639,.137,.482,-.58,-.558,-.173,-.155,-.167,-.18,-.256,-.244,-.813,-.832,-.696,-.7,-.262,-.185,-.059,-.0383,0
2020,4,30,4,m,-.643,-.615,-.615,-.62,-.68,-.7,-.31,-.339,-.447,-.436,-.0944,-.114,-.269,-.289,.0924,.0367,-.565,-.603,.142,.462,-.518,-.546,-.236,-.224,-.143,-.262,-.281,-.291,-.802,-.782,-.633,-.639,-.278,-.268,-.133,-.143,0
2020,4,30,5,m,-.527,-.478,-.612,-.604,-.655,-.643,-.252,-.252,-.312,-.292,-.0389,-.0741,-.188,-.196,.121,.0833,-.493,-.511,.0969,.306,-.462,-.478,-.154,-.141,-.135,-.128,-.0217,-.112,-.702,-.675,-.585,-.579,-.144,-.15,-.0499,-.0656,0
2020,4,30,6,m,-.59,-.567,-.705,-.703,-.774,-.763,-.346,-.357,-.413,-.408,-.126,-.16,-.304,-.318,.146,.0785,-.555,-.583,-.122,.0612,-.559,-.582,-.251,-.247,-.193,-.205,-.253,-.302,-.779,-.783,-.686,-.69,-.272,-.276,-.148,-.167,0
2020,4,30,7,m,-.656,-.611,-.659,-.652,-.751,-.758,-.317,-.347,-.459,-.434,-.0912,-.105,-.266,-.283,.0641,.00795,-.539,-.588,.0999,.531,-.508,-.533,-.266,-.241,-.106,-.24,-.303,-.227,-.768,-.754,-.65,-.652,-.298,-.261,-.168,-.159,0
2020,4,30,8,m,-.644,-.603,-.692,-.674,-.741,-.704,-.332,-.349,-.39,-.378,-.168,-.158,-.212,-.241,.318,.135,-.561,-.591,.122,.489,-.538,-.54,-.145,-.182,-.259,-.303,-.276,-.308,-.756,-.751,-.667,-.657,-.274,-.249,-.106,-.126,0
2020,4,30,9,m,-.615,-.57,-.749,-.73,-.737,-.732,-.373,-.365,-.46,-.435,-.184,-.176,-.335,-.337,.146,.126,-.493,-.527,.116,.471,-.639,-.637,-.221,-.213,-.207,-.199,-.287,-.317,-.842,-.836,-.724,-.715,-.31,-.279,-.156,-.136,0
2020,4,30,10,m,-.593,-.57,-.603,-.593,-.703,-.692,-.267,-.289,-.376,-.363,-.0728,-.0803,-.216,-.22,.0866,.0439,-.51,-.556,.0286,.572,-.553,-.563,-.2,-.177,-.113,-.211,-.243,-.245,-.724,-.715,-.608,-.61,-.191,-.163,-.083,-.0784,0
2020,4,30,11,m,-.613,-.58,-.589,-.581,-.756,-.745,-.202,-.196,-.553,-.524,-.0525,-.0363,-.182,-.215,.192,.0811,-.631,-.633,.35,.585,-.516,-.529,-.312,-.299,-.171,-.238,-.263,-.262,-.768,-.718,-.631,-.616,-.377,-.346,-.216,-.213,0
2020,4,30,12,m,-.65,-.645,-.756,-.751,-.806,-.791,-.373,-.392,-.463,-.472,-.195,-.242,-.318,-.345,.249,.155,-.582,-.639,-.116,.0878,-.616,-.645,-.231,-.25,-.168,-.186,-.345,-.425,-.831,-.828,-.739,-.742,-.348,-.372,-.153,-.195,0
2020,4,30,13,m,-.514,-.344,-.66,-.624,-.66,-.64,-.246,-.227,-.28,-.146,-.0819,.0446,-.0697,-.00845,.289,.246,-.608,-.622,-.0867,.431,-.509,-.507,-.122,-.0544,-.0867,-.105,-.343,-.161,-.824,-.812,-.647,-.627,-.189,.013,-.048,.0945,0
2020,4,30,14,m,-.585,-.46,-.542,-.558,-.488,-.483,-.0667,-.13,-.225,-.0925,.199,.0601,.15,.217,.711,.394,-.588,-.629,.319,.883,-.35,-.425,.109,.0639,.186,.0874,-.0892,-.0457,-.719,-.735,-.552,-.578,-.0723,.038,.239,.204,0
2020,4,30,15,m,-.391,-.255,-.286,-.232,-.326,-.257,-.294,-.257,-.373,-.256,-.186,-.0628,-.362,-.257,-.184,-.218,-.275,-.353,-.131,.461,-.235,-.257,-.264,-.228,-.105,-.0834,-.304,-.257,-.243,-.257,-.272,-.262,-.267,-.0749,-.224,-.152,0
2020,4,30,16,m,-.52,-.522,-.616,-.626,-.727,-.733,-.254,-.293,-.375,-.395,-.0986,-.126,-.228,-.274,.133,.0294,-.538,-.569,.0637,.414,-.452,-.513,-.0344,-.0607,-.094,-.193,-.266,-.25,-.754,-.741,-.618,-.63,-.215,-.227,-.0823,-.124,0
2020,4,30,17,m,-.604,-.511,-.673,-.656,-.555,-.46,-.316,-.309,-.439,-.371,-.143,-.111,-.255,-.243,.167,.079,-.572,-.604,-.00638,.592,-.538,-.53,-.22,-.195,-.153,-.184,-.361,-.371,-.704,-.709,-.627,-.616,-.292,-.211,-.138,-.101,0
2020,4,30,19,m,-.493,-.413,-.486,-.473,-.753,-.734,-.0624,-.0753,-.166,-.103,.192,.164,.0227,.0526,.274,.193,-.44,-.481,.454,.86,-.292,-.315,-.000908,.00821,.0779,.05,-.029,-.00952,-.662,-.647,-.492,-.49,.0545,.107,.163,.152,0
2020,4,30,20,m,-.543,-.458,-.575,-.544,-.682,-.672,-.139,-.126,-.244,-.207,.109,.17,-.00733,-.0521,.383,.273,-.434,-.519,.189,1.38,-.333,-.28,-.0484,-.0219,.00949,-.0145,-.257,-.17,-.771,-.738,-.551,-.53,-.0824,.0224,.113,.141,0
2020,4,30,21,m,-.641,-.63,-.734,-.711,-.774,-.772,-.4,-.401,-.503,-.508,-.183,-.254,-.333,-.367,.281,.202,-.615,-.617,-.13,-.0938,-.62,-.635,-.2,-.222,-.21,-.182,-.367,-.436,-.84,-.837,-.738,-.729,-.375,-.409,-.161,-.208,0
2020,4,30,22,m,-.694,-.653,-.731,-.715,-.831,-.803,-.34,-.357,-.445,-.42,-.107,-.0761,-.258,-.265,.0251,.00958,-.397,-.435,-.2,.185,-.397,-.428,-.28,-.255,-.228,-.342,.0304,-.0921,-.779,-.77,-.666,-.656,-.252,-.222,-.16,-.143,0
2020,4,30,23,m,-.463,-.299,-.528,-.495,-.738,-.758,-.0934,-.154,-.252,-.16,.00059,.049,-.0629,-.0667,.262,.165,-.414,-.481,.019,.684,-.402,-.422,-.0622,-.0597,-.115,-.123,-.0438,-.0148,-.619,-.604,-.532,-.525,-.118,-.0164,.0145,.0543,0
2020,4,30,24,m,-.518,-.485,-.726,-.719,-.753,-.714,-.325,-.33,-.349,-.347,-.134,-.132,-.156,-.21,.203,.197,-.599,-.604,.148,.651,-.534,-.558,-.145,-.153,-.21,-.207,-.194,-.235,-.791,-.804,-.696,-.695,-.222,-.206,-.052,-.042,0
2020,4,30,25,m,-.656,-.536,-.748,-.736,-.701,-.702,-.4,-.364,-.427,-.324,-.259,-.0954,-.0419,-.0493,.407,.212,-.531,-.606,.175,.567,-.602,-.602,-.132,-.137,-.194,-.0965,-.206,-.267,-.838,-.828,-.736,-.73,-.383,-.221,-.0967,-.0221,0
2020,4,30,26,m,-.517,-.428,-.495,-.465,-.657,-.641,-.136,-.103,-.233,-.166,.119,.353,-.0878,-.0523,.222,.147,-.401,-.465,.428,1.44,-.409,-.388,-.11,-.0516,.0505,.049,-.255,-.249,-.65,-.65,-.493,-.481,-.00579,.244,.0968,.194,0
2020,4,30,27,m,-.648,-.561,-.685,-.671,-.782,-.626,-.337,-.334,-.427,-.331,-.137,-.119,-.214,-.136,.147,.0971,-.49,-.601,.526,1.18,-.498,-.458,-.183,-.161,-.107,-.178,-.234,-.0218,-.797,-.808,-.653,-.644,-.208,-.106,-.0762,-.0226,0
2020,4,30,28,m,-.511,-.46,-.682,-.687,-.766,-.732,-.328,-.337,-.385,-.365,-.088,-.112,-.249,-.277,.209,.0928,-.526,-.559,.204,.73,-.532,-.556,-.156,-.172,-.194,-.187,-.112,-.268,-.786,-.803,-.669,-.677,-.245,-.219,-.0742,-.092,0
2020,4,30,29,m,-.668,-.53,-.8,-.756,-.798,-.761,-.493,-.4,-.559,-.391,-.221,-.0765,-.429,-.236,.101,.211,-.579,-.589,-.276,.496,-.653,-.573,-.305,-.136,-.312,-.19,-.351,-.419,-.887,-.87,-.786,-.749,-.409,-.23,-.219,-.0479,0
2020,4,30,30,m,-.583,-.508,-.743,-.699,-.711,-.699,-.425,-.39,-.436,-.399,-.112,-.0456,-.252,-.292,-.00721,-.0317,-.489,-.52,-.148,.639,-.595,-.569,-.292,-.244,-.22,-.219,-.337,-.144,-.896,-.881,-.742,-.712,-.264,-.192,-.169,-.127,0
2020,4,30,31,m,-.57,-.489,-.663,-.63,-.756,-.758,-.312,-.291,-.394,-.318,-.0304,.0121,-.199,-.149,.103,.0812,-.46,-.463,.234,.613,-.495,-.505,-.208,-.161,-.136,-.137,-.489,-.251,-.768,-.809,-.627,-.62,-.213,-.0875,-.0526,.00469,0
2020,4,30,32,m,-.513,-.462,-.689,-.666,-.818,-.82,-.303,-.297,-.271,-.263,-.178,-.0781,-.157,-.182,.444,.0748,-.656,-.674,.0854,.723,-.556,-.595,-.079,-.154,-.232,-.199,-.429,-.336,-.773,-.752,-.688,-.683,-.23,-.142,-.0443,-.0684,0
2020,4,30,33,m,-.466,-.463,-.634,-.65,-.629,-.652,-.222,-.264,-.246,-.306,-.122,-.135,-.127,-.233,.166,.0756,-.475,-.548,-.195,.0847,-.405,-.501,-.102,-.145,-.0833,-.135,-.112,-.229,-.726,-.706,-.587,-.614,-.202,-.207,-.0675,-.0995,0
2020,4,30,34,m,-.596,-.545,-.692,-.673,-.773,-.722,-.27,-.259,-.33,-.298,-.0526,-.076,-.169,-.168,.158,.197,-.527,-.583,.12,.571,-.549,-.545,-.169,-.122,-.0763,-.0979,-.136,-.179,-.707,-.736,-.659,-.654,-.194,-.156,-.0835,-.0448,0
2020,4,30,35,m,-.565,-.544,-.677,-.665,-.753,-.748,-.306,-.309,-.363,-.35,-.0804,-.103,-.241,-.238,.126,.0798,-.631,-.637,.14,.579,-.518,-.54,-.185,-.177,-.175,-.186,-.267,-.273,-.762,-.765,-.67,-.669,-.213,-.202,-.107,-.111,0
2020,4,30,36,m,-.595,-.528,-.667,-.64,-.731,-.731,-.292,-.3,-.401,-.363,-.0819,-.106,-.195,-.217,.201,.102,-.566,-.578,.191,.616,-.474,-.472,-.187,-.185,-.111,-.141,-.396,-.398,-.77,-.756,-.639,-.625,-.252,-.215,-.0961,-.095,0
2020,4,30,37,m,-.58,-.492,-.615,-.601,-.752,-.746,-.312,-.243,-.354,-.274,-.111,.0736,-.172,-.116,.103,.0126,-.481,-.513,.126,.982,-.561,-.487,-.236,-.168,-.259,-.226,-.262,-.288,-.813,-.785,-.637,-.616,-.191,.013,-.0867,.0128,0
2020,4,30,38,m,-.744,-.706,-.772,-.78,-.784,-.807,-.395,-.417,-.537,-.505,-.188,-.232,-.348,-.343,.106,.0527,-.677,-.691,-.0975,.00594,-.569,-.6,-.265,-.254,-.277,-.321,-.188,-.373,-.824,-.812,-.747,-.753,-.383,-.378,-.195,-.205,0
2020,4,30,39,m,-.556,-.472,-.71,-.677,-.709,-.673,-.289,-.295,-.381,-.339,-.0758,-.0733,-.222,-.238,.162,.0834,-.516,-.571,.219,.713,-.521,-.563,-.183,-.17,-.101,-.13,-.246,-.258,-.731,-.741,-.653,-.649,-.214,-.166,-.0767,-.0659,0
2020,4,30,40,m,-.519,-.426,-.55,-.524,-.554,-.573,-.233,-.197,-.345,-.255,-.0321,.11,-.197,-.122,.157,.109,-.362,-.381,.19,1.26,-.504,-.465,-.16,-.108,-.128,-.103,-.232,-.183,-.72,-.768,-.537,-.535,-.146,.0139,-.0131,.06,0
2020,4,30,41,m,-.644,-.633,-.738,-.734,-.792,-.77,-.348,-.365,-.431,-.448,-.121,-.192,-.266,-.32,.177,.122,-.545,-.569,.0303,.2,-.606,-.632,-.203,-.217,-.181,-.194,-.298,-.381,-.81,-.81,-.721,-.721,-.28,-.318,-.11,-.155,0
2020,4,30,42,m,-.559,-.507,-.683,-.695,-.736,-.745,-.307,-.326,-.363,-.335,-.0267,.124,-.167,-.184,.206,.106,-.507,-.519,.193,.796,-.608,-.608,-.187,-.188,-.196,-.209,-.221,-.133,-.755,-.811,-.669,-.693,-.13,-.00763,-.0247,.0329,0
2020,4,30,43,m,-.583,-.557,-.692,-.68,-.712,-.704,-.294,-.299,-.378,-.365,-.0655,-.0849,-.249,-.253,.131,.0555,-.586,-.609,.391,.386,-.471,-.49,-.193,-.187,-.119,-.148,-.3,-.331,-.609,-.597,-.629,-.625,-.2,-.191,-.0645,-.0843,0
2020,4,30,44,m,-.51,-.485,-.695,-.692,-.743,-.694,-.292,-.278,-.339,-.33,.149,.0202,-.0679,-.098,.254,.218,-.584,-.555,.191,.049,-.478,-.457,-.131,-.0957,-.166,-.11,.2,-.00646,-.788,-.783,-.665,-.652,.0144,-.0561,.129,.0718,0
2020,4,30,45,m,-.506,-.447,-.568,-.532,-.748,-.705,-.192,-.182,-.299,-.265,.00964,.0916,-.164,-.155,.125,.0798,-.397,-.392,.399,.885,-.391,-.365,-.0977,-.0844,-.13,-.157,-.371,-.263,-.692,-.706,-.549,-.527,-.112,-.0286,-.0143,.0187,0
2020,4,30,46,m,-.534,-.521,-.756,-.709,-.636,-.586,-.262,-.299,-.321,-.312,-.0248,-.0369,-.183,-.182,.254,.137,-.697,-.689,.155,.348,-.568,-.557,-.0662,-.187,-.106,-.181,-.247,-.105,-.713,-.737,-.694,-.671,-.169,-.16,-.0172,-.0473,0
2020,4,30,47,m,-.492,-.419,-.63,-.599,-.707,-.713,-.273,-.244,-.32,-.274,-.0765,-.0534,-.221,-.199,.0824,.0722,-.595,-.612,.000969,.449,-.468,-.5,-.194,-.139,-.132,-.135,-.145,-.0846,-.771,-.753,-.629,-.618,-.191,-.124,-.101,-.0544,0
2020,4,30,48,m,-.599,-.583,-.624,-.598,-.791,-.778,-.209,-.189,-.187,-.197,.0863,.0496,-.0502,-.0784,.244,.242,-.538,-.521,.463,.63,-.553,-.567,-.0912,-.0667,-.182,-.099,-.48,-.278,-.752,-.76,-.649,-.639,-.05,-.0545,.0826,.0793,0
2020,4,30,49,m,-.443,-.411,-.613,-.627,-.576,-.576,-.208,-.246,-.239,-.264,.000321,.00481,-.106,-.18,.203,.111,-.474,-.508,.117,.795,-.414,-.451,-.0944,-.137,-.0744,-.138,-.0905,-.202,-.666,-.711,-.565,-.591,-.0986,-.0816,-.00229,-.0153,0
2020,4,30,50,m,-.508,-.442,-.599,-.593,-.73,-.702,-.242,-.261,-.308,-.299,.0573,.0745,-.171,-.217,.297,.0338,-.385,-.415,.603,1.04,-.521,-.54,-.118,-.166,-.211,-.177,-.00333,-.00433,-.769,-.771,-.618,-.618,-.0601,-.0406,.0426,-.0147,0
2020,4,30,51,m,-.583,-.478,-.709,-.685,-.692,-.646,-.273,-.267,-.396,-.304,-.115,-.0786,-.245,-.181,.165,.0961,-.55,-.607,.322,1.17,-.454,-.504,-.161,-.13,-.16,-.109,-.508,-.366,-.737,-.75,-.649,-.649,-.204,-.0865,-.0747,-.0132,0
2020,4,30,52,m,-.409,-.375,-.645,-.63,-.671,-.64,-.279,-.272,-.231,-.234,-.17,-.142,-.133,-.163,.0845,.0164,-.533,-.547,-.0949,.175,-.524,-.533,-.155,-.15,-.11,-.112,-.154,-.203,-.713,-.698,-.621,-.611,-.187,-.16,-.0843,-.0895,0
2020,4,30,53,m,-.488,-.431,-.522,-.469,-.704,-.677,-.163,-.116,-.238,-.175,.105,.328,-.0702,-.0105,.154,.106,-.414,-.412,.372,1.47,-.388,-.336,-.114,-.0673,-.0386,-.0179,-.187,-.105,-.703,-.686,-.519,-.48,-.0232,.2,.0514,.154,0
2020,5,31,1,m,-.533,-.448,-.637,-.588,-.728,-.723,-.319,-.298,-.394,-.321,.0136,.0166,-.268,-.218,.0987,.118,-.44,-.461,.202,.455,-.542,-.537,-.23,-.16,-.153,-.187,-.00518,.0317,-.768,-.746,-.638,-.611,-.201,-.13,-.111,-.0522,0
2020,5,31,2,m,-.51,-.359,-.61,-.577,-.785,-.791,-.245,-.225,-.351,-.202,.0174,.0734,-.128,-.0139,.382,.312,-.49,-.517,.208,.745,-.444,-.417,-.0535,.0216,-.0295,-.0958,-.264,-.117,-.742,-.732,-.632,-.616,-.218,-.0726,.00544,.0899,0
2020,5,31,3,m,-.493,-.385,-.592,-.557,-.732,-.74,-.231,-.212,-.316,-.198,.11,.225,-.166,-.0525,.218,.155,-.542,-.548,.562,1.49,-.536,-.464,-.12,-.0507,-.0746,-.121,-.0899,.0998,-.759,-.771,-.619,-.603,-.0601,.132,.0513,.142,0
2020,5,31,4,m,-.339,-.244,-.426,-.372,-.614,-.635,-.188,-.197,-.207,-.134,.121,.144,-.0885,-.043,.101,.0763,-.336,-.411,.438,.821,-.354,-.324,-.118,-.0674,-.0593,-.192,.0493,.146,-.708,-.672,-.468,-.445,-.0000438,.0736,.038,.0747,0
2020,5,31,5,m,-.309,-.207,-.475,-.401,-.535,-.542,-.163,-.157,-.168,-.109,.0815,.0972,-.0865,-.0587,.12,.1,-.293,-.336,.211,.447,-.308,-.282,-.0889,-.0456,-.0334,-.0938,.0424,.0709,-.648,-.595,-.451,-.413,.0057,.0501,.0451,.0682,0
2020,5,31,6,m,-.453,-.383,-.597,-.576,-.664,-.675,-.26,-.275,-.308,-.257,.0541,.0389,-.217,-.185,.14,.0935,-.404,-.472,.278,.52,-.483,-.511,-.194,-.152,-.074,-.17,-.107,-.0694,-.701,-.703,-.583,-.587,-.118,-.0778,-.0429,-.0249,0
2020,5,31,7,m,-.378,-.257,-.502,-.438,-.598,-.602,-.22,-.219,-.262,-.164,.101,.168,-.154,-.0837,.0525,.0727,-.385,-.4,.334,.901,-.375,-.355,-.163,-.077,-.0586,-.204,-.131,.136,-.696,-.671,-.511,-.478,-.0802,.0547,-.0319,.0616,0
2020,5,31,8,m,-.451,-.385,-.544,-.497,-.626,-.607,-.244,-.245,-.226,-.193,.0174,.0668,-.0741,-.0762,.253,.0981,-.374,-.411,.409,.763,-.41,-.385,-.0972,-.0935,-.185,-.241,-.0746,.0449,-.661,-.648,-.53,-.508,-.0698,-.00588,.021,.0275,0
2020,5,31,9,m,-.513,-.416,-.665,-.63,-.68,-.678,-.302,-.288,-.362,-.29,-.0409,.0359,-.237,-.199,.139,.174,-.428,-.486,.309,.991,-.594,-.582,-.179,-.116,-.104,-.165,-.254,-.133,-.797,-.795,-.659,-.646,-.18,-.0776,-.075,.0111,0
2020,5,31,10,m,-.294,-.204,-.392,-.306,-.569,-.584,-.147,-.147,-.175,-.0952,.148,.204,-.0895,-.02,.102,.0847,-.269,-.355,.327,.971,-.352,-.327,-.0981,-.0364,-.0464,-.17,.0232,.156,-.638,-.598,-.422,-.392,.0789,.184,.0868,.143,0
2020,5,31,11,m,-.329,-.163,-.437,-.367,-.674,-.629,-.101,-.0729,-.295,-.138,.134,.226,-.0762,.00166,.181,.115,-.348,-.404,.601,.99,-.401,-.361,-.181,-.0778,-.0896,-.181,.0425,.164,-.652,-.599,-.474,-.43,-.126,.0395,-.0424,.063,0
2020,5,31,12,m,-.558,-.503,-.657,-.646,-.765,-.744,-.304,-.324,-.359,-.329,-.00736,-.023,-.192,-.202,.242,.162,-.526,-.579,.321,.602,-.603,-.622,-.174,-.161,-.0945,-.192,-.189,-.163,-.814,-.805,-.68,-.677,-.18,-.158,-.0473,-.0499,0
2020,5,31,13,m,-.166,.0519,-.494,-.426,-.495,-.468,-.0804,-.037,-.0244,.136,.248,.661,.0936,.194,.313,.343,-.531,-.551,.215,1.85,-.336,-.303,.0167,.148,.0599,-.00902,.158,.453,-.692,-.691,-.492,-.457,.179,.69,.218,.569,0
2020,5,31,14,m,-.342,-.169,-.428,-.421,-.326,-.336,.0669,.00581,-.0212,.173,.473,.317,.28,.461,.729,.463,-.485,-.544,.83,2.02,-.265,-.311,.222,.211,.305,.15,.0362,.272,-.653,-.669,-.448,-.466,.228,.428,.43,.444,0
2020,5,31,15,m,-.106,.103,.00427,.145,-.0459,.196,-.186,-.137,-.166,-.0111,.0212,.2,-.197,-.0725,-.185,-.171,.0464,-.0347,.0435,1.01,-.0746,.0261,-.152,-.0851,-.0649,-.1,.255,.35,.154,.105,.00308,.0873,-.02,.254,-.0961,.0245,0
2020,5,31,16,m,-.325,-.263,-.455,-.424,-.605,-.591,-.144,-.169,-.2,-.151,.118,.105,-.0737,-.0453,.146,.0773,-.323,-.383,.456,.825,-.343,-.362,.0485,.0766,-.0231,-.159,.0132,.142,-.715,-.688,-.483,-.469,.0222,.0609,.0685,.0675,0
2020,5,31,17,m,-.378,-.237,-.482,-.431,-.535,-.478,-.207,-.195,-.238,-.123,.0483,.115,-.0911,-.019,.159,.134,-.377,-.438,.214,.914,-.376,-.318,-.129,-.059,-.0616,-.151,-.149,-.0666,-.67,-.677,-.479,-.454,-.0763,.061,.00452,.0887,0
2020,5,31,19,m,.107,.242,-.213,-.155,-.6,-.561,.0287,.0287,.163,.263,.398,.381,.195,.274,.217,.165,-.13,-.226,.709,1.13,-.129,-.129,.0843,.118,.0908,.0484,.412,.581,-.609,-.584,-.267,-.248,.399,.479,.309,.315,0
2020,5,31,20,m,-.0413,.136,-.38,-.272,-.538,-.477,-.0223,.0235,.0699,.163,.25,.39,.157,.179,.285,.251,-.249,-.26,.155,1.64,-.183,-.0598,.0667,.152,.103,.0243,.0468,.259,-.618,-.583,-.369,-.29,.202,.408,.235,.334,0
2020,5,31,21,m,-.553,-.5,-.714,-.666,-.738,-.734,-.356,-.359,-.42,-.394,-.00499,-.0865,-.248,-.271,.289,.185,-.489,-.509,.39,.326,-.62,-.617,-.168,-.163,-.11,-.181,-.309,-.324,-.813,-.805,-.708,-.684,-.235,-.253,-.0695,-.109,0
2020,5,31,22,m,-.475,-.364,-.609,-.557,-.769,-.712,-.228,-.229,-.261,-.179,.111,.178,-.102,-.0556,.0497,.0731,-.273,-.386,.0173,.483,-.411,-.355,-.165,-.0842,-.071,-.245,.122,.201,-.737,-.708,-.586,-.548,-.0435,.0656,-.0126,.0682,0
2020,5,31,23,m,-.337,-.179,-.399,-.36,-.601,-.636,-.0581,-.135,-.122,-.000186,.315,.333,.0481,.121,.345,.254,-.433,-.466,.622,1.68,-.288,-.295,.0123,.0413,-.0289,-.0711,.293,.408,-.601,-.564,-.443,-.425,.129,.265,.205,.261,0
2020,5,31,24,m,-.377,-.269,-.632,-.6,-.709,-.672,-.281,-.272,-.247,-.164,.0157,.0681,-.1,-.0602,.11,.206,-.433,-.477,.283,1.11,-.557,-.537,-.156,-.085,-.151,-.209,-.0789,.0156,-.754,-.766,-.626,-.614,-.0793,.0194,-.00355,.0952,0
2020,5,31,25,m,-.508,-.323,-.682,-.655,-.671,-.663,-.319,-.266,-.279,-.135,.114,.287,.102,.109,.43,.253,-.658,-.633,1.43,2.18,-.52,-.403,-.0838,-.0239,-.0435,-.0465,-.0841,-.0434,-.835,-.811,-.697,-.663,-.0781,.113,.112,.177,0
2020,5,31,26,m,-.036,.0729,-.271,-.164,-.41,-.323,.00499,.0475,-.0131,.128,.419,.636,-.00522,.151,.221,.151,.0705,-.102,.762,1.78,-.122,-.0788,.00884,.0831,.0879,.0525,.26,.286,-.635,-.595,-.251,-.192,.284,.585,.257,.361,0
2020,5,31,27,m,-.389,-.298,-.519,-.466,-.528,-.315,-.226,-.204,-.225,-.0989,-.00303,.0235,-.0886,.0693,.14,.139,-.306,-.437,.56,1.28,-.448,-.367,-.142,-.0491,.0382,-.0829,-.0223,.259,-.733,-.717,-.51,-.473,.0193,.127,.0655,.132,0
2020,5,31,28,m,-.346,-.232,-.572,-.548,-.62,-.623,-.217,-.213,-.21,-.122,.151,.223,-.0674,-.0191,.235,.159,-.326,-.358,.494,1.77,-.397,-.409,-.066,-.0238,-.0947,-.16,.238,.247,-.722,-.734,-.546,-.544,.00459,.15,.0886,.154,0
2020,5,31,29,m,-.578,-.361,-.745,-.674,-.814,-.782,-.454,-.327,-.476,-.231,-.132,.102,-.353,-.0846,.131,.25,-.483,-.514,-.177,.812,-.592,-.473,-.259,-.0355,-.256,-.137,-.0431,.101,-.881,-.849,-.749,-.689,-.304,-.0416,-.148,.0786,0
2020,5,31,30,m,-.356,-.214,-.6,-.5,-.533,-.481,-.326,-.267,-.255,-.158,.182,.205,-.136,-.103,-.0435,.0479,-.273,-.365,.284,1.19,-.448,-.36,-.209,-.0923,-.198,-.211,.128,.298,-.888,-.878,-.623,-.567,.0584,.123,.0168,.0922,0
2020,5,31,31,m,-.357,-.214,-.568,-.483,-.558,-.576,-.193,-.145,-.193,-.0661,.126,.407,-.0118,.0813,.204,.144,-.443,-.429,.396,1.9,-.402,-.418,-.0919,-.0215,-.0527,-.109,-.0978,.304,-.775,-.788,-.543,-.507,.0603,.444,.129,.28,0
2020,5,31,32,m,-.31,-.242,-.567,-.52,-.673,-.688,-.194,-.189,-.108,-.0869,.248,.23,-.0136,-.0242,.605,.13,-.469,-.577,.456,1.15,-.343,-.396,.0907,-.0271,-.104,-.2,-.0207,.0631,-.683,-.677,-.544,-.55,.137,.175,.276,.16,0
2020,5,31,33,m,-.232,-.185,-.5,-.452,-.452,-.471,-.133,-.169,-.0794,-.0961,.0193,.0737,.00359,-.0549,.174,.0895,-.196,-.321,.00764,.331,-.302,-.36,-.0399,-.0464,.0203,-.121,-.0145,-.00978,-.639,-.581,-.443,-.435,-.0116,.0432,.0556,.0608,0
2020,5,31,34,m,-.41,-.354,-.577,-.539,-.684,-.642,-.159,-.16,-.16,-.119,.176,.169,-.017,.00468,.214,.244,-.374,-.435,.649,1.06,-.49,-.474,-.0638,-.00935,.0246,-.0823,.0783,.0602,-.674,-.696,-.561,-.548,.0709,.113,.115,.154,0
2020,5,31,35,m,-.421,-.375,-.586,-.534,-.667,-.664,-.223,-.219,-.228,-.178,.0959,.106,-.115,-.0643,.142,.127,-.469,-.481,.464,.924,-.483,-.492,-.114,-.0669,-.0839,-.162,-.139,-.0476,-.687,-.688,-.582,-.564,-.0335,.0272,.0201,.0594,0
2020,5,31,36,m,-.337,-.22,-.474,-.407,-.633,-.644,-.194,-.186,-.217,-.122,.0829,.122,-.102,-.0355,.185,.124,-.342,-.387,.292,.931,-.325,-.283,-.111,-.0554,-.0487,-.124,-.0929,.0213,-.731,-.686,-.486,-.445,-.0333,.0785,.0388,.0957,0
2020,5,31,37,m,-.386,-.298,-.45,-.38,-.648,-.593,-.212,-.143,-.2,-.0949,.0697,.264,-.0641,.0522,.133,.0504,-.322,-.396,.36,1.24,-.358,-.239,-.15,-.0612,-.164,-.197,-.0269,.00996,-.747,-.71,-.49,-.437,-.00592,.215,.0469,.147,0
2020,5,31,38,m,-.647,-.539,-.658,-.626,-.695,-.73,-.314,-.31,-.431,-.332,.013,.0134,-.222,-.166,.0971,.0655,-.392,-.419,.24,.346,-.48,-.476,-.203,-.151,-.213,-.235,.104,-.00614,-.753,-.734,-.628,-.613,-.178,-.113,-.0762,-.0416,0
2020,5,31,39,m,-.373,-.233,-.517,-.459,-.658,-.622,-.192,-.194,-.232,-.133,.116,.153,-.111,-.0573,.15,.129,-.339,-.415,.47,1.03,-.407,-.394,-.117,-.0584,-.0469,-.144,.165,.197,-.684,-.681,-.512,-.493,-.00768,.0989,.0488,.111,0
2020,5,31,40,m,-.255,-.11,-.443,-.361,-.455,-.487,-.162,-.0958,-.139,-.0164,.0297,.326,-.0423,.0562,.16,.13,-.217,-.249,.206,1.71,-.402,-.293,-.0982,-.0209,-.0688,-.0925,-.128,.188,-.598,-.655,-.425,-.39,.00303,.307,.0706,.221,0
2020,5,31,41,m,-.552,-.504,-.642,-.626,-.752,-.737,-.291,-.307,-.353,-.326,.0265,-.0129,-.198,-.203,.149,.125,-.495,-.522,.315,.448,-.569,-.578,-.185,-.153,-.0888,-.182,-.151,-.0535,-.781,-.776,-.658,-.651,-.143,-.136,-.0377,-.0393,0
2020,5,31,42,m,-.4,-.316,-.586,-.583,-.643,-.658,-.213,-.201,-.225,-.15,.123,.652,-.059,-.00633,.241,.177,-.459,-.466,.198,2.03,-.574,-.567,-.112,-.0514,-.0793,-.127,-.00908,.194,-.75,-.81,-.603,-.624,.0438,.459,.1,.358,0
2020,5,31,43,m,-.36,-.252,-.479,-.403,-.588,-.566,-.166,-.148,-.19,-.0975,.136,.183,-.0793,-.00711,.0953,.0721,-.307,-.379,.684,.766,-.332,-.291,-.106,-.0494,-.00863,-.0905,-.0806,.0811,-.429,-.4,-.433,-.397,.0354,.131,.058,.105,0
2020,5,31,44,m,-.324,-.285,-.552,-.5,-.448,-.248,-.201,-.16,-.228,-.17,.297,.19,-.086,.000586,.226,.188,-.118,-.139,.502,.371,-.409,-.411,-.0664,-.0335,-.202,-.106,.509,.583,-.704,-.693,-.491,-.447,.248,.177,.238,.182,0
2020,5,31,45,m,-.353,-.266,-.425,-.321,-.487,-.269,-.0933,-.0809,-.188,-.116,.135,.23,-.084,-.0254,.18,.118,-.225,-.254,.523,.959,-.134,-.117,-.00307,.0221,-.0474,-.131,.0579,.171,-.673,-.688,-.393,-.336,.0508,.168,.105,.146,0
2020,5,31,46,m,-.212,-.121,-.635,-.544,-.623,-.526,-.205,-.163,-.128,-.00958,.133,.308,-.0788,.0601,.266,.247,-.373,-.413,.203,1.33,-.458,-.402,-.12,-.0495,-.0355,-.145,-.308,-.0975,-.677,-.681,-.574,-.521,.0321,.245,.114,.245,0
2020,5,31,47,m,-.342,-.213,-.511,-.446,-.649,-.635,-.187,-.167,-.172,-.0942,.0536,.121,-.0712,-.0331,.0925,.088,-.386,-.438,.288,.795,-.323,-.336,-.131,-.051,-.0367,-.125,-.196,-.0588,-.682,-.658,-.504,-.477,-.00862,.106,.023,.0997,0
2020,5,31,48,m,-.333,-.248,-.524,-.446,-.75,-.701,-.108,-.0774,-.067,-.0369,.266,.2,.0267,.0279,.276,.267,-.27,-.367,.758,.848,-.498,-.491,-.0264,.0371,-.0622,-.0376,.0115,.215,-.74,-.723,-.569,-.527,.153,.158,.208,.207,0
2020,5,31,49,m,-.214,-.144,-.479,-.437,-.494,-.409,-.123,-.135,-.0601,-.0555,.155,.221,.0392,-.00451,.21,.152,-.233,-.301,.32,1.12,-.374,-.351,-.0251,-.00993,-.00431,-.111,.121,.0583,-.62,-.667,-.453,-.445,.0964,.166,.131,.162,0
2020,5,31,50,m,-.28,-.173,-.448,-.409,-.486,-.444,-.119,-.12,-.106,-.0634,.252,.394,.0093,-.000248,.351,.12,-.179,-.284,.858,1.69,-.351,-.342,-.00417,.0103,-.102,-.148,.0404,.211,-.667,-.675,-.46,-.452,.164,.289,.214,.23,0
2020,5,31,51,m,-.446,-.283,-.541,-.504,-.607,-.56,-.183,-.168,-.243,-.0935,.011,.143,-.0791,.0399,.105,.113,-.426,-.484,.402,1.47,-.433,-.428,-.0967,-.00948,-.0545,-.0695,-.244,.00587,-.697,-.735,-.533,-.531,-.0546,.161,.0000487,.142,0
2020,5,31,52,m,-.26,-.163,-.549,-.473,-.552,-.551,-.175,-.141,-.0918,-.0513,.0318,.193,.00403,.00437,.14,.106,-.304,-.363,.124,.91,-.32,-.313,-.0747,-.021,-.0524,-.0858,.136,.203,-.66,-.66,-.491,-.464,.0183,.189,.0631,.156,0
2020,5,31,53,m,-.112,-.031,-.315,-.196,-.492,-.396,-.0213,.0246,.021,.0939,.381,.607,.109,.174,.186,.129,-.138,-.209,.78,1.83,-.0806,-.0475,.00156,.0461,.0517,.0289,.285,.48,-.675,-.626,-.315,-.24,.293,.548,.247,.345,0
2020,6,30,1,m,-.348,-.213,-.527,-.429,-.626,-.607,-.228,-.199,-.245,-.129,.083,.0884,-.153,-.0611,.0261,.0653,-.108,-.186,.0884,.389,-.306,-.3,-.152,-.0724,-.0731,-.126,.291,.318,-.682,-.648,-.496,-.443,-.0722,.0198,-.0427,.0341,0
2020,6,30,2,m,-.351,-.153,-.522,-.441,-.687,-.712,-.133,-.108,-.233,-.0511,.171,.204,-.0685,.0712,.299,.25,-.0528,-.176,.389,.902,-.195,-.132,.0076,.0808,.0985,.0202,.146,.232,-.601,-.594,-.484,-.451,-.0622,.0934,.0752,.159,0
2020,6,30,3,m,-.212,.00747,-.479,-.396,-.6,-.611,-.116,-.0894,-.127,.0478,.232,.341,-.047,.0794,.141,.112,-.145,-.241,.456,1.27,-.212,-.113,-.037,.0413,.0264,-.0169,.429,.536,-.604,-.626,-.435,-.402,.108,.325,.123,.229,0
2020,6,30,4,m,-.21,-.123,-.363,-.242,-.399,-.415,-.0981,-.116,-.0913,-.0341,.188,.165,.0149,.0389,.0642,.045,-.0137,-.158,.42,.716,-.163,-.141,-.0536,-.0208,.0625,-.115,.299,.302,-.625,-.569,-.334,-.282,.0971,.124,.0834,.0915,0
2020,6,30,5,m,-.188,-.0722,-.393,-.253,-.333,-.334,-.071,-.0751,-.0685,-.0217,.158,.132,.00196,.00427,.081,.0569,-.0728,-.168,.198,.356,-.126,-.0974,-.0314,-.00626,.0832,-.0198,.341,.361,-.498,-.433,-.31,-.246,.114,.112,.102,.0921,0
2020,6,30,6,m,-.181,-.0935,-.454,-.383,-.568,-.548,-.147,-.157,-.143,-.0766,.145,.143,-.118,-.067,.0717,.048,-.0517,-.185,.168,.485,-.249,-.281,-.102,-.0641,.0367,-.0781,.306,.295,-.608,-.601,-.419,-.4,.0221,.0825,.0369,.0719,0
2020,6,30,7,m,-.229,-.0977,-.403,-.281,-.349,-.413,-.11,-.105,-.149,-.0418,.172,.228,-.0768,.00586,.00845,.0731,-.0228,-.19,.177,.819,-.0944,-.102,-.0804,.00698,.0699,-.0807,.326,.462,-.597,-.556,-.345,-.302,.0393,.169,.0287,.132,0
2020,6,30,8,m,-.117,-.0337,-.384,-.267,-.485,-.464,-.108,-.123,-.0426,-.014,.118,.157,.0075,-.00213,.167,.0305,-.109,-.162,.253,.52,-.161,-.122,.0223,-.00589,-.0348,-.137,.392,.503,-.514,-.517,-.344,-.299,.08,.134,.105,.101,0
2020,6,30,9,m,-.356,-.244,-.558,-.49,-.52,-.542,-.207,-.193,-.234,-.162,.00438,.101,-.136,-.101,-.00181,.12,-.0939,-.228,.263,.857,-.35,-.349,-.14,-.0534,-.0169,-.0949,-.0757,.0631,-.676,-.671,-.502,-.483,-.0739,.028,-.0482,.0605,0
2020,6,30,10,m,-.155,-.0774,-.337,-.184,-.349,-.341,-.0493,-.0528,-.0558,.00287,.209,.256,.0158,.0582,.0627,.0617,-.0042,-.149,.191,.787,-.109,-.0753,-.0319,.0287,.104,-.0781,.304,.463,-.565,-.513,-.289,-.226,.169,.26,.127,.179,0
2020,6,30,11,m,-.197,-.109,-.367,-.244,-.43,-.412,-.0142,-.0049,-.167,-.0854,.223,.276,.00403,.0479,.155,.109,-.0424,-.2,.523,.934,-.237,-.176,-.0715,-.0225,-.0181,-.107,.484,.619,-.685,-.632,-.357,-.297,.0124,.0959,.0544,.1,0
2020,6,30,12,m,-.393,-.316,-.57,-.503,-.645,-.672,-.189,-.21,-.224,-.177,.111,.111,-.0855,-.0742,.16,.0929,-.117,-.269,.241,.625,-.407,-.428,-.103,-.0873,.0605,-.0889,.0421,.112,-.716,-.697,-.539,-.52,-.0467,-.00826,.0179,.0258,0
2020,6,30,13,m,.144,.395,-.301,-.166,-.312,-.219,.035,.0846,.102,.329,.379,.734,.0726,.283,.143,.234,.0493,-.112,.389,1.71,-.000312,.00543,.0706,.22,.118,.0441,.478,.941,-.486,-.483,-.233,-.172,.341,.81,.283,.609,0
2020,6,30,14,m,.152,.406,-.304,-.211,-.325,-.284,.237,.146,.312,.508,.688,.477,.465,.595,.561,.307,-.12,-.235,.79,1.8,.102,-.00484,.337,.287,.513,.258,.957,1.12,-.5,-.536,-.266,-.259,.551,.731,.562,.533,0
2020,6,30,15,m,.111,.3,.337,.579,.704,.815,-.0989,-.046,.00913,.135,.0253,.174,-.0469,.0468,-.229,-.221,.639,.294,.0013,.565,.304,.474,-.094,-.0512,.0341,-.00534,-.0926,.348,.448,.461,.409,.512,.021,.252,-.0991,-.00332,0
2020,6,30,16,m,-.207,-.148,-.378,-.301,-.428,-.448,-.0447,-.0844,-.0986,-.0708,.172,.129,.0142,.00246,.142,.0665,-.0415,-.18,.475,.878,-.123,-.165,.122,.131,.127,-.0719,.171,.3,-.604,-.566,-.346,-.321,.12,.124,.128,.101,0
2020,6,30,17,m,-.197,-.0792,-.357,-.252,-.304,-.324,-.0706,-.0806,-.108,-.0244,.172,.192,-.0176,.0256,.103,.0866,-.0197,-.143,.295,.755,-.0582,-.00842,-.0323,.00117,.0871,-.0524,.0533,.157,-.576,-.59,-.285,-.251,.0695,.154,.082,.128,0
2020,6,30,19,m,.268,.367,-.14,-.0326,-.343,-.254,.106,.0706,.265,.287,.405,.333,.269,.247,.133,.0623,.184,.00604,.542,.779,.184,.081,.12,.1,.194,.1,.715,.785,-.475,-.463,-.0995,-.0768,.466,.449,.297,.247,0
2020,6,30,20,m,.0804,.162,-.274,-.0877,-.428,-.343,.029,.0547,.151,.141,.193,.287,.209,.128,.179,.156,.194,-.0747,.0146,1.03,.132,.27,.0978,.138,.173,.0547,.403,.558,-.493,-.476,-.189,-.0939,.227,.318,.204,.242,0
2020,6,30,21,m,-.405,-.353,-.634,-.547,-.628,-.691,-.243,-.249,-.297,-.277,.0528,-.0163,-.162,-.189,.224,.158,-.122,-.192,.14,.299,-.325,-.352,-.0835,-.0865,.0279,-.07,-.0896,-.0942,-.716,-.695,-.575,-.539,-.155,-.166,-.0336,-.0594,0
2020,6,30,22,m,-.288,-.13,-.52,-.377,-.698,-.58,-.13,-.115,-.102,-.0185,.231,.29,.0399,.0559,-.0555,.0146,.116,-.0719,.0113,.592,-.116,-.0623,-.0572,.029,.0221,-.196,.496,.559,-.67,-.59,-.456,-.352,.122,.234,.0622,.159,0
2020,6,30,23,m,-.0166,.199,-.29,-.191,-.408,-.46,.00711,-.0559,.073,.191,.399,.481,.147,.187,.218,.117,-.112,-.186,.338,1.51,-.175,-.0843,.082,.0929,.113,.0088,.625,.819,-.612,-.553,-.336,-.273,.28,.465,.26,.329,0
2020,6,30,24,m,-.27,-.157,-.529,-.439,-.508,-.507,-.144,-.156,-.109,-.0159,.104,.149,.0663,.126,-.0251,.116,-.0974,-.195,.175,.802,-.224,-.216,-.0626,-.0329,.0834,-.0741,.186,.383,-.692,-.691,-.464,-.429,.0481,.141,.0183,.131,0
2020,6,30,25,m,-.235,.0651,-.527,-.463,-.489,-.513,-.133,-.135,-.0864,.132,.467,.431,.139,.219,.301,.203,-.112,-.293,1.6,2.05,-.165,-.072,.0262,.0613,.145,-.000741,.659,.634,-.783,-.767,-.519,-.483,.241,.397,.263,.308,0
2020,6,30,26,m,.0871,.222,-.2,-.0502,-.165,-.0366,.0786,.114,.0676,.193,.367,.581,.0594,.181,.147,.0917,.213,.00748,.624,1.63,.0155,.127,.0557,.117,.258,.18,.305,.409,-.395,-.396,-.129,-.0441,.304,.608,.234,.341,0
2020,6,30,27,m,-.169,-.0407,-.428,-.317,-.411,-.228,-.0456,-.0643,-.0612,.0587,.187,.143,.0341,.143,.121,.0987,.288,-.155,.748,1.18,-.123,-.0115,.0121,.0526,.336,.114,.26,.664,-.614,-.663,-.31,-.291,.268,.285,.209,.208,0
2020,6,30,28,m,-.187,-.0518,-.406,-.338,-.346,-.377,-.0924,-.0995,-.111,-.00921,.193,.276,-.0323,.0307,.195,.127,-.0425,-.168,.393,1.32,-.138,-.145,.0061,.04,.0504,-.0594,.527,.586,-.632,-.66,-.356,-.351,.0734,.221,.119,.183,0
2020,6,30,29,m,-.468,-.232,-.667,-.544,-.666,-.625,-.356,-.222,-.368,-.109,-.0597,.135,-.249,.0275,.042,.17,-.303,-.32,-.128,.668,-.312,-.153,-.208,-.00355,-.132,-.0267,-.0481,.0502,-.821,-.777,-.638,-.543,-.207,.0433,-.114,.0958,0
2020,6,30,30,m,-.301,-.0803,-.558,-.398,-.513,-.431,-.26,-.184,-.191,-.0566,.17,.214,-.0419,-.0334,-.0958,-.0255,.129,-.0862,.056,.834,-.153,-.0716,-.163,-.056,-.0814,-.117,.493,.732,-.833,-.804,-.53,-.433,.0599,.174,-.00313,.0926,0
2020,6,30,31,m,-.14,.0651,-.427,-.288,-.227,-.313,-.0768,-.0414,-.0386,.114,.208,.405,.0759,.163,.118,.104,-.109,-.234,.36,1.4,-.115,-.13,-.027,.0639,.0252,-.0512,.309,.614,-.595,-.671,-.336,-.295,.145,.453,.134,.262,0
2020,6,30,32,m,-.0998,.0133,-.424,-.318,-.42,-.502,-.0991,-.091,.0438,.0331,.363,.3,.121,.0411,.522,.0557,-.0262,-.274,.429,.964,.0168,-.141,.187,.0414,.00104,-.15,.463,.43,-.656,-.624,-.342,-.345,.285,.26,.366,.191,0
2020,6,30,33,m,-.0821,-.0425,-.392,-.275,-.377,-.399,-.0628,-.0991,.0227,-.0192,.0388,.0955,.0814,-.00832,.117,.0598,.0232,-.142,-.165,.245,-.0589,-.162,.0123,-.00939,.133,-.0521,.264,.195,-.598,-.532,-.316,-.285,.0366,.0831,.0669,.0743,0
2020,6,30,34,m,-.0904,-.0411,-.439,-.304,-.616,-.561,-.0656,-.0507,.000205,.0384,.223,.214,.0501,.0805,.0406,.117,.0073,-.136,.348,.752,-.228,-.198,-.0123,.0499,.148,.0457,.343,.473,-.637,-.648,-.399,-.34,.177,.217,.134,.185,0
2020,6,30,35,m,-.194,-.115,-.428,-.329,-.574,-.574,-.111,-.105,-.0754,-.00934,.127,.176,-.00353,.0512,.0596,.0693,-.124,-.188,.21,.829,-.18,-.193,-.048,.00474,.0501,-.0611,.0487,.235,-.56,-.555,-.393,-.358,.0771,.167,.0713,.135,0
2020,6,30,36,m,-.161,-.0827,-.356,-.224,-.402,-.421,-.0482,-.0714,-.0411,-.0133,.224,.207,.0776,.0484,.145,.0778,-.0717,-.14,.507,.855,-.0373,-.0594,-.00503,.00845,.126,-.0294,.00681,.258,-.557,-.518,-.299,-.244,.127,.175,.132,.138,0
2020,6,30,37,m,-.237,-.111,-.33,-.18,-.511,-.408,-.0949,-.0329,-.0719,.0336,.207,.321,.054,.138,.104,.042,.0142,-.156,.35,1.01,-.128,.0963,-.102,-.00195,.0367,-.0204,.596,.383,-.592,-.533,-.317,-.214,.151,.302,.137,.195,0
2020,6,30,38,m,-.288,-.12,-.483,-.386,-.466,-.512,-.174,-.182,-.162,-.0658,.198,.133,-.0408,-.0225,.00405,-.0288,-.0429,-.111,.306,.414,-.153,-.182,-.0804,-.0581,-.0917,-.148,.886,.501,-.707,-.682,-.443,-.405,.0976,.128,.0602,.0653,0
2020,6,30,39,m,-.239,-.128,-.427,-.294,-.465,-.476,-.0782,-.0938,-.104,-.043,.191,.169,.00967,.0212,.103,.124,.0429,-.156,.496,.839,-.0994,-.0956,-.0413,.00222,.109,-.0446,.387,.303,-.606,-.599,-.34,-.304,.0948,.135,.0976,.131,0
2020,6,30,40,m,-.0898,.0449,-.361,-.208,-.169,-.151,-.0706,-.0135,-.0178,.0763,.118,.33,.042,.101,.113,.0946,.00422,-.101,.191,1.29,-.15,-.0494,-.0379,.0325,.0714,.0135,.284,.476,-.61,-.651,-.296,-.225,.133,.342,.126,.222,0
2020,6,30,41,m,-.418,-.353,-.562,-.503,-.649,-.654,-.189,-.206,-.275,-.223,.149,.0913,-.169,-.133,.116,.098,-.154,-.236,.255,.513,-.392,-.399,-.118,-.081,.0305,-.0925,.0808,.0904,-.679,-.671,-.531,-.509,-.0297,-.021,.0229,.0231,0
2020,6,30,42,m,-.156,-.0603,-.427,-.384,-.329,-.404,-.0741,-.0733,-.0294,.0394,.176,.572,.0893,.126,.198,.179,-.147,-.224,.171,1.45,-.238,-.227,-.00106,.0667,.0544,-.0293,.216,.539,-.617,-.708,-.389,-.413,.132,.453,.153,.355,0
2020,6,30,43,m,-.14,-.0232,-.381,-.223,-.342,-.337,-.059,-.058,-.0539,.0164,.256,.246,.00564,.0395,.0767,.04,-.0112,-.119,.737,.805,-.0579,-.0692,-.0183,-.000585,.112,.000144,.539,.427,-.379,-.371,-.28,-.222,.197,.246,.146,.157,0
2020,6,30,44,m,-.148,-.145,-.433,-.356,-.521,-.373,-.103,-.0794,-.0375,-.0335,.249,.0877,.128,.134,.197,.139,.00164,-.0036,.382,.195,-.157,-.0356,.00859,.0421,.0668,.0727,.875,.793,-.551,-.522,-.368,-.29,.243,.106,.222,.122,0
2020,6,30,45,m,-.138,-.0275,-.307,-.128,-.382,-.122,.0256,.0309,-.0173,.0155,.236,.285,.0603,.0414,.1,.0686,.317,.0619,.371,.647,.0695,.157,.0713,.0759,.133,.0187,.162,.249,-.673,-.668,-.239,-.145,.159,.225,.136,.157,0
2020,6,30,46,m,-.0189,.0346,-.536,-.331,-.494,-.172,-.112,-.0446,.0749,.136,.303,.386,.133,.199,.159,.169,-.1,-.207,.372,1.23,-.216,-.091,-.023,.0504,-.0155,-.0763,-.0655,.131,-.545,-.578,-.423,-.297,.235,.37,.21,.294,0
2020,6,30,47,m,-.0598,.068,-.383,-.222,-.517,-.503,-.102,-.0682,-.0336,.048,.11,.173,-.0183,.0377,-.00752,.0233,.0231,-.0815,.129,.592,-.0841,-.106,-.0928,.00476,.0887,-.0307,.144,.28,-.622,-.592,-.338,-.268,.0989,.189,.0616,.13,0
2020,6,30,48,m,.121,.327,-.391,-.245,-.518,-.436,.0495,.0839,.133,.198,.508,.382,.141,.158,.264,.279,.104,.0584,.918,1.04,-.11,-.108,.0899,.153,.043,.0386,.121,.394,-.48,-.472,-.348,-.267,.36,.403,.317,.347,0
2020,6,30,49,m,-.0641,-.0153,-.319,-.257,-.288,-.253,.0151,-.0436,.0527,.0259,.218,.22,.127,.0495,.163,.112,.0153,-.138,.241,.834,-.128,-.108,.0661,.051,.185,-.0161,.309,.281,-.452,-.539,-.261,-.27,.178,.197,.172,.168,0
2020,6,30,50,m,-.172,-.0578,-.33,-.248,-.249,-.204,-.0514,-.0714,-.052,-.00488,.268,.325,.0262,.0256,.264,.0766,-.0174,-.161,.509,1.16,-.262,-.217,.0211,.0392,.0245,-.085,.213,.318,-.592,-.596,-.34,-.314,.177,.234,.201,.179,0
2020,6,30,51,m,-.121,.0553,-.421,-.312,-.306,-.251,-.051,-.069,-.0389,.0983,.177,.172,.0239,.129,.0335,.0564,-.0545,-.231,.64,1.33,-.101,-.124,-.0263,.0409,.111,.0228,.0469,.368,-.594,-.661,-.329,-.32,.163,.273,.113,.186,0
2020,6,30,52,m,-.115,.00621,-.427,-.286,-.301,-.317,-.0918,-.0455,-.0307,.0195,.122,.243,.017,.0261,.054,.0633,-.102,-.167,.0844,.777,-.232,-.129,-.0465,.0296,.047,-.00372,.302,.372,-.52,-.483,-.35,-.274,.0868,.228,.0755,.162,0
2020,6,30,53,m,.031,.0901,-.224,-.0539,-.364,-.164,.0171,.0615,.0847,.134,.27,.501,.12,.162,.0863,.0479,-.00962,-.108,.462,1.33,.036,.11,.0324,.0653,.138,.0801,.409,.661,-.565,-.48,-.212,-.0952,.266,.47,.187,.265,0
2020,7,31,1,m,-.249,-.169,-.478,-.383,-.648,-.62,-.178,-.145,-.17,-.0919,.101,.124,-.104,-.0297,.0774,.109,-.0647,-.109,.0848,.397,-.31,-.254,-.0924,-.0303,-.0308,-.0507,.316,.282,-.703,-.686,-.47,-.416,-.0225,.0554,.00769,.0722,0
2020,7,31,2,m,-.126,.0132,-.384,-.298,-.628,-.623,-.0676,-.0314,-.0554,.0669,.193,.266,.0368,.131,.249,.236,.0422,-.0377,.287,.662,-.0133,.0973,.0676,.127,.119,.0905,.419,.392,-.571,-.558,-.378,-.332,.0765,.195,.146,.213,0
2020,7,31,3,m,-.0773,.0392,-.371,-.276,-.504,-.481,-.0563,-.0278,-.00391,.0987,.251,.335,.0574,.145,.147,.12,-.125,-.129,.363,.894,-.209,-.0645,.00158,.0721,.114,.0745,.437,.542,-.626,-.651,-.373,-.324,.195,.349,.177,.246,0
2020,7,31,4,m,-.195,-.13,-.354,-.263,-.4,-.39,-.0743,-.0834,-.063,-.0284,.188,.171,.0539,.0548,.0852,.0749,-.0874,-.194,.371,.622,-.195,-.13,-.0393,.000182,.0857,-.0324,.357,.309,-.648,-.632,-.342,-.303,.13,.146,.112,.117,0
2020,7,31,5,m,-.161,-.07,-.365,-.234,-.504,-.511,-.0521,-.0545,-.0396,-.0193,.181,.137,.0316,.00669,.0981,.0829,-.102,-.185,.22,.272,-.113,-.0486,-.0015,.0116,.0688,.0328,.438,.353,-.579,-.578,-.322,-.274,.144,.114,.127,.103,0
2020,7,31,6,m,-.144,-.0755,-.425,-.356,-.582,-.571,-.12,-.117,-.11,-.0464,.176,.164,-.0904,-.0299,.103,.0802,-.106,-.16,.2,.488,-.265,-.244,-.0713,-.0228,.0553,-.013,.443,.318,-.653,-.652,-.419,-.392,.0588,.112,.0721,.102,0
2020,7,31,7,m,-.168,-.0933,-.373,-.249,-.441,-.427,-.093,-.0703,-.0962,-.0151,.197,.239,-.0353,.0516,.025,.0858,-.0858,-.127,.363,.765,-.141,.00561,-.0548,.0356,.0446,-.0676,.233,.459,-.643,-.616,-.35,-.275,.0818,.181,.061,.145,0
2020,7,31,8,m,-.196,-.0827,-.363,-.266,-.499,-.46,-.0718,-.0857,-.0427,-.00706,.118,.116,.0662,.0388,.24,.0849,-.0575,-.129,.292,.386,-.215,-.144,.0635,.0326,.0153,-.0443,.296,.273,-.609,-.63,-.354,-.319,.0787,.0995,.126,.0948,0
2020,7,31,9,m,-.188,-.134,-.455,-.395,-.472,-.497,-.122,-.123,-.111,-.0739,.136,.199,-.0525,-.0298,.113,.157,-.0436,-.157,.547,.972,-.328,-.256,-.0183,.0295,.0493,-.0393,.0691,.252,-.715,-.721,-.445,-.428,.065,.135,.0813,.143,0
2020,7,31,10,m,-.141,-.0844,-.305,-.156,-.387,-.348,-.0296,-.0249,-.0218,.0119,.19,.217,.0648,.0782,.0868,.0754,-.0595,-.152,.21,.66,-.114,-.0295,.00365,.054,.0944,-.0204,.331,.369,-.595,-.577,-.285,-.219,.169,.225,.136,.164,0
2020,7,31,11,m,-.384,-.116,-.381,-.264,-.554,-.459,-.0396,.00668,-.338,-.0912,.148,.264,.00589,.0472,.153,.116,-.151,-.225,.42,.818,-.295,-.187,-.174,-.00871,.027,-.025,.308,.405,-.669,-.635,-.392,-.316,-.161,.0844,-.079,.0944,0
2020,7,31,12,m,-.233,-.206,-.507,-.446,-.681,-.67,-.131,-.156,-.116,-.117,.163,.161,-.0242,-.0522,.2,.121,-.0194,-.183,.345,.704,-.354,-.337,-.0262,-.0409,.0778,-.0174,.139,.202,-.75,-.757,-.498,-.484,.0503,.0577,.0977,.0792,0
2020,7,31,13,m,.0238,.263,-.302,-.114,-.334,-.226,-.0452,.0189,.0943,.238,.16,.371,.156,.221,.0458,.109,-.114,-.155,.00805,.705,-.052,.0131,.00807,.144,.0136,-.00241,.18,.496,-.673,-.646,-.285,-.176,.145,.435,.115,.321,0
2020,7,31,14,m,.613,.671,-.0896,.0191,-.22,-.14,.349,.268,.593,.648,.728,.551,.576,.629,.457,.235,.238,-.00273,.662,1.51,.307,.316,.423,.328,.569,.401,1.4,1.36,-.49,-.516,-.0896,-.069,.782,.868,.653,.573,0
2020,7,31,15,m,.0668,.225,.445,.62,.548,.753,-.0897,-.0342,-.0706,.083,.0181,.165,-.144,.00646,-.215,-.208,.445,.373,-.158,.24,.247,.514,-.0947,-.0352,.023,-.0253,-.0172,.464,.401,.243,.404,.526,-.0167,.216,-.111,-.0135,0
2020,7,31,16,m,-.116,-.141,-.348,-.301,-.399,-.405,.000787,-.0466,-.0512,-.0747,.175,.174,.0101,-.0118,.174,.0945,-.00501,-.165,.521,.815,-.116,-.0666,.183,.16,.178,-.00984,.22,.271,-.622,-.633,-.316,-.31,.143,.146,.154,.125,0
2020,7,31,17,m,-.0898,-.0899,-.334,-.249,-.219,-.17,-.043,-.0402,-.0352,-.0215,.126,.164,.0131,.041,.18,.146,-.0378,-.123,.256,.667,-.107,-.0117,.016,.0272,.113,.0558,.163,.158,-.632,-.644,-.281,-.241,.0929,.137,.125,.14,0
2020,7,31,19,m,.197,.351,-.0875,-.0225,-.359,-.244,.119,.0954,.247,.27,.375,.301,.286,.229,.148,.0664,.135,-.00741,.529,.664,.152,.109,.13,.108,.194,.183,.615,.633,-.538,-.53,-.0927,-.0775,.409,.399,.277,.226,0
2020,7,31,20,m,.0668,.19,-.256,-.104,-.345,-.241,.0687,.108,.155,.197,.167,.34,.223,.201,.11,.164,.233,-.0422,.00662,1.01,.0398,.233,.0764,.16,.257,.16,.381,.506,-.503,-.509,-.182,-.101,.202,.393,.159,.284,0
2020,7,31,21,m,-.277,-.269,-.578,-.484,-.683,-.656,-.186,-.19,-.17,-.186,.122,.0914,-.0422,-.0895,.256,.197,-.0632,-.126,.346,.389,-.342,-.294,-.00304,-.0266,.0838,-.0122,.171,.139,-.725,-.736,-.546,-.503,-.0154,-.0373,.0724,.0397,0
2020,7,31,22,m,-.248,-.092,-.506,-.342,-.671,-.502,-.102,-.0549,-.0387,.0415,.234,.306,.12,.13,.0422,.0813,.0494,-.0637,.0203,.582,-.149,.0187,-.00373,.105,-.029,-.148,.637,.55,-.659,-.63,-.443,-.323,.159,.271,.121,.206,0
2020,7,31,23,m,.0497,.16,-.284,-.175,-.312,-.371,.0478,-.00874,.122,.19,.498,.572,.176,.21,.168,.101,.032,-.012,.628,1.66,-.143,-.0389,.0998,.103,.0708,.11,.768,.976,-.628,-.58,-.31,-.24,.402,.539,.319,.368,0
2020,7,31,24,m,-.0866,-.0558,-.436,-.363,-.565,-.526,-.0756,-.103,-.00709,.0181,.154,.184,.0736,.0919,.148,.174,-.0901,-.161,.254,.885,-.265,-.208,.074,.0242,.0662,-.0104,.368,.557,-.69,-.707,-.425,-.396,.126,.181,.134,.179,0
2020,7,31,25,m,.0482,.204,-.313,-.251,-.465,-.457,-.00644,.00317,.125,.249,.538,.518,.224,.307,.419,.337,-.0166,-.189,1.26,1.72,-.0702,.0943,.175,.205,.236,.174,.71,.645,-.746,-.742,-.378,-.345,.422,.472,.419,.41,0
2020,7,31,26,m,.05,.23,-.161,-.0506,-.142,-.00354,.0745,.111,.0846,.171,.327,.497,.108,.145,.132,.0797,.0264,-.0848,.514,1.23,-.0231,.111,.0509,.111,.246,.22,.224,.29,-.373,-.41,-.127,-.0597,.286,.5,.215,.283,0
2020,7,31,27,m,-.184,-.118,-.399,-.317,-.61,-.451,-.0892,-.0294,-.0553,-.00714,.0763,.111,.0592,.0867,.153,.141,.241,-.0741,.429,.855,-.132,-.0228,-.0514,.052,.181,.232,.124,.634,-.639,-.654,-.329,-.299,.145,.19,.148,.17,0
2020,7,31,28,m,-.0898,-.0353,-.312,-.267,-.312,-.344,-.0413,-.0529,-.00336,.00986,.266,.274,.0866,.0522,.2,.162,-.0218,-.118,.409,1.1,-.203,-.0859,.0447,.0767,.117,-.00177,.74,.638,-.645,-.672,-.315,-.304,.188,.239,.193,.207,0
2020,7,31,29,m,-.335,-.135,-.603,-.471,-.613,-.568,-.281,-.142,-.219,.0058,.0697,.334,-.0857,.163,.0786,.205,-.013,-.129,-.218,.544,-.331,-.0763,-.13,.0613,-.065,.0551,.13,.325,-.798,-.768,-.575,-.477,-.0486,.226,-.000925,.217,0
2020,7,31,30,m,-.136,-.0712,-.536,-.387,-.544,-.476,-.242,-.172,-.0966,-.0449,.139,.188,-.0559,-.019,-.0311,.00911,.177,-.0182,.0424,.678,-.283,-.116,-.115,-.0325,-.0832,-.0774,.21,.563,-.854,-.841,-.53,-.442,.0814,.154,.0357,.0949,0
2020,7,31,31,m,-.0529,.0462,-.342,-.215,-.194,-.255,-.0569,-.0152,.036,.116,.115,.309,.129,.186,.161,.126,-.157,-.207,.256,1,-.191,-.173,-.000387,.0785,-.00309,-.00737,.00743,.606,-.604,-.685,-.301,-.262,.125,.372,.144,.238,0
2020,7,31,32,m,-.112,.0104,-.473,-.334,-.53,-.506,-.0895,-.0592,-.0453,.0334,.21,.298,-.0142,.0428,.431,.11,-.186,-.264,.325,.838,-.192,-.123,.0922,.0647,-.038,-.0494,.0401,.216,-.759,-.748,-.428,-.366,.161,.266,.249,.213,0
2020,7,31,33,m,-.0948,-.0277,-.384,-.276,-.487,-.484,-.0297,-.0658,-.008,-.0197,.129,.134,.0411,-.0159,.11,.0691,.0467,-.095,-.066,.25,-.0566,-.106,.0177,.00428,.138,-.000477,.41,.181,-.604,-.596,-.309,-.286,.0721,.114,.0871,.0968,0
2020,7,31,34,m,-.137,-.0904,-.432,-.305,-.652,-.567,-.0293,.00745,.00675,.0442,.189,.22,.0856,.115,.0948,.173,.0304,-.0854,.408,.696,-.236,-.137,.0524,.114,.211,.168,.0682,.311,-.667,-.704,-.397,-.333,.156,.213,.137,.201,0
2020,7,31,35,m,-.148,-.133,-.425,-.332,-.542,-.514,-.0909,-.0849,-.0122,.00126,.157,.172,.0661,.0786,.0899,.0844,-.171,-.223,.279,.657,-.238,-.208,-.00415,.0305,.0553,-.0157,.156,.249,-.668,-.685,-.418,-.384,.131,.154,.118,.132,0
2020,7,31,36,m,-.0919,-.0539,-.349,-.224,-.416,-.45,-.0219,-.0291,.0293,.0205,.203,.22,.147,.0866,.178,.118,-.0029,-.0844,.391,.769,-.0992,-.0422,.0438,.0414,.149,.053,.125,.25,-.615,-.586,-.304,-.245,.164,.204,.168,.172,0
2020,7,31,37,m,-.196,-.127,-.296,-.184,-.564,-.532,-.0951,-.0386,-.028,.0622,.177,.27,.0923,.199,.057,.012,-.0296,-.224,.439,.837,-.198,.0723,-.0854,.0166,-.0149,-.0247,.158,.206,-.725,-.701,-.343,-.271,.164,.279,.126,.169,0
2020,7,31,38,m,-.31,-.155,-.471,-.358,-.475,-.468,-.15,-.149,-.177,-.0954,.145,.102,-.0499,-.0478,.0375,.0124,-.0713,-.0942,.19,.273,-.188,-.155,-.061,-.0398,-.0657,-.126,.846,.471,-.718,-.708,-.441,-.391,.0435,.0833,.0399,.0548,0
2020,7,31,39,m,-.182,-.139,-.373,-.27,-.514,-.47,-.0483,-.0564,-.0734,-.0641,.223,.191,.0132,-.00782,.167,.148,-.00179,-.151,.577,.706,-.152,-.103,.00765,.0234,.107,.0647,.425,.304,-.66,-.671,-.338,-.307,.148,.14,.155,.143,0
2020,7,31,40,m,-.0844,.0572,-.271,-.127,-.3,-.202,-.0587,.0102,-.000643,.0742,.0802,.258,.0718,.0874,.123,.0923,-.0291,-.101,.0163,.878,-.123,-.00573,-.0289,.0555,.0484,.0585,.196,.384,-.589,-.67,-.251,-.188,.0965,.269,.11,.183,0
2020,7,31,41,m,-.24,-.2,-.496,-.446,-.676,-.663,-.131,-.151,-.127,-.115,.225,.162,-.0415,-.0558,.115,.0865,-.1,-.141,.306,.511,-.339,-.324,-.0677,-.046,.0794,-.02,.289,.342,-.727,-.736,-.496,-.478,.1,.0814,.105,.0833,0
2020,7,31,42,m,-.0886,-.0767,-.335,-.3,-.4,-.367,-.0513,-.0579,.00495,.00374,.167,.471,.0888,.0739,.19,.156,-.104,-.167,.0826,1.04,-.215,-.208,.0111,.0536,.106,.0178,.464,.566,-.655,-.737,-.353,-.371,.147,.365,.161,.29,0
2020,7,31,43,m,-.074,.069,-.348,-.214,-.471,-.395,-.05,-.0251,-.0482,.0336,.242,.236,-.0271,.0128,.088,.0642,-.0717,-.182,.513,.592,-.0835,-.00589,-.0205,.0183,.124,.0752,.276,.323,-.429,-.423,-.296,-.234,.159,.229,.128,.158,0
2020,7,31,44,m,-.0302,-.0767,-.38,-.364,-.594,-.552,-.0281,-.0345,.172,.0517,.241,.138,.505,.244,.133,.141,-.098,.113,.147,.107,-.191,-.147,.0747,.0919,.133,.17,.312,.137,-.589,-.607,-.362,-.328,.316,.159,.227,.151,0
2020,7,31,45,m,-.192,-.062,-.256,-.148,-.313,-.038,.0284,.0273,-.0407,.00383,.146,.192,.0596,.0435,.141,.0577,.0239,-.133,.241,.414,.104,.181,.0423,.0817,.186,.0583,-.00715,.166,-.576,-.636,-.207,-.166,.0629,.145,.0963,.107,0
2020,7,31,46,m,.0963,.073,-.411,-.244,-.365,-.0183,-.11,.0064,.14,.146,.0937,.248,.161,.192,.181,.179,-.0731,-.113,.0974,.616,-.275,-.141,-.069,.12,.0114,.0145,.108,.201,-.568,-.614,-.355,-.251,.192,.26,.189,.229,0
2020,7,31,47,m,-.1,-.0244,-.373,-.204,-.505,-.471,-.071,-.0345,-.00371,.0423,.162,.204,.0491,.0764,.0295,.0593,-.00409,-.132,.155,.496,-.152,-.119,-.0253,.0453,.0712,-.0125,.269,.384,-.677,-.635,-.357,-.274,.134,.203,.097,.152,0
2020,7,31,48,m,.211,.387,-.276,-.0901,-.36,-.242,.0923,.164,.16,.25,.407,.387,.145,.208,.293,.338,.132,.129,.617,.993,-.073,.0234,.124,.224,.114,.167,.553,.589,-.57,-.566,-.277,-.169,.33,.43,.313,.389,0
2020,7,31,49,m,.0359,-.0146,-.274,-.246,-.345,-.312,.0618,-.0248,.108,-.00504,.237,.218,.152,.000491,.21,.125,.0186,-.109,.271,.714,-.0876,-.102,.137,.0769,.229,.0211,.358,.35,-.463,-.575,-.239,-.274,.231,.182,.224,.162,0
2020,7,31,50,m,-.0896,-.0298,-.237,-.2,-.211,-.157,.0246,-.033,-.0109,-.0249,.309,.292,.0403,-.0221,.428,.132,.0507,-.118,.511,.905,-.189,-.129,.119,.0567,.0858,-.000883,.451,.359,-.604,-.647,-.278,-.285,.236,.2,.292,.176,0
2020,7,31,51,m,-.184,-.019,-.352,-.242,-.377,-.257,-.0399,-.0286,-.0578,.0481,.128,.188,.044,.0954,.0784,.111,-.0981,-.189,.588,1.14,-.129,-.102,.00402,.064,.0488,.0412,.0597,.287,-.609,-.647,-.314,-.278,.112,.247,.0982,.192,0
2020,7,31,52,m,-.064,.0588,-.314,-.192,-.231,-.185,-.0507,-.0176,.0427,.0678,.0936,.179,.105,.0723,.0557,.0601,-.0574,-.179,.0227,.544,-.101,-.0413,.0165,.0698,.0352,.024,.412,.359,-.494,-.54,-.255,-.221,.114,.215,.0927,.153,0
2020,7,31,53,m,.0293,.103,-.215,-.0656,-.295,-.0815,-.00758,.0517,.0842,.12,.205,.37,.123,.131,.0715,.028,-.0996,-.108,.218,.817,-.0966,.084,.00745,.0486,.091,.112,.435,.503,-.572,-.515,-.227,-.102,.195,.354,.14,.196,0
2020,8,31,1,m,-.258,-.176,-.418,-.296,-.709,-.679,-.183,-.14,-.152,-.0558,.0657,.118,-.066,.0417,.0489,.0967,-.0376,-.0953,.0868,.365,-.354,-.296,-.104,-.0193,-.075,-.0901,.287,.291,-.683,-.68,-.447,-.388,-.0218,.0828,-.00071,.0871,0
2020,8,31,2,m,-.179,-.0185,-.319,-.195,-.633,-.613,-.0528,-.0256,-.0766,.0594,.224,.263,.0609,.153,.229,.208,.0477,-.0969,.291,.544,-.0933,.0336,.0513,.122,.119,.0637,.482,.543,-.54,-.557,-.347,-.298,.0708,.191,.134,.198,0
2020,8,31,3,m,-.162,-.0237,-.343,-.221,-.476,-.448,-.0587,-.033,-.0528,.0868,.204,.286,.0359,.173,.149,.119,-.104,-.152,.533,.92,-.217,-.0912,.000593,.0727,.0883,.0344,.325,.521,-.612,-.657,-.353,-.305,.144,.318,.147,.228,0
2020,8,31,4,m,-.121,-.0387,-.183,-.147,-.384,-.451,.0101,-.0502,.0124,.0607,.269,.195,.131,.142,.142,.111,-.0493,-.227,.792,.769,-.127,-.165,.041,.0463,.124,-.0167,.324,.313,-.579,-.624,-.234,-.273,.223,.22,.19,.175,0
2020,8,31,5,m,-.0988,-.0426,-.259,-.165,-.445,-.494,-.0363,-.0524,.0126,.0255,.12,.112,.0747,.0605,.11,.0968,-.0765,-.172,.239,.215,-.143,-.13,.01,.0264,.0623,.00829,.262,.286,-.568,-.59,-.269,-.259,.135,.124,.126,.114,0
2020,8,31,6,m,-.145,-.0699,-.354,-.272,-.611,-.611,-.124,-.121,-.0965,-.0175,.112,.146,-.0687,.0121,.0824,.0814,-.135,-.205,.201,.432,-.354,-.332,-.0734,-.0134,.0149,-.0626,.208,.24,-.61,-.646,-.396,-.381,.0424,.127,.0543,.113,0
2020,8,31,7,m,-.183,-.0576,-.269,-.169,-.39,-.433,-.0478,-.0498,-.108,.00665,.141,.198,-.0422,.0615,.0759,.108,-.104,-.158,.341,.568,-.168,-.121,-.0394,.0443,.109,-.0178,.297,.455,-.501,-.533,-.277,-.253,.0529,.173,.0623,.148,0
2020,8,31,8,m,-.122,-.0393,-.292,-.191,-.449,-.474,-.0621,-.0744,.0173,.0471,.0712,.0879,.111,.0994,.219,.0782,-.0956,-.167,.29,.325,-.206,-.18,.0555,.0419,.00439,-.0234,.229,.297,-.579,-.63,-.314,-.305,.0919,.121,.129,.107,0
2020,8,31,9,m,-.273,-.163,-.445,-.333,-.443,-.46,-.129,-.117,-.124,-.0476,.0938,.198,-.00427,.0371,.0988,.166,.00867,-.153,.422,.892,-.373,-.282,-.0295,.0372,.0305,-.0596,-.0407,.239,-.678,-.706,-.43,-.398,.0209,.141,.0469,.15,0
2020,8,31,10,m,-.122,.021,-.22,-.0954,-.366,-.392,-.0141,-.0111,-.00739,.088,.107,.173,.0805,.134,.0934,.1,-.037,-.164,.223,.495,-.163,-.124,.00945,.0778,.119,.0138,.207,.474,-.552,-.588,-.241,-.221,.131,.242,.116,.184,0
2020,8,31,11,m,-.304,-.0371,-.255,-.146,-.469,-.492,-.015,.00279,-.266,-.00801,.154,.238,-.023,.153,.172,.142,-.163,-.2,.431,.744,-.164,-.127,-.139,.0201,.0207,-.025,.42,.678,-.645,-.683,-.291,-.262,-.115,.141,-.0393,.141,0
2020,8,31,12,m,-.293,-.285,-.459,-.395,-.683,-.696,-.134,-.161,-.12,-.108,.0972,.13,.00622,.0227,.184,.128,-.0816,-.238,.227,.577,-.454,-.427,-.0303,-.0238,.0664,-.0511,.151,.164,-.768,-.792,-.495,-.493,.0249,.0601,.0751,.0828,0
2020,8,31,13,m,-.0483,.278,-.176,-2.48e-07,-.317,-.221,-.0163,.0329,.0476,.237,.188,.344,.139,.209,.0533,.0963,-.0581,-.121,.133,.661,-.0527,-.0238,.00236,.115,.025,.0276,.416,.706,-.58,-.606,-.199,-.121,.164,.421,.13,.308,0
2020,8,31,14,m,.367,.56,.0235,.162,-.0975,.00131,.349,.257,.478,.597,.731,.51,.585,.628,.453,.234,.257,-.00994,.87,1.37,.199,.194,.377,.311,.493,.338,1.13,1.28,-.388,-.503,-.00655,-.0156,.717,.82,.614,.546,0
2020,8,31,15,m,.0523,.327,.559,.734,.895,1.04,-.0903,-.0378,-.0445,.153,-.0547,.0823,-.0976,.0599,-.212,-.204,.416,.333,-.127,.106,.286,.411,-.0905,-.0326,-.0154,-.00918,-.0204,.273,.42,.245,.49,.567,-.0514,.183,-.127,-.0259,0
2020,8,31,16,m,-.141,-.124,-.235,-.198,-.39,-.412,.0292,-.0229,-.0645,-.044,.153,.148,.00807,.0324,.177,.126,-.0236,-.163,.495,.66,-.131,-.123,.18,.195,.186,-.0105,.202,.339,-.547,-.594,-.253,-.269,.117,.144,.14,.137,0
2020,8,31,17,m,-.216,-.104,-.272,-.214,-.398,-.383,-.0555,-.0535,-.0982,-.00606,.107,.167,.0173,.0838,.15,.131,-.0919,-.173,.369,.6,-.196,-.138,-.0186,.0233,.0839,.0304,.0759,.123,-.608,-.667,-.285,-.278,.044,.152,.0817,.144,0
2020,8,31,19,m,.242,.403,-.00858,.0286,-.298,-.279,.075,.0712,.224,.311,.275,.246,.218,.265,.0631,.0551,.0759,-.0709,.329,.514,.109,.027,.0718,.0991,.15,.158,.427,.499,-.478,-.516,-.0536,-.0803,.337,.381,.197,.211,0
2020,8,31,20,m,.0595,.232,-.17,-.00372,-.408,-.394,.0219,.115,.112,.25,.0866,.309,.15,.26,.0375,.123,.0271,-.113,-.135,1.01,-.00814,.117,.0243,.168,.161,.211,.0945,.443,-.582,-.618,-.174,-.109,.156,.416,.102,.277,0
2020,8,31,21,m,-.321,-.288,-.54,-.457,-.687,-.707,-.192,-.207,-.191,-.177,.108,.0725,-.0327,-.0491,.258,.182,-.0642,-.144,.319,.37,-.432,-.393,-.00175,-.0186,-.00181,-.0846,-.0254,.00655,-.714,-.73,-.534,-.509,-.032,-.0352,.0598,.0363,0
2020,8,31,22,m,-.143,.0394,-.351,-.224,-.608,-.523,-.0584,-.0053,.0409,.141,.12,.286,.177,.208,.133,.169,.0543,-.111,.00651,.459,-.146,-.0534,-.00712,.129,.00823,-.0681,.273,.422,-.546,-.563,-.334,-.276,.158,.313,.151,.264,0
2020,8,31,23,m,-.147,.0494,-.238,-.118,-.343,-.407,.0813,.0162,.0386,.163,.404,.531,.189,.24,.235,.156,.00676,-.0979,.77,1.4,-.0977,-.00184,.0799,.111,.178,.149,.401,.845,-.534,-.513,-.261,-.205,.261,.484,.253,.356,0
2020,8,31,24,m,-.153,-.0597,-.377,-.264,-.612,-.555,-.086,-.109,.00209,.0735,.141,.169,.168,.207,.184,.205,-.0307,-.187,.25,.73,-.288,-.235,.0697,.0444,.0248,-.0964,.274,.445,-.693,-.71,-.405,-.366,.127,.207,.149,.207,0
2020,8,31,25,m,-.0883,.0915,-.334,-.176,-.429,-.414,-.0303,.027,.0501,.175,.382,.551,.243,.283,.432,.311,.0846,-.0774,1.14,1.7,.0508,.126,.143,.184,.241,.204,.464,.494,-.722,-.703,-.363,-.283,.298,.469,.349,.396,0
2020,8,31,26,m,.00145,.173,-.117,-.0186,-.0481,-.0811,.0851,.103,.0231,.159,.289,.37,.0355,.153,.143,.0684,.0476,-.1,.555,.893,-.0169,.062,.0644,.107,.248,.23,.179,.429,-.343,-.385,-.0902,-.056,.218,.405,.184,.231,0
2020,8,31,27,m,-.194,-.0355,-.339,-.268,-.58,-.432,-.0624,-.0411,-.0619,.0756,.016,.0607,.0595,.17,.148,.116,.252,-.0797,.316,.731,-.193,-.0569,5.52e-06,.07,.244,.205,.348,.584,-.64,-.717,-.291,-.292,.0638,.193,.095,.161,0
2020,8,31,28,m,-.0517,.00806,-.252,-.204,-.399,-.417,-.0379,-.0493,.0184,.0528,.191,.245,.0887,.0947,.198,.163,-.0871,-.106,.409,1.04,-.244,-.181,.0739,.118,.0645,-.0557,.327,.569,-.56,-.622,-.29,-.288,.128,.233,.155,.205,0
2020,8,31,29,m,-.37,-.186,-.548,-.38,-.64,-.564,-.291,-.142,-.231,-.0114,.0228,.266,-.0743,.184,.0952,.188,-.141,-.133,-.128,.373,-.414,-.185,-.142,.0557,-.122,.0248,.391,.387,-.781,-.764,-.558,-.448,-.0594,.18,-.00147,.184,0
2020,8,31,30,m,-.253,-.0886,-.469,-.324,-.452,-.427,-.227,-.157,-.167,-.0491,.0852,.186,-.0665,-.0104,-.0564,.00587,-.0814,-.135,-.153,.457,-.252,-.17,-.153,-.025,-.0798,-.0654,.476,.685,-.791,-.799,-.482,-.42,.00893,.139,-.0181,.0846,0
2020,8,31,31,m,-.15,.0256,-.261,-.0997,-.322,-.307,-.0393,.00889,-.00813,.138,.164,.283,.147,.251,.162,.114,-.185,-.225,.409,.86,-.197,-.18,.0125,.0834,.105,.0884,.0773,.494,-.616,-.694,-.272,-.214,.151,.384,.158,.236,0
2020,8,31,32,m,-.084,-.0122,-.421,-.298,-.484,-.525,-.0994,-.0711,-.00588,.0756,.123,.265,.0255,.111,.473,.118,-.0613,-.24,.291,.654,-.215,-.202,.123,.0728,-.17,-.117,.0492,.358,-.768,-.751,-.394,-.364,.115,.249,.225,.205,0
2020,8,31,33,m,.0395,-.00582,-.276,-.221,-.458,-.52,.00421,-.06,.139,.0441,.0585,.106,.19,.0672,.157,.0784,.0169,-.128,-.158,.102,-.0211,-.13,.0753,.0134,.149,.00745,.275,.197,-.66,-.685,-.263,-.294,.0956,.114,.119,.101,0
2020,8,31,34,m,-.242,-.103,-.336,-.245,-.631,-.624,-.0136,.0246,-.0136,.107,.195,.233,.12,.218,.0884,.184,-.0374,-.116,.569,.738,-.306,-.248,.0238,.134,.212,.185,.188,.291,-.613,-.703,-.349,-.334,.159,.261,.137,.236,0
2020,8,31,35,m,-.199,-.162,-.372,-.279,-.613,-.608,-.0726,-.0755,-.00483,.0414,.168,.19,.106,.158,.118,.112,-.107,-.201,.283,.561,-.304,-.282,.0106,.0442,.0362,-.0342,.17,.296,-.615,-.663,-.395,-.379,.146,.198,.137,.17,0
2020,8,31,36,m,-.0653,-.0307,-.282,-.206,-.433,-.444,-.00971,-.0385,.0629,.0528,.193,.206,.186,.127,.173,.136,-.0739,-.129,.313,.672,-.137,-.115,.0573,.052,.126,.0261,.282,.269,-.571,-.606,-.277,-.261,.178,.212,.176,.183,0
2020,8,31,37,m,-.262,-.13,-.214,-.0957,-.504,-.513,-.0719,-.0198,-.0984,.0407,.267,.326,.0233,.164,.0975,.0316,.00548,-.174,.736,.914,-.172,-.0147,-.0859,.00656,-.0289,-.0367,.105,.186,-.659,-.662,-.28,-.234,.183,.322,.155,.203,0
2020,8,31,38,m,-.181,-.0905,-.353,-.232,-.358,-.399,-.102,-.0992,-.0527,-.00478,.125,.142,.0596,.0643,-.051,.0295,-.107,-.113,.168,.317,-.112,-.114,-.0661,-.00153,-.0103,-.067,1.28,.872,-.641,-.672,-.347,-.324,.144,.177,.0643,.118,0
2020,8,31,39,m,-.233,-.138,-.328,-.234,-.545,-.52,-.0558,-.0672,-.0727,-.0188,.174,.154,.0606,.0713,.14,.138,-.0183,-.139,.464,.539,-.178,-.172,-.00343,.0334,.0717,.0195,.403,.343,-.655,-.7,-.322,-.313,.115,.148,.124,.144,0
2020,8,31,40,m,-.139,.0609,-.22,-.11,-.193,-.257,-.0573,-.00827,-.00747,.116,.0793,.227,.111,.159,.109,.0828,-.0192,-.0981,.0357,.719,-.216,-.132,-.0423,.0378,.0372,.0383,.207,.458,-.619,-.699,-.232,-.209,.0869,.269,.0985,.179,0
2020,8,31,41,m,-.286,-.246,-.443,-.39,-.686,-.691,-.132,-.149,-.138,-.094,.188,.145,-.0347,.0115,.123,.0962,-.136,-.176,.231,.421,-.403,-.384,-.067,-.0206,.0553,-.042,.3,.279,-.704,-.736,-.476,-.47,.0777,.0918,.0933,.0934,0
2020,8,31,42,m,-.178,-.0612,-.291,-.227,-.439,-.389,-.0597,-.0476,-.0349,.05,.155,.459,.102,.147,.202,.152,-.108,-.177,.11,.971,-.27,-.248,.00307,.0678,.0525,-.0277,.33,.551,-.641,-.731,-.343,-.349,.119,.383,.145,.3,0
2020,8,31,43,m,-.032,.0772,-.235,-.139,-.374,-.37,-.0177,-.00625,.0363,.131,.16,.215,.079,.162,.0691,.103,-.0189,-.113,.28,.488,-.104,-.109,.00408,.0678,.136,.0882,.322,.306,-.47,-.542,-.233,-.23,.163,.264,.122,.194,0
2020,8,31,44,m,-.0406,-.0884,-.344,-.297,-.507,-.471,-.0148,-.0265,.0765,.0158,.284,.177,.253,.172,.235,.21,.322,.254,.329,.175,-.0596,-.138,.0475,.0953,.106,.145,.973,.804,-.575,-.567,-.279,-.264,.343,.228,.293,.22,0
2020,8,31,45,m,-.219,-.0296,-.191,-.0695,-.336,-.194,.04,.0514,-.0207,.0536,.156,.19,.119,.104,.123,.0908,.0463,.00925,.259,.33,.0448,.066,.047,.0837,.155,.106,.218,.385,-.512,-.573,-.177,-.132,.106,.18,.114,.141,0
2020,8,31,46,m,-.0408,.000469,-.404,-.223,-.311,.0722,-.095,-.0116,.117,.225,.235,.282,.2,.365,.191,.194,-.237,-.245,.241,.626,-.192,-.0561,-.0831,.0723,-.00415,-.0382,.0131,.0301,-.572,-.641,-.343,-.24,.227,.32,.216,.272,0
2020,8,31,47,m,-.219,-.0956,-.317,-.195,-.592,-.579,-.0704,-.0488,-.0334,.036,.154,.171,.0752,.103,.0277,.0574,-.0538,-.184,.191,.434,-.177,-.18,-.0414,.0324,.0165,-.0207,.621,.6,-.627,-.636,-.335,-.298,.14,.198,.1,.148,0
2020,8,31,48,m,.0239,.125,-.247,-.181,-.508,-.403,.0942,.139,.125,.189,.439,.383,.158,.209,.326,.333,.0748,-.00436,.761,.886,-.149,-.11,.115,.19,.127,.236,.491,.46,-.605,-.645,-.299,-.274,.325,.374,.325,.355,0
2020,8,31,49,m,-.0387,.0237,-.237,-.187,-.369,-.357,.0415,-.0254,.0972,.0514,.197,.171,.187,.0674,.185,.128,-.00674,-.14,.325,.579,-.13,-.109,.0947,.078,.21,.0345,.275,.213,-.497,-.617,-.241,-.27,.187,.174,.186,.158,0
2020,8,31,50,m,-.0566,.0467,-.19,-.167,-.217,-.207,.0255,-.0223,.042,.0693,.34,.304,.106,.0823,.405,.105,-.0174,-.1,.573,.759,-.255,-.194,.167,.0918,.00734,-.0351,.329,.311,-.62,-.692,-.276,-.297,.266,.249,.305,.199,0
2020,8,31,51,m,-.22,-.017,-.309,-.192,-.414,-.34,-.0257,-.0416,-.07,.0916,.195,.158,.0496,.168,.0693,.0865,-.00847,-.186,.715,.922,-.106,-.133,.000488,.0658,.124,.0243,.00848,.291,-.585,-.683,-.273,-.275,.126,.239,.103,.178,0
2020,8,31,52,m,-.0541,.0243,-.266,-.185,-.316,-.329,-.0697,-.0316,.0778,.14,.00359,.147,.146,.197,.079,.0904,-.0851,-.146,.00229,.444,-.165,-.165,.00864,.0848,.0259,.00259,.105,.25,-.573,-.598,-.27,-.257,.0483,.198,.0607,.155,0
2020,8,31,53,m,-.0498,.14,-.168,-.0399,-.261,-.144,-.0112,.0422,.026,.14,.2,.357,.084,.14,.0599,.0238,-.129,-.168,.447,.932,-.0411,.0312,-.00608,.05,.0771,.0887,.155,.397,-.543,-.57,-.188,-.119,.164,.356,.118,.195,0
2020,9,30,1,m,-.219,-.178,-.386,-.314,-.682,-.666,-.137,-.148,-.129,-.0897,.0737,.093,-.0552,-.018,.0259,.037,.0542,-.0633,.125,.317,-.226,-.253,-.083,-.0464,.0204,-.0843,.323,.249,-.612,-.622,-.391,-.373,-.0057,.0468,.0038,.0437,0
2020,9,30,2,m,-.0958,.0815,-.263,-.212,-.459,-.508,.00712,-.0128,-.0155,.11,.192,.214,.0997,.145,.215,.161,.119,-.0245,.324,.531,.12,.0564,.104,.132,.19,.104,.502,.36,-.478,-.517,-.262,-.276,.094,.201,.142,.184,0
2020,9,30,3,m,-.0301,.0878,-.296,-.236,-.414,-.461,.00315,-.0275,.0712,.139,.258,.298,.163,.18,.149,.077,.00428,-.0695,.617,.857,-.13,-.134,.066,.0656,.151,.0434,.503,.464,-.535,-.607,-.288,-.3,.242,.345,.205,.224,0
2020,9,30,4,m,.112,.0156,-.0803,-.132,-.232,-.385,.11,-.0514,.155,.0592,.305,.18,.19,.095,.162,.0682,.129,-.138,.576,.515,.0359,-.12,.121,.0307,.256,-.0444,.513,.357,-.437,-.518,-.102,-.22,.297,.181,.241,.135,0
2020,9,30,5,m,.029,.0238,-.212,-.139,-.293,-.384,.0279,-.0414,.0857,.0349,.192,.129,.117,.0405,.12,.0647,.0655,-.0976,.274,.308,-.0522,-.098,.0549,.0236,.124,-.00106,.466,.289,-.476,-.519,-.183,-.208,.214,.143,.18,.115,0
2020,9,30,6,m,-.0489,-.067,-.317,-.277,-.525,-.555,-.0802,-.126,-.0663,-.0462,.138,.123,-.0778,-.0343,.0678,.0328,-.00838,-.133,.187,.342,-.157,-.222,-.064,-.0419,.0952,-.0651,.395,.2,-.572,-.61,-.322,-.343,.0618,.0905,.0638,.0727,0
2020,9,30,7,m,-.087,-.0539,-.232,-.183,-.347,-.404,-.0522,-.1,-.0297,-.00485,.139,.138,.0198,.037,.017,.0308,-.12,-.184,.237,.501,-.000769,-.0882,-.0333,.00298,.0534,-.12,.298,.408,-.527,-.559,-.242,-.259,.0756,.122,.0541,.0872,0
2020,9,30,8,m,-.123,-.0556,-.252,-.197,-.44,-.475,-.0053,-.0791,-.00158,.0171,.147,.141,.0791,.0611,.251,.0649,.0378,-.0959,.397,.431,-.0201,-.124,.0782,.0266,.0814,-.0745,.529,.457,-.52,-.578,-.243,-.277,.12,.14,.158,.116,0
2020,9,30,9,m,-.248,-.113,-.447,-.395,-.404,-.455,-.09,-.119,-.112,-.0301,.148,.167,-.000988,.0304,.0969,.121,.0168,-.103,.441,.791,-.23,-.275,-.00436,.0253,.0764,-.0486,.217,.106,-.659,-.681,-.404,-.411,.0689,.143,.078,.136,0
2020,9,30,10,m,.0527,.0273,-.175,-.135,-.234,-.307,.0314,-.044,.0997,.0739,.188,.155,.132,.106,.123,.0544,-.0167,-.148,.267,.478,-.101,-.149,.0585,.0436,.152,-.0531,.418,.37,-.512,-.548,-.193,-.223,.232,.217,.188,.151,0
2020,9,30,11,m,-.0555,-.0413,-.218,-.166,-.492,-.467,.0303,-.0209,-.0375,-.0274,.192,.174,.0641,.0496,.146,.0536,-.0593,-.202,.551,.611,-.077,-.128,-.00962,-.0116,.0689,-.102,.55,.564,-.566,-.613,-.244,-.259,.0896,.0989,.107,.0848,0
2020,9,30,12,m,-.156,-.184,-.405,-.389,-.631,-.659,-.0786,-.158,-.0482,-.0904,.138,.115,.0323,-.0216,.148,.0625,.107,-.124,.216,.492,-.258,-.336,.00414,-.0439,.135,-.0563,.301,.0676,-.727,-.756,-.414,-.451,.08,.0578,.102,.0594,0
2020,9,30,13,m,.23,.544,-.0158,.0816,-.187,-.128,.13,.119,.231,.405,.212,.29,.237,.308,.0858,.0745,.0476,-.104,.0154,.422,.156,.144,.0582,.136,.32,.214,.438,.518,-.523,-.531,-.0552,-.0304,.192,.395,.16,.283,0
2020,9,30,14,m,.512,.636,.0856,.0452,-.0197,-.00806,.423,.215,.532,.58,.692,.424,.552,.533,.496,.184,.229,-.0171,.93,1.32,.486,.195,.447,.284,.588,.297,1.07,1.08,-.271,-.443,.0875,-.0518,.722,.751,.637,.486,0
2020,9,30,15,m,.262,.352,.64,.738,.786,.705,-.0197,-.037,.0393,.122,.148,.105,-.0796,-.00195,-.22,-.239,.795,.387,.00292,.118,.513,.45,-.0717,-.0599,.0333,-.0246,.636,.414,.466,.497,.63,.588,.162,.206,-.0372,-.0343,0
2020,9,30,16,m,.0195,-.0703,-.187,-.224,-.36,-.436,.077,-.0534,.0278,-.0427,.194,.0948,.0349,-.0165,.166,.0384,-.0101,-.165,.495,.571,-.0221,-.143,.219,.154,.249,-.0441,.439,.259,-.518,-.567,-.209,-.281,.166,.0944,.166,.0719,0
2020,9,30,17,m,-.144,-.0763,-.255,-.253,-.331,-.404,-.0242,-.0912,-.0717,-.034,.132,.131,-.000301,.00467,.104,.0449,-.0232,-.173,.357,.561,-.107,-.148,-.00213,-.0151,.168,-.0287,.0879,.11,-.555,-.618,-.243,-.291,.0762,.127,.0866,.0962,0
2020,9,30,19,m,.427,.217,.0243,-.0074,-.208,-.238,.176,.0523,.352,.198,.351,.194,.313,.189,.123,.000714,.387,-.0319,.372,.435,.319,.107,.174,.0442,.277,.143,.548,.399,-.439,-.466,.0455,-.0674,.417,.279,.265,.134,0
2020,9,30,20,m,.29,.299,-.244,-.0983,-.33,-.349,.00668,.0422,.161,.198,.107,.231,.0825,.135,-.0604,.0349,.25,-.0266,-.208,.763,.0595,.096,-.018,.0984,.11,.0674,1.27,.901,-.445,-.546,-.157,-.133,.197,.337,.0761,.194,0
2020,9,30,21,m,-.252,-.257,-.542,-.433,-.641,-.627,-.15,-.178,-.158,-.177,.134,.119,-.0464,-.084,.185,.107,.0497,-.0722,.352,.387,-.288,-.284,-.00407,-.0488,.149,-.0304,.221,.389,-.667,-.684,-.499,-.459,.00984,.00582,.0651,.039,0
2020,9,30,22,m,-.0559,.11,-.326,-.214,-.641,-.537,-.0718,-.0674,.0812,.134,.0812,.216,.182,.15,.0726,.0333,.102,-.111,-.0067,.359,-.0445,.00121,-.0395,.0747,.0299,-.168,.415,.439,-.463,-.481,-.296,-.248,.159,.26,.133,.182,0
2020,9,30,23,m,.0931,.148,-.204,-.17,-.265,-.39,.101,-.0127,.18,.181,.382,.396,.246,.204,.228,.0791,.211,.00704,.644,1.09,-.0417,-.0358,.151,.0765,.206,.125,.188,.556,-.487,-.532,-.201,-.226,.359,.415,.314,.284,0
2020,9,30,24,m,-.168,-.0309,-.369,-.291,-.59,-.558,-.0131,-.0703,.00438,.106,.189,.223,.198,.243,.223,.173,.0403,-.129,.403,.779,-.181,-.203,.111,.0541,.162,-.000155,.228,.297,-.639,-.667,-.366,-.357,.14,.246,.169,.217,0
2020,9,30,25,m,-.0735,.0139,-.347,-.208,-.334,-.405,.00927,.009,.0937,.173,.593,.526,.316,.38,.404,.281,-.0267,-.0428,1.75,1.97,-.0123,.0871,.186,.175,.32,.134,.951,.569,-.728,-.703,-.375,-.3,.45,.474,.429,.385,0
2020,9,30,26,m,.169,.214,-.0848,-.0454,-.0191,-.0974,.106,.0713,.0985,.163,.289,.315,.0672,.141,.116,-.0014,.0456,-.104,.491,.806,.0375,.0717,.0661,.0695,.314,.22,-.0339,.117,-.289,-.331,-.0578,-.0651,.239,.348,.182,.168,0
2020,9,30,27,m,-.0912,-.0257,-.309,-.287,-.375,-.239,.00523,-.0378,.0769,.0861,.132,.0684,.237,.181,.229,.161,.354,.0447,.824,1.03,-.0625,-.0997,.127,.126,.213,.109,.502,.602,-.56,-.641,-.214,-.262,.254,.216,.244,.194,0
2020,9,30,28,m,.0347,.0766,-.246,-.224,-.265,-.176,-.00901,-.0701,.0234,.0514,.205,.175,.0129,.0277,.186,.0965,.0437,-.102,.33,.71,-.133,-.162,.0819,.0721,.123,-.0714,.878,.478,-.555,-.634,-.246,-.272,.14,.182,.158,.147,0
2020,9,30,29,m,-.295,-.136,-.551,-.427,-.672,-.602,-.225,-.131,-.201,-.0197,.121,.275,-.0969,.111,.0939,.149,.0308,-.0514,.0379,.629,-.212,-.14,-.099,.0393,.0144,.0711,.549,.351,-.766,-.751,-.531,-.457,.0118,.179,.0432,.167,0
2020,9,30,30,m,-.119,-.00128,-.455,-.311,-.385,-.424,-.177,-.16,-.0335,.0176,.202,.197,.0699,.0362,-.0803,-.0445,.215,-.0707,.156,.681,-.1,-.12,-.124,-.0436,-.0716,-.154,.998,.838,-.734,-.758,-.424,-.39,.155,.19,.059,.0945,0
2020,9,30,31,m,-.0444,.121,-.258,-.177,-.428,-.448,.00278,-.0252,.086,.189,.174,.235,.234,.256,.182,.0716,-.00989,-.139,.341,.758,-.0774,-.13,.0666,.0614,.119,.0503,.469,.559,-.556,-.662,-.238,-.243,.181,.361,.184,.203,0
2020,9,30,32,m,.0688,.114,-.348,-.257,-.385,-.451,-.0267,-.0791,.0575,.0697,.181,.238,.0541,.0519,.424,.0607,-.0422,-.201,.268,.632,-.0618,-.17,.182,.07,-.0935,-.17,.0529,.141,-.627,-.645,-.298,-.311,.169,.234,.253,.175,0
2020,9,30,33,m,.162,.0568,-.24,-.19,-.378,-.425,.0241,-.07,.162,.0313,.0917,.107,.164,.0195,.141,.0544,.108,-.0996,-.0498,.173,-.0503,-.174,.102,.0205,.17,-.0353,.247,.143,-.606,-.613,-.229,-.264,.113,.111,.124,.0896,0
2020,9,30,34,m,.122,.0727,-.276,-.24,-.53,-.547,.0624,.0062,.191,.147,.228,.198,.227,.187,.101,.128,.0602,-.0954,.607,.686,-.109,-.183,.116,.124,.294,.115,.431,.334,-.542,-.641,-.262,-.301,.282,.249,.224,.211,0
2020,9,30,35,m,-.0427,-.0297,-.315,-.262,-.503,-.541,-.0232,-.0595,.0534,.0602,.205,.202,.11,.112,.121,.0768,-.0471,-.115,.362,.648,-.176,-.222,.0522,.0551,.0908,-.026,.222,.254,-.556,-.603,-.32,-.332,.194,.209,.171,.167,0
2020,9,30,36,m,-.0275,-.0128,-.239,-.196,-.434,-.473,.00646,-.0707,.0608,.014,.206,.14,.148,.0378,.152,.0721,.0405,-.11,.415,.602,-.0676,-.11,.0839,.0278,.104,-.0438,.224,.22,-.553,-.57,-.234,-.25,.186,.151,.173,.121,0
2020,9,30,37,m,-.133,-.0457,-.253,-.165,-.482,-.537,-.0684,-.0612,.0107,.0544,.195,.25,.121,.127,.118,-.0162,.0968,-.123,.564,.845,-.0691,.00262,-.0492,-.0152,-.00735,-.0686,.0614,.101,-.624,-.611,-.266,-.246,.161,.25,.149,.14,0
2020,9,30,38,m,-.119,-.0808,-.254,-.192,-.281,-.397,-.0217,-.0906,-.0295,-.0295,.123,.12,.0476,.0118,.0426,-.00329,.0788,-.039,.206,.323,.0364,-.1,.0413,-.00556,.0982,-.0514,.619,.438,-.572,-.613,-.248,-.282,.122,.132,.0903,.0776,0
2020,9,30,39,m,-.0661,-.0548,-.274,-.223,-.436,-.469,.0301,-.0636,.0333,.00717,.253,.164,.112,.054,.133,.0952,.0975,-.0851,.645,.657,.0035,-.129,.058,.0334,.22,-.0178,.469,.334,-.623,-.671,-.24,-.282,.212,.153,.181,.13,0
2020,9,30,40,m,.0107,.101,-.215,-.151,-.185,-.331,-.0256,-.0318,.0871,.113,.115,.198,.152,.122,.0886,.0212,.00106,-.1,.161,.825,-.102,-.102,-.0245,.00453,.0796,.0156,.292,.216,-.54,-.632,-.201,-.222,.165,.255,.132,.141,0
2020,9,30,41,m,-.151,-.187,-.391,-.384,-.656,-.667,-.0712,-.144,-.043,-.0825,.209,.125,.0317,-.0101,.123,.0539,-.0186,-.0502,.406,.422,-.235,-.312,-.013,-.0279,.127,-.0568,.17,.131,-.656,-.695,-.405,-.431,.145,.0827,.137,.072,0
2020,9,30,42,m,-.0849,.0527,-.275,-.284,-.374,-.42,-.0178,-.0641,.00998,.1,.208,.394,.102,.142,.195,.0975,.000721,-.132,.212,.85,-.208,-.236,.0387,.0577,.111,-.0261,.42,.401,-.624,-.707,-.309,-.364,.173,.357,.181,.264,0
2020,9,30,43,m,.134,.0895,-.217,-.155,-.388,-.406,.0259,-.0407,.089,.0731,.215,.185,.0617,.0635,.103,.0167,.0938,-.0213,.305,.413,.0128,-.0392,.07,.0189,.182,.00974,.591,.446,-.406,-.462,-.185,-.2,.214,.216,.167,.13,0
2020,9,30,44,m,.00789,-.021,-.29,-.271,-.442,-.335,-.00154,-.0293,.148,.0913,.249,.134,.363,.259,.179,.114,.834,.472,.411,.0574,-.00935,-.0249,.0682,.0653,.13,.157,.122,.353,-.54,-.558,-.191,-.195,.279,.158,.232,.138,0
2020,9,30,45,m,-.0752,.0648,-.166,-.0603,-.216,-.144,.112,.0585,.0572,.0724,.29,.283,.145,.077,.135,.055,.304,.129,.304,.27,.261,.0441,.0608,.0656,.209,.0613,.421,.445,-.373,-.522,-.07,-.101,.179,.221,.163,.148,0
2020,9,30,46,m,.112,.0868,-.383,-.235,-.501,-.219,.0292,-.00174,.144,.133,.293,.371,.162,.162,.236,.174,.0448,-.137,.208,.745,-.102,-.108,.119,.079,.113,-.0235,.425,.312,-.445,-.594,-.296,-.258,.273,.346,.262,.281,0
2020,9,30,47,m,.0327,.0609,-.3,-.205,-.522,-.516,-.0252,-.0421,.0982,.0962,.144,.146,.134,.114,.0405,.0442,.0131,-.0562,.194,.395,-.0557,-.0654,.00474,.0448,.104,-.032,.442,.386,-.508,-.552,-.269,-.245,.182,.203,.132,.147,0
2020,9,30,48,m,-.172,-.224,-.348,-.308,-.646,-.677,.103,.0454,.118,.033,.439,.314,.209,.112,.332,.292,.098,.0463,1.18,1.06,-.231,-.255,.128,.106,.244,.133,.202,.251,-.535,-.624,-.349,-.372,.346,.239,.341,.263,0
2020,9,30,49,m,.0503,.112,-.211,-.193,-.278,-.334,.131,.00311,.17,.0951,.339,.241,.25,.0852,.177,.079,.159,-.0628,.429,.673,-.0402,-.0925,.17,.0883,.36,.0631,.336,.263,-.42,-.513,-.177,-.234,.308,.222,.263,.173,0
2020,9,30,50,m,-.0881,.0133,-.197,-.205,-.221,-.222,.0558,-.0396,.024,.00403,.303,.26,.103,-.00132,.391,.0527,.172,-.0665,.592,.824,-.154,-.208,.18,.0543,.0511,-.0204,.482,.205,-.586,-.645,-.243,-.299,.23,.197,.274,.147,0
2020,9,30,51,m,-.0845,.0652,-.261,-.204,-.399,-.325,.0084,-.0487,-.0341,.086,.164,.181,.00363,.101,.0012,.0242,.0992,-.103,.643,1.16,-.0705,-.123,.0183,.0457,.125,-.0264,-.0055,.256,-.48,-.622,-.213,-.253,.16,.267,.0979,.169,0
2020,9,30,52,m,-.0274,.0166,-.285,-.198,-.296,-.2,-.0206,-.0294,.124,.126,.0699,.137,.206,.18,.0624,.0392,-.0394,-.152,.084,.4,-.0418,-.0876,.0293,.0541,.081,.0187,.294,.278,-.496,-.56,-.237,-.232,.103,.181,.0886,.125,0
2020,9,30,53,m,.0985,.076,-.151,-.105,-.36,-.279,.00347,-.0107,.0912,.0619,.222,.271,.0867,.0529,.0133,-.0637,.0272,-.135,.493,.816,-.00334,-.000698,-.039,-.0311,.137,.0763,.265,.271,-.381,-.436,-.146,-.145,.194,.264,.112,.105,0
2020,10,31,1,m,-.104,-.0477,-.37,-.304,-.663,-.625,-.158,-.137,-.0647,-.00316,.0574,.0772,-.0334,.0329,.0188,.0439,-.0175,-.0436,.076,.298,-.243,-.239,-.0833,-.0188,-.0502,-.0826,.289,.194,-.62,-.615,-.393,-.359,.0258,.0869,.0235,.0734,0
2020,10,31,2,m,-.141,.122,-.252,-.184,-.504,-.501,-.0303,-.00627,-.072,.154,.194,.216,.0246,.193,.205,.155,.0904,-.00655,.331,.506,.0364,.0554,.0556,.135,.102,.0806,.526,.281,-.464,-.484,-.269,-.253,.0591,.223,.116,.195,0
2020,10,31,3,m,.0058,.254,-.293,-.233,-.455,-.467,-.0276,-.0114,.0563,.259,.168,.25,.103,.263,.192,.115,-.0757,-.0307,.449,.799,-.21,-.139,.0644,.126,.105,.0531,.467,.417,-.528,-.573,-.309,-.289,.183,.376,.189,.258,0
2020,10,31,4,m,.0559,.0844,-.0673,-.102,-.408,-.415,.0455,-.061,.109,.107,.203,.114,.156,.126,.173,.0724,.00526,-.16,.424,.408,-.0685,-.136,.0882,.0467,.164,-.0735,.272,.281,-.472,-.518,-.157,-.217,.22,.163,.201,.126,0
2020,10,31,5,m,.00549,.0578,-.195,-.139,-.344,-.361,.00146,-.041,.0685,.0734,.192,.138,.104,.0814,.131,.0849,-.0302,-.0943,.232,.357,-.125,-.107,.0439,.0367,.0902,-.0165,.442,.292,-.495,-.541,-.209,-.21,.217,.173,.186,.141,0
2020,10,31,6,m,.00397,-.000932,-.287,-.254,-.519,-.536,-.111,-.122,-.0549,-.00663,.1,.0906,-.0886,-.00986,.0411,.0386,-.0654,-.117,.162,.321,-.235,-.238,-.0865,-.0285,.0222,-.0641,.323,.152,-.549,-.59,-.32,-.328,.0494,.0881,.0471,.0729,0
2020,10,31,7,m,-.132,.0214,-.221,-.179,-.428,-.407,-.0778,-.0935,-.114,.0759,.148,.119,-.098,.123,.045,.0615,-.146,-.152,.236,.368,-.0824,-.0922,-.0509,.0458,-.00211,-.13,.579,.484,-.511,-.546,-.256,-.251,.0489,.162,.0488,.124,0
2020,10,31,8,m,-.00246,.0512,-.213,-.166,-.511,-.499,-.0356,-.078,.0564,.0899,.116,.128,.0933,.113,.238,.089,.0178,-.0631,.439,.457,-.169,-.181,.0873,.0684,.00995,-.107,.222,.26,-.491,-.555,-.256,-.268,.133,.164,.163,.14,0
2020,10,31,9,m,-.172,-.0231,-.389,-.371,-.411,-.45,-.0833,-.0929,-.0298,.0749,.175,.187,.084,.147,.0365,.128,-.0863,-.123,.824,.747,-.284,-.281,-.0142,.0506,.126,.0121,.156,.123,-.676,-.673,-.403,-.402,.133,.199,.0984,.174,0
2020,10,31,10,m,-.0625,.0632,-.14,-.101,-.285,-.284,.00056,-.0378,.0629,.134,.165,.133,.16,.182,.0928,.0876,-.0525,-.142,.266,.389,-.119,-.142,.0334,.0718,.0769,-.0654,.378,.326,-.448,-.486,-.182,-.196,.195,.206,.153,.158,0
2020,10,31,11,m,-.0188,.0855,-.152,-.116,-.403,-.418,-.0145,-.0325,.0034,.0959,.146,.124,.134,.153,.14,.0638,-.0975,-.199,.523,.548,-.192,-.176,.000429,.0406,.0297,-.114,.461,.433,-.526,-.554,-.225,-.233,.103,.165,.115,.133,0
2020,10,31,12,m,-.134,-.113,-.361,-.35,-.639,-.65,-.0937,-.141,-.0402,-.0302,.136,.122,.0303,.0305,.147,.0807,-.0151,-.129,.319,.551,-.287,-.32,-.00776,-.00861,.0836,-.0601,.295,.122,-.704,-.727,-.405,-.426,.0931,.0966,.11,.0912,0
2020,10,31,13,m,.235,.545,.00875,.0725,-.0766,-.0537,.0923,.107,.252,.441,.102,.238,.27,.369,.048,.0832,-.0186,-.0857,-.118,.252,.0333,.0307,.0431,.161,.267,.186,.237,.47,-.53,-.58,-.0616,-.0548,.141,.354,.112,.26,0
2020,10,31,14,m,.33,.633,.0824,.0317,-.025,.0581,.336,.215,.434,.642,.538,.361,.538,.649,.487,.225,.264,.0738,.899,1.22,.315,.152,.39,.318,.46,.286,.848,.886,-.337,-.458,.0487,-.0518,.591,.736,.557,.497,0
2020,10,31,15,m,.148,.448,.638,.707,.464,.406,-.0802,-.0539,.00107,.2,.0319,.0778,-.0815,.0665,-.219,-.218,.505,.327,-.159,.0821,.359,.386,-.103,-.0344,-.0164,-.0408,.47,.367,.529,.398,.536,.519,.0216,.178,-.0979,-.0362,0
2020,10,31,16,m,-.086,-.0286,-.155,-.196,-.386,-.408,.0368,-.0551,-.0223,.00131,.181,.0739,.0435,.0297,.181,.0733,-.0661,-.162,.651,.577,-.0997,-.156,.197,.179,.129,-.0724,.41,.328,-.514,-.556,-.216,-.266,.131,.0969,.15,.0874,0
2020,10,31,17,m,-.222,-.0397,-.244,-.228,-.425,-.448,-.0654,-.0895,-.115,.0104,.0743,.107,.000255,.0561,.139,.0631,-.125,-.171,.249,.444,-.212,-.161,-.0257,.00505,.0885,-.0436,.0796,.0351,-.555,-.604,-.277,-.285,.0226,.122,.0628,.1,0
2020,10,31,19,m,.264,.268,.0201,.0506,-.261,-.214,.0963,.0771,.241,.25,.29,.202,.23,.241,.111,.0301,.0858,-.0217,.474,.447,.123,.102,.106,.0774,.134,.146,.516,.402,-.478,-.471,-.0358,-.0387,.355,.293,.229,.156,0
2020,10,31,20,m,.153,.385,-.164,-.0172,-.25,-.231,-.0217,.0685,.0678,.255,.14,.255,.0149,.174,-.0568,.0723,.175,.0187,.21,.864,.00203,.116,-.0361,.14,.024,.0635,.477,.456,-.461,-.499,-.129,-.0694,.214,.396,.0864,.243,0
2020,10,31,21,m,-.255,-.222,-.464,-.388,-.674,-.632,-.16,-.17,-.108,-.114,-.00146,.0314,.077,.0118,.218,.126,.0289,-.0215,.16,.244,-.335,-.286,.0175,-.0091,.085,-.0363,.0734,-.0359,-.647,-.653,-.466,-.428,-.0588,-.0251,.0257,.0245,0
2020,10,31,22,m,-.135,.0455,-.32,-.233,-.547,-.468,-.106,-.0845,.0439,.138,.0732,.156,.177,.199,.124,.119,.193,.0375,.0169,.341,-.0638,-.0258,-.101,.0608,-.024,-.192,.681,.465,-.49,-.527,-.277,-.246,.128,.211,.128,.179,0
2020,10,31,23,m,-.0221,.256,-.197,-.177,-.321,-.42,.121,.00321,.144,.259,.313,.338,.297,.262,.339,.169,.121,.0182,.434,.874,-.0864,-.0716,.166,.12,.214,.168,.319,.573,-.515,-.525,-.225,-.235,.272,.394,.296,.306,0
2020,10,31,24,m,-.0375,.105,-.309,-.263,-.532,-.543,-.0134,-.052,.126,.24,.214,.234,.304,.374,.182,.163,.0435,-.0481,.608,.826,-.205,-.183,.0984,.0781,.141,.0209,.584,.537,-.647,-.683,-.33,-.333,.247,.327,.22,.26,0
2020,10,31,25,m,-.0351,.227,-.27,-.187,-.5,-.479,-.0231,.017,.0706,.27,.333,.399,.214,.326,.49,.345,-.0185,-.0155,1.73,1.4,-.181,-.0614,.197,.232,.258,.152,.0219,.576,-.719,-.667,-.376,-.303,.313,.438,.383,.395,0
2020,10,31,26,m,.162,.345,-.0299,.000629,.155,.0259,.119,.0855,.113,.242,.303,.293,.0937,.197,.154,.04,-.028,-.164,.59,.89,.0578,.0475,.0833,.0957,.298,.243,.133,.153,-.401,-.438,-.0342,-.0559,.293,.389,.228,.209,0
2020,10,31,27,m,-.0666,.0232,-.306,-.264,-.417,-.275,-.0469,-.0244,.0351,.14,.0199,.0308,.12,.239,.105,.123,.305,-.0327,.56,.801,-.211,-.162,.0778,.151,.202,.187,.553,.648,-.668,-.702,-.272,-.286,.145,.213,.129,.176,0
2020,10,31,28,m,-.00324,.128,-.237,-.227,-.43,-.396,-.0396,-.0568,.0181,.121,.174,.201,.0401,.114,.197,.152,.0239,-.0358,.437,.776,-.237,-.169,.0622,.109,.087,-.0485,.742,.382,-.553,-.601,-.277,-.281,.14,.228,.162,.197,0
2020,10,31,29,m,-.262,.0409,-.532,-.392,-.662,-.527,-.26,-.127,-.185,.0959,.0756,.258,-.0866,.157,.133,.195,-.117,-.0831,-.106,.476,-.356,-.208,-.0937,.101,-.0547,.0237,.265,.191,-.784,-.739,-.554,-.443,-.00461,.244,.0461,.223,0
2020,10,31,30,m,-.154,.0668,-.416,-.245,-.444,-.419,-.215,-.149,-.132,.0444,-.0623,.0721,-.105,.0223,-.0998,-.0262,.0071,-.0714,-.0884,.449,-.159,-.0731,-.162,-.0279,.0112,-.0489,-.146,.462,-.749,-.757,-.428,-.355,-.0888,.101,-.0953,.0493,0
2020,10,31,31,m,-.0304,.25,-.236,-.164,-.455,-.467,.0131,.0138,.0969,.297,.21,.259,.246,.344,.208,.108,-.0505,-.129,.43,.708,-.123,-.128,.0731,.116,.097,.0431,.32,.538,-.605,-.667,-.248,-.237,.215,.406,.214,.243,0
2020,10,31,32,m,-.0861,.0481,-.36,-.277,-.411,-.471,-.0758,-.0905,-.0109,.0766,.0965,.18,.0244,.0881,.438,.112,-.16,-.223,.0847,.521,-.156,-.159,.102,.0563,-.105,-.154,.0734,.203,-.642,-.655,-.336,-.325,.11,.205,.213,.174,0
2020,10,31,33,m,.156,.0853,-.197,-.169,-.39,-.417,.0227,-.065,.221,.107,.0594,.0265,.255,.117,.172,.0733,.0509,-.0353,-.143,.0064,-.0379,-.177,.0864,.0464,.18,-.0382,.437,.219,-.523,-.59,-.195,-.241,.114,.0678,.136,.0699,0
2020,10,31,34,m,.226,.227,-.205,-.179,-.622,-.556,.0695,.0451,.226,.239,.265,.21,.226,.246,.111,.173,.161,.021,.628,.77,-.0996,-.132,.0957,.177,.244,.111,.402,.328,-.474,-.568,-.22,-.238,.346,.325,.27,.277,0
2020,10,31,35,m,.0209,.0626,-.268,-.219,-.55,-.545,-.0286,-.0546,.0826,.111,.192,.164,.119,.14,.12,.0708,-.111,-.111,.365,.667,-.209,-.217,.0426,.0629,.0954,-.015,.257,.171,-.51,-.569,-.309,-.307,.217,.22,.186,.171,0
2020,10,31,36,m,-.0539,.0379,-.168,-.156,-.496,-.515,-.0121,-.0612,.0207,.0658,.185,.126,.0928,.0906,.103,.0581,-.0826,-.14,.502,.573,-.116,-.137,.0169,.0308,.122,-.0031,.394,.211,-.516,-.546,-.226,-.243,.177,.176,.149,.132,0
2020,10,31,37,m,-.167,-.0257,-.211,-.107,-.621,-.599,-.128,-.0567,-.031,.128,.153,.274,.0676,.239,.16,.0503,.0237,-.0946,.49,.779,-.348,-.0651,-.11,-.0176,-.111,-.116,.107,.194,-.636,-.608,-.32,-.235,.139,.289,.151,.191,0
2020,10,31,38,m,.00383,.0136,-.225,-.158,-.35,-.405,-.0408,-.0755,.0452,.0606,.14,.117,.0783,.0985,.0393,.00639,.0453,.0381,.187,.223,-.0881,-.0899,.0321,.0324,.0234,-.0873,.661,.406,-.51,-.542,-.243,-.24,.172,.161,.119,.099,0
2020,10,31,39,m,-.113,-.00293,-.222,-.191,-.445,-.45,-.000675,-.0476,.000568,.065,.194,.149,.0933,.116,.168,.129,-.0149,-.0778,.474,.554,-.0717,-.154,.0502,.0703,.13,-.00305,.419,.278,-.603,-.638,-.244,-.265,.162,.175,.163,.156,0
2020,10,31,40,m,-.0571,.176,-.227,-.159,-.271,-.386,-.0629,-.0215,.0389,.207,.0755,.192,.122,.231,.103,.0645,.0195,-.0523,.0201,.586,-.161,-.0843,-.0633,.0328,.0305,.0238,.298,.335,-.503,-.609,-.215,-.219,.107,.276,.107,.173,0
2020,10,31,41,m,-.0821,-.106,-.331,-.324,-.642,-.638,-.085,-.128,-.00449,-.0174,.142,.0702,.0478,.0439,.113,.0617,-.0624,-.0383,.132,.299,-.218,-.256,-.00973,.00101,.0684,-.0425,.242,.121,-.644,-.681,-.376,-.39,.122,.0817,.119,.0743,0
2020,10,31,42,m,-.069,.132,-.292,-.29,-.432,-.422,-.0371,-.0369,.041,.187,.192,.413,.15,.235,.23,.144,-.113,-.115,.153,.798,-.227,-.183,.0422,.105,.0803,.0112,.556,.593,-.624,-.687,-.337,-.353,.175,.393,.193,.304,0
2020,10,31,43,m,.0988,.097,-.145,-.0874,-.375,-.306,.0193,-.0293,.0984,.102,.232,.155,.0978,.105,.114,.0234,.00534,-.0749,.489,.441,-.037,.0217,.0497,.0195,.195,.0459,.775,.375,-.502,-.558,-.188,-.18,.253,.199,.193,.123,0
2020,10,31,44,m,-.0165,-.062,-.185,-.196,-.593,-.448,.043,.00795,.1,.028,.476,.327,.279,.163,.173,.166,1,.544,.939,.59,-.015,-.0475,.0373,.0628,.144,.117,.365,.228,-.415,-.475,-.129,-.153,.528,.351,.355,.264,0
2020,10,31,45,m,-.0883,.11,-.161,-.0674,-.371,-.248,.104,.0717,.0398,.132,.295,.244,.124,.145,.188,.104,.199,.176,.302,.213,.115,.063,.117,.149,.206,.0429,.815,.622,-.526,-.563,-.14,-.11,.217,.223,.206,.171,0
2020,10,31,46,m,.0548,.161,-.253,-.0994,-.415,-.248,-.00362,.033,.0417,.206,.221,.336,.0268,.234,.226,.207,.0189,-.0559,.153,.638,-.123,-.127,.0838,.125,.0335,.00113,.527,.328,-.536,-.596,-.245,-.198,.145,.334,.176,.286,0
2020,10,31,47,m,.0119,.174,-.234,-.167,-.471,-.431,.00984,.00535,.122,.188,.244,.218,.19,.196,.0382,.0549,-.0119,-.00595,.147,.45,-.00569,-.108,.013,.0855,.1,.0127,.419,.447,-.336,-.417,-.205,-.2,.255,.301,.178,.214,0
2020,10,31,48,m,.375,.294,-.233,-.137,-.471,-.428,.106,.106,.284,.224,.423,.313,.257,.202,.239,.221,.056,-.0138,.736,.825,-.0546,-.0838,.144,.166,.179,.135,.54,.44,-.621,-.639,-.283,-.252,.466,.375,.362,.306,0
2020,10,31,49,m,-.0308,.254,-.199,-.186,-.354,-.34,.0132,.000322,.0512,.216,.22,.227,.105,.195,.0548,.121,-.0602,-.0289,.329,.46,-.166,-.0863,.0531,.116,.166,.022,.367,.255,-.503,-.551,-.241,-.234,.198,.264,.149,.215,0
2020,10,31,50,m,-.0205,.0917,-.173,-.177,-.269,-.231,.0308,-.043,.104,.123,.241,.23,.187,.141,.392,.0903,-.00207,-.0871,.654,.819,-.189,-.201,.189,.0886,.0454,-.0721,.24,.156,-.57,-.626,-.257,-.287,.249,.227,.29,.179,0
2020,10,31,51,m,-.0587,.153,-.208,-.165,-.449,-.349,.0104,-.0202,.0105,.165,.182,.185,.0646,.174,.0855,.076,-.084,-.172,.781,1.27,-.0469,-.0458,.0322,.078,.103,.0216,.109,.283,-.535,-.633,-.226,-.24,.207,.307,.16,.215,0
2020,10,31,52,m,-.0738,.0929,-.274,-.212,-.351,-.344,-.0247,-.0153,.0922,.182,.0479,.103,.187,.226,.118,.101,-.0648,-.11,.0473,.231,-.051,-.0748,.0172,.0983,.115,.0585,.478,.292,-.457,-.522,-.234,-.234,.0836,.163,.0975,.138,0
2020,10,31,53,m,.0809,.194,-.116,-.0311,-.256,-.233,.00835,.0327,.114,.18,.141,.234,.138,.171,.047,.0147,-.167,-.162,.197,.63,-.0349,.015,.016,.0479,.0943,.0862,.316,.344,-.411,-.432,-.153,-.107,.145,.276,.101,.149,0
2020,11,30,1,m,-.108,.188,-.416,-.355,-.666,-.655,-.151,-.115,-.0462,.259,.0634,.193,.00472,.316,.0093,.102,.0296,-.0793,.0721,.361,-.276,-.304,-.0698,.103,-.0435,-.117,.278,.395,-.619,-.659,-.41,-.407,.0284,.318,.0223,.25,0
2020,11,30,2,m,-.19,.172,-.3,-.281,-.551,-.58,-.0497,-.0292,-.0923,.272,.145,.248,.0361,.392,.186,.199,.144,-.0578,.197,.458,-.0416,-.115,.0338,.193,.0907,.0257,.367,.39,-.488,-.533,-.309,-.34,.0143,.328,.0783,.274,0
2020,11,30,3,m,-.0913,.299,-.416,-.395,-.495,-.571,-.0836,-.0557,-.0287,.394,.157,.324,.0196,.469,.12,.169,-.0641,-.168,.352,.798,-.279,-.267,.0015,.171,.0368,-.0402,.335,.644,-.563,-.637,-.388,-.417,.111,.534,.117,.37,0
2020,11,30,4,m,-.0363,.264,-.115,-.159,-.33,-.423,.0299,-.048,.0512,.383,.222,.264,.123,.481,.112,.107,.0499,-.204,.491,.605,-.0922,-.219,.0519,.141,.13,-.136,.349,.619,-.452,-.557,-.159,-.269,.186,.46,.157,.316,0
2020,11,30,5,m,-.0404,.277,-.251,-.257,-.38,-.413,-.0368,-.0569,.0283,.33,.102,.177,.0655,.357,.0337,.114,-.0657,-.196,.129,.37,-.165,-.241,-.00467,.112,.0717,-.065,.322,.496,-.521,-.618,-.252,-.315,.123,.363,.0929,.273,0
2020,11,30,6,m,.0112,.31,-.338,-.322,-.547,-.577,-.0969,-.0934,-.0269,.288,.0901,.183,-.049,.275,.0451,.0829,.0275,-.108,.185,.394,-.236,-.302,-.0496,.104,.0352,-.0867,.213,.298,-.562,-.635,-.335,-.377,.0585,.33,.0556,.254,0
2020,11,30,7,m,-.114,.236,-.263,-.221,-.359,-.448,-.0656,-.0738,-.0729,.327,.147,.263,-.0385,.404,.032,.116,-.14,-.22,.175,.522,-.124,-.2,-.0456,.139,.0595,-.156,.272,.677,-.504,-.566,-.271,-.303,.0633,.434,.056,.313,0
2020,11,30,8,m,-.0143,.349,-.301,-.281,-.59,-.554,-.0452,-.0722,.0395,.38,.102,.199,.0738,.398,.107,.125,.0396,-.18,.315,.527,-.221,-.287,.0557,.178,.0546,-.116,.203,.47,-.521,-.625,-.316,-.367,.102,.402,.104,.313,0
2020,11,30,9,m,-.156,.162,-.458,-.449,-.475,-.526,-.0717,-.0881,-.023,.262,.133,.26,.0834,.336,.0498,.215,.0649,-.111,.537,.663,-.352,-.372,.0102,.162,.169,-.0276,.306,.446,-.647,-.698,-.424,-.46,.111,.363,.09,.311,0
2020,11,30,10,m,-.0579,.303,-.188,-.183,-.378,-.408,-.0186,-.0372,.0227,.406,.129,.213,.0788,.478,.057,.14,-.0293,-.178,.154,.429,-.146,-.238,-.000858,.159,.0668,-.108,.361,.676,-.493,-.596,-.214,-.28,.146,.461,.112,.33,0
2020,11,30,11,m,-.253,.212,-.215,-.167,-.456,-.485,-.0213,-.0266,-.211,.252,.109,.244,.0567,.471,.113,.145,.0197,-.209,.342,.636,-.255,-.302,-.116,.148,.00638,-.145,.487,.728,-.544,-.634,-.251,-.295,-.0903,.346,-.0384,.283,0
2020,11,30,12,m,-.085,.169,-.41,-.403,-.653,-.691,-.0717,-.11,.0223,.269,.151,.233,.105,.342,.14,.13,.0358,-.185,.218,.499,-.302,-.381,.0128,.111,.128,-.0624,.249,.357,-.712,-.76,-.425,-.475,.117,.343,.123,.271,0
2020,11,30,13,m,.0589,.659,-.127,-.0884,-.266,-.287,.0484,.109,.0972,.715,.0725,.365,.124,.753,.0663,.218,.0785,-.0257,-.0446,.479,-.0454,-.0469,.0423,.292,.212,.135,.19,.727,-.555,-.599,-.151,-.158,.0586,.621,.0621,.48,0
2020,11,30,14,m,.221,.743,-.0696,-.165,-.145,-.0902,.303,.181,.378,.906,.586,.419,.52,1.04,.438,.271,.175,-.0378,.77,1.21,.197,-.0345,.358,.408,.465,.201,.798,1.26,-.401,-.568,-.0648,-.213,.551,1,.517,.66,0
2020,11,30,15,m,.222,.752,.474,.485,.308,.322,-.0562,-.00968,.0535,.541,.034,.208,-.0355,.428,-.212,-.154,.714,.336,-.0555,.179,.221,.192,-.074,.065,.0527,.0135,.657,1.19,.727,.44,.463,.378,.0881,.508,-.0505,.15,0
2020,11,30,16,m,-.0999,.118,-.202,-.244,-.378,-.459,.026,-.0501,-.0527,.193,.152,.187,-.00933,.265,.128,.0923,-.00129,-.182,.55,.812,-.19,-.294,.17,.255,.121,-.114,.193,.314,-.566,-.626,-.249,-.329,.0963,.311,.106,.223,0
2020,11,30,17,m,-.167,.193,-.242,-.265,-.397,-.468,-.0501,-.046,-.0853,.283,.0855,.255,-.00758,.365,.115,.143,-.0343,-.22,.367,.653,-.195,-.229,-.0224,.138,.0761,-.0336,.139,.357,-.521,-.648,-.249,-.328,.0313,.392,.0589,.298,0
2020,11,30,19,m,.186,.498,-.0328,-.0484,-.268,-.28,.078,.0465,.19,.497,.247,.237,.193,.497,.0804,.0493,.12,-.136,.347,.458,.107,-.0387,.0827,.118,.148,.079,.464,.701,-.47,-.51,-.0587,-.137,.282,.504,.186,.267,0
2020,11,30,20,m,.0847,.591,-.244,-.134,-.393,-.426,.00776,.132,.124,.636,.216,.462,.15,.664,-.0422,.199,.0647,-.0616,.0647,.912,.0603,.0351,-.0204,.305,.115,.0998,.473,1.16,-.462,-.562,-.182,-.174,.217,.761,.102,.495,0
2020,11,30,21,m,-.255,-.0294,-.477,-.458,-.609,-.665,-.124,-.153,-.123,.0788,.0906,.159,.0436,.204,.202,.168,.0531,-.116,.262,.303,-.26,-.307,.0128,.0867,.101,-.0502,-.0679,.0483,-.667,-.708,-.457,-.487,-.0168,.168,.0463,.168,0
2020,11,30,22,m,-.259,.18,-.458,-.386,-.704,-.624,-.121,-.0506,.0372,.475,.127,.335,.266,.672,.0552,.196,.231,-.126,-.0121,.48,-.376,-.176,-.103,.203,-.00288,-.192,.605,.678,-.524,-.577,-.418,-.381,.149,.581,.123,.449,0
2020,11,30,23,m,.0806,.525,-.236,-.256,-.409,-.51,.129,.00544,.2,.575,.473,.493,.293,.608,.368,.273,.0837,-.099,.993,1.24,-.0855,-.104,.204,.279,.232,.14,.481,.773,-.506,-.566,-.247,-.302,.381,.716,.378,.543,0
2020,11,30,24,m,.0832,.372,-.426,-.41,-.579,-.577,-.0223,-.0571,.2,.492,.184,.293,.322,.612,.131,.228,.0374,-.13,.54,.689,-.275,-.299,.131,.187,.122,-.0395,.287,.581,-.647,-.71,-.4,-.432,.252,.506,.204,.393,0
2020,11,30,25,m,-.0605,.363,-.357,-.331,-.424,-.445,-.000957,-.00484,.0697,.45,.459,.444,.25,.562,.441,.373,-.00121,-.0773,1.51,1.31,-.16,-.145,.192,.308,.289,.0909,.888,.968,-.688,-.688,-.393,-.387,.353,.594,.385,.493,0
2020,11,30,26,m,.13,.415,-.0478,-.0847,.0331,-.167,.168,.102,.112,.403,.389,.396,.104,.398,.148,.102,.143,-.141,.846,1.06,.0165,-.0877,.0977,.133,.445,.226,.272,.603,-.123,-.407,-.00705,-.129,.315,.583,.239,.335,0
2020,11,30,27,m,-.0616,.263,-.393,-.39,-.523,-.477,-.00835,.0283,.0791,.461,.049,.114,.197,.628,1.38,1.54,.0624,-.0589,.555,.93,-.336,-.345,.387,.586,-.004,-.0398,.465,.906,-.682,-.717,-.372,-.396,.184,.471,.63,.909,0
2020,11,30,28,m,.0257,.263,-.355,-.371,-.259,-.357,-.0307,-.0713,.0769,.293,.217,.298,.128,.322,.222,.203,-.017,-.117,.478,.737,-.21,-.249,.101,.173,.0971,-.0762,.472,.668,-.58,-.655,-.316,-.372,.198,.404,.208,.322,0
2020,11,30,29,m,-.295,.12,-.566,-.455,-.66,-.624,-.272,-.144,-.209,.266,.0463,.304,-.114,.428,.063,.202,-.0702,-.122,-.14,.43,-.389,-.293,-.108,.185,-.131,-.0555,.231,.404,-.754,-.735,-.56,-.492,-.0479,.376,-.00939,.304,0
2020,11,30,30,m,-.13,.176,-.393,-.349,-.419,-.449,-.152,-.12,-.0673,.267,.107,.281,-.00613,.355,-.12,.0286,.122,-.0153,.132,.966,-.0843,-.191,-.12,.0746,.0117,-.0535,.398,.837,-.774,-.814,-.399,-.427,.0617,.382,-.0101,.238,0
2020,11,30,31,m,-.152,.272,-.342,-.281,-.558,-.58,-.0354,.00269,-.00797,.433,.108,.311,.146,.594,.152,.146,-.119,-.247,.448,.899,-.265,-.272,.0348,.152,.113,.0179,-.0636,.528,-.628,-.727,-.347,-.353,.0868,.565,.12,.336,0
2020,11,30,32,m,-.115,.233,-.448,-.419,-.52,-.606,-.126,-.0915,-.0796,.261,.007,.217,-.0641,.272,.21,.19,-.197,-.325,.17,.605,-.226,-.305,.0164,.151,-.142,-.144,-.195,.254,-.667,-.727,-.403,-.448,.000996,.34,.0706,.289,0
2020,11,30,33,m,.126,.346,-.277,-.311,-.429,-.444,.00535,-.0716,.193,.385,.0253,.0925,.226,.402,.143,.121,.0354,-.17,-.201,.0499,-.073,-.285,.0874,.132,.171,-.0624,.45,.49,-.581,-.683,-.252,-.356,.0786,.28,.103,.22,0
2020,11,30,34,m,.185,.522,-.341,-.321,-.612,-.552,.034,.0631,.208,.623,.192,.308,.217,.676,.0625,.245,.194,-.0621,.459,.745,-.205,-.257,.0991,.304,.214,.0994,.44,.565,-.494,-.63,-.302,-.344,.262,.62,.201,.502,0
2020,11,30,35,m,.0342,.33,-.353,-.329,-.566,-.562,-.0521,-.0418,.0984,.423,.162,.278,.135,.476,.0225,.092,-.134,-.205,.232,.623,-.252,-.309,.016,.178,.0954,-.0447,.222,.449,-.578,-.657,-.369,-.398,.185,.479,.137,.354,0
2020,11,30,36,m,-.064,.244,-.209,-.21,-.446,-.509,.0116,-.0267,.0253,.315,.216,.246,.11,.377,.0645,.121,-.0183,-.199,.383,.65,-.0931,-.19,.0202,.149,.199,.0147,.257,.355,-.51,-.572,-.226,-.288,.177,.424,.136,.309,0
2020,11,30,37,m,-.137,.16,-.325,-.21,-.557,-.6,-.151,-.0686,.0109,.406,.00658,.171,.114,.584,.0967,.0892,.0826,-.121,.277,.552,-.37,-.25,-.105,.0435,-.101,-.075,.29,.435,-.643,-.676,-.358,-.325,.061,.402,.0784,.273,0
2020,11,30,38,m,-.0447,.217,-.269,-.203,-.418,-.421,-.0578,-.0607,-.00447,.266,.138,.207,.028,.305,-.0298,.0156,.00795,-.104,.211,.389,-.0705,-.169,-.0158,.095,.0339,-.106,.568,.521,-.469,-.547,-.261,-.29,.14,.378,.0746,.233,0
2020,11,30,39,m,-.146,.194,-.283,-.296,-.53,-.522,-.0292,-.0385,-.031,.289,.202,.301,.0619,.361,.104,.164,-.0544,-.193,.66,.665,-.209,-.272,-.0000801,.152,.108,-.0281,.364,.657,-.543,-.639,-.295,-.354,.15,.439,.13,.329,0
2020,11,30,40,m,-.0915,.261,-.293,-.263,-.328,-.464,-.0854,-.0301,.0398,.372,.0278,.256,.151,.457,.0785,.119,-.00295,-.108,.093,.721,-.244,-.216,-.0707,.0738,.0229,-.00418,.0713,.5,-.57,-.672,-.279,-.313,.0874,.439,.0859,.284,0
2020,11,30,41,m,-.0507,.208,-.386,-.39,-.592,-.623,-.0788,-.114,.0246,.261,.175,.188,.0808,.299,.0772,.103,-.048,-.135,.227,.338,-.301,-.371,-.023,.0995,.0828,-.0829,.243,.409,-.631,-.701,-.401,-.449,.153,.326,.124,.243,0
2020,11,30,42,m,-.0837,.234,-.379,-.418,-.541,-.575,-.0662,-.0428,.0117,.33,.0938,.494,.099,.414,.202,.22,-.0997,-.194,.0496,.836,-.312,-.311,.0279,.171,.0643,-.0584,.252,.696,-.643,-.711,-.406,-.457,.103,.542,.133,.427,0
2020,11,30,43,m,.00834,.33,-.227,-.157,-.436,-.374,-.00309,-.00359,.0348,.384,.167,.246,.0489,.415,.0527,.076,-.00215,-.165,.423,.494,-.11,-.158,.00169,.126,.233,.0537,.36,.505,-.264,-.411,-.203,-.229,.183,.457,.129,.292,0
2020,11,30,44,m,-.162,.208,-.293,-.228,-.598,-.528,-.131,-.0193,.00301,.332,.249,.251,.286,.518,-.0184,.243,.124,.019,.171,.563,-.281,-.187,-.0799,.178,.025,.0479,.502,.523,-.651,-.586,-.333,-.27,.176,.432,.084,.344,0
2020,11,30,45,m,-.015,.331,-.193,-.182,-.262,-.269,.105,.0719,.186,.463,.202,.273,.318,.543,.171,.161,.361,.209,.445,.309,.0884,-.0685,.17,.237,.221,.00903,.214,.571,-.574,-.64,-.135,-.192,.186,.4,.183,.296,0
2020,11,30,46,m,-.0783,.28,-.419,-.324,-.557,-.436,-.128,-.0324,-.0492,.493,-.0388,.261,-.0499,.626,.0508,.254,-.0205,-.0986,.0316,.57,-.285,-.287,-.0155,.167,-.0271,-.0652,-.0159,.414,-.55,-.62,-.373,-.348,-.0307,.473,.000068,.39,0
2020,11,30,47,m,.0481,.526,-.308,-.278,-.516,-.536,-.0563,-.00851,.105,.508,.119,.252,.139,.499,-.00625,.0944,.036,-.116,.076,.481,-.0313,-.16,-.0123,.18,.014,-.0377,.405,.674,-.567,-.599,-.28,-.311,.147,.52,.0958,.369,0
2020,11,30,48,m,.276,.737,-.234,-.117,-.348,-.264,.0964,.15,.23,.473,.334,.38,.217,.392,.174,.25,.146,-.00578,.648,.957,-.0607,-.187,.105,.231,.143,.0905,.436,.788,-.432,-.541,-.224,-.218,.349,.602,.272,.443,0
2020,11,30,49,m,-.0289,.442,-.279,-.301,-.463,-.313,.00692,.0255,.0881,.534,.141,.301,.16,.587,.00905,.172,-.0572,-.176,.131,.378,-.207,-.226,.0725,.238,.218,.0516,.344,.637,-.562,-.62,-.308,-.335,.16,.493,.11,.382,0
2020,11,30,50,m,.0424,.454,-.208,-.268,-.34,-.308,.0523,.0287,.156,.478,.248,.394,.232,.492,.24,.197,.063,-.0956,.493,.803,-.179,-.264,.165,.245,.131,-.00944,.347,.578,-.608,-.668,-.281,-.349,.261,.534,.253,.417,0
2020,11,30,51,m,-.156,.371,-.336,-.297,-.377,-.382,-.0488,-.034,-.0746,.467,.0995,.217,-.0146,.534,-.0146,.111,-.0595,-.204,.556,.92,-.152,-.233,-.0425,.171,.0945,-.0156,-.0856,.608,-.525,-.675,-.285,-.34,.0617,.5,.0328,.344,0
2020,11,30,52,m,-.0216,.262,-.338,-.334,-.185,-.31,-.0246,-.0293,.17,.425,-.00437,.142,.275,.507,.12,.166,-.0462,-.191,-.136,.136,-.111,-.227,.0528,.166,.0767,-.01,.363,.416,-.309,-.454,-.232,-.309,.0662,.347,.087,.274,0
2020,11,30,53,m,.0548,.312,-.176,-.142,-.344,-.339,-.0132,.0317,.0743,.373,.155,.314,.0854,.412,.0182,.0682,-.0842,-.201,.247,.647,-.0679,-.061,-.023,.0933,.102,.0531,.443,.886,-.426,-.525,-.183,-.198,.168,.478,.102,.279,0
2020,12,31,1,m,-.214,.367,-.489,-.431,-.664,-.645,-.155,-.027,-.167,.455,.0259,.224,-.129,.526,-.00636,.226,.0752,-.0364,.0536,.22,-.266,-.29,-.112,.249,.0167,.0564,.0694,.822,-.626,-.68,-.438,-.435,-.0833,.444,-.0639,.376,0
2020,12,31,2,m,-.148,.425,-.352,-.34,-.511,-.534,-.0354,.0669,-.0979,.515,.132,.334,-.0393,.624,.225,.283,.173,-.0113,.206,.352,-.0119,-.0401,.041,.35,.131,.183,.207,1.07,-.471,-.54,-.315,-.351,-.00516,.526,.0743,.423,0
2020,12,31,3,m,-.0843,.585,-.427,-.378,-.498,-.525,-.0735,.0319,-.0602,.674,.107,.296,-.0441,.745,.13,.251,-.0444,-.0793,.327,.42,-.205,-.171,-.000575,.32,.0487,.07,.196,1.3,-.522,-.63,-.367,-.38,.0384,.662,.075,.477,0
2020,12,31,4,m,-.0602,.563,-.146,-.158,-.272,-.344,.0096,.0348,-.0128,.637,.128,.272,.0264,.698,.0823,.213,.163,-.15,.266,.312,-.0503,-.138,.0173,.286,.137,-.0347,.205,1.15,-.498,-.595,-.152,-.245,.0666,.585,.0689,.433,0
2020,12,31,5,m,-.102,.434,-.256,-.276,-.374,-.411,-.0288,-.000243,-.0455,.477,.0857,.139,-.0149,.498,.0444,.225,.0211,-.202,.123,.112,-.0171,-.145,-.0212,.208,.0806,.0349,.181,.864,-.501,-.634,-.211,-.309,.0467,.403,.0457,.339,0
2020,12,31,6,m,-.119,.46,-.427,-.4,-.589,-.588,-.124,-.0363,-.147,.426,.0187,.186,-.162,.407,.0545,.19,-.016,-.149,.0957,.192,-.258,-.319,-.093,.206,.0784,.0642,.12,.75,-.611,-.689,-.397,-.428,-.0712,.408,-.0389,.341,0
2020,12,31,7,m,-.161,.518,-.295,-.234,-.407,-.425,-.0837,.00775,-.113,.567,.0609,.282,-.0696,.608,.00568,.221,.012,-.111,.135,.302,-.0509,-.124,-.0625,.286,.043,-.042,-.00182,1.28,-.515,-.573,-.261,-.279,-.0345,.569,-.0181,.437,0
2020,12,31,8,m,-.136,.493,-.338,-.32,-.501,-.543,-.0785,-.034,-.0649,.513,.0458,.157,-.0164,.525,.00804,.173,-.0129,-.2,.187,.155,-.174,-.24,-.0199,.255,.0506,-.0278,.143,.923,-.541,-.641,-.317,-.378,-.00918,.44,-.00396,.355,0
2020,12,31,9,m,-.218,.291,-.523,-.475,-.559,-.576,-.106,-.0193,-.156,.348,.063,.28,-.108,.389,.0943,.304,.0758,-.0964,.567,.529,-.307,-.285,-.0498,.241,.126,.109,-.0428,.681,-.625,-.694,-.448,-.461,-.03,.419,.00625,.379,0
2020,12,31,10,m,-.0769,.538,-.231,-.22,-.324,-.38,-.0251,.0161,-.0352,.581,.0766,.195,-.0055,.611,.0198,.222,.035,-.191,.0545,.141,-.121,-.206,-.0138,.265,.0949,-.0143,.168,1.04,-.497,-.611,-.213,-.291,.0507,.523,.0377,.4,0
2020,12,31,11,m,.0591,.533,-.285,-.209,-.436,-.436,-.044,.0207,.0407,.564,.0182,.206,-.0338,.735,.0674,.239,-.0512,-.223,.315,.337,-.22,-.254,.0145,.337,.0163,-.0482,.148,1.43,-.585,-.665,-.29,-.307,.0596,.546,.064,.45,0
2020,12,31,12,m,-.232,.265,-.515,-.479,-.694,-.713,-.0805,-.00605,-.119,.407,.102,.254,-.0314,.51,.15,.256,.0492,-.16,.333,.357,-.3,-.341,-.0346,.231,.221,.218,.106,.768,-.71,-.77,-.472,-.502,-.0108,.433,.0323,.374,0
2020,12,31,13,m,.0936,1.24,-.168,-.0973,-.258,-.196,.0723,.255,.0766,1.21,.126,.46,.0648,1.18,.0848,.434,-.0512,-.155,.00598,.336,.108,.0843,.0715,.581,.22,.307,-.0948,1.34,-.546,-.591,-.156,-.144,.0466,.876,.0588,.722,0
2020,12,31,14,m,.172,1.13,-.171,-.248,-.168,.00705,.306,.311,.274,1.3,.505,.413,.36,1.44,.458,.382,.263,-.0706,.816,.784,.285,.049,.327,.626,.571,.437,.255,1.88,-.394,-.573,-.089,-.231,.38,1.22,.418,.827,0
2020,12,31,15,m,.113,.962,.386,.436,.555,.602,-.0268,.0647,-.045,.705,.0798,.181,-.129,.567,-.202,-.053,.695,.415,.045,-.0319,.321,.271,-.0908,.166,.1,.141,.306,1.41,.572,.18,.447,.382,.0336,.531,-.0769,.216,0
2020,12,31,16,m,-.0937,.384,-.184,-.219,-.296,-.381,.0709,.0896,-.0487,.486,.109,.268,-.00819,.583,.157,.23,.0192,-.141,.397,.518,-.0431,-.115,.216,.499,.216,.0643,.0711,1.05,-.594,-.665,-.206,-.282,.0433,.499,.0789,.391,0
2020,12,31,17,m,-.149,.445,-.303,-.294,-.408,-.409,-.0356,.0833,-.108,.52,.0446,.333,-.0705,.589,.0886,.246,-.00328,-.153,.164,.472,-.204,-.216,-.0316,.291,.209,.224,-.109,.835,-.567,-.649,-.285,-.322,-.0344,.552,.00409,.436,0
2020,12,31,19,m,.241,1.04,-.0273,-.0671,-.215,-.202,.114,.148,.163,.879,.223,.257,.124,.8,.112,.163,.149,-.169,.332,.302,.224,.0421,.109,.287,.193,.23,.297,1.36,-.451,-.525,-.0265,-.135,.22,.712,.172,.426,0
2020,12,31,20,m,.0935,.967,-.28,-.147,-.438,-.412,.0197,.249,.103,.963,.173,.503,.109,.96,.0127,.365,.154,-.0897,.139,.916,.000711,.0531,.00821,.51,.142,.245,.302,1.65,-.358,-.524,-.193,-.174,.175,1,.104,.701,0
2020,12,31,21,m,-.305,.0645,-.58,-.544,-.665,-.698,-.155,-.0917,-.186,.215,.0165,.169,-.0423,.389,.159,.263,.0416,-.0945,.296,.255,-.337,-.339,-.0323,.198,.11,.116,-.244,.37,-.665,-.715,-.519,-.531,-.0974,.248,-.0253,.253,0
2020,12,31,22,m,-.138,.674,-.395,-.297,-.582,-.529,-.155,.0167,-.0294,.746,-.0327,.251,.0471,.794,-.0942,.218,.0522,-.167,-.353,.0636,-.145,-.00634,-.17,.304,.00236,-.0718,.136,.821,-.525,-.605,-.344,-.317,-.0235,.658,-.042,.508,0
2020,12,31,23,m,.0444,1.04,-.255,-.27,-.379,-.447,.179,.132,.13,1.1,.395,.534,.194,1.14,.237,.347,.0341,-.0507,.484,.739,-.0519,-.0742,.14,.515,.289,.323,.342,1.59,-.527,-.569,-.257,-.295,.263,1.06,.256,.782,0
2020,12,31,24,m,-.082,.401,-.452,-.452,-.608,-.622,-.0201,-.0031,.0181,.546,.146,.256,.119,.691,.0773,.28,.114,-.139,.51,.364,-.196,-.261,.0836,.265,.17,.108,.297,.988,-.639,-.734,-.392,-.454,.102,.501,.0907,.411,0
2020,12,31,25,m,-.0273,.74,-.356,-.318,-.416,-.412,.0597,.173,.12,.857,.452,.601,.327,1.01,.559,.586,.0212,.0526,1.55,.884,.00792,.0231,.245,.591,.352,.325,.903,1.99,-.672,-.683,-.363,-.347,.325,.927,.407,.771,0
2020,12,31,26,m,.113,.715,-.0786,-.128,.0852,-.185,.169,.165,.0802,.674,.295,.329,.0655,.656,.18,.194,.331,-.0852,.546,.621,.0791,-.0566,.125,.238,.413,.333,.114,.942,-.0664,-.418,.0158,-.141,.182,.632,.182,.405,0
2020,12,31,27,m,-.07,.373,-.438,-.393,-.511,-.387,-.138,-.0413,.106,.642,.114,.0989,.252,.87,.0445,.319,.246,-.0638,.938,.589,-.18,-.263,-.0137,.249,.0267,.0548,.633,1.33,-.645,-.758,-.326,-.383,.231,.536,.154,.446,0
2020,12,31,28,m,-.0665,.502,-.39,-.389,-.393,-.459,-.0385,.0213,-.00144,.533,.201,.364,.067,.562,.159,.282,.122,-.0616,.458,.463,-.197,-.187,.0493,.314,.0727,.0451,.474,1.35,-.612,-.697,-.329,-.381,.112,.577,.13,.457,0
2020,12,31,29,m,-.324,.32,-.605,-.512,-.683,-.65,-.259,-.0381,-.237,.493,.00976,.383,-.139,.686,.0431,.303,.0373,-.0347,.0382,.539,-.382,-.16,-.127,.353,-.0636,.161,-.00703,.739,-.741,-.733,-.564,-.496,-.105,.569,-.057,.459,0
2020,12,31,30,m,-.178,.389,-.387,-.338,-.459,-.439,-.154,-.0318,-.141,.48,-.0254,.302,-.108,.57,-.117,.155,.0777,-.00191,-.0766,.444,-.114,-.127,-.138,.208,.0125,.0903,.2,1.69,-.688,-.795,-.369,-.406,-.0809,.481,-.098,.348,0
2020,12,31,31,m,-.134,.559,-.336,-.251,-.403,-.475,-.0195,.106,-.0349,.669,.176,.292,.0711,.778,.101,.229,-.158,-.231,.424,.541,-.195,-.209,.00533,.268,.133,.162,.00961,1.18,-.566,-.679,-.311,-.309,.0554,.64,.0795,.416,0
2020,12,31,32,m,-.0977,.484,-.465,-.418,-.479,-.503,-.0961,.00139,-.108,.461,.0676,.262,-.113,.451,.263,.326,-.193,-.33,.145,.387,-.103,-.212,.0416,.294,-.113,-.0349,-.127,.709,-.618,-.707,-.38,-.42,-.0149,.481,.0728,.429,0
2020,12,31,33,m,.0263,.471,-.306,-.364,-.417,-.463,.0124,-.0305,.0681,.486,.0476,.0639,.0896,.492,.145,.214,.148,-.207,-.233,-.151,-.0358,-.27,.0564,.2,.171,.018,.254,.75,-.562,-.694,-.238,-.383,.0121,.303,.0598,.269,0
2020,12,31,34,m,-.0391,.63,-.418,-.404,-.659,-.658,-.0185,.126,-.00896,.732,.0573,.269,.00488,.786,.0336,.365,.194,-.0397,.394,.402,-.177,-.269,.0177,.407,.247,.298,.0194,1.19,-.534,-.671,-.34,-.397,.031,.645,.0285,.557,0
2020,12,31,35,m,-.186,.328,-.44,-.412,-.602,-.596,-.095,.00134,-.105,.458,.0817,.235,-.0578,.533,.0106,.194,-.042,-.135,.228,.374,-.212,-.262,-.0686,.241,.0628,.0682,-.00702,.716,-.584,-.677,-.392,-.421,.00533,.464,.00572,.377,0
2020,12,31,36,m,-.0873,.457,-.211,-.195,-.419,-.444,.0057,.0696,-.0156,.571,.146,.324,.0481,.673,.11,.287,.0604,-.0747,.427,.54,-.0786,-.133,.0171,.329,.144,.0705,.00625,1.06,-.491,-.575,-.203,-.246,.0803,.61,.0862,.488,0
2020,12,31,37,m,-.252,.277,-.373,-.27,-.614,-.623,-.137,.0468,-.0889,.517,.0205,.236,.0323,.691,.0516,.191,-.036,-.242,.2,.239,-.145,-.0119,-.112,.17,-.144,.0606,.147,.893,-.623,-.65,-.356,-.325,-.0153,.466,.0125,.353,0
2020,12,31,38,m,-.0288,.586,-.245,-.153,-.377,-.342,-.054,.0144,-.0156,.585,.127,.221,-.00504,.585,-.0133,.0761,.0444,-.129,.204,.256,-.0958,-.106,-.0124,.248,.0667,-.0368,.543,1.34,-.488,-.589,-.246,-.269,.0974,.558,.0546,.365,0
2020,12,31,39,m,-.194,.328,-.332,-.311,-.511,-.477,-.0549,.0387,-.102,.434,.0897,.284,-.029,.513,.0705,.253,.0211,-.137,.265,.334,-.0773,-.177,-.0409,.25,.115,.134,.245,1.28,-.648,-.712,-.298,-.341,.0103,.487,.0274,.393,0
2020,12,31,40,m,-.113,.409,-.279,-.248,-.218,-.406,-.0607,.0241,-.00976,.496,.0408,.233,.0767,.565,.0887,.211,.11,-.0902,.0818,.334,-.0843,-.153,-.075,.143,.0566,.0919,.0526,1.03,-.418,-.626,-.204,-.281,.0322,.497,.0584,.358,0
2020,12,31,41,m,-.214,.305,-.503,-.48,-.666,-.68,-.107,-.035,-.127,.408,.128,.229,-.0635,.479,.06,.213,.0445,-.048,.356,.345,-.319,-.39,-.0796,.212,.13,.0988,-.0263,.587,-.667,-.73,-.462,-.491,.0131,.436,.0243,.353,0
2020,12,31,42,m,-.159,.357,-.452,-.459,-.469,-.551,-.0755,.014,-.062,.474,.107,.368,.0273,.576,.143,.307,-.0401,-.152,.143,.401,-.234,-.226,-.0184,.266,.0579,.0488,.134,1.12,-.613,-.701,-.403,-.453,.0486,.516,.0788,.441,0
2020,12,31,43,m,-.0217,.66,-.268,-.196,-.371,-.311,-.0297,.0666,-.0133,.665,.125,.256,-.00794,.667,.00626,.148,.018,-.174,.319,.268,-.0446,-.0897,-.0235,.259,.205,.168,.0954,1.09,-.434,-.475,-.236,-.24,.0792,.593,.0481,.4,0
2020,12,31,44,m,-.0737,.325,-.364,-.258,-.66,-.502,-.12,.0562,-.00442,.509,.0146,.182,.0966,.785,.0179,.296,.163,.0638,-.0944,.286,.0319,.029,.0113,.348,.0447,.226,.148,1.27,-.567,-.567,-.314,-.241,-.0297,.45,-.0122,.378,0
2020,12,31,45,m,-.0886,.493,-.116,-.118,-.368,-.32,.1,.0857,.0356,.521,.187,.207,.116,.538,.19,.285,.147,-.0736,.565,.222,.118,-.102,.108,.236,.218,.113,.00823,.823,-.543,-.696,-.119,-.225,.11,.424,.144,.363,0
2020,12,31,46,m,-.0855,.485,-.461,-.391,-.522,-.381,-.107,.0315,-.0924,.628,.00982,.296,-.108,.717,.0841,.386,-.0841,-.19,-.0703,.152,-.182,-.225,-.0748,.262,.0865,.0536,-.302,.808,-.541,-.694,-.369,-.384,-.0823,.536,-.0247,.479,0
2020,12,31,47,m,-.0608,.634,-.365,-.349,-.573,-.626,-.0455,.0451,.0117,.631,.0656,.165,.0552,.63,-.0323,.199,.0264,-.199,.0204,.212,-.192,-.256,-.0311,.278,.103,.13,.0853,.766,-.495,-.603,-.325,-.379,.0481,.511,.0201,.4,0
2020,12,31,48,m,.156,1.21,-.207,-.108,-.39,-.26,.0583,.234,.114,.754,.28,.331,.103,.613,.125,.302,.194,-.0457,.525,.618,-.0219,-.0996,.0444,.353,.0612,.212,.444,1.34,-.49,-.607,-.216,-.219,.233,.737,.185,.541,0
2020,12,31,49,m,-.13,.474,-.295,-.333,-.452,-.393,-.0329,.0219,-.0422,.487,.0788,.19,.0135,.495,-.0332,.252,.0803,-.0927,.0305,.079,-.193,-.222,-.00132,.245,.142,.102,.123,.769,-.538,-.637,-.283,-.345,.0118,.385,-.00368,.339,0
2020,12,31,50,m,-.0222,.608,-.196,-.244,-.341,-.312,.0538,.112,.0473,.587,.263,.371,.0928,.575,.211,.379,.155,-.0848,.671,.538,-.112,-.168,.127,.366,.156,.0763,.116,.896,-.545,-.626,-.24,-.314,.188,.564,.194,.5,0
2020,12,31,51,m,-.133,.66,-.325,-.294,-.539,-.417,-.0467,.0458,-.0978,.759,.0759,.202,-.0735,.829,-.0293,.185,-.0253,-.231,.435,.47,.0164,-.115,-.0578,.305,.0759,.108,-.106,1.25,-.617,-.738,-.283,-.338,-.00176,.601,-.0137,.434,0
2020,12,31,52,m,-.0839,.373,-.433,-.412,-.279,-.393,-.0408,-.00352,.0991,.513,.0187,.114,.204,.583,.0731,.213,.0141,-.175,-.0558,-.0699,-.0119,-.17,.012,.217,.087,.0809,.335,.765,-.459,-.603,-.281,-.36,.0493,.354,.0591,.297,0
2020,12,31,53,m,.0181,.604,-.0683,-.101,-.368,-.32,.0212,.117,.0255,.598,.137,.311,.0307,.595,.0319,.139,.00738,-.19,.326,.391,-.0197,-.0954,-.00974,.201,.155,.23,.122,1.25,-.403,-.544,-.108,-.182,.0919,.574,.0664,.363,0
2021,1,31,1,m,-.0615,-.0615,-.388,-.388,-.644,-.644,-.107,-.107,.0338,.0338,.131,.131,.111,.111,.163,.163,.0288,.0288,.228,.228,-.263,-.263,.0467,.0467,-.0013,-.0013,.357,.357,-.679,-.679,-.405,-.405,.118,.118,.133,.133,0
2021,1,31,2,m,-.0367,-.0367,-.301,-.301,-.519,-.519,-.039,-.039,.0595,.0595,.156,.156,.175,.175,.246,.246,.0608,.0608,.237,.237,-.047,-.047,.141,.141,.0927,.0927,.42,.42,-.55,-.55,-.329,-.329,.128,.128,.178,.178,0
2021,1,31,3,m,-.0176,-.0176,-.322,-.322,-.427,-.427,-.0658,-.0658,.101,.101,.171,.171,.193,.193,.154,.154,-.0555,-.0555,.349,.349,-.198,-.198,.0844,.0844,.0196,.0196,.36,.36,-.62,-.62,-.346,-.346,.218,.218,.189,.189,0
2021,1,31,4,m,.00336,.00336,-.103,-.103,-.406,-.406,-.018,-.018,.101,.101,.131,.131,.182,.182,.117,.117,-.0554,-.0554,.293,.293,-.129,-.129,.0762,.0762,.0585,.0585,.365,.365,-.601,-.601,-.212,-.212,.166,.166,.146,.146,0
2021,1,31,5,m,.0187,.0187,-.189,-.189,-.398,-.398,-.0341,-.0341,.0881,.0881,.146,.146,.124,.124,.103,.103,-.0924,-.0924,.249,.249,-.146,-.146,.0503,.0503,.0359,.0359,.462,.462,-.6,-.6,-.248,-.248,.181,.181,.153,.153,0
2021,1,31,6,m,.000763,.000763,-.366,-.366,-.577,-.577,-.123,-.123,.0356,.0356,.0886,.0886,.0554,.0554,.108,.108,-.0996,-.0996,.179,.179,-.327,-.327,.00882,.00882,-.0192,-.0192,.296,.296,-.674,-.674,-.405,-.405,.0956,.0956,.0995,.0995,0
2021,1,31,7,m,-.0247,-.0247,-.175,-.175,-.433,-.433,-.0577,-.0577,.075,.075,.132,.132,.16,.16,.116,.116,-.07,-.07,.257,.257,-.145,-.145,.0622,.0622,.00558,.00558,.509,.509,-.609,-.609,-.26,-.26,.155,.155,.14,.14,0
2021,1,31,8,m,.0072,.0072,-.233,-.233,-.451,-.451,-.0571,-.0571,.0904,.0904,.141,.141,.141,.141,.0883,.0883,-.0433,-.0433,.298,.298,-.187,-.187,.059,.059,.0148,.0148,.507,.507,-.632,-.632,-.301,-.301,.175,.175,.147,.147,0
2021,1,31,9,m,-.12,-.12,-.425,-.425,-.568,-.568,-.119,-.119,-.00859,-.00859,.159,.159,.0732,.0732,.158,.158,-.00575,-.00575,.392,.392,-.293,-.293,.0346,.0346,.0149,.0149,.242,.242,-.745,-.745,-.441,-.441,.129,.129,.139,.139,0
2021,1,31,10,m,-.0238,-.0238,-.108,-.108,-.393,-.393,-.0153,-.0153,.0846,.0846,.108,.108,.159,.159,.107,.107,-.058,-.058,.172,.172,-.092,-.092,.0681,.0681,.0405,.0405,.361,.361,-.594,-.594,-.201,-.201,.167,.167,.143,.143,0
2021,1,31,11,m,-.0438,-.0438,-.137,-.137,-.516,-.516,.033,.033,-.0125,-.0125,.145,.145,.16,.16,.128,.128,-.139,-.139,.38,.38,-.255,-.255,.0237,.0237,.0225,.0225,.555,.555,-.674,-.674,-.271,-.271,.0803,.0803,.0951,.0951,0
2021,1,31,12,m,-.16,-.16,-.48,-.48,-.733,-.733,-.157,-.157,-.00834,-.00834,.0793,.0793,.103,.103,.136,.136,-.162,-.162,.212,.212,-.387,-.387,.00827,.00827,.0138,.0138,.298,.298,-.798,-.798,-.518,-.518,.0697,.0697,.0919,.0919,0
2021,1,31,13,m,.305,.305,.00931,.00931,.0831,.0831,.165,.165,.396,.396,.237,.237,.459,.459,.205,.205,-.0516,-.0516,.149,.149,.154,.154,.202,.202,.309,.309,.33,.33,-.525,-.525,-.0359,-.0359,.293,.293,.262,.262,0
2021,1,31,14,m,.271,.271,-.0565,-.0565,.124,.124,.202,.202,.424,.424,.306,.306,.554,.554,.299,.299,.0248,.0248,.66,.66,.145,.145,.285,.285,.368,.368,.817,.817,-.529,-.529,-.105,-.105,.519,.519,.416,.416,0
2021,1,31,15,m,.215,.215,.688,.688,.794,.794,.00136,.00136,.126,.126,.102,.102,.0785,.0785,-.17,-.17,.472,.472,-.0923,-.0923,.216,.216,.0038,.0038,.114,.114,.737,.737,.427,.427,.528,.528,.163,.163,-.0168,-.0168,0
2021,1,31,16,m,-.0702,-.0702,-.217,-.217,-.525,-.525,-.0394,-.0394,-.000943,-.000943,.0878,.0878,.0648,.0648,.114,.114,-.0832,-.0832,.376,.376,-.262,-.262,.231,.231,.00343,.00343,.288,.288,-.691,-.691,-.315,-.315,.102,.102,.107,.107,0
2021,1,31,17,m,-.0511,-.0511,-.225,-.225,-.406,-.406,-.0225,-.0225,.045,.045,.162,.162,.133,.133,.17,.17,-.0475,-.0475,.35,.35,-.105,-.105,.0784,.0784,.0705,.0705,.2,.2,-.648,-.648,-.257,-.257,.164,.164,.166,.166,0
2021,1,31,19,m,.279,.279,.0558,.0558,-.221,-.221,.0907,.0907,.282,.282,.178,.178,.284,.284,.0554,.0554,-.029,-.029,.298,.298,.0488,.0488,.096,.096,.174,.174,.508,.508,-.527,-.527,-.0536,-.0536,.296,.296,.17,.17,0
2021,1,31,20,m,.238,.238,-.0787,-.0787,-.458,-.458,.134,.134,.279,.279,.348,.348,.305,.305,.185,.185,-.0764,-.0764,.65,.65,.16,.16,.212,.212,.224,.224,.865,.865,-.472,-.472,-.117,-.117,.42,.42,.309,.309,0
2021,1,31,21,m,-.236,-.236,-.541,-.541,-.731,-.731,-.218,-.218,-.115,-.115,-.0189,-.0189,.0264,.0264,.163,.163,-.0571,-.0571,.076,.076,-.426,-.426,-.00515,-.00515,-.0182,-.0182,.0568,.0568,-.757,-.757,-.55,-.55,-.0612,-.0612,.0124,.0124,0
2021,1,31,22,m,.0384,.0384,-.211,-.211,-.507,-.507,.00316,.00316,.227,.227,.274,.274,.353,.353,.0822,.0822,.0286,.0286,.214,.214,.00839,.00839,.101,.101,.0413,.0413,.474,.474,-.544,-.544,-.239,-.239,.35,.35,.258,.258,0
2021,1,31,23,m,.0569,.0569,-.183,-.183,-.454,-.454,.0496,.0496,.219,.219,.382,.382,.329,.329,.24,.24,.0805,.0805,.677,.677,.00529,.00529,.159,.159,.267,.267,.358,.358,-.5,-.5,-.215,-.215,.363,.363,.315,.315,0
2021,1,31,24,m,-.0176,-.0176,-.359,-.359,-.657,-.657,-.0768,-.0768,.182,.182,.168,.168,.381,.381,.19,.19,-.0424,-.0424,.359,.359,-.224,-.224,.0901,.0901,.0482,.0482,.519,.519,-.755,-.755,-.405,-.405,.251,.251,.226,.226,0
2021,1,31,25,m,.0665,.0665,-.278,-.278,-.558,-.558,.0351,.0351,.162,.162,.416,.416,.287,.287,.377,.377,.00123,.00123,1.1,1.1,-.0131,-.0131,.232,.232,.243,.243,.715,.715,-.727,-.727,-.361,-.361,.349,.349,.362,.362,0
2021,1,31,26,m,.187,.187,-.0192,-.0192,-.237,-.237,.116,.116,.208,.208,.262,.262,.217,.217,.0866,.0866,.0336,.0336,.562,.562,.00932,.00932,.114,.114,.356,.356,.33,.33,-.497,-.497,-.0659,-.0659,.326,.326,.203,.203,0
2021,1,31,27,m,-.136,-.136,-.315,-.315,-.545,-.545,-.0616,-.0616,.0372,.0372,.0271,.0271,.183,.183,.119,.119,-.00542,-.00542,.375,.375,-.0924,-.0924,.0511,.0511,.175,.175,.528,.528,-.655,-.655,-.308,-.308,.142,.142,.132,.132,0
2021,1,31,28,m,.000186,.000186,-.237,-.237,-.476,-.476,-.0545,-.0545,.0974,.0974,.223,.223,.188,.188,.156,.156,.0387,.0387,.37,.37,-.196,-.196,.0894,.0894,.018,.018,.56,.56,-.68,-.68,-.303,-.303,.229,.229,.199,.199,0
2021,1,31,29,m,-.139,-.139,-.473,-.473,-.649,-.649,-.159,-.159,-.0161,-.0161,.203,.203,.121,.121,.252,.252,-.0817,-.0817,.262,.262,-.21,-.21,.0974,.0974,.0337,.0337,.309,.309,-.764,-.764,-.496,-.496,.127,.127,.178,.178,0
2021,1,31,30,m,-.0411,-.0411,-.33,-.33,-.425,-.425,-.156,-.156,.0424,.0424,.0979,.0979,.125,.125,.00867,.00867,.00122,.00122,.178,.178,-.184,-.184,.00903,.00903,-.0451,-.0451,.577,.577,-.812,-.812,-.414,-.414,.112,.112,.07,.07,0
2021,1,31,31,m,.00504,.00504,-.184,-.184,-.463,-.463,.0363,.0363,.0978,.0978,.265,.265,.19,.19,.119,.119,-.0714,-.0714,.451,.451,-.12,-.12,.0712,.0712,.185,.185,.637,.637,-.609,-.609,-.233,-.233,.253,.253,.18,.18,0
2021,1,31,32,m,.0236,.0236,-.351,-.351,-.538,-.538,-.0634,-.0634,.0863,.0863,.246,.246,.112,.112,.194,.194,-.166,-.166,.409,.409,-.2,-.2,.109,.109,-.105,-.105,.425,.425,-.697,-.697,-.363,-.363,.247,.247,.229,.229,0
2021,1,31,33,m,.00479,.00479,-.284,-.284,-.434,-.434,-.0739,-.0739,.102,.102,.045,.045,.147,.147,.113,.113,-.0945,-.0945,-.0581,-.0581,-.217,-.217,.0426,.0426,.0163,.0163,.376,.376,-.677,-.677,-.318,-.318,.0936,.0936,.101,.101,0
2021,1,31,34,m,.0477,.0477,-.321,-.321,-.608,-.608,.0346,.0346,.193,.193,.229,.229,.27,.27,.212,.212,.0269,.0269,.483,.483,-.135,-.135,.145,.145,.208,.208,.485,.485,-.613,-.613,-.314,-.314,.268,.268,.251,.251,0
2021,1,31,35,m,-.0661,-.0661,-.345,-.345,-.584,-.584,-.0662,-.0662,.0772,.0772,.176,.176,.16,.16,.107,.107,-.146,-.146,.323,.323,-.293,-.293,.0562,.0562,.0402,.0402,.357,.357,-.641,-.641,-.393,-.393,.176,.176,.154,.154,0
2021,1,31,36,m,-.0595,-.0595,-.145,-.145,-.442,-.442,-.0337,-.0337,.0752,.0752,.132,.132,.195,.195,.12,.12,-.0592,-.0592,.283,.283,-.137,-.137,.0591,.0591,.0311,.0311,.322,.322,-.567,-.567,-.223,-.223,.168,.168,.15,.15,0
2021,1,31,37,m,-.0924,-.0924,-.157,-.157,-.44,-.44,-.0189,-.0189,.134,.134,.16,.16,.297,.297,.086,.086,-.127,-.127,.169,.169,-.0803,-.0803,-.00491,-.00491,-.0211,-.0211,.303,.303,-.506,-.506,-.229,-.229,.211,.211,.16,.16,0
2021,1,31,38,m,.0324,.0324,-.0938,-.0938,-.345,-.345,-.0633,-.0633,.074,.074,.155,.155,.107,.107,.0272,.0272,-.0368,-.0368,.296,.296,-.153,-.153,.0404,.0404,-.0386,-.0386,.396,.396,-.605,-.605,-.245,-.245,.193,.193,.126,.126,0
2021,1,31,39,m,-.0946,-.0946,-.234,-.234,-.507,-.507,-.0439,-.0439,.0388,.0388,.124,.124,.14,.14,.149,.149,-.0118,-.0118,.258,.258,-.132,-.132,.0697,.0697,.0546,.0546,.445,.445,-.683,-.683,-.279,-.279,.137,.137,.142,.142,0
2021,1,31,40,m,.00888,.00888,-.149,-.149,-.416,-.416,-.0387,-.0387,.118,.118,.119,.119,.203,.203,.102,.102,-.0839,-.0839,.253,.253,-.0861,-.0861,.00688,.00688,.0463,.0463,.212,.212,-.628,-.628,-.224,-.224,.174,.174,.139,.139,0
2021,1,31,41,m,-.121,-.121,-.453,-.453,-.698,-.698,-.146,-.146,-.014,-.014,.0757,.0757,.0601,.0601,.0964,.0964,.0225,.0225,.132,.132,-.376,-.376,.00762,.00762,-.0082,-.0082,.235,.235,-.732,-.732,-.472,-.472,.0719,.0719,.081,.081,0
2021,1,31,42,m,.0302,.0302,-.295,-.295,-.478,-.478,-.0445,-.0445,.127,.127,.214,.214,.211,.211,.205,.205,-.0469,-.0469,.211,.211,-.174,-.174,.101,.101,.00388,.00388,.587,.587,-.651,-.651,-.346,-.346,.221,.221,.215,.215,0
2021,1,31,43,m,.0876,.0876,-.125,-.125,-.344,-.344,.00141,.00141,.166,.166,.207,.207,.212,.212,.0549,.0549,-.0576,-.0576,.441,.441,-.0724,-.0724,.0715,.0715,.129,.129,.305,.305,-.591,-.591,-.217,-.217,.285,.285,.185,.185,0
2021,1,31,44,m,-.00213,-.00213,-.201,-.201,-.488,-.488,-.0145,-.0145,.136,.136,.195,.195,.342,.342,.196,.196,.345,.345,.413,.413,-.0182,-.0182,.18,.18,.188,.188,.264,.264,-.6,-.6,-.192,-.192,.262,.262,.231,.231,0
2021,1,31,45,m,.15,.15,-.104,-.104,-.264,-.264,.105,.105,.268,.268,.262,.262,.339,.339,.165,.165,.129,.129,.247,.247,-.0641,-.0641,.172,.172,.173,.173,.436,.436,-.451,-.451,-.136,-.136,.307,.307,.245,.245,0
2021,1,31,46,m,-.103,-.103,-.253,-.253,-.295,-.295,-.0398,-.0398,.0645,.0645,.164,.164,.169,.169,.257,.257,-.106,-.106,.00445,.00445,-.193,-.193,.0306,.0306,.0983,.0983,.303,.303,-.693,-.693,-.302,-.302,.124,.124,.174,.174,0
2021,1,31,47,m,.054,.054,-.276,-.276,-.57,-.57,-.00552,-.00552,.148,.148,.173,.173,.196,.196,.109,.109,-.04,-.04,.283,.283,-.0689,-.0689,.102,.102,.0694,.0694,.427,.427,-.615,-.615,-.289,-.289,.236,.236,.191,.191,0
2021,1,31,48,m,.175,.175,-.0433,-.0433,-.354,-.354,.115,.115,.169,.169,.281,.281,.167,.167,.207,.207,.0608,.0608,.628,.628,-.107,-.107,.117,.117,.218,.218,.602,.602,-.641,-.641,-.196,-.196,.29,.29,.253,.253,0
2021,1,31,49,m,.047,.047,-.152,-.152,-.353,-.353,.0163,.0163,.152,.152,.222,.222,.212,.212,.136,.136,.00876,.00876,.209,.209,-.14,-.14,.102,.102,.113,.113,.381,.381,-.534,-.534,-.222,-.222,.232,.232,.199,.199,0
2021,1,31,50,m,.00148,.00148,-.174,-.174,-.392,-.392,-.0151,-.0151,.0899,.0899,.237,.237,.141,.141,.0977,.0977,.00305,.00305,.529,.529,-.173,-.173,.0733,.0733,.029,.029,.288,.288,-.652,-.652,-.292,-.292,.23,.23,.184,.184,0
2021,1,31,51,m,.0416,.0416,-.236,-.236,-.431,-.431,-.0261,-.0261,.0948,.0948,.113,.113,.132,.132,.116,.116,-.0692,-.0692,.614,.614,-.00299,-.00299,.0609,.0609,.0604,.0604,.462,.462,-.676,-.676,-.259,-.259,.195,.195,.163,.163,0
2021,1,31,52,m,.0199,.0199,-.269,-.269,-.361,-.361,-.0359,-.0359,.188,.188,.12,.12,.272,.272,.0879,.0879,-.0895,-.0895,.0238,.0238,-.124,-.124,.066,.066,.051,.051,.423,.423,-.558,-.558,-.27,-.27,.182,.182,.144,.144,0
2021,1,31,53,m,.0673,.0673,-.019,-.019,-.36,-.36,.0605,.0605,.17,.17,.195,.195,.237,.237,.0584,.0584,-.0653,-.0653,.337,.337,-.0183,-.0183,.0604,.0604,.182,.182,.456,.456,-.475,-.475,-.104,-.104,.237,.237,.15,.15,0
2021,2,28,1,m,-.0898,-.119,-.333,-.346,-.545,-.566,-.132,-.172,-.0178,-.0507,.052,.0186,.0407,.00458,.0247,-.00625,.0472,-.024,.139,.131,-.173,-.261,-.0282,-.0564,-.029,-.102,.264,.306,-.676,-.676,-.359,-.384,.0489,.0183,.0413,.0106,0
2021,2,28,2,m,-.0539,-.0821,-.26,-.235,-.428,-.442,-.00158,-.0547,.0221,-.0208,.196,.0989,.117,.0526,.268,.158,.249,.117,.214,.124,.00161,-.0507,.148,.0785,.166,.0652,.542,.395,-.479,-.5,-.264,-.275,.117,.0439,.18,.0923,0
2021,2,28,3,m,.0709,-.0322,-.191,-.244,-.301,-.404,.0315,-.054,.195,.0651,.164,.0953,.296,.141,.25,.0952,.0893,-.0391,.331,.162,-.149,-.173,.179,.0659,.152,.039,.288,.309,-.493,-.533,-.227,-.286,.245,.141,.248,.12,0
2021,2,28,4,m,-.0885,-.123,-.15,-.2,-.377,-.464,-.0437,-.144,.0103,-.0459,.0611,-.000413,.0945,.0177,.147,.0554,-.123,-.224,.335,.337,-.123,-.247,.0428,-.027,.0608,-.151,.197,.199,-.583,-.604,-.238,-.305,.0741,.0203,.103,.0347,0
2021,2,28,5,m,.00928,-.0148,-.157,-.189,-.266,-.296,.0318,-.0591,.107,.0336,.196,.115,.162,.0584,.0785,.00682,.0193,-.0874,.348,.247,.00363,-.154,.0831,.00101,.142,-.00226,.39,.396,-.548,-.561,-.175,-.232,.221,.139,.17,.0916,0
2021,2,28,6,m,.0262,-.0645,-.248,-.302,-.455,-.494,-.0686,-.146,.0632,-.0272,.11,.0384,.0838,-.00602,.0714,-.000625,-.0383,-.131,.268,.193,-.117,-.237,.0284,-.0461,.0312,-.0748,.189,.195,-.614,-.64,-.295,-.354,.124,.0402,.108,.0276,0
2021,2,28,7,m,-.159,-.209,-.195,-.226,-.418,-.48,-.0536,-.157,-.0115,-.0984,.0917,-.0113,.121,-.00395,.164,.0561,-.171,-.26,.229,.169,-.103,-.238,.0484,-.0388,.06,-.141,.197,.273,-.553,-.563,-.269,-.32,.0576,-.0232,.0977,.00692,0
2021,2,28,8,m,.0205,-.0245,-.17,-.21,-.52,-.411,-.0118,-.0884,.128,.0407,.184,.118,.198,.0802,.0851,.0181,.0405,-.066,.499,.462,-.173,-.251,.134,.0497,.0559,-.085,.471,.504,-.56,-.599,-.264,-.295,.208,.144,.169,.104,0
2021,2,28,9,m,-.0921,-.169,-.37,-.401,-.459,-.484,-.0529,-.153,.0258,-.101,.155,.0596,.117,-.0514,.0865,.109,.291,-.012,.558,.431,-.201,-.313,.0651,-.0125,.128,-.0481,.0771,.0359,-.655,-.697,-.349,-.415,.131,.0154,.115,.0483,0
2021,2,28,10,m,-.129,-.2,-.172,-.207,-.388,-.414,-.0283,-.128,.00257,-.076,.0651,-.0191,.0928,.00965,.14,.0458,-.141,-.23,.17,.14,-.128,-.243,.0516,-.0222,.0929,-.103,.156,.151,-.574,-.583,-.248,-.298,.0876,.00191,.109,.0198,0
2021,2,28,11,m,.0687,.0603,-.224,-.253,-.474,-.489,-.0221,-.0798,.085,.0594,.0453,.00213,.181,.0547,.202,.0635,-.176,-.286,.37,.267,-.211,-.294,.0731,.00907,.0376,-.154,.118,.213,-.62,-.631,-.298,-.343,.11,.0793,.138,.0744,0
2021,2,28,12,m,-.127,-.238,-.361,-.398,-.648,-.643,-.0846,-.188,.0333,-.114,.144,.0408,.155,-.0232,.132,.0128,.0326,-.169,.39,.247,-.228,-.357,.0412,-.0772,.093,-.0569,.458,.358,-.751,-.768,-.413,-.465,.139,-.000433,.137,.00401,0
2021,2,28,13,m,.204,.252,.0165,.018,.39,.416,.123,.0691,.249,.24,.132,.0729,.286,.232,.097,.0306,.0518,-.0352,-.0286,-.115,.097,.0561,.103,.0584,.277,.177,.138,.454,-.577,-.531,-.0186,-.0219,.146,.127,.13,.0934,0
2021,2,28,14,m,.0888,.219,-.091,-.0695,.0545,.183,.159,.142,.213,.289,.247,.192,.33,.347,.181,.104,.114,.0542,.451,.384,.179,.0977,.176,.149,.35,.36,.67,.83,-.457,-.471,-.0917,-.0968,.309,.358,.255,.239,0
2021,2,28,15,m,.19,.111,.766,.748,.663,.716,-.00304,-.0669,.093,.00985,.152,.0571,.0408,-.0448,-.194,-.252,.623,.383,.073,-.0596,.55,.351,-.0308,-.0916,.0847,-.0246,.353,.492,.673,.622,.682,.582,.183,.108,-.02,-.0863,0
2021,2,28,16,m,-.137,-.22,-.221,-.28,-.354,-.401,-.0425,-.127,-.0203,-.133,-.0000475,-.0528,.0959,-.0495,.145,.0361,-.138,-.223,.253,.259,-.176,-.305,.223,.113,.0206,-.113,.0516,.104,-.629,-.638,-.289,-.347,.0387,-.0445,.081,-.0122,0
2021,2,28,17,m,.00922,-.0705,-.165,-.213,-.263,-.301,.0161,-.082,.0749,-.0162,.133,.0463,.136,.0333,.192,.0748,.0211,-.0665,.301,.215,-.0157,-.158,.0995,.0133,.146,-.0339,.122,.114,-.599,-.627,-.188,-.251,.152,.0749,.167,.0749,0
2021,2,28,19,m,.085,.213,.0182,-.00147,-.271,-.217,.0799,.0306,.122,.163,.131,.127,.149,.138,.0217,-.0552,.0641,-.0205,.254,.272,.123,.0498,.0512,.00638,.207,.125,.248,.386,-.493,-.514,-.0432,-.076,.168,.207,.0958,.0701,0
2021,2,28,20,m,-.0215,-.0318,-.172,-.18,-.291,-.302,.0966,.0558,.119,.0413,.147,.169,.22,.0866,.256,.164,.111,-.0209,.387,.31,.01,.00563,.158,.0983,.263,.209,.342,.461,-.396,-.448,-.138,-.171,.13,.129,.186,.146,0
2021,2,28,21,m,-.246,-.295,-.412,-.441,-.685,-.607,-.161,-.219,-.092,-.187,.0961,-.0173,.0986,-.0604,.153,.055,.00817,-.0996,.374,.171,-.201,-.297,.0162,-.0742,.0287,-.0511,.0535,-.0405,-.712,-.721,-.459,-.473,.0191,-.101,.0639,-.0497,0
2021,2,28,22,m,-.0192,-.0383,-.175,-.256,-.496,-.499,.0302,-.0963,.222,.0988,.227,.113,.399,.19,.094,-.00843,.0241,-.074,.263,.284,.218,.0179,.113,.0151,.0901,-.144,.616,.424,-.462,-.472,-.186,-.255,.303,.193,.232,.124,0
2021,2,28,23,m,-.0711,-.106,-.158,-.2,-.353,-.456,-.0117,-.0577,.0918,-.0196,.289,.156,.218,.0386,.223,.0261,.0145,-.0819,.547,.465,-.0924,-.156,.142,-.00814,.301,.172,.235,.639,-.502,-.519,-.221,-.271,.247,.143,.239,.0976,0
2021,2,28,24,m,-.0352,-.146,-.323,-.348,-.608,-.594,-.0172,-.115,.223,.0618,.15,.0436,.49,.269,.196,.117,.0994,-.057,.414,.195,-.0923,-.174,.141,.0167,.144,.0116,.396,.316,-.652,-.681,-.332,-.374,.235,.0902,.22,.101,0
2021,2,28,25,m,-.133,-.189,-.21,-.247,-.369,-.401,.0152,-.0548,.0713,-.0514,.104,.166,.358,.128,.501,.263,-.00704,-.0686,.681,.764,.128,-.0105,.323,.156,.228,.0926,.284,.188,-.71,-.705,-.301,-.331,.107,.125,.267,.188,0
2021,2,28,26,m,.0893,.0441,-.13,-.141,-.193,-.2,.0667,.00867,.0526,.00412,.167,.119,.0369,-.0133,.0817,.00415,.014,-.119,.513,.429,.00833,-.109,.0545,.00471,.352,.269,.0289,.246,-.313,-.366,-.109,-.158,.145,.132,.114,.0661,0
2021,2,28,27,m,-.143,-.198,-.334,-.346,-.607,-.449,-.0659,-.135,.124,.0258,-.00823,-.102,.36,.215,.164,.0408,.119,-.0889,.862,.468,-.0209,-.0734,.0827,.00314,.175,.0328,.272,.246,-.591,-.645,-.284,-.321,.183,.0522,.176,.0475,0
2021,2,28,28,m,-.0141,-.0596,-.204,-.233,-.339,-.384,-.00321,-.0738,.0919,.00495,.159,.0568,.2,.0655,.178,.0662,.134,.0586,.493,.277,-.0823,-.194,.117,.0213,.153,.0859,.337,.328,-.581,-.619,-.225,-.278,.176,.0823,.177,.0758,0
2021,2,28,29,m,-.018,-.158,-.412,-.436,-.554,-.56,-.0952,-.181,.083,-.0683,.244,.134,.195,.0324,.32,.131,.224,.0355,.343,.0644,-.132,-.253,.162,.0144,.162,.0148,.355,.268,-.739,-.742,-.432,-.462,.204,.0574,.251,.0879,0
2021,2,28,30,m,-.0402,-.156,-.361,-.323,-.313,-.312,-.142,-.202,.0552,-.0875,.137,-.00425,.153,-.0198,.147,-.0249,.18,-.0391,.237,.207,-.148,-.267,.0336,-.0631,.0254,-.123,.523,.25,-.772,-.761,-.404,-.404,.126,-.0289,.134,-.0273,0
2021,2,28,31,m,.0845,-.0319,-.14,-.175,-.429,-.426,.102,-.00599,.257,.0966,.242,.129,.437,.224,.225,.0603,.118,-.00217,.685,.182,.0621,-.11,.185,.0595,.289,.136,.404,.498,-.54,-.586,-.152,-.214,.311,.144,.264,.0983,0
2021,2,28,32,m,.0719,-.00599,-.315,-.309,-.422,-.423,-.0376,-.0998,.0955,-.00184,.193,.159,.106,-.000163,.325,.0915,.0297,-.114,.436,.405,-.0488,-.226,.156,.0287,-.0941,-.13,.192,.314,-.621,-.601,-.281,-.315,.213,.154,.255,.133,0
2021,2,28,33,m,.0684,.0105,-.189,-.226,-.399,-.392,-.0279,-.106,.201,.0867,.0463,.0102,.268,.122,.079,.0106,.0712,-.051,.0454,.00753,-.109,-.264,.0799,.00402,.0593,-.0761,-.0225,.246,-.608,-.629,-.224,-.285,.111,.067,.0994,.0455,0
2021,2,28,34,m,.162,.0361,-.165,-.221,-.45,-.431,.124,.000718,.325,.157,.323,.204,.416,.221,.197,.102,.345,.203,.569,.566,.00728,-.178,.22,.0941,.287,.0727,.463,.438,-.595,-.64,-.165,-.24,.386,.256,.326,.208,0
2021,2,28,35,m,-.0202,-.0939,-.239,-.292,-.519,-.533,.0165,-.0806,.13,.0358,.252,.156,.218,.11,.117,.0199,-.0765,-.11,.631,.562,-.0741,-.253,.11,.0115,.137,-.011,.454,.368,-.583,-.604,-.293,-.348,.264,.164,.216,.117,0
2021,2,28,36,m,-.0523,-.109,-.136,-.18,-.328,-.383,.00785,-.0841,.101,-.0153,.172,.0741,.251,.068,.0925,.0159,.0888,-.0347,.395,.324,-.0205,-.109,.0655,-.0176,.1,-.0371,.441,.357,-.532,-.545,-.164,-.219,.201,.0956,.16,.0655,0
2021,2,28,37,m,-.127,-.208,-.136,-.188,-.379,-.36,-.068,-.0887,.0833,-.00307,.116,.0933,.233,.145,.151,.0316,.109,-.107,.307,.184,-.112,-.0723,-.0241,-.0718,-.0303,-.0586,.0546,.201,-.622,-.568,-.218,-.24,.148,.111,.151,.0781,0
2021,2,28,38,m,.0178,-.0404,-.0395,-.115,-.202,-.302,.0338,-.0741,.126,.0416,.268,.162,.215,.108,.0613,-.0464,.18,.0686,.339,.269,.0491,-.128,.101,.01,.051,-.094,1.25,.839,-.579,-.611,-.15,-.233,.303,.185,.207,.0924,0
2021,2,28,39,m,-.155,-.191,-.201,-.25,-.374,-.415,.00803,-.0958,.0193,-.0605,.163,.0637,.159,.0379,.174,.0563,.108,-.0339,.417,.243,-.0312,-.199,.0854,-.00678,.139,-.0184,.37,.363,-.631,-.641,-.217,-.286,.149,.0601,.158,.0586,0
2021,2,28,40,m,.0201,-.0413,-.13,-.152,-.168,-.238,.0373,-.057,.119,.0127,.172,.0777,.2,.0549,.121,.0164,.0435,-.0366,.217,.115,.0528,-.0939,.0536,-.0503,.175,.0242,.331,.286,-.447,-.523,-.124,-.189,.192,.0883,.158,.0534,0
2021,2,28,41,m,-.0679,-.21,-.326,-.396,-.62,-.639,-.0648,-.17,.0412,-.0969,.185,.0514,.113,-.0182,.0928,-.00271,.1,-.0229,.426,.281,-.193,-.32,.0451,-.0551,.0953,-.0578,.268,.265,-.683,-.709,-.371,-.435,.193,.0242,.156,.0142,0
2021,2,28,42,m,.126,-.00291,-.224,-.28,-.502,-.494,.0429,-.0752,.255,.0906,.347,.174,.372,.172,.255,.0903,.11,-.0776,.431,.172,-.0876,-.171,.193,.0463,.131,-.0205,.628,.536,-.624,-.662,-.289,-.347,.381,.182,.335,.149,0
2021,2,28,43,m,.0168,.0145,-.129,-.149,-.272,-.252,.0346,-.0488,.158,.0843,.25,.118,.255,.125,.0953,.00134,.0588,-.0402,.504,.301,-.0247,-.131,.0846,.0107,.23,.0709,.413,.371,-.57,-.605,-.181,-.227,.272,.174,.196,.0996,0
2021,2,28,44,m,.0486,-.0112,-.158,-.208,-.338,-.408,-.00217,-.0563,.199,.0962,.403,.284,.432,.257,.165,.119,.0828,.0469,.262,.264,-.0618,-.165,.111,.0875,.252,.167,.801,.417,-.532,-.528,-.186,-.234,.409,.296,.294,.213,0
2021,2,28,45,m,-.0693,-.0481,-.198,-.15,-.323,-.197,.0367,.00407,.0409,.0373,.2,.135,.108,.0889,.153,.0659,.277,.157,.265,.078,.118,-.0331,.113,.0537,.0485,.0159,.0789,.187,-.59,-.516,-.176,-.153,.109,.0804,.129,.0741,0
2021,2,28,46,m,.0233,-.0774,-.176,-.183,-.443,-.343,.0769,-.0379,.158,.0458,.343,.13,.242,.123,.308,.135,.0285,-.122,.768,.287,.0656,-.0917,.171,.00707,.189,.0418,.165,-.00537,-.531,-.589,-.189,-.241,.305,.106,.306,.117,0
2021,2,28,47,m,.172,.0594,-.15,-.204,-.413,-.455,.0843,-.016,.298,.147,.214,.147,.366,.192,.109,.0264,.148,.0849,.35,.393,.0597,-.135,.179,.0811,.199,.0314,.507,.433,-.551,-.576,-.165,-.236,.304,.218,.235,.15,0
2021,2,28,48,m,.111,.0815,-.0812,-.105,-.356,-.391,.102,.0393,.146,.0688,.262,.192,.159,.0649,.175,.115,-.0437,-.0623,.385,.39,.0927,-.0417,.119,.0573,.14,.0626,.363,.512,-.569,-.611,-.179,-.226,.26,.192,.221,.157,0
2021,2,28,49,m,.0514,.0453,-.156,-.186,-.235,.0681,.0559,-.0274,.154,.0844,.193,.121,.218,.107,.135,.0488,.0337,-.0256,.246,.284,-.134,-.2,.15,.0528,.236,.0455,.306,.192,-.476,-.519,-.192,-.207,.207,.145,.182,.112,0
2021,2,28,50,m,-.0365,-.0536,-.15,-.196,-.339,-.35,.000719,-.0957,.0914,.00379,.178,.098,.173,.0368,.0973,.0198,.137,-.0159,.279,.296,-.098,-.242,.0903,-.00658,.0571,-.0923,.38,.284,-.617,-.617,-.252,-.301,.196,.104,.162,.0749,0
2021,2,28,51,m,.0275,-.0186,-.162,-.23,-.349,-.442,.0598,-.0668,.147,.0419,.203,.0642,.24,.0846,.197,.064,.0335,-.0708,.751,.546,.096,-.122,.136,.015,.0919,-.0324,-.00708,.22,-.515,-.579,-.161,-.261,.249,.135,.229,.107,0
2021,2,28,52,m,.0744,.015,-.19,-.214,-.291,-.337,.00632,-.0588,.195,.0965,.032,.0235,.258,.137,.116,.0317,-.0218,-.0854,-.0945,-.0537,-.0218,-.154,.0974,.0115,.147,.0596,.385,.258,-.44,-.514,-.18,-.243,.127,.0949,.123,.0696,0
2021,2,28,53,m,-.0666,-.132,-.151,-.147,-.383,-.316,.0252,-.0291,.0512,-.00904,.1,.0488,.125,.0697,.101,.0271,-.126,-.178,.36,.163,.0374,-.0776,.0382,-.0219,.221,.112,.00762,.0808,-.475,-.472,-.178,-.191,.0849,.0389,.0926,.0332,0
2021,3,31,1,m,-.091,-.0176,-.309,-.249,-.515,-.483,-.115,-.104,-.00686,.0364,.0787,.0859,.067,.0802,-.0144,-.00347,.12,.0621,.062,.232,-.143,-.203,-.0399,-.00707,-.0179,-.0478,.413,.355,-.552,-.509,-.313,-.281,.0751,.0983,.0471,.0663,0
2021,3,31,2,m,.0474,.229,-.179,-.0709,-.337,-.359,.0679,.0878,.111,.239,.243,.254,.202,.252,.267,.206,.375,.247,.347,.483,.156,.114,.2,.221,.226,.196,.483,.544,-.379,-.346,-.17,-.125,.181,.269,.216,.242,0
2021,3,31,3,m,.188,.379,-.156,-.067,-.289,-.265,.117,.118,.259,.361,.33,.373,.33,.347,.217,.118,.241,.192,.593,.749,.053,.0896,.203,.203,.244,.217,.543,.671,-.347,-.372,-.13,-.0965,.373,.467,.31,.31,0
2021,3,31,4,m,.0677,.165,-.0139,.0666,-.235,-.199,.09,.046,.164,.202,.255,.257,.252,.234,.08,.0281,.118,-.0156,.58,.921,.0627,-.0026,.104,.115,.243,.0192,.426,.353,-.398,-.362,-.072,-.0568,.283,.302,.202,.19,0
2021,3,31,5,m,.0619,.203,-.11,-.0274,-.279,-.182,.0742,.0612,.161,.197,.207,.208,.221,.193,.0873,.0454,.153,.0125,.224,.428,.102,.0102,.12,.116,.187,.121,.549,.489,-.415,-.346,-.105,-.0783,.258,.269,.198,.189,0
2021,3,31,6,m,.0191,.0749,-.235,-.196,-.435,-.43,-.0453,-.0668,.0357,.0513,.108,.113,.0484,.038,.0471,.00302,.0913,-.00785,.106,.287,-.0404,-.146,.0175,.0107,.0826,-.000544,.371,.34,-.5,-.472,-.243,-.241,.11,.125,.0918,.0874,0
2021,3,31,7,m,-.0173,.106,-.146,-.0222,-.282,-.248,.0245,.00131,.0978,.152,.183,.189,.208,.191,.0296,.00526,.0526,-.0368,.41,.757,.14,.0539,.0651,.0981,.143,-.0278,.288,.433,-.419,-.368,-.145,-.098,.17,.233,.12,.147,0
2021,3,31,8,m,.0205,.121,-.11,-.0709,-.349,-.268,.0162,-.00206,.133,.149,.151,.196,.212,.166,.0643,.0338,.139,.0252,.26,.558,.00603,-.11,.0904,.093,.0856,.000727,.505,.458,-.43,-.414,-.153,-.154,.198,.232,.157,.169,0
2021,3,31,9,m,-.0688,.0207,-.294,-.246,-.372,-.368,-.0053,-.0207,.0445,.0612,.199,.219,.136,.0909,.129,.106,.284,.151,.621,.776,-.0705,-.129,.0827,.0743,.179,.0834,.222,.219,-.551,-.54,-.267,-.259,.167,.187,.153,.159,0
2021,3,31,10,m,.0744,.176,-.0437,.0593,-.108,-.0929,.101,.0804,.15,.206,.215,.273,.207,.226,.094,.0359,.12,.0203,.312,.848,.0692,.0345,.131,.154,.225,.0542,.23,.396,-.404,-.36,-.0652,-.0352,.267,.356,.2,.225,0
2021,3,31,11,m,-.00155,.0861,-.105,.00715,-.428,-.304,.115,.161,.0373,.112,.215,.279,.269,.258,.124,.028,.0811,-.0129,.601,.869,-.00695,-.0285,.0641,.0848,.178,.0081,.633,.621,-.509,-.422,-.161,-.0939,.144,.228,.14,.166,0
2021,3,31,12,m,-.0159,-.022,-.277,-.259,-.587,-.563,-.0262,-.0684,.082,.0504,.171,.142,.157,.104,.114,.064,.236,.0581,.385,.509,-.125,-.255,.0816,.0424,.125,.0482,.42,.331,-.596,-.586,-.304,-.317,.174,.127,.154,.106,0
2021,3,31,13,m,.342,.791,.0676,.243,.735,1.11,.221,.299,.408,.653,.235,.379,.476,.557,.207,.107,.168,.177,.116,.369,.232,.252,.191,.25,.377,.416,.413,.915,-.42,-.313,.103,.235,.325,.548,.291,.394,0
2021,3,31,14,m,.381,1.22,.0553,.32,.366,.728,.357,.576,.455,1.07,.464,.628,.541,.946,.237,.28,.375,.386,.808,1.33,.439,.561,.33,.547,.627,.9,.891,1.54,-.276,-.167,.102,.292,.581,1.12,.449,.73,0
2021,3,31,15,m,.206,.435,.732,1.01,.656,1.03,.0112,.0666,.185,.317,.0972,.139,.177,.253,-.252,-.259,.601,.516,.184,.195,.819,.68,-.0289,.0064,.17,.159,.311,.719,1.35,1.38,.78,.891,.212,.282,-.0304,-.0101,0
2021,3,31,16,m,-.00313,.0824,-.139,-.0346,-.258,-.259,.0766,.0702,.087,.113,.166,.196,.185,.142,.0214,.000527,.104,.0171,.483,.984,.0872,-.0204,.271,.305,.167,.0371,.217,.282,-.467,-.434,-.145,-.114,.206,.233,.134,.139,0
2021,3,31,17,m,.0464,.205,-.138,-.073,-.172,-.128,.0569,.0282,.1,.173,.215,.243,.158,.144,.152,.0684,.236,.0449,.44,.916,.0544,-.0129,.106,.106,.161,.0324,.224,.205,-.442,-.439,-.106,-.105,.22,.289,.197,.206,0
2021,3,31,19,m,.352,.983,.0265,.278,-.0942,.301,.21,.354,.343,.723,.338,.568,.35,.592,.0683,.115,.27,.269,.41,.967,.318,.428,.149,.3,.429,.501,.618,1.01,-.413,-.297,.0446,.232,.415,.774,.25,.43,0
2021,3,31,20,m,.28,.662,-.0132,.171,-.17,-.00742,.238,.332,.312,.495,.413,.556,.351,.392,.207,.196,.338,.168,.515,1.4,.334,.424,.223,.323,.5,.496,.702,.83,-.396,-.255,.0158,.145,.423,.679,.327,.45,0
2021,3,31,21,m,-.194,-.145,-.393,-.327,-.59,-.508,-.12,-.116,-.051,-.0495,.131,.0478,.129,.0609,.144,.0916,.15,.155,.451,.267,-.103,-.162,.0366,.0225,.0786,.0361,.172,.0765,-.594,-.578,-.381,-.337,.064,-.00123,.0906,.0293,0
2021,3,31,22,m,.0461,.214,-.181,-.0756,-.573,-.359,.0214,.0246,.214,.289,.19,.253,.336,.339,.0765,.0275,.39,.209,.0254,.418,.265,.135,.107,.153,.121,-.0891,.561,.5,-.439,-.291,-.169,-.076,.27,.364,.21,.249,0
2021,3,31,23,m,.485,.67,-.0555,-.0141,-.134,-.219,.312,.213,.485,.533,.459,.525,.488,.441,.203,.0661,.42,.24,.938,1.04,.145,.101,.278,.217,.502,.419,.628,.988,-.363,-.292,-.0612,-.0464,.588,.666,.453,.432,0
2021,3,31,24,m,.0471,.113,-.233,-.145,-.481,-.384,.0878,.0537,.284,.293,.343,.315,.547,.473,.286,.208,.36,.187,.843,1.01,-.0417,-.0671,.215,.166,.269,.158,.338,.483,-.557,-.544,-.23,-.192,.391,.382,.349,.311,0
2021,3,31,25,m,.108,.268,-.133,-.0447,-.263,-.336,.127,.161,.292,.328,.238,.609,.562,.407,.481,.328,.531,.237,1.1,2.29,.201,.114,.352,.319,.457,.316,.881,1.05,-.535,-.503,-.168,-.143,.236,.591,.322,.47,0
2021,3,31,26,m,.316,.577,-.0181,.19,-.155,.145,.21,.321,.237,.394,.455,.707,.205,.314,.0683,.0885,.124,.142,.947,1.64,.276,.352,.161,.258,.578,.635,.0866,.416,-.332,-.258,.00518,.164,.438,.706,.262,.387,0
2021,3,31,27,m,-.00328,.143,-.222,-.118,-.575,-.37,.0404,.0707,.165,.267,.135,.167,.323,.371,.129,.117,.421,.322,1.27,1.4,.13,.192,.114,.177,.29,.225,.629,1.02,-.352,-.451,-.118,-.0796,.275,.376,.218,.27,0
2021,3,31,28,m,.0488,.138,-.179,-.0978,-.288,-.205,.0294,.0119,.12,.139,.19,.155,.198,.14,.15,.0885,.0897,.101,.422,.462,.00398,-.0382,.134,.109,.166,.0709,.455,.423,-.413,-.442,-.17,-.139,.173,.184,.164,.145,0
2021,3,31,29,m,.0547,.0891,-.312,-.27,-.453,-.479,.00849,-.0345,.16,.141,.397,.307,.296,.2,.304,.144,.465,.162,.283,.577,.0355,-.012,.211,.144,.271,.185,.251,.258,-.621,-.612,-.309,-.306,.308,.264,.306,.215,0
2021,3,31,30,m,.059,.0888,-.272,-.161,-.269,-.255,-.0865,-.0869,.0959,.0719,.285,.225,.14,.0552,-.0497,-.0716,.119,-.0251,.307,.841,.00371,-.059,.0269,.0165,.0778,-.025,.565,.456,-.723,-.688,-.334,-.283,.232,.205,.117,.092,0
2021,3,31,31,m,.133,.351,-.152,.0182,-.385,-.352,.134,.155,.196,.325,.348,.376,.266,.299,.216,.131,.109,.058,.845,.798,.00825,.0046,.168,.192,.4,.321,.319,.795,-.44,-.458,-.146,-.0682,.377,.487,.296,.293,0
2021,3,31,32,m,.0339,.131,-.22,-.0874,-.33,-.311,.0534,.0387,.168,.159,.318,.345,.236,.171,.325,.104,.118,-.0115,.454,.768,.0959,-.0872,.207,.14,.0233,-.0127,.323,.512,-.477,-.412,-.174,-.145,.318,.344,.331,.263,0
2021,3,31,33,m,.106,.288,-.198,-.0815,-.349,-.238,-.000878,.0408,.191,.24,.039,.172,.244,.217,.0649,.0878,.129,.094,-.194,.192,-.0252,-.0625,.0703,.126,.119,.0817,.455,.547,-.483,-.408,-.182,-.116,.114,.246,.0978,.185,0
2021,3,31,34,m,.28,.268,-.0875,-.0757,-.365,-.331,.17,.117,.356,.329,.251,.298,.397,.361,.151,.14,.336,.119,.396,.875,.0378,-.0365,.238,.197,.392,.21,.476,.451,-.411,-.423,-.0943,-.12,.347,.383,.286,.306,0
2021,3,31,35,m,.0701,.0952,-.172,-.144,-.426,-.424,.0644,.0245,.206,.188,.253,.237,.291,.241,.101,.0467,.0814,.0532,.457,.723,.0961,-.0549,.151,.117,.2,.0729,.362,.345,-.424,-.416,-.177,-.186,.299,.278,.236,.203,0
2021,3,31,36,m,-.0137,.0963,-.152,-.0656,-.207,-.254,.0308,.00385,.0815,.108,.199,.193,.179,.118,.107,.0156,.182,.0787,.429,.716,.0758,.00998,.0806,.0664,.102,.00389,.335,.291,-.415,-.37,-.114,-.0938,.195,.225,.162,.146,0
2021,3,31,37,m,-.0764,-.0161,-.102,-.0373,-.552,-.436,-.00998,.0241,.126,.176,.224,.285,.276,.315,.116,-.00279,.405,.148,.572,.629,.0358,.117,-.00812,.00283,.115,.0719,.48,.685,-.593,-.513,-.163,-.108,.218,.293,.184,.171,0
2021,3,31,38,m,.0678,.166,-.0304,.00994,-.129,-.133,.0481,.0194,.133,.182,.244,.202,.188,.195,.0441,.0116,.269,.137,.342,.374,.0766,-.0271,.108,.11,.0709,.00567,.633,.52,-.468,-.426,-.107,-.1,.27,.269,.18,.166,0
2021,3,31,39,m,-.0473,.0943,-.114,-.0409,-.303,-.281,.0847,.0407,.0853,.136,.253,.223,.2,.167,.166,.102,.214,.0849,.547,.77,.135,-.0253,.106,.114,.253,.0929,.667,.468,-.44,-.448,-.0968,-.108,.238,.253,.209,.192,0
2021,3,31,40,m,.106,.322,-.171,.0333,-.109,-.115,.0872,.146,.209,.343,.271,.383,.298,.359,.117,.0898,.205,.248,.538,.953,.14,.165,.0674,.116,.241,.227,.427,.656,-.28,-.334,-.082,.0159,.315,.465,.227,.283,0
2021,3,31,41,m,-.0572,-.0634,-.264,-.25,-.527,-.499,-.0101,-.0528,.0523,.0265,.194,.135,.131,.0889,.0738,.0418,.191,.127,.353,.367,-.0923,-.198,.0752,.0466,.175,.059,.408,.287,-.548,-.526,-.285,-.284,.189,.12,.146,.0912,0
2021,3,31,42,m,-.043,.0938,-.269,-.211,-.451,-.445,.0556,.0145,.15,.196,.261,.269,.352,.286,.325,.196,.131,.0119,.204,.286,-.102,-.0908,.175,.148,.207,.0745,.501,.685,-.59,-.629,-.287,-.284,.269,.297,.288,.261,0
2021,3,31,43,m,.091,.222,-.0991,.035,-.246,-.139,.106,.0812,.189,.246,.252,.23,.26,.26,.0723,.0417,.325,.118,.488,.552,.133,.0583,.102,.115,.373,.221,.28,.428,-.457,-.442,-.0939,-.0574,.322,.334,.215,.208,0
2021,3,31,44,m,.237,.257,-.124,-.051,-.485,-.24,.0828,.119,.352,.325,.412,.39,.53,.426,.234,.241,.392,.334,.313,.569,.339,.377,.176,.319,.396,.433,.421,.664,-.36,-.349,-.0728,.00133,.466,.463,.357,.36,0
2021,3,31,45,m,-.0603,.306,-.0266,.14,-.168,.119,.192,.259,.0184,.297,.267,.484,.0666,.292,.159,.112,1.14,.687,.592,.842,.267,.354,.183,.274,.297,.207,.0994,.482,-.479,-.36,.0494,.168,.174,.432,.172,.292,0
2021,3,31,46,m,.228,.264,-.0986,.0306,-.141,-.019,.232,.129,.353,.333,.431,.332,.447,.376,.318,.174,.149,.118,.482,.329,.0137,-.043,.387,.193,.42,.19,.26,.273,-.408,-.375,-.103,-.0472,.443,.369,.399,.295,0
2021,3,31,47,m,.306,.345,-.0859,-.0432,-.293,-.284,.121,.0808,.332,.313,.269,.266,.348,.297,.0729,.0298,.218,.0794,.352,.577,.185,-.043,.176,.159,.257,.117,.38,.442,-.428,-.356,-.088,-.0999,.352,.351,.254,.237,0
2021,3,31,48,m,.314,.44,-.0787,.0806,-.312,-.155,.162,.203,.275,.293,.347,.362,.264,.248,.132,.145,.348,.204,.528,.691,.0975,.0866,.144,.177,.251,.276,.301,.708,-.491,-.46,-.133,-.0423,.376,.394,.266,.282,0
2021,3,31,49,m,.123,.251,-.0959,-.019,-.337,-.147,.143,.106,.271,.272,.315,.357,.369,.284,.141,.0795,.205,.115,.489,.868,.0716,.0143,.224,.174,.295,.131,.346,.517,-.363,-.411,-.104,-.0845,.354,.399,.284,.289,0
2021,3,31,50,m,.0378,.146,-.138,-.0944,-.215,-.174,.0562,.0116,.108,.125,.271,.245,.155,.112,.129,.057,.253,.112,.494,.594,-.00628,-.111,.149,.111,.0867,.00802,.417,.488,-.489,-.463,-.174,-.171,.246,.238,.207,.175,0
2021,3,31,51,m,.147,.289,-.126,-.0602,-.336,-.185,.169,.124,.151,.241,.331,.3,.154,.207,.331,.216,.204,.0589,.822,1.3,.303,.0397,.212,.191,.305,.154,.352,.714,-.373,-.458,-.0696,-.1,.337,.407,.333,.331,0
2021,3,31,52,m,.04,.134,-.203,-.0607,-.194,-.0964,.0381,.0549,.189,.202,.0742,.157,.273,.236,.0926,.0752,.0389,.00883,-.0731,.136,.0838,.0296,.0897,.111,.198,.13,.556,.547,-.354,-.31,-.144,-.0782,.141,.221,.123,.162,0
2021,3,31,53,m,-.22,-.0377,-.0948,.0759,-.422,-.242,.0129,.0763,-.0268,.0985,.00225,.167,.121,.186,.039,.0121,-.0695,-.0884,-.0793,.289,.0065,.0225,.00336,.0607,.243,.237,.0412,.198,-.445,-.414,-.143,-.0394,-.0224,.163,.00404,.09,0
2021,4,30,1,m,-.0245,.073,-.231,-.171,-.376,-.329,-.125,-.0978,.0178,.0892,.0643,.0434,.0549,.102,-.0599,-.0487,.0307,.0131,.0398,.278,-.176,-.177,-.051,.00597,-.0914,-.0705,.298,.276,-.51,-.481,-.265,-.228,.0738,.117,.0325,.0651,0
2021,4,30,2,m,.0782,.325,-.0547,-.0149,-.324,-.326,.104,.11,.133,.304,.29,.255,.216,.279,.27,.193,.309,.228,.493,.738,.173,.17,.201,.243,.228,.192,.466,.499,-.303,-.274,-.0944,-.0729,.231,.331,.247,.272,0
2021,4,30,3,m,.224,.458,-.0364,-.0156,-.133,-.193,.158,.14,.302,.429,.389,.429,.382,.406,.193,.0948,.262,.218,.77,1.29,.0666,.112,.214,.23,.221,.192,.863,.876,-.244,-.327,-.0318,-.0518,.458,.596,.352,.37,0
2021,4,30,4,m,.0935,.182,.0818,.0687,-.137,-.187,.0648,.023,.196,.223,.237,.214,.29,.258,.0513,.000612,.0276,-.0609,.537,.973,.0344,-.0231,.0801,.101,.13,-.0247,.453,.437,-.413,-.352,-.0497,-.0643,.293,.316,.197,.187,0
2021,4,30,5,m,.133,.262,-.011,.019,-.211,-.177,.0463,.0551,.168,.213,.201,.167,.19,.188,.0476,.0219,.00667,-.0211,.194,.435,.0741,.0516,.0867,.113,.0642,.0833,.545,.415,-.343,-.278,-.07,-.0487,.251,.253,.179,.17,0
2021,4,30,6,m,.0737,.146,-.134,-.117,-.352,-.312,-.0675,-.0708,.0729,.0959,.0964,.0665,.0756,.0673,.023,-.0252,-.0206,-.0716,.0899,.334,-.115,-.151,-.00328,.0159,-.0327,-.0351,.333,.262,-.438,-.442,-.199,-.2,.133,.14,.1,.0889,0
2021,4,30,7,m,.0274,.178,-.0296,.0039,-.169,-.181,.0296,-.00133,.127,.197,.207,.205,.223,.213,.0385,-.00245,.056,-.0433,.334,.883,.0804,.0401,.0626,.113,.0611,-.0849,.435,.612,-.345,-.298,-.0776,-.0713,.212,.295,.152,.182,0
2021,4,30,8,m,.0757,.191,-.0482,.000275,-.369,-.284,.0417,.00798,.196,.211,.171,.176,.28,.224,.205,.03,.0565,-.0242,.246,.641,-.0742,-.0843,.206,.144,.042,-.0275,.616,.532,-.385,-.376,-.144,-.125,.239,.271,.23,.194,0
2021,4,30,9,m,-.0189,.0716,-.247,-.207,-.32,-.321,-.011,-.0189,.0935,.12,.217,.203,.183,.155,.148,.104,.212,.107,.562,1.02,-.113,-.128,.111,.1,.0504,.0383,.268,.19,-.501,-.494,-.241,-.233,.201,.229,.182,.185,0
2021,4,30,10,m,.119,.193,.0186,.0531,-.157,-.119,.0761,.0529,.196,.231,.231,.232,.252,.257,.0505,.0184,.0589,-.0322,.217,.878,-.0269,-.0392,.0955,.137,.131,.015,.476,.486,-.36,-.332,-.0638,-.0581,.302,.359,.203,.22,0
2021,4,30,11,m,-.0204,.0793,-.0277,.00696,-.301,-.258,.0735,.0994,.0177,.101,.193,.234,.251,.222,.106,.0202,-.0746,-.0636,.535,.833,-.0226,-.0331,.0305,.0668,.0399,-.0277,.77,.804,-.456,-.327,-.134,-.0855,.141,.218,.132,.156,0
2021,4,30,12,m,-.000699,.0274,-.177,-.152,-.478,-.433,-.0253,-.042,.0977,.0938,.203,.147,.174,.143,.0954,.0269,.143,-.000568,.294,.614,-.115,-.172,.0666,.054,.0245,.0159,.505,.338,-.505,-.489,-.236,-.234,.198,.168,.164,.12,0
2021,4,30,13,m,.396,.863,.139,.246,1.09,1.19,.245,.26,.411,.656,.289,.45,.435,.511,.132,.0815,.126,.0729,.207,.87,.296,.285,.189,.265,.343,.301,.348,.7,-.409,-.376,.175,.228,.334,.647,.276,.45,0
2021,4,30,14,m,.384,1.08,.229,.369,.358,.585,.367,.473,.428,.934,.488,.521,.48,.811,.314,.238,.301,.354,.633,1.69,.48,.514,.341,.487,.546,.639,1.08,1.52,-.236,-.167,.184,.289,.562,1.02,.473,.655,0
2021,4,30,15,m,.318,.594,.916,1.04,.816,.982,.00924,.0514,.0939,.284,.000152,.139,-.0305,.117,-.206,-.247,.891,.67,-.123,.459,.751,.684,-.0333,.00223,.052,.0662,.588,.677,1.64,1.56,.94,.944,.043,.303,-.0699,.00607,0
2021,4,30,16,m,.0501,.0975,-.0466,-.0266,-.329,-.313,.0374,.0301,.115,.132,.0462,.0646,.18,.165,.0275,-.0206,-.028,-.0493,.386,.933,.0296,-.0394,.248,.273,.07,-.000498,.119,.199,-.415,-.354,-.13,-.116,.137,.174,.0944,.0957,0
2021,4,30,17,m,.00197,.242,-.0394,.015,-.269,-.11,.0217,.0353,.0761,.211,.173,.221,.159,.182,.127,.0455,.0694,-.00716,.335,1.15,.0104,.0301,.0729,.111,.0331,-.00144,.245,.23,-.369,-.378,-.0875,-.0573,.186,.326,.167,.22,0
2021,4,30,19,m,.435,.744,.174,.263,.079,.22,.22,.263,.4,.581,.383,.418,.387,.499,.0822,.0643,.21,.178,.418,.904,.338,.36,.164,.233,.33,.36,.655,.772,-.369,-.309,.13,.19,.465,.614,.276,.327,0
2021,4,30,20,m,.326,.591,.0978,.192,-.0839,-.0444,.236,.27,.358,.441,.417,.512,.396,.349,.185,.103,.36,.169,.553,2.15,.319,.441,.225,.274,.324,.308,.768,.997,-.294,-.183,.0984,.165,.48,.669,.351,.401,0
2021,4,30,21,m,-.121,-.0856,-.296,-.228,-.486,-.477,-.084,-.0748,-.00764,-.00704,.142,.0548,.13,.0842,.179,.119,.0984,.107,.294,.363,-.062,-.0893,.0807,.063,.0111,.0582,.212,.0913,-.49,-.474,-.297,-.263,.0833,.0358,.115,.063,0
2021,4,30,22,m,.125,.251,-.105,-.0708,-.168,-.0464,.0498,.00413,.274,.306,.154,.173,.38,.342,.0377,.00294,.0831,-.00332,.00723,.465,.0579,-.0161,.147,.164,.0319,-.136,.695,.466,-.247,-.23,-.0921,-.0828,.327,.355,.232,.235,0
2021,4,30,23,m,.207,.539,-.0121,.0332,-.168,-.249,.241,.132,.309,.437,.418,.453,.405,.368,.109,.000343,.266,.0958,.499,1.42,.184,.12,.178,.155,.345,.303,.819,.832,-.368,-.357,-.046,-.0534,.458,.588,.338,.359,0
2021,4,30,24,m,.14,.209,-.149,-.132,-.46,-.38,.0643,.0487,.34,.333,.263,.256,.567,.458,.198,.183,.117,.0956,.662,1.37,.0876,.0243,.185,.165,.12,.116,.648,.554,-.421,-.462,-.164,-.168,.366,.385,.298,.303,0
2021,4,30,25,m,-.0225,.32,-.0489,-.00581,-.174,-.176,.0762,.141,.137,.341,.197,.461,.38,.369,.478,.273,.34,.124,1.19,1.92,.286,.285,.292,.286,.0992,.232,1.01,.86,-.418,-.381,-.0899,-.0693,.185,.497,.287,.394,0
2021,4,30,26,m,.238,.493,.0804,.168,.1,.175,.183,.251,.204,.334,.303,.604,.195,.265,.0999,.0512,.146,.0439,.561,1.71,.186,.252,.113,.208,.486,.511,.296,.33,-.229,-.215,.0811,.128,.304,.662,.214,.346,0
2021,4,30,27,m,-.103,.141,-.112,-.0529,-.403,.0438,.153,.179,.0909,.298,.235,.285,.278,.431,.0932,.0652,.364,.0866,1.01,1.93,.0832,.192,.265,.324,.441,.353,.335,.737,-.25,-.275,-.0637,-.0199,.286,.478,.214,.308,0
2021,4,30,28,m,.0722,.209,-.0576,-.0526,-.175,-.0365,.0215,.0306,.149,.212,.199,.193,.233,.215,.104,.02,.125,.0695,.295,.904,-.0172,-.0478,.116,.12,.041,.0724,.707,.439,-.347,-.384,-.0956,-.0977,.214,.285,.174,.177,0
2021,4,30,29,m,-.0521,.16,-.287,-.251,-.438,-.425,-.0597,-.0386,-.00732,.185,.231,.261,.0478,.212,.184,.126,.346,.137,.0736,.916,-.117,-.0609,.071,.15,.114,.133,.713,.325,-.531,-.533,-.292,-.281,.153,.298,.164,.227,0
2021,4,30,30,m,.068,.162,-.202,-.135,-.17,-.2,-.052,-.0706,.167,.147,.244,.233,.295,.131,.0214,-.0805,.0979,-.0479,.201,1.13,.0125,-.00393,.057,.0411,.0301,-.0478,.411,.683,-.629,-.608,-.264,-.24,.263,.279,.168,.132,0
2021,4,30,31,m,.205,.408,-.0363,.0427,-.185,-.207,.125,.141,.242,.374,.342,.377,.282,.341,.128,.0875,.142,.118,.706,1.19,.135,.093,.139,.186,.235,.213,.335,.922,-.336,-.462,-.0217,-.0191,.384,.579,.256,.31,0
2021,4,30,32,m,.109,.221,-.143,-.0818,-.213,-.225,.0109,.0162,.171,.181,.136,.272,.204,.165,.414,.05,-.0482,-.1,.327,1.1,.00697,-.0836,.229,.126,-.0958,-.0581,.135,.317,-.391,-.334,-.151,-.139,.194,.328,.269,.234,0
2021,4,30,33,m,.264,.379,.00326,.0419,-.185,-.17,.0453,.0713,.308,.307,.0542,.126,.337,.273,.0562,.0565,.201,.121,-.171,.211,.133,.0305,.109,.145,.0791,.104,.626,.531,-.355,-.252,-.0272,-.0153,.15,.239,.117,.17,0
2021,4,30,34,m,.238,.387,-.0363,.017,-.246,-.0819,.109,.121,.318,.372,.288,.249,.37,.364,.111,.142,.197,.049,.361,.898,.0138,.0161,.173,.232,.193,.159,.632,.542,-.351,-.419,-.0632,-.0554,.346,.4,.272,.319,0
2021,4,30,35,m,.136,.178,-.0996,-.074,-.286,-.277,.0403,.026,.217,.23,.287,.244,.266,.26,.0852,.0308,.064,.0374,.432,.966,-.0481,-.0982,.126,.126,.0488,.0256,.302,.28,-.37,-.384,-.142,-.145,.315,.32,.243,.227,0
2021,4,30,36,m,.000232,.16,-.0514,.0178,-.219,-.224,.0116,-.00434,.0878,.15,.206,.169,.179,.141,.112,.0146,.016,-.0172,.491,1.01,.00346,.00168,.0766,.0736,-.00774,-.0461,.261,.25,-.357,-.321,-.0946,-.0649,.201,.254,.168,.163,0
2021,4,30,37,m,-.0866,.0762,-.0727,-.0628,-.319,-.319,-.0767,-.00877,.139,.248,.0475,.235,.319,.373,.055,-.0551,.136,.0385,.0532,.809,-.0605,.0707,-.0403,.0199,-.0561,-.0383,.454,.368,-.481,-.418,-.14,-.113,.0973,.34,.0885,.178,0
2021,4,30,38,m,.109,.278,.125,.0919,.0263,-.0818,.0746,.0405,.16,.246,.259,.196,.204,.22,.0353,-.01,.159,.112,.211,.356,.0558,-.0157,.106,.128,.0866,.0256,1.25,.744,-.418,-.377,-.0381,-.0535,.298,.316,.195,.185,0
2021,4,30,39,m,.0178,.203,-.0912,.00483,-.34,-.263,.0593,.0445,.12,.188,.244,.239,.21,.177,.152,.0668,.139,.00234,.52,1.12,.0733,-.0267,.106,.116,.128,.0847,.455,.422,-.388,-.414,-.102,-.098,.239,.306,.204,.21,0
2021,4,30,40,m,.0622,.279,-.0274,.038,-.0906,-.123,.0442,.104,.156,.326,.195,.383,.234,.362,.0828,.0472,.214,.19,.202,1.3,.028,.119,.0137,.087,.0877,.128,.319,.416,-.262,-.382,-.0168,-.00453,.257,.505,.184,.283,0
2021,4,30,41,m,.0215,.0609,-.176,-.158,-.399,-.33,-.012,-.03,.118,.0938,.213,.124,.195,.117,.0614,.0193,.123,.0713,.296,.522,-.0913,-.144,.0842,.0745,.0585,.0495,.428,.269,-.491,-.488,-.225,-.219,.226,.17,.165,.114,0
2021,4,30,42,m,-.0114,.0959,-.179,-.217,-.42,-.443,.0686,.0312,.159,.2,.113,.275,.329,.291,.321,.201,.0509,.0162,-.136,.291,-.0788,-.0869,.163,.152,.113,.0867,.532,.692,-.512,-.628,-.223,-.285,.15,.302,.204,.266,0
2021,4,30,43,m,.166,.248,.0138,.0621,-.231,-.201,.0691,.0708,.216,.253,.215,.2,.252,.255,.0828,.0189,.074,.0223,.569,.577,.118,.0872,.094,.112,.185,.156,.529,.473,-.338,-.312,-.0546,-.0376,.289,.314,.202,.186,0
2021,4,30,44,m,.161,.245,-.0212,.00911,-.281,-.125,.096,.142,.305,.353,.449,.315,.531,.514,.164,.156,.305,.425,.528,.376,.283,.363,.212,.29,.274,.39,.793,.517,-.316,-.285,-.00176,.0589,.501,.428,.341,.301,0
2021,4,30,45,m,.0258,.172,.0331,.14,-.0432,.143,.162,.199,.132,.211,.292,.424,.198,.235,.148,.123,.196,.229,.437,.974,.104,.173,.181,.222,.18,.165,.34,.6,-.26,-.278,.017,.0863,.263,.408,.218,.284,0
2021,4,30,46,m,.369,.385,-.127,.0237,-.0078,.11,.214,.134,.479,.474,.433,.391,.553,.53,.282,.143,.0743,.0841,.739,.996,.0461,.0544,.394,.194,.262,.137,.0436,.22,-.329,-.395,-.0801,-.0277,.506,.497,.43,.363,0
2021,4,30,47,m,.166,.307,-.018,.0443,-.0892,-.125,.0575,.0787,.252,.311,.238,.244,.303,.314,.0334,.00408,.0358,-.0271,.185,.684,.131,.0417,.105,.158,.101,.0756,.372,.441,-.368,-.332,-.0504,-.043,.295,.376,.206,.244,0
2021,4,30,48,m,.419,.454,.037,.0916,-.139,-.1,.185,.197,.341,.306,.444,.376,.318,.261,.141,.124,.186,.214,.555,.709,.149,.0976,.156,.171,.192,.294,.259,.725,-.226,-.262,-.00252,.0113,.435,.408,.302,.28,0
2021,4,30,49,m,.132,.29,-.0738,-.0374,-.253,-.193,.0599,.0882,.256,.309,.216,.318,.336,.32,.089,.0842,.0738,.0829,.209,1.1,-.0467,-.0366,.159,.191,.076,.0805,.493,.413,-.357,-.399,-.118,-.107,.28,.406,.217,.295,0
2021,4,30,50,m,.0877,.244,-.0598,-.0378,-.18,-.0863,.0479,.0306,.151,.177,.289,.321,.195,.138,.286,.0342,.0903,.0449,.695,1.18,-.0454,-.0762,.187,.132,-.0366,.0133,.349,.359,-.411,-.412,-.14,-.131,.301,.34,.294,.234,0
2021,4,30,51,m,.121,.354,-.00935,.0367,-.197,-.11,.122,.0921,.177,.31,.268,.274,.222,.279,.162,.0557,.131,-.0462,.672,1.65,.173,.0299,.161,.162,.0678,.0938,.0462,.302,-.434,-.481,-.0415,-.0764,.295,.434,.246,.282,0
2021,4,30,52,m,.16,.279,-.0964,-.0183,-.149,-.0289,.0564,.113,.29,.34,.185,.278,.362,.371,.0916,.0674,-.0107,.00148,.171,.587,.122,.148,.105,.16,.117,.163,.839,.809,-.306,-.238,-.0877,-.0237,.289,.39,.216,.261,0
2021,4,30,53,m,-.144,-.0404,-.0302,.0868,-.305,-.235,.0194,.0872,.0108,.105,-.0669,.132,.115,.198,.0575,.0224,-.0906,-.0792,-.284,.303,-.0563,.0329,.00786,.0703,.216,.254,.0475,.163,-.384,-.343,-.104,-.0222,-.0752,.147,-.0194,.0867,0
2021,5,31,1,m,-.0425,.139,-.216,-.104,-.295,-.277,-.13,-.0979,-.000549,.127,.0224,.0322,.0389,.118,-.0663,-.0435,-.0329,-.0624,.047,.276,-.202,-.187,-.0759,.0139,-.0796,-.111,.293,.35,-.438,-.38,-.246,-.184,.0458,.146,.0119,.0862,0
2021,5,31,2,m,.118,.457,.0234,.103,-.107,-.138,.132,.157,.144,.401,.239,.301,.186,.335,.274,.204,.245,.174,.392,1,.133,.183,.199,.288,.264,.172,.355,.619,-.203,-.177,-.0183,.0195,.217,.435,.24,.337,0
2021,5,31,3,m,.285,.553,.013,.0952,-.0592,-.0918,.127,.149,.271,.483,.302,.43,.263,.428,.169,.104,.0289,.0106,.574,1.5,-.0282,.117,.155,.24,.213,.148,.516,.823,-.208,-.252,-.0364,.0000561,.371,.644,.295,.4,0
2021,5,31,4,m,.0749,.246,.0589,.174,.0233,-.0187,.0407,.0428,.161,.285,.14,.178,.238,.316,.0331,.023,-.00394,-.105,.357,.742,-.0791,-.0238,.0528,.128,.123,-.0234,.245,.377,-.325,-.23,-.0491,.00524,.212,.318,.142,.197,0
2021,5,31,5,m,.145,.316,.00461,.147,.0386,.0242,.0642,.0737,.152,.235,.135,.153,.157,.194,.0757,.0581,-.0013,-.061,.158,.385,-.0115,.0263,.0698,.121,.154,.083,.347,.385,-.306,-.2,-.0475,.0204,.211,.265,.164,.191,0
2021,5,31,6,m,.0592,.213,-.114,-.055,-.209,-.223,-.0633,-.0696,.0336,.127,.0713,.0708,.0214,.0778,-.017,-.0434,-.08,-.174,.111,.339,-.158,-.192,-.0458,.0179,.0275,-.0662,.181,.248,-.36,-.354,-.173,-.168,.096,.162,.0635,.0988,0
2021,5,31,7,m,.0429,.267,-.0401,.101,-.0701,-.063,-.00549,.0136,.0878,.255,.099,.187,.128,.244,-.0107,.0262,-.13,-.137,.199,.739,-.0396,.00891,.00513,.127,.0495,-.0971,.116,.485,-.291,-.218,-.103,-.0253,.127,.315,.0803,.205,0
2021,5,31,8,m,.0507,.164,-.0299,.0605,-.194,-.162,-.011,-.0223,.142,.18,.0553,.096,.204,.19,.129,-.0203,-.0382,-.103,.202,.491,-.14,-.112,.0946,.0886,.00766,-.0706,.224,.369,-.345,-.326,-.128,-.0952,.14,.207,.138,.134,0
2021,5,31,9,m,-.048,.131,-.195,-.119,-.271,-.274,-.00447,.00508,.0573,.163,.155,.235,.142,.188,.0983,.121,.155,.0292,.367,1.06,-.136,-.118,.053,.123,.089,.00522,.0936,.259,-.404,-.403,-.2,-.18,.157,.289,.136,.23,0
2021,5,31,10,m,.139,.298,.0305,.19,.1,.0741,.0563,.068,.161,.288,.13,.198,.177,.281,.0542,.0491,.0118,-.0969,.088,.634,-.0879,-.0423,.0767,.164,.113,-.0198,.189,.359,-.314,-.229,-.047,.0153,.227,.361,.16,.234,0
2021,5,31,11,m,.293,.638,.00299,.145,-.179,-.0493,.0369,.0855,.277,.585,.115,.223,.172,.291,.0933,.0484,-.0814,-.147,.387,.751,-.141,-.07,.141,.305,.0481,-.0431,.409,.597,-.316,-.201,-.101,-.0109,.294,.563,.244,.402,0
2021,5,31,12,m,-.0462,.0981,-.118,-.0656,-.415,-.348,-.016,-.0224,.0607,.136,.147,.156,.151,.164,.113,.0665,.0378,-.0551,.32,.64,-.189,-.21,.0396,.082,.0974,.00334,.237,.309,-.448,-.407,-.213,-.185,.152,.213,.139,.164,0
2021,5,31,13,m,.457,.834,.17,.325,1.02,1.13,.153,.204,.441,.673,.152,.529,.434,.561,.136,.159,.0295,-.0179,-.0239,1.28,.186,.241,.142,.287,.145,.0673,.385,.733,-.35,-.348,.164,.242,.221,.746,.2,.541,0
2021,5,31,14,m,.42,1.09,.277,.507,.549,.777,.347,.478,.396,.949,.424,.483,.376,.83,.265,.246,.214,.251,.475,1.84,.352,.474,.302,.503,.537,.578,.618,1.31,-.161,-.0704,.211,.366,.489,1.02,.409,.657,0
2021,5,31,15,m,.294,.593,1,1.28,1.07,1.58,.0367,.0953,.194,.411,.032,.209,.14,.313,-.259,-.248,.605,.477,-.174,.59,.478,.633,-.0426,.0303,.165,.118,.533,.645,2.1,1.96,.93,1.09,.122,.432,-.0582,.0642,0
2021,5,31,16,m,.0633,.247,-.0244,.107,-.117,-.0176,.0341,.0784,.0843,.236,.0639,.13,.106,.225,-.00704,.00249,-.0678,-.0865,.361,.833,-.0959,-.0572,.174,.296,.0786,-.00174,.141,.382,-.327,-.209,-.105,-.0133,.142,.274,.0851,.165,0
2021,5,31,17,m,.0582,.311,-.0318,.0741,.0136,.148,.024,.0507,.095,.272,.115,.198,.134,.236,.0948,.0822,.00494,-.0845,.198,.907,-.125,-.0344,.0485,.144,.0747,-.0175,.137,.26,-.275,-.284,-.0724,-.0182,.156,.341,.136,.243,0
2021,5,31,19,m,.429,.685,.172,.323,.103,.271,.187,.247,.337,.526,.297,.348,.291,.447,-.03,-.0235,.141,.0667,.357,.779,.239,.302,.193,.293,.24,.253,.451,.708,-.303,-.221,.114,.201,.388,.542,.18,.247,0
2021,5,31,20,m,.413,.708,.0697,.28,.0611,.226,.186,.266,.353,.5,.246,.413,.318,.371,.111,.104,-.00101,.00335,.121,1.62,.177,.383,.196,.317,.309,.24,.473,.807,-.209,-.121,.0481,.203,.372,.638,.257,.385,0
2021,5,31,21,m,-.103,.0266,-.294,-.156,-.423,-.401,-.0736,-.0553,-.0141,.0544,.149,.0797,.0957,.0866,.176,.106,.0782,.0602,.402,.368,-.146,-.121,.0435,.0744,.0947,.0312,.168,.169,-.418,-.379,-.284,-.209,.0937,.0921,.12,.0968,0
2021,5,31,22,m,.11,.318,-.0567,.048,-.155,.0319,.0445,.0217,.215,.324,.143,.187,.289,.328,-.00586,-.00459,.179,-.0245,.148,.64,-.0491,.0198,.0794,.16,.0759,-.144,.365,.431,-.162,-.0882,-.0571,.00782,.277,.394,.187,.257,0
2021,5,31,23,m,.246,.552,.0667,.142,-.0933,-.168,.246,.15,.259,.443,.443,.472,.273,.369,.0951,.0272,.15,.089,.531,1.55,.0876,.0834,.126,.165,.288,.239,.891,1.07,-.242,-.168,-.00367,.035,.415,.594,.304,.373,0
2021,5,31,24,m,.161,.358,-.0937,-.0172,-.28,-.191,.0708,.0804,.313,.45,.211,.268,.483,.542,.132,.225,.186,.0905,.36,1.22,-.072,-.0359,.121,.21,.137,.0545,.581,.735,-.27,-.309,-.107,-.0811,.328,.463,.249,.366,0
2021,5,31,25,m,.0425,.465,.0406,.153,-.059,-.0149,.122,.235,.226,.502,.348,.589,.509,.55,.504,.346,.0168,.114,1.32,2.1,.105,.402,.257,.367,.273,.296,.774,.892,-.416,-.317,-.0755,.0495,.371,.69,.417,.532,0
2021,5,31,26,m,.273,.471,.05,.249,.066,.271,.158,.253,.148,.361,.304,.561,.0934,.314,.109,.0849,.0972,-.0444,.651,1.71,.123,.223,.106,.233,.462,.468,.232,.304,-.194,-.0729,.0459,.172,.303,.67,.217,.368,0
2021,5,31,27,m,-.0376,.138,.0318,.178,-.166,.244,.303,.378,.152,.378,.46,.543,.309,.581,.0875,.119,.318,.102,1.39,2.6,.157,.365,.304,.487,.772,.611,.434,.9,-.221,-.15,.0408,.152,.516,.726,.35,.476,0
2021,5,31,28,m,.0827,.312,-.0566,.0289,.203,.23,.0115,.0488,.106,.27,.161,.273,.133,.23,.0743,.0413,-.0673,-.0828,.305,1.5,-.061,-.0503,.0397,.122,.0381,-.00543,.55,.612,-.261,-.271,-.0689,-.035,.168,.381,.136,.243,0
2021,5,31,29,m,-.00366,.306,-.217,-.134,-.349,-.342,-.0713,-.0086,.023,.302,.136,.25,.0577,.296,.126,.0785,.249,.0184,-.104,.71,-.177,-.078,.0349,.168,.0793,.0844,.342,.339,-.486,-.435,-.261,-.208,.15,.373,.141,.251,0
2021,5,31,30,m,.0642,.199,-.162,-.0321,-.0776,-.0525,-.0543,-.0492,.126,.176,.256,.183,.202,.153,-.0585,-.0465,.122,-.0944,.0816,.703,-.00412,.0668,.00429,.0649,.00893,-.0819,.281,.362,-.551,-.546,-.213,-.164,.286,.261,.144,.136,0
2021,5,31,31,m,.177,.414,-.0526,.116,.00951,-.0488,.112,.158,.247,.418,.151,.413,.323,.423,.197,.117,-.0434,-.0348,.262,1.58,.0252,-.0201,.157,.225,.313,.213,.171,.663,-.312,-.362,-.0519,.00498,.256,.681,.232,.373,0
2021,5,31,32,m,.115,.262,-.0614,.0705,-.1,-.118,-.00763,.0271,.121,.181,.237,.255,.127,.148,.454,.0533,.021,-.162,.315,.995,.0436,-.013,.219,.119,-.000175,-.0809,.167,.304,-.254,-.218,-.0644,-.0503,.238,.317,.312,.228,0
2021,5,31,33,m,.209,.397,-.00534,.187,-.103,-.0581,.0349,.0791,.249,.334,.000452,.146,.273,.304,.0742,.0841,.148,.0554,-.195,.157,.00633,.00307,.0816,.169,.114,.0436,.275,.393,-.348,-.178,-.0517,.0452,.0907,.252,.0869,.188,0
2021,5,31,34,m,.28,.407,.0254,.123,-.0844,.0391,.124,.128,.306,.374,.235,.233,.323,.357,.104,.136,.134,.0272,.48,.856,-.047,-.0121,.165,.237,.263,.135,.495,.475,-.217,-.267,-.0148,.0193,.352,.411,.274,.324,0
2021,5,31,35,m,.115,.206,-.096,.0188,-.26,-.255,.0137,.0196,.144,.22,.174,.186,.161,.229,.058,.0444,-.0172,-.0391,.356,.782,-.108,-.122,.0708,.128,.102,.00921,.198,.326,-.34,-.341,-.15,-.112,.217,.294,.167,.213,0
2021,5,31,36,m,.0602,.252,-.0208,.109,-.0676,-.0924,.0251,.04,.101,.24,.135,.181,.139,.228,.115,.0623,.0393,-.0278,.22,.832,-.104,-.0435,.0573,.129,.046,-.0323,.249,.413,-.28,-.156,-.0759,.000522,.182,.325,.157,.225,0
2021,5,31,37,m,-.00359,.103,.032,.126,-.223,-.13,-.0295,.022,.11,.216,.0746,.23,.192,.298,.202,.0795,.0289,-.111,.0307,.645,-.0789,.0573,-.0182,.0505,.0155,-.0542,.301,.308,-.456,-.395,-.0964,-.0347,.114,.319,.15,.221,0
2021,5,31,38,m,.0382,.367,.0705,.178,-.0211,-.127,.0516,.0661,.116,.321,.214,.224,.189,.285,.019,-.00297,.112,.0702,.226,.342,-.0268,-.0128,.0702,.149,.0396,.0183,1.21,1.01,-.322,-.263,-.0457,-.000528,.282,.392,.18,.234,0
2021,5,31,39,m,-.0156,.222,-.026,.108,-.0839,.0296,.0528,.0663,.0756,.233,.149,.204,.152,.24,.099,.0949,.0911,-.0201,.343,.885,-.0414,-.00573,.0549,.141,.156,.0537,.346,.403,-.346,-.33,-.0678,-.0168,.171,.316,.142,.228,0
2021,5,31,40,m,.0997,.321,-.0054,.145,.179,.115,.0398,.127,.195,.372,.0549,.364,.275,.412,.0997,.0765,.0561,.0175,.059,1.39,-.094,.0746,.0231,.116,.141,.117,.0229,.399,-.193,-.305,-.0138,.0508,.164,.523,.14,.306,0
2021,5,31,41,m,.00123,.134,-.13,-.0706,-.346,-.292,-.0102,-.00986,.0717,.141,.179,.16,.128,.146,.0453,.0465,.154,.118,.369,.542,-.187,-.187,.0271,.0903,.107,.016,.397,.593,-.411,-.384,-.191,-.156,.199,.236,.142,.166,0
2021,5,31,42,m,-.0254,.105,-.212,-.21,-.409,-.438,.0308,.0399,.111,.21,-.148,.245,.24,.302,.284,.211,-.0395,-.0569,-.482,.302,-.143,-.136,.0944,.162,.136,.0702,.425,.706,-.501,-.625,-.252,-.296,-.0759,.284,.0249,.258,0
2021,5,31,43,m,.191,.393,.0218,.171,-.0798,-.0301,.0581,.0816,.209,.348,.18,.229,.225,.321,.0368,.0156,.0916,-.0213,.551,.628,.0268,.091,.0609,.129,.188,.0905,.349,.587,-.317,-.282,-.0396,.0225,.283,.402,.181,.235,0
2021,5,31,44,m,.197,.284,.0059,.139,-.301,-.0357,.119,.191,.273,.387,.387,.29,.388,.539,.183,.161,.398,.383,.667,.541,.377,.391,.185,.243,.287,.461,1.02,1.15,-.154,-.111,.0499,.156,.512,.446,.357,.313,0
2021,5,31,45,m,.158,.356,-.02,.196,.00277,.475,.162,.215,.224,.375,.245,.393,.263,.387,.162,.136,.251,.241,.433,.902,.213,.276,.179,.248,.2,.129,.327,.515,-.27,-.281,.0228,.156,.271,.458,.23,.317,0
2021,5,31,46,m,.289,.392,-.016,.19,.000961,.219,.125,.147,.273,.4,.262,.412,.261,.404,.28,.22,.0231,-.0722,.16,1.17,.0211,.0894,.129,.18,.279,.0982,-.0202,.236,-.146,-.184,-.0142,.0737,.263,.474,.273,.378,0
2021,5,31,47,m,.13,.329,.0111,.127,.0138,.0362,.0532,.0627,.194,.287,.124,.178,.234,.265,.0452,.0249,.111,.00181,.204,.652,-.0699,-.102,.0607,.14,.172,.0489,.167,.345,-.278,-.235,-.0366,.000798,.205,.324,.151,.218,0
2021,5,31,48,m,.327,.466,-.0353,.101,-.225,-.0929,.189,.207,.3,.317,.492,.388,.294,.271,.164,.134,.438,.224,.67,.723,.112,.107,.13,.181,.296,.305,.476,.74,-.287,-.256,-.0527,.0198,.44,.42,.316,.291,0
2021,5,31,49,m,.0951,.291,-.0765,.0803,-.288,-.099,.0279,.0974,.22,.326,.157,.323,.299,.346,.109,.142,-.0175,-.0311,.186,1.06,-.174,-.0736,.105,.215,.0866,.0497,.225,.251,-.334,-.368,-.152,-.0703,.24,.428,.197,.329,0
2021,5,31,50,m,.0934,.271,-.0403,.0414,.0937,.199,.0464,.0584,.146,.216,.227,.383,.181,.185,.268,.0646,.083,-.0429,.754,1.58,-.082,-.0579,.139,.17,.0497,.00859,.137,.34,-.406,-.413,-.106,-.082,.26,.413,.26,.292,0
2021,5,31,51,m,.0598,.331,.00698,.0549,.102,.195,.12,.106,.137,.32,.13,.239,.199,.312,.105,.0793,.0182,-.112,.523,1.6,.0763,.0522,.112,.183,.152,.0993,.171,.51,-.307,-.412,-.0109,-.0385,.196,.425,.162,.286,0
2021,5,31,52,m,.11,.282,-.0819,.0959,.0458,.0704,.0479,.114,.322,.409,.0908,.287,.443,.473,.107,.0969,.0161,-.0509,.0372,.798,.0612,.0936,.11,.199,.0813,.0647,.504,.625,-.232,-.214,-.0534,.0165,.218,.452,.18,.31,0
2021,5,31,53,m,-.134,-.0305,-.048,.146,-.339,-.193,.0272,.103,.0268,.129,-.0778,.101,.134,.231,.111,.0852,-.0973,-.149,-.302,.137,.022,.0864,.0492,.124,.209,.214,-.00324,.178,-.415,-.307,-.113,.0103,-.0754,.136,.00414,.111,0
2021,6,30,1,m,-.0484,.124,-.206,-.0609,-.191,-.168,-.117,-.103,-.023,.103,.000282,-.0157,.000819,.0858,-.118,-.104,.0909,-.0243,-.0265,.216,-.152,-.163,-.0845,-.019,-.051,-.124,.268,.267,-.365,-.312,-.197,-.132,.0263,.104,-.0176,.0391,0
2021,6,30,2,m,.138,.454,.0213,.169,.0107,-.0882,.17,.18,.149,.391,.275,.284,.168,.316,.237,.166,.418,.207,.331,.784,.266,.336,.209,.27,.293,.176,.834,.931,-.0571,-.0596,.0588,.105,.242,.418,.242,.311,0
2021,6,30,3,m,.219,.496,.0239,.138,.14,.0634,.154,.14,.238,.425,.261,.316,.26,.37,.136,.0622,.294,.101,.355,1.03,.079,.165,.176,.22,.213,.115,.59,.639,-.067,-.153,.055,.0708,.328,.524,.253,.316,0
2021,6,30,4,m,.127,.23,.0458,.224,.18,.13,.112,.0711,.204,.258,.208,.165,.273,.281,.0417,.00577,.106,-.0717,.424,.692,.0889,.0993,.107,.127,.227,.00475,.409,.39,-.203,-.0985,.0255,.0881,.28,.289,.184,.173,0
2021,6,30,5,m,.129,.272,-.0129,.198,.201,.184,.0767,.0575,.132,.173,.12,.0797,.135,.122,.0331,-.00363,.0635,-.0584,.138,.27,.116,.137,.0611,.074,.173,.0468,.321,.322,-.184,-.0913,.0132,.0922,.198,.179,.139,.113,0
2021,6,30,6,m,.0779,.17,-.12,-.0237,-.122,-.0995,-.0472,-.0768,.028,.0857,.0168,-.00509,.000344,.038,-.0515,-.0908,.0286,-.133,-.016,.226,-.0875,-.143,-.0369,-.0155,.0632,-.0731,.21,.176,-.252,-.254,-.121,-.109,.0567,.0971,.0254,.0392,0
2021,6,30,7,m,.0529,.216,-.0464,.135,.119,-.00469,.0246,.0174,.067,.186,.0966,.134,.0788,.16,-.0731,-.0268,.0548,-.137,.122,.712,.154,.128,.0161,.0978,.0705,-.0924,.315,.431,-.196,-.127,-.0199,.0301,.118,.241,.0487,.139,0
2021,6,30,8,m,.0518,.121,-.0191,.136,.0997,.114,.0262,-.0167,.112,.115,.0266,.0341,.152,.111,.0969,-.0563,-.0281,-.111,.122,.326,-.014,.00478,.113,.0541,.0462,-.0886,.256,.321,-.201,-.227,-.0363,.00268,.0998,.124,.0994,.0664,0
2021,6,30,9,m,.0192,.146,-.183,-.0968,-.135,-.209,.0038,-.0203,.0838,.138,.0985,.154,.134,.132,-.014,.0611,.227,.0016,.38,.945,-.0389,-.0775,.0278,.0843,.0976,-.031,.0388,.146,-.3,-.319,-.139,-.143,.147,.22,.0898,.164,0
2021,6,30,10,m,.143,.225,.021,.234,.152,.144,.109,.0842,.192,.243,.15,.173,.228,.255,.0455,.0252,.0399,-.128,.182,.74,.11,.131,.109,.156,.226,.00516,.311,.443,-.218,-.14,.0088,.0776,.246,.318,.167,.198,0
2021,6,30,11,m,-.124,-.0461,-.0174,.153,-.00322,.011,.0856,.0768,-.0797,-.00669,.16,.189,.181,.211,.0605,.00128,.139,-.0651,.318,.645,.00362,.0651,-.00993,.0243,.102,-.0155,.556,.669,-.137,-.00799,-.0107,.0635,.0489,.116,.0534,.0801,0
2021,6,30,12,m,.0265,.148,-.114,.0161,-.122,-.196,.00706,-.0262,.0736,.131,.111,.102,.113,.118,.0423,-.0256,.18,-.03,.164,.513,-.0824,-.122,.043,.0534,.137,-.0304,.257,.331,-.364,-.327,-.131,-.102,.144,.181,.111,.111,0
2021,6,30,13,m,.382,.624,.131,.301,1.02,1.2,.132,.143,.308,.521,.123,.362,.257,.449,.0391,.0814,.207,-.0152,-.0227,.836,.31,.27,.116,.226,.0826,-.0259,.26,.595,-.264,-.287,.204,.252,.178,.532,.137,.374,0
2021,6,30,14,m,.415,.995,.213,.589,.658,1.03,.378,.475,.413,.877,.397,.412,.414,.779,.207,.168,.275,.282,.389,1.51,.496,.562,.308,.455,.621,.558,.742,1.18,-.0149,.0553,.259,.468,.474,.902,.375,.559,0
2021,6,30,15,m,.472,.676,1.02,1.32,1.94,2.05,.0525,.0843,.283,.404,-.0188,.0932,.177,.258,-.261,-.273,1.01,.544,-.153,.289,.622,.785,.0139,.0333,.136,.0633,.0383,.501,2.12,2.06,1.1,1.19,.0927,.304,-.0782,-.00758,0
2021,6,30,16,m,.0985,.246,-.0451,.134,-.0543,-.0369,.0663,.0786,.103,.2,.0823,.1,.109,.156,-.0638,-.0775,-.0023,-.0997,.287,.73,.142,.148,.19,.265,.141,-.0083,.161,.36,-.272,-.158,-.0554,.0351,.169,.239,.0789,.112,0
2021,6,30,17,m,.0606,.201,-.0353,.109,.182,.134,.0599,.0359,.0881,.175,.0933,.0992,.116,.151,.0509,.0224,.109,-.0424,.191,.595,-.00348,.0366,.0677,.0913,.142,-.0163,.0544,.144,-.157,-.195,-.00804,.0278,.141,.216,.11,.143,0
2021,6,30,19,m,.346,.517,.101,.296,.131,.343,.194,.21,.314,.399,.257,.247,.302,.34,-.0832,-.1,.247,.109,.266,.529,.403,.341,.195,.23,.271,.226,.461,.593,-.194,-.137,.136,.219,.349,.395,.129,.136,0
2021,6,30,20,m,.433,.525,.0865,.35,.496,.702,.231,.248,.382,.355,.316,.404,.354,.25,.0603,.0284,.391,.0659,.25,1.48,.28,.42,.193,.223,.366,.215,.557,.711,.0197,.0425,.183,.308,.46,.551,.278,.304,0
2021,6,30,21,m,-.0409,.0364,-.287,-.125,-.166,-.312,-.0595,-.074,.0343,.0565,.0859,.00761,.125,.08,.0747,.00936,.164,.0639,.0658,.206,-.0247,-.0714,.047,.0363,.0756,-.0336,.0733,.0605,-.348,-.304,-.223,-.162,.0744,.0529,.0746,.0386,0
2021,6,30,22,m,.0815,.259,-.105,.105,-.0422,.272,.0797,.0461,.285,.337,.13,.129,.436,.389,-.0442,-.0219,.267,.00371,-.0319,.452,.217,.231,.115,.159,.159,-.132,.4,.39,-.146,.0109,-.0226,.109,.279,.341,.17,.217,0
2021,6,30,23,m,.23,.374,.102,.151,-.0388,-.196,.269,.0905,.287,.31,.251,.214,.336,.267,.0915,-.0828,.299,.0907,.146,.972,.0643,.083,.157,.0711,.404,.167,.921,.972,-.174,-.129,.0413,.0456,.314,.38,.24,.199,0
2021,6,30,24,m,.193,.318,-.0739,.0572,-.135,-.17,.141,.0784,.359,.438,.207,.204,.54,.558,.0636,.166,.206,.0306,.416,1.08,.099,.0631,.194,.18,.297,.0619,.483,.657,-.142,-.176,-.0335,-.0139,.341,.399,.226,.304,0
2021,6,30,25,m,.00805,.394,.0303,.163,.0722,.0166,.237,.225,.162,.43,.538,.49,.388,.476,.358,.247,.325,.0475,1.86,2.34,.25,.38,.281,.316,.485,.288,.708,.672,-.28,-.231,.0034,.0699,.428,.597,.396,.436,0
2021,6,30,26,m,.331,.526,.0253,.241,.26,.483,.201,.266,.164,.327,.209,.427,.0917,.241,.0807,.0496,.167,-.0112,.36,1.25,.224,.386,.137,.228,.57,.503,.224,.348,-.036,-.0191,.089,.219,.231,.548,.164,.29,0
2021,6,30,27,m,-.0337,.128,.0582,.279,-.0289,.287,.367,.356,.186,.354,.466,.428,.381,.544,.0748,.0654,.597,.0602,1.44,2.08,.225,.397,.363,.435,.925,.624,.128,.508,.15,.0155,.181,.227,.558,.597,.363,.379,0
2021,6,30,28,m,.063,.25,-.03,.0899,.163,.117,.052,.052,.0897,.224,.0621,.145,.119,.201,.0844,.0314,.0905,-.0449,.258,1.11,.104,.103,.0679,.113,.137,.0265,.461,.529,-.133,-.19,.00723,.0243,.103,.264,.0971,.169,0
2021,6,30,29,m,.0278,.245,-.238,-.125,-.138,-.187,-.0444,-.0305,.0307,.219,.148,.163,.0363,.19,.0592,-.00133,.3,.0635,-.1,.444,-.0281,.00474,.0382,.0964,.106,.0412,.378,.276,-.371,-.343,-.201,-.154,.144,.262,.111,.154,0
2021,6,30,30,m,-.0141,.161,-.22,-.0483,-.0733,-.0303,-.0377,-.051,.108,.155,.237,.148,.273,.149,-.0513,-.0852,.351,-.022,.0762,.672,.076,.0552,.0211,.0298,.0588,-.089,.689,.752,-.451,-.423,-.196,-.13,.246,.235,.126,.105,0
2021,6,30,31,m,.121,.312,-.0285,.141,.431,.202,.152,.131,.218,.334,.169,.285,.326,.355,.124,.0493,.247,.0138,.225,1.04,.111,.0325,.136,.173,.279,.119,.504,.752,-.212,-.396,.049,.0524,.235,.481,.184,.245,0
2021,6,30,32,m,.0256,.171,-.0555,.135,.225,.0678,.00211,.026,.131,.136,.265,.223,.191,.122,.414,-.00453,.0805,-.182,.347,.879,.161,-.00456,.224,.0896,.0366,-.107,.367,.356,-.166,-.0763,.00225,.0122,.291,.284,.341,.186,0
2021,6,30,33,m,.231,.378,.0367,.329,.109,.148,.0659,.1,.252,.289,-.0277,.101,.267,.248,.0432,.0629,.175,.0585,-.251,.199,.147,.0968,.0936,.149,.19,.0695,.277,.297,-.307,-.133,.0191,.143,.0813,.213,.0692,.156,0
2021,6,30,34,m,.276,.301,.0159,.218,.0454,.157,.127,.108,.278,.283,.17,.123,.28,.274,.0395,.0794,.26,.0458,.295,.628,.0526,.0591,.147,.179,.276,.124,.24,.315,-.144,-.196,.0341,.0986,.278,.279,.202,.216,0
2021,6,30,35,m,.0801,.149,-.0591,.0684,-.0975,-.126,.0287,.00232,.132,.174,.0847,.0946,.165,.189,.00228,-.0212,.0135,-.0909,.0673,.561,.00666,-.0408,.0692,.0919,.131,-.0211,.0623,.211,-.195,-.213,-.0688,-.0467,.153,.208,.106,.134,0
2021,6,30,36,m,.104,.185,-.0388,.138,.128,.0714,.0748,.0291,.177,.188,.153,.116,.248,.191,.0759,-.00575,.0998,-.00039,.384,.672,.114,.068,.0973,.0914,.115,-.0568,.169,.433,-.201,-.147,-.00464,.0537,.224,.252,.17,.154,0
2021,6,30,37,m,-.0713,.0336,-.0288,.135,-.155,-.0238,-.0128,.00779,.16,.235,.131,.183,.338,.38,.0478,-.055,.182,-.0605,.147,.629,-.105,.076,-.0278,.0324,.0217,-.0776,.672,.385,-.387,-.33,-.0891,.00158,.187,.282,.139,.144,0
2021,6,30,38,m,.116,.361,.0317,.209,.114,.00273,.088,.0617,.178,.295,.235,.151,.236,.242,.0129,-.0337,.206,.104,.181,.261,.107,.0535,.109,.121,.0809,.000417,1.12,.66,-.239,-.186,.0029,.0558,.295,.313,.184,.174,0
2021,6,30,39,m,.00974,.135,-.0365,.164,.0916,.0498,.0953,.0558,.0951,.147,.185,.141,.166,.156,.0603,.0602,.276,.0126,.311,.58,.047,.0311,.0745,.101,.231,.0405,.533,.413,-.258,-.259,-.00294,.0308,.196,.216,.142,.154,0
2021,6,30,40,m,.132,.296,-.0651,.157,.221,.244,.0737,.136,.205,.317,.0448,.239,.266,.333,.0632,.0423,.146,.0224,.0513,1.01,.0388,.158,.0514,.125,.262,.19,.126,.291,-.153,-.244,-.00427,.0918,.17,.382,.125,.217,0
2021,6,30,41,m,.0304,.129,-.117,-.0134,-.118,-.141,.0233,-.013,.0721,.133,.167,.0913,.104,.136,-.00804,-.0379,.289,.148,.27,.509,-.0567,-.0809,.0358,.0639,.143,-.00786,.325,.317,-.308,-.301,-.108,-.0799,.194,.187,.12,.104,0
2021,6,30,42,m,-.00936,.0601,-.183,-.154,-.237,-.348,.064,.0242,.121,.155,-.122,.128,.244,.238,.231,.164,.0518,-.0796,-.506,-.00627,-.0547,-.0772,.104,.133,.182,.0464,.382,.682,-.416,-.571,-.182,-.244,-.0533,.169,.0331,.167,0
2021,6,30,43,m,.177,.309,-.027,.196,.114,.0988,.0821,.0604,.223,.286,.181,.147,.257,.272,.0256,-.0303,.103,-.0379,.42,.445,.212,.172,.102,.0981,.182,.0405,.527,.386,-.199,-.205,.0125,.0706,.291,.316,.18,.166,0
2021,6,30,44,m,.103,.103,.0286,.165,-.148,.112,.159,.188,.237,.24,.439,.249,.439,.443,.151,.0929,.317,.307,.853,.597,.23,.403,.144,.179,.369,.374,.516,.446,.101,.169,.0829,.213,.534,.362,.351,.236,0
2021,6,30,45,m,.0579,.219,-.00543,.277,-.0594,.365,.189,.22,.279,.349,.227,.302,.424,.428,.121,.111,.744,.437,.296,.59,.208,.334,.26,.292,.175,.0787,.267,.391,-.257,-.23,.0713,.23,.239,.337,.191,.238,0
2021,6,30,46,m,.279,.235,-.075,.221,-.126,.308,.135,.118,.382,.336,.296,.262,.445,.399,.227,.133,.297,.0465,.206,.796,.00111,.0621,.166,.147,.199,.0302,-.000414,.107,-.0159,-.165,-.00778,.108,.331,.353,.296,.269,0
2021,6,30,47,m,.163,.263,-.00555,.2,.148,.13,.0478,.0393,.178,.222,.0924,.105,.187,.2,-.0103,-.0241,.0664,-.0844,-.0308,.307,.114,.0398,.0441,.106,.158,-.0142,.396,.493,-.191,-.166,.00826,.0656,.203,.245,.129,.149,0
2021,6,30,48,m,.259,.439,-.0362,.153,-.212,-.11,.189,.185,.267,.293,.565,.384,.273,.248,.129,.102,.33,.231,.814,.865,.123,.0864,.134,.158,.337,.285,.424,.708,-.254,-.27,-.0436,.0383,.422,.417,.291,.275,0
2021,6,30,49,m,.143,.287,-.0205,.144,-.117,-.00829,.103,.112,.25,.304,.136,.218,.318,.314,.0639,.0892,.0377,-.0572,.178,.865,-.0424,.0481,.147,.211,.238,.101,.255,.314,-.119,-.206,-.0426,.0121,.22,.327,.167,.245,0
2021,6,30,50,m,.049,.193,-.0352,.0822,.2,.271,.0498,.0275,.0807,.134,.137,.187,.101,.1,.181,.00598,.131,-.0348,.355,.937,-.0701,-.0139,.124,.144,.0766,-.0385,.161,.261,-.377,-.383,-.0799,-.0444,.168,.224,.17,.148,0
2021,6,30,51,m,.111,.253,-.0586,.0516,.016,.0307,.13,.0414,.142,.226,.179,.103,.166,.207,.0989,.0553,.108,-.153,.55,1.06,.2,.0984,.116,.12,.18,.0204,.126,.382,-.0733,-.273,.0181,-.0308,.23,.264,.178,.18,0
2021,6,30,52,m,.1,.261,-.112,.117,.243,.225,.0676,.132,.257,.333,.118,.249,.346,.369,.0509,.0691,.0723,.00284,.0144,.677,.00929,.154,.0876,.184,.143,.097,.42,.51,-.0679,.011,-.0266,.0959,.213,.383,.154,.257,0
2021,6,30,53,m,-.142,-.0794,-.0791,.139,-.224,.0353,.0371,.0986,.0266,.0893,-.145,.0255,.137,.197,.0639,.0416,-.0733,-.153,-.393,-.0191,.124,.223,.0451,.0945,.294,.246,-.0548,.131,-.369,-.235,-.0977,.0518,-.103,.0571,-.0299,.0496,0
2021,7,31,1,m,-.0152,.0861,-.147,.00338,-.236,-.178,-.128,-.0963,-.0183,.07,-.046,-.0288,-.0204,.057,-.106,-.0835,.00407,-.0467,-.0845,.175,-.193,-.131,-.0804,-.021,-.131,-.152,.227,.191,-.376,-.343,-.188,-.109,-.00561,.0697,-.0364,.0216,0
2021,7,31,2,m,.232,.367,.16,.263,.0408,.00879,.187,.179,.245,.344,.262,.28,.263,.317,.24,.173,.291,.14,.382,.707,.271,.352,.243,.255,.23,.146,.659,.557,-.0519,-.0644,.119,.15,.291,.37,.272,.287,0
2021,7,31,3,m,.215,.347,.0536,.193,.0257,.0577,.0966,.112,.219,.324,.197,.258,.224,.305,.0989,.0565,.051,.03,.281,.752,.00956,.176,.123,.184,.14,.0831,.437,.518,-.131,-.202,.0157,.078,.266,.407,.198,.249,0
2021,7,31,4,m,.124,.218,.126,.289,.146,.169,.0667,.059,.189,.237,.161,.147,.247,.252,-.00648,-.0133,.0394,-.0798,.223,.452,.0171,.102,.0674,.114,.0753,-.039,.451,.403,-.196,-.159,.0414,.106,.231,.252,.135,.144,0
2021,7,31,5,m,.144,.272,.0597,.283,.13,.118,.0428,.0435,.151,.179,.0928,.056,.156,.132,.0235,.0125,-.00194,-.0911,.1,.151,.0373,.117,.0666,.084,.0293,-.00222,.364,.287,-.219,-.214,.0137,.0891,.187,.159,.127,.106,0
2021,7,31,6,m,.0652,.152,-.0727,.0387,-.136,-.112,-.0739,-.0701,.0058,.0788,.0143,.00429,-.0277,.0376,-.0616,-.0804,-.0926,-.146,.0334,.283,-.114,-.088,-.059,-.00919,-.0425,-.104,.26,.152,-.33,-.328,-.134,-.0932,.0419,.0952,.0118,.041,0
2021,7,31,7,m,.095,.196,.00194,.203,-.0113,.016,-.0027,.0246,.0825,.182,.109,.15,.0719,.171,-.0556,.00272,-.0625,-.102,.239,.608,-.0129,.159,.00972,.109,.00296,-.103,.212,.438,-.24,-.182,-.0528,.0594,.132,.238,.0624,.149,0
2021,7,31,8,m,-.000311,.131,.0282,.174,-.0908,-.0286,.00961,-.014,.0877,.119,.0561,.0454,.15,.111,.123,-.026,-.028,-.109,.199,.275,-.0683,.00687,.122,.0803,-.0211,-.0864,.327,.292,-.26,-.307,-.0571,-.0151,.114,.125,.117,.0767,0
2021,7,31,9,m,.0309,.0854,-.109,-.0243,-.119,-.171,-.00918,-.0226,.0783,.108,.0947,.14,.113,.125,.024,.0509,.0702,-.069,.444,.817,-.144,-.066,.0382,.0745,.0562,-.0457,-.036,.114,-.298,-.323,-.132,-.116,.12,.178,.0867,.133,0
2021,7,31,10,m,.147,.216,.109,.34,.11,.174,.0819,.0813,.206,.241,.124,.144,.249,.258,.0476,.0311,-.0326,-.132,.118,.525,.0317,.124,.113,.163,.0849,-.0342,.357,.389,-.197,-.165,.0254,.114,.218,.269,.15,.172,0
2021,7,31,11,m,-.357,-.0743,.0215,.218,-.163,.0177,.00279,.0538,-.296,-.0304,.0674,.179,.162,.213,.0347,.00409,-.0194,-.103,.205,.546,-.0759,.0685,-.16,.0113,-.0126,-.0602,.377,.483,-.204,-.119,-.0521,.0688,-.164,.0836,-.111,.0588,0
2021,7,31,12,m,.0693,.137,-.0512,.0954,-.311,-.267,-.0248,-.0266,.1,.129,.0622,.0897,.125,.123,.0285,-.0119,.0667,-.0863,.177,.533,-.13,-.0811,.0521,.0648,-.0142,-.0764,.152,.25,-.379,-.379,-.138,-.0888,.121,.16,.0908,.102,0
2021,7,31,13,m,.245,.52,.103,.386,.718,.977,.068,.128,.257,.408,.0994,.286,.273,.33,.0312,.0826,.0347,-.0233,-.104,.5,.179,.247,.0592,.189,-.0336,-.0586,.165,.461,-.338,-.291,.109,.265,.116,.384,.09,.279,0
2021,7,31,14,m,.532,.81,.393,.777,.676,1.11,.417,.518,.499,.769,.445,.479,.471,.734,.233,.192,.377,.264,.462,1.51,.484,.703,.373,.461,.542,.57,.983,1.22,.0139,.0991,.357,.583,.562,.866,.43,.551,0
2021,7,31,15,m,.343,.507,1.32,1.54,1.61,1.89,.044,.0817,.1,.252,.00105,.119,-.028,.116,-.251,-.263,.833,.701,-.163,.203,.639,.944,-.0348,.00478,.0436,-.0288,.0902,.586,2.08,1.67,1.17,1.3,.0235,.236,-.108,-.0334,0
2021,7,31,16,m,.134,.194,.0169,.18,-.113,-.049,.0315,.0647,.127,.191,.0145,.0979,.121,.188,.0155,.0257,.00961,-.0824,.331,.72,-.0572,.0784,.145,.217,.0817,-.0153,.16,.31,-.24,-.201,-.0511,.0379,.125,.222,.0823,.143,0
2021,7,31,17,m,.134,.145,.0394,.183,.0337,.108,.0274,.0405,.109,.136,.0691,.116,.0862,.127,.0857,.0649,.00146,-.0782,.114,.493,-.0565,.0539,.079,.102,.00392,-.0385,.118,.125,-.22,-.24,-.0181,.0473,.133,.189,.116,.142,0
2021,7,31,19,m,.38,.649,.177,.335,.0703,.337,.177,.219,.372,.48,.244,.246,.378,.395,.0158,-.000854,.126,.0434,.322,.522,.311,.336,.191,.236,.192,.25,.485,.59,-.248,-.19,.13,.217,.363,.433,.187,.207,0
2021,7,31,20,m,.362,.544,.113,.361,.107,.304,.153,.215,.288,.357,.105,.29,.243,.241,-.0105,.0537,.259,-.00605,.0849,1.21,.251,.508,.139,.247,.239,.162,.603,.776,-.119,-.115,.136,.269,.252,.474,.133,.275,0
2021,7,31,21,m,-.052,-.0181,-.267,-.082,-.416,-.352,-.084,-.0666,.0195,.0249,.0503,.0464,.104,.0747,.0546,.029,.104,.0548,.308,.383,-.0865,.00419,.0258,.0257,.0185,-.0493,.0575,.053,-.354,-.363,-.245,-.153,.0464,.0478,.0491,.0417,0
2021,7,31,22,m,.105,.281,-.05,.216,-.16,.221,.00977,.0202,.25,.301,.0481,.0651,.356,.314,-.0237,-.0273,.153,-.0122,-.14,.28,.011,.162,.0452,.113,.0143,-.145,.44,.309,-.175,-.139,-.046,.114,.211,.276,.135,.172,0
2021,7,31,23,m,.24,.324,.111,.236,-.0295,-.142,.239,.132,.22,.25,.277,.294,.208,.2,.0217,-.0696,.172,.0839,.153,.818,.0458,.133,.107,.0726,.175,.177,.765,.906,-.227,-.158,.0219,.0879,.285,.363,.192,.194,0
2021,7,31,24,m,.226,.273,.0472,.19,-.24,-.168,.121,.0936,.368,.409,.205,.242,.512,.545,.115,.146,.0826,.00321,.322,.998,.0294,.115,.236,.184,.103,.0286,.442,.649,-.139,-.184,-.01,.0445,.324,.396,.239,.294,0
2021,7,31,25,m,.0855,.262,.148,.268,-.0557,-.0309,.195,.221,.171,.316,.432,.43,.282,.385,.302,.241,.305,.0886,1.13,1.59,.216,.448,.247,.293,.239,.192,.579,.536,-.182,-.16,.071,.142,.368,.432,.337,.345,0
2021,7,31,26,m,.152,.381,.113,.289,.168,.388,.192,.261,.182,.306,.205,.392,.204,.273,.0967,.0703,.0817,-.0131,.34,1.02,.188,.383,.162,.257,.482,.485,.132,.222,-.0833,-.117,.113,.227,.229,.467,.168,.262,0
2021,7,31,27,m,.0482,.178,.128,.333,-.0332,.415,.246,.381,.286,.406,.261,.354,.498,.599,.0757,.107,.404,.0897,1.06,1.79,.15,.348,.271,.466,.593,.729,.00584,.522,-.141,-.145,.133,.232,.453,.573,.302,.381,0
2021,7,31,28,m,.123,.227,.0258,.128,.0716,.0542,.0298,.0491,.186,.239,.0834,.124,.252,.25,.0742,.0728,.0176,-.0535,.208,.855,-.0888,.0782,.0804,.148,.0659,-.0173,.588,.542,-.151,-.19,-.0174,.0295,.163,.251,.129,.179,0
2021,7,31,29,m,.0973,.225,-.15,-.0256,-.15,-.183,-.0255,-.000904,.115,.234,.113,.193,.137,.243,.068,.0248,.45,.0994,-.15,.442,-.0996,.0675,.0599,.111,.0729,.0402,.697,.711,-.328,-.338,-.144,-.0961,.171,.296,.132,.184,0
2021,7,31,30,m,.147,.134,-.188,-.014,.0217,.0789,-.0574,-.0527,.139,.107,.19,.14,.131,.0803,-.026,-.0676,.161,-.11,-.07,.376,-.0758,.0472,.0167,.0218,-.0481,-.119,.386,.646,-.356,-.356,-.175,-.0991,.215,.191,.117,.0859,0
2021,7,31,31,m,.198,.281,.029,.188,.534,.373,.128,.14,.244,.297,.0959,.246,.291,.313,.126,.0571,-.0108,-.0998,.0995,.696,.154,.142,.122,.171,.203,.16,.128,.74,-.177,-.367,.0833,.107,.17,.381,.151,.204,0
2021,7,31,32,m,.0714,.204,-.0466,.19,.00376,.0424,-.0131,.00755,.0469,.12,.0814,.146,.0387,.0855,.349,.0341,-.121,-.214,.165,.596,.0419,.118,.144,.102,-.126,-.147,.0995,.27,-.241,-.215,-.0642,.0245,.113,.199,.191,.143,0
2021,7,31,33,m,.228,.414,.0784,.359,-.0195,.0584,.0555,.09,.238,.312,.0166,.0957,.247,.264,.0547,.0896,.0926,.0134,-.207,.138,.104,.122,.106,.171,.0759,.0133,.47,.321,-.248,-.178,.024,.135,.0881,.212,.0772,.166,0
2021,7,31,34,m,.297,.33,.162,.384,.0732,.3,.128,.14,.287,.299,.139,.137,.283,.283,.0652,.111,.204,.0404,.357,.59,-.0201,.0769,.169,.205,.176,.103,.0992,.313,-.201,-.308,.0895,.172,.251,.278,.192,.225,0
2021,7,31,35,m,.125,.129,-.00878,.137,-.148,-.106,.00582,-.000885,.139,.139,.0913,.0904,.147,.145,.00397,-.0143,-.00655,-.0803,.139,.456,-.0659,-.0422,.0564,.0787,.0265,-.0552,.168,.244,-.312,-.358,-.0842,-.0436,.174,.182,.12,.119,0
2021,7,31,36,m,.115,.156,-.000204,.187,.0435,-.0209,.0337,.0214,.183,.168,.0836,.0937,.249,.178,.0951,.0348,.0625,-.0288,.248,.58,-.0142,.0434,.103,.0954,.0138,-.0751,.169,.292,-.263,-.211,-.0297,.047,.179,.215,.148,.147,0
2021,7,31,37,m,-.0729,-.0216,.0244,.155,-.242,-.209,-.035,-.00288,.146,.218,.119,.173,.303,.392,.0429,-.0288,.258,-.0212,.195,.485,-.163,.088,-.054,.0227,-.0601,-.0949,.0653,.0789,-.422,-.389,-.0851,-.0124,.131,.209,.101,.111,0
2021,7,31,38,m,.122,.367,.0614,.28,.0756,.0839,.0806,.0757,.168,.278,.224,.173,.209,.205,.0263,-.00379,.105,.0723,.185,.261,.0844,.122,.126,.145,.076,.000877,1.35,.859,-.274,-.254,-.00318,.0792,.287,.329,.185,.195,0
2021,7,31,39,m,.0721,.13,.0145,.184,-.102,-.0186,.0603,.0532,.119,.132,.183,.154,.155,.133,.0785,.0631,.201,.0224,.379,.495,-.00598,.0528,.0822,.101,.0738,.0343,.508,.383,-.261,-.286,-.0144,.0334,.211,.205,.158,.148,0
2021,7,31,40,m,.0882,.252,.0475,.249,.0883,.237,.0745,.149,.19,.275,.0305,.196,.277,.292,.0916,.0586,.114,.0273,-.04,.768,.026,.159,.0846,.175,.144,.151,.18,.361,-.147,-.318,.041,.125,.147,.323,.124,.194,0
2021,7,31,41,m,.0588,.142,-.0678,.0491,-.196,-.145,-.0121,-.0117,.0851,.126,.12,.0884,.106,.116,-.0273,-.0291,.119,.0951,.213,.437,-.0786,-.0359,.0188,.0677,.0311,-.0413,.162,.239,-.354,-.359,-.119,-.0664,.166,.174,.0944,.0985,0
2021,7,31,42,m,-.0162,-.0142,-.115,-.079,-.309,-.279,.0368,.0184,.109,.0957,-.146,.0644,.221,.192,.218,.169,-.00693,-.0868,-.567,-.192,-.0461,-.0478,.0864,.12,.102,.00285,.518,.607,-.43,-.571,-.168,-.201,-.0756,.0886,.0172,.118,0
2021,7,31,43,m,.111,.27,.0538,.259,-.0926,.0271,.0565,.0738,.147,.233,.183,.166,.176,.212,.0329,.00063,.0601,-.0754,.389,.447,.098,.18,.0678,.0994,.144,.0842,.281,.315,-.267,-.267,-.00525,.0722,.223,.284,.143,.162,0
2021,7,31,44,m,.101,.0883,.154,.23,.00132,.147,.162,.199,.33,.24,.368,.303,.709,.467,.0941,.145,-.0379,.233,.651,.655,.292,.415,.202,.268,.292,.386,.693,.525,.056,.0496,.123,.228,.542,.411,.321,.287,0
2021,7,31,45,m,.0687,.283,.14,.349,.0103,.462,.228,.269,.312,.419,.274,.369,.474,.501,.198,.148,.567,.371,.478,.741,.341,.482,.235,.326,.209,.115,.0995,.335,-.141,-.236,.179,.283,.269,.413,.243,.298,0
2021,7,31,46,m,.295,.195,.0481,.269,-.00161,.455,.0439,.113,.292,.225,.202,.294,.285,.244,.182,.113,.0929,-.0143,.0915,.515,.054,.177,-.0388,.0898,.114,.0536,.151,.176,-.0214,-.175,.0543,.153,.298,.293,.257,.225,0
2021,7,31,47,m,.236,.293,.0315,.265,.0349,.0674,.0439,.0476,.231,.243,.094,.0949,.229,.218,-.0173,-.0237,.15,-.0323,.0496,.313,.0752,.0787,.0689,.107,.0856,-.0336,.153,.215,-.306,-.242,-.000635,.0892,.201,.231,.125,.14,0
2021,7,31,48,m,.3,.445,-.0519,.157,-.223,-.106,.149,.189,.241,.297,.421,.36,.223,.252,.101,.106,.275,.235,.404,.681,.0176,.0905,.0995,.163,.246,.267,.726,.714,-.252,-.267,-.0658,.0422,.333,.392,.23,.263,0
2021,7,31,49,m,.212,.26,.0587,.202,-.0927,.0428,.108,.112,.292,.268,.146,.233,.34,.273,.0325,.0495,.000865,-.0436,.059,.561,-.00773,.0679,.154,.195,.197,.0866,.369,.488,-.199,-.308,-.0189,.0238,.253,.315,.178,.223,0
2021,7,31,50,m,-.00925,.12,.0358,.152,-.0216,.109,.00972,.011,.0498,.0979,.0704,.12,.0881,.0851,.212,.0192,.0695,-.0479,.182,.581,-.0958,.0295,.141,.143,-.05,-.0727,.272,.264,-.377,-.41,-.0833,-.0373,.117,.15,.144,.105,0
2021,7,31,51,m,.0713,.236,.0284,.154,-.0874,.0437,.0914,.0594,.133,.209,.117,.128,.182,.19,.0683,.0563,.0543,-.0909,.461,.89,.122,.11,.098,.116,.0564,.00613,.136,.323,-.147,-.26,.0177,.0277,.153,.24,.12,.166,0
2021,7,31,52,m,.107,.277,-.0315,.163,.0728,.16,.0635,.122,.229,.283,.0734,.18,.3,.286,.0613,.0864,.124,-.00165,-.0841,.409,.056,.148,.0973,.177,.0975,.107,.661,.63,-.0716,-.141,.0139,.0812,.168,.299,.128,.214,0
2021,7,31,53,m,-.168,-.0679,-.0489,.185,-.295,-.0405,-.0102,.0968,.0237,.106,-.144,.0181,.156,.217,.056,.0593,-.192,-.163,-.43,-.111,-.0623,.177,.021,.111,.151,.226,.00574,.102,-.411,-.301,-.134,.0523,-.121,.0413,-.0427,.0501,0
2021,8,31,1,m,-.0439,.0496,-.206,-.0505,-.282,-.218,-.141,-.107,-.0317,.0654,-.0879,-.0539,-.022,.0781,-.112,-.0824,.038,-.0355,-.0718,.152,-.224,-.163,-.0932,-.0184,-.122,-.146,.188,.178,-.416,-.417,-.227,-.154,-.0306,.0607,-.0554,.0157,0
2021,8,31,2,m,.169,.365,.083,.251,-.109,-.0829,.183,.189,.184,.326,.269,.278,.207,.28,.21,.162,.469,.237,.44,.682,.173,.306,.201,.251,.29,.198,.65,.679,-.0832,-.138,.0667,.119,.261,.37,.242,.282,0
2021,8,31,3,m,.221,.389,-.0146,.141,-.0767,-.05,.123,.127,.232,.38,.219,.271,.242,.374,.124,.0697,.165,.0758,.392,.703,-.00869,.124,.157,.211,.198,.112,.474,.652,-.178,-.29,-.0234,.024,.296,.459,.228,.283,0
2021,8,31,4,m,.0483,.218,.0357,.148,-.0697,-.119,.0522,.0511,.139,.268,.135,.136,.22,.309,-.000707,.0323,.115,-.0372,.4,.468,.0284,.0448,.0658,.138,.104,.026,.313,.384,-.281,-.318,-.0136,-.0052,.196,.268,.116,.171,0
2021,8,31,5,m,.108,.183,-.00687,.126,-.0514,-.131,.0424,.0304,.151,.172,.0823,.0806,.175,.166,.0276,.0212,.0736,-.0326,.22,.203,.0108,.0321,.0548,.0776,.0932,.0432,.311,.342,-.282,-.315,-.0325,-.0145,.191,.185,.132,.126,0
2021,8,31,6,m,.0376,.124,-.103,.00501,-.212,-.215,-.0782,-.0788,.00565,.0887,-.0348,-.01,-.0124,.0686,-.066,-.0709,-.00599,-.0899,-.0243,.158,-.151,-.127,-.0589,-.00244,-.031,-.109,.101,.125,-.368,-.428,-.152,-.135,.0194,.0975,-.00524,.0456,0
2021,8,31,7,m,-.00135,.162,-.045,.0939,-.0964,-.153,-.00813,-.00193,.0296,.172,.0358,.0969,.0564,.181,-.0313,.00582,-.0643,-.113,.229,.448,.016,.0824,-.000345,.0959,.0454,-.0662,.268,.435,-.273,-.315,-.078,-.0393,.0655,.197,.0316,.124,0
2021,8,31,8,m,.0495,.133,-.0408,.0817,-.0674,-.12,.00449,-.0213,.102,.12,.0237,.0263,.138,.112,.111,-.03,.0979,-.00174,.246,.264,-.0947,-.0769,.109,.081,-.00549,-.0454,.378,.436,-.325,-.413,-.0793,-.0787,.109,.124,.11,.0744,0
2021,8,31,9,m,.0531,.202,-.181,-.0254,-.211,-.243,-.0221,-.0174,.13,.217,.0361,.124,.189,.227,.0057,.0574,.166,-.0298,.335,.76,-.223,-.118,.0524,.114,.0801,-.0234,-.0749,.184,-.36,-.419,-.186,-.148,.122,.243,.0821,.178,0
2021,8,31,10,m,.0603,.227,-.0113,.141,-.0344,-.0784,.0549,.0527,.184,.291,.0616,.12,.278,.335,.0394,.0408,.0468,-.0962,.138,.383,-.0021,.04,.098,.166,.113,.00367,.126,.367,-.25,-.313,-.0367,-.0163,.179,.288,.124,.187,0
2021,8,31,11,m,-.196,.117,-.0317,.116,-.161,-.194,.0202,.0432,-.161,.139,.0642,.147,.0599,.256,.0733,.0506,-.0991,-.135,.276,.562,-.0485,-.00141,-.0677,.109,.067,.0237,.202,.426,-.279,-.352,-.0861,-.0448,-.0723,.202,-.0326,.154,0
2021,8,31,12,m,.0668,.0971,-.13,-.00975,-.297,-.315,-.021,-.0354,.125,.16,-.00273,.0444,.167,.207,.0492,.0164,.147,-.0316,.121,.465,-.214,-.161,.0623,.0878,.0718,-.0299,.217,.252,-.442,-.492,-.183,-.165,.105,.162,.0867,.113,0
2021,8,31,13,m,.118,.491,.129,.361,.591,.802,.0521,.0974,.205,.413,.0434,.172,.29,.36,.0456,.0812,-.0346,-.105,-.0989,.313,.105,.132,.0732,.186,-.0342,-.038,.297,.552,-.317,-.362,.0974,.196,.0927,.325,.0786,.24,0
2021,8,31,14,m,.401,.87,.288,.711,.495,.941,.362,.486,.415,.789,.38,.409,.432,.721,.173,.166,.391,.282,.442,1.14,.427,.662,.301,.45,.501,.573,.98,1.48,.0136,-.037,.299,.506,.486,.843,.362,.527,0
2021,8,31,15,m,.378,.721,1.11,1.32,1.65,1.83,.0279,.0766,.239,.481,-.0245,.106,.163,.352,-.261,-.261,.598,.49,.014,.272,.568,.704,-.0133,.0393,.0661,.0624,.221,.571,1.74,1.38,1,1.08,.105,.365,-.0701,.0271,0
2021,8,31,16,m,.0265,.145,-.046,.094,-.279,-.239,.0113,.0509,.0659,.192,.0213,.113,.103,.237,.102,.154,-.0327,-.0922,.329,.616,-.0506,.0481,.0771,.194,.13,.0316,.149,.402,-.291,-.305,-.106,-.0416,.0971,.23,.0984,.199,0
2021,8,31,17,m,.0267,.171,-.0215,.0556,-.00508,.0173,.0378,.0384,.0694,.177,.0144,.0668,.111,.182,.0685,.0494,.105,.00391,.225,.429,-.0952,-.0308,.0593,.103,.143,.0852,.0451,.0887,-.224,-.341,-.0386,-.0317,.0829,.193,.0784,.139,0
2021,8,31,19,m,.284,.542,.098,.211,-.0113,.0806,.112,.178,.272,.449,.161,.206,.27,.402,-.00205,.0529,.179,.0826,.157,.401,.258,.239,.0935,.192,.187,.271,.355,.513,-.258,-.269,.0868,.123,.254,.377,.123,.208,0
2021,8,31,20,m,.313,.437,.0394,.173,-.0643,-.0988,.192,.223,.266,.338,.159,.313,.238,.277,.027,.0451,.318,.0697,-.125,.906,.292,.368,.159,.244,.3,.276,.35,.674,-.0919,-.219,.105,.121,.254,.445,.152,.256,0
2021,8,31,21,m,-.121,-.0627,-.247,-.0968,-.296,-.329,-.0813,-.0824,-.0151,.0177,.00779,-.00822,.112,.111,.0796,.0319,.21,.125,.203,.27,-.148,-.0741,.0276,.0273,.0154,-.0532,-.014,.0355,-.446,-.467,-.238,-.184,.00568,.0192,.0292,.0233,0
2021,8,31,22,m,.0464,.218,-.106,.0256,-.207,-.0749,-.0232,-.00926,.215,.278,-.0197,.0803,.339,.319,.0318,.0219,.197,-.0311,-.0651,.301,.00504,.0696,-.00081,.0904,.0249,-.0905,.255,.346,-.119,-.186,-.0653,-.0235,.164,.268,.123,.183,0
2021,8,31,23,m,.163,.371,.0775,.194,-.1,-.222,.236,.113,.222,.311,.187,.24,.272,.271,.0695,-.0409,.241,.0654,.442,.875,-.0237,.0348,.139,.122,.24,.159,.491,.882,-.274,-.273,-.0109,.0189,.21,.364,.163,.206,0
2021,8,31,24,m,.196,.335,-.0451,.135,-.347,-.247,.0922,.0706,.354,.459,.129,.164,.523,.583,.129,.156,.274,.0752,.242,.728,-.0169,.0626,.224,.202,.185,.051,.401,.598,-.37,-.4,-.092,-.0276,.261,.359,.208,.276,0
2021,8,31,25,m,.102,.325,-.0412,.191,-.117,-.0908,.134,.206,.199,.347,.313,.48,.327,.375,.321,.214,.363,.165,.615,1.04,.267,.364,.237,.287,.329,.296,1.16,1.22,-.373,-.326,-.0647,.0574,.376,.564,.35,.403,0
2021,8,31,26,m,.264,.539,.0319,.192,.161,.165,.17,.236,.144,.348,.211,.339,.0922,.265,.101,.0699,.125,.00427,.592,1.01,.0718,.204,.153,.247,.478,.514,-.000807,.259,-.144,-.166,.048,.13,.21,.45,.16,.254,0
2021,8,31,27,m,-.0812,.134,.133,.293,-.26,.0321,.299,.37,.13,.336,.293,.392,.325,.508,.14,.143,.495,.133,1.19,1.97,.162,.401,.297,.431,.718,.715,.479,.793,-.00866,-.197,.154,.188,.355,.567,.274,.393,0
2021,8,31,28,m,.164,.273,-.0171,.077,-.0491,-.0501,.0203,.0375,.212,.289,.0356,.114,.261,.304,.0658,.065,-.0138,-.00582,.017,.515,-.0695,.0373,.0791,.156,.0844,-.0101,.245,.514,-.222,-.312,-.0566,-.0263,.118,.257,.0987,.179,0
2021,8,31,29,m,.0568,.18,-.207,-.0593,-.254,-.219,-.0469,-.00176,.0747,.195,.11,.189,.0952,.212,.11,.0422,.304,.139,-.0233,.33,-.153,.0192,.0586,.127,.0719,.0821,.683,.451,-.377,-.418,-.201,-.137,.151,.25,.135,.164,0
2021,8,31,30,m,.0386,.16,-.126,.0188,-.0291,-.0711,-.0361,-.0372,.127,.178,.135,.136,.231,.195,-.0495,-.0721,.0959,-.0555,-.107,.406,.00572,.0223,-.00963,.0445,.0319,-.0402,.374,.436,-.414,-.485,-.153,-.131,.169,.209,.0817,.0943,0
2021,8,31,31,m,.116,.304,.0077,.189,.085,.0745,.112,.13,.226,.363,.142,.218,.347,.421,.115,.0347,-.0633,-.138,.29,.649,.0408,.0287,.132,.172,.207,.15,.332,.789,-.276,-.442,-.00139,.044,.222,.422,.171,.21,0
2021,8,31,32,m,.202,.291,-.117,.0663,-.0716,-.149,-.0329,-.00667,.108,.194,.0325,.159,.0703,.155,.362,.0292,.0845,-.126,.179,.506,-.0496,-.039,.173,.116,-.166,-.115,.0113,.304,-.454,-.417,-.124,-.084,.125,.255,.203,.178,0
2021,8,31,33,m,.219,.272,.00139,.177,-.0928,-.122,.0315,.0536,.27,.27,-.0808,.0486,.298,.27,.0578,.0759,.104,.0331,-.297,.00388,.0465,.0149,.109,.14,.112,.0641,.361,.395,-.328,-.32,-.0352,.00947,.0488,.164,.0534,.13,0
2021,8,31,34,m,.198,.381,.0549,.168,.026,.0195,.0992,.113,.242,.358,.089,.0951,.271,.346,.0647,.129,.167,.0438,.241,.339,-.0546,-.00213,.132,.223,.209,.153,.319,.396,-.277,-.459,.0152,.0124,.227,.301,.176,.247,0
2021,8,31,35,m,.0969,.133,-.0659,.0607,-.23,-.23,.0135,-.00193,.136,.174,.0507,.0574,.159,.198,.0312,.0136,.0737,-.0511,.13,.358,-.0806,-.0639,.0806,.103,.061,-.0231,.113,.218,-.317,-.409,-.11,-.0974,.137,.175,.104,.123,0
2021,8,31,36,m,.0486,.0877,-.0274,.076,-.154,-.17,.0477,.0175,.17,.16,.0957,.108,.288,.224,.077,.0429,.0765,.0125,.245,.586,-.0152,.00958,.0971,.092,.0755,-.0195,.446,.432,-.198,-.262,-.0428,-.0208,.19,.223,.148,.155,0
2021,8,31,37,m,-.115,.035,-.0473,.0868,-.277,-.297,-.0527,-.00812,.0907,.248,.102,.144,.244,.402,.0413,-.0297,.283,.0447,.284,.404,-.08,.0854,-.0657,.02,-.0649,-.0804,.237,.316,-.444,-.454,-.101,-.0519,.131,.253,.101,.137,0
2021,8,31,38,m,.195,.293,.0543,.22,.0432,-.0484,.122,.0978,.277,.308,.191,.179,.348,.32,.00209,.0598,.172,.134,.228,.35,.163,.13,.135,.183,.146,.053,1.03,.628,-.141,-.236,.0484,.0583,.35,.354,.207,.236,0
2021,8,31,39,m,.00461,.124,-.00675,.128,-.174,-.132,.0691,.0514,.1,.159,.147,.123,.178,.185,.0901,.0834,.161,.014,.345,.407,-.0268,-.0246,.0846,.12,.163,.102,.418,.351,-.312,-.404,-.0434,-.0346,.178,.208,.143,.158,0
2021,8,31,40,m,.0834,.341,-.00374,.142,.125,.0402,.0644,.125,.217,.374,.0301,.176,.337,.4,.0784,.0571,.103,.019,-.00557,.657,.00123,.114,.0597,.153,.164,.171,.0881,.32,-.249,-.404,.00101,.0346,.159,.359,.125,.212,0
2021,8,31,41,m,.0329,.105,-.111,-.0146,-.243,-.246,-.0227,-.0292,.0698,.139,.106,.0792,.0957,.162,.00822,-.0036,.159,.119,.265,.477,-.126,-.0854,.00326,.0661,.0505,-.0347,.293,.287,-.403,-.461,-.15,-.13,.153,.182,.0998,.113,0
2021,8,31,42,m,-.053,.0664,-.152,-.0877,-.391,-.346,.0288,.0277,.0929,.173,-.164,.041,.233,.265,.211,.144,.032,-.061,-.568,-.244,-.072,-.0566,.0842,.138,.157,.0542,.372,.577,-.489,-.623,-.204,-.222,-.0808,.121,.00852,.129,0
2021,8,31,43,m,.171,.3,-.0059,.116,-.136,-.132,.0573,.0667,.171,.275,.118,.168,.173,.26,.00524,.0341,.0925,-.0148,.302,.51,.125,.116,.0604,.125,.16,.108,.356,.336,-.251,-.354,-.0188,-.0182,.219,.322,.129,.197,0
2021,8,31,44,m,-.0177,-.0416,.0216,.123,-.0166,.0837,.163,.18,.287,.247,.404,.321,.749,.679,.132,.138,.218,.186,1.05,.862,.629,.534,.187,.274,.161,.234,.432,.345,-.15,-.112,.107,.161,.514,.422,.331,.29,0
2021,8,31,45,m,.0546,.356,.0164,.21,-.13,.0929,.178,.233,.215,.353,.283,.368,.323,.352,.117,.123,.592,.59,.595,.744,.182,.249,.206,.292,.134,.124,.27,.495,-.178,-.256,.083,.182,.265,.397,.205,.278,0
2021,8,31,46,m,.325,.293,.0151,.238,-.197,.17,.0917,.116,.311,.345,.221,.186,.293,.377,.223,.147,.221,.13,.155,.416,-.1,-.0159,.0216,.118,.236,.117,.23,.17,-.19,-.363,-.0182,.0634,.284,.293,.264,.237,0
2021,8,31,47,m,.159,.294,.0235,.165,-.0707,-.0756,.046,.032,.216,.257,.0779,.0556,.251,.238,.00208,-.00584,.182,-.0169,.0151,.179,.00154,-.038,.0806,.122,.0617,-.0137,.214,.155,-.389,-.423,-.0321,-.0154,.196,.212,.128,.135,0
2021,8,31,48,m,.256,.343,-.00961,.0468,-.366,-.253,.149,.163,.227,.262,.408,.317,.219,.237,.173,.146,.368,.232,.638,.707,.0127,.0292,.119,.161,.238,.321,.619,.542,-.357,-.438,-.0753,-.0685,.348,.359,.269,.263,0
2021,8,31,49,m,.12,.302,-.0099,.151,-.119,-.0197,.0735,.0969,.263,.321,.111,.185,.357,.332,.0116,.0521,.0158,-.0391,.169,.522,-.115,-.00994,.119,.203,.176,.0986,.27,.32,-.201,-.335,-.0665,-.0193,.194,.289,.132,.207,0
2021,8,31,50,m,.0232,.2,-.0182,.0683,-.11,-.0466,.0375,.0456,.076,.167,.128,.161,.11,.148,.21,.00626,.0809,.0462,.328,.571,-.177,-.0589,.25,.236,-.0264,-.0141,.271,.325,-.344,-.437,-.116,-.0923,.169,.22,.179,.146,0
2021,8,31,51,m,.0492,.284,-.00789,.126,-.118,-.0357,.104,.0548,.104,.258,.132,.0653,.147,.24,.0637,.0495,.141,-.0909,.602,.743,.214,.144,.0929,.131,.195,.0572,.0623,.321,-.157,-.375,.0283,-.00444,.167,.247,.126,.168,0
2021,8,31,52,m,.151,.276,-.0566,.0734,.0332,.0378,.0223,.0894,.166,.262,-.0173,.15,.174,.255,.0497,.0861,-.0106,-.0543,-.0834,.352,.035,.0607,.0743,.183,.0977,.0984,.257,.456,-.242,-.271,-.0514,-.0113,.0702,.252,.0636,.186,0
2021,8,31,53,m,-.221,-.0374,-.0701,.105,-.301,-.167,-.0126,.0714,-.0321,.107,-.185,-.0517,.108,.2,.0544,.0486,-.0586,-.0734,-.403,-.18,.059,.172,.00463,.0927,.185,.233,-.141,.0698,-.387,-.406,-.0995,.00626,-.155,.0135,-.0635,.0305,0
2021,9,30,1,m,-.00986,.0299,-.193,-.108,-.203,-.172,-.0959,-.117,.00186,.0351,-.039,-.0331,.0117,.0393,-.0775,-.0783,.0853,-.0468,-.0227,.13,-.126,-.166,-.0644,-.0383,-.032,-.141,.22,.138,-.416,-.438,-.195,-.18,.0112,.0523,-.016,.0112,0
2021,9,30,2,m,.192,.393,.099,.147,.051,-.0657,.219,.167,.212,.335,.28,.274,.245,.266,.245,.161,.422,.211,.469,.659,.372,.264,.243,.245,.296,.174,.631,.443,-.0668,-.156,.11,.0633,.272,.364,.262,.278,0
2021,9,30,3,m,.258,.377,.00609,.0666,.172,.0541,.188,.125,.297,.347,.255,.264,.336,.323,.17,.0707,.247,.128,.551,.74,.162,.129,.231,.201,.271,.125,.701,.618,-.137,-.289,.0497,.00788,.355,.433,.28,.269,0
2021,9,30,4,m,.176,.141,.0664,.0691,.0692,-.0894,.107,.00514,.211,.18,.165,.119,.239,.211,.0277,.00397,.153,-.0648,.436,.467,.125,.0151,.118,.0921,.175,-.0504,.438,.369,-.247,-.314,.0363,-.0432,.258,.218,.164,.13,0
2021,9,30,5,m,.201,.201,.00157,.0996,.152,.00817,.0956,.0272,.206,.155,.15,.0955,.209,.132,.0503,.00404,.12,-.0462,.192,.231,.103,.0549,.0925,.0658,.148,.026,.52,.343,-.216,-.277,.0217,-.00369,.256,.189,.181,.122,0
2021,9,30,6,m,.128,.101,-.113,-.0647,-.152,-.209,-.0425,-.0944,.0355,.0532,.00567,-.0119,-.0161,.0258,-.0326,-.0683,.0222,-.11,.0157,.143,-.0871,-.161,-.0363,-.0179,.0516,-.106,.248,.0684,-.338,-.399,-.134,-.165,.049,.0727,.0251,.0292,0
2021,9,30,7,m,.104,.153,-.0519,.0163,-.00492,-.0847,.039,-.00541,.127,.166,.122,.131,.148,.177,-.00897,.0129,-.0347,-.0975,.23,.505,.202,.106,.0463,.0946,.0846,-.0867,.351,.478,-.247,-.292,-.0403,-.0542,.161,.221,.0979,.142,0
2021,9,30,8,m,.0271,.0917,-.0192,.0393,-.0732,-.142,.0381,-.0512,.0859,.092,.0734,.0548,.125,.0923,.152,-.0321,.129,-.0296,.324,.339,.0166,-.103,.12,.0525,.0493,-.113,.549,.457,-.328,-.417,-.0527,-.106,.125,.13,.133,.0779,0
2021,9,30,9,m,.0161,.188,-.177,-.109,-.0925,-.178,.0154,-.026,.11,.201,.122,.13,.185,.211,.0544,.0678,.135,-.00848,.437,.77,-.0774,-.14,.084,.106,.105,-.032,.197,.0777,-.398,-.443,-.164,-.181,.163,.233,.126,.175,0
2021,9,30,10,m,.234,.198,.035,.0795,.0595,-.0459,.122,.0346,.281,.245,.145,.109,.314,.277,.0606,-.00896,.0697,-.0779,.173,.362,.0595,-.00142,.165,.143,.185,-.0308,.351,.299,-.241,-.3,.00369,-.0383,.278,.256,.191,.148,0
2021,9,30,11,m,-.0981,-.0805,-.0168,.0528,-.2,-.157,.0507,.0028,-.0422,-.0279,.153,.141,.275,.263,.0863,.00347,.0585,-.0977,.473,.537,-.00532,-.0563,.00055,.00296,.101,-.0711,.52,.541,-.241,-.321,-.0511,-.0659,.0619,.0756,.0699,.0531,0
2021,9,30,12,m,.0775,.0589,-.112,-.073,-.264,-.309,.0183,-.0539,.124,.0929,.0671,.0639,.159,.118,.074,.0109,.163,-.0633,.105,.38,-.0657,-.15,.0819,.0478,.137,-.0385,.383,.155,-.436,-.488,-.152,-.193,.138,.134,.117,.0925,0
2021,9,30,13,m,.205,.502,.153,.259,.876,.998,.131,.112,.301,.476,.128,.193,.387,.458,.105,.0866,.175,-.00154,-.0668,.299,.141,.121,.127,.202,.0909,-.00296,.303,.366,-.412,-.426,.146,.169,.162,.35,.145,.258,0
2021,9,30,14,m,.402,.776,.282,.445,.625,.925,.429,.427,.398,.688,.415,.393,.396,.614,.27,.176,.385,.296,.515,1.13,.636,.539,.369,.421,.595,.525,.696,.993,-.0428,-.144,.325,.352,.485,.767,.403,.491,0
2021,9,30,15,m,.519,.611,1.09,1.19,1.76,1.61,.0948,.065,.238,.324,.169,.114,.089,.169,-.2,-.228,.793,.372,.0525,.162,.848,.754,.021,.0239,.124,.051,.864,.596,1.35,1.37,1.07,1,.257,.293,.0183,.0115,0
2021,9,30,16,m,.202,.2,-.00903,.0354,-.161,-.19,.0845,.0434,.182,.205,.107,.111,.163,.21,.16,.13,.0155,-.0628,.529,.758,.0495,.00631,.138,.179,.25,.0466,.279,.225,-.328,-.339,-.0649,-.0692,.202,.235,.185,.193,0
2021,9,30,17,m,.131,.219,-.00354,-.00277,.164,.0353,.0911,.0145,.138,.182,.111,.109,.145,.149,.126,.0639,.137,-.0383,.334,.532,-.0195,-.0665,.119,.102,.192,-.00985,.0892,.11,-.222,-.333,-.000532,-.0665,.169,.222,.154,.162,0
2021,9,30,19,m,.442,.307,.151,.186,.113,.138,.229,.169,.434,.351,.254,.178,.427,.373,.0708,.0142,.421,.0543,.261,.403,.456,.299,.216,.15,.339,.274,.487,.429,-.252,-.244,.185,.123,.372,.316,.216,.159,0
2021,9,30,20,m,.475,.397,.0484,.176,.282,.172,.262,.229,.369,.329,.235,.292,.304,.287,.0213,.0581,.667,.221,-.161,.756,.402,.364,.19,.252,.397,.264,.94,.526,.0801,-.168,.208,.169,.33,.397,.185,.237,0
2021,9,30,21,m,-.0704,-.0609,-.317,-.141,-.275,-.233,-.0714,-.0861,.0239,.0175,-.00777,-.00447,.135,.108,.0914,.0365,.172,.0529,.199,.251,-.115,-.0956,.0594,.0288,.103,-.0532,-.171,-.042,-.419,-.44,-.267,-.196,.00863,.0215,.0349,.0264,0
2021,9,30,22,m,.09,.23,-.118,-.0121,-.112,.0996,-.00645,-.0416,.294,.303,-.0406,.036,.447,.352,.0344,-.0432,.151,-.108,-.0638,.23,-6.65e-06,.00604,-.00356,.0704,.0853,-.158,.233,.204,-.0898,-.157,-.0618,-.0383,.19,.242,.143,.145,0
2021,9,30,23,m,.272,.28,.0564,.0547,-.0161,-.217,.224,.0524,.263,.211,.19,.152,.258,.165,.0738,-.0962,.386,.104,.25,.522,.077,.0382,.15,.0302,.236,.105,.144,.434,-.246,-.342,.0227,-.0519,.24,.238,.183,.108,0
2021,9,30,24,m,.117,.309,-.0821,.0382,-.288,-.228,.136,.0768,.278,.416,.195,.237,.459,.524,.191,.15,.296,.0923,.435,.83,.0733,.0504,.251,.194,.234,.0677,.557,.654,-.272,-.324,-.07,-.0508,.27,.398,.238,.297,0
2021,9,30,25,m,.209,.329,-.0988,.0962,.00914,-.0939,.152,.157,.283,.382,.387,.335,.378,.451,.334,.221,.203,.188,.79,.939,.188,.313,.302,.296,.358,.172,.994,.61,-.429,-.374,-.114,-.00309,.441,.471,.393,.356,0
2021,9,30,26,m,.328,.434,.11,.204,.352,.294,.223,.232,.222,.346,.244,.319,.176,.307,.0802,.00513,.0924,-.0267,.577,.985,.156,.241,.152,.201,.604,.548,-.0223,.175,-.146,-.165,.112,.147,.256,.421,.174,.206,0
2021,9,30,27,m,.127,.246,.0823,.153,-.116,.108,.439,.42,.395,.451,.468,.428,.65,.624,.187,.156,.411,.123,1.49,1.87,.49,.475,.429,.472,1.02,.902,.469,.616,-.145,-.28,.166,.129,.631,.631,.451,.436,0
2021,9,30,28,m,.157,.239,-.0453,.0119,.141,.316,.0598,.0233,.147,.213,.109,.112,.138,.189,.0951,.0418,.0776,-.046,.209,.599,.0293,.0229,.0958,.117,.143,-.0275,.707,.382,-.201,-.323,-.0212,-.0274,.144,.22,.126,.148,0
2021,9,30,29,m,.13,.197,-.214,-.133,-.216,-.176,.000591,-.0286,.105,.173,.172,.153,.0776,.147,.149,.0444,.338,.0651,.183,.606,.0642,.00496,.11,.107,.16,.0599,.71,.291,-.363,-.414,-.176,-.174,.237,.247,.203,.163,0
2021,9,30,30,m,.209,.256,-.0837,.0599,.144,-.0186,.0425,-.0258,.28,.234,.213,.106,.367,.213,-.0531,-.099,.371,-.0402,.0987,.464,.2,.075,.06,.0602,.128,-.0587,.923,.62,-.344,-.453,-.0638,-.092,.298,.224,.154,.0926,0
2021,9,30,31,m,.121,.274,-.01,.0623,.301,.216,.154,.0862,.202,.274,.176,.198,.293,.275,.154,.0127,.169,-.0155,.325,.681,.0775,-.016,.163,.12,.256,.141,.389,.428,-.251,-.448,.035,-.00384,.22,.362,.19,.171,0
2021,9,30,32,m,.106,.148,-.0865,.0368,.0338,-.0815,.0297,-.0298,.105,.114,.0611,.108,.107,.0997,.339,-.00718,.0307,-.144,.211,.551,.0593,-.0668,.208,.0888,-.0654,-.148,.0704,.155,-.295,-.331,-.0631,-.0839,.117,.175,.191,.113,0
2021,9,30,33,m,.307,.297,-.00394,.158,.00354,.0115,.0464,.0369,.273,.232,-.0522,.0483,.257,.202,.0244,.033,.14,.0115,-.281,-.031,.0726,.0179,.104,.116,.122,.00953,.385,.385,-.344,-.298,-.0254,.0149,.0564,.151,.046,.106,0
2021,9,30,34,m,.339,.248,.0256,.0491,.157,.0867,.162,.0731,.354,.271,.165,.107,.361,.284,.0659,.0643,.36,.131,.312,.341,.0565,-.0548,.197,.175,.298,.0903,.507,.369,-.281,-.451,.0493,-.0313,.313,.247,.233,.189,0
2021,9,30,35,m,.0952,.0966,-.0696,-.0091,-.103,-.182,.0306,-.0197,.14,.134,.0983,.0827,.167,.155,.054,.0000164,.0155,-.0687,.233,.474,-.00898,-.0761,.0819,.0717,.0842,-.0436,.131,.147,-.304,-.385,-.0923,-.12,.173,.174,.136,.118,0
2021,9,30,36,m,.149,.166,-.00956,.0456,-.0477,-.113,.107,.022,.225,.171,.156,.094,.3,.176,.111,.034,.182,.0119,.354,.533,.109,.0581,.161,.101,.134,-.0168,.316,.312,-.261,-.289,-.00251,-.0234,.26,.223,.205,.151,0
2021,9,30,37,m,-.0303,.0582,-.0656,.035,-.232,-.32,-.00191,-.00288,.211,.252,.15,.192,.398,.393,.0899,-.0493,.319,.045,.245,.457,.0838,.157,-.00842,.0182,-.0225,-.0907,.31,.348,-.424,-.41,-.0724,-.0562,.201,.282,.165,.146,0
2021,9,30,38,m,.164,.185,.0597,.119,.235,.00938,.166,.0564,.251,.22,.191,.158,.326,.248,.114,.0387,.262,.096,.189,.272,.203,.0183,.226,.141,.19,.00225,.83,.584,-.16,-.261,.071,-.00319,.302,.279,.228,.183,0
2021,9,30,39,m,.133,.142,.0127,.0784,-.012,-.0739,.138,.0297,.167,.132,.208,.117,.193,.126,.0947,.0536,.241,.0296,.524,.528,.127,-.0257,.137,.105,.271,.0183,.447,.309,-.296,-.389,.0174,-.0429,.254,.188,.19,.134,0
2021,9,30,40,m,.238,.353,.0372,.126,.179,-.0282,.131,.129,.296,.333,.132,.222,.345,.316,.0751,.0128,.159,.0463,.116,.763,.133,.138,.0858,.123,.278,.208,.387,.31,-.0759,-.259,.0731,.0484,.266,.369,.181,.196,0
2021,9,30,41,m,.0716,.0387,-.105,-.0841,-.2,-.217,.016,-.0521,.095,.0625,.0917,.028,.111,.0791,.0475,-.00518,.117,.0943,.226,.255,-.0309,-.117,.0482,.0451,.13,-.0425,.195,.169,-.371,-.436,-.131,-.158,.149,.0997,.112,.0608,0
2021,9,30,42,m,-.0408,.0882,-.136,-.159,-.257,-.321,.0741,.00925,.0792,.16,-.0949,.0306,.196,.222,.262,.143,.108,-.0524,-.502,-.251,-.0394,-.0865,.117,.122,.221,.0561,.569,.526,-.507,-.621,-.175,-.252,-.0367,.0987,.0561,.114,0
2021,9,30,43,m,.306,.251,.0324,.111,.0265,-.00677,.132,.0557,.236,.214,.185,.153,.194,.193,.0917,.00314,.132,.0102,.252,.352,.167,.104,.148,.0899,.245,.0608,.514,.373,-.252,-.324,.0207,-.000294,.272,.271,.196,.155,0
2021,9,30,44,m,.0426,.0399,.116,.176,-.286,-.125,.197,.195,.399,.365,.407,.312,.953,.853,.324,.284,.567,.291,1.26,.74,.0985,.11,.281,.312,.275,.34,-.136,.0699,-.0507,-.0624,.0944,.118,.562,.452,.449,.374,0
2021,9,30,45,m,-.0562,.125,.0476,.222,.0508,.188,.234,.217,.222,.284,.319,.358,.417,.38,.121,.0787,.623,.454,.828,.844,.527,.309,.186,.233,.256,.141,.191,.254,-.209,-.375,.164,.164,.302,.396,.23,.257,0
2021,9,30,46,m,.422,.3,-.0205,.136,-.18,.202,.215,.103,.457,.35,.234,.225,.475,.381,.327,.18,.41,.0897,.0752,.453,.0206,-.0513,.208,.0904,.331,.093,.603,.381,.012,-.307,.0356,.0217,.331,.318,.332,.266,0
2021,9,30,47,m,.294,.282,-.00765,.0856,.0101,-.0135,.0868,.0298,.282,.234,.119,.0816,.276,.209,.0073,-.0252,.128,.0137,.0266,.157,.0217,-.0249,.13,.133,.133,-.042,.319,.222,-.179,-.279,-.00862,-.013,.251,.228,.165,.138,0
2021,9,30,48,m,.361,.24,-.0641,-.0347,-.222,-.311,.234,.138,.37,.232,.52,.35,.374,.229,.195,.127,.366,.266,1.04,.872,.121,.0564,.192,.137,.441,.276,.549,.568,-.281,-.434,-.0483,-.106,.522,.362,.372,.256,0
2021,9,30,49,m,.102,.274,-.0337,.0794,-.0662,-.0588,.12,.0848,.269,.298,.172,.186,.383,.311,.0398,.0408,.22,.0779,.207,.543,-.0577,-.0271,.189,.208,.239,.057,.137,.174,-.301,-.36,-.0563,-.0409,.262,.288,.186,.203,0
2021,9,30,50,m,.0211,.199,-.0228,.0222,.0077,.0642,.0634,.0226,.102,.142,.146,.171,.158,.109,.249,-.000705,.193,.00375,.355,.641,-.0952,-.104,.249,.18,-.0218,-.0362,.415,.216,-.347,-.408,-.0834,-.103,.183,.217,.2,.142,0
2021,9,30,51,m,.154,.304,.0425,.0897,-.0959,-.014,.119,.025,.144,.249,.0435,.0284,.136,.21,.0439,.037,.119,-.113,.405,.79,.2,.0996,.128,.124,.174,-.0139,.0691,.311,-.112,-.373,.0545,-.0283,.152,.222,.11,.148,0
2021,9,30,52,m,.123,.202,-.0841,.0524,.0752,.252,.0551,.0705,.209,.239,.0403,.132,.254,.257,.0668,.0683,.0532,-.0478,-.0091,.31,.0838,.0566,.1,.154,.105,.0663,.455,.472,-.206,-.292,-.034,-.00372,.131,.24,.107,.171,0
2021,9,30,53,m,-.179,-.173,-.0291,.0535,-.278,-.162,.0361,.0516,.0576,.0596,-.118,-.0551,.211,.208,.0333,-.0171,.0417,-.0967,-.37,-.212,.14,.177,.0141,.0526,.273,.241,.00697,.0416,-.352,-.392,-.0489,-.0204,-.102,-.0216,-.0414,-.0194,0
2021,10,31,1,m,.0575,.11,-.159,-.0815,-.227,-.151,-.112,-.1,.0743,.132,-.0434,-.0367,.0877,.149,-.0562,-.0441,-.021,-.0581,-.0734,.105,-.23,-.236,-.0431,.0124,-.108,-.148,.302,.192,-.374,-.373,-.2,-.165,.0531,.103,.0194,.0567,0
2021,10,31,2,m,.137,.45,.0878,.16,-.0636,-.0794,.177,.178,.162,.412,.268,.262,.201,.366,.257,.176,.404,.249,.533,.693,.161,.155,.221,.283,.212,.161,.896,.555,-.0639,-.12,.0702,.0686,.237,.395,.246,.303,0
2021,10,31,3,m,.275,.553,.0768,.141,.12,.0688,.161,.153,.29,.502,.246,.302,.308,.462,.187,.0844,.118,.144,.519,.842,-.0644,-.00473,.208,.248,.199,.116,.814,.711,-.138,-.239,.0274,.0324,.363,.548,.296,.339,0
2021,10,31,4,m,.108,.209,.123,.149,.147,.204,.0832,.0336,.201,.274,.154,.135,.282,.327,.0499,.0194,.0287,-.0862,.395,.465,-.0448,-.0592,.119,.144,.102,-.0679,.301,.392,-.215,-.239,.0228,.00932,.253,.269,.171,.167,0
2021,10,31,5,m,.244,.315,.0733,.155,.113,.0897,.0801,.0399,.252,.265,.148,.102,.258,.239,.087,.0485,-.0352,-.0941,.179,.306,-.075,-.0508,.128,.126,.0941,-.00765,.518,.368,-.207,-.276,-.0064,-.00156,.282,.243,.212,.173,0
2021,10,31,6,m,.215,.204,-.0531,-.0136,-.155,-.188,-.0557,-.0722,.0883,.139,.0122,-.00125,.0189,.102,-.0366,-.0431,-.0717,-.127,.0412,.179,-.194,-.2,-.0279,.0293,-.0305,-.116,.315,.14,-.276,-.346,-.125,-.14,.0867,.122,.0498,.071,0
2021,10,31,7,m,.0726,.273,.0167,.0792,.0113,.0565,.0315,.0224,.0666,.305,.159,.14,.0625,.333,.0411,.0663,-.134,-.134,.309,.461,.00218,-.000235,.0639,.182,.0197,-.104,.546,.465,-.156,-.209,-.0375,-.0228,.155,.29,.115,.205,0
2021,10,31,8,m,.192,.24,.0395,.0878,-.0719,-.06,.0126,-.0444,.192,.214,.0432,.0408,.192,.198,.131,-.0174,-.0308,-.119,.336,.334,-.126,-.149,.131,.0967,-.0225,-.147,.311,.334,-.255,-.356,-.0601,-.0879,.172,.189,.161,.122,0
2021,10,31,9,m,.0505,.228,-.0849,-.0657,-.141,-.205,.0143,-.00557,.126,.236,.131,.132,.184,.242,.0225,.102,-.00839,-.0565,.663,.579,-.187,-.191,.0796,.14,.12,-.0023,.25,.204,-.373,-.372,-.159,-.164,.184,.242,.127,.193,0
2021,10,31,10,m,.184,.336,.105,.149,.0546,.051,.102,.0549,.323,.404,.149,.112,.43,.451,.0553,.045,-.0531,-.147,.32,.441,-.0445,-.0744,.177,.215,.126,-.0279,.39,.331,-.229,-.285,-.00535,-.0267,.328,.334,.217,.216,0
2021,10,31,11,m,-.131,-.0348,.0685,.119,.035,.0126,.0155,.00134,-.044,.0487,.165,.147,.479,.511,.116,.0455,-.0458,-.149,.492,.524,-.136,-.116,.0281,.0741,.0628,-.0814,.51,.489,-.184,-.23,-.023,-.0287,.068,.133,.0829,.106,0
2021,10,31,12,m,.112,.158,-.0725,-.0393,-.25,-.259,-.0072,-.0429,.165,.198,.0779,.0826,.206,.227,.0738,.0288,.00104,-.0993,.203,.439,-.208,-.231,.0773,.0949,.0375,-.0846,.33,.171,-.348,-.388,-.154,-.169,.172,.196,.14,.14,0
2021,10,31,13,m,.285,.598,.189,.256,.917,.952,.107,.115,.338,.531,.0391,.16,.386,.484,.147,.178,-.00325,-.0774,-.115,.248,.0761,.0663,.147,.268,.0385,-.0339,.0506,.24,-.32,-.396,.146,.147,.128,.33,.135,.277,0
2021,10,31,14,m,.338,.922,.359,.516,.694,1.15,.378,.467,.368,.832,.378,.428,.4,.757,.288,.241,.263,.256,.748,1.39,.451,.486,.363,.513,.465,.511,.774,1.12,-.0594,-.101,.321,.397,.468,.874,.403,.578,0
2021,10,31,15,m,.403,.753,1.25,1.32,1.68,1.55,.0811,.101,.259,.495,.122,.161,.179,.356,-.193,-.2,.647,.439,-.0214,.247,.655,.671,.0242,.0917,.0507,.0147,.716,.58,2.19,1.89,1.14,1.1,.219,.392,.0132,.072,0
2021,10,31,16,m,.137,.323,.0421,.0858,-.21,-.166,.0607,.0581,.182,.325,.117,.113,.229,.328,.184,.178,-.148,-.162,.717,.796,-.13,-.107,.159,.249,.143,.0277,.227,.265,-.259,-.259,-.0877,-.0648,.221,.297,.206,.249,0
2021,10,31,17,m,.0617,.309,.0328,.0524,.181,.134,.0555,.0266,.114,.27,.0363,.0658,.172,.235,.185,.104,-.0514,-.102,.267,.462,-.176,-.124,.132,.166,.0942,-.0402,.0815,.0352,-.119,-.216,-.0245,-.0367,.129,.237,.149,.187,0
2021,10,31,19,m,.346,.435,.153,.262,.0843,.226,.138,.188,.384,.482,.205,.194,.402,.505,.0541,.0387,.0526,.00812,.361,.42,.155,.204,.168,.209,.162,.249,.474,.45,-.267,-.211,.0802,.145,.362,.382,.203,.203,0
2021,10,31,20,m,.443,.631,.179,.303,.359,.309,.263,.297,.35,.492,.292,.339,.293,.407,.0878,.163,.301,.0608,.314,.904,.256,.315,.217,.354,.319,.288,.759,.63,.145,.00206,.226,.232,.426,.543,.267,.364,0
2021,10,31,21,m,-.0505,.00855,-.23,-.106,-.358,-.265,-.0745,-.0699,.0963,.107,-.0392,.00912,.278,.221,.157,.0878,.0659,.0308,.108,.208,-.274,-.208,.0888,.0782,.021,-.0779,-.0138,-.0993,-.347,-.349,-.246,-.178,.0187,.0729,.0612,.0778,0
2021,10,31,22,m,.176,.364,-.00582,.0768,.151,.299,.00489,-.0125,.369,.433,.0531,.0892,.51,.478,.0218,-.0235,.0649,-.111,.0934,.385,-.0717,-.0726,-.0113,.12,.00498,-.201,.508,.262,-.0744,-.176,.00215,.00324,.335,.375,.234,.239,0
2021,10,31,23,m,.182,.454,.146,.126,-.0521,-.224,.292,.108,.276,.346,.22,.191,.366,.273,.127,-.0576,.16,.00936,.169,.463,.0865,.0578,.218,.121,.203,.108,.213,.387,-.211,-.261,.0476,-.00935,.249,.311,.209,.167,0
2021,10,31,24,m,.253,.447,.00593,.0796,-.077,-.093,.142,.104,.403,.553,.245,.273,.566,.659,.217,.205,.176,.0791,.495,.708,-.0905,-.0595,.257,.241,.176,.0584,.533,.496,-.21,-.285,-.0328,-.0314,.384,.481,.318,.369,0
2021,10,31,25,m,.129,.442,.0264,.148,-.088,-.0463,.116,.167,.162,.384,.18,.243,.193,.308,.369,.241,.0524,.0602,1.29,1.02,-.00678,.143,.262,.304,.262,.161,-.00476,.541,-.323,-.195,-.0743,.0398,.252,.376,.297,.314,0
2021,10,31,26,m,.315,.582,.209,.296,.337,.235,.271,.282,.346,.561,.319,.361,.365,.552,.104,.0345,.142,.0214,.465,.81,.153,.187,.216,.279,.568,.561,.222,.293,-.00609,-.0305,.183,.202,.389,.551,.255,.284,0
2021,10,31,27,m,.162,.313,.143,.249,-.215,.00714,.391,.468,.38,.567,.313,.368,.562,.782,.188,.245,.251,-.0437,1.1,1.5,.171,.283,.382,.522,1.08,1.12,.488,.628,-.0516,-.123,.121,.134,.5,.639,.375,.477,0
2021,10,31,28,m,.168,.361,.0496,.0938,.0388,.133,.037,.048,.177,.334,.0721,.129,.187,.309,.114,.103,-.0264,-.0565,.242,.579,-.169,-.068,.0991,.181,.082,-.0254,.645,.343,-.193,-.259,-.0368,-.0142,.155,.281,.14,.208,0
2021,10,31,29,m,.0618,.295,-.154,-.0492,-.315,-.171,-.0264,-.00677,.115,.297,.209,.224,.186,.3,.198,.092,.184,.0643,.058,.511,-.146,-.0914,.107,.164,.0555,-.0112,1.05,.666,-.378,-.35,-.197,-.131,.252,.353,.231,.246,0
2021,10,31,30,m,.0989,.27,.00236,.188,.171,.122,.0071,.000485,.192,.313,.1,.152,.296,.356,-.0161,-.0252,.14,-.0377,.0319,.502,-.0495,-.0408,.0402,.105,.0482,-.0971,.449,1.27,-.38,-.45,-.075,-.0437,.181,.307,.103,.172,0
2021,10,31,31,m,.097,.369,.0959,.162,.375,.302,.204,.166,.275,.459,.248,.257,.484,.549,.241,.101,.0669,-.0522,.514,.751,-.0118,-.0496,.234,.243,.258,.158,.316,.484,-.169,-.322,.0767,.0568,.319,.477,.283,.272,0
2021,10,31,32,m,.177,.345,-.0282,.0919,-.0176,-.121,.00339,-.0167,.181,.28,.019,.0923,.185,.253,.344,.0349,-.14,-.208,.0291,.437,-.12,-.126,.221,.166,-.105,-.157,.0654,.189,-.285,-.315,-.0972,-.0855,.154,.247,.22,.175,0
2021,10,31,33,m,.376,.409,.0854,.226,-.0161,.0246,.063,.0605,.378,.363,-.00902,.0479,.38,.341,.1,.0993,.0141,.0158,-.279,-.0758,-.00588,-.0723,.134,.191,.125,.000474,.565,.448,-.169,-.222,.00887,.0391,.147,.199,.13,.161,0
2021,10,31,34,m,.52,.482,.116,.124,.02,.167,.169,.113,.478,.456,.198,.117,.455,.442,.0577,.088,.189,.0196,.364,.445,.0163,-.0454,.2,.256,.253,.0911,.493,.379,-.128,-.303,.0715,.0195,.408,.351,.294,.268,0
2021,10,31,35,m,.228,.263,-.00902,.0446,-.17,-.171,.0453,.00502,.258,.276,.143,.103,.276,.284,.0865,.0265,-.113,-.123,.137,.372,-.148,-.166,.129,.137,.0795,-.0411,.282,.18,-.252,-.349,-.103,-.112,.27,.257,.212,.182,0
2021,10,31,36,m,.163,.276,.11,.127,.121,.0772,.11,.0546,.222,.276,.166,.109,.278,.276,.138,.0914,.0142,-.0493,.498,.569,-.0654,-.0874,.147,.163,.151,.0224,.455,.264,-.126,-.18,.0303,.00785,.283,.282,.229,.21,0
2021,10,31,37,m,-.0618,.0873,-.00638,.116,-.172,-.132,-.0403,.0297,.183,.365,.0589,.16,.362,.567,.0462,-.0611,-.0209,-.142,.189,.407,-.333,-.0519,-.0307,.0609,-.0816,-.0947,-.0348,.0319,-.376,-.335,-.15,-.0518,.168,.31,.129,.158,0
2021,10,31,38,m,.278,.258,.1,.165,.25,.116,.129,.0608,.314,.299,.205,.152,.342,.333,.111,.0485,.0762,.042,.357,.363,-.0275,-.0537,.213,.183,.0773,-.0633,.906,.573,-.101,-.182,.0482,.0261,.37,.322,.267,.213,0
2021,10,31,39,m,.122,.256,.115,.155,-.0132,-.0267,.114,.0573,.19,.261,.181,.131,.244,.264,.123,.0803,.0749,.00179,.464,.537,-.0205,-.111,.15,.167,.159,.0186,.417,.271,-.237,-.308,.0181,-.0151,.253,.262,.202,.189,0
2021,10,31,40,m,.174,.47,.149,.256,.254,.0611,.117,.171,.314,.533,.115,.241,.435,.582,.106,.0728,.119,.0446,.0827,.69,.0628,.165,.0756,.191,.175,.172,.271,.312,-.0721,-.266,.122,.122,.261,.46,.195,.272,0
2021,10,31,41,m,.167,.151,-.0494,-.0275,-.207,-.188,.00111,-.0342,.162,.161,.0937,.0376,.159,.168,.0653,.0282,-.0617,-.0258,.0815,.255,-.144,-.176,.0754,.1,.0354,-.0607,.277,.167,-.296,-.362,-.128,-.138,.188,.159,.143,.111,0
2021,10,31,42,m,-.0856,.0962,-.101,-.111,-.366,-.364,.036,.0219,.0703,.204,-.105,.0471,.225,.297,.279,.173,-.0613,-.0766,-.509,-.245,-.193,-.158,.11,.16,.114,.028,.437,.451,-.44,-.54,-.203,-.233,-.0376,.125,.0601,.143,0
2021,10,31,43,m,.354,.348,.105,.177,-.0272,.0776,.15,.0925,.337,.337,.235,.155,.326,.331,.13,.035,.145,.0505,.41,.361,-.0444,.011,.191,.154,.26,.0993,.771,.368,-.137,-.237,.035,.0422,.385,.322,.276,.198,0
2021,10,31,44,m,.226,.201,.0869,.101,-.299,-.0251,.246,.236,.631,.565,.581,.459,1.26,1.11,.119,.142,.738,.375,1.29,.927,.0859,.0783,.34,.409,.29,.294,2.15,1.91,.0585,-.0243,.1,.0988,.864,.692,.498,.435,0
2021,10,31,45,m,.0888,.373,.0559,.216,-.165,.0339,.224,.23,.291,.454,.385,.377,.426,.503,.179,.134,.399,.42,1.07,.997,.299,.282,.267,.349,.23,.102,.558,.441,-.398,-.425,.0558,.132,.415,.472,.318,.325,0
2021,10,31,46,m,.39,.433,.0696,.207,-.0269,.171,.183,.148,.396,.512,.253,.283,.389,.562,.364,.257,.27,.101,.000804,.33,.123,.0457,.222,.187,.196,.0839,.608,.309,-.0446,-.222,.0898,.0839,.315,.434,.336,.366,0
2021,10,31,47,m,.268,.419,.0732,.126,.0251,.062,.0976,.0537,.354,.383,.181,.115,.408,.364,.00129,-.0189,.0448,.0135,.0795,.316,.0695,-.0751,.132,.17,.077,-.0441,.376,.353,-.148,-.279,.0322,.00204,.321,.321,.208,.2,0
2021,10,31,48,m,.452,.328,-.0133,.0793,-.184,-.141,.227,.193,.415,.311,.469,.318,.404,.306,.225,.174,.353,.229,.708,.746,.0866,.0242,.212,.202,.399,.31,.892,.72,-.238,-.295,-.0275,-.0133,.513,.38,.381,.287,0
2021,10,31,49,m,-.0214,.382,.0203,.132,-.165,-.0676,.0349,.116,.149,.452,.139,.251,.263,.492,-.0649,.085,-.114,-.000661,.25,.501,-.247,-.0983,.0872,.258,.109,.0611,.275,.278,-.242,-.252,-.115,-.0238,.213,.397,.117,.29,0
2021,10,31,50,m,.157,.363,.0341,.0881,-.0183,.0912,.0495,.03,.199,.289,.11,.163,.227,.246,.258,.0414,-.0666,-.0973,.311,.524,-.177,-.143,.262,.222,.00731,-.0548,.238,.22,-.344,-.397,-.106,-.0927,.214,.261,.225,.184,0
2021,10,31,51,m,.0556,.255,.0816,.107,-.117,.0131,.109,.0439,.19,.332,.0778,.0492,.296,.387,.119,.0774,-.0531,-.169,.358,.683,.0173,-.0111,.156,.172,.0899,-.0201,.122,.261,-.0547,-.275,.0174,-.03,.212,.275,.176,.196,0
2021,10,31,52,m,.0965,.325,-.0226,.0867,-.021,.0139,.0541,.0896,.279,.417,.054,.136,.384,.463,.0885,.0968,-.106,-.129,-.0388,.156,.00668,.00472,.106,.223,.102,.0711,.553,.389,-.106,-.193,-.0394,-.0175,.18,.296,.146,.216,0
2021,10,31,53,m,-.161,-.0459,-.00726,.12,-.245,-.199,.0252,.081,.133,.236,-.133,-.0352,.337,.416,.00463,.0023,-.172,-.143,-.427,-.197,-.0038,.0786,.0482,.113,.215,.242,-.0252,.0251,-.324,-.329,-.0841,-.00539,-.0644,.0736,-.0335,.0391,0
2021,11,30,1,m,.0443,.375,-.199,-.126,-.239,-.223,-.0903,-.0633,.023,.335,-.0465,.0574,.00585,.302,-.125,-.056,.0292,-.0903,-.0443,.199,-.16,-.202,-.0585,.104,-.0426,-.127,.279,.38,-.256,-.342,-.181,-.185,.0209,.293,-.0206,.183,0
2021,11,30,2,m,.225,.731,.0697,.0727,.0673,-.0241,.235,.232,.235,.69,.279,.363,.25,.64,.206,.191,.549,.246,.413,.681,.324,.195,.243,.401,.328,.22,1.06,1.05,.0257,-.0853,.124,.0493,.296,.658,.266,.46,0
2021,11,30,3,m,.383,.931,.0916,.105,.219,.0105,.228,.235,.327,.86,.327,.482,.283,.805,.136,.158,.395,.211,.552,1.02,.0988,.0909,.232,.407,.292,.168,.752,1.11,.0496,-.148,.132,.0527,.396,.881,.299,.555,0
2021,11,30,4,m,.181,.645,.0794,.0901,.217,.114,.125,.105,.207,.687,.168,.283,.229,.721,.0263,.0854,.164,-.0618,.459,.669,.071,-.0207,.129,.302,.191,-.0322,.417,.807,-.0592,-.191,.0799,-.00225,.236,.618,.158,.4,0
2021,11,30,5,m,.233,.65,.0395,.0372,.116,.061,.115,.0972,.203,.564,.129,.213,.187,.52,.0227,.108,.119,-.0322,.118,.364,.0738,-.0195,.118,.256,.186,.0399,.547,.76,-.0842,-.266,.0522,-.0309,.225,.494,.157,.355,0
2021,11,30,6,m,.169,.508,-.0741,-.0556,-.102,-.164,-.0268,-.0273,.0302,.358,.0147,.0966,-.0469,.272,-.0596,-.0298,.0363,-.104,.0724,.255,-.102,-.184,-.0305,.121,.0498,-.0778,.28,.364,-.175,-.316,-.0811,-.143,.0559,.321,.0256,.213,0
2021,11,30,7,m,.157,.628,-.0394,.0238,.132,-.0157,.0742,.0736,.138,.642,.124,.249,.122,.653,-.00336,.0865,-.0199,-.104,.319,.723,.112,.0232,.0875,.309,.156,-.072,.472,.957,-.102,-.208,-.00715,-.0432,.164,.583,.112,.394,0
2021,11,30,8,m,.139,.538,.0124,.0282,-.123,-.0584,.0495,.00674,.12,.467,.0781,.158,.108,.424,.0073,.0101,.169,-.0895,.251,.433,-.0238,-.118,.0929,.204,.076,-.109,.286,.551,-.16,-.351,-.015,-.099,.131,.421,.0977,.289,0
2021,11,30,9,m,.0827,.476,-.127,-.121,-.118,-.211,.0763,.0476,.153,.476,.137,.252,.208,.476,-.0162,.128,.215,.00458,.52,.629,-.133,-.168,.0865,.238,.242,.0236,.324,.452,-.125,-.259,-.0876,-.153,.2,.458,.126,.342,0
2021,11,30,10,m,.253,.724,.0916,.0928,.0886,.0313,.153,.126,.302,.781,.183,.264,.336,.82,.0483,.125,.0407,-.123,.259,.551,.0512,-.0665,.176,.357,.205,.00279,.476,.809,-.034,-.235,.0578,-.0358,.315,.668,.215,.446,0
2021,11,30,11,m,-.198,.308,.0322,.1,.0776,.0243,.055,.0539,-.137,.375,.119,.261,.251,.75,.0649,.1,.111,-.134,.269,.554,.0132,-.0465,-.0496,.239,.141,-.0262,.596,.863,.0163,-.181,.0437,-.0136,-.0348,.434,-.00766,.33,0
2021,11,30,12,m,.151,.496,-.0974,-.0708,-.225,-.299,.0471,.0215,.136,.434,.0744,.17,.124,.388,.0249,.0333,.132,-.0935,.14,.427,-.106,-.194,.0755,.2,.19,.00576,.269,.402,-.217,-.338,-.106,-.17,.147,.403,.11,.279,0
2021,11,30,13,m,.205,.876,.108,.15,.829,.766,.104,.16,.226,.904,.0166,.286,.241,.923,.0818,.228,-.00664,-.109,-.13,.338,.0754,.0667,.146,.411,.0967,.0203,.142,.647,-.228,-.309,.107,.0907,.0612,.614,.0684,.479,0
2021,11,30,14,m,.363,1.28,.227,.289,.472,.833,.382,.466,.33,1.15,.347,.41,.301,1.05,.232,.275,.257,.204,.527,1.24,.481,.398,.335,.619,.603,.538,.656,1.43,.0384,-.125,.27,.25,.404,1.12,.348,.725,0
2021,11,30,15,m,.759,1.5,1.14,1.14,1.84,1.84,.15,.195,.421,1.06,.106,.279,.243,.823,-.197,-.147,1.04,.574,.0567,.307,.768,.709,.0911,.243,.227,.17,.579,1.06,1.99,1.47,1.17,1.03,.295,.777,.0652,.278,0
2021,11,30,16,m,.255,.707,-.0284,.00668,-.116,-.158,.0878,.102,.201,.657,.0489,.182,.151,.609,.142,.211,-.0305,-.131,.436,.837,.0104,-.0357,.166,.37,.228,.0628,.177,.42,-.205,-.251,-.0601,-.0804,.167,.527,.156,.4,0
2021,11,30,17,m,.184,.693,.0201,-.0129,.231,.0855,.0902,.0932,.14,.597,.0379,.199,.0994,.509,.103,.129,.173,-.0535,.301,.571,-.0315,-.0736,.114,.294,.16,.0401,.144,.361,-.00136,-.267,.0523,-.0599,.131,.525,.124,.375,0
2021,11,30,19,m,.406,.888,.0951,.145,.0375,.0848,.179,.216,.37,.832,.181,.246,.352,.804,.0446,.0785,.229,.00768,.264,.455,.335,.232,.177,.292,.293,.292,.514,.87,-.178,-.193,.116,.0877,.32,.647,.189,.35,0
2021,11,30,20,m,.486,1.05,.124,.21,.407,.25,.293,.366,.459,.997,.312,.483,.443,.965,.0405,.225,.368,.134,.207,1.04,.425,.308,.229,.539,.431,.327,.688,1.33,.206,-.0755,.244,.182,.471,1,.281,.635,0
2021,11,30,21,m,-.0762,.224,-.182,-.137,-.217,-.318,-.0114,-.0285,.0189,.274,.00976,.0912,.135,.332,.0751,.0621,.241,.0598,.18,.238,-.102,-.145,.0623,.159,.116,-.0213,-.0485,.0881,-.247,-.327,-.15,-.182,.0234,.236,.0388,.179,0
2021,11,30,22,m,.128,.724,-.0765,.0041,-.138,.0508,.0104,.0478,.334,.822,.0421,.185,.489,.888,-.0147,.0719,.498,.0218,-.00849,.426,-.193,.0239,-.0151,.269,.118,-.13,.632,.639,-.0859,-.221,-.0508,-.0298,.275,.685,.19,.475,0
2021,11,30,23,m,.448,.956,.0521,-.019,-.101,-.286,.344,.147,.401,.761,.329,.291,.367,.63,.12,-.001,.257,.00105,.559,.679,.117,.0485,.285,.308,.264,.121,.561,.79,-.102,-.243,.0418,-.0749,.448,.723,.343,.441,0
2021,11,30,24,m,.292,.646,-.0451,-.0115,-.141,-.132,.183,.148,.436,.796,.233,.354,.585,.945,.0917,.192,.326,.119,.379,.522,.00772,-.0199,.256,.326,.313,.131,.393,.721,-.0226,-.194,.004,-.0441,.392,.683,.275,.484,0
2021,11,30,25,m,.26,.837,-.0232,.0193,-.0622,-.0922,.226,.227,.323,.8,.503,.494,.397,.753,.309,.253,.239,.15,1.66,1.45,.233,.26,.287,.419,.493,.269,1.18,1.29,-.164,-.16,-.0121,.00263,.542,.824,.443,.562,0
2021,11,30,26,m,.475,.92,.149,.149,.606,.345,.343,.317,.432,.878,.403,.465,.413,.86,.0553,.0528,.412,.104,.74,1.02,.351,.261,.233,.323,.757,.55,.214,.591,.447,.0173,.274,.161,.461,.829,.276,.428,0
2021,11,30,27,m,.204,.67,.147,.189,-.0837,.0362,.455,.555,.42,.982,.398,.53,.601,1.25,.17,.289,.241,.134,1.12,1.72,.138,.159,.353,.596,1.32,1.31,.959,1.63,.0153,-.0706,.131,.122,.579,1.02,.425,.721,0
2021,11,30,28,m,.268,.606,-.0284,-.025,.134,.0114,.0913,.0759,.253,.548,.148,.259,.239,.493,.147,.162,.112,.0281,.472,.78,.0499,.0266,.146,.256,.139,-.013,.557,.816,-.127,-.262,.0045,-.0516,.253,.511,.216,.369,0
2021,11,30,29,m,.136,.561,-.179,-.109,-.0692,-.109,.0185,.0366,.0941,.514,.199,.293,.0468,.461,.153,.128,.277,.0429,.0698,.538,.0144,.0158,.102,.265,.11,.044,.677,.655,-.287,-.337,-.137,-.139,.227,.535,.2,.367,0
2021,11,30,30,m,.249,.548,.0311,.0133,.197,.04,.0799,.0266,.215,.511,.108,.174,.181,.475,-.0835,-.0191,.261,.013,-.164,.33,.309,.0595,.0618,.187,.17,.00244,.712,1.06,-.285,-.46,.0235,-.105,.194,.422,.0851,.243,0
2021,11,30,31,m,.226,.78,-.0073,.0502,.0649,-.0208,.21,.218,.315,.839,.173,.343,.41,.898,.185,.141,.116,-.0772,.526,.938,.0512,.00823,.243,.34,.429,.265,.201,.897,-.0223,-.303,.0263,-.0165,.278,.781,.239,.431,0
2021,11,30,32,m,.209,.677,-.0565,-.00967,.141,-.0663,.0109,.0462,.116,.523,.022,.23,.0783,.46,.108,.0852,.0247,-.142,.0439,.427,.0786,-.036,.13,.274,-.107,-.113,-.0423,.487,-.188,-.336,-.0186,-.0959,.107,.476,.12,.343,0
2021,11,30,33,m,.331,.736,.0533,.0948,-.0605,-.000351,.0678,.0761,.287,.63,-.0252,.133,.267,.581,.0427,.117,.111,-.0282,-.22,.119,.0611,-.106,.106,.256,.16,.0132,.335,.497,-.147,-.295,.0226,-.0392,.102,.427,.085,.309,0
2021,11,30,34,m,.511,.892,.0832,.0881,-.0195,.104,.208,.211,.393,.825,.176,.258,.332,.789,-.0374,.0998,.408,.0778,.362,.588,.12,.0206,.215,.405,.378,.216,.612,.707,.0343,-.263,.116,.0224,.355,.696,.236,.507,0
2021,11,30,35,m,.224,.555,-.0389,-.0157,-.146,-.149,.0605,.059,.182,.513,.104,.2,.158,.489,-.0241,.0295,.0155,-.0789,.171,.524,-.0479,-.131,.0921,.251,.159,-.00122,.203,.408,-.158,-.322,-.0632,-.117,.202,.482,.135,.336,0
2021,11,30,36,m,.238,.647,.0356,.0348,.0832,-.0381,.168,.124,.254,.608,.218,.248,.267,.573,.062,.119,.191,-.0278,.476,.761,.12,.000837,.155,.301,.274,.0789,.512,.631,-.0105,-.136,.0714,-.0141,.315,.591,.225,.412,0
2021,11,30,37,m,.043,.391,-.0847,.0613,-.151,-.239,-.0148,.0719,.208,.665,.085,.252,.323,.864,.0476,.0315,.0502,-.155,.162,.4,-.131,.0255,.0268,.187,-.0214,-.00208,.419,.565,-.301,-.37,-.118,-.0807,.177,.542,.138,.332,0
2021,11,30,38,m,.35,.676,.0431,.109,.11,.0772,.18,.146,.326,.643,.211,.253,.306,.616,.0639,.0857,.235,.0701,.291,.443,.151,.00363,.211,.314,.239,.0444,1.03,.92,.0461,-.129,.0956,.0263,.385,.633,.264,.413,0
2021,11,30,39,m,.216,.691,.087,.0625,.0176,.029,.168,.151,.251,.656,.253,.35,.277,.63,.0974,.152,.173,-.004,.668,.665,-.015,-.0983,.169,.341,.265,.105,.547,.87,-.126,-.311,.0463,-.0447,.315,.638,.233,.444,0
2021,11,30,40,m,.276,.779,.117,.171,.305,.0449,.166,.242,.326,.757,.153,.414,.367,.739,.0721,.117,.189,.0678,.244,.967,.176,.225,.106,.283,.302,.273,.275,.793,-.021,-.25,.144,.0952,.295,.722,.203,.428,0
2021,11,30,41,m,.13,.455,-.0641,-.058,-.114,-.172,.0391,.0118,.118,.394,.118,.144,.111,.351,-.0201,.0157,.0522,-.0328,.14,.258,-.0589,-.143,.0356,.18,.137,-.0252,.266,.453,-.165,-.314,-.0716,-.135,.18,.374,.109,.241,0
2021,11,30,42,m,.0326,.371,-.155,-.219,-.292,-.354,.0686,.0802,.116,.446,-.124,.18,.192,.512,.219,.22,.103,-.0262,-.544,-.214,-.092,-.104,.117,.255,.257,.097,.419,.896,-.415,-.532,-.181,-.262,-.0311,.336,.0426,.294,0
2021,11,30,43,m,.391,.83,.0399,.131,.0654,.179,.178,.175,.291,.722,.197,.274,.233,.659,.089,.11,.27,.0599,.523,.594,.123,.0605,.169,.311,.398,.192,.556,.717,-.0373,-.231,.0819,.0448,.344,.651,.241,.417,0
2021,11,30,44,m,.0432,.543,-.0571,.0573,-.0766,.113,.114,.29,.357,.85,.406,.447,.905,1.31,-.0442,.243,.458,.357,.243,.704,.00877,.17,.131,.486,.31,.375,1.03,1.12,-.101,.0925,-.00632,.117,.459,.826,.221,.554,0
2021,11,30,45,m,.135,.588,.0717,.125,.111,.139,.281,.287,.342,.715,.403,.538,.477,.791,.14,.17,.347,.239,.983,.86,.417,.256,.265,.384,.409,.205,.379,.847,-.202,-.301,.127,.0911,.437,.756,.323,.5,0
2021,11,30,46,m,.38,.793,.0687,.165,-.0654,.114,.162,.207,.287,.891,.172,.438,.219,.952,.202,.342,.43,.231,.0518,.498,.15,.0717,.188,.319,.234,.11,.298,.745,-.102,-.291,.101,.0715,.241,.764,.234,.604,0
2021,11,30,47,m,.309,.838,.0103,.0174,.182,.0921,.0931,.107,.294,.703,.0909,.177,.288,.634,-.0359,.0238,.157,-.0487,-.0192,.302,.0668,-.108,.124,.295,.17,.0706,.444,.66,-.214,-.297,.0196,-.0586,.223,.563,.139,.371,0
2021,11,30,48,m,.43,.894,-.0947,.0146,-.18,-.1,.25,.275,.388,.617,.441,.451,.378,.533,.144,.184,.445,.22,.779,1.05,.341,.13,.2,.301,.515,.405,.637,.982,.0421,-.182,.0156,-.00451,.469,.697,.328,.466,0
2021,11,30,49,m,.0696,.734,-.0232,.0339,-.305,-.0299,.0571,.176,.125,.732,.0498,.307,.159,.731,-.0786,.168,.0288,-.0176,.191,.584,-.108,-.05,.0842,.367,.257,.186,.178,.566,-.225,-.266,-.0996,-.0547,.132,.591,.0633,.445,0
2021,11,30,50,m,.116,.645,.0311,.00775,-.0818,.0172,.0676,.103,.154,.56,.0893,.286,.179,.51,.0883,.11,.108,-.00366,.344,.715,-.0487,-.0987,.151,.3,.146,.0616,.149,.423,-.274,-.351,-.0584,-.0991,.181,.518,.151,.377,0
2021,11,30,51,m,.158,.826,.0357,.0651,.237,.191,.157,.141,.195,.839,.128,.212,.223,.849,.0304,.128,.114,-.0853,.717,1.06,.133,-.0044,.132,.344,.285,.122,-.0717,.585,.107,-.263,.1,-.0147,.215,.667,.148,.451,0
2021,11,30,52,m,.228,.622,-.0719,-.0448,.161,.00643,.111,.132,.402,.748,.0753,.263,.497,.811,.0428,.111,.0446,-.0927,-.00332,.342,.0792,-.0389,.152,.307,.171,.103,.767,.88,-.0274,-.213,.00317,-.0755,.221,.579,.159,.391,0
2021,11,30,53,m,-.0612,.203,-.0211,.0498,-.257,-.229,.0496,.13,.129,.486,-.0533,.109,.245,.668,-.0191,.0595,-.0249,-.124,-.303,-.0517,.0399,.0786,.0378,.195,.266,.245,.0655,.434,-.164,-.289,-.0449,-.0348,.0152,.322,-.0000784,.195,0
2021,12,31,1,m,-.0691,.601,-.173,-.0898,-.218,-.184,-.111,.0126,-.0725,.6,-.0837,.0807,-.0754,.6,-.106,.0908,.0408,-.078,-.074,.0603,-.137,-.176,-.0865,.27,-.0857,-.061,.107,.865,-.338,-.439,-.174,-.179,-.0689,.45,-.0795,.337,0
2021,12,31,2,m,.0433,.703,.0352,.0289,.0724,-.00217,.151,.243,.0589,.737,.186,.365,.0769,.778,.238,.266,.475,.214,.352,.481,.251,.187,.151,.459,.228,.255,.527,1.56,-.0947,-.231,.0682,-.0108,.128,.69,.168,.511,0
2021,12,31,3,m,.169,.976,.00321,.0627,.0364,-.0437,.131,.23,.139,.982,.202,.375,.114,.986,.165,.259,.213,.141,.51,.578,.0104,.029,.15,.484,.165,.161,.518,1.85,-.109,-.327,.0191,-.0252,.204,.883,.194,.601,0
2021,12,31,4,m,-.0157,.739,.021,.0697,.0603,.0156,.0112,.101,.0163,.791,.00515,.205,.0427,.833,-.0403,.143,.106,-.141,.21,.332,.0502,.0123,.0166,.365,.0649,-.0393,.0659,1.02,-.234,-.343,.00184,-.0525,.022,.613,-.00226,.421,0
2021,12,31,5,m,.0756,.727,.0181,-.00466,.0553,-.0013,.0267,.0626,.056,.642,.0296,.086,.0458,.599,-.013,.164,.0593,-.167,.0793,.0737,.0649,-.0688,.0344,.283,.0497,.0107,.299,1.06,-.242,-.442,.00522,-.115,.0727,.445,.0441,.344,0
2021,12,31,6,m,.044,.723,-.086,-.046,-.175,-.177,-.0646,.025,-.0566,.569,-.0668,.0815,-.113,.483,-.0276,.093,.0126,-.128,-.00377,.0793,-.0692,-.149,-.0562,.249,.000451,-.017,.112,.73,-.328,-.464,-.117,-.167,-.0545,.427,-.0469,.324,0
2021,12,31,7,m,-.0686,.699,-.0645,.0237,.00619,-.0159,-.0248,.0815,-.0365,.715,-.00375,.214,-.00845,.728,-.057,.155,-.0263,-.138,.183,.369,.12,.0421,-.025,.348,.0283,-.0476,.0222,1.35,-.262,-.345,-.0558,-.0715,-.0246,.598,-.0311,.43,0
2021,12,31,8,m,.043,.78,-.0204,-.00718,-.0591,-.15,-.0273,.00662,.0362,.655,-.0163,.0741,.0318,.579,-.0401,.103,.0628,-.15,.159,.113,-.0405,-.129,.024,.294,-.0291,-.113,.0725,.782,-.313,-.47,-.0625,-.157,.0155,.457,.000767,.344,0
2021,12,31,9,m,-.0776,.51,-.19,-.117,-.142,-.183,-.0246,.06,-.039,.52,-.0143,.176,-.0102,.527,.0418,.23,.2,-.00176,.366,.32,-.151,-.133,-.00343,.289,.0696,.0438,-.0523,.649,-.259,-.4,-.147,-.174,-.0197,.421,-.00274,.354,0
2021,12,31,10,m,.0576,.753,.0417,.0506,.0516,-.0404,.054,.0931,.111,.811,.0323,.14,.149,.851,-.0291,.158,.152,-.104,.144,.232,.0473,-.0587,.0638,.358,.0778,-.0345,.153,1,-.176,-.366,.0313,-.0747,.104,.592,.0538,.415,0
2021,12,31,11,m,-.0648,.36,-.0417,.0646,-.00715,-.00207,-.0491,.0197,-.0462,.44,.00611,.197,.0435,.883,.0262,.196,.0258,-.156,.295,.323,-.0129,-.0519,-.0189,.298,-.00266,-.0619,.223,1.6,-.23,-.376,-.045,-.0638,-.0116,.448,.000536,.37,0
2021,12,31,12,m,-.043,.604,-.0957,-.0125,-.262,-.297,-.0202,.0773,-.00624,.615,.0246,.186,.0227,.622,.0348,.15,.104,-.1,.168,.21,-.126,-.163,.0113,.312,.0441,.0588,.088,.769,-.362,-.484,-.137,-.172,.0203,.503,.0228,.384,0
2021,12,31,13,m,.062,1.17,.131,.219,.807,.943,.0565,.228,.0513,1.14,-.0226,.259,.0438,1.13,.0883,.429,.0694,-.0535,-.0697,.228,.115,.0843,.0722,.571,.0187,.0839,-.0502,1.44,-.337,-.407,.126,.135,-.0371,.715,-.000307,.615,0
2021,12,31,14,m,.132,1.4,.169,.242,.275,.807,.253,.472,.127,1.38,.203,.322,.124,1.36,.242,.377,.331,.146,.548,.78,.394,.331,.221,.751,.407,.506,.183,2.18,-.101,-.258,.196,.182,.175,1.21,.207,.82,0
2021,12,31,15,m,.409,1.46,1.2,1.25,1.81,1.87,.136,.231,.209,1.14,.197,.296,.102,.964,-.175,-.0306,1.02,.67,.307,.199,.757,.676,.0251,.302,.0961,.125,.516,1.77,2.06,1.28,1.19,1.07,.252,.836,.049,.368,0
2021,12,31,16,m,.0863,.816,-.00357,.0449,-.00268,-.039,.0477,.167,.0693,.829,-.0125,.236,.0534,.841,.14,.327,-.0197,-.0956,.453,.727,-.00478,.00808,.097,.48,.159,.11,.0155,1.12,-.268,-.339,-.0457,-.0544,.0503,.652,.0779,.522,0
2021,12,31,17,m,-.0282,.647,-.0468,-.0363,.0549,.0507,-.0203,.0987,-.036,.64,-.0758,.178,-.0431,.633,.0459,.195,.088,-.0773,.0955,.384,-.105,-.119,.00504,.337,.0305,.0413,-.122,.805,-.281,-.419,-.0565,-.108,-.0476,.528,-.0181,.402,0
2021,12,31,19,m,.249,1.18,.115,.137,.00248,.0834,.149,.259,.215,1.09,.153,.26,.198,1.04,.0378,.153,.2,-.0769,.279,.329,.364,.235,.133,.398,.215,.332,.309,1.53,-.184,-.25,.124,.0615,.203,.795,.129,.46,0
2021,12,31,20,m,.318,1.23,.0781,.201,.401,.379,.242,.43,.269,1.12,.257,.514,.238,1.06,.0759,.364,.476,.095,.201,.9,.329,.315,.176,.657,.35,.385,.492,1.86,.29,-.1,.225,.179,.29,1.07,.197,.735,0
2021,12,31,21,m,-.125,.363,-.194,-.109,-.254,-.316,-.0472,.042,-.0482,.444,.0138,.186,.0431,.538,.0531,.167,.096,-.0312,.321,.301,-.105,-.0922,.018,.281,.043,.0666,-.193,.487,-.373,-.456,-.196,-.203,-.0222,.375,-.000449,.307,0
2021,12,31,22,m,-.104,.671,-.159,-.0622,-.238,-.178,-.154,-.0225,.0368,.791,-.166,.0353,.137,.87,-.182,.0555,.127,-.144,-.371,-.00776,-.142,-.0431,-.188,.225,-.115,-.213,.119,.723,-.24,-.394,-.142,-.142,-.0394,.566,-.0791,.391,0
2021,12,31,23,m,.196,1.24,.0576,-.00778,-.179,-.299,.315,.209,.136,1.02,.209,.273,.093,.877,.114,.162,.293,.138,.215,.364,.0492,-.0185,.165,.483,.19,.17,.198,1.22,-.295,-.384,-.0122,-.101,.167,.824,.152,.566,0
2021,12,31,24,m,.045,.604,-.0666,-.0608,-.103,-.13,.0704,.0953,.162,.775,.117,.231,.28,.946,.0554,.261,.225,-.0473,.428,.297,.000104,-.0754,.127,.323,.0979,.046,.218,.878,-.19,-.398,-.0411,-.134,.158,.586,.117,.454,0
2021,12,31,25,m,.197,1.15,.0602,.128,.0153,.0264,.209,.343,.265,1.11,.469,.627,.346,1.05,.375,.405,.212,.255,1.45,.819,.278,.303,.273,.634,.326,.305,1.61,3.12,-.29,-.31,.0136,.0434,.472,1.15,.43,.807,0
2021,12,31,26,m,.364,1.18,.209,.189,.782,.391,.307,.354,.298,1.09,.355,.446,.269,1.05,.0727,.128,.326,-.0524,.661,.811,.324,.203,.2,.373,.597,.566,.128,1.04,.317,-.147,.293,.137,.33,.909,.218,.506,0
2021,12,31,27,m,.136,.729,.0778,.2,-.243,-.0227,.406,.613,.427,1.19,.521,.548,.671,1.57,.18,.535,.425,.105,2.24,1.74,.461,.355,.329,.736,1.2,1.33,1.09,2.08,.0852,-.238,.191,.124,.645,1.12,.452,.877,0
2021,12,31,28,m,-.00203,.653,-.0774,-.049,.00859,-.0762,-.00388,.0887,.0369,.638,.0178,.189,.0785,.625,.102,.254,.0711,-.0784,.342,.385,.00323,.0452,.0277,.324,.000598,.00309,.267,1.08,-.197,-.356,-.0517,-.0989,.0219,.491,.0511,.395,0
2021,12,31,29,m,-.0313,.637,-.193,-.136,-.0203,-.0656,-.00971,.113,-.00841,.678,.104,.308,.017,.724,.148,.241,.383,.113,.172,.504,-.0774,.0847,.0476,.404,.114,.195,.213,.837,-.354,-.424,-.155,-.156,.0708,.625,.0953,.466,0
2021,12,31,30,m,.0813,.672,.0121,.00188,.201,.141,.0191,.0684,.0476,.654,-.0308,.186,.0146,.635,-.0468,.142,.181,.00162,-.0263,.395,.156,.0421,.00843,.295,.0616,.0469,-.011,1.03,-.221,-.531,.0146,-.125,.00392,.481,-.0189,.343,0
2021,12,31,31,m,.0658,.857,-.0143,.0765,.0836,-.0779,.15,.255,.173,.963,.155,.229,.288,1.07,.152,.245,.0683,-.055,.418,.486,.103,.0496,.171,.43,.293,.284,.187,1.48,-.222,-.442,.016,-.0136,.155,.738,.157,.468,0
2021,12,31,32,m,.0242,.678,-.104,-.0286,-.123,-.166,-.0704,.0254,-.0253,.59,-.0268,.145,-.0454,.555,.103,.153,-.136,-.286,-.0217,.18,.0281,-.101,.0533,.303,-.191,-.124,-.0927,.768,-.266,-.439,-.105,-.167,-.0192,.469,.0266,.362,0
2021,12,31,33,m,.144,.789,-.0039,-.00359,-.107,-.102,-.017,.0273,.111,.686,-.0891,.00945,.0962,.638,-.00372,.152,.113,-.161,-.28,-.13,.0119,-.164,.027,.273,-.00692,-.0581,.158,.764,-.287,-.456,-.0345,-.147,-.0297,.363,-.0183,.283,0
2021,12,31,34,m,.216,1.01,.0783,.077,.0171,-.0047,.115,.247,.188,1.02,.0518,.23,.172,1.03,-.0353,.242,.27,-.00466,.309,.283,.157,.00129,.136,.531,.231,.249,.0668,1.23,-.0935,-.376,.0942,-.0244,.138,.769,.0864,.603,0
2021,12,31,35,m,-.0288,.565,-.111,-.0779,-.258,-.256,-.0598,.0276,-.0211,.575,-.0131,.113,-.0166,.58,-.058,.0998,-.0472,-.15,.0712,.184,-.127,-.192,-.0258,.282,-.0238,-.0308,.0193,.74,-.313,-.473,-.152,-.202,.00793,.45,-.0115,.337,0
2021,12,31,36,m,.0414,.662,.0244,.0451,.0414,-.00408,.0862,.156,.0764,.718,.1,.271,.107,.768,.0875,.262,.142,-.00307,.359,.467,.122,.0561,.0775,.408,.124,.0524,.0856,1.22,-.133,-.276,.0418,-.0141,.115,.662,.103,.511,0
2021,12,31,37,m,-.176,.394,-.116,.0188,-.24,-.265,-.0783,.108,.0321,.704,-.0102,.189,.187,.927,.0235,.149,.199,-.066,.29,.32,-.0089,.136,-.065,.221,-.0992,.106,.042,.705,-.331,-.385,-.107,-.0723,.0241,.512,.0285,.363,0
2021,12,31,38,m,.0569,.682,.0241,.12,.0502,.0813,.1,.15,.0501,.649,.0835,.145,.0441,.622,.0247,.0895,.167,-.0516,.194,.214,.0453,.0071,.0653,.313,.156,.0176,.305,.927,-.016,-.23,.0475,-.00984,.108,.534,.0746,.356,0
2021,12,31,39,m,-.0342,.584,-.0084,.018,-.0759,-.0156,.0328,.13,.0219,.624,.0587,.242,.0658,.654,.0434,.216,.136,-.0438,.293,.358,.0118,-.102,.0344,.342,.093,.107,.236,1.25,-.286,-.418,-.0287,-.0919,.0611,.555,.0511,.419,0
2021,12,31,40,m,.0885,.736,.102,.154,.23,-.0616,.122,.229,.19,.806,.106,.316,.275,.861,.106,.235,.235,.0165,.25,.549,.317,.223,.0699,.327,.194,.24,.101,1.13,-.00396,-.357,.163,.0549,.153,.68,.136,.464,0
2021,12,31,41,m,-.0000878,.68,-.114,-.0614,-.209,-.233,-.0187,.0738,-.00313,.628,.073,.183,-.00461,.592,-.0429,.108,.0308,-.0491,.164,.168,-.0231,-.114,-.0222,.304,.0617,.0447,.207,.99,-.33,-.449,-.132,-.169,.0678,.532,.0282,.375,0
2021,12,31,42,m,-.163,.332,-.218,-.239,-.243,-.369,-.0213,.0586,-.0617,.454,-.118,.0755,.0316,.561,.163,.311,.0396,-.0946,-.517,-.417,-.131,-.134,.0132,.289,.0894,.0651,.203,1.22,-.478,-.603,-.224,-.299,-.107,.273,-.0236,.287,0
2021,12,31,43,m,.0965,.856,-.0309,.0621,-.0646,.0217,.034,.134,.0594,.783,.0367,.154,.038,.74,.00569,.144,.0844,-.123,.315,.261,.0951,.0406,.0426,.341,.211,.17,.0781,1.05,-.324,-.374,-.0481,-.0564,.0753,.583,.0454,.393,0
2021,12,31,44,m,.0564,.551,-.0879,.093,-.235,.151,.0333,.273,.214,.89,.16,.387,.434,1.4,-.0454,.248,.395,.311,-.0511,.384,.39,.424,.108,.517,.185,.428,.281,1.6,-.186,-.164,.00489,.141,.153,.768,.0652,.526,0
2021,12,31,45,m,.0025,.701,.0213,.0542,-.0632,.044,.214,.241,.177,.79,.277,.345,.292,.843,.148,.282,.349,.128,.841,.487,.472,.224,.232,.423,.231,.165,.0119,.894,-.175,-.432,.107,.00883,.211,.609,.189,.466,0
2021,12,31,46,m,.177,.789,-.0235,.0326,.0177,.235,.0879,.176,.131,.898,.0389,.248,.0913,.967,.262,.51,.463,.211,.102,.278,-.0129,-.125,.0528,.343,.205,.0938,-.285,.735,.117,-.302,.0762,-.0163,.0525,.649,.125,.597,0
2021,12,31,47,m,.13,.896,-.0057,-.0172,.0428,-.119,.0161,.0729,.136,.767,.0645,.122,.142,.701,-.111,.0621,.086,-.183,-.0317,.109,-.0498,-.156,.0314,.311,.00793,-.00425,.056,.657,-.212,-.402,-.0275,-.137,.111,.545,.0376,.373,0
2021,12,31,48,m,.28,1.38,-.024,.0673,-.294,-.167,.155,.31,.227,.879,.352,.367,.213,.725,.106,.246,.388,.0794,.587,.638,.295,.159,.124,.415,.238,.375,.576,1.48,-.149,-.363,-.000164,-.0318,.324,.815,.232,.558,0
2021,12,31,49,m,-.144,.582,-.0693,-.0372,-.194,-.0255,-.043,.104,-.0446,.62,-.0146,.187,.0194,.642,-.158,.19,-.029,-.11,.0456,.196,-.162,-.118,-.0218,.332,.0517,.108,.0557,.817,-.289,-.391,-.13,-.132,-.0294,.45,-.0726,.361,0
2021,12,31,50,m,-.0149,.713,.0358,.0292,.0814,.193,.0446,.165,.0457,.676,.0695,.228,.0852,.654,.0754,.295,.209,.0124,.431,.393,-.056,-.0651,.151,.475,.0514,.0348,.0536,.892,-.297,-.389,-.0316,-.0754,.0782,.5,.0761,.429,0
2021,12,31,51,m,-.0299,.804,-.0392,-.025,-.0925,.113,.0322,.0995,-.0329,.831,-.014,.0696,-.0349,.85,.0106,.198,.144,-.124,.567,.559,.124,-.0488,.000916,.346,.0867,.0871,-.1,1.19,-.0698,-.381,.0123,-.0923,.00182,.561,.00211,.415,0
2021,12,31,52,m,-.00519,.526,-.132,-.0784,.046,-.0979,.0264,.0916,.182,.666,.055,.181,.289,.736,.0196,.18,.0142,-.155,.288,.299,.133,-.0258,.0347,.274,.0565,.0757,.497,1.03,-.115,-.334,-.0423,-.127,.124,.485,.0866,.363,0
2021,12,31,53,m,-.194,.306,.0794,.0719,-.295,-.219,.0563,.189,.0391,.667,-.0787,.0932,.192,.899,.0268,.167,.000219,-.172,-.288,-.231,.146,.0891,.0415,.301,.236,.355,-.166,.721,-.123,-.311,.0249,-.0323,-.0724,.377,-.0313,.275,0
2022,1,31,1,m,.0152,.0152,-.158,-.158,-.235,-.235,-.129,-.129,.0633,.0633,-.0337,-.0337,.102,.102,-.0296,-.0296,-.044,-.044,.0906,.0906,-.228,-.228,-.0106,-.0106,-.189,-.189,.219,.219,-.452,-.452,-.22,-.22,.0571,.0571,.0298,.0298,0
2022,1,31,2,m,.207,.207,.0488,.0488,-.0375,-.0375,.15,.15,.251,.251,.213,.213,.304,.304,.2,.2,.252,.252,.404,.404,.115,.115,.209,.209,.177,.177,.65,.65,-.236,-.236,-.0116,-.0116,.287,.287,.25,.25,0
2022,1,31,3,m,.254,.254,.0257,.0257,.0371,.0371,.182,.182,.35,.35,.31,.31,.424,.424,.155,.155,.311,.311,.551,.551,.0424,.0424,.225,.225,.173,.173,.845,.845,-.238,-.238,.00504,.00504,.445,.445,.314,.314,0
2022,1,31,4,m,.161,.161,.0506,.0506,-.0314,-.0314,.0267,.0267,.237,.237,.0784,.0784,.3,.3,.048,.048,-.0528,-.0528,.321,.321,-.0259,-.0259,.126,.126,-.0139,-.0139,.156,.156,-.269,-.269,-.043,-.043,.187,.187,.13,.13,0
2022,1,31,5,m,.195,.195,.0299,.0299,.049,.049,.00264,.00264,.187,.187,.0534,.0534,.183,.183,.0311,.0311,-.0425,-.0425,.13,.13,-.0791,-.0791,.0887,.0887,-.0361,-.0361,.337,.337,-.3,-.3,-.0524,-.0524,.161,.161,.114,.114,0
2022,1,31,6,m,.129,.129,-.0849,-.0849,-.168,-.168,-.0982,-.0982,.0779,.0779,-.00695,-.00695,.0487,.0487,-.0279,-.0279,-.144,-.144,.109,.109,-.208,-.208,-.00343,-.00343,-.142,-.142,.223,.223,-.431,-.431,-.187,-.187,.0762,.0762,.0441,.0441,0
2022,1,31,7,m,.0832,.0832,-.0341,-.0341,-.114,-.114,-.0187,-.0187,.168,.168,.0799,.0799,.241,.241,.0434,.0434,-.0947,-.0947,.349,.349,-.103,-.103,.102,.102,-.0856,-.0856,.449,.449,-.271,-.271,-.107,-.107,.176,.176,.126,.126,0
2022,1,31,8,m,.106,.106,-.0343,-.0343,-.146,-.146,-.0951,-.0951,.119,.119,-.0218,-.0218,.127,.127,-.0261,-.0261,-.147,-.147,.2,.2,-.167,-.167,.0374,.0374,-.175,-.175,.158,.158,-.422,-.422,-.163,-.163,.0863,.0863,.0502,.0502,0
2022,1,31,9,m,.0466,.0466,-.184,-.184,-.27,-.27,-.0639,-.0639,.117,.117,.0579,.0579,.169,.169,.108,.108,-.00623,-.00623,.356,.356,-.227,-.227,.0796,.0796,-.0466,-.0466,.0784,.0784,-.413,-.413,-.228,-.228,.124,.124,.119,.119,0
2022,1,31,10,m,.203,.203,.0629,.0629,-.048,-.048,.0254,.0254,.296,.296,.0595,.0595,.359,.359,.0498,.0498,-.0677,-.0677,.311,.311,-.113,-.113,.163,.163,-.0428,-.0428,.163,.163,-.269,-.269,-.0573,-.0573,.227,.227,.154,.154,0
2022,1,31,11,m,.211,.211,.0249,.0249,-.141,-.141,-.0697,-.0697,.233,.233,.114,.114,.354,.354,.0614,.0614,-.116,-.116,.386,.386,-.115,-.115,.139,.139,-.0181,-.0181,.524,.524,-.314,-.314,-.0884,-.0884,.244,.244,.187,.187,0
2022,1,31,12,m,.0585,.0585,-.119,-.119,-.352,-.352,-.0699,-.0699,.132,.132,.0806,.0806,.187,.187,.0617,.0617,-.113,-.113,.295,.295,-.28,-.28,.0728,.0728,-.0752,-.0752,.279,.279,-.476,-.476,-.239,-.239,.153,.153,.122,.122,0
2022,1,31,13,m,.3,.3,.245,.245,.981,.981,.195,.195,.418,.418,.164,.164,.499,.499,.283,.283,.052,.052,.0879,.0879,.141,.141,.279,.279,.063,.063,.341,.341,-.303,-.303,.188,.188,.255,.255,.265,.265,0
2022,1,31,14,m,.25,.25,.179,.179,.493,.493,.279,.279,.347,.347,.226,.226,.429,.429,.269,.269,.105,.105,.711,.711,.255,.255,.314,.314,.419,.419,.754,.754,-.23,-.23,.118,.118,.408,.408,.343,.343,0
2022,1,31,15,m,.606,.606,1.3,1.3,1.68,1.68,.202,.202,.46,.46,.196,.196,.381,.381,-.143,-.143,.975,.975,.0971,.0971,.731,.731,.0955,.0955,.193,.193,.656,.656,1.95,1.95,1.21,1.21,.383,.383,.0987,.0987,0
2022,1,31,16,m,.105,.105,.0133,.0133,-.213,-.213,.0409,.0409,.214,.214,.0818,.0818,.317,.317,.2,.2,-.0266,-.0266,.524,.524,-.103,-.103,.212,.212,.0406,.0406,.293,.293,-.314,-.314,-.0887,-.0887,.206,.206,.204,.204,0
2022,1,31,17,m,.0597,.0597,-.0716,-.0716,-.114,-.114,-.0336,-.0336,.116,.116,.0172,.0172,.167,.167,.102,.102,-.106,-.106,.217,.217,-.153,-.153,.0715,.0715,-.0502,-.0502,.0476,.0476,-.282,-.282,-.127,-.127,.11,.11,.107,.107,0
2022,1,31,19,m,.252,.252,.188,.188,.0151,.0151,.172,.172,.376,.376,.171,.171,.438,.438,.049,.049,.0659,.0659,.337,.337,.184,.184,.172,.172,.271,.271,.348,.348,-.198,-.198,.104,.104,.307,.307,.172,.172,0
2022,1,31,20,m,.279,.279,.132,.132,.146,.146,.3,.3,.34,.34,.431,.431,.378,.378,.212,.212,.209,.209,1.16,1.16,.325,.325,.314,.314,.282,.282,.461,.461,-.156,-.156,.139,.139,.477,.477,.352,.352,0
2022,1,31,21,m,-.0895,-.0895,-.24,-.24,-.412,-.412,-.141,-.141,.00101,.00101,.014,.014,.106,.106,.0563,.0563,.0134,.0134,.286,.286,-.239,-.239,.023,.023,-.132,-.132,.0398,.0398,-.507,-.507,-.296,-.296,.0279,.0279,.0372,.0372,0
2022,1,31,22,m,.0781,.0781,-.0266,-.0266,.0141,.0141,-.0406,-.0406,.269,.269,.0352,.0352,.397,.397,-.00926,-.00926,-.0139,-.0139,.147,.147,-.106,-.106,.0339,.0339,-.114,-.114,.291,.291,-.299,-.299,-.0858,-.0858,.221,.221,.142,.142,0
2022,1,31,23,m,.151,.151,-.0184,-.0184,-.31,-.31,.119,.119,.292,.292,.347,.347,.388,.388,.246,.246,.11,.11,.768,.768,.0932,.0932,.243,.243,.221,.221,.583,.583,-.268,-.268,-.0637,-.0637,.383,.383,.33,.33,0
2022,1,31,24,m,.103,.103,.00339,.00339,-.244,-.244,.00408,.00408,.284,.284,.138,.138,.465,.465,.12,.12,.000445,.000445,.336,.336,-.144,-.144,.0999,.0999,.0132,.0132,.287,.287,-.402,-.402,-.125,-.125,.248,.248,.196,.196,0
2022,1,31,25,m,.305,.305,.0429,.0429,-.056,-.056,.203,.203,.391,.391,.405,.405,.502,.502,.375,.375,.132,.132,.504,.504,.448,.448,.313,.313,.271,.271,.962,.962,-.375,-.375,-.014,-.014,.518,.518,.452,.452,0
2022,1,31,26,m,.4,.4,.203,.203,.335,.335,.282,.282,.522,.522,.341,.341,.575,.575,.0242,.0242,.102,.102,.677,.677,.143,.143,.222,.222,.538,.538,.235,.235,.0284,.0284,.17,.17,.488,.488,.248,.248,0
2022,1,31,27,m,.0596,.0596,.152,.152,.397,.397,.592,.592,.505,.505,.465,.465,.882,.882,.243,.243,.209,.209,1.71,1.71,.206,.206,.476,.476,1.5,1.5,.81,.81,.041,.041,.172,.172,.681,.681,.501,.501,0
2022,1,31,28,m,.158,.158,-.0202,-.0202,-.0292,-.0292,-.00972,-.00972,.192,.192,.113,.113,.224,.224,.0989,.0989,-.0306,-.0306,.206,.206,-.118,-.118,.0997,.0997,-.0547,-.0547,.386,.386,-.335,-.335,-.0978,-.0978,.185,.185,.15,.15,0
2022,1,31,29,m,.0565,.0565,-.232,-.232,-.228,-.228,-.0498,-.0498,.158,.158,.127,.127,.271,.271,.183,.183,.101,.101,.115,.115,-.0353,-.0353,.138,.138,.0314,.0314,.184,.184,-.461,-.461,-.238,-.238,.189,.189,.186,.186,0
2022,1,31,30,m,.343,.343,-.0201,-.0201,-.0913,-.0913,-.0341,-.0341,.252,.252,.0882,.0882,.162,.162,.0268,.0268,.166,.166,.102,.102,-.087,-.087,.0956,.0956,-.0763,-.0763,.384,.384,-.521,-.521,-.152,-.152,.171,.171,.112,.112,0
2022,1,31,31,m,.29,.29,.0926,.0926,-.0408,-.0408,.171,.171,.42,.42,.235,.235,.548,.548,.0977,.0977,-.0264,-.0264,.516,.516,-.0199,-.0199,.213,.213,.178,.178,.445,.445,-.278,-.278,.00427,.00427,.402,.402,.236,.236,0
2022,1,31,32,m,.119,.119,-.0148,-.0148,-.176,-.176,-.0381,-.0381,.136,.136,.0854,.0854,.143,.143,.0653,.0653,-.205,-.205,.283,.283,-.0811,-.0811,.103,.103,-.154,-.154,.0394,.0394,-.298,-.298,-.122,-.122,.152,.152,.122,.122,0
2022,1,31,33,m,.226,.226,.016,.016,.0123,.0123,-.0208,-.0208,.256,.256,.0066,.0066,.27,.27,.0171,.0171,-.0615,-.0615,-.099,-.099,-.175,-.175,.0884,.0884,-.0633,-.0633,.303,.303,-.346,-.346,-.0948,-.0948,.118,.118,.0794,.0794,0
2022,1,31,34,m,.162,.162,.0907,.0907,.012,.012,.104,.104,.291,.291,.125,.125,.359,.359,.0566,.0566,.101,.101,.348,.348,-.00437,-.00437,.17,.17,.136,.136,.32,.32,-.226,-.226,.0201,.0201,.253,.253,.191,.191,0
2022,1,31,35,m,.0594,.0594,-.059,-.059,-.282,-.282,-.0477,-.0477,.14,.14,.0567,.0567,.187,.187,.00801,.00801,-.0874,-.0874,.263,.263,-.17,-.17,.0631,.0631,-.0971,-.0971,.13,.13,-.384,-.384,-.168,-.168,.139,.139,.0966,.0966,0
2022,1,31,36,m,.294,.294,.0449,.0449,-.134,-.134,.0518,.0518,.298,.298,.12,.12,.301,.301,.145,.145,.0176,.0176,.379,.379,-.0328,-.0328,.186,.186,-.00185,-.00185,.226,.226,-.218,-.218,-.0308,-.0308,.287,.287,.233,.233,0
2022,1,31,37,m,.00582,.00582,.042,.042,-.178,-.178,.0825,.0825,.261,.261,.144,.144,.446,.446,.0649,.0649,.0609,.0609,.242,.242,.127,.127,.0819,.0819,.0684,.0684,.134,.134,-.26,-.26,-.0158,-.0158,.225,.225,.159,.159,0
2022,1,31,38,m,.6,.6,.0653,.0653,.0283,.0283,.094,.094,.568,.568,.0733,.0733,.542,.542,.036,.036,-.0981,-.0981,.155,.155,-.0423,-.0423,.253,.253,-.0323,-.0323,.832,.832,-.267,-.267,-.0584,-.0584,.445,.445,.281,.281,0
2022,1,31,39,m,.00981,.00981,-.0398,-.0398,-.188,-.188,-.0075,-.0075,.112,.112,.0485,.0485,.189,.189,.115,.115,-.0522,-.0522,.235,.235,-.146,-.146,.0924,.0924,.0115,.0115,.165,.165,-.342,-.342,-.126,-.126,.131,.131,.124,.124,0
2022,1,31,40,m,.248,.248,.209,.209,.018,.018,.174,.174,.388,.388,.243,.243,.498,.498,.0996,.0996,.209,.209,.557,.557,.189,.189,.164,.164,.219,.219,.176,.176,-.177,-.177,.132,.132,.373,.373,.24,.24,0
2022,1,31,41,m,.0691,.0691,-.113,-.113,-.271,-.271,-.0722,-.0722,.119,.119,.0286,.0286,.153,.153,.000569,.000569,-.00679,-.00679,.125,.125,-.188,-.188,.0576,.0576,-.0954,-.0954,.217,.217,-.434,-.434,-.197,-.197,.114,.114,.072,.072,0
2022,1,31,42,m,-.0159,-.0159,-.178,-.178,-.401,-.401,-.0176,-.0176,.104,.104,-.0315,-.0315,.208,.208,.188,.188,-.0167,-.0167,-.491,-.491,-.172,-.172,.105,.105,.00223,.00223,.406,.406,-.518,-.518,-.256,-.256,.00986,.00986,.0736,.0736,0
2022,1,31,43,m,.253,.253,.0524,.0524,-.0224,-.0224,.0752,.0752,.292,.292,.113,.113,.315,.315,.0632,.0632,-.0501,-.0501,.316,.316,.0192,.0192,.142,.142,.163,.163,.191,.191,-.319,-.319,-.0467,-.0467,.253,.253,.171,.171,0
2022,1,31,44,m,.158,.158,.0376,.0376,.141,.141,.214,.214,.439,.439,.42,.42,.859,.859,.154,.154,.318,.318,.879,.879,.264,.264,.279,.279,.372,.372,.875,.875,-.173,-.173,.0863,.0863,.594,.594,.389,.389,0
2022,1,31,45,m,.104,.104,.072,.072,.226,.226,.168,.168,.387,.387,.265,.265,.557,.557,.0891,.0891,.226,.226,.265,.265,.136,.136,.211,.211,.0937,.0937,.499,.499,-.411,-.411,.034,.034,.311,.311,.214,.214,0
2022,1,31,46,m,.19,.19,.0742,.0742,.0772,.0772,.156,.156,.343,.343,.21,.21,.439,.439,.316,.316,.274,.274,.162,.162,-.0651,-.0651,.114,.114,.171,.171,-.0262,-.0262,-.257,-.257,.0153,.0153,.272,.272,.289,.289,0
2022,1,31,47,m,.291,.291,-.00256,-.00256,-.0259,-.0259,-.0173,-.0173,.257,.257,.0245,.0245,.239,.239,-.0553,-.0553,-.044,-.044,.104,.104,-.0527,-.0527,.0865,.0865,-.0961,-.0961,.236,.236,-.311,-.311,-.0697,-.0697,.183,.183,.0982,.0982,0
2022,1,31,48,m,1.27,1.27,.015,.015,-.208,-.208,.246,.246,.787,.787,.3,.3,.641,.641,.184,.184,.0265,.0265,.558,.558,.102,.102,.346,.346,.308,.308,1.36,1.36,-.394,-.394,-.0793,-.0793,.726,.726,.482,.482,0
2022,1,31,49,m,.209,.209,.0243,.0243,-.0358,-.0358,.055,.055,.301,.301,.0861,.0861,.354,.354,.0712,.0712,.00461,.00461,.0887,.0887,-.0875,-.0875,.148,.148,.0927,.0927,.22,.22,-.263,-.263,-.0615,-.0615,.187,.187,.147,.147,0
2022,1,31,50,m,.113,.113,.0155,.0155,-.0299,-.0299,.0115,.0115,.183,.183,.0783,.0783,.224,.224,.0418,.0418,.0585,.0585,.302,.302,-.143,-.143,.155,.155,-.0367,-.0367,.141,.141,-.417,-.417,-.116,-.116,.151,.151,.113,.113,0
2022,1,31,51,m,.103,.103,-.0653,-.0653,-.0782,-.0782,-.02,-.02,.19,.19,-.0432,-.0432,.252,.252,.116,.116,-.104,-.104,.348,.348,-.0588,-.0588,.0814,.0814,-.013,-.013,.373,.373,-.359,-.359,-.12,-.12,.118,.118,.117,.117,0
2022,1,31,52,m,.21,.21,-.0585,-.0585,-.0446,-.0446,.0154,.0154,.296,.296,.079,.079,.339,.339,.0404,.0404,-.0243,-.0243,.215,.215,-.0529,-.0529,.107,.107,.00741,.00741,.186,.186,-.231,-.231,-.0795,-.0795,.219,.219,.147,.147,0
2022,1,31,53,m,-.194,-.194,.0489,.0489,-.211,-.211,.0909,.0909,.165,.165,-.00518,-.00518,.395,.395,.0428,.0428,-.101,-.101,-.278,-.278,.116,.116,.102,.102,.249,.249,-.0769,-.0769,-.271,-.271,-.0224,-.0224,.0237,.0237,.033,.033,0
2022,2,28,1,m,-.0112,-.0428,-.146,-.163,-.206,-.243,-.124,-.164,.0359,.00124,-.0629,-.0926,.0741,.0369,-.0878,-.115,-.0326,-.0984,.0727,.0654,-.126,-.218,-.0405,-.0683,-.173,-.235,.0896,.126,-.359,-.36,-.179,-.21,.0218,-.00799,-.0126,-.0417,0
2022,2,28,2,m,.255,.218,.112,.149,.0622,.0355,.23,.165,.296,.242,.302,.196,.349,.272,.247,.139,.428,.278,.423,.318,.297,.229,.275,.198,.25,.142,.888,.707,-.0621,-.101,.108,.0909,.357,.268,.311,.214,0
2022,2,28,3,m,.372,.24,.178,.101,.213,.0353,.262,.157,.457,.299,.294,.217,.528,.346,.245,.0909,.458,.286,.587,.386,.122,.0895,.301,.176,.244,.122,.744,.773,-.0477,-.123,.154,.0661,.488,.363,.382,.24,0
2022,2,28,4,m,.138,.0941,.113,.0466,.0755,-.0756,.0855,-.0288,.236,.167,.0871,.0241,.32,.227,.0607,-.0243,.0354,-.0836,.189,.192,.104,-.0525,.149,.0718,.0671,-.146,.212,.214,-.138,-.181,.0499,-.0428,.186,.126,.135,.0647,0
2022,2,28,5,m,.22,.191,.108,.0655,.0731,.0299,.0959,-.000675,.26,.176,.132,.0548,.282,.169,.0525,-.0174,.0448,-.0645,.283,.188,.118,-.0574,.16,.0717,.0666,-.0679,.374,.38,-.158,-.182,.0509,-.0226,.251,.167,.179,.101,0
2022,2,28,6,m,.144,.043,-.0326,-.102,-.137,-.199,-.0608,-.139,.0975,.00416,-.0167,-.0798,.0709,-.0178,-.0331,-.0981,-.0524,-.143,.121,.0551,-.102,-.223,.021,-.053,-.111,-.203,.105,.11,-.285,-.334,-.106,-.181,.0763,-.00376,.0424,-.0329,0
2022,2,28,7,m,.0672,.00341,.00344,-.0347,-.0834,-.18,.0418,-.0716,.185,.0812,.113,.00776,.291,.148,.0753,-.024,-.0985,-.196,.396,.328,.115,-.0526,.138,.0434,.0127,-.179,.193,.268,-.173,-.193,-.0379,-.105,.183,.0924,.143,.0481,0
2022,2,28,8,m,.124,.074,.0356,-.0143,-.236,-.0627,-.0466,-.121,.172,.0807,.0398,-.0179,.203,.0847,-.0285,-.0885,-.0328,-.132,.264,.233,-.0693,-.156,.0775,-.00251,-.156,-.269,.253,.281,-.235,-.304,-.0789,-.119,.136,.0749,.0832,.0224,0
2022,2,28,9,m,.0821,-.00922,-.0422,-.0899,-.0596,-.102,.0381,-.0712,.181,.0349,.116,.0241,.257,.0672,-.00889,.0114,.248,-.045,.5,.378,-.0343,-.17,.0862,.00709,.0632,-.103,.13,.0863,-.21,-.307,-.0475,-.144,.193,.0713,.117,.0502,0
2022,2,28,10,m,.164,.0684,.0779,.032,-.0359,-.0764,.083,-.0277,.274,.174,.0836,-.00203,.349,.247,.0812,-.00803,-.0701,-.167,.163,.134,.0664,-.0743,.177,.094,.075,-.118,.26,.255,-.163,-.181,-.00334,-.0693,.249,.15,.18,.0856,0
2022,2,28,11,m,-.0359,-.0436,.103,.0617,-.0618,-.088,-.0422,-.0987,.0289,.00462,.0678,.0237,.423,.271,.105,-.0218,.0356,-.102,.293,.195,-.0113,-.115,.0779,.0135,.0438,-.149,.455,.577,-.152,-.177,.0187,-.0458,.08,.05,.0884,.0276,0
2022,2,28,12,m,.106,-.0343,-.0279,-.085,-.253,-.244,.00429,-.109,.2,.0288,.0892,-.0094,.271,.0752,.0648,-.0471,.131,-.0896,.41,.265,-.112,-.261,.111,-.0152,-.0214,-.156,.249,.163,-.301,-.349,-.103,-.182,.203,.0552,.156,.0208,0
2022,2,28,13,m,.251,.301,.259,.261,1.17,1.21,.197,.139,.36,.35,.138,.0793,.446,.384,.24,.165,.104,.0123,.0705,-.0243,.113,.0711,.246,.195,.0617,-.0212,-.047,.218,-.26,-.18,.217,.213,.212,.192,.222,.183,0
2022,2,28,14,m,.169,.309,.286,.317,.407,.579,.323,.304,.302,.384,.291,.234,.429,.447,.238,.157,.292,.223,.906,.818,.451,.351,.308,.278,.411,.421,.841,1.02,-.0668,-.0899,.25,.243,.415,.467,.339,.323,0
2022,2,28,15,m,.563,.46,1.22,1.2,1.78,1.87,.201,.124,.468,.357,.168,.0715,.418,.301,-.166,-.225,1.13,.814,.0749,-.0579,.959,.708,.0961,.0274,.205,.0834,.14,.257,2.45,2.34,1.32,1.18,.332,.248,.0641,-.00785,0
2022,2,28,16,m,.218,.101,.0624,-.0178,-.12,-.185,.105,.00755,.318,.167,.0596,.00365,.417,.229,.236,.118,.0371,-.0656,.421,.429,.123,-.0527,.263,.15,.12,-.0268,.134,.19,-.125,-.145,.0144,-.0689,.232,.134,.234,.128,0
2022,2,28,17,m,.163,.0714,.0727,.0113,.0446,-.00932,.0873,-.0178,.203,.101,.131,.045,.239,.127,.111,.0021,.0378,-.0513,.417,.324,.0571,-.0955,.142,.052,.0748,-.0942,.0671,.0595,-.0648,-.131,.0399,-.0408,.202,.122,.169,.0767,0
2022,2,28,19,m,.174,.312,.211,.188,.0636,.142,.231,.175,.358,.407,.183,.179,.47,.455,.0743,-.00656,.163,.0701,.371,.39,.349,.261,.208,.157,.359,.267,.319,.465,-.0449,-.085,.181,.141,.297,.341,.187,.159,0
2022,2,28,20,m,.218,.205,.193,.18,.205,.186,.317,.268,.409,.311,.333,.358,.546,.377,.208,.12,.459,.286,1.12,1,.404,.398,.328,.26,.329,.271,.572,.711,.177,.075,.267,.219,.435,.433,.33,.285,0
2022,2,28,21,m,-.0914,-.151,-.144,-.187,-.444,-.307,-.0841,-.148,.0313,-.0763,.0561,-.0532,.181,.0102,.0787,-.0126,.13,.00957,.389,.184,-.0518,-.166,.0454,-.0477,-.0828,-.154,.128,.0273,-.369,-.388,-.204,-.225,.0689,-.057,.0721,-.0424,0
2022,2,28,22,m,.0322,.0121,.0669,-.0383,.163,.155,.024,-.102,.321,.188,.0668,-.0323,.534,.305,.0229,-.0729,.0318,-.0671,.14,.159,.07,-.106,.0915,-.00494,-.034,-.242,.245,.0968,-.206,-.221,.017,-.0701,.251,.145,.173,.0704,0
2022,2,28,23,m,.124,.0822,.0807,.0272,-.0742,-.221,.129,.076,.293,.161,.363,.221,.423,.214,.184,-.0069,.186,.0732,.674,.584,.139,.0593,.249,.0852,.238,.116,.115,.481,-.156,-.184,.0375,-.0282,.359,.246,.295,.147,0
2022,2,28,24,m,.246,.103,.0857,.0455,-.121,-.0887,.134,.0201,.465,.273,.191,.0808,.693,.442,.161,.0837,.302,.117,.626,.375,-.00454,-.0936,.22,.0875,.127,-.00383,.373,.294,-.11,-.183,.0388,-.0258,.386,.223,.293,.166,0
2022,2,28,25,m,.295,.211,.137,.0846,-.00107,-.0518,.22,.136,.396,.236,.142,.207,.527,.268,.387,.167,.279,.2,.471,.543,.375,.206,.361,.19,.283,.142,.532,.417,-.263,-.252,.0586,.0135,.301,.322,.334,.251,0
2022,2,28,26,m,.46,.399,.157,.141,.402,.39,.28,.21,.516,.446,.254,.203,.541,.467,.0627,-.0135,.177,.023,.506,.422,.297,.146,.218,.16,.555,.46,-.0643,.133,.266,.168,.209,.143,.382,.367,.222,.17,0
2022,2,28,27,m,.122,.0506,.21,.188,-.0426,.343,.696,.571,.606,.466,.52,.376,1.03,.817,.273,.138,.343,.0931,2.47,1.74,.5,.42,.66,.538,1.68,1.35,.818,.781,.286,.117,.281,.215,.843,.639,.608,.433,0
2022,2,28,28,m,.14,.0873,.0448,.00638,.171,.092,.0772,.00088,.23,.132,.131,.0319,.322,.173,.165,.0551,.0468,-.0231,.391,.19,.00736,-.115,.152,.0533,.0847,.0211,.344,.335,-.124,-.205,.021,-.0483,.212,.116,.193,.091,0
2022,2,28,29,m,.166,-.000521,-.108,-.145,-.131,-.143,.0385,-.06,.246,.0721,.272,.16,.335,.153,.244,.0664,.299,.0987,.457,.155,.0797,-.071,.2,.0477,.083,-.054,.447,.353,-.387,-.392,-.133,-.178,.317,.157,.287,.12,0
2022,2,28,30,m,.265,.112,-.0815,-.0272,.0303,.0321,-.00338,-.0741,.311,.134,.175,.0285,.358,.155,.0714,-.0895,.198,-.0245,.0893,.0626,.144,-.0155,.101,-.00208,.0151,-.132,.665,.367,-.441,-.414,-.124,-.125,.271,.0961,.19,.0205,0
2022,2,28,31,m,.397,.247,.135,.0888,.0333,.0384,.238,.117,.503,.31,.243,.129,.612,.374,.182,.0226,.199,.0708,.734,.217,.201,.00589,.281,.146,.278,.127,.177,.255,-.127,-.214,.113,.0315,.429,.247,.295,.125,0
2022,2,28,32,m,.152,.0679,.0156,.0247,-.0849,-.0875,.0156,-.05,.205,.0981,.0668,.0359,.228,.11,.197,-.0141,-.0529,-.185,.229,.202,.171,-.0471,.194,.0626,-.155,-.189,.116,.23,-.235,-.194,-.0252,-.0717,.181,.123,.193,.0767,0
2022,2,28,33,m,.327,.255,.128,.0756,.021,.0332,.103,.0151,.386,.255,.0688,.0319,.418,.255,.0934,.024,.149,.0174,-.00667,-.0427,.115,-.0786,.195,.111,.0917,-.0478,.0945,.395,-.166,-.211,.0684,-.0158,.195,.148,.157,.101,0
2022,2,28,34,m,.249,.114,.127,.0516,.044,.0791,.185,.055,.404,.225,.195,.0875,.49,.284,.0948,.0082,.291,.155,.445,.442,.119,-.0867,.261,.132,.236,.0295,.275,.254,-.159,-.252,.0966,-.0019,.335,.21,.258,.146,0
2022,2,28,35,m,.092,.00988,.0222,-.0484,-.212,-.235,.026,-.072,.185,.0864,.12,.034,.24,.13,.0294,-.06,-.0678,-.102,.422,.363,.0346,-.166,.129,.0289,-.0288,-.155,.213,.142,-.224,-.264,-.0644,-.137,.207,.112,.15,.0561,0
2022,2,28,36,m,.185,.114,.121,.0641,.127,.0341,.116,.0137,.286,.15,.182,.0827,.383,.181,.0975,.0205,.125,-.0029,.449,.376,.0898,-.00813,.182,.0901,.0558,-.076,.509,.42,-.108,-.134,.079,.00705,.295,.182,.22,.121,0
2022,2,28,37,m,.0449,-.0524,.156,.087,-.153,-.126,.0739,.0499,.339,.232,.19,.166,.548,.438,.135,.0171,.231,-.00879,.607,.456,.049,.0962,.0933,.0399,-.00741,-.0364,-.0618,.0689,-.293,-.193,.0329,.00468,.306,.263,.24,.162,0
2022,2,28,38,m,.715,.617,.168,.076,.145,.00131,.235,.106,.72,.592,.178,.0799,.724,.572,.165,.0472,.0246,-.0718,.214,.15,.196,-.00543,.394,.279,.147,-.011,1.22,.816,-.0979,-.165,.0828,-.0223,.604,.459,.429,.294,0
2022,2,28,39,m,.126,.0784,.159,.0866,.0542,-.015,.148,.0297,.255,.157,.201,.0987,.358,.217,.142,.0279,.182,.0309,.501,.316,.0971,-.0933,.199,.0971,.155,-.00489,.332,.326,-.157,-.179,.0855,-.00987,.29,.191,.231,.125,0
2022,2,28,40,m,.34,.259,.243,.212,.182,.0826,.24,.127,.48,.339,.209,.112,.595,.402,.103,.000135,.26,.163,.481,.357,.385,.192,.217,.0966,.337,.165,.237,.196,.0955,-.056,.244,.152,.394,.273,.253,.14,0
2022,2,28,41,m,.17,-.00863,.00243,-.102,-.168,-.209,.0143,-.1,.196,.0369,.0937,-.03,.212,.0685,.00446,-.0834,.0697,-.05,.321,.187,-.0279,-.181,.0986,-.00672,-.00562,-.145,.0544,.0519,-.248,-.309,-.0684,-.163,.213,.0416,.134,-.00474,0
2022,2,28,42,m,.0558,-.065,-.0384,-.108,-.332,-.322,.104,-.0215,.196,.0396,.0355,-.097,.324,.131,.303,.132,.171,-.0273,-.414,-.52,-.0297,-.119,.218,.0685,.121,-.0295,.417,.337,-.372,-.435,-.123,-.194,.116,-.0447,.183,.0185,0
2022,2,28,43,m,.245,.243,.127,.101,-.00107,.0264,.161,.0674,.353,.268,.215,.0871,.43,.282,.0692,-.0225,.116,.0117,.468,.27,.236,.101,.197,.116,.247,.0853,.363,.322,-.113,-.185,.0858,.0254,.339,.236,.223,.124,0
2022,2,28,44,m,.186,.118,.0935,.0284,.00771,-.0996,.254,.186,.488,.361,.495,.368,.966,.725,.183,.136,.534,.483,.79,.793,.532,.364,.265,.239,.323,.232,1.45,.926,.000511,.0087,.186,.116,.676,.54,.442,.352,0
2022,2,28,45,m,.104,.129,.0258,.0868,-.0107,.173,.222,.183,.382,.377,.307,.236,.553,.526,.142,.0558,.541,.396,.448,.234,.378,.192,.273,.205,.159,.123,.304,.435,-.302,-.176,.0808,.111,.367,.331,.273,.211,0
2022,2,28,46,m,.221,.101,.163,.153,.0929,.29,.283,.147,.395,.26,.452,.221,.503,.359,.406,.22,.571,.341,.792,.304,.102,-.0611,.255,.079,.224,.0722,.645,.404,.0184,-.107,.177,.102,.495,.267,.46,.249,0
2022,2,28,47,m,.36,.23,.0765,.00814,.0514,-.0241,.0642,-.0342,.401,.237,.0511,-.00664,.423,.241,-.0648,-.135,-.0344,-.0872,.166,.203,.0362,-.154,.161,.0653,-.0177,-.155,.192,.133,-.219,-.263,.00348,-.0817,.248,.166,.137,.0592,0
2022,2,28,48,m,1.26,1.21,.0462,.0195,-.185,-.229,.272,.199,.865,.74,.361,.285,.738,.597,.174,.114,.0502,.0297,.511,.516,.236,.0843,.38,.304,.407,.312,1.41,1.68,-.195,-.274,.000662,-.0565,.796,.7,.515,.436,0
2022,2,28,49,m,.193,.186,.11,.0702,-.175,.152,.148,.0576,.357,.274,.214,.141,.458,.325,.0956,.0121,.123,.0587,.0843,.118,-.00437,-.0806,.24,.135,.184,.00187,.315,.2,-.134,-.205,.0135,-.00511,.316,.249,.241,.167,0
2022,2,28,50,m,.183,.162,.0846,.0265,-.00274,-.0194,.214,.0973,.364,.255,.283,.196,.48,.308,.156,.0744,.31,.133,.515,.535,.0318,-.133,.321,.204,.07,-.0813,.502,.397,-.41,-.41,-.0358,-.0989,.382,.276,.304,.206,0
2022,2,28,51,m,.185,.132,.197,.0996,.122,-.0382,.171,.0307,.36,.235,.154,.0214,.495,.308,.133,.00723,.0579,-.0489,.658,.463,.273,.0201,.22,.0896,.112,-.0144,-.0422,.176,.0272,-.108,.153,.0154,.307,.187,.238,.115,0
2022,2,28,52,m,.196,.13,.0496,.0192,.0625,-.00676,.0884,.018,.302,.195,.0487,.0402,.357,.227,.112,.0278,.0414,-.0263,.0176,.0635,.164,.00623,.163,.0715,.0953,.0116,.431,.3,-.0423,-.169,.0563,-.0246,.182,.149,.156,.1,0
2022,2,28,53,m,-.171,-.229,.0181,.0229,-.251,-.171,.129,.0687,.165,.0981,.0109,-.0364,.375,.308,.07,-.00186,-.101,-.154,-.227,-.338,.233,.0967,.124,.0592,.38,.257,.0155,.0892,-.159,-.155,-.0153,-.031,.0393,-.00475,.054,-.00335,0
2022,3,31,1,m,-.0349,.043,-.146,-.0727,-.169,-.115,-.0862,-.0745,.0468,.0925,-.0359,-.0295,.119,.133,-.104,-.094,.0525,-.0021,.026,.19,-.076,-.141,-.022,.0114,-.119,-.146,.199,.151,-.216,-.141,-.132,-.0922,.0466,.0692,-.000406,.0179,0
2022,3,31,2,m,.114,.308,.0942,.238,.233,.192,.243,.266,.224,.365,.269,.28,.378,.434,.228,.169,.715,.556,.425,.569,.273,.227,.263,.286,.262,.231,.55,.613,.0203,.0741,.152,.215,.276,.371,.258,.286,0
2022,3,31,3,m,.154,.339,.142,.262,.184,.225,.292,.292,.347,.456,.341,.384,.528,.548,.187,.0907,.585,.523,.633,.793,.157,.197,.271,.271,.269,.241,.835,.987,.105,.0621,.188,.235,.456,.556,.346,.346,0
2022,3,31,4,m,.0507,.146,.0942,.184,.104,.156,.109,.0641,.227,.268,.131,.132,.388,.368,.0418,-.00822,.115,-.0184,.278,.554,.117,.048,.155,.167,.129,-.0739,.346,.278,-.0831,-.0291,.0687,.0863,.222,.24,.15,.139,0
2022,3,31,5,m,.125,.275,.0851,.186,.0641,.207,.113,.0996,.232,.269,.116,.117,.296,.267,.0633,.0224,.138,-.00106,.121,.307,.145,.0493,.178,.174,.0962,.0357,.465,.408,-.0597,.0517,.0759,.108,.225,.236,.168,.159,0
2022,3,31,6,m,.0671,.125,-.0656,-.0189,-.0934,-.0856,-.0241,-.0461,.0842,.101,.00114,.00576,.0973,.0864,-.0459,-.0861,.0203,-.0724,.0792,.256,-.0551,-.159,.0345,.0276,-.024,-.099,.137,.112,-.155,-.107,-.0739,-.0716,.0772,.0914,.0409,.0367,0
2022,3,31,7,m,.000607,.126,-.0285,.112,.0019,.0499,.0614,.0373,.151,.208,.127,.132,.296,.278,-.000302,-.0239,.057,-.0328,.343,.674,.133,.0481,.129,.164,.0478,-.109,.129,.256,-.119,-.0412,-.00888,.045,.164,.227,.105,.131,0
2022,3,31,8,m,-.00344,.0944,.0277,.0724,-.0254,.0944,-.0148,-.0325,.138,.153,-.0000639,.0393,.236,.189,-.0214,-.0495,.0238,-.0788,.0683,.321,.0197,-.098,.0959,.0985,-.109,-.178,.289,.248,-.173,-.151,-.0201,-.0205,.108,.14,.0679,.079,0
2022,3,31,9,m,-.00826,.0871,-.101,-.0391,-.0721,-.0672,.0249,.009,.108,.126,.0917,.11,.202,.154,.0425,.0215,.225,.0977,.427,.563,-.0418,-.103,.0752,.0668,.086,-.00217,.105,.101,-.13,-.11,-.0611,-.0512,.139,.159,.106,.11,0
2022,3,31,10,m,.0706,.172,.0636,.178,.127,.145,.113,.092,.274,.336,.0778,.129,.426,.449,.0255,-.0289,.138,.0368,.115,.57,.00936,-.0235,.187,.211,.132,-.0262,.0636,.207,-.0442,.0258,.0541,.088,.214,.298,.141,.165,0
2022,3,31,11,m,-.172,-.0991,.0787,.214,-.0488,.159,-.0183,.0218,-.0788,-.0121,.155,.216,.482,.469,.121,.0258,.131,.0327,.487,.737,.0362,.0138,.0625,.0831,.119,-.042,.581,.569,-.0514,.117,.0448,.129,.0283,.104,.0558,.0798,0
2022,3,31,12,m,.0429,.0364,-.0426,-.0196,-.199,-.153,.0502,.00476,.167,.133,.0927,.0653,.261,.203,.0582,.0111,.224,.0477,.272,.386,-.0336,-.178,.13,.089,.0444,-.0269,.16,.0879,-.0872,-.0641,-.039,-.0572,.172,.124,.134,.0861,0
2022,3,31,13,m,.111,.483,.205,.404,1.09,1.54,.183,.259,.348,.583,.0958,.224,.566,.652,.26,.156,.226,.234,-.0606,.153,.179,.199,.26,.322,.016,.0447,.107,.5,-.185,-.0343,.231,.379,.174,.372,.201,.297,0
2022,3,31,14,m,.0313,.657,.24,.552,.623,1.05,.324,.537,.227,.746,.253,.394,.442,.821,.181,.222,.453,.465,.609,1.07,.424,.546,.284,.493,.446,.688,.596,1.14,.0939,.259,.295,.518,.306,.754,.261,.505,0
2022,3,31,15,m,.416,.685,1.14,1.49,1.7,2.31,.17,.234,.378,.531,.176,.221,.361,.449,-.201,-.208,1.22,1.1,.243,.255,1.04,.888,.062,.101,.189,.178,.347,.767,2.75,2.79,1.33,1.47,.349,.427,.0617,.0839,0
2022,3,31,16,m,.204,.307,.0354,.161,-.036,-.0368,.118,.111,.286,.317,.0927,.121,.377,.326,.123,.1,.0928,.00665,.524,1.04,.131,.0191,.225,.258,.188,.0559,.237,.302,-.129,-.0759,.0196,.0558,.252,.279,.201,.207,0
2022,3,31,17,m,.0903,.256,.0371,.115,.0975,.156,.0946,.0649,.21,.29,.0739,.0983,.339,.322,.106,.0253,.221,.0324,.227,.634,.0222,-.0431,.163,.162,.089,-.0319,.0898,.0732,.0108,.0153,.0608,.0627,.176,.243,.152,.161,0
2022,3,31,19,m,.035,.518,.12,.395,.0723,.54,.222,.367,.298,.665,.173,.375,.475,.739,.0496,.0954,.277,.276,.204,.68,.302,.41,.187,.342,.402,.473,.337,.661,.00675,.207,.156,.363,.254,.572,.157,.323,0
2022,3,31,20,m,.095,.422,.152,.367,.384,.655,.332,.432,.314,.497,.37,.509,.498,.543,.175,.164,.489,.3,.531,1.42,.419,.515,.312,.419,.371,.368,.763,.895,.147,.415,.253,.411,.398,.649,.299,.42,0
2022,3,31,21,m,-.0917,-.0364,-.177,-.0887,-.246,-.0961,-.0343,-.0306,.0242,.0258,.112,.0308,.168,.098,.0834,.0336,.148,.152,.451,.267,-.0442,-.107,.0572,.0427,-.00515,-.0444,.112,.0212,-.17,-.136,-.139,-.0783,.101,.0335,.0951,.0335,0
2022,3,31,22,m,-.0331,.122,.00693,.137,-.138,.295,.00368,.00678,.26,.337,.0289,.0836,.477,.48,.00234,-.0433,.262,.0982,-.0436,.323,.128,.0121,.0856,.13,-.0191,-.203,.276,.227,-.255,-.0579,-.0202,.0899,.197,.286,.137,.173,0
2022,3,31,23,m,.348,.517,.172,.224,.0654,-.0386,.381,.277,.402,.448,.323,.383,.448,.402,.214,.076,.577,.377,.684,.776,.275,.226,.323,.261,.35,.275,.129,.379,-.115,-.0171,.148,.166,.38,.447,.322,.302,0
2022,3,31,24,m,.166,.239,.0661,.19,-.11,.0568,.179,.143,.415,.425,.238,.211,.692,.61,.248,.172,.333,.163,.736,.89,.0959,.0669,.253,.202,.218,.112,.307,.449,-.00174,.029,.0692,.122,.372,.363,.322,.286,0
2022,3,31,25,m,.11,.27,.0682,.177,.218,.0978,.217,.255,.417,.457,.0503,.365,.886,.699,.317,.18,.595,.289,.162,.819,.409,.308,.319,.287,.348,.218,.521,.658,-.0931,-.0303,.11,.143,.196,.54,.236,.375,0
2022,3,31,26,m,.25,.498,.00821,.222,.0985,.488,.186,.295,.374,.548,.0976,.288,.44,.57,-.0127,.00603,.0781,.0951,.121,.522,.157,.226,.128,.222,.509,.564,-.0693,.213,.125,.25,.0564,.224,.233,.463,.116,.227,0
2022,3,31,27,m,.0677,.225,.253,.42,.0337,.532,.737,.788,.556,.693,.593,.639,1.01,1.09,.225,.212,.355,.26,2.13,2.31,.504,.586,.607,.698,1.74,1.6,.575,.957,.793,.517,.39,.45,.763,.903,.553,.619,0
2022,3,31,28,m,.156,.254,-.00157,.0978,.113,.243,.0891,.0706,.242,.263,.161,.127,.336,.272,.0941,.0354,-.0109,-.000209,.422,.462,.0611,.0165,.161,.136,.112,.021,.387,.357,.0645,.0115,.0313,.0703,.223,.235,.173,.154,0
2022,3,31,29,m,.0871,.123,-.0902,-.0357,.00107,-.0463,.0887,.0424,.232,.212,.262,.181,.418,.312,.203,.0552,.535,.217,.1,.353,.0711,.022,.193,.126,.169,.0899,.25,.257,-.176,-.156,-.0425,-.039,.294,.251,.258,.17,0
2022,3,31,30,m,.148,.18,-.0495,.0953,.0918,.111,.0357,.0353,.244,.216,.195,.139,.351,.251,-.0325,-.0549,.33,.159,.193,.68,.151,.079,.106,.0953,.0454,-.0542,.466,.364,-.331,-.247,-.0636,.00839,.242,.215,.13,.105,0
2022,3,31,31,m,.136,.355,.0787,.295,.19,.255,.243,.267,.33,.474,.229,.255,.553,.593,.104,.0273,.23,.174,.55,.51,.0958,.0919,.231,.256,.316,.242,.159,.578,.00188,-.0293,.101,.202,.337,.443,.219,.216,0
2022,3,31,32,m,.0717,.173,-.0201,.147,.06,.0891,.0344,.0199,.189,.18,.0964,.119,.249,.183,.169,-.0255,-.058,-.167,.148,.396,.173,-.0227,.203,.136,-.109,-.14,.123,.283,-.0601,.0566,.00477,.0396,.168,.19,.177,.117,0
2022,3,31,33,m,.167,.359,.0902,.249,.0242,.199,.0912,.137,.317,.371,-.0136,.113,.406,.376,.0488,.0713,.149,.113,-.201,.182,.0937,.0518,.165,.226,.0885,.0523,.24,.319,-.00551,.139,.0789,.165,.101,.231,.0838,.17,0
2022,3,31,34,m,.235,.223,.147,.162,.239,.304,.244,.188,.374,.346,.144,.187,.449,.412,.0394,.0292,.325,.11,.18,.584,.179,.0947,.297,.254,.39,.208,.292,.271,.124,.101,.18,.147,.276,.31,.202,.221,0
2022,3,31,35,m,.0697,.0949,.00607,.0393,-.138,-.135,.0466,.00734,.195,.177,.123,.108,.273,.224,.0214,-.0286,.0182,-.00834,.329,.572,.0267,-.115,.154,.12,.0236,-.0848,.158,.143,-.102,-.0898,-.0266,-.037,.212,.193,.152,.121,0
2022,3,31,36,m,.0932,.215,.0675,.176,.174,.105,.123,.0938,.242,.273,.187,.181,.396,.324,.145,.0508,.185,.0816,.505,.808,.0955,.0285,.19,.174,.0769,-.0189,.334,.29,-.00907,.0664,.0853,.111,.263,.295,.22,.202,0
2022,3,31,37,m,.0132,.0793,.126,.207,-.326,-.153,.097,.135,.254,.31,.232,.294,.433,.477,.106,-.0117,.305,.0663,.772,.835,.0604,.143,.102,.114,.093,.0506,-.0133,.123,-.225,-.0729,.0234,.0902,.303,.384,.234,.221,0
2022,3,31,38,m,.489,.625,.14,.187,.217,.211,.239,.205,.632,.703,.164,.125,.755,.765,.118,.0835,.195,.0703,.205,.234,.161,.0492,.383,.385,.166,.0947,.84,.712,-.051,.0247,.105,.113,.531,.53,.368,.351,0
2022,3,31,39,m,.0707,.23,.127,.22,.0812,.114,.19,.141,.246,.304,.255,.225,.399,.359,.113,.0519,.292,.155,.533,.754,.132,-.0272,.189,.198,.264,.102,.574,.385,-.0282,-.0416,.125,.11,.321,.336,.239,.222,0
2022,3,31,40,m,.115,.333,.0716,.335,.249,.242,.198,.262,.31,.455,.193,.298,.481,.551,.0694,.0434,.236,.28,.381,.754,.333,.362,.149,.201,.306,.291,.225,.421,.272,.175,.176,.301,.316,.465,.206,.26,0
2022,3,31,41,m,.0658,.0587,-.0238,-.00541,-.151,-.1,.0459,.000807,.153,.125,.107,.0529,.217,.171,-.0309,-.0598,.167,.104,.292,.305,.0458,-.0761,.104,.0743,.0556,-.0483,.273,.163,-.118,-.0754,-.0297,-.0274,.194,.124,.109,.0561,0
2022,3,31,42,m,-.0625,.0714,-.0707,.00408,-.181,-.172,.126,.0818,.134,.18,.0119,.0191,.34,.274,.273,.149,.232,.102,-.421,-.382,-.0128,-.000876,.18,.153,.187,.0565,.389,.56,-.289,-.358,-.0866,-.082,.0616,.085,.132,.108,0
2022,3,31,43,m,.185,.327,.045,.201,.0362,.184,.195,.169,.315,.377,.229,.208,.406,.406,.0522,.0221,.297,.094,.491,.555,.203,.124,.204,.219,.329,.181,.192,.33,.032,.0611,.0995,.144,.351,.364,.224,.216,0
2022,3,31,44,m,.14,.159,.0778,.168,-.0884,.344,.288,.331,.632,.599,.403,.382,1.42,1.26,.222,.229,.441,.38,.568,.874,.226,.261,.227,.377,.52,.561,.502,.758,.281,.304,.148,.24,.624,.621,.436,.439,0
2022,3,31,45,m,-.0612,.305,.12,.312,-.0527,.274,.265,.336,.21,.541,.153,.351,.39,.683,.122,.0766,1.02,.589,.282,.484,.243,.329,.28,.378,.336,.242,.0884,.467,-.141,.0552,.175,.308,.182,.442,.163,.282,0
2022,3,31,46,m,.346,.385,.252,.431,.275,.455,.434,.315,.559,.536,.399,.302,.715,.631,.517,.352,.51,.468,.559,.397,.208,.14,.437,.236,.454,.219,.303,.317,.242,.312,.28,.36,.507,.43,.512,.4,0
2022,3,31,47,m,.287,.326,.0339,.0822,.104,.118,.111,.0714,.379,.359,.0962,.0933,.43,.376,-.04,-.0785,.148,.0174,.128,.315,.169,-.0561,.177,.16,.0698,-.0495,.308,.367,-.0801,.0354,.0576,.0438,.267,.267,.16,.144,0
2022,3,31,48,m,1.25,1.47,-.0285,.139,-.315,-.159,.263,.308,.886,.913,.399,.415,.765,.742,.132,.144,.258,.123,.494,.654,.213,.201,.371,.412,.371,.399,1.23,1.92,-.255,-.208,-.054,.0447,.854,.878,.529,.547,0
2022,3,31,49,m,.127,.256,.0873,.18,.0437,.342,.175,.138,.352,.352,.144,.181,.502,.408,.0548,-.00204,.184,.0958,.225,.538,.0731,.0157,.258,.206,.222,.0673,.0659,.202,.127,.043,.103,.127,.27,.312,.199,.204,0
2022,3,31,50,m,.153,.274,.0618,.116,.0227,.0755,.257,.204,.356,.376,.292,.267,.49,.435,.206,.129,.39,.234,.578,.683,.087,-.0271,.348,.304,.0694,-.00806,.459,.532,-.385,-.353,-.0169,-.0127,.37,.361,.315,.281,0
2022,3,31,51,m,.0659,.198,.0948,.177,-.00394,.222,.177,.132,.246,.343,.172,.144,.382,.446,.204,.0997,.142,.0044,.69,1.14,.326,.0576,.225,.205,.237,.0929,-.0369,.221,.253,.0828,.155,.117,.254,.32,.234,.232,0
2022,3,31,52,m,.19,.297,-.0296,.144,.124,.26,.113,.131,.3,.315,.0634,.145,.363,.323,.0622,.0453,.114,.0814,-.0647,.146,.186,.127,.154,.176,.175,.109,.533,.524,.0509,.122,.0555,.137,.167,.248,.128,.167,0
2022,3,31,53,m,-.245,-.0678,.0219,.215,-.171,.0874,.144,.215,.138,.285,-.0483,.108,.428,.511,.0359,.00909,.0311,.01,-.34,-.0764,.228,.247,.112,.176,.431,.424,.0554,.214,.00377,.0585,.032,.157,-.0278,.157,-.000396,.0852,0
2022,4,30,1,m,-.0133,.0854,-.0899,-.019,-.174,-.111,-.103,-.0748,.049,.123,-.0277,-.0469,.103,.153,-.0833,-.0723,-.0644,-.0803,-.00612,.221,-.174,-.175,-.0304,.0278,-.175,-.156,.226,.205,-.201,-.155,-.129,-.0854,.043,.0852,.00393,.0357,0
2022,4,30,2,m,.141,.402,.239,.292,.209,.205,.258,.266,.249,.437,.285,.25,.405,.478,.275,.198,.574,.477,.442,.678,.257,.254,.268,.312,.226,.19,.581,.617,.0129,.0558,.203,.231,.314,.42,.3,.326,0
2022,4,30,3,m,.184,.41,.244,.271,.286,.197,.307,.286,.382,.516,.328,.366,.573,.6,.223,.123,.354,.306,.468,.897,.13,.178,.272,.289,.314,.283,.987,1,.156,.0289,.228,.203,.456,.593,.363,.381,0
2022,4,30,4,m,.128,.22,.185,.171,.0517,-.00871,.109,.0653,.294,.323,.156,.135,.445,.409,.102,.0494,.0173,-.0702,.295,.663,.0271,-.03,.185,.208,.0827,-.0654,.327,.312,-.105,-.0123,.0642,.0479,.259,.282,.197,.187,0
2022,4,30,5,m,.178,.312,.151,.186,.0849,.132,.0969,.106,.257,.306,.13,.0985,.303,.302,.0896,.0629,-.0134,-.0406,.147,.378,.0148,-.00644,.171,.2,.0447,.0635,.448,.326,.0163,.117,.0691,.0936,.251,.253,.194,.185,0
2022,4,30,6,m,.118,.193,.0139,.0341,-.0902,-.0331,-.0427,-.0461,.111,.135,-.00661,-.0337,.11,.102,-.0195,-.0657,-.0847,-.132,-.0315,.185,-.169,-.203,.0208,.0405,-.0908,-.093,.205,.141,-.157,-.165,-.0694,-.0699,.0914,.0984,.0587,.0478,0
2022,4,30,7,m,.0603,.216,.0745,.112,.0537,.0378,.0611,.0292,.198,.272,.13,.129,.331,.32,.0597,.018,-.0466,-.136,.321,.865,-.00281,-.04,.136,.191,.0184,-.122,.253,.408,-.134,-.0717,.000975,.00783,.196,.277,.149,.179,0
2022,4,30,8,m,.0137,.122,.0776,.132,-.155,-.0411,-.0204,-.0521,.131,.146,-.0192,-.0149,.214,.16,.119,-.0436,-.0925,-.162,.0338,.362,-.125,-.135,.149,.0902,-.142,-.199,.33,.26,-.144,-.132,-.0498,-.0291,.0855,.114,.0955,.0632,0
2022,4,30,9,m,.068,.167,-.0416,.00993,-.0306,-.0324,.0295,.0213,.157,.185,.0939,.0817,.227,.198,.0868,.0454,.0758,-.0175,.345,.737,-.112,-.127,.106,.0947,.0432,.0311,.189,.116,-.132,-.119,-.0564,-.0461,.16,.187,.135,.137,0
2022,4,30,10,m,.16,.237,.133,.171,.0261,.0724,.115,.0912,.334,.374,.135,.136,.462,.468,.0533,.0212,.00192,-.0843,.157,.785,-.0282,-.0405,.2,.246,.0771,-.0334,.288,.297,-.0422,.0000455,.0423,.0486,.293,.35,.199,.216,0
2022,4,30,11,m,-.138,-.0503,.159,.2,-.0999,-.0448,-.0449,-.0219,-.045,.0333,.0969,.135,.531,.495,.127,.0399,-.131,-.12,.424,.7,-.0334,-.0438,.053,.0901,.0287,-.0382,.3,.324,-.121,.0877,.00651,.0634,.0344,.105,.062,.0846,0
2022,4,30,12,m,.0957,.126,.0574,.0894,-.223,-.155,.0338,.0161,.206,.202,.0772,.027,.293,.258,.0888,.0208,.0983,-.0394,.118,.394,-.109,-.166,.129,.116,-.0125,-.0207,.237,.1,-.122,-.0931,-.0295,-.0274,.191,.162,.158,.114,0
2022,4,30,13,m,.114,.487,.282,.402,1.06,1.17,.193,.208,.332,.563,.138,.28,.533,.615,.278,.221,.142,.0884,-.0401,.487,.0969,.0881,.245,.325,.0136,-.0181,.338,.688,-.162,-.116,.24,.295,.181,.459,.211,.376,0
2022,4,30,14,m,.0875,.635,.366,.522,.626,.897,.333,.436,.272,.722,.268,.296,.467,.796,.33,.253,.212,.262,.41,1.33,.358,.389,.331,.476,.406,.491,.643,.99,.0394,.133,.301,.415,.339,.733,.342,.509,0
2022,4,30,15,m,.437,.738,1.38,1.54,1.82,2.08,.2,.25,.365,.602,.121,.276,.326,.528,-.146,-.19,1.32,1.05,-.0707,.546,.931,.857,.102,.143,.144,.159,.636,.728,3.27,3.15,1.49,1.5,.258,.572,.0724,.16,0
2022,4,30,16,m,.239,.295,.11,.133,-.168,-.149,.119,.111,.331,.351,.0972,.117,.424,.405,.209,.152,-.00486,-.0267,.476,1.06,.0198,-.0484,.26,.286,.16,.084,.184,.269,-.0748,.0211,.0167,.0329,.259,.3,.239,.241,0
2022,4,30,17,m,.0512,.303,.105,.168,-.0294,.182,.0597,.0738,.175,.322,.0602,.103,.314,.34,.136,.0543,-.00119,-.0727,.169,.879,-.0697,-.0516,.148,.189,.0313,-.00316,.04,.0268,-.042,-.0555,.0243,.0582,.148,.284,.145,.197,0
2022,4,30,19,m,.157,.406,.238,.332,.131,.278,.248,.292,.407,.589,.265,.296,.556,.68,.102,.0839,.166,.135,.327,.782,.284,.304,.233,.306,.341,.371,.455,.558,.0149,.113,.197,.26,.37,.51,.238,.288,0
2022,4,30,20,m,.234,.481,.248,.355,.512,.578,.342,.38,.506,.599,.386,.48,.73,.671,.244,.158,.375,.182,.311,1.66,.282,.4,.369,.424,.315,.299,.554,.754,.0897,.262,.267,.343,.515,.708,.396,.448,0
2022,4,30,21,m,-.0459,-.00764,-.0783,.0114,-.188,-.174,-.0442,-.0346,.0444,.0451,.0581,-.0229,.153,.106,.0573,.00336,-.000665,.00704,.291,.36,-.0702,-.0973,.055,.0377,-.0743,-.0312,.0419,-.062,-.182,-.156,-.105,-.0616,.077,.0298,.0706,.0211,0
2022,4,30,22,m,.036,.152,.00788,.0462,-.0609,.0768,.0212,-.0232,.298,.33,.0585,.0753,.491,.45,.00429,-.0293,.196,.101,-.0293,.411,-.00541,-.075,.0843,.1,-.045,-.2,.333,.152,-.116,-.0965,-.000832,.0093,.255,.282,.173,.175,0
2022,4,30,23,m,.168,.489,.192,.247,-.0171,-.113,.334,.216,.297,.424,.293,.325,.417,.379,.235,.114,.384,.198,.35,1.18,.213,.147,.308,.281,.214,.175,.527,.538,-.146,-.131,.123,.114,.356,.477,.315,.335,0
2022,4,30,24,m,.229,.303,.167,.19,-.0992,.035,.152,.135,.469,.462,.203,.197,.742,.619,.196,.182,.17,.148,.25,.785,.0773,.0146,.237,.216,.111,.107,.518,.432,.074,-.00125,.109,.104,.354,.373,.29,.295,0
2022,4,30,25,m,.0987,.484,.16,.212,.0487,.0458,.204,.277,.339,.58,.176,.435,.718,.705,.398,.204,.628,.365,.929,1.57,.317,.316,.367,.36,.184,.328,1.31,1.14,-.169,-.117,.116,.141,.334,.684,.352,.464,0
2022,4,30,26,m,.244,.5,.132,.223,.394,.489,.226,.297,.4,.55,.0467,.289,.485,.572,.0538,.00708,.204,.0963,-.123,.524,.163,.228,.126,.223,.539,.566,.183,.214,.228,.251,.174,.225,.149,.465,.108,.228,0
2022,4,30,27,m,-.00516,.265,.39,.482,-.0946,.583,.677,.716,.441,.715,.566,.629,.871,1.09,.279,.246,.216,-.0316,1.69,2.92,.401,.542,.604,.68,1.64,1.48,.3,.692,.315,.271,.333,.395,.675,.925,.527,.646,0
2022,4,30,28,m,.208,.362,.075,.0808,.108,.295,.0713,.0809,.249,.318,.155,.149,.296,.277,.188,.0974,-.0107,-.0596,.254,.843,-.00344,-.0345,.166,.17,.0251,.0559,.601,.349,.00871,-.0488,.0436,.0411,.228,.299,.214,.217,0
2022,4,30,29,m,-.0298,.187,-.055,-.0065,-.0539,-.0321,.013,.0358,.0893,.3,.115,.142,.233,.426,.122,.0669,.277,.0784,-.133,.547,-.0526,.00789,.0883,.169,.0299,.0479,.408,.0893,-.168,-.171,-.057,-.0417,.151,.296,.14,.201,0
2022,4,30,30,m,.241,.351,-.0301,.0514,.253,.207,.0491,.0284,.386,.362,.16,.151,.572,.373,.091,-.0179,.178,.0214,.0374,.843,.0667,.0493,.176,.159,-.0144,-.0889,.139,.359,-.304,-.264,-.0548,-.0244,.291,.308,.212,.175,0
2022,4,30,31,m,.222,.428,.183,.28,.202,.169,.236,.253,.389,.537,.285,.319,.574,.645,.105,.0652,.0871,.0634,.479,.9,.0689,.0297,.22,.27,.253,.231,.167,.681,.0828,-.123,.149,.152,.388,.583,.247,.3,0
2022,4,30,32,m,.0662,.174,.0545,.129,-.0414,-.0565,.0123,.0177,.204,.214,.0206,.142,.272,.231,.372,.0191,-.149,-.195,.142,.809,.0619,-.0336,.253,.147,-.163,-.128,-.0203,.138,-.0118,.0805,.00194,.0161,.127,.254,.207,.174,0
2022,4,30,33,m,.277,.393,.16,.204,.0848,.104,.0984,.126,.397,.396,.00777,.0767,.466,.397,.0781,.0784,.105,.0316,-.237,.114,.0586,-.0369,.184,.222,.0773,.102,.313,.237,-.0585,.0928,.0876,.101,.145,.234,.122,.175,0
2022,4,30,34,m,.163,.302,.2,.266,.117,.361,.177,.189,.349,.404,.174,.139,.464,.458,.0918,.122,.235,.0827,.102,.536,.0374,.0397,.235,.297,.215,.18,.351,.276,.0607,-.0493,.154,.163,.277,.328,.219,.263,0
2022,4,30,35,m,.0885,.129,.054,.084,-.142,-.13,.0351,.0209,.2,.213,.0962,.0597,.267,.261,.0609,.00771,-.0862,-.109,.141,.567,-.0978,-.145,.14,.139,-.0186,-.0403,.137,.118,-.0684,-.0896,-.0333,-.0373,.191,.196,.15,.135,0
2022,4,30,36,m,.0915,.265,.126,.208,.0594,.0528,.109,.0916,.233,.304,.213,.175,.382,.337,.166,.0639,.0671,.0323,.462,.972,-.00397,-.00574,.193,.189,-.00644,-.0448,.235,.224,.0687,.129,.0794,.115,.288,.344,.243,.238,0
2022,4,30,37,m,-.0998,.0606,.146,.158,-.132,-.132,.0389,.115,.242,.361,.0977,.294,.516,.578,.151,.0306,.0503,-.0403,.22,1.1,.0158,.158,.0699,.137,-.00916,.00948,.369,.287,-.303,-.218,.00407,.035,.161,.418,.163,.259,0
2022,4,30,38,m,.524,.756,.264,.227,.277,.142,.242,.202,.66,.783,.185,.125,.781,.805,.161,.11,.0413,-.00101,.129,.265,.0953,.0211,.389,.417,.128,.0643,1.29,.78,-.0487,.0172,.125,.107,.569,.59,.409,.398,0
2022,4,30,39,m,.0896,.288,.156,.278,-.0351,.0765,.162,.146,.276,.353,.203,.198,.442,.403,.184,.0971,.0842,-.0458,.426,.99,.0756,-.0246,.226,.237,.177,.132,.326,.297,-.0109,-.0534,.0876,.0923,.29,.36,.249,.255,0
2022,4,30,40,m,.133,.364,.225,.307,.158,.117,.167,.234,.312,.505,.166,.35,.463,.615,.101,.0644,.237,.212,.088,1.08,.152,.254,.128,.209,.186,.23,.277,.37,.256,.0511,.217,.232,.3,.558,.216,.318,0
2022,4,30,41,m,.0878,.13,.036,.059,-.145,-.0465,.0188,.000223,.174,.148,.125,.0424,.243,.161,.0133,-.027,.0318,-.0156,.245,.462,-.028,-.0844,.0984,.0886,-.0459,-.054,.258,.118,-.122,-.117,-.0271,-.0192,.21,.155,.137,.0873,0
2022,4,30,42,m,-.0193,.0871,-.0303,-.0754,-.228,-.258,.0973,.0588,.174,.216,-.0817,.0522,.367,.328,.294,.177,.0717,.0364,-.525,-.29,-.0951,-.103,.182,.171,.0917,.0657,.345,.485,-.276,-.447,-.094,-.166,-.00603,.125,.0881,.143,0
2022,4,30,43,m,.26,.349,.128,.182,-.00198,.0372,.168,.169,.387,.428,.198,.183,.47,.474,.0955,.0308,.103,.0496,.581,.589,.129,.098,.218,.238,.237,.206,.411,.359,.0122,.0521,.0896,.109,.353,.38,.245,.229,0
2022,4,30,44,m,.115,.196,.159,.195,.265,.539,.236,.287,.506,.561,.534,.392,1.13,1.11,.227,.219,.268,.385,1.18,.963,.172,.245,.266,.347,.345,.468,.669,.413,.0925,.142,.178,.249,.737,.652,.495,.45,0
2022,4,30,45,m,.148,.311,.13,.247,.101,.315,.257,.297,.46,.562,.258,.387,.662,.714,.118,.0941,.412,.451,.326,.821,.144,.216,.301,.346,.188,.173,.177,.405,.0248,-.000397,.155,.234,.339,.494,.252,.319,0
2022,4,30,46,m,.35,.367,.176,.378,.379,.543,.385,.294,.539,.534,.383,.343,.665,.639,.488,.326,.25,.261,.443,.655,.0956,.104,.426,.221,.381,.244,.108,.295,.325,.195,.221,.291,.487,.478,.49,.42,0
2022,4,30,47,m,.216,.363,.0997,.169,.191,.145,.0521,.0731,.283,.343,.0561,.0618,.322,.333,-.03,-.0575,-.0316,-.0904,-.0345,.371,-.0131,-.0912,.116,.17,-.0174,-.0398,.227,.289,-.0877,-.0353,.0426,.0507,.202,.277,.123,.158,0
2022,4,30,48,m,1.39,1.45,.08,.137,-.255,-.221,.264,.278,.908,.858,.456,.387,.751,.675,.188,.17,.0482,.073,.571,.726,.195,.141,.39,.407,.245,.351,1.38,2.26,-.211,-.248,.00313,.017,.895,.86,.576,.549,0
2022,4,30,49,m,.136,.295,.104,.148,.0393,.122,.104,.134,.315,.371,.114,.207,.432,.415,.0727,.068,.0398,.0486,-.0129,.711,-.0872,-.0775,.212,.245,.0974,.102,.381,.307,-.046,-.108,.0277,.0403,.229,.35,.177,.253,0
2022,4,30,50,m,.106,.264,.132,.159,.189,.324,.261,.24,.333,.362,.228,.259,.489,.418,.393,.12,.278,.225,.301,.67,.0136,-.019,.364,.301,-.067,-.0186,.509,.52,-.348,-.349,.0193,.0292,.31,.349,.332,.27,0
2022,4,30,51,m,.0804,.305,.148,.202,.0947,.214,.171,.139,.257,.4,.189,.194,.401,.466,.218,.106,.124,-.052,.641,1.6,.229,.0791,.228,.229,.0426,.0679,.138,.416,.13,.0369,.155,.113,.283,.42,.257,.294,0
2022,4,30,52,m,.148,.266,.0257,.114,-.022,.117,.0755,.133,.273,.322,.09,.176,.341,.349,.107,.0829,.0863,.0996,.099,.489,.0888,.113,.121,.177,.106,.151,.466,.442,-.0343,.0601,.0306,.103,.207,.301,.17,.214,0
2022,4,30,53,m,-.169,-.0686,.0524,.179,-.197,-.115,.113,.187,.145,.252,-.0458,.157,.357,.457,.0484,.0136,-.0181,-.00579,-.32,.236,.0599,.16,.0895,.157,.318,.358,.0677,.186,-.088,-.0264,.00737,.0995,-.0186,.217,.00941,.119,0
2022,5,31,1,m,-.0372,.145,-.13,-.00585,-.16,-.138,-.112,-.0791,.0369,.17,-.0761,-.0672,.105,.189,-.0824,-.06,-.0365,-.0659,.0155,.238,-.176,-.161,-.0403,.053,-.184,-.212,.14,.19,-.186,-.103,-.139,-.0688,.0101,.106,-.0179,.0541,0
2022,5,31,2,m,.162,.515,.205,.299,.158,.117,.262,.29,.255,.537,.226,.287,.39,.564,.259,.19,.499,.414,.419,1.04,.286,.343,.266,.36,.255,.164,.445,.727,.129,.165,.214,.26,.279,.509,.274,.374,0
2022,5,31,3,m,.231,.487,.19,.287,.263,.22,.301,.327,.371,.599,.338,.469,.492,.687,.2,.133,.29,.267,.608,1.56,.0998,.264,.271,.364,.321,.249,.574,.893,.201,.134,.198,.243,.445,.733,.352,.462,0
2022,5,31,4,m,.0442,.211,.139,.262,.114,.0679,.092,.0942,.237,.369,.0755,.112,.409,.499,.0796,.0691,.0198,-.0838,.241,.592,.00574,.066,.175,.258,.0574,-.0801,.165,.288,-.0296,.107,.0652,.126,.186,.29,.144,.2,0
2022,5,31,5,m,.158,.33,.11,.268,.169,.153,.101,.111,.25,.34,.0784,.0949,.304,.345,.098,.0801,.0256,-.0357,.119,.337,.0568,.0972,.177,.234,.0666,.000767,.369,.408,.00529,.157,.0756,.152,.213,.267,.173,.2,0
2022,5,31,6,m,.0644,.219,-.0186,.0471,-.0902,-.107,-.0412,-.0476,.0684,.165,-.0387,-.0391,.0745,.134,-.0303,-.0564,-.0122,-.113,.029,.241,-.124,-.16,-.00424,.0622,-.0724,-.157,.0898,.152,-.0804,-.0718,-.0517,-.0466,.0585,.123,.0331,.0674,0
2022,5,31,7,m,-.00291,.211,.0253,.176,-.000511,.0072,.0372,.0571,.139,.314,.0511,.135,.272,.402,.00307,.0404,-.134,-.141,.304,.891,.0198,.0714,.11,.245,-.0234,-.16,.0404,.384,-.0504,.0476,-.0139,.0713,.115,.301,.0773,.202,0
2022,5,31,8,m,.041,.153,.0536,.152,-.1,-.0643,-.0257,-.0369,.152,.191,-.0386,-.00152,.228,.213,.13,-.0191,-.0894,-.151,.117,.386,-.129,-.1,.138,.132,-.142,-.209,.154,.291,-.13,-.105,-.0483,-.012,.0937,.158,.104,.101,0
2022,5,31,9,m,-.044,.135,-.0731,.0144,-.136,-.14,.00204,.0116,.106,.217,.00651,.0763,.229,.278,.0511,.0729,.127,.00462,.225,.846,-.103,-.0849,.0608,.132,.0114,-.0664,-.12,.0129,-.0893,-.0883,-.0649,-.0408,.078,.201,.0682,.156,0
2022,5,31,10,m,.105,.259,.0908,.26,.155,.128,.0953,.107,.287,.428,.0503,.114,.419,.545,.0619,.0568,.0235,-.0864,.0737,.613,.000936,.051,.196,.293,.0543,-.0714,.15,.314,-.0565,.0593,.0444,.113,.223,.357,.16,.234,0
2022,5,31,11,m,-.225,-.0178,.0924,.248,-.0975,.045,-.0491,-.0045,-.139,.0687,.0761,.181,.405,.547,.106,.0608,-.0255,-.0952,.406,.774,-.046,.0333,-.00749,.135,.0113,-.0766,.268,.437,-.0687,.0886,.00773,.109,-.0491,.148,-.00585,.121,0
2022,5,31,12,m,-.00255,.148,.0348,.0963,-.239,-.152,.0112,.00465,.141,.222,.00969,.018,.262,.276,.0638,.0197,.0283,-.0637,.2,.49,-.123,-.146,.0882,.133,-.0159,-.1,.11,.175,-.0801,-.0122,-.0425,-.00786,.116,.175,.0989,.123,0
2022,5,31,13,m,.233,.551,.255,.421,1.04,1.14,.171,.223,.375,.597,.108,.47,.495,.628,.243,.268,.152,.0988,-.0127,1.31,.197,.253,.241,.397,-.0137,-.0806,.195,.496,-.152,-.15,.247,.331,.17,.673,.192,.531,0
2022,5,31,14,m,.0747,.581,.325,.564,.562,.791,.333,.463,.22,.703,.272,.325,.358,.806,.281,.262,.164,.2,.366,1.63,.436,.567,.308,.51,.444,.483,.459,1.09,.107,.226,.3,.466,.292,.749,.294,.521,0
2022,5,31,15,m,.421,.749,1.35,1.67,1.67,2.34,.202,.27,.428,.687,.065,.247,.436,.654,-.194,-.183,1.15,.977,-.137,.661,.733,.916,.107,.191,.2,.151,.74,.866,3.17,2.99,1.37,1.56,.237,.578,.0326,.167,0
2022,5,31,16,m,.168,.37,.0488,.19,-.112,-.0115,.088,.135,.231,.403,.0356,.0997,.295,.434,.172,.183,-.00247,-.0225,.47,.98,.0433,.0879,.213,.339,.112,.0293,.132,.371,-.0977,.0602,-.00284,.0998,.177,.313,.174,.261,0
2022,5,31,17,m,.0163,.26,.0699,.187,.0534,.193,.051,.0783,.141,.326,.0348,.112,.271,.386,.0832,.0707,.0708,-.0245,.12,.783,-.0883,.0055,.108,.209,.0204,-.0671,.018,.128,.0438,.031,.0376,.0982,.11,.288,.102,.206,0
2022,5,31,19,m,.0816,.275,.16,.309,.0642,.226,.189,.25,.314,.5,.165,.21,.44,.613,.059,.0661,.154,.0791,.259,.651,.31,.377,.188,.287,.27,.283,.299,.528,.0204,.14,.159,.25,.279,.421,.17,.236,0
2022,5,31,20,m,.239,.498,.219,.46,.424,.645,.338,.429,.46,.618,.26,.428,.628,.693,.192,.184,.324,.329,.151,1.69,.37,.608,.351,.488,.373,.301,.268,.555,.291,.434,.288,.478,.427,.705,.323,.458,0
2022,5,31,21,m,-.0676,.0672,-.121,.0511,-.184,-.154,-.0341,-.0151,.0517,.125,.0469,-.0166,.202,.192,.098,.0329,.0428,.0254,.286,.255,-.0394,-.0113,.0642,.0956,-.0407,-.0964,.0818,.083,-.178,-.123,-.115,-.0224,.0747,.0732,.0823,.06,0
2022,5,31,22,m,-.0174,.167,.0266,.141,-.0906,.11,.0143,-.00782,.269,.382,.0121,.0505,.48,.525,.00346,.00474,.088,-.0995,-.00588,.42,-.0016,.0708,.0766,.157,-.0469,-.241,.269,.331,-.135,-.0591,-.00726,.0611,.205,.315,.141,.209,0
2022,5,31,23,m,.215,.513,.223,.31,.0117,-.0718,.368,.263,.284,.471,.278,.303,.341,.442,.254,.176,.154,.0928,.291,1.15,.172,.168,.321,.367,.194,.149,.484,.625,-.106,-.0185,.119,.163,.309,.475,.291,.358,0
2022,5,31,24,m,.157,.353,.116,.21,-.166,-.0627,.126,.136,.37,.513,.129,.182,.609,.674,.106,.196,.199,.103,.257,1.05,-.00386,.035,.163,.256,.132,.0499,.356,.488,.109,.0512,.0782,.11,.269,.399,.203,.316,0
2022,5,31,25,m,.117,.569,.183,.311,-.019,.0269,.255,.382,.409,.726,.309,.544,.879,.93,.429,.279,.0804,.183,1.46,2.29,.185,.505,.312,.428,.311,.335,1.41,1.57,-.00827,.16,.109,.259,.506,.857,.472,.591,0
2022,5,31,26,m,.315,.519,.0728,.276,.265,.508,.214,.313,.323,.569,.0838,.297,.325,.592,.0805,.0574,.211,.0548,-.059,.543,.141,.242,.125,.254,.534,.54,.161,.229,.101,.267,.117,.252,.151,.475,.12,.259,0
2022,5,31,27,m,.118,.323,.259,.438,.36,1.03,.694,.792,.482,.772,.501,.586,.782,1.15,.274,.31,.353,.131,1.6,2.91,.354,.598,.506,.717,1.89,1.63,.973,1.61,.317,.438,.33,.471,.707,.943,.539,.683,0
2022,5,31,28,m,.128,.367,.0243,.117,.0905,.115,.058,.0971,.197,.374,.0872,.193,.27,.38,.154,.119,-.0112,-.0276,.237,1.37,.0799,.0922,.132,.221,.0138,-.0287,.418,.475,.0372,.0238,.0389,.0768,.165,.377,.162,.272,0
2022,5,31,29,m,-.0334,.267,-.0512,.05,-.105,-.0953,.0218,.0908,.0667,.357,.0448,.149,.189,.458,.162,.113,.388,.132,-.141,.64,-.00297,.118,.1,.242,.0544,.0594,.259,.256,-.134,-.0481,-.0403,.0283,.115,.331,.131,.241,0
2022,5,31,30,m,.209,.363,.0332,.193,.00558,.0329,.0898,.0957,.296,.354,.297,.222,.402,.345,-.027,-.0146,.255,.0135,.216,.915,.0901,.168,.136,.204,.0335,-.0596,.796,.91,-.165,-.156,.00291,.0654,.393,.366,.22,.211,0
2022,5,31,31,m,.164,.398,.099,.294,.0911,.0281,.21,.26,.319,.5,.164,.429,.489,.602,.171,.093,.081,.0907,.299,1.66,.137,.0863,.249,.322,.238,.144,-.0532,.345,.03,-.0442,.103,.169,.268,.697,.227,.367,0
2022,5,31,32,m,.0908,.234,.0804,.232,.0282,.00791,-.000162,.0348,.202,.266,.107,.123,.256,.279,.413,.0231,-.00476,-.183,.15,.745,.051,-.00599,.305,.198,-.0984,-.171,.0125,.131,.0011,.0494,.0487,.0645,.19,.266,.265,.184,0
2022,5,31,33,m,.169,.35,.118,.334,.0662,.119,.0626,.108,.322,.412,-.0876,.0455,.407,.442,.095,.105,.141,.0486,-.249,.08,.0431,.0397,.15,.242,.0569,-.01,.209,.321,-.111,.12,.0643,.173,.0558,.212,.0716,.171,0
2022,5,31,34,m,.163,.279,.149,.257,.0952,.243,.153,.157,.323,.392,.103,.101,.416,.453,.0868,.117,.17,.06,.283,.609,.0106,.0476,.224,.3,.195,.074,.341,.323,.0825,.0133,.118,.157,.264,.319,.208,.255,0
2022,5,31,35,m,.0646,.152,-.0161,.109,-.135,-.128,-.00624,-.000363,.161,.239,.0202,.0305,.218,.288,.0328,.0195,-.128,-.147,.201,.579,-.102,-.116,.102,.162,-.0513,-.131,.0397,.151,-.106,-.107,-.0723,-.0308,.131,.203,.1,.144,0
2022,5,31,36,m,.104,.304,.0854,.23,.0223,-.00488,.0858,.102,.2,.352,.103,.148,.293,.394,.157,.102,.129,.0563,.223,.836,.0125,.081,.158,.236,.0126,-.0631,.181,.336,.0123,.187,.0598,.147,.197,.342,.181,.251,0
2022,5,31,37,m,-.0729,.0266,.2,.31,-.082,.0276,.107,.166,.261,.382,.156,.323,.506,.64,.166,.047,.199,.0354,.355,1.16,.0601,.217,.125,.203,.0221,-.048,.164,.17,-.246,-.162,.0721,.145,.212,.435,.202,.276,0
2022,5,31,38,m,.376,.811,.118,.23,.209,.078,.189,.205,.543,.827,.0921,.101,.703,.839,.138,.113,.0325,-.00641,.0862,.188,.0292,.044,.345,.443,.067,.0452,1.16,.962,-.0382,.0457,.0621,.112,.479,.607,.348,.409,0
2022,5,31,39,m,.0449,.297,.137,.294,.077,.211,.138,.152,.195,.369,.141,.196,.323,.423,.125,.121,.126,.0107,.305,.832,.0034,.0407,.171,.267,.152,.0502,.385,.444,-.0122,.0117,.0843,.144,.215,.366,.179,.268,0
2022,5,31,40,m,.147,.378,.162,.338,.188,.124,.175,.273,.355,.555,.0946,.416,.528,.693,.128,.104,.232,.187,.197,1.71,.095,.299,.174,.28,.266,.24,.0444,.428,.202,.0353,.172,.249,.239,.621,.196,.37,0
2022,5,31,41,m,.0652,.207,.0236,.093,-.16,-.0901,.00339,.00375,.156,.231,.0162,-.000816,.227,.247,-.00753,-.00635,.0125,-.0194,.147,.292,-.0513,-.0507,.0652,.131,-.0331,-.112,.0109,.153,-.0921,-.0504,-.0318,.01,.133,.169,.0815,.104,0
2022,5,31,42,m,-.0521,.0748,-.0793,-.0767,-.312,-.347,.0739,.0834,.143,.245,-.18,.199,.328,.394,.263,.191,.0108,-.00757,-.485,.296,-.0878,-.0801,.145,.216,.11,.0465,.296,.552,-.301,-.474,-.134,-.184,-.0954,.257,.00484,.233,0
2022,5,31,43,m,.265,.479,.124,.289,.128,.189,.163,.189,.347,.502,.117,.164,.404,.515,.0756,.0536,.173,.052,.496,.57,.116,.186,.204,.281,.258,.155,.256,.478,.0624,.116,.121,.193,.295,.415,.204,.259,0
2022,5,31,44,m,.0952,.175,.102,.247,-.00819,.368,.273,.356,.532,.669,.523,.417,1.17,1.41,.222,.2,.5,.483,1.11,.952,.651,.668,.343,.409,.263,.433,.416,.506,.304,.37,.241,.366,.775,.698,.514,.465,0
2022,5,31,45,m,.114,.305,.103,.345,.0431,.534,.257,.315,.379,.55,.197,.339,.546,.697,.153,.128,.256,.247,.352,.795,.315,.383,.316,.392,.227,.155,.364,.557,.0657,.0494,.152,.301,.293,.483,.24,.328,0
2022,5,31,46,m,.206,.303,.19,.439,.148,.398,.255,.28,.385,.522,.309,.464,.489,.659,.409,.343,.161,.0528,.22,1.28,-.00949,.0568,.197,.251,.297,.113,.0119,.277,.212,.159,.158,.261,.345,.57,.371,.484,0
2022,5,31,47,m,.102,.296,.0407,.16,-.00914,.0127,.0188,.028,.264,.362,-.00975,.0375,.362,.396,-.0322,-.051,.0033,-.0954,.0102,.386,-.0562,-.0883,.0982,.181,-.0522,-.152,.191,.373,-.0804,-.0263,-.00287,.0358,.162,.276,.096,.16,0
2022,5,31,48,m,1.22,1.45,.0283,.173,-.337,-.224,.269,.289,.899,.924,.424,.324,.793,.762,.214,.182,.267,.0783,.592,.642,.168,.162,.384,.447,.292,.301,1.5,1.95,-.139,-.102,-.00831,.0675,.886,.859,.585,.554,0
2022,5,31,49,m,.124,.325,.0181,.191,-.17,.0503,.0712,.144,.332,.449,.046,.196,.466,.52,.0581,.09,.0349,.0206,.059,.842,-.136,-.0314,.167,.283,.124,.0862,.254,.281,-.051,-.0998,-.0374,.0554,.198,.38,.152,.28,0
2022,5,31,50,m,.0757,.25,.0973,.191,.126,.235,.251,.266,.324,.405,.155,.302,.489,.494,.385,.162,.439,.272,.279,.878,.0423,.0697,.302,.337,.0254,-.0147,.477,.741,-.357,-.365,.0201,.048,.254,.407,.288,.322,0
2022,5,31,51,m,.000525,.256,.168,.223,.031,.118,.164,.149,.216,.412,.0582,.16,.39,.522,.148,.121,.0996,-.0404,.317,1.25,.145,.119,.198,.273,.112,.0611,.065,.373,.278,.0835,.162,.13,.178,.403,.165,.29,0
2022,5,31,52,m,.093,.263,-.0222,.167,.109,.135,.0604,.127,.262,.346,-.00303,.176,.359,.387,.121,.11,.0143,-.0526,-.0198,.699,.0506,.0826,.116,.205,.0989,.0821,.345,.454,.0869,.112,.0273,.103,.119,.334,.121,.244,0
2022,5,31,53,m,-.165,-.0658,.056,.272,-.228,-.0579,.15,.235,.177,.294,-.00863,.184,.404,.524,.069,.0438,.0333,-.026,-.237,.242,.235,.313,.128,.209,.359,.365,-.0312,.145,-.0717,.0993,.0388,.183,.0164,.248,.0386,.149,0
2022,6,30,1,m,-.053,.118,-.156,-.00176,-.189,-.165,-.0745,-.0593,.0248,.157,-.0476,-.0629,.0951,.188,-.0601,-.0445,.01,-.0966,-.0135,.233,-.0831,-.0954,-.0106,.0602,-.0915,-.161,.217,.216,-.175,-.106,-.135,-.0645,.023,.101,-.00233,.0552,0
2022,6,30,2,m,.139,.456,.139,.304,.287,.161,.281,.292,.238,.499,.259,.267,.376,.55,.257,.184,.566,.334,.476,.979,.351,.426,.283,.348,.297,.18,.768,.862,.17,.167,.217,.27,.291,.474,.279,.351,0
2022,6,30,3,m,.128,.383,.165,.295,.366,.274,.342,.326,.34,.542,.325,.383,.534,.667,.21,.131,.554,.323,.495,1.24,.243,.343,.315,.364,.374,.262,.796,.851,.248,.133,.251,.27,.415,.624,.335,.402,0
2022,6,30,4,m,.0581,.155,.0967,.283,.237,.184,.164,.121,.26,.317,.158,.116,.441,.45,.0981,.0602,.134,-.0487,.335,.585,.123,.134,.24,.261,.202,-.0158,.307,.288,-.0365,.0898,.0925,.159,.251,.26,.19,.178,0
2022,6,30,5,m,.0953,.234,.0523,.277,.114,.0985,.134,.114,.213,.257,.0921,.0532,.283,.269,.0874,.0488,.0707,-.0521,.138,.27,.167,.189,.203,.217,.152,.0281,.431,.432,.0329,.151,.0781,.162,.213,.194,.168,.142,0
2022,6,30,6,m,.0859,.179,-.0625,.0401,-.0644,-.0403,-.0129,-.0435,.0799,.141,-.0381,-.0588,.0784,.119,-.0286,-.0688,-.00232,-.159,-.0199,.221,-.0344,-.0934,.0303,.0532,-.00721,-.134,.156,.123,-.0743,-.0765,-.0522,-.0394,.0509,.0911,.028,.0418,0
2022,6,30,7,m,.000912,.156,-.0168,.17,.139,.0134,.0709,.0634,.132,.257,.0688,.105,.25,.344,.00249,.0526,.122,-.0822,.152,.757,.213,.186,.151,.244,.0123,-.142,.302,.417,-.0722,.00861,.0365,.0894,.126,.249,.0812,.174,0
2022,6,30,8,m,.0113,.0781,.00607,.165,-.0282,-.0153,.0134,-.0289,.118,.121,-.0548,-.048,.19,.148,.135,-.0237,-.0209,-.104,.105,.307,-.0157,.00311,.196,.133,-.0914,-.208,.16,.22,-.062,-.0929,-.0143,.0256,.0496,.0731,.0742,.042,0
2022,6,30,9,m,-.01,.113,-.0928,.00311,-.0458,-.128,.0351,.0103,.13,.187,.00726,.0584,.243,.24,-.00521,.0706,.222,-.00221,.319,.86,.0343,-.0073,.0762,.135,.0693,-.056,-.000853,.102,-.0968,-.121,-.0367,-.0401,.101,.172,.0637,.136,0
2022,6,30,10,m,.114,.193,.0737,.298,.161,.153,.167,.141,.335,.392,.0783,.0997,.496,.529,.0904,.0691,.105,-.0734,.0441,.537,.127,.149,.264,.318,.199,-.0168,.273,.401,.00734,.109,.0833,.157,.245,.317,.184,.216,0
2022,6,30,11,m,-.138,-.0614,.0841,.272,.0364,.0512,.00684,-.00127,-.0555,.0194,.102,.129,.429,.466,.164,.0988,.135,-.0683,.314,.64,.0599,.125,.101,.139,.0591,-.0539,.392,.493,.052,.21,.0773,.158,.0318,.0976,.0709,.098,0
2022,6,30,12,m,.0152,.135,-.0209,.123,-.0336,-.114,.0627,.0276,.153,.214,.0253,.0171,.266,.272,.0863,.0155,.165,-.043,.14,.481,-.017,-.0595,.129,.141,.107,-.0557,.117,.183,-.0733,-.0199,-.0117,.0209,.123,.16,.111,.111,0
2022,6,30,13,m,.141,.341,.216,.399,1.09,1.28,.187,.199,.271,.477,.108,.343,.363,.572,.222,.272,.179,-.0377,.00354,.885,.28,.241,.254,.376,-.00508,-.105,.156,.464,-.0968,-.124,.266,.316,.132,.472,.16,.402,0
2022,6,30,14,m,.0448,.473,.21,.585,.347,.651,.339,.434,.21,.607,.221,.235,.368,.72,.292,.25,.225,.231,.285,1.32,.573,.642,.328,.477,.523,.463,.554,.948,.0825,.16,.256,.464,.252,.615,.274,.445,0
2022,6,30,15,m,.43,.628,1.3,1.65,2.46,2.58,.24,.278,.474,.613,.0629,.184,.502,.605,-.14,-.155,1.38,.826,-.069,.416,.959,1.16,.186,.209,.247,.167,.141,.65,2.81,2.74,1.46,1.57,.205,.439,.0386,.118,0
2022,6,30,16,m,.176,.334,.00791,.197,-.0697,-.0526,.125,.137,.245,.355,.0404,.0578,.318,.375,.203,.185,.0731,-.0316,.307,.757,.212,.219,.263,.343,.215,.0564,.111,.301,-.101,.0407,.0171,.115,.17,.24,.182,.218,0
2022,6,30,17,m,.0012,.134,.0276,.181,.153,.106,.0935,.0688,.128,.218,.025,.0305,.256,.295,.117,.0872,.0687,-.0774,.176,.575,.0217,.0628,.163,.189,.122,-.0336,-.0831,-.00483,.0819,.0337,.0517,.0897,.1,.173,.107,.14,0
2022,6,30,19,m,.0928,.232,.124,.323,.123,.333,.27,.286,.377,.466,.216,.206,.539,.584,.102,.081,.247,.109,.316,.59,.545,.476,.266,.302,.411,.361,.396,.521,.0921,.169,.202,.29,.345,.39,.221,.229,0
2022,6,30,20,m,.266,.347,.149,.428,.327,.509,.404,.423,.528,.499,.347,.437,.725,.593,.208,.172,.724,.321,.208,1.4,.47,.63,.424,.46,.434,.275,.605,.763,.398,.429,.316,.455,.5,.594,.367,.394,0
2022,6,30,21,m,-.0636,.0118,-.161,.0299,-.14,-.29,-.0191,-.0342,.052,.0746,.0406,-.0344,.195,.148,.0723,.00716,.0695,-.0228,.17,.324,.0051,-.0431,.0759,.0649,.0426,-.0632,.0566,.044,-.194,-.14,-.128,-.0594,.0528,.0318,.0592,.0237,0
2022,6,30,22,m,-.0498,.106,-.0371,.189,-.0335,.283,.0443,.0118,.259,.311,.024,.0227,.496,.447,-.0278,-.00513,.264,.00123,-.114,.328,.1,.112,.0984,.142,.0216,-.234,.131,.123,-.113,.0506,.00214,.137,.18,.237,.11,.154,0
2022,6,30,23,m,.221,.364,.262,.319,.0761,-.0997,.46,.255,.319,.343,.306,.268,.4,.328,.415,.189,.242,.0426,.225,1.11,.171,.192,.448,.341,.407,.169,.457,.496,-.0536,-.0024,.163,.168,.319,.384,.352,.308,0
2022,6,30,24,m,.117,.235,.0482,.197,-.0668,-.104,.189,.123,.316,.393,.182,.179,.532,.55,.0752,.179,.271,.0869,.453,1.14,.1,.0642,.243,.228,.286,.0532,.411,.576,.0308,-.0097,.069,.0908,.295,.35,.204,.281,0
2022,6,30,25,m,-.00696,.373,.0922,.233,.0586,.00372,.333,.32,.259,.55,.604,.554,.673,.779,.34,.231,.407,.112,1.42,1.83,.365,.507,.329,.365,.543,.338,1.1,1.06,.00837,.0762,.12,.194,.529,.71,.448,.49,0
2022,6,30,26,m,.339,.535,.0654,.29,.295,.524,.259,.327,.391,.587,.113,.313,.415,.609,.101,.0688,.259,.0662,-.057,.56,.0956,.24,.195,.29,.645,.574,.128,.243,.259,.281,.128,.263,.188,.493,.149,.274,0
2022,6,30,27,m,.0367,.211,.224,.479,.141,.512,.856,.841,.465,.671,.56,.52,.843,1.06,.266,.255,.674,.112,1.5,2.15,.333,.52,.714,.803,2.36,1.84,.848,1.47,.59,.404,.372,.425,.772,.816,.568,.586,0
2022,6,30,28,m,.0797,.269,-.0174,.104,.345,.292,.115,.115,.149,.291,.0496,.131,.221,.311,.185,.127,.0761,-.0574,.304,1.18,.169,.169,.179,.228,.147,.0354,.352,.415,.146,.0701,.0873,.106,.112,.275,.14,.215,0
2022,6,30,29,m,-.0266,.179,-.104,.0286,-.024,-.0792,.0702,.0858,.116,.321,.104,.119,.288,.479,.185,.118,.339,.0959,.0371,.665,.162,.201,.169,.235,.131,.0646,.202,.114,-.136,-.0976,-.0417,.0146,.16,.281,.169,.213,0
2022,6,30,30,m,.0596,.248,-.0516,.157,-.022,.0234,.097,.0818,.218,.27,.209,.122,.43,.291,.0501,.0126,.392,.00763,.131,.757,.254,.23,.164,.174,.0986,-.0548,.595,.654,-.0977,-.0519,.005,.0863,.254,.243,.172,.149,0
2022,6,30,31,m,.122,.314,.0618,.247,.106,-.0714,.271,.247,.33,.456,.219,.34,.564,.599,.155,.0779,.191,-.0318,.366,1.28,.244,.156,.296,.339,.351,.182,.505,.753,.165,-.106,.129,.133,.311,.573,.238,.303,0
2022,6,30,32,m,.0157,.16,.0407,.25,.179,.0279,.0288,.0533,.203,.208,.111,.0744,.302,.227,.448,.0191,.0921,-.174,.145,.597,.273,.0909,.341,.194,.0277,-.115,.103,.0945,.0145,.124,.0927,.104,.189,.183,.275,.128,0
2022,6,30,33,m,.155,.294,.0724,.375,.0882,.127,.0991,.134,.314,.354,-.0607,.0638,.403,.381,.0973,.118,.133,.0208,-.281,.151,.171,.12,.188,.249,.159,.0416,.278,.297,-.129,.0888,.0641,.193,.0728,.204,.0831,.171,0
2022,6,30,34,m,.224,.248,.091,.308,.151,.273,.208,.187,.349,.355,.118,.0729,.419,.412,.094,.136,.268,.0523,.175,.478,.141,.148,.269,.305,.298,.144,.191,.264,.192,.12,.143,.215,.262,.262,.208,.222,0
2022,6,30,35,m,.021,.0857,-.00746,.127,-.0569,-.0871,.0505,.0236,.156,.198,.0254,.0347,.237,.263,.0558,.031,-.00428,-.107,-.0000574,.463,.0287,-.0198,.143,.168,.0509,-.0908,.0129,.155,-.0796,-.1,-.0195,.00381,.119,.173,.0994,.127,0
2022,6,30,36,m,.141,.224,.0609,.255,.102,.047,.153,.104,.287,.3,.138,.101,.432,.367,.186,.096,.0947,-.00498,.367,.651,.211,.161,.234,.227,.13,-.044,.194,.463,.0858,.159,.0998,.164,.25,.278,.226,.209,0
2022,6,30,37,m,-.103,-.00179,.0805,.263,-.167,-.038,.194,.219,.295,.378,.225,.282,.602,.653,.214,.0952,.385,.101,.475,1.09,.151,.383,.185,.259,.181,.0659,.583,.311,-.141,-.0617,.0665,.173,.325,.431,.288,.293,0
2022,6,30,38,m,.413,.724,.0759,.26,.223,.101,.247,.217,.614,.773,.147,.0694,.804,.813,.162,.109,.0946,.00218,.108,.184,.181,.124,.412,.427,.164,.0777,1.31,.813,-.00963,.0587,.085,.142,.534,.555,.389,.376,0
2022,6,30,39,m,.0544,.185,.0766,.3,.156,.112,.192,.149,.243,.303,.198,.154,.402,.391,.115,.115,.283,.0181,.43,.724,.139,.122,.223,.253,.268,.0712,.562,.44,-.009,-.00958,.111,.149,.269,.29,.208,.22,0
2022,6,30,40,m,.121,.284,.0998,.361,.433,.461,.208,.279,.333,.457,.0937,.297,.511,.591,.125,.103,.247,.113,.145,1.19,.247,.39,.215,.3,.3,.226,.161,.332,.292,.154,.199,.315,.244,.47,.194,.292,0
2022,6,30,41,m,.0587,.16,-.0293,.0847,-.00873,-.0347,.0502,.0129,.141,.205,.0606,-.00778,.202,.237,.0187,-.012,.0731,-.0447,.0562,.255,.0543,.0273,.0957,.125,.0614,-.0789,.185,.179,-.0653,-.0558,-.0122,.0189,.153,.146,.103,.0877,0
2022,6,30,42,m,-.0739,-.00897,-.0963,-.0649,-.176,-.296,.115,.0734,.149,.184,-.152,.09,.359,.351,.259,.191,.0934,-.0432,-.507,-.00729,.0056,-.0183,.188,.22,.175,.0407,.338,.629,-.287,-.477,-.1,-.168,-.0758,.141,.0258,.159,0
2022,6,30,43,m,.204,.339,.0392,.277,.216,.199,.218,.193,.336,.405,.193,.159,.426,.443,.119,.0584,.199,.0459,.501,.526,.332,.288,.279,.275,.288,.134,.563,.419,.132,.123,.141,.207,.338,.364,.246,.232,0
2022,6,30,44,m,.0444,.0451,.076,.219,-.0386,.255,.321,.353,.513,.515,.622,.408,1.21,1.22,.238,.175,.181,.172,1.19,.887,.331,.518,.331,.371,.561,.566,1.5,1.39,.551,.647,.178,.319,.839,.633,.55,.419,0
2022,6,30,45,m,.0783,.242,.041,.337,-.0305,.407,.269,.302,.416,.494,.199,.273,.64,.645,.121,.112,.338,.102,.492,.831,.217,.344,.346,.381,.301,.195,.321,.45,-.06,-.0252,.0864,.247,.323,.427,.241,.29,0
2022,6,30,46,m,.349,.302,.0981,.45,.0141,.517,.317,.298,.482,.434,.426,.389,.565,.516,.497,.382,.535,.239,.218,.814,.0887,.155,.303,.282,.321,.135,.0819,.198,.278,.0845,.17,.306,.454,.477,.472,.441,0
2022,6,30,47,m,.104,.2,-.0228,.179,.137,.119,.0653,.0566,.249,.295,.0307,.0423,.329,.344,-.0145,-.0282,.0556,-.0936,-.00163,.346,.0786,.00694,.127,.194,.0656,-.0926,.103,.18,-.0571,-.0286,.0133,.0709,.18,.221,.112,.133,0
2022,6,30,48,m,1.3,1.63,-.0288,.162,-.215,-.112,.317,.313,.92,.959,.555,.375,.788,.752,.214,.185,.128,.0443,.68,.727,.309,.266,.414,.444,.421,.366,2.1,2.72,-.108,-.126,-.00686,.0783,.939,.931,.615,.595,0
2022,6,30,49,m,.0724,.208,.0555,.232,-.0137,.108,.132,.142,.293,.349,.0854,.164,.434,.43,.0553,.0803,.105,.00397,.0793,.708,-.0311,.0605,.209,.276,.239,.102,.326,.389,-.0414,-.136,.024,.0825,.205,.31,.154,.231,0
2022,6,30,50,m,.0152,.155,.0631,.192,.164,.233,.274,.247,.258,.321,.172,.224,.417,.416,.328,.131,.444,.232,.154,.65,.109,.176,.309,.332,.0705,-.044,.558,.693,-.397,-.403,.0118,.0509,.238,.297,.263,.24,0
2022,6,30,51,m,.00653,.135,.105,.234,.138,.154,.22,.124,.227,.318,.132,.0597,.397,.446,.162,.116,.145,-.125,.37,.825,.241,.135,.253,.258,.227,.061,.121,.377,.197,-.0608,.157,.102,.227,.262,.201,.203,0
2022,6,30,52,m,.088,.247,-.0639,.177,.24,.222,.0763,.141,.242,.318,.0417,.164,.33,.353,.0952,.114,.0661,-.00292,-.0125,.632,.0493,.2,.14,.241,.104,.0596,.45,.541,-.0542,.0259,.00306,.129,.148,.308,.129,.23,0
2022,6,30,53,m,-.184,-.125,.0115,.252,-.173,.104,.16,.229,.193,.266,-.0582,.13,.44,.516,.0635,.0412,-.0123,-.0972,-.292,.145,.268,.379,.177,.232,.4,.348,-.0516,.135,-.113,.0759,.0123,.18,.00492,.184,.0303,.115,0
2022,7,31,1,m,-.0473,.0507,-.142,.00956,-.228,-.17,-.108,-.0759,.025,.117,-.0828,-.0663,.0852,.171,-.0457,-.0213,-.13,-.174,-.0624,.203,-.19,-.127,-.0224,.0407,-.146,-.167,.218,.183,-.239,-.2,-.173,-.092,-.00377,.0717,-.0167,.0425,0
2022,7,31,2,m,.185,.314,.199,.305,.166,.13,.278,.27,.301,.405,.238,.256,.452,.514,.269,.2,.407,.242,.514,.869,.248,.327,.301,.313,.265,.179,.866,.751,.117,.102,.198,.231,.328,.41,.306,.321,0
2022,7,31,3,m,.137,.261,.166,.32,.199,.236,.292,.311,.332,.447,.31,.377,.493,.592,.203,.156,.299,.273,.486,1.03,.0679,.244,.252,.319,.349,.281,.865,.969,.101,.0108,.16,.231,.42,.578,.331,.388,0
2022,7,31,4,m,.0683,.158,.133,.296,.136,.159,.125,.117,.261,.312,.117,.105,.433,.438,.109,.102,-.0211,-.133,.261,.497,-.000531,.0827,.197,.249,.146,.0243,.278,.236,-.075,-.0319,.0526,.118,.219,.24,.174,.183,0
2022,7,31,5,m,.126,.252,.0463,.266,.0544,.0436,.086,.0867,.221,.251,.061,.0252,.277,.25,.109,.0971,-.0478,-.133,.144,.196,.00506,.082,.186,.205,.0617,.0292,.407,.327,-.0607,-.0542,.0115,.0867,.196,.168,.164,.143,0
2022,7,31,6,m,.0739,.161,-.059,.0541,-.127,-.103,-.0485,-.0446,.0597,.137,-.0215,-.0312,.0522,.123,-.0068,-.0268,-.152,-.203,-.00586,.234,-.153,-.128,.00332,.0564,-.0434,-.105,.33,.215,-.199,-.197,-.116,-.0751,.0516,.105,.0347,.0646,0
2022,7,31,7,m,-.0205,.0695,-.0259,.17,-.0426,-.0161,.0299,.0581,.121,.225,.0763,.116,.242,.357,.0199,.0828,-.144,-.18,.331,.728,-.0416,.125,.107,.216,.00276,-.103,.236,.466,-.134,-.0685,-.0638,.0471,.129,.234,.0884,.177,0
2022,7,31,8,m,-.0491,.0754,.033,.179,-.0936,-.0316,-.0165,-.0396,.0933,.124,-.0494,-.059,.195,.154,.165,.0102,-.123,-.196,.166,.24,-.122,-.051,.153,.11,-.114,-.173,.129,.0991,-.116,-.172,-.0518,-.00956,.0512,.0623,.0845,.0456,0
2022,7,31,9,m,-.00309,.0496,-.0826,.00468,-.0314,-.0887,.0184,.00461,.121,.152,.0291,.0713,.214,.227,.0969,.126,.0354,-.0993,.47,.849,-.141,-.0626,.0924,.131,.07,-.0333,-.0418,.108,-.183,-.213,-.091,-.0743,.101,.158,.0994,.147,0
2022,7,31,10,m,.0992,.165,.0746,.298,.0774,.139,.115,.115,.297,.335,.0475,.0657,.441,.452,.0921,.0749,-.0441,-.143,.0186,.389,-.0375,.049,.213,.266,.113,-.0088,.272,.301,-.0173,.0216,.0223,.111,.198,.248,.155,.177,0
2022,7,31,11,m,1.91,3.19,.102,.314,-.134,.0527,-.0161,.0339,1.74,2.77,.0194,.126,.396,.457,.148,.114,-.0575,-.138,.32,.694,-.0148,.139,.979,1.38,.011,-.0377,.329,.432,.0248,.134,.0242,.155,1.37,2.07,1.07,1.46,0
2022,7,31,12,m,.0279,.0933,-.0142,.138,-.181,-.129,.0241,.0221,.161,.191,.0122,.0385,.265,.262,.108,.0646,.0415,-.108,.131,.473,-.154,-.107,.122,.135,.0233,-.0413,.0975,.191,-.129,-.13,-.0649,-.0119,.115,.154,.112,.124,0
2022,7,31,13,m,.0922,.334,.187,.492,.952,1.25,.149,.213,.294,.449,.0504,.229,.463,.529,.234,.295,.0343,-.0236,-.111,.488,.0881,.151,.212,.36,-.0251,-.0503,.13,.418,-.275,-.223,.163,.326,.092,.354,.137,.334,0
2022,7,31,14,m,.104,.304,.267,.617,.388,.745,.336,.432,.264,.491,.218,.247,.398,.648,.348,.304,.205,.106,.313,1.26,.404,.611,.369,.457,.439,.465,.645,.843,.0583,.147,.255,.463,.299,.552,.324,.436,0
2022,7,31,15,m,.733,.944,1.42,1.65,2.19,2.52,.228,.272,.498,.704,.0609,.186,.373,.576,-.124,-.138,.9,.763,-.0611,.35,.567,.858,.164,.212,.242,.156,.382,1.01,3.08,2.53,1.33,1.47,.225,.479,.0577,.146,0
2022,7,31,16,m,.0979,.156,.0306,.196,-.0433,.0263,.0894,.124,.199,.267,-.012,.0691,.295,.373,.217,.229,-.0627,-.148,.226,.585,-.0396,.0985,.229,.306,.199,.0915,.125,.27,-.142,-.097,-.0281,.063,.107,.203,.149,.213,0
2022,7,31,17,m,.0621,.0722,.0403,.184,.0516,.127,.0464,.0597,.179,.207,.0217,.0664,.282,.33,.132,.11,-.0716,-.145,.129,.513,-.0824,.025,.152,.176,.00962,-.0331,.102,.108,-.0759,-.099,-.0108,.0551,.127,.184,.129,.156,0
2022,7,31,19,m,.0863,.298,.18,.338,.056,.319,.22,.264,.367,.474,.184,.186,.543,.562,.124,.106,.0796,-.0000785,.307,.505,.34,.366,.241,.288,.282,.346,.377,.474,-.00568,.0708,.157,.246,.31,.377,.216,.235,0
2022,7,31,20,m,.236,.401,.186,.451,.419,.671,.343,.415,.433,.509,.184,.382,.579,.575,.0962,.167,.675,.323,.119,1.27,.294,.559,.326,.452,.402,.315,.426,.581,.144,.149,.278,.428,.352,.591,.236,.391,0
2022,7,31,21,m,-.0293,.00549,-.205,-.00409,-.314,-.238,-.0441,-.026,.087,.0927,-.0163,-.02,.226,.194,.0936,.0671,.02,-.0251,.356,.433,-.139,-.0535,.0865,.0864,.0464,-.0233,.0199,.0156,-.214,-.225,-.188,-.0896,.0485,.0499,.0632,.0556,0
2022,7,31,22,m,.121,.299,-.0647,.197,-.0539,.375,.00881,.0192,.372,.427,-.0265,-.0108,.561,.513,.0506,.0467,.171,.00324,-.147,.27,-.0707,.0684,.114,.187,-.0678,-.214,.114,.0125,-.149,-.113,-.0482,.111,.212,.276,.159,.198,0
2022,7,31,23,m,.134,.21,.212,.35,.0324,-.0875,.373,.255,.254,.284,.165,.18,.342,.333,.313,.196,.0977,.0154,.117,.761,.151,.247,.334,.293,.197,.199,.289,.392,-.147,-.0703,.102,.174,.211,.285,.248,.25,0
2022,7,31,24,m,.134,.178,.0439,.186,-.222,-.148,.135,.107,.311,.351,.139,.174,.491,.524,.184,.217,.0854,.00583,.325,1,-.023,.0578,.282,.228,.111,.0359,.361,.557,-.0406,-.0906,-.000482,.0546,.24,.308,.217,.271,0
2022,7,31,25,m,.147,.333,.143,.262,-.0472,-.0222,.271,.299,.353,.52,.487,.485,.632,.763,.343,.28,.321,.102,1.41,1.93,.262,.503,.334,.384,.347,.296,.932,.881,-.164,-.142,.0802,.152,.587,.662,.479,.487,0
2022,7,31,26,m,.287,.542,.145,.326,.325,.575,.241,.313,.419,.567,.108,.279,.493,.578,.124,.0973,.0867,-.0085,-.114,.336,-.0352,.123,.183,.28,.574,.577,.235,.333,.16,.117,.123,.239,.217,.452,.175,.269,0
2022,7,31,27,m,.0606,.192,.194,.411,.0212,.494,.564,.734,.52,.663,.391,.495,.93,1.06,.262,.299,.34,.0398,1.32,2.14,.305,.529,.493,.723,1.3,1.5,.319,.995,.147,.141,.235,.343,.658,.794,.5,.591,0
2022,7,31,28,m,.117,.221,.00835,.109,.0773,.0598,.0738,.0939,.219,.274,.116,.157,.326,.324,.168,.166,-.0826,-.147,.228,.885,-.0948,.0711,.159,.232,.105,.0189,.489,.446,-.0575,-.1,-.0209,.0259,.184,.274,.178,.23,0
2022,7,31,29,m,.0347,.155,-.098,.0342,-.0191,-.0575,.044,.0704,.146,.268,.0821,.159,.275,.394,.215,.166,.238,-.0613,-.0578,.597,-.0793,.0916,.155,.211,.112,.0781,.247,.257,-.18,-.192,-.083,-.0318,.165,.289,.184,.239,0
2022,7,31,30,m,.224,.209,-.0233,.185,-.0228,.0319,.0498,.055,.312,.275,.148,.0998,.402,.339,.0667,.0213,.207,-.0749,-.0637,.385,-.0219,.108,.136,.142,.0378,-.0399,.547,.838,-.269,-.269,-.0709,.0147,.241,.217,.17,.137,0
2022,7,31,31,m,.0742,.148,.106,.277,.148,.0269,.213,.226,.274,.329,.122,.275,.483,.509,.157,.086,.00448,-.0859,.277,.97,.103,.0915,.223,.277,.205,.161,.141,.76,.0763,-.173,.107,.131,.234,.456,.198,.254,0
2022,7,31,32,m,.0702,.203,-.0297,.212,.00605,.0448,-.00228,.0186,.115,.192,.0308,.0926,.137,.188,.425,.0921,-.206,-.29,.158,.587,-.0732,-.00559,.23,.184,-.134,-.154,.00704,.163,-.122,-.0922,-.0708,.0173,.11,.196,.21,.161,0
2022,7,31,33,m,.118,.288,.0629,.34,-.0152,.063,.06,.0947,.274,.351,-.0621,.0108,.361,.38,.102,.138,.017,-.0568,-.272,.045,.00555,.0216,.172,.24,.0953,.0316,.344,.208,-.183,-.107,.000764,.109,.0457,.165,.0672,.155,0
2022,7,31,34,m,.189,.22,.148,.368,.117,.354,.175,.187,.316,.328,.091,.0895,.385,.385,.107,.154,.147,-.00935,.221,.431,-.0213,.0756,.249,.287,.242,.166,.049,.253,.0664,-.0766,.114,.198,.233,.259,.193,.226,0
2022,7,31,35,m,.0265,.0299,-.0133,.132,-.135,-.0926,.0154,.00862,.164,.165,.0315,.0307,.244,.242,.0525,.0333,-.11,-.176,.149,.47,-.0879,-.0647,.113,.136,-.00174,-.0812,.0571,.126,-.143,-.2,-.0716,-.0305,.138,.145,.11,.109,0
2022,7,31,36,m,.105,.146,.0323,.226,.114,.0448,.0958,.0827,.239,.223,.128,.138,.369,.291,.192,.126,.0565,-.0344,.278,.618,-.00316,.0551,.202,.194,.0363,-.0546,.251,.382,-.0396,.0281,.0261,.107,.229,.265,.214,.213,0
2022,7,31,37,m,-.0497,.00293,.108,.249,-.145,-.108,.142,.18,.275,.355,.22,.28,.508,.61,.175,.0943,.175,-.0862,.457,.81,-.0139,.282,.129,.221,.0801,.0401,.129,.143,-.267,-.225,.00826,.0885,.3,.389,.256,.268,0
2022,7,31,38,m,.445,.761,.0978,.324,.136,.145,.225,.219,.606,.757,.148,.1,.758,.753,.172,.137,-.0656,-.0935,.131,.204,.0623,.0996,.393,.417,.172,.0904,1.45,.94,-.0424,-.0162,.049,.136,.509,.559,.377,.39,0
2022,7,31,39,m,.0207,.0762,.111,.297,-.00734,.0846,.153,.146,.251,.266,.203,.174,.436,.409,.173,.157,.107,-.0571,.593,.727,-.0182,.0399,.213,.234,.165,.122,.49,.366,-.0728,-.103,.0504,.101,.283,.277,.239,.229,0
2022,7,31,40,m,.138,.31,.174,.4,.162,.32,.186,.269,.37,.468,.097,.273,.574,.591,.163,.128,.219,.124,.0745,.979,.2,.356,.184,.282,.244,.252,.229,.417,.266,.0124,.199,.295,.265,.459,.222,.298,0
2022,7,31,41,m,.0254,.106,-.026,.0962,-.133,-.078,.0111,.0115,.139,.183,.05,.0208,.225,.236,.0278,.0258,-.0775,-.0974,.0651,.262,-.0447,-.000534,.0706,.122,.0217,-.05,.0959,.169,-.171,-.178,-.0727,-.0175,.134,.142,.0946,.0987,0
2022,7,31,42,m,-.0832,-.0814,-.0749,-.0368,-.326,-.297,.0766,.0575,.135,.121,-.172,.0319,.33,.298,.261,.211,-.018,-.097,-.558,-.175,-.0746,-.0763,.165,.201,.154,.0506,.421,.504,-.357,-.516,-.146,-.179,-.0896,.0721,.0212,.122,0
2022,7,31,43,m,.166,.333,.0735,.283,-.0146,.115,.163,.182,.316,.416,.166,.149,.42,.464,.139,.104,.077,-.0607,.466,.528,.0952,.177,.232,.268,.241,.176,.348,.384,-.00775,-.00732,.0592,.142,.285,.349,.223,.243,0
2022,7,31,44,m,.089,.0768,.149,.224,-.119,.00947,.278,.319,.633,.523,.352,.288,1.55,1.19,.163,.217,-.0135,.264,.558,.562,.345,.472,.279,.35,.435,.539,.484,.337,.313,.305,.15,.257,.693,.549,.432,.394,0
2022,7,31,45,m,.0486,.258,.128,.334,-.0359,.395,.269,.311,.375,.487,.189,.278,.596,.625,.179,.131,.225,.0723,.309,.542,.245,.376,.285,.379,.304,.203,.149,.396,-.0179,-.127,.129,.228,.258,.401,.229,.283,0
2022,7,31,46,m,.323,.221,.262,.528,.0712,.561,.229,.31,.477,.4,.269,.365,.563,.512,.445,.36,.189,.0727,.254,.74,.0293,.149,.108,.256,.256,.188,.309,.339,.248,.0514,.202,.314,.418,.413,.429,.393,0
2022,7,31,47,m,.172,.226,-.00959,.214,-.0378,-.00756,.0253,.029,.275,.288,.01,.0109,.332,.32,-.0362,-.0425,-.104,-.246,-.0816,.149,-.06,-.057,.117,.157,.0221,-.0902,.193,.257,-.21,-.138,-.0605,.0239,.174,.203,.1,.116,0
2022,7,31,48,m,1.27,1.53,-.0255,.19,-.25,-.138,.27,.315,.875,.961,.478,.415,.744,.787,.177,.182,.00754,-.0238,.357,.624,.184,.269,.363,.441,.335,.357,2.59,2.57,-.181,-.198,-.0422,.0686,.864,.946,.56,.602,0
2022,7,31,49,m,.0939,.137,.0258,.164,-.0801,.0574,.0852,.0893,.298,.275,.00796,.0847,.425,.354,.0566,.074,-.00913,-.0532,.0847,.598,-.106,-.0382,.191,.233,.201,.0901,.165,.266,-.167,-.281,-.0446,-.00306,.146,.202,.116,.158,0
2022,7,31,50,m,.0564,.194,.0568,.175,-.000408,.133,.245,.247,.294,.353,.14,.192,.449,.445,.427,.2,.292,.15,.151,.54,-.0736,.0549,.376,.379,.00153,-.0224,.662,.651,-.402,-.434,-.0508,-.00308,.238,.275,.293,.249,0
2022,7,31,51,m,-.00892,.143,.1,.235,-.0153,.126,.148,.114,.258,.343,.0314,.0417,.473,.483,.171,.158,-.0225,-.157,.385,.792,.174,.162,.229,.25,.132,.0786,.0719,.249,.0394,-.0984,.0815,.0921,.171,.26,.17,.219,0
2022,7,31,52,m,.0672,.231,-.012,.186,.0749,.162,.07,.129,.248,.303,.0195,.121,.354,.339,.107,.133,.0365,-.0797,-.0941,.394,.0402,.13,.16,.244,.0852,.0942,.546,.516,.0172,-.0584,.0206,.0883,.129,.255,.121,.206,0
2022,7,31,53,m,-.215,-.12,-.00457,.24,-.194,.0979,.0993,.218,.181,.276,-.0908,.081,.452,.53,.0442,.0475,-.145,-.114,-.381,-.0344,.0241,.285,.123,.223,.298,.382,.0147,.111,-.11,.0561,-.0493,.155,-.0199,.161,.00829,.106,0
2022,8,31,1,m,-.0676,.0237,-.206,-.0501,-.22,-.15,-.107,-.0719,-.000921,.0993,-.0969,-.0632,.0527,.161,-.0862,-.0556,.0141,-.0578,-.0478,.182,-.128,-.0601,-.0587,.0189,-.114,-.139,.12,.11,-.214,-.216,-.173,-.0953,-.0284,.0631,-.0461,.0258,0
2022,8,31,2,m,.109,.294,.0968,.267,.186,.221,.291,.297,.237,.386,.251,.26,.41,.497,.223,.174,.581,.331,.553,.815,.3,.448,.247,.3,.313,.219,.65,.679,.183,.112,.188,.246,.287,.398,.263,.304,0
2022,8,31,3,m,.149,.307,.084,.255,.223,.259,.322,.326,.344,.506,.331,.388,.502,.662,.21,.151,.491,.377,.586,.94,.152,.306,.258,.317,.427,.325,.774,.988,.179,.0182,.17,.227,.43,.609,.342,.403,0
2022,8,31,4,m,.0215,.187,.0544,.169,.179,.117,.126,.125,.199,.334,.0967,.0978,.356,.455,.0565,.0914,.128,-.0261,.332,.396,.127,.145,.147,.225,.166,.0837,.251,.318,.0592,.00568,.0898,.099,.181,.252,.13,.186,0
2022,8,31,5,m,.119,.195,.0116,.147,.146,.0502,.105,.0921,.201,.223,.0416,.0398,.248,.238,.0736,.0668,.115,.00482,.203,.186,.119,.142,.146,.171,.126,.0745,.306,.338,.000593,-.0453,.06,.0797,.167,.161,.133,.127,0
2022,8,31,6,m,.0763,.166,-.123,-.0177,-.0939,-.0982,-.038,-.0386,.0366,.122,-.0573,-.0331,.0142,.0973,-.0375,-.0426,-.00545,-.0894,.0207,.212,-.0907,-.064,-.0192,.0397,.0126,-.0687,.123,.147,-.134,-.216,-.0995,-.0815,.0166,.0945,.00108,.0522,0
2022,8,31,7,m,-.0342,.123,-.0747,.0598,.0544,-.0112,.0495,.0561,.0867,.237,.0362,.0974,.193,.334,.0341,.0737,-.0196,-.0706,.326,.562,.149,.224,.0795,.183,.0776,-.0374,.177,.331,-.086,-.139,-.0187,.0225,.0809,.214,.0651,.161,0
2022,8,31,8,m,.0426,.126,-.0498,.0715,-.0349,-.0897,-.0122,-.0376,.118,.136,-.065,-.0626,.169,.142,.116,-.0255,-.0378,-.125,.151,.167,-.04,-.0211,.12,.0911,-.0872,-.124,.0949,.14,-.118,-.233,-.0531,-.0524,.0428,.0567,.0644,.0303,0
2022,8,31,9,m,-.0311,.106,-.184,-.0289,-.000114,-.0412,.0107,.0154,.104,.188,-.0294,.0529,.21,.249,.0216,.0741,.268,.0552,.273,.679,-.0799,.0437,.0656,.128,.0899,-.0145,-.135,.107,-.135,-.216,-.0914,-.0495,.0482,.161,.0386,.13,0
2022,8,31,10,m,.0938,.265,.000701,.154,.119,.0681,.117,.115,.272,.388,-.00848,.0457,.409,.472,.0637,.0651,.14,-.0159,.029,.251,.0922,.138,.168,.241,.183,.0664,.0547,.281,-.000057,-.0844,.0498,.0721,.15,.256,.116,.178,0
2022,8,31,11,m,-.258,.0311,.0436,.203,.11,.0656,-.0333,-.0115,-.188,.103,.0405,.121,.266,.5,.137,.113,.00966,-.0305,.206,.477,.0423,.0939,-.0478,.133,.0794,.0356,.226,.454,.0798,-.0299,.0494,.0969,-.112,.15,-.0459,.139,0
2022,8,31,12,m,.0125,.0412,-.086,.04,-.095,-.119,.031,.0159,.131,.166,-.0261,.0199,.217,.258,.0756,.0419,.162,-.0186,.0526,.376,-.105,-.0447,.0884,.115,.0955,-.00842,.0913,.122,-.0832,-.165,-.0585,-.0386,.0695,.125,.071,.0972,0
2022,8,31,13,m,.0683,.425,.17,.411,.982,1.25,.164,.214,.243,.458,.0687,.201,.405,.482,.185,.226,.19,.103,-.0645,.363,.293,.324,.175,.298,.000197,-.00375,.124,.345,-.174,-.228,.228,.339,.102,.336,.129,.298,0
2022,8,31,14,m,.0685,.427,.192,.584,.386,.799,.33,.452,.226,.55,.201,.225,.376,.654,.27,.262,.349,.243,.342,.991,.465,.706,.293,.441,.482,.554,.543,.935,.164,.106,.273,.476,.259,.561,.268,.422,0
2022,8,31,15,m,.565,.954,1.28,1.52,2.13,2.35,.255,.315,.481,.77,.0366,.175,.437,.672,-.152,-.152,1.1,.962,.0301,.293,1.19,1.38,.152,.214,.282,.278,.442,.856,2.83,2.32,1.43,1.53,.222,.51,.0434,.152,0
2022,8,31,16,m,.0654,.189,-.0494,.09,-.0867,-.0362,.0928,.136,.147,.283,-.0191,.0689,.225,.373,.17,.225,.0579,-.00724,.291,.569,.114,.229,.166,.293,.238,.131,.11,.353,-.0556,-.0738,-.0135,.0573,.0807,.212,.115,.217,0
2022,8,31,17,m,-.0104,.128,.0126,.0923,.108,.133,.0711,.0717,.103,.213,-.00517,.0462,.214,.291,.089,.0695,.088,-.0111,.24,.447,.0157,.0879,.105,.15,.11,.0539,.0617,.106,.0824,-.0805,.0447,.0521,.0566,.164,.0685,.129,0
2022,8,31,19,m,.15,.382,.13,.247,.161,.269,.209,.281,.352,.54,.16,.205,.467,.62,.0429,.1,.261,.158,.214,.469,.545,.522,.176,.282,.298,.389,.313,.466,.118,.102,.218,.258,.277,.402,.157,.245,0
2022,8,31,20,m,.211,.325,.136,.283,.386,.335,.369,.404,.394,.473,.268,.437,.517,.564,.12,.14,.549,.258,.113,1.43,.51,.6,.28,.374,.441,.414,.338,.658,.415,.217,.311,.33,.38,.589,.263,.377,0
2022,8,31,21,m,-.0923,-.0324,-.166,-.000218,-.0915,-.134,-.012,-.0131,.0366,.0711,.00912,-.00691,.192,.191,.092,.0437,.167,.0848,.298,.371,-.0637,.0171,.0512,.0509,.0604,-.0112,-.0277,.0212,-.155,-.187,-.111,-.0479,.0234,.0371,.0453,.0393,0
2022,8,31,22,m,-.0658,.0873,-.0955,.0382,-.0557,.101,-.0126,.00146,.258,.324,-.0433,.0544,.504,.481,.046,.036,.329,.0759,-.0574,.312,.0549,.123,.0168,.11,-.0355,-.144,.115,.195,-.0723,-.143,-.0175,.0265,.162,.265,.126,.187,0
2022,8,31,23,m,.18,.391,.162,.287,.083,-.0641,.439,.296,.285,.379,.176,.228,.372,.371,.267,.136,.39,.194,.449,.884,.351,.432,.322,.303,.379,.289,.186,.497,-.111,-.11,.154,.189,.202,.355,.224,.27,0
2022,8,31,24,m,.147,.28,-.0167,.168,-.108,.0285,.169,.146,.357,.462,.156,.191,.582,.644,.156,.183,.348,.138,.327,.847,.128,.219,.264,.242,.243,.102,.404,.602,-.0517,-.0969,.0331,.106,.261,.359,.219,.287,0
2022,8,31,25,m,.097,.319,.0598,.316,.183,.217,.308,.391,.421,.596,.355,.527,.888,.956,.354,.244,.418,.211,1.17,1.74,.543,.661,.324,.378,.52,.481,.616,.656,-.135,-.0698,.101,.245,.527,.736,.453,.51,0
2022,8,31,26,m,.396,.7,.0695,.236,.365,.37,.239,.309,.367,.61,.143,.263,.357,.572,.0794,.0493,.216,.0859,-.00966,.253,.0816,.215,.135,.228,.625,.665,-.00967,.248,.277,.243,.13,.219,.205,.445,.148,.24,0
2022,8,31,27,m,-.0671,.151,.15,.312,-.045,.332,.695,.787,.386,.639,.448,.559,.802,1.05,.271,.274,.652,.252,1.52,2.42,.313,.582,.581,.744,1.71,1.7,.678,1.03,.501,.215,.297,.335,.567,.811,.455,.591,0
2022,8,31,28,m,.165,.275,-.0327,.0599,.102,.101,.0873,.106,.235,.313,.0832,.165,.304,.349,.133,.132,-.0315,-.0236,.253,.866,.0628,.185,.137,.218,.147,.0471,.269,.543,.0126,-.104,.00944,.0419,.159,.304,.15,.234,0
2022,8,31,29,m,.0192,.138,-.148,.0108,-.0483,-.0036,.0381,.0873,.116,.24,.0574,.133,.225,.355,.17,.0979,.253,.0943,.0594,.442,.0478,.26,.11,.181,.131,.142,.416,.221,-.141,-.197,-.0785,-.00542,.142,.239,.152,.181,0
2022,8,31,30,m,-.0106,.105,-.0379,.121,.0799,.0332,.0626,.0613,.196,.25,.137,.138,.435,.393,.0194,-.00473,.257,.0833,-.144,.348,.201,.221,.048,.105,.0517,-.0218,.764,.845,-.135,-.24,.00182,.0278,.212,.253,.135,.148,0
2022,8,31,31,m,.178,.376,.0803,.275,.215,.203,.279,.3,.358,.509,.213,.294,.555,.641,.152,.0693,.2,.105,.4,.789,.264,.249,.24,.285,.352,.289,.274,.711,.111,-.144,.148,.2,.303,.517,.231,.272,0
2022,8,31,32,m,.178,.265,-.0539,.142,.129,.0352,.0155,.0431,.138,.226,-.0243,.0949,.122,.21,.378,.0416,.103,-.111,.159,.479,.0755,.0876,.227,.168,-.181,-.132,-.0541,.22,-.0189,.0461,.0137,.0604,.0834,.209,.176,.152,0
2022,8,31,33,m,.154,.204,-.0255,.145,.0725,.0381,.0702,.0932,.32,.32,-.0806,.0488,.404,.374,.0848,.103,.139,.0658,-.307,-.0108,.0964,.0633,.16,.193,.118,.0699,.289,.321,-.121,-.11,.0157,.0626,.0582,.174,.0691,.147,0
2022,8,31,34,m,.128,.3,.0742,.19,.27,.262,.177,.192,.285,.405,.0581,.0641,.379,.46,.0752,.14,.149,.0283,.231,.329,.12,.182,.201,.297,.324,.262,.23,.302,.165,-.129,.127,.124,.211,.284,.168,.238,0
2022,8,31,35,m,.0311,.0654,-.0829,.0413,-.108,-.108,.0272,.0116,.146,.184,.00243,.00878,.212,.253,.0412,.0234,.0384,-.0823,.117,.343,-.0448,-.0276,.116,.139,.0362,-.046,-.0119,.0815,-.0994,-.221,-.0663,-.0535,.1,.136,.0814,.0998,0
2022,8,31,36,m,.0769,.117,-.0154,.0893,.116,.0949,.137,.104,.269,.257,.0974,.11,.454,.381,.159,.123,.154,.0855,.262,.608,.15,.179,.208,.202,.112,.0141,.242,.23,.142,.0504,.0753,.1,.219,.254,.196,.204,0
2022,8,31,37,m,-.105,.0466,.0636,.213,-.0497,-.076,.119,.172,.214,.39,.213,.259,.452,.638,.124,.0478,.379,.123,.628,.779,.113,.313,.057,.154,.105,.0866,.0853,.155,-.136,-.151,.0663,.125,.264,.401,.216,.256,0
2022,8,31,38,m,.461,.581,.0163,.176,.296,.183,.233,.206,.636,.675,.088,.0773,.788,.751,.0756,.137,.0617,.0272,.104,.213,.189,.156,.319,.375,.24,.14,.947,.559,.0665,-.0515,.0865,.0968,.487,.491,.318,.349,0
2022,8,31,39,m,.00945,.13,.0784,.224,.0655,.12,.173,.153,.207,.271,.175,.15,.371,.378,.145,.138,.213,.0596,.5,.57,.0982,.101,.172,.21,.251,.184,.468,.399,.00503,-.13,.0931,.103,.234,.265,.198,.214,0
2022,8,31,40,m,.0985,.359,.121,.284,.385,.281,.206,.275,.368,.544,.102,.258,.612,.688,.124,.102,.332,.23,.119,.865,.358,.512,.164,.266,.316,.323,.0859,.317,.253,-.00499,.232,.274,.257,.474,.2,.293,0
2022,8,31,41,m,.0138,.0841,-.0932,.00544,-.031,-.0348,.0173,.0105,.106,.177,.0474,.0217,.17,.241,.00583,-.00596,.0603,.0237,.0754,.256,.00405,.0501,.0353,.1,.0659,-.0206,.178,.172,-.0635,-.154,-.0477,-.0249,.117,.146,.0762,.0896,0
2022,8,31,42,m,-.103,.01,-.118,-.052,-.27,-.216,.0761,.0749,.0933,.173,-.181,.0196,.282,.315,.23,.163,.0912,-.00719,-.561,-.232,.00415,.0209,.125,.181,.2,.0932,.321,.519,-.293,-.478,-.124,-.144,-.108,.0879,-.00445,.115,0
2022,8,31,43,m,.167,.295,.0255,.152,.043,.0483,.184,.194,.296,.41,.119,.168,.375,.477,.076,.107,.212,.0926,.268,.471,.271,.261,.176,.247,.3,.242,.348,.328,.166,.00507,.121,.122,.247,.352,.174,.246,0
2022,8,31,44,m,-.00963,-.0337,.0125,.113,.0152,.119,.229,.247,.546,.498,.331,.253,1.39,1.3,.117,.123,.387,.351,.638,.486,.633,.537,.205,.293,.256,.335,.904,.788,.202,.255,.168,.225,.563,.468,.349,.307,0
2022,8,31,45,m,.000294,.286,.0247,.22,.0176,.278,.251,.31,.372,.528,.156,.232,.638,.673,.112,.118,.18,.179,.457,.593,.277,.349,.295,.388,.324,.312,.127,.327,-.0661,-.154,.077,.176,.266,.399,.204,.276,0
2022,8,31,46,m,.364,.332,.168,.425,-.0542,.377,.301,.329,.462,.5,.472,.43,.507,.605,.391,.305,.42,.314,.555,.906,.102,.205,.117,.223,.361,.23,.648,.568,.254,-.0139,.188,.287,.504,.514,.465,.435,0
2022,8,31,47,m,.128,.259,-.0379,.0946,.0503,.0447,.035,.0212,.264,.306,-.0295,-.0496,.344,.33,-.0626,-.07,.275,.0605,-.0985,.0468,.0793,.0367,.0914,.133,.00418,-.0672,.245,.185,-.184,-.23,.00453,.0219,.139,.154,.0683,.0746,0
2022,8,31,48,m,1.16,1.31,.0419,.101,-.301,-.176,.293,.31,.82,.871,.438,.344,.711,.737,.169,.142,.274,.148,.67,.74,.236,.256,.351,.402,.399,.493,2.19,2.04,-.16,-.265,.0145,.022,.818,.833,.53,.522,0
2022,8,31,49,m,.0679,.242,-.0218,.137,-.00688,.105,.0903,.114,.257,.315,.044,.114,.383,.358,-.00403,.0359,.0756,.0175,.115,.452,-.0699,.0407,.128,.213,.206,.126,.162,.208,-.0767,-.232,-.0239,.0253,.163,.256,.107,.18,0
2022,8,31,50,m,.059,.242,.0327,.124,-.022,.0482,.253,.263,.279,.387,.17,.203,.422,.471,.384,.151,.362,.318,.268,.5,-.0492,.0871,.352,.337,.0464,.0596,.524,.588,-.347,-.44,-.031,-.00525,.245,.299,.284,.248,0
2022,8,31,51,m,-.011,.21,.0427,.183,.203,.315,.195,.142,.237,.41,.126,.059,.435,.55,.162,.146,.28,.0198,.577,.716,.254,.182,.205,.246,.311,.161,.109,.378,.0905,-.192,.142,.105,.224,.308,.199,.243,0
2022,8,31,52,m,.15,.274,-.0316,.102,.167,.173,.074,.145,.271,.376,-.00958,.159,.334,.426,.0813,.119,.0509,.00444,-.112,.309,.125,.153,.124,.238,.145,.146,.38,.599,-.0426,-.0789,.027,.0704,.113,.302,.102,.229,0
2022,8,31,53,m,-.233,-.0521,-.0153,.17,-.127,.0411,.136,.232,.121,.282,-.0477,.108,.382,.497,.0343,.0286,.0389,.0226,-.286,-.0182,.322,.463,.0872,.183,.392,.448,-.0888,.134,.114,.0794,.0455,.168,-.0125,.184,.00773,.109,0
2022,9,30,1,m,-.0609,-.0232,-.172,-.0849,-.148,-.115,-.0842,-.106,.0195,.0534,-.0821,-.0764,.0858,.115,-.0656,-.0664,.0216,-.103,-.00253,.154,-.0865,-.129,-.0322,-.00515,-.0807,-.185,.132,.0555,-.193,-.223,-.139,-.124,-.014,.026,-.0299,-.00305,0
2022,9,30,2,m,.168,.365,.158,.209,.318,.172,.303,.248,.278,.408,.245,.239,.434,.459,.252,.168,.488,.267,.464,.653,.459,.343,.274,.277,.288,.167,.896,.676,.178,.0655,.238,.187,.301,.395,.283,.299,0
2022,9,30,3,m,.397,.53,.117,.184,.422,.278,.367,.294,.54,.599,.367,.378,.669,.653,.228,.124,.416,.282,.721,.931,.252,.218,.343,.311,.437,.271,.936,.842,.241,.0231,.224,.175,.553,.642,.42,.408,0
2022,9,30,4,m,.116,.0832,.125,.128,.285,.0939,.171,.0634,.275,.242,.14,.0947,.405,.373,.0819,.0569,.123,-.0892,.4,.43,.192,.0756,.19,.163,.225,-.00942,.329,.266,.0772,-.0187,.141,.0538,.236,.197,.173,.139,0
2022,9,30,5,m,.184,.185,.0391,.141,.239,.0843,.123,.0529,.247,.195,.0734,.0225,.281,.2,.0936,.0455,.0812,-.0794,.141,.178,.161,.111,.16,.132,.13,.0093,.451,.283,.0505,-.0315,.0884,.0614,.207,.143,.166,.108,0
2022,9,30,6,m,.101,.0754,-.0732,-.0227,-.00473,-.071,-.0243,-.0771,.0439,.0618,-.0455,-.0621,.011,.0541,-.0322,-.068,-.0854,-.204,.0237,.152,-.0449,-.122,-.0128,.0061,.0279,-.126,.2,.0277,-.137,-.218,-.0726,-.106,.0184,.0414,.00367,.00767,0
2022,9,30,7,m,.038,.0845,-.0358,.0336,.0652,-.0202,.0587,.0134,.154,.194,.0934,.102,.255,.287,.00637,.0286,-.0686,-.129,.303,.595,.221,.123,.0909,.141,.0695,-.0994,.28,.4,-.0912,-.146,-.00113,-.0156,.143,.202,.0923,.136,0
2022,9,30,8,m,-.0372,.0233,.00206,.0618,-.023,-.0958,.00377,-.0826,.0647,.0707,-.0709,-.087,.133,.0994,.164,-.022,-.0289,-.165,.0998,.112,.0792,-.0474,.134,.0657,-.0648,-.21,.164,.0956,-.138,-.252,-.0152,-.0708,.00688,.0115,.0518,.000772,0
2022,9,30,9,m,-.0262,.139,-.14,-.0681,.106,.002,.0379,-.00444,.097,.187,.0345,.0419,.197,.223,.0436,.0569,.104,-.0349,.316,.621,.0155,-.0531,.0859,.108,.0894,-.046,.0489,-.0558,-.143,-.207,-.0643,-.0838,.0862,.151,.0712,.118,0
2022,9,30,10,m,.198,.163,.0729,.119,.19,.0719,.163,.0724,.372,.333,.0861,.0514,.492,.451,.102,.03,.051,-.094,.167,.354,.123,.0585,.223,.2,.214,-.0068,.261,.213,.0152,-.0634,.0788,.0336,.252,.232,.192,.149,0
2022,9,30,11,m,-.153,-.137,.0977,.175,.0129,.0678,-.00639,-.0517,-.0636,-.0496,.128,.116,.445,.432,.172,.0824,.0683,-.0894,.496,.561,.0951,.039,.0357,.0382,.104,-.0685,.353,.372,.081,-.0319,.0828,.0659,.0181,.0313,.064,.0472,0
2022,9,30,12,m,.0223,.00466,-.0641,-.0228,-.136,-.188,.0318,-.0414,.153,.121,.00185,-.00119,.252,.207,.0682,.00534,.103,-.112,.0453,.305,-.0569,-.142,.101,.0666,.0812,-.0859,.326,.107,-.0899,-.174,-.0547,-.0999,.0982,.094,.0881,.0642,0
2022,9,30,13,m,.119,.395,.202,.312,1.27,1.42,.214,.194,.287,.46,.0888,.151,.433,.505,.248,.227,.0972,-.0679,-.061,.307,.189,.168,.225,.307,.0793,-.0135,.27,.332,-.0551,-.0779,.252,.277,.123,.305,.163,.278,0
2022,9,30,14,m,.089,.379,.268,.429,.508,.785,.378,.376,.245,.503,.219,.2,.391,.608,.34,.241,.209,.132,.285,.805,.674,.575,.332,.382,.533,.466,.516,.782,.159,.0366,.334,.361,.27,.511,.304,.385,0
2022,9,30,15,m,.65,.749,1.32,1.44,2.27,2.09,.281,.246,.561,.668,.247,.189,.513,.625,-.15,-.179,1.56,.96,.224,.351,1.09,.983,.146,.149,.279,.195,1,.713,2.68,2.72,1.51,1.42,.432,.472,.128,.12,0
2022,9,30,16,m,.113,.111,.0374,.084,-.00887,-.0424,.121,.0788,.181,.204,.0141,.0175,.242,.292,.227,.195,-.00574,-.0824,.333,.533,.2,.151,.187,.231,.267,.0616,.246,.194,-.0929,-.107,.0296,.0249,.105,.135,.152,.159,0
2022,9,30,17,m,.0539,.136,.0331,.0339,.226,.0903,.101,.0237,.158,.203,.0537,.0516,.261,.265,.14,.0772,.0684,-.0965,.395,.602,.032,-.0174,.149,.132,.153,-.0424,-.0513,-.0336,.0103,-.134,.053,-.0166,.127,.178,.132,.14,0
2022,9,30,19,m,.23,.115,.16,.195,.129,.154,.286,.224,.488,.402,.229,.155,.606,.546,.157,.0958,.353,.00393,.338,.488,.568,.398,.29,.221,.398,.33,.395,.34,.0336,.0445,.235,.171,.367,.311,.258,.199,0
2022,9,30,20,m,.397,.323,.172,.315,.61,.471,.403,.366,.481,.437,.366,.428,.528,.507,.117,.158,.68,.231,.128,1.36,.575,.532,.292,.359,.455,.317,1.32,.828,.597,.23,.387,.342,.499,.574,.319,.377,0
2022,9,30,21,m,-.0919,-.0827,-.149,.0712,-.235,-.191,-.0245,-.0399,.0441,.0375,-.0172,-.014,.205,.177,.0487,-.00413,.107,-.00488,.369,.428,-.109,-.0899,.05,.0197,.0857,-.068,-.129,.00643,-.159,-.19,-.13,-.0456,.00898,.0219,.0217,.0133,0
2022,9,30,22,m,-.0117,.115,-.0562,.0568,-.0163,.218,-.0121,-.047,.296,.305,-.0644,.0103,.531,.431,.0645,-.0154,.254,-.0282,-.0808,.208,.0174,.0236,-.00326,.0707,-.0153,-.236,.149,.122,-.0906,-.157,-.00977,.0151,.186,.238,.149,.151,0
2022,9,30,23,m,.248,.255,.165,.163,.0171,-.191,.411,.213,.326,.271,.198,.159,.384,.281,.351,.137,.262,.00533,.264,.539,.337,.289,.37,.227,.334,.193,.0703,.342,.0546,-.0794,.176,.0897,.232,.23,.274,.194,0
2022,9,30,24,m,.0832,.27,-.00232,.128,-.173,-.104,.185,.123,.297,.437,.163,.204,.536,.604,.194,.152,.277,.0758,.489,.899,.124,.1,.278,.219,.248,.0799,.341,.425,-.00567,-.0768,.0321,.0534,.266,.393,.236,.295,0
2022,9,30,25,m,.296,.424,-.0541,.151,.312,.178,.319,.324,.529,.647,.49,.434,.839,.936,.393,.275,.272,.257,.972,1.14,.308,.446,.396,.389,.711,.476,1.29,.854,-.166,-.0854,.0119,.138,.663,.697,.544,.503,0
2022,9,30,26,m,.442,.556,.134,.23,.558,.491,.263,.273,.381,.52,.152,.221,.353,.504,.103,.0262,.183,.0544,-.0497,.197,.172,.258,.153,.202,.631,.574,-.00478,.196,.204,.178,.183,.221,.206,.364,.158,.19,0
2022,9,30,27,m,.033,.142,.244,.324,-.00488,.248,.699,.677,.488,.548,.545,.504,.921,.891,.296,.262,.431,.138,1.96,2.41,.737,.72,.63,.679,1.52,1.37,.485,.633,.391,.171,.377,.333,.736,.735,.558,.541,0
2022,9,30,28,m,.24,.328,.00955,.0701,.195,.378,.124,.0853,.251,.323,.139,.143,.262,.318,.176,.118,.0579,-.0634,.234,.632,.116,.109,.169,.192,.172,-.00275,.897,.536,.0861,-.0793,.0679,.0612,.201,.28,.192,.215,0
2022,9,30,29,m,.0621,.125,-.14,-.051,-.0768,-.03,.0804,.0489,.152,.223,.16,.141,.253,.333,.228,.115,.398,.113,.0727,.456,.195,.128,.169,.167,.222,.116,.589,.2,-.151,-.218,-.0575,-.056,.235,.245,.232,.192,0
2022,9,30,30,m,.124,.168,.0256,.186,.253,.0748,.116,.0425,.313,.266,.245,.135,.537,.363,.0202,-.0293,.299,-.0899,.278,.702,.392,.247,.0861,.0864,.113,-.0709,.768,.49,-.112,-.261,.0715,.0392,.322,.247,.198,.134,0
2022,9,30,31,m,.179,.339,.124,.206,.127,.0531,.298,.222,.396,.479,.248,.272,.642,.619,.23,.0793,.202,.0123,.363,.729,.273,.163,.293,.246,.324,.202,.573,.616,.197,-.118,.173,.129,.332,.488,.285,.264,0
2022,9,30,32,m,.203,.249,.00877,.145,.165,.0354,.0694,.00758,.161,.17,.0124,.0571,.145,.138,.412,.0475,-.0375,-.2,.0799,.384,.182,.0413,.27,.145,-.0681,-.151,.0464,.129,.04,-.0136,.0508,.0275,.111,.168,.206,.127,0
2022,9,30,33,m,.224,.215,.0253,.192,.104,.113,.0784,.0687,.354,.311,-.0896,.00692,.418,.356,.0755,.0845,.136,.00752,-.306,-.0648,.0988,.0427,.165,.177,.128,.0149,.214,.214,-.119,-.0562,.0389,.0819,.0405,.134,.0543,.115,0
2022,9,30,34,m,.16,.0809,.115,.141,.34,.259,.223,.129,.358,.275,.122,.0666,.461,.378,.0989,.0973,.161,-.0344,.276,.305,.172,.0482,.25,.227,.381,.159,.29,.172,.126,-.14,.158,.0688,.266,.202,.212,.169,0
2022,9,30,35,m,.0164,.0176,-.0314,.0316,-.0185,-.105,.0268,-.0234,.149,.143,.00589,-.0084,.227,.214,.0501,-.00366,-.0812,-.157,.0714,.28,-.0256,-.0916,.116,.105,.0197,-.101,.0179,.032,-.0725,-.181,-.0415,-.0702,.103,.104,.0859,.0689,0
2022,9,30,36,m,.123,.14,.0643,.124,.128,.0499,.164,.075,.299,.242,.158,.0959,.473,.332,.192,.109,.167,-.000849,.324,.5,.152,.0998,.242,.178,.142,-.0103,.277,.273,.0827,.0408,.104,.0807,.274,.236,.243,.188,0
2022,9,30,37,m,-.0338,.0545,.0971,.215,.035,-.0828,.159,.158,.304,.349,.227,.272,.567,.562,.218,.0621,.289,.0214,.661,.943,.227,.31,.12,.15,.191,.108,.155,.188,-.146,-.125,.0948,.114,.309,.397,.28,.259,0
2022,9,30,38,m,.46,.486,.0466,.105,.311,.0716,.259,.141,.614,.574,.0973,.0667,.747,.645,.217,.134,.0967,-.0476,.0214,.093,.217,.0304,.407,.31,.269,.0685,.879,.627,.0342,-.0902,.0985,.0224,.456,.431,.361,.312,0
2022,9,30,39,m,.133,.142,.0965,.168,.127,.0565,.21,.0945,.29,.252,.183,.094,.416,.335,.157,.114,.185,-.0166,.492,.497,.17,.0117,.215,.182,.346,.0787,.32,.194,.0468,-.092,.119,.053,.285,.217,.234,.176,0
2022,9,30,40,m,.226,.34,.193,.294,.379,.136,.231,.229,.462,.503,.128,.217,.666,.631,.148,.081,.328,.199,.197,.89,.365,.371,.184,.225,.335,.261,.247,.178,.218,-.0228,.264,.235,.325,.434,.247,.262,0
2022,9,30,41,m,.0591,.0266,-.0357,-.0131,-.0984,-.118,.0239,-.0448,.15,.116,.0312,-.0289,.212,.177,.0198,-.0315,-.0652,-.0841,.196,.224,.0558,-.0381,.0494,.0463,.0581,-.104,.0391,.0163,-.0763,-.172,-.0395,-.0701,.129,.0799,.0882,.0386,0
2022,9,30,42,m,-.0777,.0463,-.092,-.116,-.199,-.268,.106,.0396,.109,.191,-.13,-.00998,.29,.318,.275,.155,.0513,-.101,-.507,-.258,.00676,-.0426,.162,.167,.23,.0635,.375,.338,-.307,-.467,-.112,-.194,-.0585,.0738,.0452,.103,0
2022,9,30,43,m,.209,.158,.0324,.111,.0217,-.0114,.2,.119,.33,.307,.169,.137,.395,.394,.208,.11,.0303,-.0806,.494,.614,.197,.132,.266,.202,.314,.119,.193,.0814,.112,.00533,.0751,.053,.287,.286,.253,.21,0
2022,9,30,44,m,-.0471,-.0496,.0388,.095,-.101,.1,.229,.227,.51,.474,.321,.232,1.38,1.26,.139,.105,.612,.329,.9,.462,.336,.35,.242,.272,.249,.313,.42,.758,.25,.235,.154,.179,.553,.444,.356,.286,0
2022,9,30,45,m,.0658,.27,.0231,.193,.151,.301,.308,.29,.435,.507,.19,.225,.694,.65,.179,.135,.502,.346,.394,.406,.425,.221,.326,.379,.388,.262,.187,.249,.0619,-.162,.167,.167,.282,.373,.241,.269,0
2022,9,30,46,m,.442,.319,.194,.385,.162,.703,.417,.286,.583,.468,.334,.324,.667,.561,.52,.352,.574,.216,.259,.702,.236,.149,.367,.234,.417,.163,.253,.0796,.584,.0843,.309,.291,.44,.425,.471,.397,0
2022,9,30,47,m,.186,.175,-.0348,.056,.184,.156,.0519,-.00325,.28,.232,-.00958,-.0427,.331,.261,-.028,-.0594,.0639,-.0442,-.102,.012,-.0188,-.0636,.0935,.0965,.0811,-.0859,.287,.192,-.0148,-.135,.00326,-.00116,.139,.118,.0803,.0553,0
2022,9,30,48,m,1.49,1.26,.0761,.11,-.0847,-.189,.364,.258,1.02,.817,.463,.299,.878,.68,.172,.105,.157,.0725,.792,.645,.298,.224,.434,.368,.529,.355,1.45,1.47,-.0771,-.274,.0781,.0125,.981,.773,.608,.472,0
2022,9,30,49,m,.0218,.182,-.0261,.088,.0619,.0704,.12,.0849,.278,.306,.0587,.0712,.454,.378,.057,.058,.121,-.00948,.0763,.375,-.0612,-.0308,.201,.22,.266,.0798,.0829,.118,-.084,-.161,-.0149,.00111,.203,.227,.153,.169,0
2022,9,30,50,m,-.00316,.171,.0556,.104,.00203,.0583,.263,.215,.26,.306,.138,.163,.446,.384,.408,.127,.438,.211,.151,.394,.0586,.0487,.373,.297,.0159,.000862,.959,.684,-.352,-.413,-.00316,-.0243,.214,.249,.268,.207,0
2022,9,30,51,m,.11,.254,.067,.115,.0728,.17,.21,.109,.285,.403,.0707,.0552,.417,.509,.2,.192,.314,.0417,.331,.696,.206,.105,.252,.249,.278,.0736,.151,.412,.298,-.0844,.165,.0731,.23,.305,.218,.259,0
2022,9,30,52,m,.173,.255,-.0523,.0889,.132,.318,.0974,.113,.273,.305,.0457,.138,.327,.33,.095,.0965,.0723,-.0306,-.0181,.298,.161,.131,.132,.186,.143,.103,.413,.43,.0456,-.0672,.038,.0705,.139,.248,.123,.188,0
2022,9,30,53,m,-.152,-.145,.0597,.15,-.177,-.0454,.16,.177,.219,.221,-.0415,.0268,.459,.455,.0484,-.00269,.0513,-.0884,-.312,-.139,.242,.282,.104,.146,.435,.399,.0434,.0793,.189,.115,.0779,.11,-.00228,.0874,.0204,.0438,0
2022,10,31,1,m,-.0413,.00671,-.159,-.0815,-.196,-.116,-.113,-.102,.0381,.0936,-.0835,-.0771,.102,.164,-.0583,-.0463,-.0908,-.125,-.0556,.126,-.174,-.18,-.0351,.0209,-.142,-.181,.185,.0849,-.222,-.22,-.168,-.132,-.000286,.047,-.0183,.0177,0
2022,10,31,2,m,.139,.453,.126,.201,.157,.138,.232,.233,.239,.505,.253,.246,.378,.567,.255,.175,.384,.231,.621,.791,.258,.251,.246,.309,.169,.119,1,.641,.149,.0802,.172,.17,.289,.455,.278,.337,0
2022,10,31,3,m,.187,.446,.153,.221,.223,.167,.293,.283,.373,.598,.302,.36,.535,.717,.251,.143,.165,.193,.611,.953,.122,.194,.299,.342,.33,.239,.665,.571,.194,.054,.168,.174,.429,.623,.361,.406,0
2022,10,31,4,m,.0812,.18,.14,.166,.125,.181,.116,.0646,.249,.325,.108,.0903,.395,.444,.123,.0901,.0079,-.105,.301,.367,.056,.0401,.183,.209,.132,-.0425,.252,.339,-.00899,-.0386,.078,.0638,.226,.242,.184,.18,0
2022,10,31,5,m,.184,.252,.087,.17,.187,.162,.0982,.0573,.246,.259,.0569,.0145,.281,.262,.12,.0806,-.0634,-.121,.1,.219,-.00712,.0189,.185,.183,.0996,-.00274,.43,.288,.0156,-.0729,.0449,.05,.209,.172,.177,.139,0
2022,10,31,6,m,.111,.101,-.0585,-.0192,.155,.11,-.0502,-.0669,.0491,.0978,-.0526,-.0652,.0132,.0959,-.0276,-.0342,-.123,-.175,.00219,.135,-.167,-.174,-.0163,.0415,-.049,-.133,.214,.0529,-.129,-.213,-.0699,-.0858,.023,.0561,.00796,.0282,0
2022,10,31,7,m,-.0409,.138,-.0127,.048,.07,.118,.0223,.0133,.0344,.266,.115,.0969,.0958,.375,.0666,.0924,-.143,-.142,.386,.547,.03,.0276,.0678,.186,-.00641,-.127,.355,.284,-.0761,-.134,-.0273,-.0124,.104,.233,.0919,.18,0
2022,10,31,8,m,.0271,.0685,.0182,.0655,-.0803,-.0685,-.0268,-.0816,.11,.131,-.104,-.106,.163,.169,.159,.00642,-.0902,-.173,.133,.132,-.11,-.134,.142,.108,-.102,-.217,.0331,.0517,-.12,-.24,-.0517,-.0798,.0185,.0331,.0593,.0245,0
2022,10,31,9,m,-.0153,.151,-.1,-.0814,.0117,-.0633,.0102,-.00959,.104,.212,.0372,.038,.199,.257,.0121,.0911,.000399,-.0481,.753,.664,-.132,-.136,.0766,.137,.0703,-.0468,-.0178,-.0541,-.183,-.181,-.0989,-.105,.105,.159,.0723,.135,0
2022,10,31,10,m,.0724,.21,.091,.134,.102,.0982,.106,.0582,.317,.398,.0656,.0309,.505,.527,.0838,.0733,-.024,-.121,.218,.33,.0235,-.00849,.187,.225,.123,-.03,.201,.15,-.00223,-.0741,.0456,.0232,.244,.249,.179,.177,0
2022,10,31,11,m,-.142,-.0472,.163,.217,.0718,.0486,-.0503,-.0636,-.0542,.0374,.0741,.0584,.474,.505,.168,.0948,-.031,-.136,.413,.443,-.0569,-.0351,.0375,.0839,.0746,-.0712,.329,.31,-.0049,-.0603,.0627,.0565,.00823,.0697,.0552,.0775,0
2022,10,31,12,m,.00121,.0429,-.0475,-.0135,-.188,-.198,.0119,-.0245,.154,.186,.00199,.00639,.269,.291,.0835,.0381,.011,-.0903,.1,.316,-.145,-.17,.0985,.116,.0395,-.0829,.217,.0727,-.108,-.163,-.0795,-.0962,.106,.128,.0982,.098,0
2022,10,31,13,m,.0729,.333,.261,.332,1.21,1.25,.185,.193,.277,.461,.0619,.185,.448,.55,.222,.254,.106,.0241,.0419,.469,.145,.135,.206,.334,.0964,.0199,.083,.278,-.045,-.152,.266,.267,.145,.35,.17,.316,0
2022,10,31,14,m,.0536,.513,.281,.429,.602,1.03,.315,.4,.217,.629,.181,.224,.376,.727,.294,.248,.21,.204,.411,.928,.408,.442,.294,.436,.434,.479,.448,.73,.0906,.0429,.295,.37,.262,.611,.281,.441,0
2022,10,31,15,m,.426,.781,1.45,1.53,2.06,1.91,.233,.256,.466,.74,.186,.227,.494,.718,-.121,-.128,1.09,.827,.0994,.401,.874,.892,.145,.221,.226,.184,1.13,.959,2.54,2.2,1.41,1.36,.358,.551,.119,.184,0
2022,10,31,16,m,-.0248,.134,.053,.0971,-.116,-.0665,.0666,.0639,.11,.244,.00598,.00172,.248,.348,.227,.221,-.0756,-.0917,.5,.568,-.0151,.0111,.165,.256,.135,.0204,.182,.219,-.12,-.12,-.022,.00245,.0778,.144,.135,.175,0
2022,10,31,17,m,-.0295,.196,.025,.0444,.0338,-.00819,.0486,.0198,.122,.279,-.00216,.0262,.285,.354,.166,.0865,-.0589,-.109,.358,.568,-.127,-.072,.131,.165,.0866,-.0468,.0245,-.0193,-.0101,-.12,-.018,-.0303,.092,.197,.118,.155,0
2022,10,31,19,m,.171,.249,.124,.231,.0959,.239,.179,.231,.374,.472,.19,.179,.475,.583,.108,.0916,.0893,.0433,.396,.457,.317,.373,.195,.238,.234,.326,.427,.403,-.0601,.0113,.125,.193,.331,.351,.216,.215,0
2022,10,31,20,m,.364,.542,.229,.359,.573,.516,.323,.36,.459,.613,.354,.403,.523,.657,.109,.186,.539,.255,.665,1.41,.388,.454,.286,.431,.313,.282,.826,.692,.309,.145,.337,.344,.55,.677,.342,.445,0
2022,10,31,21,m,-.101,-.0451,-.077,.0721,-.325,-.227,-.0389,-.0342,.0529,.0631,-.0665,-.0196,.244,.189,.0981,.0322,-.000722,-.0337,.246,.358,-.181,-.106,.0597,.0494,.018,-.0806,.0255,-.0634,-.142,-.144,-.123,-.0434,-.0146,.0378,.02,.036,0
2022,10,31,22,m,.0441,.211,.0377,.124,.0844,.223,-.0257,-.0426,.351,.414,-.0242,.00927,.584,.55,.0518,.00526,.102,-.0797,-.0666,.182,-.00674,-.00762,-.017,.114,-.0799,-.269,.406,.177,-.118,-.215,.023,.0241,.255,.293,.19,.195,0
2022,10,31,23,m,.174,.445,.275,.253,-.0388,-.213,.506,.292,.356,.43,.191,.163,.524,.42,.398,.169,.286,.119,.352,.692,.257,.224,.44,.326,.472,.356,.399,.599,.0195,-.0448,.199,.134,.284,.348,.324,.278,0
2022,10,31,24,m,.138,.315,.0339,.11,-.102,-.118,.163,.124,.326,.468,.147,.173,.53,.621,.225,.213,.107,.0154,.467,.675,.0632,.0994,.261,.245,.22,.0975,.516,.479,.0492,-.051,.0399,.0414,.275,.364,.254,.303,0
2022,10,31,25,m,.11,.418,.105,.235,.131,.183,.252,.308,.314,.566,.411,.487,.603,.758,.384,.255,.193,.202,1.53,1.23,.235,.422,.313,.358,.428,.313,-.141,.33,-.166,-.00768,.0599,.191,.537,.69,.471,.49,0
2022,10,31,26,m,.377,.657,.217,.305,.5,.386,.27,.281,.408,.633,.166,.204,.427,.623,.149,.076,.169,.0458,-.0402,.186,.104,.136,.172,.233,.594,.586,.0704,.132,.149,.121,.207,.226,.249,.395,.202,.23,0
2022,10,31,27,m,.186,.34,.305,.427,-.0498,.219,.496,.579,.523,.729,.588,.655,.805,1.06,.255,.315,.383,.0572,2.36,3,.303,.427,.479,.628,.909,.944,.619,.772,.265,.171,.301,.317,.768,.932,.562,.678,0
2022,10,31,28,m,.158,.349,.0524,.0967,.154,.259,.0701,.0815,.231,.394,.0468,.102,.304,.437,.168,.157,-.0154,-.0459,.258,.599,-.0544,.0603,.14,.225,.0768,-.0301,.672,.365,.0207,-.0629,.0342,.0585,.155,.28,.16,.23,0
2022,10,31,29,m,-.00752,.211,-.138,-.0319,-.186,-.0157,.0245,.0451,.122,.306,.106,.118,.288,.412,.252,.141,.209,.0866,.0521,.503,-.0358,.0262,.145,.204,.129,.0578,.177,-.0419,-.192,-.156,-.117,-.045,.177,.272,.204,.218,0
2022,10,31,30,m,.159,.338,-.00527,.179,.182,.133,.0611,.0541,.239,.365,.0693,.12,.329,.39,.0583,.0485,.248,.0541,.0452,.522,.0649,.0745,.0909,.159,.0996,-.0529,.0365,.626,-.212,-.3,-.0143,.019,.157,.28,.116,.186,0
2022,10,31,31,m,.0739,.34,.165,.235,.0859,.0284,.26,.221,.332,.525,.237,.247,.636,.708,.229,.0909,.0256,-.0889,.492,.724,.0472,.00711,.271,.28,.264,.163,.281,.445,.0984,-.103,.121,.1,.332,.493,.284,.273,0
2022,10,31,32,m,.0577,.208,.00637,.131,.0657,-.0466,.0138,-.00654,.129,.224,-.0228,.0474,.163,.23,.392,.0719,-.195,-.258,.000991,.397,-.0302,-.0372,.221,.166,-.12,-.171,.0395,.161,.00895,-.034,-.0256,-.013,.0887,.177,.185,.141,0
2022,10,31,33,m,.23,.26,.052,.189,.0855,.13,.0513,.0489,.348,.333,-.07,-.0166,.407,.367,.12,.119,-.0204,-.0188,-.278,-.0747,.0414,-.0281,.129,.186,.116,-.0072,.38,.277,-.0928,-.151,.018,.0486,.0854,.135,.0989,.129,0
2022,10,31,34,m,.211,.181,.138,.147,.111,.271,.189,.132,.361,.34,.104,.0294,.438,.425,.113,.145,.255,.0756,.258,.334,.0711,.00611,.227,.284,.279,.114,.247,.152,.121,-.104,.142,.0861,.276,.224,.223,.199,0
2022,10,31,35,m,.0186,.0473,-.0154,.0379,-.117,-.118,.02,-.0193,.158,.174,.0222,-.0141,.24,.247,.0764,.017,-.123,-.133,.0296,.242,-.0987,-.118,.13,.138,.0132,-.1,.14,.0498,-.0889,-.208,-.0655,-.0755,.116,.104,.103,.0761,0
2022,10,31,36,m,.132,.242,.122,.14,.0567,.0155,.152,.095,.253,.308,.128,.0726,.369,.367,.25,.199,.00532,-.0576,.391,.457,.0475,.0228,.212,.228,.199,.0651,.462,.271,.0579,-.00733,.0771,.0537,.258,.258,.254,.236,0
2022,10,31,37,m,-.129,.00961,.058,.188,-.185,-.145,.00243,.0756,.152,.33,.0148,.112,.357,.561,.173,.0531,.149,.00784,.339,.585,-.151,.207,.0127,.108,-.0022,-.0163,.147,.227,-.268,-.22,-.0487,.0607,.14,.278,.156,.186,0
2022,10,31,38,m,.572,.548,.0585,.121,.227,.0948,.234,.159,.677,.659,.144,.0936,.76,.748,.2,.133,-.0104,-.0418,.227,.232,.0546,.0261,.379,.344,.235,.0739,.987,.64,.103,.00413,.0768,.0542,.559,.504,.416,.355,0
2022,10,31,39,m,.135,.27,.144,.185,.0272,.0132,.153,.0943,.278,.354,.112,.0651,.395,.418,.171,.127,.066,-.00648,.374,.443,.0683,-.0308,.205,.223,.211,.0642,.29,.157,-.0485,-.137,.0771,.0421,.233,.241,.208,.195,0
2022,10,31,40,m,.108,.388,.209,.321,.221,.0329,.174,.231,.372,.6,.0959,.22,.602,.766,.151,.116,.187,.108,.204,.88,.202,.318,.14,.262,.262,.26,.178,.216,.228,-.0281,.217,.216,.266,.465,.217,.296,0
2022,10,31,41,m,.0896,.0745,-.0268,-.00435,-.127,-.106,.00512,-.0304,.173,.172,.0273,-.0253,.229,.239,.0304,-.00552,-.09,-.0552,.0381,.205,-.0451,-.0804,.0657,.0904,.0037,-.0895,.149,.0503,-.0879,-.174,-.0577,-.0683,.143,.115,.102,.0705,0
2022,10,31,42,m,-.125,.0487,-.081,-.0907,-.31,-.308,.0576,.0433,.0842,.219,-.152,-.00843,.291,.368,.299,.191,-.0599,-.0752,-.545,-.3,-.138,-.101,.139,.19,.14,.0522,.306,.319,-.334,-.453,-.159,-.191,-.0869,.0678,.0318,.112,0
2022,10,31,43,m,.251,.246,.0801,.15,.024,.134,.209,.148,.381,.382,.218,.139,.456,.461,.222,.12,.15,.0557,.546,.492,.0398,.1,.278,.238,.33,.16,.569,.212,.133,.00301,.0905,.0981,.382,.319,.314,.233,0
2022,10,31,44,m,-.0346,-.0545,.0755,.0894,-.213,.0948,.23,.22,.528,.466,.328,.226,1.41,1.25,.077,.099,.671,.322,.727,.454,.352,.343,.203,.266,.302,.306,.893,.749,.333,.228,.174,.173,.583,.436,.335,.279,0
2022,10,31,45,m,.0412,.313,.101,.268,-.0602,.163,.228,.234,.382,.558,.208,.202,.617,.705,.172,.127,.065,.0809,.615,.558,.218,.202,.25,.331,.316,.178,.336,.236,-.193,-.23,.0592,.135,.325,.379,.263,.269,0
2022,10,31,46,m,.394,.437,.21,.366,.302,.567,.296,.258,.465,.587,.332,.364,.495,.681,.488,.371,.202,.0427,.416,.881,.187,.105,.282,.245,.233,.118,.399,.139,.237,.00767,.234,.227,.382,.506,.422,.455,0
2022,10,31,47,m,.125,.259,.0404,.0915,.124,.164,.0482,.00624,.287,.314,.0446,-.0132,.385,.342,-.0166,-.0364,-.0834,-.111,-.145,.0421,.0584,-.0847,.109,.146,-.00479,-.117,.268,.247,.014,-.141,.0308,.000675,.197,.197,.122,.114,0
2022,10,31,48,m,1.47,1.26,.0584,.158,-.206,-.164,.293,.258,1.02,.867,.432,.285,.879,.748,.183,.134,.137,.0325,.504,.537,.27,.197,.397,.385,.385,.297,1.78,1.53,-.151,-.214,.0282,.0432,.957,.785,.6,.492,0
2022,10,31,49,m,-.042,.353,.00293,.113,-.0089,.107,.0176,.0971,.126,.422,-.0403,.0541,.238,.462,-.0533,.0986,-.136,-.0254,.0898,.308,-.209,-.0538,.0875,.259,.133,.0844,.109,.111,-.136,-.148,-.0837,.0104,.0708,.234,.0279,.187,0
2022,10,31,50,m,.0485,.236,.068,.124,-.0712,.0324,.24,.217,.315,.413,.117,.171,.492,.516,.418,.174,.24,.199,.14,.325,-.0365,.00301,.381,.337,.0412,-.023,.622,.598,-.368,-.418,-.0446,-.0301,.243,.29,.293,.25,0
2022,10,31,51,m,.101,.309,.132,.159,-.0113,.134,.174,.105,.317,.474,.072,.0436,.486,.59,.218,.173,.0907,-.0423,.328,.646,.166,.133,.254,.271,.18,.0613,.318,.48,.177,-.0976,.129,.0762,.25,.314,.237,.258,0
2022,10,31,52,m,.0412,.258,-.00551,.106,.0385,.0755,.0652,.101,.241,.375,.016,.0948,.356,.434,.127,.136,-.0267,-.0515,.0243,.232,.0477,.0457,.101,.217,.126,.0941,.471,.316,.0489,-.0534,.0161,.0393,.119,.229,.123,.192,0
2022,10,31,53,m,-.167,-.0529,.0655,.203,-.023,.0373,.143,.205,.203,.312,-.0581,.0486,.459,.546,.0658,.0633,-.0917,-.0592,-.352,-.0914,.194,.293,.134,.204,.37,.4,.00814,.0601,-.02,-.0264,.0434,.133,.00712,.156,.0333,.111,0
2022,11,30,1,m,.0165,.338,-.194,-.121,-.117,-.0987,-.0686,-.0409,.0452,.364,-.0988,-.000626,.0692,.384,-.0652,.00844,.0133,-.104,-.0607,.178,-.113,-.157,-.025,.143,.0114,-.0776,.187,.28,-.157,-.254,-.143,-.148,-.00595,.259,-.0232,.18,0
2022,11,30,2,m,.151,.627,.104,.107,.244,.137,.257,.254,.22,.669,.231,.311,.311,.72,.216,.2,.669,.342,.46,.738,.374,.24,.228,.384,.278,.174,.962,.949,.162,.0364,.206,.126,.261,.613,.247,.438,0
2022,11,30,3,m,.265,.765,.128,.141,.589,.318,.331,.339,.36,.906,.358,.518,.433,1.02,.186,.209,.464,.272,.642,1.13,.267,.258,.272,.453,.441,.303,.874,1.25,.275,.0354,.256,.168,.429,.927,.339,.603,0
2022,11,30,4,m,.14,.588,.108,.119,.31,.2,.155,.134,.22,.704,.105,.215,.285,.8,.0991,.162,.133,-.0873,.271,.453,.149,.051,.173,.352,.28,.0394,.378,.757,.141,-.0194,.142,.0549,.189,.555,.154,.394,0
2022,11,30,5,m,.272,.701,.0485,.0462,.381,.313,.142,.124,.255,.632,.0244,.101,.247,.597,.0735,.163,.0625,-.0809,.027,.254,.17,.0681,.172,.317,.249,.0953,.365,.552,.0816,-.133,.112,.0241,.173,.432,.14,.335,0
2022,11,30,6,m,.159,.495,-.0824,-.0641,.0718,-.00269,-.0033,-.00386,.0528,.387,-.0663,.00902,-.00652,.326,-.00458,.0269,.00462,-.131,.0082,.18,-.0583,-.144,.00859,.166,.119,-.0174,.173,.25,-.109,-.261,-.0513,-.115,.0175,.273,.0123,.197,0
2022,11,30,7,m,.0631,.496,-.0677,-.0064,.176,.0226,.0827,.0822,.106,.596,.0884,.209,.142,.682,.0622,.158,-.0388,-.121,.19,.555,.193,.0982,.1,.324,.221,-.0196,.192,.586,-.0499,-.162,.00269,-.0337,.109,.509,.097,.375,0
2022,11,30,8,m,.119,.511,-.00605,.00951,-.0281,.0438,.0375,-.00478,.115,.461,-.0704,-.00131,.113,.431,.0612,.0642,.104,-.14,.0324,.183,.00847,-.0891,.124,.238,.0854,-.102,.183,.427,-.0203,-.243,.0108,-.0754,.0342,.299,.0422,.224,0
2022,11,30,9,m,.0758,.467,-.16,-.155,.0633,-.0492,.0685,.0401,.136,.454,.0123,.115,.182,.445,.0175,.166,.175,-.0279,.489,.596,-.0225,-.0615,.0916,.244,.252,.0322,.0948,.201,-.0922,-.231,-.0633,-.131,.102,.339,.0727,.278,0
2022,11,30,10,m,.158,.593,.0701,.0713,.175,.113,.155,.127,.293,.769,.0699,.144,.387,.89,.0705,.149,.0619,-.106,.121,.381,.132,.00553,.174,.356,.278,.0633,.253,.536,.107,-.123,.0944,-.00233,.212,.537,.158,.379,0
2022,11,30,11,m,-.0386,.567,.104,.176,.282,.219,.0175,.0164,.0147,.617,.0934,.232,.352,.891,.168,.207,.159,-.0969,.281,.568,.0807,.0171,.0673,.392,.212,.0351,.742,1.03,.175,-.0535,.135,.0722,.0607,.576,.09,.461,0
2022,11,30,12,m,.12,.456,-.0731,-.0458,-.0502,-.14,.069,.0429,.194,.508,.00101,.0901,.251,.546,.0675,.0763,.128,-.0967,.0225,.28,-.0779,-.169,.115,.245,.214,.0265,.22,.348,-.0622,-.207,-.0437,-.113,.121,.371,.104,.272,0
2022,11,30,13,m,.107,.723,.165,.209,1.53,1.45,.184,.244,.168,.813,.0216,.292,.21,.875,.22,.384,.157,.0382,-.0488,.463,.169,.159,.197,.473,.153,.0726,.199,.729,-.103,-.197,.246,.227,.0373,.578,.0908,.51,0
2022,11,30,14,m,.0401,.737,.208,.269,.738,1.16,.35,.432,.147,.857,.214,.271,.244,.957,.232,.275,.209,.158,.357,.985,.571,.483,.259,.526,.593,.529,.36,.997,.197,.00902,.33,.309,.208,.824,.225,.568,0
2022,11,30,15,m,.716,1.44,1.35,1.35,2.82,2.82,.28,.33,.525,1.21,.118,.294,.424,1.09,-.153,-.1,1.75,1.12,.094,.353,1.25,1.18,.165,.327,.327,.265,.517,.983,2.78,2.12,1.63,1.45,.353,.857,.117,.34,0
2022,11,30,16,m,.143,.555,-.0313,.00368,.00118,-.0462,.115,.13,.167,.609,-.0132,.112,.188,.661,.213,.286,-.0151,-.117,.251,.6,.167,.114,.191,.399,.284,.112,.121,.353,-.0744,-.128,-.00243,-.0239,.0796,.413,.125,.362,0
2022,11,30,17,m,.0431,.492,.00187,-.0306,.229,.0836,.0835,.0865,.0982,.538,-.00743,.146,.151,.58,.107,.133,.136,-.0834,.238,.494,.00168,-.0419,.106,.286,.168,.047,.013,.205,.144,-.161,.0627,-.0507,.0536,.42,.0717,.312,0
2022,11,30,19,m,.16,.558,.0762,.126,.166,.219,.214,.253,.312,.754,.167,.231,.389,.853,.0733,.108,.241,.0177,.27,.461,.574,.453,.188,.304,.333,.331,.38,.705,.0224,.0042,.181,.15,.257,.568,.17,.328,0
2022,11,30,20,m,.372,.892,.103,.187,.83,.625,.38,.457,.481,1.03,.409,.593,.55,1.11,.137,.339,.587,.315,.492,1.52,.649,.514,.298,.626,.458,.353,.678,1.32,.543,.183,.362,.294,.524,1.07,.352,.726,0
2022,11,30,21,m,-.0951,.199,-.113,-.0642,-.155,-.264,.0222,.00448,.0232,.28,-.0227,.0561,.17,.373,.0899,.0768,.159,-.0108,.246,.308,-.0482,-.0935,.061,.157,.198,.0507,.00175,.146,-.141,-.232,-.0885,-.124,-.00785,.199,.0207,.159,0
2022,11,30,22,m,.0668,.631,-.0842,-.00431,-.00686,.21,.000179,.0372,.346,.838,-.0069,.13,.559,.976,.0334,.124,.384,-.0565,-.0973,.298,-.179,.0411,-.00904,.276,.0935,-.15,.483,.489,-.0731,-.211,-.0452,-.024,.239,.637,.18,.462,0
2022,11,30,23,m,.253,.693,.158,.0797,.123,-.108,.522,.299,.306,.643,.284,.247,.35,.609,.374,.225,.357,.0806,.424,.534,.305,.225,.395,.419,.501,.331,.495,.714,.141,-.0386,.199,.0648,.286,.531,.316,.411,0
2022,11,30,24,m,.265,.612,-.0505,-.0171,-.061,-.0511,.195,.159,.389,.737,.118,.228,.518,.862,.134,.238,.288,.0865,.488,.642,.0756,.0461,.272,.343,.35,.163,.536,.898,.0814,-.108,.0344,-.0151,.273,.54,.218,.417,0
2022,11,30,25,m,.149,.675,.0353,.0803,.34,.297,.363,.363,.357,.847,.624,.614,.649,1.07,.342,.284,.371,.272,2.02,1.79,.414,.445,.325,.461,.73,.47,.797,.881,.00102,.00541,.123,.14,.616,.912,.501,.624,0
2022,11,30,26,m,.65,1.15,.171,.171,.8,.509,.348,.322,.518,.991,.259,.315,.461,.923,.14,.137,.308,.0221,.0163,.179,.229,.147,.214,.303,.868,.648,.169,.531,.661,.168,.279,.166,.354,.694,.256,.406,0
2022,11,30,27,m,.0721,.488,.227,.271,.164,.316,.622,.734,.497,1.09,.498,.64,.852,1.6,.27,.399,.265,.156,1.67,2.42,.432,.459,.464,.726,1.59,1.57,.586,1.13,.258,.152,.282,.271,.633,1.09,.496,.807,0
2022,11,30,28,m,.333,.689,-.0242,-.0208,.415,.262,.145,.129,.316,.626,.0986,.205,.3,.567,.173,.188,.123,.0377,.281,.549,.0955,.0713,.186,.3,.242,.0763,.451,.692,.079,-.0879,.0764,.0163,.225,.477,.207,.359,0
2022,11,30,29,m,.019,.4,-.149,-.0757,.00811,-.0354,.0665,.0853,.0444,.445,.117,.205,.0717,.495,.185,.16,.401,.144,-.00451,.431,.148,.15,.116,.282,.19,.12,.349,.331,-.129,-.191,-.0528,-.0554,.132,.416,.15,.31,0
2022,11,30,30,m,.253,.552,.0167,-.000889,.385,.203,.124,.0682,.323,.646,.107,.173,.392,.739,.0331,.106,.256,.00896,-.0885,.45,.42,.149,.129,.262,.2,.0283,.506,.812,-.19,-.389,.0679,-.0666,.236,.473,.156,.324,0
2022,11,30,31,m,.154,.676,.0825,.145,.182,.0864,.274,.282,.344,.879,.185,.357,.546,1.08,.192,.147,.157,-.0438,.482,.882,.136,.0899,.272,.371,.519,.345,.0623,.678,.145,-.184,.12,.0737,.284,.79,.246,.439,0
2022,11,30,32,m,.177,.634,-.00949,.0397,.241,.0153,.0378,.074,.119,.527,-.0445,.15,.0958,.483,.184,.16,-.0715,-.223,.0435,.426,.0765,-.0379,.152,.299,-.0131,-.0198,-.147,.324,.115,-.0877,.0366,-.045,.0572,.41,.105,.325,0
2022,11,30,33,m,.278,.667,-.00787,.0313,.0448,.112,.0676,.0758,.324,.677,-.105,.0409,.347,.682,.0838,.161,.0746,-.0598,-.312,-.0134,.0985,-.0749,.137,.292,.192,.0416,.307,.465,-.11,-.264,.0137,-.0476,.048,.357,.063,.282,0
2022,11,30,34,m,.38,.728,.103,.108,.259,.418,.231,.233,.372,.796,.0792,.155,.364,.832,.0499,.2,.376,.0537,.266,.476,.153,.0505,.251,.446,.424,.257,.405,.488,.188,-.154,.177,.0783,.265,.584,.2,.462,0
2022,11,30,35,m,.138,.445,-.0584,-.0356,-.0681,-.0717,.052,.0505,.17,.497,-.0141,.0713,.188,.527,.0203,.0763,-.0626,-.15,.0311,.342,-.015,-.101,.11,.272,.183,.0189,.0227,.197,-.0328,-.222,-.0467,-.101,.106,.364,.0805,.271,0
2022,11,30,36,m,.144,.521,.0475,.0467,.21,.0745,.211,.165,.234,.583,.15,.179,.319,.638,.173,.235,.276,.0413,.263,.507,.213,.0839,.208,.361,.356,.148,.523,.642,.134,-.0093,.138,.0468,.242,.502,.216,.401,0
2022,11,30,37,m,-.0344,.288,-.109,.0334,-.0538,-.152,.0218,.112,.208,.666,.0815,.248,.376,.94,.111,.0936,.216,-.0215,.423,.713,-.0196,.157,.0405,.203,.0365,.057,.22,.346,-.177,-.259,-.0628,-.023,.171,.534,.156,.353,0
2022,11,30,38,m,.512,.878,-.0131,.0489,.123,.0898,.23,.196,.545,.915,.119,.158,.571,.944,.095,.118,.0859,-.0593,.123,.256,.221,.0641,.312,.423,.42,.197,1.15,1.03,.138,-.0519,.0836,.015,.458,.718,.321,.477,0
2022,11,30,39,m,.137,.581,.116,.0906,.182,.196,.191,.174,.22,.616,.166,.256,.287,.642,.124,.181,.206,.024,.485,.483,.0906,-.00173,.169,.34,.345,.175,.34,.619,.0843,-.146,.13,.0319,.227,.529,.187,.389,0
2022,11,30,40,m,.232,.717,.146,.202,.546,.238,.229,.308,.429,.893,.104,.355,.595,1.03,.129,.176,.292,.16,.183,.871,.398,.456,.176,.365,.398,.367,.187,.67,.246,-.0458,.261,.207,.303,.732,.231,.462,0
2022,11,30,41,m,.113,.434,-.0698,-.0637,.029,-.0377,.0467,.0191,.16,.445,.0213,.045,.195,.453,.0126,.0495,.0139,-.0679,.0607,.171,-.0176,-.105,.0518,.198,.159,-.00623,.048,.203,-.0371,-.21,-.0341,-.0996,.138,.325,.0925,.223,0
2022,11,30,42,m,-.00547,.321,-.133,-.199,-.187,-.258,.101,.113,.148,.488,-.168,.12,.289,.635,.26,.261,.0804,-.0463,-.579,-.274,-.0213,-.0345,.157,.301,.318,.15,.278,.706,-.334,-.467,-.134,-.221,-.0604,.295,.0337,.283,0
2022,11,30,43,m,.298,.707,.0127,.102,.187,.314,.231,.227,.29,.721,.175,.251,.285,.729,.125,.147,.189,-.00779,.456,.524,.239,.17,.205,.351,.525,.3,.385,.528,.354,.081,.153,.114,.303,.601,.231,.405,0
2022,11,30,44,m,-.34,-.0238,.00306,.125,-.062,.13,.0879,.26,.11,.514,.23,.266,.914,1.32,-.128,.135,.466,.365,.0954,.501,.195,.387,-.00568,.307,.284,.348,.734,.806,.0432,.268,.0768,.211,.185,.483,.0371,.32,0
2022,11,30,45,m,.106,.547,.0433,.0947,.37,.405,.305,.311,.486,.899,.226,.343,.742,1.11,.155,.186,.27,.169,.419,.33,.437,.273,.336,.462,.46,.249,.431,.916,.0451,-.0844,.167,.129,.358,.661,.281,.454,0
2022,11,30,46,m,.301,.691,.168,.273,.341,.598,.31,.36,.302,.913,.21,.485,.281,1.05,.37,.53,.452,.251,.174,.672,.236,.152,.27,.409,.426,.282,.046,.406,.336,.055,.27,.236,.244,.769,.291,.679,0
2022,11,30,47,m,.279,.796,.0211,.0283,.198,.107,.0709,.085,.32,.737,-.000217,.0788,.345,.707,-.0191,.0417,.122,-.0768,-.153,.124,.0686,-.106,.121,.291,.11,.016,.239,.424,-.0296,-.132,.0514,-.0293,.164,.488,.104,.329,0
2022,11,30,48,m,1.65,2.51,-.0279,.0894,-.244,-.17,.314,.34,1.05,1.39,.374,.383,.838,1.04,.144,.184,.21,.0212,.377,.59,.454,.224,.454,.575,.539,.428,1.64,2.2,-.0511,-.255,.0241,.00384,.904,1.2,.578,.742,0
2022,11,30,49,m,.096,.777,-.0406,.0155,-.0756,.291,.078,.199,.144,.761,-.03,.208,.172,.752,-.0784,.168,.173,.12,.00279,.334,-.101,-.0423,.0997,.386,.327,.251,.0912,.451,-.0722,-.121,-.0283,.0201,.0738,.509,.0237,.392,0
2022,11,30,50,m,.14,.681,.0387,.0152,.0555,.169,.282,.325,.336,.806,.104,.304,.466,.878,.244,.268,.413,.271,.0604,.354,.118,.0594,.319,.49,.199,.111,.572,.946,-.356,-.425,.00453,-.0388,.227,.578,.23,.47,0
2022,11,30,51,m,.076,.697,.0593,.0894,.412,.36,.192,.176,.199,.846,.0819,.163,.29,.95,.118,.223,.193,-.0199,.378,.651,.228,.0797,.19,.413,.339,.17,.0673,.822,.27,-.154,.175,.0527,.157,.588,.141,.442,0
2022,11,30,52,m,.285,.698,-.0532,-.0255,.35,.17,.102,.123,.324,.651,-.0371,.131,.345,.627,.0892,.16,.0269,-.108,-.0766,.243,.127,.004,.133,.285,.21,.139,.437,.528,.15,-.0692,.059,-.0241,.101,.424,.0983,.318,0
2022,11,30,53,m,-.0358,.235,.0226,.0966,.0237,.0614,.168,.258,.238,.629,-.019,.149,.405,.882,.0475,.131,.0685,-.0401,-.343,-.106,.348,.398,.127,.298,.503,.478,.0323,.389,.177,.00101,.093,.105,.0491,.367,.0481,.253,0
2022,12,31,1,m,-.14,.478,-.16,-.0762,-.187,-.151,-.11,.0134,-.0962,.56,-.125,.0318,-.0608,.625,-.0919,.108,-.049,-.158,-.0645,.0711,-.0997,-.14,-.104,.245,-.0285,-.00228,.0272,.73,-.215,-.335,-.148,-.153,-.111,.384,-.107,.297,0
2022,12,31,2,m,.0371,.693,.137,.13,.323,.232,.219,.317,.12,.837,.134,.306,.218,1.01,.277,.306,.553,.278,.349,.477,.33,.262,.194,.512,.238,.265,.476,1.47,.121,-.0479,.208,.119,.139,.706,.188,.537,0
2022,12,31,3,m,.116,.885,.105,.17,.393,.285,.277,.389,.219,1.12,.258,.439,.293,1.3,.252,.353,.295,.219,.71,.787,.227,.25,.21,.561,.397,.392,.456,1.74,.293,-.0222,.211,.159,.275,.993,.27,.704,0
2022,12,31,4,m,-.0599,.661,.097,.149,.19,.139,.0934,.191,.07,.885,.0216,.224,.177,1.07,.0954,.304,.144,-.112,.256,.382,.155,.114,.0911,.465,.237,.116,.137,1.15,.0511,-.0986,.116,.0551,.0456,.65,.0596,.509,0
2022,12,31,5,m,.0984,.763,.105,.0807,.304,.234,.103,.141,.107,.722,.0112,.0666,.112,.701,.0885,.284,.0694,-.159,.0536,.0481,.171,.0237,.0971,.361,.187,.143,.197,.899,.055,-.223,.127,-.00713,.0757,.449,.0796,.389,0
2022,12,31,6,m,.0103,.667,-.0712,-.0306,-.0486,-.0512,-.0381,.054,-.0626,.559,-.0834,.0622,-.104,.498,.00391,.128,-.0649,-.195,-.00759,.0752,-.0433,-.125,-.0487,.259,.0848,.0658,.108,.722,-.109,-.289,-.0661,-.119,-.0717,.401,-.0519,.317,0
2022,12,31,7,m,-.109,.627,-.0412,.0492,.0104,-.0118,.0267,.139,-.0147,.754,-.00365,.214,.0686,.862,.0527,.289,-.053,-.161,.209,.398,.196,.113,.031,.426,.133,.049,-.00297,1.29,-.0607,-.167,-.00253,-.0191,-.0306,.588,-.000605,.475,0
2022,12,31,8,m,-.0511,.619,.0291,.043,.0236,-.0756,-.00175,.0331,.00928,.612,-.102,-.0193,.0503,.607,.0425,.198,-.00622,-.205,.0503,.00874,.0211,-.0727,.0556,.334,.0471,-.0434,.028,.708,-.0796,-.289,.00852,-.0929,-.0502,.363,-.0243,.31,0
2022,12,31,9,m,-.0523,.551,-.18,-.106,-.0673,-.112,.00632,.0935,-.00475,.574,-.0719,.108,.0309,.591,.0973,.295,.178,-.0195,.276,.233,-.107,-.0875,.0213,.321,.147,.119,-.12,.531,-.0733,-.25,-.096,-.125,-.0479,.38,-.00527,.35,0
2022,12,31,10,m,.062,.76,.104,.113,.152,.0511,.127,.169,.179,.922,.019,.125,.262,1.03,.0865,.296,.0994,-.144,.102,.186,.148,.0317,.133,.445,.254,.123,.145,.99,.0589,-.185,.109,-.00477,.106,.596,.0973,.473,0
2022,12,31,11,m,.2,.745,.107,.229,.0687,.0741,-.0296,.0406,.193,.801,.00546,.196,.173,1.12,.146,.336,.0148,-.165,.377,.406,.0523,.0107,.14,.509,.15,.0816,.182,1.51,.0635,-.138,.0767,.0556,.152,.687,.153,.578,0
2022,12,31,12,m,-.0899,.526,-.0695,.0162,-.0685,-.113,.00917,.11,.00647,.635,-.0346,.117,.0816,.716,.0686,.187,.11,-.0956,.119,.159,-.0873,-.126,.0136,.315,.127,.143,.0272,.67,-.0938,-.267,-.0514,-.0901,-.0169,.449,.00531,.361,0
2022,12,31,13,m,-.0114,1.02,.185,.278,1.52,1.71,.156,.344,.0445,1.13,-.0297,.249,.0833,1.21,.241,.629,.157,.0239,-.132,.146,.233,.199,.139,.669,.129,.202,-.194,1.07,-.128,-.221,.275,.284,-.0691,.658,.0199,.648,0
2022,12,31,14,m,-.0552,1.01,.215,.291,.465,1.08,.273,.496,.047,1.21,.139,.251,.134,1.38,.286,.426,.219,.0497,.444,.66,.483,.416,.195,.712,.485,.59,.135,2.05,.123,-.0733,.284,.269,.0879,1.04,.165,.756,0
2022,12,31,15,m,.429,1.49,1.36,1.42,3.08,3.17,.263,.369,.322,1.34,.125,.219,.265,1.25,-.128,.0244,1.52,1.08,.0382,-.0475,1.06,.963,.103,.4,.28,.314,.383,1.52,3.9,2.65,1.65,1.5,.217,.785,.0537,.374,0
2022,12,31,16,m,-.0353,.613,.0199,.0694,.0181,-.019,.0679,.189,.0253,.753,-.0942,.133,.0799,.887,.214,.413,-.0138,-.0902,.233,.465,.081,.095,.105,.491,.247,.194,-.145,.788,-.106,-.192,.00614,-.00302,-.0482,.497,.0369,.464,0
2022,12,31,17,m,-.0315,.642,.0169,.0281,.0896,.0853,.0543,.182,.0318,.755,-.0571,.201,.0893,.859,.124,.285,.0177,-.137,.0914,.379,.0202,.00375,.0716,.426,.175,.187,-.155,.737,.0339,-.164,.0292,-.0269,-.0251,.564,.0213,.459,0
2022,12,31,19,m,.0829,.89,.144,.166,.184,.28,.2,.315,.221,1.1,.139,.244,.293,1.2,.104,.228,.23,-.0539,.285,.335,.521,.377,.167,.441,.265,.387,.248,1.41,.0657,-.0202,.212,.145,.179,.76,.146,.482,0
2022,12,31,20,m,.193,1.02,.129,.258,.582,.557,.327,.529,.336,1.24,.33,.602,.427,1.37,.188,.505,.584,.175,.234,.953,.499,.484,.239,.746,.431,.468,.623,2.11,.649,.15,.345,.294,.375,1.2,.293,.873,0
2022,12,31,21,m,-.187,.268,-.175,-.0881,-.174,-.243,-.0411,.0487,-.0753,.403,-.0563,.104,.058,.56,.0534,.167,.0633,-.0601,.284,.265,-.073,-.06,-.0205,.233,.114,.139,-.174,.521,-.187,-.296,-.139,-.148,-.0797,.294,-.0419,.253,0
2022,12,31,22,m,-.0411,.788,-.0309,.0802,.0559,.14,-.0699,.0744,.146,.98,-.117,.0958,.281,1.11,-.00724,.282,.259,-.0432,-.339,.0433,-.121,-.0195,-.106,.349,.0496,-.0668,.227,.889,-.124,-.301,-.017,-.017,.0439,.702,.0313,.558,0
2022,12,31,23,m,.173,1.2,.236,.159,.642,.403,.579,.452,.17,1.08,.186,.249,.17,1.01,.364,.423,.124,-.0116,.172,.315,.382,.293,.315,.675,.524,.499,.206,1.23,.0632,-.0709,.244,.132,.144,.789,.212,.646,0
2022,12,31,24,m,.0162,.56,-.0181,-.012,-.0614,-.0896,.131,.157,.122,.714,.0667,.176,.228,.867,.134,.355,.319,.0258,.46,.326,.0619,-.0183,.136,.334,.291,.23,.182,.822,.0176,-.244,.0396,-.0614,.0774,.476,.0962,.427,0
2022,12,31,25,m,.0512,.888,.171,.246,.341,.356,.342,.491,.298,1.16,.506,.668,.654,1.52,.402,.433,.261,.306,2.04,1.26,.432,.459,.304,.673,.682,.655,1.29,2.62,-.123,-.147,.158,.192,.493,1.18,.453,.837,0
2022,12,31,26,m,.472,1.36,.248,.227,.789,.396,.339,.387,.347,1.17,.285,.372,.293,1.09,.213,.276,.401,.000693,-.0115,.0781,.324,.203,.207,.381,.759,.725,.0937,.982,.739,.126,.355,.191,.251,.795,.236,.527,0
2022,12,31,27,m,.0197,.552,.182,.317,-.00216,.288,.488,.706,.469,1.25,.557,.584,.844,1.84,.282,.669,.451,.124,2.8,2.21,.581,.467,.4,.829,1.21,1.34,.782,1.62,.597,.122,.357,.281,.659,1.13,.503,.943,0
2022,12,31,28,m,.0661,.765,-.0114,.0191,.288,.18,.0761,.176,.117,.764,.0235,.196,.17,.763,.185,.35,.07,-.0794,.182,.22,.057,.101,.087,.401,.146,.149,.296,1.12,.0706,-.141,.0575,.00489,.0552,.539,.102,.462,0
2022,12,31,29,m,-.071,.57,-.136,-.0762,.0773,.0274,.0421,.171,.0166,.72,.0581,.253,.114,.888,.187,.283,.482,.193,.00282,.286,-.0000372,.176,.0598,.42,.155,.239,.199,.817,-.162,-.252,-.0587,-.059,.0508,.594,.0951,.466,0
2022,12,31,30,m,.0441,.615,.0246,.0142,.104,.0487,.0764,.128,.118,.765,.0317,.263,.187,.912,.104,.322,.232,.0451,-.0507,.36,.365,.231,.0644,.366,.0911,.076,.352,1.77,-.13,-.476,.0653,-.0809,.0776,.59,.0819,.481,0
2022,12,31,31,m,-.0204,.707,.106,.208,.244,.0582,.235,.349,.198,1.01,.211,.288,.434,1.3,.227,.326,.204,.0648,.438,.508,.182,.125,.194,.458,.468,.458,.0725,1.24,.106,-.207,.15,.117,.16,.745,.194,.516,0
2022,12,31,32,m,.0125,.659,.0122,.0974,.102,.0475,.0149,.12,.0102,.648,-.0147,.16,.00945,.644,.24,.297,-.102,-.258,.0165,.226,.1,-.0378,.116,.381,-.0438,.0355,-.128,.7,-.00379,-.239,.0201,-.0499,-.0128,.478,.0682,.417,0
2022,12,31,33,m,.12,.753,.0383,.0386,.0524,.0583,.0566,.104,.182,.794,-.0875,.0113,.213,.812,.109,.282,.165,-.121,-.315,-.173,.102,-.0889,.0945,.356,.157,.0973,.166,.777,-.0975,-.311,.0514,-.0713,-.0274,.366,.0212,.334,0
2022,12,31,34,m,.139,.882,.132,.131,.186,.161,.147,.283,.145,.95,.00991,.181,.146,.986,.0437,.344,.222,-.0427,.187,.163,.287,.114,.129,.521,.336,.355,.0067,1.1,.149,-.209,.182,.0544,.0792,.678,.066,.572,0
2022,12,31,35,m,-.0817,.479,-.0382,-.00278,-.12,-.118,.00228,.0955,.00607,.618,-.0273,.0971,.0567,.698,.0158,.186,-.0702,-.17,.0299,.138,-.0267,-.0989,.00737,.326,.122,.114,-.0894,.554,-.0641,-.282,-.0515,-.107,-.0056,.431,-.000686,.352,0
2022,12,31,36,m,.0148,.62,.0925,.115,.124,.0752,.18,.255,.12,.788,.0935,.263,.214,.938,.214,.408,.151,.00506,.24,.338,.156,.0879,.147,.499,.195,.119,.152,1.36,.194,-.00195,.132,.0714,.111,.655,.14,.562,0
2022,12,31,37,m,-.174,.397,-.000461,.153,-.133,-.162,.0146,.22,.0963,.81,-.059,.13,.299,1.11,.122,.26,.24,-.0338,.189,.217,-.0171,.126,-.00674,.297,.0826,.329,.045,.71,-.218,-.281,-.0234,.0147,.0144,.497,.0566,.4,0
2022,12,31,38,m,.366,1.17,.0131,.108,.0165,.0466,.183,.236,.419,1.23,.0685,.129,.462,1.27,.153,.226,.0237,-.168,.0738,.0922,.12,.0793,.277,.574,.396,.229,.642,1.42,.0878,-.148,.0555,-.00224,.35,.869,.277,.611,0
2022,12,31,39,m,-.0292,.592,.0912,.12,.0756,.146,.114,.219,.0883,.729,.0444,.225,.181,.832,.13,.316,.12,-.0571,.26,.323,.133,.00624,.0962,.422,.254,.269,.127,1.05,.00326,-.183,.0904,.0195,.057,.549,.0783,.456,0
2022,12,31,40,m,.0536,.68,.186,.242,.436,.0952,.222,.338,.274,.934,.133,.347,.46,1.13,.201,.342,.305,.0743,.234,.529,.547,.437,.137,.41,.374,.426,.158,1.24,.54,-.00558,.328,.204,.191,.735,.198,.544,0
2022,12,31,41,m,-.0778,.55,-.08,-.0257,-.0579,-.0864,-.0153,.0775,-.00534,.624,-.0168,.0841,.0482,.676,-.0216,.133,.0177,-.0611,.066,.0699,-.0026,-.0949,-.0378,.283,.112,.0937,.014,.672,-.133,-.287,-.0629,-.103,.0048,.441,-.00755,.327,0
2022,12,31,42,m,-.174,.315,-.134,-.158,-.0802,-.233,.061,.148,-.00143,.548,-.118,.0758,.157,.75,.274,.436,.103,-.0395,-.541,-.446,-.0457,-.0489,.0792,.373,.235,.207,.205,1.22,-.31,-.476,-.118,-.204,-.0964,.289,.0181,.342,0
2022,12,31,43,m,.102,.864,.0143,.112,.0749,.174,.132,.241,.149,.933,.11,.236,.177,.974,.1,.252,.174,-.0504,.412,.355,.199,.139,.121,.442,.345,.299,.116,1.12,.0729,-.00717,.0849,.0754,.146,.687,.125,.499,0
2022,12,31,44,m,-.312,.0106,.0125,.213,-.307,.0426,.0587,.305,.00684,.567,.00759,.205,.436,1.4,-.0747,.209,.176,.105,-.226,.128,.484,.52,-.0375,.318,.145,.38,-.0775,.869,.28,.313,.0975,.246,-.0778,.415,-.0791,.319,0
2022,12,31,45,m,-.0274,.65,.0605,.0947,.141,.272,.274,.302,.281,.948,.144,.205,.492,1.13,.191,.331,.26,.0535,.386,.12,.49,.239,.275,.473,.366,.293,.0434,.954,.191,-.18,.185,.0797,.172,.557,.183,.458,0
2022,12,31,46,m,.152,.75,.141,.207,.248,.514,.215,.314,.246,1.09,.116,.341,.279,1.3,.393,.667,.503,.244,.058,.227,.18,.0459,.139,.453,.366,.24,-.194,.955,.532,-.0427,.272,.163,.125,.763,.216,.727,0
2022,12,31,47,m,.167,.957,.0706,.0583,.124,-.0504,.0646,.124,.219,.895,.00183,.0558,.251,.863,-.0307,.158,.0721,-.193,-.11,.0192,.00569,-.107,.0788,.372,.153,.139,.153,.809,-.00546,-.246,.053,-.0659,.114,.548,.0651,.41,0
2022,12,31,48,m,1.1,2.91,.0752,.176,-.276,-.146,.226,.391,.747,1.67,.358,.373,.615,1.3,.182,.331,.189,-.0755,.263,.304,.377,.233,.367,.722,.293,.437,1.67,3.21,-.118,-.339,.0564,.023,.728,1.37,.503,.901,0
2022,12,31,49,m,-.103,.659,-.0296,.00391,-.0738,.12,.00187,.156,.0092,.711,-.0728,.117,.0811,.742,-.0826,.297,.0275,-.0577,-.0595,.0755,-.108,-.0616,.0118,.377,.161,.223,-.0184,.689,-.124,-.249,-.0548,-.0565,-.0452,.427,-.0581,.382,0
2022,12,31,50,m,-.0651,.626,.0717,.0649,.0236,.129,.188,.325,.181,.892,.0621,.219,.342,1.05,.195,.439,.404,.176,.126,.0959,-.0207,-.0302,.189,.524,.155,.137,.236,1.22,-.363,-.446,-.0121,-.0568,.131,.574,.15,.527,0
2022,12,31,51,m,-.0424,.781,.0665,.0823,.00322,.231,.13,.203,.0707,1.03,.000845,.0857,.148,1.2,.141,.352,.159,-.112,.322,.315,.381,.168,.12,.507,.243,.243,-.0327,1.36,.168,-.223,.144,.0259,.0419,.623,.0725,.514,0
2022,12,31,52,m,.048,.608,-.0405,.0191,.231,.0616,.0608,.128,.161,.636,-.0201,.0967,.226,.65,.119,.295,.034,-.139,-.0476,-.0395,.139,-.0202,.0622,.308,.146,.167,.444,.954,.0908,-.179,.0487,-.0438,.048,.384,.0753,.349,0
2022,12,31,53,m,-.213,.276,.151,.143,-.126,-.0309,.155,.301,.116,.791,.0155,.205,.331,1.12,.112,.264,.0871,-.1,-.193,-.128,.386,.316,.0986,.372,.367,.498,-.0272,1.01,.152,-.0948,.151,.0872,.0173,.51,.0567,.391,0
2023,1,31,1,m,-.0216,-.0216,-.122,-.122,-.0954,-.0954,-.084,-.084,.0505,.0505,-.0928,-.0928,.109,.109,-.0511,-.0511,-.0405,-.0405,.0411,.0411,-.168,-.168,-.0319,-.0319,-.0401,-.0401,.109,.109,-.23,-.23,-.137,-.137,.00166,.00166,-.0149,-.0149,0
2023,1,31,2,m,.238,.238,.128,.128,.232,.232,.251,.251,.351,.351,.153,.153,.486,.486,.194,.194,.424,.424,.328,.328,.203,.203,.261,.261,.264,.264,.609,.609,.0999,.0999,.164,.164,.307,.307,.259,.259,0
2023,1,31,3,m,.218,.218,.197,.197,.396,.396,.31,.31,.452,.452,.305,.305,.635,.635,.162,.162,.38,.38,.646,.646,.248,.248,.264,.264,.357,.357,.501,.501,.247,.247,.253,.253,.489,.489,.342,.342,0
2023,1,31,4,m,.0623,.0623,.127,.127,.115,.115,.122,.122,.244,.244,.0675,.0675,.394,.394,.0837,.0837,.0263,.0263,.284,.284,.107,.107,.157,.157,.204,.204,.143,.143,.0692,.0692,.0955,.0955,.161,.161,.129,.129,0
2023,1,31,5,m,.164,.164,.0764,.0764,.154,.154,.0794,.0794,.226,.226,.00236,.00236,.257,.257,.0703,.0703,.00903,.00903,.0844,.0844,.0405,.0405,.114,.114,.156,.156,.248,.248,.031,.031,.0579,.0579,.136,.136,.112,.112,0
2023,1,31,6,m,.0824,.0824,-.0654,-.0654,-.0289,-.0289,-.0441,-.0441,.0725,.0725,-.0781,-.0781,.0668,.0668,-.0241,-.0241,-.104,-.104,.0162,.0162,-.145,-.145,-.00277,-.00277,.00243,.00243,.0939,.0939,-.108,-.108,-.0865,-.0865,.0204,.0204,.00666,.00666,0
2023,1,31,7,m,-.0166,-.0166,.0111,.0111,-.0325,-.0325,.0598,.0598,.15,.15,.0501,.0501,.291,.291,.083,.083,-.0331,-.0331,.29,.29,.0526,.0526,.123,.123,.107,.107,.293,.293,-.017,-.017,.00179,.00179,.12,.12,.106,.106,0
2023,1,31,8,m,-.034,-.034,.00707,.00707,-.0831,-.0831,-.0484,-.0484,.0565,.0565,-.116,-.116,.111,.111,.0112,.0112,-.109,-.109,-.00439,-.00439,-.0809,-.0809,.0239,.0239,-.0208,-.0208,.121,.121,-.147,-.147,-.066,-.066,-.0184,-.0184,-.00891,-.00891,0
2023,1,31,9,m,.00763,.00763,-.136,-.136,-.115,-.115,-.0167,-.0167,.0936,.0936,-.0449,-.0449,.157,.157,.095,.095,.128,.128,.147,.147,-.122,-.122,.043,.043,.0576,.0576,.0104,.0104,-.162,-.162,-.106,-.106,.0235,.0235,.0487,.0487,0
2023,1,31,10,m,.0801,.0801,.078,.078,.0714,.0714,.0988,.0988,.304,.304,.0153,.0153,.458,.458,.0664,.0664,.00251,.00251,.178,.178,.012,.012,.16,.16,.176,.176,.138,.138,.00335,.00335,.0392,.0392,.191,.191,.14,.14,0
2023,1,31,11,m,-.177,-.177,.211,.211,-.0406,-.0406,.0201,.0201,.0301,.0301,.0591,.0591,1.18,1.18,.0725,.0725,-.0512,-.0512,.29,.29,-.037,-.037,.0629,.0629,.121,.121,.448,.448,.094,.094,.0822,.0822,.0626,.0626,.0657,.0657,0
2023,1,31,12,m,-.047,-.047,-.0618,-.0618,-.137,-.137,-.0206,-.0206,.103,.103,-.0475,-.0475,.214,.214,.041,.041,.0256,.0256,.075,.075,-.169,-.169,.0288,.0288,.05,.05,.146,.146,-.134,-.134,-.0889,-.0889,.0359,.0359,.0376,.0376,0
2023,1,31,13,m,.124,.124,.31,.31,1.3,1.3,.233,.233,.335,.335,.1,.1,.481,.481,.3,.3,.134,.134,.0512,.0512,.0958,.0958,.247,.247,.157,.157,.389,.389,.0227,.0227,.29,.29,.171,.171,.216,.216,0
2023,1,31,14,m,.177,.177,.343,.343,1.16,1.16,.398,.398,.34,.34,.159,.159,.477,.477,.263,.263,.309,.309,.529,.529,.43,.43,.328,.328,.609,.609,.59,.59,.117,.117,.373,.373,.359,.359,.314,.314,0
2023,1,31,15,m,.667,.667,1.47,1.47,2.76,2.76,.285,.285,.574,.574,.0947,.0947,.525,.525,-.155,-.155,1.35,1.35,.0272,.0272,1.04,1.04,.11,.11,.303,.303,.553,.553,3.22,3.22,1.61,1.61,.357,.357,.0799,.0799,0
2023,1,31,16,m,.0515,.0515,.0264,.0264,-.108,-.108,.106,.106,.211,.211,.00836,.00836,.362,.362,.232,.232,-.018,-.018,.432,.432,.0844,.0844,.222,.222,.178,.178,.0777,.0777,.0226,.0226,.0146,.0146,.122,.122,.166,.166,0
2023,1,31,17,m,.0311,.0311,.00625,.00625,-.0178,-.0178,.0627,.0627,.155,.155,.0426,.0426,.268,.268,.111,.111,.0306,.0306,.236,.236,-.00174,-.00174,.11,.11,.11,.11,-.0138,-.0138,.094,.094,.02,.02,.132,.132,.124,.124,0
2023,1,31,19,m,.0783,.0783,.181,.181,.354,.354,.241,.241,.4,.4,.144,.144,.562,.562,.0754,.0754,.158,.158,.337,.337,.433,.433,.204,.204,.366,.366,.264,.264,.151,.151,.227,.227,.282,.282,.174,.174,0
2023,1,31,20,m,.106,.106,.205,.205,.437,.437,.362,.362,.383,.383,.304,.304,.555,.555,.225,.225,.383,.383,.686,.686,.553,.553,.306,.306,.495,.495,.305,.305,.373,.373,.33,.33,.428,.428,.332,.332,0
2023,1,31,21,m,-.0928,-.0928,-.115,-.115,-.223,-.223,-.0464,-.0464,.035,.035,-.0638,-.0638,.184,.184,.0701,.0701,.0693,.0693,.198,.198,-.0963,-.0963,.0206,.0206,.0557,.0557,.0144,.0144,-.222,-.222,-.131,-.131,-.0205,-.0205,.00929,.00929,0
2023,1,31,22,m,-.0365,-.0365,.00481,.00481,.437,.437,.0131,.0131,.257,.257,-.00648,-.00648,.453,.453,.0152,.0152,.0509,.0509,.0483,.0483,.0354,.0354,.0659,.0659,.0335,.0335,.214,.214,-.144,-.144,.0242,.0242,.18,.18,.124,.124,0
2023,1,31,23,m,.0678,.0678,.152,.152,.3,.3,.316,.316,.17,.17,.114,.114,.24,.24,.236,.236,.264,.264,.248,.248,.349,.349,.245,.245,.431,.431,.213,.213,-.0438,-.0438,.164,.164,.142,.142,.179,.179,0
2023,1,31,24,m,.0726,.0726,.0313,.0313,-.0489,-.0489,.108,.108,.27,.27,.067,.067,.467,.467,.135,.135,.209,.209,.278,.278,.0167,.0167,.104,.104,.278,.278,.198,.198,-.00458,-.00458,.0364,.0364,.164,.164,.152,.152,0
2023,1,31,25,m,.18,.18,.15,.15,.0921,.0921,.329,.329,.416,.416,.313,.313,.723,.723,.27,.27,.747,.747,1.11,1.11,.309,.309,.288,.288,.573,.573,.848,.848,.00281,.00281,.174,.174,.45,.45,.367,.367,0
2023,1,31,26,m,.387,.387,.207,.207,.399,.399,.268,.268,.492,.492,.171,.171,.537,.537,.0768,.0768,.128,.128,.0965,.0965,.152,.152,.166,.166,.674,.674,.059,.059,.315,.315,.209,.209,.311,.311,.19,.19,0
2023,1,31,27,m,-.00951,-.00951,.306,.306,.214,.214,.735,.735,.564,.564,.744,.744,1.05,1.05,.266,.266,.246,.246,2.88,2.88,.415,.415,.522,.522,1.61,1.61,.66,.66,.486,.486,.337,.337,.931,.931,.657,.657,0
2023,1,31,28,m,.166,.166,-.00466,-.00466,.249,.249,.116,.116,.218,.218,.0685,.0685,.267,.267,.156,.156,.113,.113,.29,.29,.103,.103,.146,.146,.212,.212,.316,.316,-.0482,-.0482,.044,.044,.166,.166,.162,.162,0
2023,1,31,29,m,.0919,.0919,-.111,-.111,.0399,.0399,.0871,.0871,.195,.195,.12,.12,.31,.31,.199,.199,.301,.301,.142,.142,.117,.117,.175,.175,.232,.232,.127,.127,-.17,-.17,-.0511,-.0511,.199,.199,.199,.199,0
2023,1,31,30,m,.132,.132,-.0438,-.0438,.149,.149,.0697,.0697,.266,.266,.126,.126,.399,.399,.0634,.0634,.217,.217,.205,.205,.147,.147,.114,.114,.0851,.0851,.789,.789,-.275,-.275,-.038,-.038,.224,.224,.159,.159,0
2023,1,31,31,m,.529,.529,.172,.172,.0328,.0328,.208,.208,.796,.796,.178,.178,1.06,1.06,.0859,.0859,.138,.138,.35,.35,.125,.125,.286,.286,.402,.402,1.01,1.01,.0306,.0306,.13,.13,.563,.563,.302,.302,0
2023,1,31,32,m,.0237,.0237,.0381,.0381,.0522,.0522,.0273,.0273,.113,.113,.0324,.0324,.149,.149,.094,.094,-.122,-.122,.178,.178,-.0308,-.0308,.12,.12,-.0187,-.0187,.123,.123,.181,.181,.0205,.0205,.107,.107,.103,.103,0
2023,1,31,33,m,.166,.166,.0612,.0612,.103,.103,.0881,.0881,.302,.302,.00384,.00384,.366,.366,.109,.109,.0993,.0993,-.157,-.157,-.0323,-.0323,.156,.156,.156,.156,.312,.312,-.0351,-.0351,.0384,.0384,.114,.114,.112,.112,0
2023,1,31,34,m,.075,.075,.11,.11,.287,.287,.151,.151,.255,.255,.0801,.0801,.351,.351,.0301,.0301,.132,.132,.2,.2,.0427,.0427,.147,.147,.309,.309,.202,.202,.0797,.0797,.113,.113,.189,.189,.139,.139,0
2023,1,31,35,m,-.0518,-.0518,-.0306,-.0306,-.0596,-.0596,.00772,.00772,.12,.12,-.0354,-.0354,.218,.218,.0214,.0214,-.0591,-.0591,.179,.179,-.123,-.123,.0537,.0537,.0883,.0883,-.0276,-.0276,-.0719,-.0719,-.0609,-.0609,.0539,.0539,.0434,.0434,0
2023,1,31,36,m,.0753,.0753,.0886,.0886,.0709,.0709,.142,.142,.215,.215,.104,.104,.339,.339,.161,.161,.174,.174,.365,.365,.127,.127,.173,.173,.15,.15,.305,.305,.255,.255,.133,.133,.206,.206,.189,.189,0
2023,1,31,37,m,-.106,-.106,.111,.111,-.00964,-.00964,.0959,.0959,.293,.293,.00665,.00665,.582,.582,.00912,.00912,.0811,.0811,.0927,.0927,.114,.114,.0417,.0417,.153,.153,-.162,-.162,-.033,-.033,.0701,.0701,.138,.138,.0848,.0848,0
2023,1,31,38,m,.526,.526,.157,.157,.17,.17,.206,.206,.61,.61,.0945,.0945,.677,.677,.119,.119,.0174,.0174,.144,.144,.122,.122,.308,.308,.276,.276,.711,.711,-.00814,-.00814,.0932,.0932,.46,.46,.323,.323,0
2023,1,31,39,m,.0693,.0693,.127,.127,.0991,.0991,.146,.146,.246,.246,.0692,.0692,.38,.38,.143,.143,.149,.149,.271,.271,.0608,.0608,.168,.168,.24,.24,.218,.218,.101,.101,.112,.112,.186,.186,.169,.169,0
2023,1,31,40,m,.134,.134,.257,.257,.0912,.0912,.254,.254,.413,.413,.152,.152,.63,.63,.111,.111,.255,.255,.356,.356,.329,.329,.201,.201,.413,.413,.17,.17,.219,.219,.247,.247,.297,.297,.207,.207,0
2023,1,31,41,m,.0248,.0248,-.0794,-.0794,-.109,-.109,-.0176,-.0176,.112,.112,-.0351,-.0351,.172,.172,-.00839,-.00839,.0223,.0223,.0739,.0739,-.0696,-.0696,.0187,.0187,.0701,.0701,.0129,.0129,-.125,-.125,-.0792,-.0792,.0483,.0483,.0273,.0273,0
2023,1,31,42,m,-.0713,-.0713,-.125,-.125,-.243,-.243,.0654,.0654,.141,.141,-.0886,-.0886,.325,.325,.204,.204,.0446,.0446,-.509,-.509,-.0491,-.0491,.133,.133,.196,.196,.329,.329,-.295,-.295,-.144,-.144,-.0249,-.0249,.0572,.0572,0
2023,1,31,43,m,.155,.155,.141,.141,.186,.186,.199,.199,.34,.34,.178,.178,.448,.448,.107,.107,.146,.146,.405,.405,.183,.183,.206,.206,.309,.309,.23,.23,.185,.185,.162,.162,.304,.304,.219,.219,0
2023,1,31,44,m,-.108,-.108,.146,.146,.15,.15,.228,.228,.384,.384,.113,.113,1.12,1.12,.0607,.0607,.24,.24,.0985,.0985,.25,.25,.2,.2,.352,.352,.65,.65,.593,.593,.23,.23,.256,.256,.165,.165,0
2023,1,31,45,m,.198,.198,.192,.192,.215,.215,.305,.305,.474,.474,.231,.231,.641,.641,.111,.111,.372,.372,.298,.298,.391,.391,.279,.279,.301,.301,.186,.186,.182,.182,.252,.252,.336,.336,.238,.238,0
2023,1,31,46,m,.163,.163,.299,.299,.669,.669,.371,.371,.435,.435,.324,.324,.605,.605,.405,.405,.53,.53,.238,.238,.2,.2,.233,.233,.387,.387,.218,.218,.36,.36,.352,.352,.39,.39,.396,.396,0
2023,1,31,47,m,.171,.171,.0214,.0214,.101,.101,.0111,.0111,.237,.237,-.0393,-.0393,.27,.27,-.0729,-.0729,-.048,-.048,-.00139,-.00139,-.109,-.109,.0466,.0466,.062,.062,.148,.148,-.0799,-.0799,-.021,-.021,.101,.101,.039,.039,0
2023,1,31,48,m,1.13,1.13,.0788,.0788,-.161,-.161,.263,.263,.814,.814,.252,.252,.717,.717,.11,.11,.0873,.0873,.245,.245,.159,.159,.336,.336,.456,.456,1.8,1.8,-.239,-.239,.000409,.000409,.701,.701,.435,.435,0
2023,1,31,49,m,.117,.117,.0107,.0107,.0481,.0481,.0443,.0443,.272,.272,-.0514,-.0514,.36,.36,.0504,.0504,.123,.123,-.0701,-.0701,-.118,-.118,.0946,.0946,.145,.145,.0209,.0209,-.0702,-.0702,-.00709,-.00709,.0863,.0863,.0739,.0739,0
2023,1,31,50,m,.0592,.0592,.0575,.0575,.0292,.0292,.222,.222,.337,.337,.0787,.0787,.497,.497,.158,.158,.334,.334,.0328,.0328,-.00853,-.00853,.228,.228,.12,.12,.409,.409,-.314,-.314,-.0131,-.0131,.181,.181,.173,.173,0
2023,1,31,51,m,.124,.124,.0877,.0877,.467,.467,.135,.135,.305,.305,.032,.032,.434,.434,.191,.191,.156,.156,.477,.477,.134,.134,.194,.194,.173,.173,.47,.47,.102,.102,.142,.142,.208,.208,.201,.201,0
2023,1,31,52,m,.196,.196,.0194,.0194,.177,.177,.13,.13,.326,.326,.0561,.0561,.391,.391,.104,.104,.0637,.0637,.0988,.0988,.0171,.0171,.156,.156,.278,.278,.252,.252,.0665,.0665,.0485,.0485,.192,.192,.157,.157,0
2023,1,31,53,m,-.224,-.224,.136,.136,-.0697,-.0697,.203,.203,.27,.27,.045,.045,.587,.587,.0515,.0515,.0248,.0248,-.245,-.245,.303,.303,.14,.14,.48,.48,.0104,.0104,.187,.187,.132,.132,.087,.087,.0698,.0698,0
2023,2,28,1,m,-.0707,-.1,-.142,-.159,-.066,-.11,-.0866,-.128,.00927,-.0245,-.111,-.139,.0742,.037,-.0762,-.104,-.0232,-.0896,-.00805,-.0148,-.0986,-.194,-.0543,-.0817,-.0304,-.104,-.0242,.00848,-.21,-.211,-.128,-.161,-.0366,-.0647,-.049,-.0771,0
2023,2,28,2,m,.167,.133,.0707,.107,.25,.218,.266,.199,.297,.242,.24,.139,.457,.373,.247,.139,.59,.423,.4,.296,.282,.215,.267,.19,.297,.185,.994,.803,.112,.0668,.163,.146,.327,.24,.294,.197,0
2023,2,28,3,m,.274,.151,.234,.153,.605,.369,.369,.255,.501,.338,.341,.262,.685,.484,.26,.104,.59,.402,.789,.562,.273,.236,.327,.2,.439,.298,.643,.67,.228,.131,.308,.208,.535,.406,.415,.27,0
2023,2,28,4,m,.124,.0809,.178,.108,.342,.153,.182,.0575,.269,.198,.0889,.0258,.392,.294,.108,.019,.0862,-.0386,.336,.339,.221,.0482,.185,.105,.33,.0652,.152,.153,.123,.0674,.173,.0695,.185,.126,.154,.0819,0
2023,2,28,5,m,.128,.101,.0971,.0552,.276,.225,.144,.0434,.251,.168,.0608,-.0114,.32,.202,.0959,.0231,.0778,-.035,.137,.0525,.209,.0188,.163,.0748,.242,.0854,.326,.332,.0662,.0354,.124,.0455,.187,.107,.154,.077,0
2023,2,28,6,m,.0827,-.013,-.0334,-.103,.0221,-.0517,-.00163,-.0844,.0856,-.0067,-.0457,-.107,.0869,-.00313,.00395,-.0635,-.0358,-.128,.0852,.021,-.0393,-.169,.026,-.0483,.0682,-.0416,.078,.0834,-.0765,-.14,-.0361,-.117,.0401,-.0373,.0288,-.0454,0
2023,2,28,7,m,.0133,-.0472,.00971,-.0286,.111,-.00623,.128,.0047,.183,.0791,.0752,-.0262,.335,.187,.163,.0552,.0654,-.0493,.22,.161,.202,.021,.167,.0702,.258,.0197,.0165,.0806,-.0283,-.0518,.0473,-.0261,.122,.036,.137,.0433,0
2023,2,28,8,m,-.0148,-.0582,.0464,-.00408,-.175,.012,-.00213,-.0795,.113,.0267,-.0785,-.13,.196,.0782,.018,-.0448,-.0144,-.115,-.00247,-.0269,-.00196,-.0953,.0806,.000376,.0371,-.101,.0765,.101,-.0639,-.148,-.0205,-.0627,.013,-.0411,.0146,-.0423,0
2023,2,28,9,m,.0218,-.0644,-.101,-.146,.0245,-.0221,.0468,-.0634,.167,.0224,-.0171,-.0984,.279,.0861,.0476,.0691,.403,.0739,.233,.132,-.00586,-.145,.0863,.00712,.13,-.0466,.0172,-.0217,-.0732,-.187,-.0152,-.115,.0836,-.0271,.0712,.00675,0
2023,2,28,10,m,.0767,-.0112,.1,.0536,.0955,.0494,.156,.0375,.319,.216,.0325,-.0491,.486,.373,.112,.0206,.0834,-.0296,.11,.0816,.116,-.0312,.187,.104,.312,.0759,.0692,.0648,.0149,-.00775,.0841,.0124,.2,.106,.165,.071,0
2023,2,28,11,m,-.18,-.187,.248,.201,.121,.0902,.0779,.0143,.0277,.0034,.116,.0697,1.3,1.05,.2,.0616,.119,-.0298,.417,.31,.128,.00949,.102,.0365,.281,.0445,.363,.478,.0636,.0322,.167,.0932,.0779,.0479,.114,.0522,0
2023,2,28,12,m,-.0324,-.155,-.0283,-.0854,-.105,-.0946,.0427,-.075,.165,-.00136,-.0213,-.11,.315,.112,.0653,-.0466,.194,-.0386,.162,.0429,-.0756,-.231,.0838,-.0394,.112,-.0403,.0954,.0202,-.0304,-.0976,-.018,-.104,.0826,-.0501,.0768,-.0489,0
2023,2,28,13,m,.064,.106,.305,.307,1.32,1.36,.229,.17,.281,.271,.0827,.0264,.447,.386,.28,.202,.207,.108,.107,.00924,.141,.0989,.24,.189,.131,.0431,-.0807,.175,-.0824,.0167,.295,.291,.131,.112,.181,.143,0
2023,2,28,14,m,.059,.186,.292,.322,1.07,1.32,.359,.34,.227,.304,.169,.117,.385,.403,.261,.178,.338,.266,.521,.451,.506,.403,.276,.247,.526,.537,.554,.704,.133,.105,.373,.365,.28,.328,.274,.258,0
2023,2,28,15,m,.631,.524,1.42,1.39,3.27,3.41,.335,.249,.63,.506,.127,.0341,.631,.497,-.185,-.243,1.95,1.51,-.00117,-.125,1.34,1.04,.147,.0754,.421,.278,.644,.813,3.11,2.98,1.8,1.63,.372,.286,.0726,.0000884,0
2023,2,28,16,m,.0868,-.0175,.0914,.00888,-.0317,-.104,.17,.0668,.268,.122,.0296,-.0247,.447,.255,.318,.192,.0548,-.0497,.496,.504,.265,.0674,.279,.164,.272,.106,.0293,.0805,-.0398,-.0618,.0743,-.0139,.151,.0588,.217,.112,0
2023,2,28,17,m,.11,.0225,.0351,-.0241,.176,.115,.136,.0265,.223,.119,.116,.0312,.327,.207,.144,.0315,.135,.0379,.437,.342,.123,-.0394,.156,.0656,.231,.037,-.0185,-.0255,.121,.0423,.0905,.00596,.19,.111,.173,.081,0
2023,2,28,19,m,.0176,.137,.206,.182,.274,.368,.292,.233,.375,.424,.171,.168,.584,.568,.119,.0345,.221,.124,.416,.436,.574,.472,.233,.18,.46,.361,.2,.332,.156,.107,.266,.223,.286,.329,.203,.175,0
2023,2,28,20,m,.0644,.0531,.269,.256,.599,.574,.403,.351,.464,.363,.301,.326,.746,.555,.232,.142,.554,.369,1.05,.94,.573,.566,.339,.27,.519,.453,.569,.708,.366,.247,.401,.348,.476,.474,.364,.317,0
2023,2,28,21,m,-.135,-.192,-.137,-.181,-.285,-.109,-.0274,-.0949,.0303,-.0771,.00766,-.0966,.235,.0561,.0584,-.0312,.159,.0349,.458,.243,-.0522,-.167,.0277,-.0638,.0697,-.0133,.0169,-.0739,-.135,-.162,-.122,-.145,.0288,-.0924,.0386,-.0723,0
2023,2,28,22,m,-.0715,-.0896,.0892,-.0182,.175,.167,.0749,-.0571,.335,.201,.0313,-.0645,.639,.394,.0696,-.0306,.182,.0687,-.129,-.114,.163,-.0287,.119,.02,.152,-.0956,.301,.146,-.166,-.181,.0667,-.0246,.222,.118,.17,.0673,0
2023,2,28,23,m,.229,.183,.218,.158,.446,.216,.298,.238,.306,.173,.203,.0786,.366,.165,.324,.111,.264,.144,.448,.371,.321,.228,.326,.152,.466,.321,.000496,.329,-.0309,-.0632,.2,.124,.264,.159,.286,.14,0
2023,2,28,24,m,.16,.0268,.00251,-.0346,-.0767,-.0425,.173,.056,.365,.185,.0889,-.0116,.577,.343,.228,.146,.344,.153,.325,.121,.105,.00621,.185,.0561,.355,.198,.321,.245,.0879,-.00154,.0678,.00141,.224,.0801,.227,.107,0
2023,2,28,25,m,.104,.033,.124,.0716,.211,.15,.325,.234,.408,.247,.193,.26,.836,.525,.493,.256,.448,.358,1.42,1.54,.589,.394,.391,.215,.581,.407,.681,.556,-.00626,.00871,.173,.123,.345,.366,.403,.316,0
2023,2,28,26,m,.51,.447,.219,.202,.407,.395,.302,.231,.578,.505,.167,.119,.608,.531,.0635,-.0128,.28,.113,-.0162,-.071,.384,.222,.177,.121,.715,.609,-.13,.0535,.41,.3,.284,.214,.283,.269,.173,.123,0
2023,2,28,27,m,-.000178,-.0641,.388,.363,.396,.959,.824,.69,.6,.461,.7,.539,1.13,.905,.308,.169,.499,.221,3.02,2.17,.586,.501,.567,.451,2.01,1.64,.593,.561,.392,.209,.467,.391,.851,.646,.627,.45,0
2023,2,28,28,m,.113,.0621,.0324,-.00553,.325,.235,.158,.0757,.238,.139,.0689,-.0251,.365,.212,.204,.0902,.134,.0586,.348,.153,.232,.0822,.211,.107,.253,.18,.248,.24,.0768,-.0217,.113,.0371,.167,.0743,.182,.0808,0
2023,2,28,29,m,.119,-.0411,-.103,-.14,.151,.136,.0965,-.00755,.231,.059,.121,.022,.355,.171,.259,.079,.425,.205,.359,.0771,.215,.0459,.216,.0616,.23,.0745,.155,.0809,-.222,-.23,-.0381,-.0885,.226,.0768,.239,.0777,0
2023,2,28,30,m,.206,.0603,-.0769,-.0223,.131,.133,.0806,.00399,.349,.167,.215,.0638,.496,.272,.168,-.00746,.394,.135,.186,.157,.346,.159,.138,.0316,.159,-.00918,1.1,.723,-.39,-.361,-.0593,-.0599,.342,.157,.271,.09,0
2023,2,28,31,m,.696,.514,.209,.16,.0175,.0226,.326,.196,1.04,.779,.283,.166,1.4,1.04,.242,.0751,.262,.126,.905,.337,.33,.114,.424,.273,.574,.388,.866,.99,.133,.0204,.207,.119,.773,.547,.484,.289,0
2023,2,28,32,m,.0846,.00577,.0283,.0376,.131,.128,.0671,-.00187,.188,.0825,.0145,-.0149,.232,.114,.244,.0242,.0273,-.116,.121,.097,.168,-.0496,.222,.0881,-.0267,-.0653,-.0179,.0828,.0594,.116,.0657,.0149,.126,.0705,.169,.0549,0
2023,2,28,33,m,.204,.139,.12,.068,.119,.133,.15,.0581,.393,.261,.0118,-.0231,.489,.318,.135,.063,.203,.0657,-.174,-.204,.12,-.0747,.207,.122,.285,.12,.147,.461,.0817,.0228,.129,.0397,.131,.0863,.133,.0774,0
2023,2,28,34,m,.134,.011,.114,.0392,.0874,.124,.198,.0662,.337,.167,.0734,-.0229,.449,.249,.0761,-.00906,.235,.105,.129,.127,.212,-.0107,.209,.0841,.415,.179,.211,.19,.141,.0153,.147,.0437,.206,.0932,.165,.0609,0
2023,2,28,35,m,-.00797,-.0826,.0269,-.0441,-.0288,-.0567,.0744,-.0282,.165,.0678,.0313,-.0476,.266,.154,.0482,-.0428,-.0636,-.0978,.224,.173,.0789,-.13,.113,.0142,.167,.0158,.0547,-.00721,.00727,-.0436,.0117,-.0669,.123,.0338,.0988,.00906,0
2023,2,28,36,m,.115,.0482,.104,.0486,.317,.209,.197,.0877,.286,.15,.14,.0446,.452,.24,.154,.0734,.247,.106,.389,.319,.209,.1,.222,.126,.216,.0644,.27,.196,.152,.119,.171,.0924,.266,.155,.223,.124,0
2023,2,28,37,m,.052,-.046,.162,.0923,.0749,.109,.102,.0776,.362,.253,.0881,.0662,.582,.47,.0857,-.0272,.222,-.0158,.264,.145,-.0168,.0274,.067,.0149,.161,.127,-.0262,.109,-.233,-.125,.06,.031,.21,.17,.162,.0891,0
2023,2,28,38,m,.553,.464,.188,.0945,.286,.125,.297,.162,.652,.529,.144,.0484,.734,.581,.192,.071,.15,.0421,.189,.126,.255,.0438,.375,.261,.424,.227,1.27,.856,-.00157,-.0763,.152,.0401,.534,.395,.397,.265,0
2023,2,28,39,m,.0489,.00425,.158,.0862,.18,.103,.205,.0808,.252,.154,.142,.044,.415,.267,.193,.0736,.222,.0656,.458,.279,.152,-.0476,.202,.1,.317,.135,.225,.219,.107,.0777,.161,.0592,.215,.121,.206,.102,0
2023,2,28,40,m,.175,.104,.29,.257,.372,.258,.331,.21,.485,.344,.172,.0779,.742,.531,.142,.036,.358,.254,.365,.251,.655,.425,.252,.129,.56,.36,.225,.184,.322,.139,.369,.268,.346,.229,.248,.135,0
2023,2,28,41,m,.0978,-.07,-.00297,-.107,-.0217,-.0698,.0506,-.0681,.19,.032,.0329,-.0839,.251,.103,.011,-.0774,.131,.00468,.129,.0147,.0154,-.144,.0652,-.0369,.14,-.0196,.0295,.0271,-.0406,-.118,.00394,-.098,.15,-.0123,.098,-.0364,0
2023,2,28,42,m,-.0332,-.144,-.0659,-.134,-.236,-.224,.147,.0167,.194,.0374,-.0137,-.14,.399,.195,.327,.153,.167,-.0305,-.433,-.535,.0339,-.0608,.219,.0693,.303,.128,.333,.258,-.277,-.35,-.0935,-.167,.0626,-.0903,.158,-.00327,0
2023,2,28,43,m,.171,.168,.0966,.0709,.141,.173,.248,.147,.351,.265,.297,.161,.474,.321,.145,.0472,.192,.0807,.674,.448,.245,.109,.229,.145,.43,.245,.394,.352,.229,.129,.165,.0998,.378,.272,.278,.175,0
2023,2,28,44,m,-.0964,-.148,.168,.0987,.29,.153,.237,.17,.474,.348,.164,.0655,1.38,1.09,.136,.0916,.054,.0191,.12,.122,.593,.419,.186,.162,.344,.252,.893,.49,.431,.443,.265,.19,.318,.211,.232,.156,0
2023,2,28,45,m,.135,.161,.104,.17,.266,.501,.297,.257,.433,.428,.244,.176,.617,.588,.169,.0809,.366,.238,.419,.209,.408,.218,.351,.279,.293,.253,.301,.431,.0124,.194,.185,.218,.334,.299,.265,.204,0
2023,2,28,46,m,.24,.118,.327,.316,.427,.685,.447,.293,.433,.294,.45,.219,.553,.404,.535,.332,.713,.463,.639,.193,.281,.0918,.355,.165,.425,.248,.244,.0618,.547,.357,.42,.329,.48,.254,.5,.284,0
2023,2,28,47,m,.21,.0945,.068,.000161,.238,.149,.0901,-.0107,.323,.169,-.00278,-.0575,.384,.207,-.0316,-.104,.077,.0182,-.0954,-.0665,.0117,-.174,.109,.0171,.185,.0198,.237,.176,.0685,.00912,.0775,-.0139,.137,.0622,.0773,.00326,0
2023,2,28,48,m,1.03,.975,.0549,.0279,-.176,-.221,.275,.202,.835,.712,.269,.198,.774,.631,.129,.0711,.0433,.0229,.207,.212,.312,.151,.342,.268,.443,.346,.994,1.21,-.117,-.205,.0294,-.0294,.699,.608,.442,.366,0
2023,2,28,49,m,.142,.136,.0389,.00146,-.072,.295,.128,.039,.339,.258,.0421,-.0209,.462,.328,.0874,.00456,.192,.124,-.0561,-.0272,-.0587,-.131,.181,.0818,.284,.0863,.27,.159,.028,-.0564,.0326,.0137,.185,.125,.152,.0836,0
2023,2,28,50,m,.0581,.0394,.0897,.0312,.0923,.0741,.285,.161,.375,.264,.0971,.0223,.577,.394,.191,.107,.463,.266,-.148,-.137,.183,-.00642,.283,.169,.189,.0212,.489,.385,-.305,-.305,.044,-.0243,.204,.112,.2,.11,0
2023,2,28,51,m,.145,.094,.137,.044,.684,.444,.25,.101,.425,.294,.221,.0807,.641,.436,.24,.102,.169,.051,.65,.457,.364,.0934,.279,.143,.248,.106,.417,.741,.345,.168,.259,.108,.385,.258,.327,.196,0
2023,2,28,52,m,.145,.0813,.0358,.0058,.255,.174,.162,.0864,.319,.21,.0109,.00265,.411,.275,.141,.0547,.106,.0344,-.13,-.0912,.212,.0477,.216,.121,.287,.189,.337,.215,.253,.088,.134,.0468,.122,.0896,.13,.0756,0
2023,2,28,53,m,-.203,-.259,.104,.109,-.128,-.0348,.234,.168,.273,.2,.0737,.0234,.571,.494,.0535,-.0173,.115,.0499,-.186,-.303,.44,.281,.141,.0748,.608,.465,-.034,.0362,.123,.129,.134,.116,.122,.0747,.0894,.0302,0
2023,3,31,1,m,-.0651,.0103,-.155,-.0817,-.101,-.0424,-.0588,-.0468,.0244,.069,-.0903,-.0842,.103,.117,-.0603,-.0499,.0877,.0313,-.103,.0409,-.0619,-.128,-.0374,-.00448,.0384,.00668,.137,.0912,-.196,-.118,-.118,-.0781,-.0133,.00807,-.028,-.0101,0
2023,3,31,2,m,.122,.317,.0872,.23,.385,.339,.28,.304,.247,.39,.17,.18,.42,.478,.251,.191,.713,.554,.247,.373,.404,.352,.258,.28,.331,.299,.712,.782,.156,.217,.212,.278,.242,.335,.247,.274,0
2023,3,31,3,m,.141,.324,.137,.256,.468,.518,.373,.374,.397,.51,.327,.369,.634,.655,.258,.156,.537,.477,.577,.732,.333,.379,.307,.307,.509,.476,.631,.766,.291,.241,.271,.32,.474,.575,.386,.386,0
2023,3,31,4,m,.0652,.162,.135,.227,.311,.373,.188,.14,.23,.27,.124,.125,.38,.36,.125,.0709,.188,.0457,.347,.638,.219,.144,.163,.174,.392,.141,.243,.179,.0918,.156,.163,.182,.197,.215,.168,.156,0
2023,3,31,5,m,.0923,.238,.0708,.17,.269,.439,.139,.125,.212,.249,.0231,.0246,.284,.255,.095,.0529,.153,.0118,.0234,.194,.24,.137,.156,.152,.256,.186,.351,.299,.0047,.124,.12,.154,.145,.156,.128,.119,0
2023,3,31,6,m,.0507,.108,-.0497,-.00222,.0445,.0534,.0199,-.00298,.0648,.0809,-.0659,-.0616,.0761,.0654,.0135,-.0291,.0394,-.055,-.0696,.0826,.0248,-.0881,.0246,.0178,.158,.0689,.132,.107,-.0713,-.0177,-.0213,-.0189,.0179,.0314,.0168,.0127,0
2023,3,31,7,m,-.00196,.124,-.0298,.111,.108,.161,.121,.0957,.166,.224,.112,.118,.328,.309,.0727,.0474,.118,.0229,.397,.742,.311,.213,.133,.168,.261,.0727,.191,.325,-.0811,.0000635,.0408,.0974,.141,.203,.118,.144,0
2023,3,31,8,m,-.0643,.0275,.0495,.0952,.0216,.147,.0156,-.00264,.0702,.0846,-.0994,-.064,.163,.119,.0084,-.0205,.0361,-.0678,-.0888,.127,.128,-.00259,.0704,.0729,.0637,-.0195,.158,.121,-.103,-.0791,.0265,.026,-.00943,.0193,-.00379,.00651,0
2023,3,31,9,m,-.0428,.0492,-.162,-.105,.0265,.0319,.0259,.00998,.0785,.0957,-.0443,-.0283,.177,.13,.1,.0779,.296,.162,.239,.357,.0156,-.0488,.0635,.0553,.178,.082,.0328,.0299,-.148,-.129,-.0652,-.0553,.0245,.0423,.0501,.0548,0
2023,3,31,10,m,.0387,.137,.0753,.191,.231,.251,.158,.136,.272,.334,.0413,.091,.447,.47,.0798,.0224,.107,.00797,.0688,.505,.199,.16,.157,.181,.336,.149,.0148,.152,.029,.104,.106,.142,.163,.244,.13,.154,0
2023,3,31,11,m,-.212,-.142,.125,.266,-.0567,.149,.0273,.0693,-.0137,.0578,.0712,.128,1.18,1.17,.223,.119,.12,.0228,.182,.381,.0877,.0642,.0718,.0926,.287,.101,.57,.558,-.0757,.0882,.0667,.152,.0286,.105,.0846,.109,0
2023,3,31,12,m,-.0165,-.0226,-.0587,-.0361,-.121,-.0705,.0649,.0188,.13,.0974,.00503,-.0202,.243,.185,.0569,.0098,.261,.0796,.117,.217,.0542,-.103,.0752,.0363,.183,.102,.238,.161,.0101,.0358,-.00101,-.02,.0889,.0448,.0781,.033,0
2023,3,31,13,m,-.0952,.208,.208,.407,1.12,1.58,.2,.277,.211,.422,.00319,.121,.488,.571,.442,.323,.201,.209,-.102,.102,.212,.232,.248,.31,.114,.146,-.0532,.283,-.108,.057,.249,.399,.0515,.229,.168,.262,0
2023,3,31,14,m,-.124,.407,.227,.536,.973,1.5,.315,.527,.0728,.526,.129,.256,.288,.627,.251,.294,.41,.421,.407,.813,.913,1.08,.204,.4,.466,.711,.395,.87,.151,.325,.403,.644,.143,.535,.191,.423,0
2023,3,31,15,m,.411,.679,1.32,1.7,2.6,3.41,.241,.309,.425,.584,.0566,.0966,.44,.533,-.179,-.186,1.52,1.39,.0593,.0696,1.51,1.32,.0857,.125,.348,.335,.402,.838,3.62,3.67,1.71,1.88,.289,.364,.045,.0668,0
2023,3,31,16,m,.0236,.111,.00758,.13,.0902,.0892,.153,.146,.161,.188,.0342,.0608,.308,.261,.236,.211,.143,.0526,.419,.897,.443,.3,.201,.233,.318,.171,.0365,.0914,-.0131,.0471,.0886,.127,.116,.14,.163,.169,0
2023,3,31,17,m,.027,.183,.0145,.0903,.148,.209,.136,.105,.18,.258,.0753,.0997,.344,.327,.168,.083,.28,.0826,.29,.716,.149,.0759,.15,.149,.256,.117,.0251,.00937,.0973,.102,.0972,.0991,.153,.218,.159,.167,0
2023,3,31,19,m,-.0626,.375,.113,.386,.137,.634,.257,.407,.27,.629,.13,.325,.49,.756,.0913,.139,.287,.285,.246,.738,.572,.702,.168,.321,.501,.577,.232,.531,.107,.327,.212,.43,.206,.512,.151,.317,0
2023,3,31,20,m,.00356,.303,.203,.427,.702,1.04,.354,.456,.335,.521,.297,.429,.607,.656,.182,.171,.72,.502,.647,1.6,.554,.659,.262,.366,.503,.5,.613,.734,.199,.479,.357,.529,.363,.608,.282,.401,0
2023,3,31,21,m,-.146,-.094,-.173,-.0841,-.113,.0636,.00923,.0131,.0132,.0148,.0159,-.0585,.214,.141,.103,.0524,.214,.218,.486,.297,.0159,-.0507,.0375,.0233,.187,.14,-.00999,-.091,-.083,-.0454,-.0883,-.024,.0273,-.0357,.0524,-.00677,0
2023,3,31,22,m,-.0663,.0835,.028,.161,-.0612,.41,.0309,.0341,.277,.355,-.0355,.0158,.534,.536,.0512,.00337,.332,.159,-.158,.165,.239,.112,.0635,.107,.163,-.0548,.27,.221,-.214,-.00575,.0277,.143,.165,.251,.13,.167,0
2023,3,31,23,m,.259,.416,.284,.341,.619,.461,.548,.431,.298,.34,.142,.194,.332,.289,.405,.246,.462,.277,.46,.539,.55,.491,.374,.309,.634,.544,.0426,.273,-.0237,.0846,.292,.312,.222,.282,.287,.268,0
2023,3,31,24,m,.0942,.163,-.0117,.103,-.076,.0968,.197,.159,.347,.357,.142,.118,.629,.551,.226,.152,.462,.276,.337,.455,.162,.131,.203,.154,.41,.287,.237,.372,.0122,.0434,.0645,.117,.243,.235,.235,.201,0
2023,3,31,25,m,.107,.267,.112,.225,.651,.487,.361,.403,.411,.452,.109,.441,.878,.692,.44,.291,.946,.572,.655,1.59,.643,.525,.381,.347,.88,.699,.744,.901,.0662,.14,.254,.291,.193,.536,.28,.423,0
2023,3,31,26,m,.389,.665,.0961,.328,.25,.692,.246,.361,.46,.645,.118,.312,.5,.636,.0351,.0547,.147,.165,-.0832,.245,.24,.314,.12,.213,.751,.815,-.079,.2,.25,.389,.149,.331,.225,.454,.135,.248,0
2023,3,31,27,m,.0163,.166,.338,.516,.139,.688,.713,.763,.534,.668,.746,.795,1.02,1.09,.374,.36,.499,.394,3.6,3.86,.58,.666,.539,.627,1.57,1.44,.41,.751,.67,.413,.459,.522,.911,1.06,.701,.774,0
2023,3,31,28,m,.135,.232,.00225,.102,.372,.531,.171,.151,.242,.263,.106,.0731,.358,.292,.166,.104,.0975,.109,.274,.31,.251,.198,.191,.164,.343,.234,.502,.468,.0959,.0413,.107,.149,.179,.19,.175,.155,0
2023,3,31,29,m,.14,.177,-.092,-.0376,.184,.128,.152,.103,.255,.235,.178,.102,.404,.299,.269,.114,.743,.382,.0596,.303,.276,.218,.212,.145,.332,.242,.192,.198,-.13,-.11,.0204,.0241,.241,.199,.251,.164,0
2023,3,31,30,m,.228,.262,-.0604,.0829,.21,.232,.0948,.0943,.311,.283,.256,.197,.407,.302,.0276,.00388,.449,.262,.196,.685,.334,.251,.11,.0991,.186,.0732,.833,.706,-.3,-.212,-.0187,.0568,.311,.282,.196,.169,0
2023,3,31,31,m,.338,.596,.0186,.223,.0221,.078,.237,.261,.692,.875,.204,.229,1.1,1.15,.218,.133,.245,.188,.446,.409,.178,.174,.315,.342,.55,.463,.541,1.1,.11,.0756,.0807,.18,.51,.631,.363,.359,0
2023,3,31,32,m,.0756,.177,-.0207,.146,.229,.262,.0781,.0631,.155,.146,.00945,.0303,.197,.134,.247,.039,.047,-.0739,.0587,.288,.268,.056,.195,.129,.0729,.0352,-.124,.00136,.0377,.166,.0665,.103,.0859,.107,.142,.084,0
2023,3,31,33,m,.148,.338,.0931,.252,.226,.435,.126,.173,.353,.408,-.0393,.0839,.472,.44,.0865,.11,.178,.141,-.332,-.0123,.142,.0982,.16,.221,.268,.226,.296,.378,-.0261,.116,.109,.197,.0804,.208,.084,.171,0
2023,3,31,34,m,.173,.162,.154,.169,.365,.438,.266,.209,.335,.308,.0598,.0998,.423,.386,.111,.1,.452,.217,-.0162,.321,.185,.1,.257,.216,.574,.368,.319,.297,.196,.172,.223,.189,.192,.224,.166,.185,0
2023,3,31,35,m,-.032,-.0093,-.0215,.0109,.0352,.0381,.0806,.0401,.145,.127,.00631,-.00648,.255,.206,.0785,.0257,.0306,.00377,.0284,.216,.131,-.025,.112,.0788,.241,.11,.0584,.0447,.000645,.0137,.0184,.00752,.0942,.0764,.0891,.06,0
2023,3,31,36,m,.0808,.201,.0623,.17,.29,.213,.203,.171,.277,.308,.156,.15,.479,.403,.23,.129,.288,.176,.326,.593,.268,.19,.228,.212,.257,.145,.267,.225,.189,.28,.169,.196,.261,.292,.248,.231,0
2023,3,31,37,m,-.136,-.08,.112,.192,-.153,.0657,.0849,.122,.226,.281,.101,.156,.496,.542,.0862,-.0294,.42,.16,.452,.504,.11,.197,.0311,.0425,.199,.153,-.0102,.127,-.226,-.0744,.0603,.13,.167,.239,.14,.129,0
2023,3,31,38,m,.396,.523,.102,.148,.362,.355,.273,.239,.518,.584,.122,.0837,.623,.632,.178,.141,.213,.0866,.177,.205,.227,.109,.327,.33,.442,.354,.751,.63,.00551,.0858,.128,.136,.435,.434,.333,.317,0
2023,3,31,39,m,.0267,.179,.132,.225,.238,.276,.237,.186,.211,.267,.191,.162,.372,.334,.188,.123,.345,.202,.408,.611,.235,.0606,.18,.189,.465,.278,.426,.255,.107,.0917,.189,.174,.236,.251,.216,.199,0
2023,3,31,40,m,.0857,.298,.119,.394,.363,.355,.267,.335,.363,.514,.139,.239,.608,.683,.116,.0892,.359,.408,.284,.631,.564,.599,.168,.221,.525,.508,.143,.326,.377,.273,.273,.409,.271,.415,.202,.257,0
2023,3,31,41,m,.00106,-.00558,-.0465,-.0285,-.0144,.044,.0665,.0205,.115,.0871,.0183,-.0319,.196,.151,.0188,-.0115,.198,.133,.083,.0943,.0943,-.0333,.0508,.0228,.217,.0976,.233,.126,.00573,.0548,.0125,.015,.108,.0437,.075,.0232,0
2023,3,31,42,m,-.131,-.00728,-.115,-.0433,-.1,-.0903,.147,.102,.124,.17,-.0823,-.0758,.393,.324,.305,.177,.283,.148,-.535,-.503,.0497,.0624,.164,.138,.372,.221,.231,.382,-.241,-.314,-.0736,-.069,-.0282,-.00672,.0823,.0592,0
2023,3,31,43,m,.0831,.213,.0696,.229,.159,.324,.283,.255,.268,.329,.206,.185,.396,.396,.13,.0975,.455,.228,.471,.534,.351,.263,.203,.218,.572,.397,.186,.323,.21,.244,.198,.247,.29,.302,.221,.214,0
2023,3,31,44,m,-.0285,-.0124,.0823,.173,.0128,.494,.225,.266,.462,.433,.172,.155,1.25,1.1,.064,.0706,.3,.245,.0347,.237,.588,.633,.0814,.213,.379,.416,.65,.932,.569,.597,.239,.339,.33,.328,.206,.208,0
2023,3,31,45,m,-.0892,.266,.0917,.278,.0772,.449,.24,.309,.201,.53,.00291,.174,.395,.69,.102,.0568,.801,.418,.123,.3,.4,.497,.206,.298,.475,.372,.0058,.356,-.0987,.107,.186,.319,.089,.329,.0976,.21,0
2023,3,31,46,m,.248,.284,.32,.509,.87,1.13,.53,.403,.526,.504,.493,.389,.726,.641,.587,.414,.56,.518,.549,.388,.276,.205,.481,.273,.584,.328,.349,.363,.293,.365,.392,.478,.523,.446,.548,.434,0
2023,3,31,47,m,.173,.208,.0393,.0879,.141,.155,.108,.0678,.295,.276,-.00373,-.00639,.363,.311,-.0162,-.0557,.138,.00863,-.0694,.085,.172,-.0535,.101,.0859,.245,.106,.0806,.129,-.0774,.0384,.0633,.0495,.145,.145,.0886,.0736,0
2023,3,31,48,m,1.11,1.31,-.00364,.169,-.245,-.0725,.28,.326,.818,.844,.269,.284,.722,.7,.124,.136,.34,.197,.261,.397,.369,.355,.331,.37,.448,.478,1.09,1.75,-.106,-.0506,.0194,.126,.714,.737,.448,.466,0
2023,3,31,49,m,.116,.244,.00509,.0905,.123,.444,.112,.0769,.326,.326,-.0625,-.0324,.466,.374,.0828,.0244,.223,.131,-.164,.0497,.021,-.0336,.176,.128,.298,.133,.00642,.135,.0626,-.017,.0641,.0875,.0934,.13,.089,.0936,0
2023,3,31,50,m,.085,.199,.0868,.142,.312,.38,.339,.282,.399,.419,.158,.135,.606,.547,.233,.154,.577,.4,-.0339,.0302,.26,.128,.316,.274,.213,.125,.508,.583,-.262,-.224,.101,.106,.255,.247,.247,.215,0
2023,3,31,51,m,.0858,.22,.0903,.172,.112,.364,.227,.18,.327,.431,.108,.0819,.51,.579,.238,.131,.185,.0421,.569,.983,.451,.158,.25,.229,.423,.258,-.127,.106,.387,.199,.209,.169,.233,.298,.233,.231,0
2023,3,31,52,m,.0821,.18,-.0278,.146,.386,.552,.176,.195,.296,.31,.0162,.0943,.416,.375,.131,.113,.21,.175,-.136,.0585,.263,.2,.177,.199,.384,.306,.467,.459,.0757,.149,.111,.197,.124,.202,.127,.166,0
2023,3,31,53,m,-.228,-.0474,.0675,.269,-.0403,.258,.221,.297,.191,.344,.000478,.165,.507,.595,.0542,.027,.133,.11,-.257,.0412,.404,.427,.104,.167,.635,.626,.0743,.236,.24,.308,.131,.269,.0245,.219,.0372,.126,0
2023,4,30,1,m,-.0594,.0347,-.122,-.0535,-.137,-.0709,-.0972,-.0692,.0192,.0907,-.0719,-.0902,.0872,.136,-.0499,-.0386,-.076,-.0917,-.0395,.18,-.167,-.167,-.0563,.000391,-.066,-.0445,.165,.146,-.218,-.173,-.143,-.0997,-.00673,.0335,-.0202,.0108,0
2023,4,30,2,m,.139,.4,.146,.194,.211,.208,.242,.249,.242,.429,.184,.152,.393,.464,.263,.187,.439,.35,.35,.571,.271,.267,.228,.27,.282,.244,.642,.679,.0905,.137,.174,.202,.267,.369,.266,.292,0
2023,4,30,3,m,.174,.398,.229,.256,.405,.308,.347,.326,.403,.539,.304,.342,.622,.65,.294,.188,.442,.391,.658,1.14,.206,.257,.304,.321,.436,.402,.621,.632,.318,.174,.285,.258,.452,.589,.39,.408,0
2023,4,30,4,m,.0495,.134,.192,.177,.192,.123,.149,.103,.257,.285,.0884,.0683,.445,.41,.233,.174,.0185,-.0691,.193,.532,.0483,-.00994,.192,.215,.292,.115,.186,.173,-.0191,.0824,.0986,.0818,.184,.206,.203,.193,0
2023,4,30,5,m,.14,.27,.126,.16,.265,.319,.117,.126,.242,.29,.056,.0266,.301,.3,.125,.097,-.00923,-.0366,.0469,.258,.0453,.0234,.161,.189,.188,.209,.36,.245,-.0122,.0856,.0784,.103,.185,.187,.163,.155,0
2023,4,30,6,m,.0777,.151,-.0138,.00587,-.0478,.0119,-.0269,-.0304,.0798,.103,-.0718,-.0971,.0843,.0759,.0432,-.00593,-.102,-.149,-.0834,.122,-.115,-.151,.011,.0304,.0286,.0261,.152,.0906,-.115,-.122,-.0623,-.0628,.0272,.0338,.0322,.0215,0
2023,4,30,7,m,-.0337,.108,.0442,.0802,.0134,-.00188,.0881,.0555,.156,.227,.0814,.0799,.341,.329,.141,.0965,.0286,-.0681,.229,.735,.0279,-.0104,.122,.176,.204,.0387,.15,.292,-.0857,-.0199,.00962,.0165,.124,.201,.132,.161,0
2023,4,30,8,m,-.0494,.0525,.0247,.0769,-.0851,.0382,.00766,-.025,.108,.122,-.0805,-.0765,.218,.164,.204,.0288,-.0823,-.152,-.0463,.257,-.0811,-.0911,.134,.0754,.0452,-.0245,.189,.126,-.185,-.173,-.0602,-.0396,.0275,.0542,.0778,.0461,0
2023,4,30,9,m,.0123,.106,-.097,-.0485,.0385,.0366,.00804,.0000485,.0887,.115,-.00678,-.0179,.149,.122,.124,.0811,.108,.0116,.204,.555,-.0717,-.0873,.0706,.06,.0755,.063,.0681,.00215,-.209,-.197,-.0796,-.0696,.0474,.0715,.0727,.0749,0
2023,4,30,10,m,.0794,.151,.119,.157,.0782,.127,.124,.0999,.317,.356,.0486,.0496,.492,.497,.0899,.0566,.0309,-.0578,-.00557,.534,-.00356,-.0161,.155,.199,.234,.107,.0967,.104,-.0198,.0234,.0548,.0611,.204,.257,.158,.175,0
2023,4,30,11,m,-.852,-.837,.192,.235,.0583,.123,.0204,.045,-.573,-.538,.0567,.0929,1.17,1.12,.186,.0937,-.0122,-.000466,.13,.35,.0529,.0415,-.221,-.193,.151,.0761,.495,.523,-.141,.0635,.0652,.125,-.378,-.335,-.218,-.201,0
2023,4,30,12,m,-.013,.0147,.016,.0468,-.149,-.075,.0307,.0131,.146,.142,.0281,-.0197,.27,.235,.0969,.0284,.112,-.0274,.132,.412,-.142,-.197,.076,.0632,.068,.0591,.288,.145,-.0255,.00628,-.0215,-.0193,.116,.0881,.109,.068,0
2023,4,30,13,m,-.112,.185,.262,.38,1.41,1.53,.238,.253,.189,.395,-.0223,.0996,.463,.541,.358,.298,.245,.187,-.302,.0812,.219,.209,.208,.285,.161,.124,-.0018,.259,-.0171,.0372,.314,.373,-.0239,.206,.0893,.238,0
2023,4,30,14,m,-.0407,.442,.336,.489,.918,1.24,.321,.424,.126,.524,.156,.182,.302,.593,.349,.271,.157,.204,.272,1.1,1.78,1.84,.246,.382,.295,.372,.545,.871,.0794,.177,.533,.668,.191,.541,.259,.415,0
2023,4,30,15,m,.436,.736,1.42,1.58,2.4,2.71,.231,.282,.445,.696,.0306,.173,.453,.675,-.109,-.155,1.13,.882,-.0216,.628,1.12,1.04,.122,.163,.306,.324,.637,.728,3.09,2.98,1.55,1.55,.217,.52,.0679,.155,0
2023,4,30,16,m,.0111,.0568,.0618,.0841,-.108,-.0867,.114,.107,.163,.181,.017,.0349,.317,.299,.314,.253,-.0284,-.0498,.322,.844,.245,.162,.232,.257,.195,.117,.0167,.0894,-.0884,.0061,.0295,.0459,.0975,.133,.18,.181,0
2023,4,30,17,m,-.0648,.159,.0622,.122,.0564,.286,.0757,.09,.101,.238,.0266,.0684,.285,.31,.192,.106,.0197,-.0533,.0926,.756,-.0593,-.041,.117,.157,.142,.103,-.0512,-.0632,.0496,.0348,.0331,.0672,.0751,.202,.115,.166,0
2023,4,30,19,m,.0218,.242,.191,.282,.163,.314,.235,.278,.35,.524,.159,.187,.543,.667,.114,.096,.146,.115,.202,.614,.376,.398,.191,.261,.37,.401,.232,.32,.0452,.146,.193,.255,.27,.4,.193,.241,0
2023,4,30,20,m,.122,.347,.2,.302,.784,.861,.389,.428,.449,.538,.367,.46,.714,.656,.293,.204,.654,.421,.582,2.21,.556,.699,.326,.379,.487,.469,.552,.752,.33,.541,.378,.461,.48,.668,.397,.449,0
2023,4,30,21,m,-.0861,-.0494,-.125,-.0399,-.155,-.141,-.0318,-.0221,.0377,.0383,.00123,-.0754,.188,.14,.0989,.0429,.0165,.0243,.265,.332,-.0771,-.104,.0416,.0246,.0257,.0735,.0473,-.0571,-.15,-.123,-.114,-.0716,.0152,-.0293,.0426,-.00559,0
2023,4,30,22,m,-.0253,.0834,.0518,.0918,.143,.311,.0458,.000285,.333,.365,-.0385,-.0232,.597,.553,.104,.0673,.227,.129,-.132,.262,.022,-.0495,.0982,.115,.0692,-.105,.298,.122,-.0616,-.0407,.0575,.0682,.219,.246,.182,.185,0
2023,4,30,23,m,.106,.41,.238,.295,.436,.296,.508,.376,.231,.351,.254,.285,.346,.31,.408,.27,.227,.0625,.258,1.03,.409,.332,.355,.327,.521,.473,.336,.346,-.0505,-.0339,.215,.205,.261,.373,.313,.333,0
2023,4,30,24,m,.0914,.157,.077,.0981,-.159,-.0341,.125,.109,.355,.348,.105,.0991,.655,.539,.155,.14,.235,.211,.12,.599,.015,-.044,.142,.122,.238,.234,.362,.285,-.00414,-.0739,.0479,.0429,.215,.232,.191,.195,0
2023,4,30,25,m,-.0718,.254,.144,.196,.552,.548,.27,.347,.218,.437,.179,.438,.689,.676,.481,.277,.744,.463,1.3,2.07,.398,.397,.304,.297,.376,.542,1.77,1.56,.0336,.0982,.223,.251,.262,.594,.337,.448,0
2023,4,30,26,m,.263,.522,.164,.258,.318,.408,.237,.309,.448,.603,.0231,.26,.548,.638,.12,.0699,.169,.0647,-.164,.452,.144,.207,.122,.218,.676,.705,.0225,.0494,.262,.286,.182,.233,.135,.447,.129,.252,0
2023,4,30,27,m,-.0907,.157,.413,.506,-.0196,.714,.629,.667,.433,.705,.584,.648,.936,1.17,.367,.332,.359,.0827,2.02,3.41,.337,.472,.541,.613,1.41,1.26,.192,.551,.469,.42,.38,.445,.699,.953,.575,.698,0
2023,4,30,28,m,.134,.279,.071,.0767,.237,.445,.114,.124,.237,.306,.0995,.0942,.35,.331,.225,.131,.105,.05,.133,.666,.0198,-.012,.177,.181,.152,.187,.617,.363,.00892,-.0486,.0742,.0717,.174,.242,.194,.197,0
2023,4,30,29,m,.0253,.255,-.0787,-.0314,.0915,.117,.0609,.0848,.0764,.285,.0781,.105,.139,.318,.224,.163,.434,.211,-.107,.593,.022,.0873,.0987,.18,.174,.194,.725,.335,-.132,-.136,-.0268,-.0111,.122,.264,.159,.222,0
2023,4,30,30,m,.214,.321,-.0685,.00982,.228,.184,.0647,.0437,.361,.337,.119,.109,.549,.353,.143,.0289,.272,.103,-.0298,.724,.0959,.0781,.15,.132,.127,.0421,.231,.467,-.371,-.336,-.0802,-.0506,.244,.26,.202,.166,0
2023,4,30,31,m,.301,.521,.109,.2,.0875,.0578,.22,.237,.643,.817,.177,.208,1.02,1.11,.154,.112,.191,.165,.076,.383,.196,.152,.262,.314,.474,.447,.459,1.1,.303,.0555,.154,.157,.394,.591,.275,.329,0
2023,4,30,32,m,.0733,.182,.0414,.115,.0733,.0564,.0543,.0599,.182,.193,-.0134,.104,.238,.197,.455,.0804,-.0833,-.134,.0896,.726,.0694,-.0268,.265,.159,-.0171,.0238,-.0785,.0699,.0594,.158,.0314,.046,.088,.21,.199,.166,0
2023,4,30,33,m,.219,.33,.112,.155,.228,.25,.0965,.124,.388,.387,-.066,-.00219,.483,.413,.099,.0993,.15,.0729,-.302,.0189,.0536,-.0414,.169,.206,.195,.222,.351,.272,-.141,-.00275,.0728,.086,.0812,.165,.0888,.14,0
2023,4,30,34,m,.111,.245,.159,.223,.134,.382,.18,.192,.326,.381,.138,.104,.459,.453,.11,.141,.154,.0119,.183,.65,.0514,.0538,.186,.245,.356,.318,.302,.23,.123,.00677,.138,.147,.244,.294,.202,.246,0
2023,4,30,35,m,-.00894,.0277,.0174,.0463,.0975,.112,.0414,.0271,.146,.158,.03,-.00424,.239,.234,.0885,.0339,-.0908,-.114,.104,.516,-.0611,-.111,.0992,.0989,.0953,.0711,-.0107,-.0276,-.0609,-.0823,-.0144,-.0185,.112,.116,.104,.0894,0
2023,4,30,36,m,.0328,.197,.0987,.179,.201,.194,.161,.143,.214,.284,.113,.0786,.406,.36,.273,.162,.121,.0841,.289,.74,.0672,.0653,.221,.218,.158,.113,.239,.228,.174,.24,.117,.154,.202,.255,.225,.22,0
2023,4,30,37,m,-.245,-.111,.139,.151,-.0722,-.0722,.0333,.109,.159,.27,.0682,.259,.485,.545,.109,-.00638,.109,.0137,.319,1.27,-.008,.131,-.0158,.046,.131,.152,.162,.0924,-.333,-.252,.00486,.0358,.124,.372,.125,.217,0
2023,4,30,38,m,.419,.636,.2,.164,.236,.106,.231,.192,.538,.653,.0898,.0352,.644,.666,.186,.134,.0145,-.0267,.00836,.129,.0795,.00639,.305,.331,.345,.269,1.32,.798,-.0401,.0265,.0942,.0767,.436,.456,.337,.326,0
2023,4,30,39,m,.032,.22,.13,.25,.0565,.179,.181,.164,.243,.319,.156,.152,.432,.394,.226,.136,.184,.0418,.294,.807,.07,-.0297,.199,.21,.294,.244,.313,.284,.0727,.0266,.114,.119,.231,.298,.227,.233,0
2023,4,30,40,m,.104,.33,.236,.319,.224,.18,.223,.293,.338,.535,.14,.319,.536,.695,.145,.108,.279,.253,.251,1.39,.288,.402,.155,.238,.348,.398,.246,.337,.296,.0852,.262,.278,.29,.545,.23,.333,0
2023,4,30,41,m,.0143,.0534,.00444,.0267,-.13,-.0301,.0227,.00402,.144,.119,.0511,-.0257,.246,.164,.0413,-.000102,.0424,-.00546,.0991,.291,-.0309,-.0872,.0495,.0402,.0516,.0426,.199,.0654,-.0725,-.0678,-.0275,-.0196,.127,.0757,.0951,.0476,0
2023,4,30,42,m,-.0629,.0387,-.0316,-.0766,-.227,-.257,.109,.0706,.175,.216,-.142,-.0168,.411,.371,.297,.18,.049,.0144,-.532,-.3,-.0817,-.0897,.168,.157,.22,.191,.262,.393,-.275,-.447,-.0948,-.167,-.0542,.0702,.0558,.109,0
2023,4,30,43,m,.222,.308,.123,.176,.133,.177,.222,.224,.356,.396,.178,.163,.444,.448,.251,.177,.18,.123,.508,.515,.131,.0997,.246,.266,.41,.375,.349,.299,.123,.168,.134,.154,.311,.337,.284,.268,0
2023,4,30,44,m,-.145,-.0831,.151,.187,-.0585,.145,.119,.166,.271,.318,.168,.06,.939,.918,.0827,.0754,-.0119,.0794,.338,.205,.286,.366,.0778,.147,.175,.282,.991,.685,.456,.522,.171,.242,.266,.205,.18,.144,0
2023,4,30,45,m,.0397,.187,.0874,.2,.23,.469,.223,.262,.35,.445,.125,.239,.552,.6,.0516,.0292,.155,.187,.325,.82,.32,.402,.202,.243,.364,.347,.211,.446,.163,.135,.163,.242,.241,.384,.167,.229,0
2023,4,30,46,m,.415,.433,.255,.471,1,1.24,.468,.371,.574,.568,.546,.501,.679,.653,.646,.467,.269,.281,.728,.983,.197,.207,.484,.271,.43,.288,.0534,.231,.532,.381,.366,.444,.58,.571,.606,.531,0
2023,4,30,47,m,.183,.326,.0496,.116,.172,.127,.0389,.0597,.273,.333,.0177,.0232,.326,.336,.017,-.0119,-.0543,-.112,-.0772,.311,.0273,-.0539,.0728,.124,.0993,.0743,.174,.234,-.155,-.106,.0109,.0188,.146,.217,.101,.136,0
2023,4,30,48,m,1.13,1.18,.0624,.118,-.251,-.217,.261,.275,.847,.798,.299,.238,.757,.681,.176,.159,.133,.16,.184,.301,.226,.171,.338,.355,.361,.478,.902,1.61,-.137,-.178,.0204,.0345,.718,.686,.474,.449,0
2023,4,30,49,m,.0869,.239,.0141,.054,.129,.219,.0609,.0892,.292,.347,-.0258,.0552,.426,.409,.0837,.079,.122,.132,-.0841,.588,-.0812,-.0715,.111,.142,.145,.15,.181,.118,-.0137,-.0779,.0209,.0334,.108,.218,.0992,.17,0
2023,4,30,50,m,.0565,.208,.101,.127,.192,.327,.294,.273,.428,.459,.153,.182,.684,.604,.466,.179,.314,.259,.1,.412,.0633,.0291,.351,.288,.07,.125,.504,.515,-.317,-.318,.028,.038,.28,.319,.332,.27,0
2023,4,30,51,m,.0478,.266,.157,.211,.152,.278,.191,.159,.248,.389,.109,.114,.41,.476,.27,.153,.209,.019,.596,1.53,.264,.11,.229,.23,.201,.231,-.00848,.234,.191,.093,.192,.148,.247,.38,.253,.289,0
2023,4,30,52,m,.0824,.194,.0141,.102,.0473,.196,.0895,.148,.256,.305,.0391,.121,.352,.36,.156,.13,.0632,.0763,.0735,.454,.0625,.0865,.128,.184,.212,.261,.253,.232,-.0802,.00964,.0165,.0878,.154,.244,.155,.199,0
2023,4,30,53,m,-.213,-.118,.0787,.209,-.098,-.00597,.187,.266,.193,.304,-.026,.181,.466,.575,.0919,.0557,-.0431,-.0311,-.305,.264,.115,.221,.103,.171,.498,.544,-.0752,.0272,.167,.246,.0606,.158,-.00753,.231,.0342,.146,0
2023,5,31,1,m,-.058,.121,-.156,-.0359,-.0737,-.05,-.0745,-.0403,.0221,.153,-.0793,-.0704,.0957,.179,-.0507,-.0276,.0301,-.00137,-.00352,.214,-.0799,-.063,-.0523,.0398,-.0138,-.0476,.123,.173,-.192,-.109,-.123,-.0516,-.0128,.0814,-.0244,.0471,0
2023,5,31,2,m,.173,.529,.141,.23,.347,.3,.278,.306,.257,.54,.167,.226,.38,.552,.249,.181,.624,.532,.356,.949,.382,.443,.241,.333,.324,.228,.512,.807,.173,.211,.234,.281,.249,.474,.251,.35,0
2023,5,31,3,m,.204,.455,.165,.26,.481,.43,.329,.355,.359,.585,.331,.461,.492,.687,.282,.21,.43,.404,.621,1.58,.208,.389,.267,.36,.442,.364,.717,1.07,.167,.102,.231,.278,.438,.724,.38,.492,0
2023,5,31,4,m,.0169,.179,.127,.249,.366,.31,.138,.141,.223,.353,.0484,.0836,.407,.497,.13,.119,.139,.023,.202,.543,.107,.173,.146,.228,.288,.121,.125,.245,.0165,.159,.123,.187,.148,.248,.14,.195,0
2023,5,31,5,m,.127,.295,.0773,.23,.302,.283,.143,.153,.214,.301,.0289,.0446,.265,.304,.121,.103,.0766,.0122,.0618,.269,.14,.184,.163,.219,.267,.189,.253,.288,.0318,.188,.101,.18,.147,.199,.138,.164,0
2023,5,31,6,m,.0481,.201,-.0529,.0105,.0343,.0154,-.0012,-.00792,.0628,.159,-.0502,-.0506,.0755,.135,.0113,-.0159,.04,-.0658,-.0113,.192,-.0407,-.0795,-.00941,.0567,.118,.016,.144,.209,-.0787,-.07,-.0335,-.0283,.0309,.0933,.0255,.0596,0
2023,5,31,7,m,-.0189,.192,-.00803,.138,.157,.165,.0818,.103,.115,.286,.0321,.115,.24,.367,.0549,.0942,.00254,-.00579,.23,.784,.18,.239,.0688,.199,.223,.0526,-.0514,.262,-.0656,.0309,.0261,.115,.0709,.25,.0669,.191,0
2023,5,31,8,m,.0201,.13,.01,.104,.0353,.0767,.00713,-.00441,.134,.172,-.124,-.0906,.211,.197,.193,.0354,-.079,-.141,-.0426,.187,.00493,.0378,.113,.107,.0546,-.0273,.0259,.147,-.109,-.0835,-.0213,.016,.00376,.0625,.0572,.0538,0
2023,5,31,9,m,-.0281,.154,-.151,-.0705,-.0385,-.0421,.0156,.0254,.101,.212,-.0398,.0268,.206,.254,.0984,.121,.289,.149,.226,.846,-.0105,.00972,.0571,.128,.118,.032,-.05,.0936,-.142,-.141,-.069,-.045,.0431,.162,.0606,.148,0
2023,5,31,10,m,.0833,.235,.0553,.219,.373,.34,.145,.158,.298,.44,.0318,.0944,.453,.582,.1,.0949,.169,.0433,-.0000295,.502,.136,.193,.156,.25,.286,.133,.0898,.246,-.0147,.106,.101,.173,.185,.315,.152,.225,0
2023,5,31,11,m,-.885,-.854,.133,.294,.134,.313,.0239,.0719,-.614,-.521,-.000642,.0964,1.1,1.32,.14,.0927,.145,.0628,.0667,.346,.0989,.19,-.282,-.178,.191,.0876,.361,.543,.0904,.275,.122,.235,-.438,-.321,-.283,-.192,0
2023,5,31,12,m,-.0382,.107,-.0181,.0403,-.183,-.0897,.0468,.04,.132,.213,-.00707,.00111,.275,.29,.0732,.0287,.166,.0619,.186,.473,-.0327,-.0572,.0506,.0935,.165,.065,.0509,.112,-.0373,.0338,-.0216,.0137,.0719,.129,.0718,.095,0
2023,5,31,13,m,-.0289,.222,.203,.363,1.48,1.61,.238,.292,.239,.439,-.188,.0774,.46,.589,.312,.338,.37,.307,-.523,.115,.191,.247,.177,.326,.167,.0878,-.0176,.229,.0666,.0694,.311,.398,-.146,.221,-.0179,.262,0
2023,5,31,14,m,-.0422,.409,.286,.517,.918,1.2,.342,.473,.102,.538,.171,.219,.238,.647,.332,.312,.27,.309,.227,1.36,1.92,2.19,.238,.429,.331,.366,.361,.945,.133,.254,.562,.762,.167,.58,.237,.455,0
2023,5,31,15,m,.598,.967,1.42,1.76,2.4,3.25,.322,.396,.567,.851,.117,.308,.553,.789,-.102,-.0899,1.41,1.21,.0528,1.03,1.03,1.25,.164,.252,.429,.371,.761,.888,3.56,3.36,1.6,1.81,.331,.699,.126,.273,0
2023,5,31,16,m,-.00635,.166,.0135,.15,-.0208,.0897,.128,.177,.132,.29,.0242,.0875,.271,.408,.257,.269,.0862,.0644,.425,.919,.358,.416,.199,.322,.253,.16,-.00626,.204,-.0923,.0665,.0508,.159,.0915,.217,.153,.238,0
2023,5,31,17,m,-.0151,.221,.0358,.149,.111,.258,.0854,.114,.118,.298,.00898,.084,.256,.369,.122,.109,.169,.0652,.0804,.721,.0376,.144,.0886,.188,.182,.0803,.0183,.128,.0584,.0454,.0665,.129,.0716,.243,.0893,.192,0
2023,5,31,19,m,.0695,.261,.157,.306,.224,.411,.249,.312,.361,.554,.139,.183,.519,.702,.0937,.101,.293,.208,.19,.56,.556,.636,.178,.276,.408,.422,.188,.398,.133,.266,.246,.344,.265,.404,.18,.246,0
2023,5,31,20,m,.163,.406,.219,.459,.626,.878,.385,.479,.421,.575,.384,.57,.615,.679,.217,.208,.373,.379,.358,2.17,.563,.835,.292,.422,.556,.475,.342,.646,.298,.443,.344,.543,.476,.764,.362,.501,0
2023,5,31,21,m,-.126,-.000275,-.233,-.0826,-.223,-.194,-.0167,.00269,.0192,.09,.0145,-.047,.205,.195,.116,.0497,.192,.172,.358,.325,-.0237,.00487,.0376,.0683,.146,.0798,.023,.0243,-.077,-.0153,-.134,-.0434,.0154,.014,.0473,.0257,0
2023,5,31,22,m,-.0621,.114,.0234,.137,.264,.542,.0474,.0245,.287,.401,-.0382,-.00167,.546,.593,.0418,.0432,.404,.162,-.122,.255,.002,.0747,.0502,.128,.15,-.0851,.346,.412,-.148,-.0737,.053,.125,.169,.276,.129,.196,0
2023,5,31,23,m,.164,.45,.229,.316,.63,.495,.555,.436,.253,.435,.199,.223,.325,.425,.337,.254,.306,.237,.296,1.16,.511,.505,.327,.373,.592,.531,.262,.382,-.0432,.0505,.247,.295,.235,.391,.271,.337,0
2023,5,31,24,m,.107,.294,.0276,.114,-.131,-.0233,.161,.171,.333,.472,.131,.184,.587,.651,.0769,.165,.385,.273,.402,1.29,.156,.201,.107,.195,.348,.25,.406,.544,.0736,.0174,.0837,.115,.244,.371,.176,.287,0
2023,5,31,25,m,.0544,.482,.212,.344,.282,.342,.333,.467,.402,.718,.295,.527,.972,1.03,.467,.312,.417,.552,1.65,2.54,.358,.723,.319,.435,.662,.692,.904,1.03,-.0286,.136,.192,.353,.457,.797,.456,.574,0
2023,5,31,26,m,.394,.61,.115,.327,.426,.7,.262,.365,.393,.652,.119,.34,.39,.67,.0969,.0734,.304,.136,-.0577,.545,.211,.318,.111,.238,.745,.752,.113,.179,.334,.535,.197,.341,.198,.535,.153,.296,0
2023,5,31,27,m,.0359,.225,.361,.554,.211,.808,.68,.778,.495,.788,.623,.715,.875,1.26,.362,.401,.537,.285,2.18,3.78,.471,.736,.49,.699,1.71,1.46,.137,.506,.182,.29,.379,.526,.828,1.08,.648,.802,0
2023,5,31,28,m,.194,.447,.0261,.119,.408,.44,.125,.166,.244,.428,.105,.212,.298,.41,.2,.163,.136,.117,.214,1.32,.194,.207,.139,.229,.213,.162,.445,.503,-.000419,-.0134,.0991,.139,.179,.393,.188,.3,0
2023,5,31,29,m,.0145,.33,-.0631,.0368,.129,.142,.067,.139,.0707,.362,.0739,.181,.141,.398,.184,.134,.707,.392,-.11,.698,.154,.294,.078,.217,.21,.216,.655,.651,-.197,-.118,-.00387,.0674,.133,.353,.151,.262,0
2023,5,31,30,m,.116,.258,-.0604,.0853,.205,.238,.0958,.102,.293,.351,.204,.134,.503,.442,.0623,.0758,.444,.166,.193,.879,.21,.296,.0894,.155,.193,.0856,.751,.862,-.201,-.193,-.00159,.0606,.313,.288,.21,.201,0
2023,5,31,31,m,.21,.454,.00902,.189,-.0251,-.0813,.218,.269,.571,.788,.00951,.239,.971,1.12,.205,.125,.224,.235,-.276,.48,.288,.231,.258,.332,.614,.492,.591,1.26,.102,.0223,.0927,.158,.205,.612,.208,.346,0
2023,5,31,32,m,.0638,.204,.0221,.166,.292,.267,.0442,.0808,.153,.214,.0807,.0963,.197,.218,.507,.0918,.0946,-.102,.131,.716,.143,.0809,.277,.172,.111,.0211,.0571,.181,.121,.175,.0956,.112,.14,.214,.253,.172,0
2023,5,31,33,m,.156,.336,.0597,.265,.121,.177,.0979,.145,.294,.383,-.0992,.0321,.371,.404,.0926,.103,.235,.135,-.289,.0222,.117,.113,.144,.236,.239,.16,.217,.33,-.111,.121,.0717,.181,.0226,.174,.0492,.147,0
2023,5,31,34,m,.12,.231,.133,.241,.313,.491,.226,.23,.35,.421,.135,.133,.483,.521,.125,.157,.255,.137,.321,.657,.101,.141,.211,.286,.472,.324,.34,.323,.138,.0652,.165,.205,.276,.331,.229,.276,0
2023,5,31,35,m,.0122,.0949,-.0536,.0665,-.0596,-.0527,.0384,.0445,.139,.215,.000792,.0109,.214,.285,.0489,.0354,-.0503,-.0714,.107,.456,.0426,.0265,.0735,.131,.161,.0631,-.0521,.0491,-.0581,-.0593,-.039,.00399,.079,.148,.0693,.112,0
2023,5,31,36,m,.0941,.292,.0918,.237,.25,.217,.172,.189,.244,.401,.12,.165,.388,.497,.215,.158,.231,.152,.221,.834,.219,.301,.185,.264,.212,.121,.234,.395,.0684,.253,.142,.237,.222,.37,.217,.29,0
2023,5,31,37,m,-.139,-.0462,.0739,.172,-.181,-.0827,.0662,.123,.215,.332,.0641,.218,.474,.605,.135,.0193,.267,.0945,.226,.957,.0435,.198,.019,.0903,.177,.0959,.103,.109,-.234,-.148,.0147,.084,.14,.35,.144,.214,0
2023,5,31,38,m,.339,.763,.0952,.205,.452,.295,.217,.234,.474,.744,.0303,.0385,.601,.73,.154,.129,.107,.0652,.027,.124,.14,.156,.278,.372,.317,.29,1.26,1.05,-.0384,.0455,.0954,.147,.395,.516,.302,.361,0
2023,5,31,39,m,-.00194,.239,.122,.277,.261,.417,.186,.201,.179,.35,.1,.153,.333,.435,.145,.141,.266,.137,.325,.859,.064,.104,.131,.224,.396,.273,.246,.299,.0488,.0741,.138,.2,.157,.301,.15,.237,0
2023,5,31,40,m,.11,.333,.176,.354,.38,.306,.252,.357,.377,.581,.125,.455,.602,.774,.158,.134,.553,.497,.314,1.97,.377,.633,.165,.271,.485,.454,.0935,.495,.178,.0146,.282,.366,.268,.659,.225,.404,0
2023,5,31,41,m,.00502,.139,-.026,.04,-.0818,-.00544,.033,.0334,.123,.196,.00512,-.0117,.216,.235,.000472,.00166,.0887,.0544,.0959,.234,.0335,.0341,.0155,.078,.155,.0605,-.014,.125,-.0444,-.000397,-.0151,.0275,.0883,.123,.0557,.0777,0
2023,5,31,42,m,.0244,.162,-.0893,-.0868,-.0734,-.12,.181,.191,.242,.352,-.133,.267,.447,.518,.246,.174,.25,.227,-.469,.336,.0656,.0746,.163,.234,.379,.3,.336,.599,-.162,-.369,-.0356,-.0918,-.0587,.308,.0268,.26,0
2023,5,31,43,m,.161,.358,.0953,.255,.218,.283,.249,.276,.31,.461,.117,.164,.409,.521,.147,.124,.366,.225,.457,.529,.235,.312,.191,.267,.551,.424,.0989,.293,.291,.356,.204,.282,.249,.365,.206,.261,0
2023,5,31,44,m,-.116,-.0518,.11,.256,-.0441,.319,.172,.248,.276,.39,.178,.0957,.848,1.05,.13,.11,.304,.29,.288,.191,.461,.476,.149,.206,.207,.37,1.09,1.22,.516,.594,.221,.344,.309,.251,.225,.185,0
2023,5,31,45,m,.0491,.229,.0858,.325,.107,.628,.291,.351,.382,.553,.205,.349,.593,.749,.185,.159,.409,.399,.478,.962,.51,.589,.265,.339,.461,.375,.12,.279,.0314,.0156,.195,.351,.311,.504,.264,.353,0
2023,5,31,46,m,.291,.394,.228,.485,.52,.851,.424,.451,.465,.61,.421,.589,.566,.745,.838,.752,.469,.332,.275,1.39,.176,.254,.369,.431,.556,.336,.118,.411,.355,.295,.302,.418,.441,.683,.579,.709,0
2023,5,31,47,m,.0725,.262,.0182,.135,.163,.189,.0665,.0761,.254,.352,-.0425,.00318,.364,.398,-.0104,-.0297,.111,.00191,-.0647,.283,.0679,.0316,.0583,.138,.177,.0527,.0316,.189,-.114,-.0621,.031,.071,.115,.224,.0716,.134,0
2023,5,31,48,m,1.26,1.49,.0437,.191,-.311,-.193,.32,.34,.944,.969,.37,.274,.841,.809,.232,.2,.414,.204,.46,.506,.319,.313,.378,.44,.44,.45,1.51,1.96,-.0265,.0153,.0529,.133,.854,.827,.575,.545,0
2023,5,31,49,m,.122,.323,-.0871,.068,-.0275,.23,.0535,.125,.305,.419,-.0422,.0951,.422,.474,.0718,.104,.19,.174,.0488,.824,-.0884,.0221,.103,.212,.215,.174,.223,.249,-.045,-.0942,-.0342,.0588,.122,.291,.104,.227,0
2023,5,31,50,m,.0911,.268,.0527,.142,.144,.254,.305,.32,.419,.506,.131,.275,.638,.643,.406,.18,.559,.378,.312,.927,.147,.177,.31,.346,.177,.131,.357,.6,-.305,-.313,.0474,.0761,.26,.413,.299,.332,0
2023,5,31,51,m,.00132,.257,.162,.217,.333,.446,.2,.185,.235,.434,.00979,.107,.424,.558,.212,.183,.234,.0772,.266,1.16,.221,.194,.194,.269,.304,.244,.203,.552,.348,.143,.232,.198,.142,.36,.165,.289,0
2023,5,31,52,m,.0898,.259,-.0528,.131,.329,.361,.121,.192,.282,.366,.0458,.234,.391,.42,.158,.147,.167,.09,.0705,.856,.157,.192,.133,.224,.281,.262,.358,.468,-.00806,.0149,.0577,.136,.152,.372,.155,.282,0
2023,5,31,53,m,-.215,-.121,.0422,.255,-.0176,.2,.177,.265,.221,.343,-.0511,.133,.51,.64,.078,.0527,.0758,.0141,-.256,.211,.404,.493,.104,.183,.498,.504,-.0346,.141,.12,.327,.101,.253,-.000279,.228,.0329,.143,0
2023,6,30,1,m,-.0842,.0813,-.145,.011,-.119,-.0938,-.0558,-.0403,.0206,.152,-.0659,-.0808,.115,.209,-.0424,-.0265,.0606,-.0514,-.026,.217,-.0655,-.0781,-.0339,.0352,.0496,-.0311,.208,.207,-.191,-.123,-.118,-.0467,.00305,.0795,-.0109,.0462,0
2023,6,30,2,m,.197,.53,.116,.277,.39,.254,.283,.294,.266,.533,.197,.205,.365,.537,.276,.201,.709,.456,.365,.83,.344,.419,.265,.329,.367,.243,.846,.943,.197,.193,.23,.284,.274,.455,.277,.348,0
2023,6,30,3,m,.125,.38,.189,.321,.557,.452,.349,.334,.343,.546,.297,.354,.543,.677,.298,.214,.575,.341,.471,1.21,.336,.443,.292,.34,.481,.361,.882,.94,.257,.141,.298,.317,.399,.605,.361,.429,0
2023,6,30,4,m,.0331,.128,.137,.331,.347,.289,.202,.158,.253,.31,.132,.0919,.45,.459,.167,.127,.168,-.02,.321,.569,.239,.251,.21,.231,.415,.159,.283,.265,.021,.155,.153,.224,.215,.224,.195,.184,0
2023,6,30,5,m,.0993,.238,.09,.323,.279,.261,.183,.162,.23,.274,.081,.0424,.308,.293,.122,.0821,.148,.0161,.132,.263,.222,.245,.177,.191,.353,.208,.39,.391,.114,.242,.143,.232,.207,.188,.176,.15,0
2023,6,30,6,m,.063,.154,-.0496,.0544,.00368,.0296,.0176,-.014,.067,.127,-.0451,-.0656,.0713,.112,.0359,-.00689,.0485,-.117,-.0442,.191,.0138,-.0481,.0115,.034,.172,.0218,.24,.206,-.0753,-.0776,-.026,-.0129,.0355,.0751,.0359,.0498,0
2023,6,30,7,m,-.0289,.121,.00426,.195,.259,.12,.123,.115,.106,.228,.0765,.113,.228,.32,.0542,.107,.19,-.0267,.154,.761,.334,.305,.102,.191,.289,.0926,.234,.343,-.0289,.0556,.0901,.146,.0884,.208,.0767,.169,0
2023,6,30,8,m,.0203,.0877,.0105,.17,.0957,.11,.0372,-.00619,.131,.134,-.105,-.098,.205,.163,.201,.0336,-.0617,-.141,-.0497,.123,.042,.0619,.175,.113,.0765,-.0622,.117,.175,-.0471,-.0784,.00852,.0493,.0156,.0384,.0689,.0368,0
2023,6,30,9,m,-.0133,.11,-.141,-.0498,.0273,-.0606,.0282,.00351,.118,.173,-.051,-.00285,.223,.22,.0322,.111,.32,.0777,.177,.659,.056,.0135,.0506,.108,.158,.0222,-.0702,.0256,-.159,-.181,-.0514,-.0548,.0381,.105,.0361,.107,0
2023,6,30,10,m,.0819,.159,.0868,.314,.211,.202,.184,.158,.325,.381,.0399,.0606,.501,.535,.119,.0973,.172,-.017,-.0157,.449,.23,.254,.194,.245,.368,.121,.152,.268,.0621,.169,.13,.207,.191,.26,.162,.193,0
2023,6,30,11,m,-.887,-.877,.175,.379,.291,.31,.0423,.0339,-.594,-.562,.0658,.0924,1.12,1.18,.171,.106,.235,.0141,.0604,.324,.201,.274,-.222,-.195,.22,.0898,.448,.554,.0961,.26,.185,.274,-.394,-.355,-.231,-.212,0
2023,6,30,12,m,-.0637,.0466,-.0201,.124,.0528,-.0353,.0699,.0346,.127,.187,-.00586,-.0138,.284,.29,.0859,.0152,.189,-.0228,.0803,.404,-.00498,-.048,.079,.0898,.228,.0471,.102,.168,-.0379,.0176,.00843,.0417,.0774,.113,.0795,.0798,0
2023,6,30,13,m,-.0283,.142,.257,.446,1.47,1.71,.252,.264,.161,.349,-.148,.033,.295,.493,.293,.346,.487,.214,-.536,-.128,.243,.204,.186,.302,.188,.0688,.0453,.324,.0356,.00392,.361,.416,-.145,.113,-.0122,.194,0
2023,6,30,14,m,-.0531,.335,.199,.571,.85,1.27,.346,.441,.121,.489,.168,.181,.287,.619,.35,.306,.209,.215,.113,1.01,1.99,2.12,.253,.393,.4,.345,.588,.991,.114,.194,.506,.755,.164,.501,.243,.41,0
2023,6,30,15,m,.47,.673,1.52,1.89,3.49,3.65,.33,.37,.548,.695,.107,.233,.597,.706,-.0871,-.102,1.92,1.25,.155,.758,1.33,1.57,.193,.216,.43,.338,.209,.747,3.21,3.13,1.83,1.95,.286,.535,.106,.191,0
2023,6,30,16,m,-.0203,.111,.00357,.191,-.000419,.0179,.156,.169,.131,.23,.0562,.0738,.288,.343,.279,.26,.114,.00499,.324,.78,.417,.425,.22,.297,.346,.17,.125,.317,-.06,.0876,.0636,.166,.115,.182,.177,.213,0
2023,6,30,17,m,.00171,.135,.0276,.181,.255,.204,.131,.105,.149,.241,.0315,.037,.298,.339,.176,.144,.177,.016,.135,.519,.0819,.125,.154,.179,.261,.0857,-.0365,.0457,.136,.0858,.0929,.132,.101,.174,.128,.163,0
2023,6,30,19,m,.128,.272,.124,.324,.199,.423,.306,.323,.472,.567,.202,.193,.668,.716,.131,.11,.37,.218,.302,.573,.726,.649,.251,.287,.487,.434,.294,.41,.193,.277,.266,.358,.37,.416,.248,.257,0
2023,6,30,20,m,.251,.331,.268,.576,.634,.859,.46,.48,.514,.484,.376,.468,.71,.579,.275,.237,.904,.459,.486,1.95,.618,.795,.382,.417,.624,.445,.44,.582,.418,.449,.449,.602,.538,.635,.418,.446,0
2023,6,30,21,m,-.113,-.0415,-.22,-.0418,-.0609,-.225,-.00596,-.0213,.0291,.0513,.00593,-.0666,.207,.159,.115,.0474,.169,.0679,.194,.352,.0189,-.0299,.0496,.0389,.183,.0627,.00116,-.0108,-.133,-.0753,-.127,-.0576,.0104,-.00968,.044,.00907,0
2023,6,30,22,m,-.0594,.0951,.00548,.242,.111,.475,.0858,.052,.299,.352,.0342,.0328,.575,.523,.0727,.0977,.373,.0881,-.164,.254,.152,.164,.0961,.14,.237,-.0732,.407,.397,-.108,.0556,.0547,.197,.21,.269,.164,.21,0
2023,6,30,23,m,.195,.335,.283,.341,.364,.141,.591,.367,.357,.382,.186,.151,.489,.413,.507,.266,.516,.272,.0615,.826,.42,.445,.457,.349,.722,.431,.368,.404,-.101,-.0526,.245,.25,.258,.321,.343,.299,0
2023,6,30,24,m,.0302,.139,.0076,.15,-.0018,-.0416,.199,.133,.309,.385,.103,.1,.612,.631,.0781,.182,.336,.142,.311,.928,.212,.173,.192,.179,.473,.206,.386,.549,.0823,.0397,.0894,.112,.216,.269,.159,.234,0
2023,6,30,25,m,-.000636,.382,.172,.323,.507,.429,.449,.435,.276,.571,.531,.483,.708,.817,.473,.353,.665,.316,1.44,1.85,.59,.755,.356,.393,.991,.726,1.28,1.24,.00372,.0712,.239,.321,.492,.668,.481,.523,0
2023,6,30,26,m,.34,.536,.114,.349,.308,.539,.285,.355,.423,.622,.0993,.298,.46,.66,.124,.0917,.318,.116,-.142,.419,.203,.361,.159,.252,.805,.727,.0517,.158,.445,.47,.198,.34,.172,.473,.151,.276,0
2023,6,30,27,m,-.0397,.121,.403,.696,.855,1.46,.78,.766,.457,.662,.814,.767,.895,1.12,.363,.351,.787,.187,2.89,3.9,.55,.767,.548,.629,1.77,1.34,.329,.777,.486,.312,.578,.64,.97,1.02,.726,.745,0
2023,6,30,28,m,.127,.325,.0136,.139,.403,.347,.165,.165,.199,.347,.0418,.123,.274,.368,.247,.186,.209,.0587,.182,.979,.21,.21,.174,.223,.354,.222,.492,.561,.0688,-.00241,.115,.134,.13,.295,.174,.251,0
2023,6,30,29,m,.055,.278,-.0921,.0427,.182,.116,.0972,.113,.136,.344,.143,.158,.235,.418,.215,.145,.61,.318,-.0569,.514,.233,.275,.143,.207,.247,.174,.4,.296,-.187,-.15,-.00712,.0512,.19,.314,.199,.244,0
2023,6,30,30,m,-.0148,.16,-.099,.0995,.141,.194,.0862,.0711,.21,.262,.187,.101,.508,.361,.0896,.0507,.597,.156,.0978,.706,.282,.257,.108,.118,.24,.0668,.509,.565,-.273,-.236,-.0334,.0448,.224,.213,.17,.147,0
2023,6,30,31,m,.212,.419,.0261,.205,.207,.014,.281,.257,.615,.769,.076,.183,1.07,1.12,.179,.101,.436,.167,-.214,.309,.309,.216,.279,.322,.687,.475,.763,1.05,.419,.0882,.169,.173,.286,.543,.237,.301,0
2023,6,30,32,m,.0523,.202,.0497,.261,.3,.133,.067,.0924,.201,.206,.125,.0886,.282,.208,.572,.106,.12,-.152,.103,.538,.38,.183,.328,.182,.154,-.00613,.188,.178,.179,.306,.155,.166,.202,.196,.317,.165,0
2023,6,30,33,m,.169,.309,.0973,.407,.232,.276,.148,.185,.338,.378,-.0732,.0496,.432,.41,.107,.128,.256,.131,-.342,.0535,.288,.232,.187,.247,.332,.197,.236,.255,-.0696,.163,.134,.272,.0618,.191,.0796,.167,0
2023,6,30,34,m,.103,.125,.125,.349,.375,.521,.241,.219,.339,.345,.123,.0781,.469,.462,.115,.158,.312,.0884,.211,.523,.233,.241,.219,.253,.5,.321,.126,.194,.122,.0544,.191,.266,.256,.256,.211,.225,0
2023,6,30,35,m,-.0216,.0404,.0093,.146,.00638,-.0258,.074,.0465,.13,.171,-.0134,-.00437,.221,.246,.0825,.0571,.00911,-.0949,-.0155,.44,.117,.0641,.103,.127,.226,.061,-.0236,.113,-.0182,-.0404,.021,.0453,.0665,.118,.071,.0981,0
2023,6,30,36,m,.127,.209,.0581,.252,.261,.198,.219,.167,.303,.315,.208,.169,.477,.41,.277,.18,.191,.0824,.328,.604,.313,.259,.242,.236,.296,.0966,.306,.602,.129,.205,.148,.215,.298,.327,.289,.271,0
2023,6,30,37,m,-.201,-.111,.0551,.233,-.207,-.0842,.0845,.107,.241,.321,.128,.18,.583,.633,.105,-.0031,.24,-.0144,.3,.846,.0485,.26,.018,.0811,.196,.0801,.265,.048,-.198,-.123,.00765,.108,.194,.289,.165,.169,0
2023,6,30,38,m,.387,.692,.093,.281,.322,.19,.27,.239,.571,.726,.118,.0424,.745,.754,.185,.131,.151,.0535,.0775,.15,.245,.185,.347,.361,.401,.297,1.18,.712,-.0305,.0364,.109,.168,.472,.492,.359,.347,0
2023,6,30,39,m,.0171,.143,.101,.33,.304,.254,.216,.172,.224,.283,.154,.112,.399,.388,.13,.13,.339,.0629,.304,.571,.166,.148,.163,.192,.483,.253,.492,.376,.0544,.0538,.157,.197,.204,.224,.174,.186,0
2023,6,30,40,m,.103,.263,.143,.414,.528,.557,.264,.338,.389,.517,.0965,.3,.628,.715,.177,.154,.522,.358,.133,1.17,.454,.621,.19,.273,.493,.408,.2,.376,.26,.125,.29,.414,.266,.496,.229,.33,0
2023,6,30,41,m,-.0192,.0742,-.028,.0863,.0463,.0188,.0656,.0278,.0979,.16,.051,-.0168,.185,.22,.0336,.00246,.158,.031,.0702,.272,.0854,.0576,.027,.0549,.212,.0519,.161,.154,-.0245,-.0146,.015,.047,.113,.107,.0835,.068,0
2023,6,30,42,m,.0712,.146,-.0163,.0179,.1,-.0591,.247,.201,.299,.338,-.0604,.207,.513,.504,.309,.238,.359,.189,-.49,.0268,.16,.132,.232,.265,.434,.27,.438,.751,-.196,-.41,.0337,-.0448,.0094,.246,.101,.243,0
2023,6,30,43,m,.169,.301,.0704,.316,.246,.23,.287,.261,.325,.393,.239,.203,.43,.447,.193,.128,.362,.188,.553,.579,.377,.332,.24,.236,.554,.368,.666,.512,.385,.373,.231,.301,.337,.363,.276,.261,0
2023,6,30,44,m,-.059,-.0583,.151,.303,.0262,.339,.212,.241,.362,.364,.271,.104,.99,.996,.124,.0674,.144,.135,.277,.101,.385,.581,.146,.181,.37,.374,1.29,1.18,.648,.75,.24,.39,.417,.258,.277,.169,0
2023,6,30,45,m,-.0507,.0938,.0936,.404,.113,.615,.307,.342,.45,.53,.206,.28,.788,.793,.103,.0933,.483,.221,.357,.665,.486,.641,.284,.317,.447,.328,.468,.611,.103,.144,.211,.389,.324,.428,.233,.282,0
2023,6,30,46,m,.366,.319,.184,.564,.36,1.04,.403,.382,.549,.498,.527,.487,.663,.611,.569,.448,.621,.308,.419,1.11,.212,.286,.309,.288,.526,.311,.247,.381,.466,.244,.308,.46,.532,.556,.548,.515,0
2023,6,30,47,m,.144,.243,-.00117,.205,.164,.146,.0654,.0567,.225,.27,-.0446,-.0339,.271,.284,.00014,-.0138,.179,.0125,-.119,.187,.103,.0296,.0471,.109,.262,.0749,.189,.271,.00351,.0338,.0533,.113,.119,.158,.0774,.0971,0
2023,6,30,48,m,1.24,1.56,.0132,.212,-.183,-.0762,.343,.339,.949,.989,.455,.287,.853,.815,.207,.178,.215,.124,.443,.484,.454,.406,.399,.428,.476,.418,1.61,2.13,.00771,-.013,.0629,.154,.859,.852,.568,.549,0
2023,6,30,49,m,.0236,.153,.0226,.194,.108,.245,.0924,.102,.243,.297,-.0217,.0491,.384,.38,.0721,.0976,.175,.0674,-.0636,.482,-.0487,.0413,.115,.177,.285,.142,.141,.195,-.045,-.139,.0278,.0866,.0906,.186,.0838,.156,0
2023,6,30,50,m,.028,.169,.0831,.215,.245,.319,.323,.295,.351,.418,.166,.218,.562,.561,.396,.189,.534,.309,.26,.802,.151,.22,.287,.309,.227,.0957,.45,.575,-.313,-.32,.0643,.105,.271,.332,.307,.282,0
2023,6,30,51,m,.0148,.144,.0868,.214,.42,.44,.255,.157,.279,.372,.138,.0649,.481,.533,.249,.199,.296,-.00954,.389,.851,.393,.275,.248,.253,.373,.188,.406,.726,.425,.118,.25,.19,.275,.311,.264,.266,0
2023,6,30,52,m,.0804,.238,-.00929,.246,.338,.319,.122,.19,.258,.334,.0389,.161,.358,.382,.124,.144,.13,.0565,-.0731,.532,.0922,.249,.122,.222,.302,.249,.415,.504,.0318,.119,.0655,.2,.128,.286,.128,.229,0
2023,6,30,53,m,-.231,-.175,.0538,.304,-.122,.172,.192,.262,.226,.301,-.0653,.121,.526,.606,.0899,.0671,.0683,-.0236,-.252,.21,.326,.442,.138,.192,.588,.53,-.091,.0875,-.0249,.182,.0679,.245,.00511,.184,.042,.127,0
2023,7,31,1,m,-.0471,.051,-.127,.0277,-.168,-.105,-.0912,-.0583,.0275,.12,-.116,-.0997,.0896,.176,-.0202,.00481,-.0691,-.116,-.0346,.239,-.169,-.104,-.039,.0231,-.0521,-.0749,.2,.165,-.228,-.188,-.148,-.0647,-.022,.0521,-.0216,.0372,0
2023,7,31,2,m,.212,.344,.216,.324,.252,.214,.288,.279,.318,.424,.171,.189,.457,.52,.286,.217,.469,.297,.441,.78,.289,.371,.27,.282,.315,.225,.857,.742,.144,.129,.23,.263,.302,.382,.297,.312,0
2023,7,31,3,m,.137,.261,.187,.344,.359,.402,.287,.305,.347,.462,.243,.305,.52,.62,.257,.208,.305,.279,.473,1.01,.1,.282,.232,.298,.382,.313,.609,.699,.138,.0449,.197,.27,.38,.533,.331,.387,0
2023,7,31,4,m,.0965,.188,.178,.348,.262,.287,.163,.155,.283,.334,.0865,.074,.448,.454,.146,.138,.0456,-.0743,.249,.483,.0783,.168,.185,.237,.311,.171,.359,.314,.062,.111,.129,.199,.206,.227,.182,.191,0
2023,7,31,5,m,.158,.287,.122,.358,.207,.195,.14,.141,.262,.293,.042,.00681,.324,.296,.108,.096,.0148,-.0759,.131,.183,.0814,.164,.165,.184,.229,.191,.362,.284,.0632,.0706,.0995,.181,.199,.171,.166,.144,0
2023,7,31,6,m,.0573,.143,-.0391,.0763,-.0671,-.0415,-.0354,-.0314,.0442,.12,-.102,-.111,.0373,.107,.0428,.0218,-.133,-.184,-.0509,.178,-.112,-.0866,-.0158,.0362,.0531,-.0144,.168,.0674,-.115,-.112,-.0772,-.0342,-.00722,.0435,.00773,.0368,0
2023,7,31,7,m,-.0344,.0543,.00286,.204,.0778,.108,.0708,.1,.106,.209,.0448,.0833,.227,.34,.0561,.121,-.0706,-.11,.218,.582,-.00816,.164,.0864,.193,.207,.0798,.164,.381,-.101,-.0329,-.02,.0961,.0793,.181,.071,.158,0
2023,7,31,8,m,-.0914,.0276,.0357,.182,-.106,-.0453,.0186,-.00531,.0973,.128,-.102,-.111,.231,.189,.228,.065,-.132,-.205,.0296,.0946,-.0681,.00708,.14,.0976,.06,-.0108,.14,.111,-.0808,-.139,-.0379,.00502,.0123,.023,.075,.0365,0
2023,7,31,9,m,.00151,.0545,-.106,-.0214,.0022,-.0571,.00313,-.0105,.107,.138,-.0542,-.0154,.186,.199,.0968,.126,.119,-.0269,.289,.621,-.141,-.0626,.066,.103,.107,-.000159,-.0888,.0533,-.216,-.244,-.0964,-.0798,.0318,.0852,.0541,.0994,0
2023,7,31,10,m,.0838,.149,.12,.352,.108,.172,.136,.135,.336,.374,-.00741,.00985,.519,.53,.115,.0977,.0183,-.0869,-.094,.236,.0461,.14,.173,.225,.255,.117,.107,.133,.00648,.0464,.0724,.165,.158,.207,.141,.163,0
2023,7,31,11,m,-.916,-.879,.133,.351,.00658,.224,-.036,.013,-.679,-.557,-.0191,.0832,1.13,1.22,.138,.105,.0864,-.00634,.0107,.297,.0844,.254,-.331,-.194,.11,.0564,.614,.739,.0217,.13,.0894,.228,-.5,-.352,-.336,-.21,0
2023,7,31,12,m,-.0128,.0499,-.00854,.145,-.111,-.0552,.0366,.0346,.15,.18,-.0296,-.00447,.278,.276,.0912,.0483,.102,-.0559,.0824,.41,-.119,-.0699,.0804,.0935,.119,.0484,.133,.229,-.0776,-.0778,-.0335,.0212,.0772,.115,.0812,.0924,0
2023,7,31,13,m,-.119,.0761,.2,.508,1.17,1.5,.214,.282,.234,.382,-.142,.00428,.526,.595,.359,.427,.127,.0642,-.48,-.129,.047,.107,.191,.337,.113,.0838,-.0975,.132,-.0541,.0139,.219,.39,-.0972,.12,.0458,.227,0
2023,7,31,14,m,-.00856,.171,.272,.623,.793,1.25,.324,.419,.185,.398,.114,.14,.349,.59,.387,.341,.259,.156,.171,1.01,1.56,1.94,.291,.375,.299,.323,.58,.771,.0644,.154,.484,.731,.194,.427,.278,.387,0
2023,7,31,15,m,.438,.614,1.65,1.91,2.75,3.15,.251,.297,.42,.616,.0367,.159,.409,.617,-.0855,-.0996,.98,.838,.0682,.535,.79,1.12,.118,.163,.371,.276,.251,.82,3.36,2.78,1.56,1.72,.204,.454,.0661,.155,0
2023,7,31,16,m,.0947,.153,.0569,.226,-.0546,.0142,.112,.148,.181,.248,-.0565,.021,.263,.338,.256,.269,.00636,-.0853,.249,.615,.154,.32,.21,.286,.266,.152,.11,.253,-.0388,.0113,.0396,.137,.0497,.141,.129,.192,0
2023,7,31,17,m,.0375,.0474,.0497,.195,.136,.218,.0794,.0931,.172,.2,-.00269,.0409,.292,.34,.166,.144,.0491,-.0343,.111,.49,-.0602,.0497,.129,.152,.158,.109,.0843,.0907,.014,-.0114,.0344,.103,.0989,.154,.123,.15,0
2023,7,31,19,m,.0426,.246,.143,.297,.116,.394,.251,.297,.424,.536,.168,.169,.661,.681,.106,.0879,.289,.194,.338,.541,.586,.616,.215,.261,.339,.405,.29,.382,.161,.251,.236,.331,.319,.388,.212,.231,0
2023,7,31,20,m,.222,.385,.316,.611,.503,.77,.388,.462,.447,.523,.273,.486,.612,.609,.141,.215,.716,.355,.453,1.95,.418,.708,.279,.401,.541,.445,.626,.802,.364,.37,.407,.572,.436,.69,.302,.465,0
2023,7,31,21,m,-.105,-.0732,-.217,-.0198,-.307,-.23,-.0563,-.0385,.0416,.0471,-.054,-.0575,.219,.187,.0942,.0677,.0329,-.0127,.244,.315,-.153,-.0688,.0304,.0303,.0804,.00846,-.0115,-.0157,-.132,-.144,-.177,-.0773,-.0144,-.0131,.0207,.0134,0
2023,7,31,22,m,-.019,.137,.00778,.29,-.0313,.408,.0374,.0481,.319,.373,-.0185,-.00265,.578,.53,.0909,.0869,.168,.000985,-.166,.241,-.024,.122,.07,.14,.111,-.0641,.419,.29,-.158,-.122,-.00448,.162,.199,.263,.164,.203,0
2023,7,31,23,m,.164,.242,.253,.395,.285,.136,.517,.387,.308,.339,.213,.229,.414,.405,.43,.303,.222,.131,.235,.948,.222,.323,.396,.353,.467,.469,.494,.613,-.142,-.0651,.16,.235,.255,.332,.318,.32,0
2023,7,31,24,m,.0578,.0987,.057,.201,-.129,-.0455,.149,.121,.304,.344,.0546,.0873,.554,.588,.178,.211,.148,.0635,.207,.824,-.0255,.0551,.225,.174,.267,.182,.248,.428,-.0561,-.105,.0191,.0753,.178,.242,.177,.229,0
2023,7,31,25,m,.0593,.232,.19,.313,.156,.186,.321,.35,.274,.431,.453,.452,.565,.691,.409,.344,.324,.105,.988,1.42,.296,.543,.298,.346,.607,.546,.718,.671,-.0669,-.0419,.149,.226,.469,.538,.441,.449,0
2023,7,31,26,m,.272,.525,.173,.357,.326,.576,.264,.338,.479,.633,.0722,.238,.589,.68,.112,.085,.123,.0248,-.133,.307,.0863,.265,.156,.251,.705,.709,.0256,.107,.377,.326,.182,.304,.202,.435,.161,.254,0
2023,7,31,27,m,.022,.149,.273,.505,.405,1.06,.531,.697,.534,.678,.434,.54,.99,1.12,.303,.341,.324,.0277,1.81,2.8,.39,.629,.437,.658,1.08,1.26,.0473,.584,.225,.219,.342,.459,.704,.844,.544,.638,0
2023,7,31,28,m,.138,.244,.0603,.166,.357,.335,.13,.151,.279,.336,.0852,.126,.425,.422,.195,.193,-.0366,-.104,.294,.987,-.0135,.167,.163,.236,.262,.164,.474,.431,-.0128,-.0574,.0556,.106,.191,.281,.193,.245,0
2023,7,31,29,m,-.0207,.0937,-.09,.0434,.0566,.0152,.07,.097,.124,.243,.0109,.0831,.289,.41,.205,.156,.576,.195,-.176,.397,-.0235,.158,.129,.184,.277,.238,.207,.217,-.172,-.185,-.0437,.0098,.0892,.205,.132,.185,0
2023,7,31,30,m,.209,.194,-.0525,.15,.115,.177,.0729,.0782,.315,.278,.148,.1,.424,.361,.11,.0625,.426,.0935,.032,.527,.0616,.203,.129,.135,.154,.0678,.265,.503,-.279,-.279,-.0488,.0388,.237,.213,.185,.152,0
2023,7,31,31,m,.245,.331,.0655,.231,.121,.00305,.206,.219,.596,.664,.00268,.14,.962,.996,.187,.114,.154,.0499,-.268,.129,.137,.125,.235,.289,.474,.42,.322,1.04,.227,-.0568,.114,.138,.226,.447,.209,.265,0
2023,7,31,32,m,.0337,.161,-.00331,.244,.0759,.117,.0469,.0688,.129,.207,-.0214,.0373,.173,.226,.485,.139,-.149,-.239,.089,.492,.0869,.166,.24,.194,.00745,-.0164,-.0872,.0543,.0453,.0809,.00763,.103,.0714,.154,.197,.149,0
2023,7,31,33,m,.158,.334,.111,.4,.125,.214,.128,.165,.353,.435,-.0629,.00996,.461,.481,.105,.142,.0813,.00283,-.318,-.0217,.0831,.1,.167,.236,.281,.207,.351,.214,-.0521,.0365,.0784,.195,.0604,.181,.0778,.166,0
2023,7,31,34,m,.151,.181,.174,.399,.251,.516,.176,.187,.316,.328,.0275,.0261,.406,.406,.124,.172,.075,-.0713,.116,.308,-.00935,.0887,.198,.235,.353,.269,-.0466,.139,.0874,-.0584,.137,.223,.187,.212,.167,.2,0
2023,7,31,35,m,-.0398,-.0365,-.00686,.14,-.0989,-.0546,.0214,.0146,.119,.119,-.042,-.0427,.211,.209,.0757,.0562,-.0985,-.165,.0744,.374,-.0664,-.0426,.0746,.0973,.119,.0304,-.0527,.00924,-.113,-.171,-.0547,-.0128,.0588,.0657,.0641,.0626,0
2023,7,31,36,m,.0845,.125,.0575,.256,.203,.128,.168,.154,.285,.268,.12,.131,.479,.395,.252,.183,.184,.082,.33,.683,.0966,.161,.22,.212,.223,.116,.261,.394,.00501,.0758,.0862,.172,.237,.274,.241,.24,0
2023,7,31,37,m,-.131,-.0834,.137,.281,-.11,-.0714,.0646,.1,.213,.289,.0541,.106,.459,.558,.118,.0414,.149,-.106,.243,.544,-.129,.133,.00604,.0875,.136,.0935,-.07,-.0581,-.253,-.21,.000567,.0802,.151,.23,.141,.152,0
2023,7,31,38,m,.393,.698,.126,.358,.182,.191,.246,.241,.573,.722,.079,.034,.746,.741,.19,.155,.000587,-.0292,.129,.202,.0943,.133,.332,.356,.381,.285,1.18,.728,-.0223,.00438,.0818,.171,.453,.5,.35,.362,0
2023,7,31,39,m,.0291,.085,.16,.355,.0694,.168,.182,.174,.237,.251,.104,.0766,.404,.377,.166,.149,.199,.021,.39,.507,.0401,.102,.17,.191,.336,.287,.362,.249,-.0112,-.0435,.112,.166,.203,.197,.188,.178,0
2023,7,31,40,m,.108,.275,.186,.415,.223,.389,.234,.32,.396,.495,.0643,.235,.648,.667,.176,.14,.412,.303,.0433,.922,.377,.556,.175,.273,.423,.432,.217,.404,.253,.00188,.262,.363,.239,.429,.213,.289,0
2023,7,31,41,m,-.0655,.00788,-.015,.109,-.0591,.00112,.0124,.0128,.104,.146,.00572,-.0223,.231,.242,.0224,.0205,-.00822,-.0296,.0242,.213,-.0451,-.000975,.00763,.056,.101,.0237,.0886,.161,-.0838,-.092,-.0351,.0223,.0825,.0899,.0602,.0641,0
2023,7,31,42,m,.0298,.0319,.0162,.058,-.127,-.0886,.204,.183,.271,.255,-.0934,.13,.487,.45,.295,.244,.177,.0825,-.539,-.14,.011,.00917,.188,.225,.423,.295,.584,.676,-.186,-.387,-.0179,-.0564,-.0127,.163,.0848,.192,0
2023,7,31,43,m,.109,.268,.109,.325,.0457,.184,.235,.256,.33,.43,.175,.158,.479,.524,.188,.151,.217,.0613,.366,.423,.166,.253,.232,.269,.476,.399,.247,.28,.157,.158,.139,.228,.29,.354,.246,.266,0
2023,7,31,44,m,-.057,-.0675,.198,.277,-.136,-.01,.166,.203,.413,.318,.188,.132,1.21,.894,.00409,.0507,-.229,-.0118,.234,.237,.293,.415,.127,.19,.217,.306,.997,.799,.52,.511,.161,.27,.391,.273,.201,.169,0
2023,7,31,45,m,-.0485,.142,.182,.398,.139,.648,.279,.321,.393,.507,.175,.263,.697,.728,.152,.105,.292,.131,.346,.586,.323,.463,.206,.294,.448,.336,.266,.537,.0915,-.0293,.21,.316,.262,.406,.221,.274,0
2023,7,31,46,m,.404,.296,.339,.621,.333,.943,.294,.38,.556,.475,.312,.412,.64,.587,.545,.455,.487,.341,.344,.865,.0609,.185,.109,.257,.405,.328,.298,.327,.339,.128,.317,.44,.487,.482,.51,.471,0
2023,7,31,47,m,.185,.241,.0115,.24,.139,.175,.0339,.0376,.277,.29,-.0723,-.0715,.328,.316,-.00875,-.0152,-.0102,-.167,-.101,.125,.0277,.031,.0702,.108,.177,.0476,-.0249,.0274,-.195,-.121,-.00767,.0815,.109,.137,.0679,.0828,0
2023,7,31,48,m,1.29,1.55,.00908,.232,-.248,-.136,.308,.353,.959,1.05,.344,.287,.851,.896,.154,.159,.187,.151,.29,.544,.149,.231,.368,.447,.46,.484,1.89,1.88,-.0795,-.0982,.00402,.12,.818,.897,.524,.565,0
2023,7,31,49,m,.142,.187,.036,.176,.0253,.178,.0855,.0895,.348,.323,-.0655,.00563,.476,.401,.0913,.109,.0113,-.0336,-.0234,.439,-.0666,.00446,.15,.191,.252,.137,.0989,.194,-.0949,-.218,-.00742,.0358,.105,.159,.0997,.142,0
2023,7,31,50,m,.0321,.167,.101,.224,.0336,.171,.273,.275,.328,.388,.157,.211,.52,.516,.427,.2,.327,.181,.263,.688,-.037,.0965,.283,.285,.137,.11,.553,.543,-.346,-.38,-.0074,.0425,.27,.309,.316,.271,0
2023,7,31,51,m,-.042,.105,.169,.312,.312,.5,.201,.166,.253,.337,-.0154,-.00563,.492,.501,.246,.232,.1,-.0511,.224,.583,.217,.204,.237,.258,.279,.218,.284,.496,.254,.0879,.201,.213,.131,.216,.174,.223,0
2023,7,31,52,m,.0986,.267,.022,.227,.217,.315,.104,.165,.295,.352,.0192,.12,.41,.394,.121,.148,.0635,-.0557,-.0976,.389,.101,.197,.136,.219,.217,.228,.37,.344,.0702,-.00936,.0711,.142,.128,.253,.126,.211,0
2023,7,31,53,m,-.263,-.175,.0668,.329,-.121,.198,.14,.264,.215,.313,-.127,.0381,.543,.625,.066,.0694,-.0711,-.0373,-.348,.0161,.0801,.355,.101,.198,.478,.574,-.0882,-.00128,-.0537,.122,.0185,.237,-.0408,.136,.00631,.104,0
2023,8,31,1,m,-.0755,.0149,-.199,-.0419,-.113,-.0323,-.0721,-.0351,.00411,.105,-.142,-.11,.0683,.178,-.0414,-.00927,.0564,-.0184,-.0608,.166,-.099,-.0286,-.0456,.033,.022,-.00627,.102,.0926,-.198,-.2,-.147,-.0668,-.0557,.0331,-.0516,.0198,0
2023,8,31,2,m,.174,.37,.111,.283,.332,.371,.317,.323,.267,.42,.162,.171,.394,.48,.283,.232,.732,.458,.417,.656,.357,.511,.26,.313,.384,.285,.836,.867,.244,.17,.241,.301,.264,.373,.273,.314,0
2023,8,31,3,m,.135,.291,.113,.289,.456,.498,.348,.352,.351,.514,.248,.301,.526,.688,.265,.203,.5,.386,.552,.898,.248,.415,.273,.333,.503,.395,.634,.832,.245,.0756,.234,.294,.384,.557,.337,.397,0
2023,8,31,4,m,.0125,.177,.121,.242,.331,.261,.182,.181,.212,.349,.0574,.0584,.389,.491,.0979,.134,.202,.038,.292,.354,.264,.284,.177,.257,.365,.269,.27,.338,.0873,.0324,.17,.18,.148,.217,.127,.183,0
2023,8,31,5,m,.132,.209,.0663,.209,.394,.277,.179,.165,.256,.279,.0367,.0349,.326,.315,.0842,.0774,.196,.0777,.14,.124,.217,.242,.162,.187,.306,.246,.367,.4,.128,.076,.154,.176,.184,.178,.148,.142,0
2023,8,31,6,m,.0567,.145,-.104,.00413,-.0268,-.0314,-.00437,-.00498,.0313,.117,-.121,-.0984,.017,.1,.037,.0316,.0268,-.0598,-.0441,.135,-.0505,-.0226,-.00493,.0548,.149,.0566,.0815,.105,-.0667,-.155,-.0618,-.0431,-.0246,.0502,-.00631,.0444,0
2023,8,31,7,m,-.0743,.0768,-.0526,.0851,.104,.035,.119,.126,.08,.229,.0444,.106,.216,.359,.0778,.119,.0518,-.00292,.344,.584,.262,.345,.12,.228,.27,.134,.188,.345,.0167,-.0419,.0414,.0852,.061,.192,.0682,.164,0
2023,8,31,8,m,-.0387,.0382,-.0494,.072,.0563,-.00365,.031,.00446,.114,.132,-.119,-.117,.216,.188,.195,.0429,.00269,-.0883,.0653,.0803,.0377,.0581,.137,.108,.0655,.0227,.039,.0821,-.0611,-.183,-.0142,-.0135,.00355,.017,.0592,.0253,0
2023,8,31,9,m,-.0296,.107,-.194,-.0399,.0343,-.00811,.00879,.0136,.103,.188,-.124,-.0497,.209,.247,.0426,.0962,.273,.0599,.068,.408,-.064,.0617,.0627,.125,.133,.0248,-.152,.0858,-.107,-.19,-.0839,-.0416,-.0168,.0889,.0029,.0915,0
2023,8,31,10,m,.00727,.165,.0282,.186,.238,.182,.136,.134,.25,.364,-.0729,-.0223,.437,.501,.0598,.0612,.198,.0342,-.066,.135,.134,.182,.145,.216,.297,.169,.0417,.265,.0769,-.0139,.0997,.123,.0931,.194,.0793,.14,0
2023,8,31,11,m,-.911,-.876,.125,.297,.309,.257,-.0112,.0111,-.665,-.545,.0324,.112,.925,1.28,.159,.134,.0628,.0205,.0882,.332,.227,.288,-.305,-.173,.142,.0955,.505,.786,.292,.161,.171,.224,-.486,-.334,-.32,-.188,0
2023,8,31,12,m,-.0242,.00355,-.0702,.058,.0433,.0156,.0673,.0517,.136,.172,-.0794,-.036,.254,.296,.0819,.048,.302,.0998,.0195,.333,-.0516,.0128,.0805,.106,.218,.102,.2,.234,-.0123,-.101,-.00118,.02,.0455,.0999,.0566,.0825,0
2023,8,31,13,m,-.0778,.23,.179,.421,1.24,1.54,.249,.303,.232,.445,-.132,-.0245,.512,.595,.368,.414,.236,.146,-.485,-.25,.121,.148,.249,.38,.127,.123,.19,.424,.112,.0383,.261,.375,-.0534,.148,.0794,.241,0
2023,8,31,14,m,.0156,.356,.234,.64,1.07,1.69,.392,.518,.182,.494,.156,.18,.339,.61,.33,.322,.455,.341,.286,.909,1.86,2.33,.294,.442,.371,.437,.667,1.09,.248,.186,.609,.866,.225,.519,.273,.427,0
2023,8,31,15,m,.456,.818,1.43,1.67,3.28,3.56,.336,.4,.503,.797,.0523,.193,.534,.785,-.107,-.106,1.26,1.11,.117,.401,1.27,1.46,.171,.233,.411,.407,.505,.937,3.53,2.93,1.67,1.78,.252,.547,.081,.194,0
2023,8,31,16,m,-.0107,.104,-.0184,.126,-.0648,-.0131,.135,.179,.129,.263,-.0594,.0249,.26,.413,.221,.279,.144,.0732,.26,.532,.345,.485,.191,.32,.347,.23,.00182,.222,.00344,-.0159,.0607,.137,.0287,.153,.102,.204,0
2023,8,31,17,m,-.0355,.0998,.0457,.128,.23,.257,.125,.126,.122,.235,.00607,.058,.277,.359,.138,.118,.168,.0619,.239,.446,.0387,.112,.14,.187,.233,.17,.105,.151,.112,-.0552,.0906,.0984,.0705,.18,.0948,.156,0
2023,8,31,19,m,.0628,.276,.205,.328,.307,.428,.254,.328,.381,.573,.159,.204,.56,.722,.0562,.114,.372,.259,.304,.578,.681,.655,.188,.295,.345,.439,.337,.493,.3,.281,.326,.37,.301,.428,.176,.264,0
2023,8,31,20,m,.332,.458,.195,.35,.849,.78,.455,.493,.493,.577,.339,.517,.602,.652,.164,.185,.797,.459,.218,1.65,.785,.891,.322,.419,.633,.603,.522,.888,.611,.386,.474,.496,.494,.72,.346,.467,0
2023,8,31,21,m,-.113,-.055,-.227,-.0732,-.0804,-.124,-.00809,-.00925,.0213,.0553,-.0554,-.0704,.184,.183,.0957,.0473,.179,.0966,.259,.33,-.0641,.0166,.0367,.0364,.198,.117,-.0954,-.05,-.115,-.148,-.13,-.0685,-.0215,-.00834,.0157,.00993,0
2023,8,31,22,m,-.116,.0292,-.0606,.0783,.281,.494,.031,.0456,.264,.33,-.128,-.0393,.554,.53,.087,.0766,.306,.0566,-.135,.204,.134,.207,.0452,.141,.124,-.00221,.116,.196,-.07,-.141,.0434,.0901,.12,.219,.11,.17,0
2023,8,31,23,m,.233,.453,.247,.381,.576,.362,.621,.46,.325,.422,.132,.182,.402,.401,.437,.289,.521,.306,.373,.785,.484,.573,.434,.413,.686,.577,.234,.558,-.0946,-.0937,.262,.3,.225,.381,.297,.345,0
2023,8,31,24,m,.0467,.168,-.0373,.144,-.12,.0144,.169,.146,.275,.374,.0385,.0703,.52,.58,.158,.185,.393,.175,.22,.698,.167,.261,.206,.184,.388,.231,.316,.501,-.043,-.0886,.0344,.108,.154,.244,.155,.22,0
2023,8,31,25,m,.129,.358,.0796,.341,.313,.351,.367,.454,.378,.549,.475,.662,.733,.796,.437,.321,.563,.335,1.07,1.62,.64,.766,.333,.386,.74,.695,1.36,1.42,-.0185,.0552,.168,.321,.56,.773,.507,.566,0
2023,8,31,26,m,.438,.751,.109,.281,.534,.54,.311,.385,.464,.725,.149,.27,.48,.713,.128,.0968,.275,.138,.0101,.278,.283,.441,.202,.3,.765,.808,-.0227,.232,.375,.339,.213,.309,.254,.503,.196,.293,0
2023,8,31,27,m,-.1,.11,.259,.437,.324,.846,.565,.65,.414,.672,.402,.51,.886,1.15,.359,.362,.717,.302,1.44,2.31,.55,.868,.498,.652,1.11,1.1,.549,.877,.354,.0961,.428,.47,.544,.785,.474,.611,0
2023,8,31,28,m,.131,.237,.0222,.12,.404,.402,.147,.167,.272,.353,.0266,.104,.412,.461,.165,.164,.0912,.1,.142,.701,.188,.325,.168,.25,.301,.188,.214,.477,-.00218,-.117,.0973,.133,.134,.275,.146,.23,0
2023,8,31,29,m,.0453,.167,-.112,.0543,.0613,.111,.0885,.14,.14,.268,.0613,.137,.248,.381,.239,.163,.514,.322,-.0204,.334,.137,.368,.142,.216,.272,.284,.604,.383,-.13,-.186,-.0189,.0588,.149,.247,.182,.213,0
2023,8,31,30,m,.0537,.177,-.0693,.0849,.35,.291,.115,.113,.262,.319,.155,.156,.502,.459,.0653,.04,.424,.228,.0676,.681,.362,.385,.0892,.149,.217,.132,.374,.437,-.201,-.298,.0284,.055,.234,.275,.166,.179,0
2023,8,31,31,m,.334,.558,.00322,.184,.261,.249,.244,.265,.599,.777,.0438,.114,.89,.994,.202,.116,.236,.138,-.213,.00577,.313,.298,.29,.336,.577,.504,.582,1.12,.21,-.0682,.13,.181,.276,.485,.242,.284,0
2023,8,31,32,m,.0336,.11,-.0123,.192,.255,.151,.0533,.0818,.102,.187,-.0879,.0235,.13,.219,.451,.0965,.136,-.0842,-.0268,.242,.153,.166,.248,.187,-.0252,.0334,-.115,.141,-.0804,-.0195,.0502,.0986,.0141,.131,.143,.12,0
2023,8,31,33,m,.257,.312,.0583,.244,.214,.175,.163,.188,.411,.411,-.0902,.0378,.49,.457,.104,.123,.273,.191,-.319,-.0278,.248,.211,.208,.242,.318,.262,.299,.332,.0348,.0472,.136,.189,.0746,.192,.0865,.166,0
2023,8,31,34,m,.0665,.229,.109,.228,.357,.349,.183,.198,.245,.361,.0189,.0246,.351,.431,.0794,.144,.302,.165,.158,.25,.167,.231,.168,.261,.387,.321,.185,.255,.159,-.133,.178,.175,.14,.208,.121,.188,0
2023,8,31,35,m,-.00776,.0253,-.0536,.0747,-.0164,-.0157,.0729,.0566,.132,.17,-.051,-.045,.212,.253,.076,.0575,.0706,-.0538,.0712,.287,.0635,.0827,.112,.135,.198,.103,-.0648,.0236,-.0201,-.152,-.0083,.00533,.0544,.0892,.0608,.0789,0
2023,8,31,36,m,.0676,.107,.0445,.156,.206,.182,.222,.186,.278,.266,.0975,.11,.481,.407,.223,.184,.257,.182,.169,.489,.235,.266,.239,.233,.313,.197,.306,.294,.232,.133,.153,.179,.216,.251,.218,.226,0
2023,8,31,37,m,-.187,-.0489,.0745,.226,-.0463,-.0727,.117,.17,.18,.35,.0836,.124,.453,.639,.0994,.0245,.501,.222,.434,.568,.0895,.285,.027,.121,.201,.181,.0329,.099,-.0952,-.111,.087,.146,.156,.281,.138,.175,0
2023,8,31,38,m,.428,.545,.0574,.223,.346,.227,.281,.253,.604,.643,.0385,.0283,.759,.722,.0826,.145,.129,.0923,.0973,.206,.247,.212,.304,.359,.477,.358,1.07,.661,.0665,-.0516,.125,.136,.445,.45,.297,.327,0
2023,8,31,39,m,-.0113,.107,.117,.268,.153,.212,.206,.186,.216,.281,.0789,.0562,.404,.412,.146,.139,.28,.118,.32,.382,.169,.171,.165,.203,.391,.318,.362,.298,.124,-.0267,.158,.169,.159,.188,.153,.168,0
2023,8,31,40,m,.0751,.33,.15,.317,.433,.326,.27,.342,.399,.58,.0968,.252,.694,.774,.142,.12,.54,.422,.156,.927,.469,.635,.172,.275,.506,.515,.193,.447,.305,.0367,.301,.344,.26,.477,.21,.304,0
2023,8,31,41,m,-.0379,.0288,-.0672,.0343,.0207,.0167,.0442,.0372,.0945,.165,-.0105,-.0347,.187,.259,.0475,.0352,.13,.0908,.0284,.201,.046,.094,.0233,.0874,.195,.0985,.178,.173,-.0331,-.126,-.0113,.0124,.0715,.0988,.0621,.0752,0
2023,8,31,42,m,.0114,.139,-.0389,.0336,-.0345,.0369,.217,.215,.244,.334,-.112,.106,.466,.505,.267,.198,.313,.195,-.535,-.186,.128,.146,.2,.26,.464,.333,.43,.644,-.17,-.387,.00321,-.0197,-.027,.186,.0632,.19,0
2023,8,31,43,m,.145,.271,.053,.183,.167,.173,.246,.257,.296,.411,.0814,.129,.389,.493,.129,.162,.37,.235,.255,.455,.361,.35,.201,.274,.468,.402,.369,.349,.376,.186,.216,.217,.22,.323,.181,.253,0
2023,8,31,44,m,-.104,-.126,.0667,.173,-.0255,.074,.21,.228,.257,.218,.17,.101,.804,.732,.0153,.0213,.293,.259,.232,.118,.542,.452,.0598,.138,.374,.461,1.05,.925,.525,.592,.212,.271,.261,.184,.144,.108,0
2023,8,31,45,m,-.0723,.193,.0751,.28,.312,.648,.257,.315,.367,.523,.123,.197,.686,.722,.0766,.0826,.33,.328,.316,.439,.365,.442,.191,.276,.358,.346,.198,.41,.199,.0852,.2,.31,.204,.33,.153,.222,0
2023,8,31,46,m,.371,.338,.235,.506,.523,1.22,.415,.446,.507,.547,.431,.389,.575,.677,.557,.46,.586,.467,.474,.807,.294,.415,.187,.299,.581,.429,.376,.309,.381,.0861,.358,.471,.491,.501,.517,.485,0
2023,8,31,47,m,.182,.32,-.032,.101,.245,.239,.0658,.0516,.285,.328,-.0345,-.0544,.346,.332,-.0221,-.0298,.0961,-.0883,-.0484,.105,.0647,.0227,.0834,.125,.173,.0897,.114,.0599,-.208,-.253,-.000953,.0163,.144,.159,.0854,.0919,0
2023,8,31,48,m,1.43,1.6,.0748,.136,-.314,-.192,.355,.372,.963,1.02,.35,.262,.813,.84,.185,.158,.392,.254,.363,.42,.392,.415,.391,.443,.484,.584,1.83,1.7,-.0319,-.153,.0818,.0898,.839,.855,.548,.541,0
2023,8,31,49,m,.073,.248,-.0632,.0893,.11,.235,.0746,.098,.328,.39,-.0953,-.0343,.499,.472,.0277,.0689,.211,.146,-.0893,.186,-.0597,.0521,.129,.214,.231,.15,.134,.178,-.0165,-.182,.000158,.0507,.0781,.164,.0607,.131,0
2023,8,31,50,m,.106,.297,.0473,.14,.0952,.174,.295,.305,.331,.444,.162,.195,.477,.528,.398,.163,.405,.36,.304,.542,.0688,.222,.317,.303,.163,.178,.384,.442,-.286,-.387,.0261,.0533,.27,.325,.306,.269,0
2023,8,31,51,m,-.00737,.215,.0949,.243,.316,.438,.263,.207,.277,.455,.112,.0464,.503,.625,.181,.165,.348,.0742,.389,.511,.494,.408,.244,.287,.453,.286,.263,.571,.5,.112,.277,.236,.223,.307,.206,.25,0
2023,8,31,52,m,.14,.264,-.00325,.134,.255,.261,.131,.205,.289,.395,-.0223,.144,.366,.461,.11,.148,.12,.0709,-.125,.29,.236,.266,.148,.265,.316,.317,.265,.465,.0832,.0421,.0962,.143,.087,.272,.0965,.223,0
2023,8,31,53,m,-.25,-.0732,.0207,.213,-.0579,.123,.184,.285,.204,.378,-.0878,.0616,.539,.667,.047,.0413,.107,.09,-.327,-.0748,.348,.492,.117,.215,.563,.627,-.0111,.231,.0301,-.0017,.0758,.202,-.0166,.179,.011,.113,0
2023,9,30,1,m,-.0539,-.0159,-.162,-.0738,-.0908,-.0558,-.0409,-.0636,.0352,.0696,-.118,-.112,.109,.139,-.00653,-.00747,.0131,-.11,.00265,.16,-.0771,-.12,-.005,.0228,.0476,-.0708,.107,.0322,-.194,-.224,-.128,-.112,-.0231,.0166,-.0182,.00902,0
2023,9,30,2,m,.205,.408,.121,.17,.373,.221,.322,.266,.315,.448,.175,.169,.472,.497,.285,.199,.627,.386,.32,.49,.48,.363,.291,.294,.335,.21,.934,.71,.22,.103,.249,.197,.294,.388,.292,.308,0
2023,9,30,3,m,.198,.312,.165,.235,.695,.524,.384,.311,.447,.503,.289,.299,.669,.653,.303,.193,.446,.308,.654,.855,.272,.237,.332,.3,.504,.331,.834,.745,.258,.0366,.279,.228,.468,.552,.401,.39,0
2023,9,30,4,m,.125,.0916,.203,.206,.379,.174,.241,.127,.316,.282,.0779,.0351,.472,.439,.143,.117,.17,-.0515,.26,.287,.241,.12,.235,.207,.452,.174,.279,.219,.116,.0169,.204,.112,.211,.172,.183,.15,0
2023,9,30,5,m,.184,.185,.106,.215,.487,.302,.212,.137,.298,.244,.0809,.0297,.362,.275,.124,.0749,.133,-.0356,.129,.166,.189,.138,.215,.185,.315,.175,.466,.296,.137,.0482,.165,.137,.228,.163,.19,.131,0
2023,9,30,6,m,.11,.084,-.0628,-.0117,.0115,-.0559,.0127,-.0422,.0446,.0624,-.092,-.108,.00731,.0502,.065,.0257,-.0428,-.167,-.00965,.115,-.017,-.0969,.0159,.0353,.145,-.0267,.166,-.00181,-.109,-.192,-.0517,-.0855,-.00981,.0125,.0125,.0166,0
2023,9,30,7,m,-.007,.0375,.0193,.0927,.191,.0958,.132,.0839,.155,.194,.048,.0564,.295,.328,.0939,.118,-.00705,-.0716,.195,.462,.191,.0957,.136,.189,.251,.0535,.212,.325,-.0289,-.0879,.0494,.0342,.0916,.148,.0929,.137,0
2023,9,30,8,m,-.0847,-.0271,.00921,.0694,.0732,-.00679,.064,-.0275,.0739,.0799,-.102,-.118,.179,.145,.24,.0418,-.0545,-.187,.0737,.0857,.0972,-.0315,.175,.105,.106,-.0655,.168,.0987,-.127,-.243,-.0000359,-.0565,-.00889,-.00432,.062,.0105,0
2023,9,30,9,m,-.02,.146,-.157,-.0868,.256,.137,.0382,-.00418,.114,.206,-.0359,-.029,.223,.25,.0869,.101,.148,.00282,.2,.477,-.0194,-.0856,.0963,.119,.135,-.00577,.092,-.017,-.181,-.242,-.0649,-.0843,.0526,.116,.0639,.11,0
2023,9,30,10,m,.126,.0933,.125,.174,.298,.169,.214,.119,.366,.327,.0237,-.00906,.531,.488,.127,.0533,.115,-.0389,.0342,.201,.133,.0677,.221,.198,.396,.142,.16,.115,.0727,-.0104,.131,.0838,.201,.181,.171,.129,0
2023,9,30,11,m,-.881,-.879,.184,.268,.161,.224,.0318,-.0152,-.564,-.557,.112,.101,1.24,1.22,.218,.125,.166,-.00605,.243,.297,.322,.254,-.185,-.183,.224,.0331,.716,.74,.263,.131,.213,.194,-.36,-.352,-.19,-.203,0
2023,9,30,12,m,-.0081,-.0252,-.0265,.0165,-.0385,-.0969,.0879,.0107,.159,.126,-.00255,-.00558,.283,.237,.102,.0369,.218,-.0197,.0833,.353,-.0252,-.113,.112,.0772,.208,.0215,.368,.142,-.0233,-.114,.00242,-.0455,.0925,.0884,.0952,.0711,0
2023,9,30,13,m,-.113,.106,.22,.332,1.51,1.67,.294,.273,.229,.393,-.0725,-.0192,.516,.593,.474,.449,.328,.128,-.515,-.325,.0868,.0682,.269,.354,.173,.0721,.334,.399,.000268,-.0239,.294,.32,-.0327,.124,.126,.237,0
2023,9,30,14,m,.00899,.278,.284,.447,1.06,1.43,.393,.391,.181,.425,.122,.105,.341,.55,.391,.289,.251,.171,.27,.783,2.2,2.01,.321,.371,.348,.289,.497,.759,.159,.0366,.626,.659,.2,.428,.283,.363,0
2023,9,30,15,m,.682,.783,1.5,1.62,3.41,3.17,.364,.327,.628,.74,.149,.0957,.599,.717,-.0675,-.0995,1.85,1.18,.231,.359,1.24,1.13,.194,.198,.41,.318,.822,.56,2.26,2.3,1.71,1.61,.402,.441,.157,.149,0
2023,9,30,16,m,.0462,.0443,.0549,.102,.0512,.0156,.178,.133,.163,.185,.03,.0335,.268,.32,.301,.268,.0418,-.0385,.373,.579,.332,.277,.238,.283,.349,.13,.215,.164,-.0211,-.0367,.0819,.0769,.091,.121,.172,.18,0
2023,9,30,17,m,.0527,.134,.0973,.0982,.356,.206,.151,.0705,.172,.218,.0337,.0317,.289,.294,.172,.108,.133,-.0415,.333,.53,.0717,.0204,.173,.156,.264,.05,.0111,.0301,.0812,-.0733,.12,.0458,.099,.149,.125,.134,0
2023,9,30,19,m,.358,.231,.288,.327,.347,.378,.333,.268,.593,.501,.255,.179,.7,.636,.145,.0842,.62,.203,.329,.479,.762,.571,.327,.255,.46,.389,.499,.44,.335,.349,.423,.35,.421,.363,.278,.218,0
2023,9,30,20,m,.449,.373,.262,.416,.986,.815,.519,.479,.592,.545,.38,.443,.674,.651,.132,.173,.93,.414,.156,1.42,.856,.806,.326,.395,.63,.475,1.4,.885,1.09,.609,.592,.54,.56,.638,.359,.418,0
2023,9,30,21,m,-.0839,-.0746,-.277,-.0898,-.188,-.142,-.0229,-.0384,.047,.0404,-.0991,-.0961,.202,.174,.101,.0456,.123,.0096,.28,.335,-.102,-.0824,.0678,.0369,.209,.0375,-.212,-.0893,-.138,-.169,-.183,-.103,-.0383,-.026,.00574,-.00247,0
2023,9,30,22,m,-.0375,.0861,-.0157,.102,.0298,.275,.0452,.00823,.318,.327,-.111,-.0399,.592,.488,.13,.0457,.409,.0916,-.205,.0442,.107,.113,.0183,.0939,.153,-.106,.291,.26,.047,-.0298,.0658,.0926,.16,.211,.152,.154,0
2023,9,30,23,m,.274,.282,.218,.216,.917,.525,.595,.371,.393,.336,.164,.127,.483,.372,.549,.304,.527,.216,.357,.652,.375,.325,.503,.346,.604,.433,.0846,.36,-.034,-.157,.267,.175,.291,.289,.382,.295,0
2023,9,30,24,m,.0643,.248,.0186,.152,-.0999,-.0246,.204,.141,.281,.419,.061,.098,.524,.591,.192,.15,.348,.136,.302,.66,.179,.154,.23,.173,.402,.214,.401,.488,-.0144,-.0849,.0641,.086,.181,.299,.183,.239,0
2023,9,30,25,m,.213,.333,.0000164,.216,.651,.483,.383,.389,.424,.534,.511,.454,.706,.796,.464,.341,.38,.363,1.16,1.34,.426,.577,.381,.375,.849,.595,1.67,1.16,-.0998,-.0133,.102,.24,.593,.626,.535,.495,0
2023,9,30,26,m,.392,.502,.178,.277,.747,.671,.307,.316,.44,.586,.124,.192,.459,.622,.136,.0569,.156,.0301,-.105,.127,.206,.295,.19,.241,.755,.695,-.0352,.16,.28,.251,.228,.267,.217,.377,.18,.212,0
2023,9,30,27,m,.0016,.107,.412,.503,.311,.644,.574,.553,.544,.606,.73,.684,1.06,1.03,.365,.33,.648,.31,2.97,3.57,.634,.618,.527,.573,.745,.645,.562,.717,.417,.193,.505,.458,.95,.95,.713,.695,0
2023,9,30,28,m,.196,.281,.0647,.129,.389,.602,.181,.141,.28,.354,.0536,.0573,.362,.422,.228,.168,.106,-.0207,.127,.492,.236,.228,.207,.23,.305,.111,.75,.417,.101,-.0663,.142,.135,.149,.225,.179,.202,0
2023,9,30,29,m,.133,.2,-.113,-.0216,-.012,.0381,.144,.111,.229,.304,.161,.142,.336,.421,.305,.186,.68,.338,.0795,.466,.265,.195,.219,.216,.34,.224,.754,.323,-.141,-.209,-.00936,-.00777,.273,.283,.285,.243,0
2023,9,30,30,m,.166,.211,-.0807,.0634,.321,.133,.114,.0408,.351,.303,.223,.115,.57,.393,.0684,.0165,.56,.0924,.214,.617,.325,.187,.109,.109,.219,.0175,.874,.579,-.273,-.394,-.00368,-.0337,.325,.25,.22,.155,0
2023,9,30,31,m,.189,.351,.0516,.128,.142,.0679,.295,.218,.579,.673,.0992,.12,1.02,.994,.262,.108,.267,.0667,-.236,-.0306,.257,.148,.338,.289,.605,.458,.807,.858,.323,-.0243,.147,.104,.275,.424,.271,.251,0
2023,9,30,32,m,.105,.147,-.00359,.131,.357,.205,.0952,.0319,.148,.157,-.0593,-.0178,.168,.161,.467,.0885,-.0521,-.213,-.0447,.224,.192,.0497,.296,.168,.00822,-.0812,.00385,.0833,.155,.0955,.0779,.054,.0456,.0996,.173,.0959,0
2023,9,30,33,m,.282,.273,.0675,.241,.16,.169,.146,.135,.395,.35,-.0892,.0074,.45,.387,.085,.094,.237,.0975,-.305,-.0639,.131,.0738,.19,.202,.318,.186,.255,.255,-.0677,-.00123,.0916,.137,.0598,.155,.0701,.132,0
2023,9,30,34,m,.153,.0752,.123,.149,.366,.283,.238,.143,.329,.248,.0693,.0164,.421,.34,.14,.138,.192,-.00834,.256,.285,.211,.0833,.237,.214,.456,.223,.366,.241,.108,-.154,.172,.0819,.217,.156,.193,.151,0
2023,9,30,35,m,-.0193,-.0181,-.0219,.0417,.079,-.0159,.0692,.017,.137,.13,-.0444,-.0579,.228,.215,.114,.0566,-.0295,-.11,.069,.278,.00471,-.0634,.134,.123,.162,.025,-.0123,.00141,-.0464,-.158,-.0111,-.0408,.0672,.0682,.0814,.0644,0
2023,9,30,36,m,.157,.175,.119,.181,.3,.21,.244,.149,.33,.272,.151,.0892,.501,.358,.252,.165,.27,.0872,.338,.516,.174,.121,.274,.208,.28,.109,.249,.245,.17,.125,.174,.15,.279,.241,.268,.212,0
2023,9,30,37,m,-.181,-.106,.0975,.216,.2,.0634,.114,.113,.24,.282,.0285,.0665,.568,.563,.177,.0269,.236,-.0207,.0667,.248,.0954,.17,.0498,.0779,.214,.13,-.000375,.0281,-.221,-.202,.0686,.0872,.121,.196,.145,.126,0
2023,9,30,38,m,.443,.469,.102,.164,.418,.159,.344,.218,.632,.591,.0731,.0432,.795,.69,.223,.14,.113,-.0337,.0871,.163,.269,.0745,.424,.326,.51,.271,1.03,.754,.0797,-.0501,.15,.0706,.455,.431,.364,.314,0
2023,9,30,39,m,.103,.112,.167,.242,.274,.194,.273,.152,.319,.28,.161,.0741,.491,.406,.18,.135,.265,.0496,.377,.381,.197,.0343,.243,.209,.514,.213,.308,.183,.0383,-.0994,.179,.109,.27,.203,.234,.176,0
2023,9,30,40,m,.163,.272,.188,.289,.545,.274,.281,.278,.471,.513,.109,.197,.737,.7,.146,.0798,.409,.272,.207,.905,.554,.561,.186,.226,.486,.404,.277,.207,.294,.0382,.326,.295,.301,.407,.233,.248,0
2023,9,30,41,m,.0213,-.01,-.0212,.00178,-.00657,-.0279,.0707,-.00113,.135,.102,.0267,-.0331,.214,.179,.0889,.0341,.00737,-.0131,.217,.246,.0872,-.00949,.0654,.0622,.182,.000983,.107,.0823,-.0509,-.149,-.00596,-.0377,.119,.0707,.108,.0571,0
2023,9,30,42,m,.0529,.194,-.00176,-.028,.0927,-.000492,.264,.188,.265,.36,.000577,.139,.472,.504,.314,.191,.295,.107,-.472,-.206,.113,.0585,.246,.251,.476,.276,.633,.589,-.213,-.395,.0211,-.0737,.0639,.213,.142,.205,0
2023,9,30,43,m,.23,.178,.104,.188,.223,.184,.306,.218,.338,.315,.144,.113,.396,.395,.228,.128,.231,.099,.244,.344,.282,.213,.278,.214,.576,.343,.419,.286,.27,.148,.195,.171,.273,.272,.253,.21,0
2023,9,30,44,m,-.146,-.148,.167,.23,-.0504,.163,.183,.181,.223,.194,.116,.0406,.798,.706,.0509,.0192,.309,.0787,.315,.0117,.291,.305,.0966,.123,.253,.317,.0953,.356,.783,.761,.26,.287,.184,.101,.121,.0628,0
2023,9,30,45,m,-.0344,.151,.101,.284,.56,.764,.291,.273,.411,.482,.116,.149,.726,.681,.0841,.0435,.387,.243,.431,.443,.619,.387,.193,.24,.439,.308,.175,.237,.154,-.089,.269,.269,.21,.297,.16,.186,0
2023,9,30,46,m,.419,.297,.266,.469,.375,1.01,.529,.388,.651,.53,.368,.357,.789,.676,.621,.441,.743,.347,.159,.567,.246,.158,.455,.314,.622,.332,.421,.224,.613,.104,.394,.375,.49,.475,.539,.462,0
2023,9,30,47,m,.221,.209,.00013,.0942,.296,.266,.0929,.0356,.3,.251,-.0549,-.0866,.343,.273,.00904,-.0235,.0386,-.067,-.0671,.0512,-.00321,-.0487,.113,.116,.212,.0249,.144,.0602,-.0209,-.14,.0286,.0241,.114,.0934,.0769,.0519,0
2023,9,30,48,m,1.47,1.25,.12,.155,-.0116,-.124,.404,.294,1.14,.925,.424,.265,1.04,.824,.196,.128,.201,.113,.432,.314,.343,.266,.448,.381,.576,.396,1.67,1.71,.0012,-.212,.131,.0621,.989,.78,.623,.486,0
2023,9,30,49,m,.0825,.252,-.0187,.0963,.157,.166,.115,.0798,.3,.328,-.0491,-.0378,.448,.373,.0815,.0825,.226,.0828,-.0244,.247,-.0127,.0193,.172,.191,.296,.106,.0685,.103,-.105,-.18,.0155,.0319,.115,.137,.103,.118,0
2023,9,30,50,m,.00265,.178,.0678,.117,.152,.217,.322,.271,.319,.367,.153,.178,.542,.477,.474,.179,.473,.239,.248,.512,.0995,.0892,.382,.305,.137,.121,.718,.477,-.334,-.396,.0327,.0108,.248,.284,.311,.248,0
2023,9,30,51,m,.105,.249,.161,.213,.187,.295,.238,.134,.319,.44,.0159,.00118,.478,.574,.196,.188,.211,-.0403,.163,.483,.263,.157,.266,.262,.34,.126,.157,.42,.496,.0554,.24,.142,.207,.28,.202,.243,0
2023,9,30,52,m,.115,.193,.00561,.155,.184,.378,.141,.158,.308,.341,-.0478,.0361,.412,.415,.138,.139,.0735,-.0295,-.128,.154,.101,.0736,.181,.239,.272,.228,.292,.307,.0928,-.0252,.0662,.0995,.0833,.188,.105,.168,0
2023,9,30,53,m,-.143,-.136,.0917,.185,-.0724,.076,.224,.242,.31,.313,-.012,.0584,.604,.6,.0739,.0216,.0682,-.0736,-.24,-.0482,.316,.358,.149,.192,.574,.535,-.0631,-.0309,.143,.0718,.112,.145,.0402,.134,.0552,.0794,0
2023,10,31,1,m,-.0803,-.0342,-.165,-.0881,-.187,-.106,-.0641,-.0516,.0299,.0849,-.135,-.129,.118,.181,-.0228,-.0103,-.0278,-.0646,-.0543,.127,-.13,-.136,-.0278,.0285,.00524,-.0403,.209,.107,-.236,-.234,-.159,-.123,-.0278,.0182,-.0264,.00925,0
2023,10,31,2,m,.0826,.381,.0849,.157,.233,.212,.267,.268,.199,.457,.157,.151,.361,.547,.262,.181,.592,.417,.436,.587,.304,.297,.226,.287,.268,.214,.86,.525,.187,.116,.191,.189,.224,.381,.24,.297,0
2023,10,31,3,m,.0977,.337,.152,.221,.386,.322,.312,.303,.338,.558,.219,.273,.549,.731,.3,.188,.323,.354,.517,.84,.152,.225,.27,.311,.41,.313,.614,.523,.159,.0237,.198,.204,.371,.557,.345,.39,0
2023,10,31,4,m,.0171,.11,.165,.191,.164,.222,.178,.124,.226,.3,.0415,.0249,.407,.457,.152,.119,.079,-.0415,.265,.328,.0987,.0822,.181,.207,.368,.157,.172,.255,.0364,.00542,.118,.103,.167,.182,.16,.156,0
2023,10,31,5,m,.133,.198,.114,.199,.596,.562,.184,.14,.252,.264,.0547,.0124,.318,.298,.108,.0687,.0335,-.0296,.101,.219,.0769,.105,.178,.176,.295,.174,.561,.406,.072,-.0214,.135,.141,.216,.179,.177,.139,0
2023,10,31,6,m,.0654,.0556,-.0652,-.0262,-.0137,-.0523,-.0092,-.0265,.0262,.0739,-.117,-.129,.00251,.0843,.039,.032,-.0526,-.109,-.0709,.052,-.106,-.113,-.0128,.0452,.114,.0154,.122,-.0271,-.116,-.201,-.0709,-.0868,-.023,.00864,-.0042,.0158,0
2023,10,31,7,m,-.0613,.114,.0104,.0725,.308,.366,.121,.112,.0374,.27,.0786,.0608,.118,.403,.088,.114,-.0256,-.025,.319,.473,.111,.109,.0966,.218,.246,.0952,.494,.416,-.0234,-.0842,.0445,.0604,.0807,.207,.0846,.172,0
2023,10,31,8,m,-.0342,.00471,.0133,.0604,.0466,.06,.0271,-.0308,.103,.123,-.125,-.127,.189,.195,.182,.0269,-.0936,-.176,.0555,.0545,-.0537,-.079,.12,.0866,.0778,-.0597,.0718,.091,-.14,-.257,-.0325,-.0612,.000232,.0145,.053,.0185,0
2023,10,31,9,m,-.057,.102,-.128,-.11,.0343,-.0424,.0126,-.00727,.0666,.171,-.0733,-.0725,.165,.221,.0213,.101,.136,.0809,.386,.315,-.0885,-.0927,.0463,.105,.151,.0251,-.103,-.136,-.249,-.247,-.101,-.107,.0158,.0651,.018,.0778,0
2023,10,31,10,m,.0738,.212,.127,.172,.396,.391,.175,.124,.329,.411,.0151,-.018,.526,.548,.0768,.0664,.0724,-.0339,.0171,.111,.0797,.046,.172,.21,.29,.114,.308,.253,.0699,-.00721,.124,.1,.202,.207,.151,.15,0
2023,10,31,11,m,-.879,-.865,.21,.267,.301,.273,.00142,-.0126,-.582,-.541,.108,.0919,1.2,1.25,.178,.104,.125,.00308,.263,.29,.143,.169,-.224,-.189,.225,.0586,.938,.91,.13,.0671,.183,.176,-.377,-.339,-.217,-.201,0
2023,10,31,12,m,-.0691,-.0303,-.0445,-.0104,-.131,-.142,.0476,.00991,.129,.16,-.0619,-.0578,.277,.3,.0697,.0249,.107,-.00409,.0644,.273,-.132,-.157,.0669,.0843,.212,.0692,.259,.109,-.091,-.147,-.0556,-.0727,.0652,.087,.0663,.0661,0
2023,10,31,13,m,-.0844,.138,.24,.31,1.57,1.61,.252,.26,.246,.425,-.183,-.0882,.518,.625,.377,.414,.286,.191,-.533,-.342,.0497,.0401,.213,.342,.149,.0691,-.0729,.0941,.164,.0333,.313,.314,-.0737,.0923,.0705,.205,0
2023,10,31,14,m,-.0988,.294,.265,.411,1.09,1.66,.32,.405,.0948,.466,.0596,.0977,.284,.611,.328,.28,.289,.282,.237,.69,1.84,1.91,.247,.384,.268,.307,.333,.593,.102,.0542,.573,.665,.13,.442,.214,.366,0
2023,10,31,15,m,.507,.883,1.47,1.55,2.95,2.76,.282,.306,.521,.806,.0215,.0566,.534,.764,-.0918,-.0997,1.41,1.11,-.0315,.234,1.06,1.08,.144,.219,.292,.248,.741,.603,3.04,2.66,1.61,1.56,.259,.437,.0842,.147,0
2023,10,31,16,m,-.0619,.0913,.0518,.0959,-.00797,.0472,.131,.128,.0938,.226,-.0165,-.0207,.254,.355,.266,.259,.0133,-.00435,.408,.472,.168,.199,.178,.27,.286,.156,.0775,.111,-.0442,-.0442,.0428,.0689,.0475,.112,.131,.171,0
2023,10,31,17,m,-.0472,.174,.0353,.0549,.164,.117,.101,.0708,.12,.276,-.0638,-.0371,.298,.369,.209,.127,.0563,-.000209,.19,.374,-.0833,-.0257,.146,.18,.213,.0641,-.035,-.0762,.0335,-.0807,.0299,.017,.0487,.149,.104,.141,0
2023,10,31,19,m,.253,.337,.237,.354,.305,.475,.228,.282,.49,.596,.181,.169,.608,.726,.102,.0857,.306,.251,.444,.507,.514,.579,.226,.269,.307,.404,.476,.451,.165,.254,.291,.368,.391,.412,.242,.241,0
2023,10,31,20,m,.322,.495,.294,.43,.797,.731,.429,.468,.493,.65,.302,.349,.606,.747,.152,.232,.651,.346,.556,1.25,.727,.809,.285,.43,.52,.485,.886,.748,.521,.33,.487,.494,.533,.659,.354,.457,0
2023,10,31,21,m,-.17,-.119,-.22,-.0938,-.328,-.231,-.0285,-.0237,.00935,.0191,-.117,-.0721,.235,.179,.133,.0653,.128,.0911,.2,.308,-.163,-.086,.0448,.0346,.171,.0575,.0564,-.0352,-.17,-.171,-.182,-.108,-.0736,-.0243,-.0104,.00512,0
2023,10,31,22,m,-.055,.0961,.0637,.152,.255,.417,.0429,.0248,.306,.367,-.096,-.0651,.581,.547,.087,.0389,.189,-.0074,-.2,.0139,.0619,.061,-.027,.102,.13,-.102,.549,.296,.088,-.0313,.106,.108,.194,.23,.16,.165,0
2023,10,31,23,m,.151,.416,.275,.253,.811,.482,.628,.396,.329,.401,.132,.105,.493,.391,.535,.284,.469,.279,.233,.543,.375,.339,.503,.384,.627,.5,.0851,.24,-.0212,-.0829,.282,.212,.236,.298,.338,.293,0
2023,10,31,24,m,.0298,.19,.00884,.0827,.052,.0338,.156,.117,.25,.384,-.000728,.0212,.49,.578,.152,.14,.235,.133,.233,.408,-.0179,.0156,.171,.156,.354,.218,.281,.25,.0165,-.0806,.0401,.0416,.135,.215,.14,.185,0
2023,10,31,25,m,-.0292,.24,.0518,.176,.36,.423,.302,.361,.247,.485,.289,.358,.646,.805,.485,.346,.251,.26,1.66,1.35,.301,.497,.339,.384,.626,.496,-.0335,.497,-.0806,.0936,.0891,.223,.408,.548,.437,.455,0
2023,10,31,26,m,.393,.677,.186,.272,.696,.567,.331,.343,.462,.695,.176,.213,.497,.703,.159,.0856,.2,.0739,-.00752,.226,.257,.294,.184,.245,.771,.762,.0973,.161,.327,.295,.247,.268,.29,.441,.229,.257,0
2023,10,31,27,m,.0648,.204,.351,.477,.229,.576,.501,.584,.565,.778,.556,.622,.984,1.26,.293,.354,.618,.237,2.49,3.15,.485,.627,.483,.633,.699,.73,.596,.746,.284,.188,.414,.43,.847,1.02,.624,.745,0
2023,10,31,28,m,.0849,.264,.0526,.0969,.311,.43,.13,.142,.216,.378,.00188,.0546,.347,.485,.161,.149,.0345,.0025,.145,.456,-.0171,.102,.138,.223,.264,.138,.706,.392,.0394,-.0458,.0663,.0914,.109,.23,.13,.197,0
2023,10,31,29,m,.0381,.266,-.146,-.0401,-.165,.00973,.0785,.1,.164,.354,.0798,.0923,.325,.453,.282,.169,.422,.278,-.0603,.342,.0254,.0914,.166,.226,.28,.199,.401,.141,-.206,-.17,-.0997,-.0264,.182,.277,.218,.233,0
2023,10,31,30,m,.136,.312,-.068,.104,.21,.159,.0755,.0684,.241,.367,-.00711,.0396,.358,.42,.0603,.0505,.254,.059,-.00893,.443,.183,.194,.069,.135,.253,.079,-.0827,.439,-.291,-.371,-.043,-.0107,.105,.223,.0851,.153,0
2023,10,31,31,m,.102,.376,.06,.124,-.00593,-.0586,.246,.207,.48,.694,.0786,.0869,.926,1.01,.239,.0999,.25,.11,-.212,-.0892,.183,.138,.267,.276,.589,.463,.452,.637,.119,-.0867,.105,.085,.238,.387,.241,.23,0
2023,10,31,32,m,-.00149,.14,.0324,.16,.183,.0581,.0726,.0511,.12,.214,-.12,-.0572,.175,.243,.441,.11,-.0606,-.135,-.133,.21,.0647,.0571,.255,.199,.0363,-.0245,-.147,-.0479,.0647,.0194,.0422,.0557,.00534,.0864,.136,.0943,0
2023,10,31,33,m,.251,.282,.118,.263,.395,.453,.151,.149,.397,.382,-.0567,-.00254,.47,.428,.123,.122,.0925,.0943,-.302,-.105,.141,.0648,.157,.216,.34,.191,.393,.289,-.0423,-.103,.118,.151,.104,.154,.112,.142,0
2023,10,31,34,m,.164,.136,.14,.148,.195,.368,.214,.156,.323,.303,.0452,-.0251,.405,.392,.119,.151,.287,.103,.191,.263,.159,.0882,.181,.237,.433,.248,.165,.0757,.105,-.117,.168,.111,.214,.164,.184,.16,0
2023,10,31,35,m,.00509,.0334,-.0102,.0433,-.111,-.112,.0648,.0237,.162,.178,-.0388,-.0729,.255,.262,.105,.044,-.0614,-.072,.0517,.269,-.0727,-.0926,.128,.136,.193,.0593,.0104,-.0696,-.099,-.217,-.0518,-.0619,.0952,.0839,.0979,.071,0
2023,10,31,36,m,.136,.246,.148,.165,.176,.13,.227,.166,.281,.338,.117,.0623,.423,.42,.22,.17,.171,.0979,.533,.606,.173,.146,.213,.23,.32,.173,.355,.178,.179,.107,.164,.139,.274,.274,.253,.234,0
2023,10,31,37,m,-.168,-.0363,.089,.223,-.127,-.0839,.0486,.125,.135,.31,-.0342,.0582,.356,.56,.121,.00587,.198,.0501,.211,.434,-.178,.168,-.013,.0803,.202,.185,-.00441,.0644,-.285,-.238,-.0329,.0783,.0859,.218,.103,.131,0
2023,10,31,38,m,.491,.468,.0595,.122,.398,.248,.288,.211,.635,.618,.0332,-.0126,.75,.738,.178,.112,-.00637,-.0379,.12,.125,.136,.105,.35,.317,.465,.274,.995,.647,.0249,-.067,.0848,.062,.465,.414,.351,.293,0
2023,10,31,39,m,.0317,.155,.177,.218,.184,.168,.205,.144,.242,.317,.0667,.0213,.416,.439,.168,.124,.155,.0768,.288,.353,.0938,-.00763,.178,.195,.396,.226,.321,.185,.00202,-.0908,.133,.096,.183,.191,.176,.164,0
2023,10,31,40,m,.0271,.286,.196,.307,.373,.161,.241,.302,.37,.598,.0664,.187,.671,.841,.139,.104,.433,.337,.105,.726,.36,.491,.147,.27,.441,.438,.227,.267,.24,-.0186,.282,.281,.239,.433,.196,.274,0
2023,10,31,41,m,.0247,.0104,-.0239,-.00138,-.103,-.0815,.0451,.00825,.133,.132,-.0307,-.0803,.206,.216,.0654,.0283,-.00111,.0371,.000912,.162,.00772,-.0295,.0464,.0707,.164,.0556,.0407,-.0491,-.0677,-.156,-.0318,-.0427,.0804,.0539,.0747,.0444,0
2023,10,31,42,m,-.00615,.191,.00192,-.00861,-.0884,-.0852,.227,.21,.223,.375,-.0482,.113,.45,.535,.319,.21,.2,.181,-.493,-.22,-.0177,.0241,.202,.257,.453,.341,.454,.469,-.205,-.348,-.0256,-.0629,.00981,.181,.105,.191,0
2023,10,31,43,m,.227,.221,.122,.194,.171,.297,.289,.224,.377,.378,.149,.075,.464,.469,.232,.128,.307,.2,.339,.293,.104,.168,.259,.219,.549,.351,.631,.26,.276,.129,.181,.189,.335,.275,.291,.211,0
2023,10,31,44,m,-.136,-.154,.216,.232,-.178,.144,.191,.182,.268,.217,.135,.0477,.898,.771,.0163,.037,.461,.156,.227,.0332,.299,.29,.0857,.142,.311,.314,.717,.587,.666,.536,.265,.263,.249,.133,.136,.0885,0
2023,10,31,45,m,-.0714,.171,.0951,.261,.3,.609,.263,.268,.352,.523,.197,.191,.646,.736,.0897,.0482,.305,.324,.433,.382,.289,.273,.17,.246,.425,.276,.423,.316,-.149,-.188,.14,.222,.3,.353,.214,.22,0
2023,10,31,46,m,.307,.347,.292,.459,.536,.847,.426,.384,.395,.511,.336,.368,.435,.613,.539,.418,.714,.486,.206,.602,.298,.208,.317,.279,.41,.278,.594,.298,.434,.168,.403,.395,.331,.451,.406,.439,0
2023,10,31,47,m,.0964,.227,.0332,.0839,.165,.207,.0901,.0465,.279,.306,-.0458,-.0986,.389,.346,-.0141,-.0339,-.0447,-.0732,-.147,.0393,.0162,-.121,.0837,.12,.197,.062,.0963,.0776,-.0293,-.178,.0238,-.00607,.121,.121,.0733,.0661,0
2023,10,31,48,m,1.46,1.25,.0685,.169,-.207,-.165,.358,.321,1.11,.951,.354,.215,.999,.86,.184,.135,.33,.208,.344,.374,.358,.28,.418,.406,.569,.469,2.07,1.79,-.103,-.169,.068,.0836,.973,.8,.609,.5,0
2023,10,31,49,m,-.0842,.294,-.04,.065,-.0188,.0956,-.00468,.0731,.089,.376,-.147,-.0626,.205,.423,-.07,.0792,-.062,.0583,-.039,.154,-.21,-.0543,.0198,.18,.18,.129,.0377,.04,-.21,-.22,-.103,-.011,-.0111,.139,-.0314,.119,0
2023,10,31,50,m,.0438,.23,.0717,.128,.0992,.222,.313,.289,.373,.476,.0993,.152,.593,.618,.405,.163,.352,.308,.235,.435,.0319,.0742,.38,.336,.21,.136,.388,.368,-.356,-.407,.00333,.0186,.264,.312,.304,.261,0
2023,10,31,51,m,.0612,.262,.169,.196,.169,.342,.252,.179,.314,.471,.0553,.0273,.512,.618,.223,.177,.243,.0912,.285,.593,.218,.184,.267,.284,.319,.186,.337,.503,.385,.0616,.224,.167,.221,.284,.221,.241,0
2023,10,31,52,m,.0358,.251,.0261,.141,.275,.32,.118,.155,.239,.372,-.0496,.0241,.355,.433,.133,.142,.084,.0564,-.0694,.12,.14,.138,.102,.219,.269,.233,.42,.271,-.0266,-.122,.0736,.0981,.0703,.176,.0948,.162,0
2023,10,31,53,m,-.179,-.0662,.0557,.192,.00855,.0708,.175,.239,.248,.361,-.0879,.0154,.544,.636,.0338,.0314,-.0136,.0216,-.402,-.162,.242,.345,.121,.19,.539,.573,-.0231,.0273,.0156,.00894,.0641,.156,-.00739,.139,.011,.0869,0
2023,11,30,1,m,-.0297,.277,-.194,-.121,-.179,-.162,-.0395,-.0111,.0432,.361,-.133,-.0386,.103,.429,-.0278,.0488,.0771,-.048,-.0363,.209,-.0662,-.113,-.0142,.156,.0868,-.00888,.212,.308,-.162,-.258,-.137,-.142,-.0179,.244,-.0213,.183,0
2023,11,30,2,m,.175,.66,.049,.052,.335,.221,.29,.287,.259,.723,.179,.256,.37,.798,.226,.21,.742,.401,.337,.59,.467,.324,.245,.403,.328,.219,1.05,1.04,.204,.0736,.215,.134,.278,.634,.261,.455,0
2023,11,30,3,m,.207,.685,.0782,.0912,.533,.271,.306,.315,.327,.861,.235,.38,.42,.999,.203,.227,.484,.289,.464,.902,.214,.205,.219,.391,.456,.316,.63,.961,.187,-.0361,.205,.12,.37,.846,.309,.567,0
2023,11,30,4,m,.057,.472,.121,.132,.292,.183,.192,.17,.205,.683,.0438,.147,.325,.857,.132,.198,.176,-.0528,.299,.485,.222,.118,.175,.354,.415,.15,.174,.497,.133,-.0262,.164,.0751,.147,.501,.139,.377,0
2023,11,30,5,m,.25,.672,.0719,.0696,.399,.331,.197,.178,.266,.647,.0399,.117,.276,.634,.068,.157,.172,.0136,.0511,.283,.202,.0973,.172,.317,.375,.206,.446,.645,.137,-.0886,.156,.0647,.193,.456,.151,.348,0
2023,11,30,6,m,.139,.47,-.0894,-.0713,.0379,-.0342,.0247,.0241,.0437,.375,-.0936,-.0204,-.00971,.322,.0518,.0851,.0474,-.0944,.00206,.173,-.0135,-.104,.0206,.18,.183,.0394,.241,.323,-.0564,-.217,-.0375,-.103,.0061,.259,.0191,.205,0
2023,11,30,7,m,.0533,.482,-.0298,.0341,.165,.0133,.133,.133,.12,.616,.0913,.212,.174,.729,.0782,.175,.0208,-.0664,.358,.774,.233,.135,.116,.343,.325,.0636,.301,.73,-.0204,-.136,.0388,.00103,.119,.522,.109,.39,0
2023,11,30,8,m,.0468,.414,-.00365,.0119,-.0375,.0337,.0722,.0285,.117,.463,-.0826,-.0145,.161,.493,.111,.114,.0688,-.168,.0266,.177,.0557,-.0464,.122,.237,.167,-.0341,.248,.505,-.0229,-.245,.0135,-.0729,.0353,.3,.0565,.24,0
2023,11,30,9,m,.0535,.437,-.192,-.186,.0328,-.0764,.0476,.0197,.126,.442,-.0691,.0255,.183,.446,.00658,.154,.29,.0668,.258,.348,-.0565,-.0942,.0718,.222,.247,.0282,.0223,.121,-.129,-.262,-.0811,-.147,.0622,.291,.0428,.242,0
2023,11,30,10,m,.219,.678,.117,.119,.183,.121,.209,.18,.384,.894,.0579,.131,.499,1.04,.0824,.161,.162,-.0208,.0465,.29,.241,.102,.189,.372,.358,.13,.332,.633,.143,-.0948,.156,.0541,.259,.597,.192,.419,0
2023,11,30,11,m,-.849,-.754,.121,.195,.349,.282,.0467,.0456,-.593,-.351,.0832,.221,1.06,1.88,.153,.191,.346,.0486,.105,.353,.277,.201,-.288,-.0713,.279,.0918,1.04,1.38,.259,.0147,.22,.153,-.414,-.129,-.276,-.0292,0
2023,11,30,12,m,.0738,.396,-.0675,-.04,-.0773,-.165,.104,.0767,.194,.507,-.000598,.0883,.287,.589,.0772,.086,.264,.0122,.0733,.343,-.0519,-.146,.106,.234,.304,.102,.359,.501,.0257,-.132,-.00892,-.0808,.132,.384,.115,.284,0
2023,11,30,13,m,.0426,.623,.217,.263,1.81,1.71,.277,.342,.218,.89,-.173,.0462,.34,1.08,.371,.556,.404,.26,-.522,-.265,.072,.0633,.258,.549,.201,.118,.0962,.581,.185,.0606,.339,.318,-.058,.433,.066,.476,0
2023,11,30,14,m,.00716,.682,.183,.243,1.06,1.57,.347,.429,.137,.839,.107,.159,.253,.971,.283,.327,.233,.181,.275,.866,2.09,1.92,.246,.511,.381,.325,.327,.949,.153,-.0282,.583,.558,.176,.776,.223,.566,0
2023,11,30,15,m,.851,1.63,1.39,1.39,3.02,3.03,.344,.396,.629,1.36,.146,.326,.511,1.22,-.13,-.0752,1.97,1.29,.0718,.326,1.24,1.16,.175,.338,.396,.331,.852,1.42,3.2,2.47,1.72,1.54,.418,.946,.162,.394,0
2023,11,30,16,m,.0474,.425,.0000464,.0361,.0846,.0332,.165,.181,.129,.557,.0143,.143,.204,.682,.25,.325,.149,.0294,.361,.741,.385,.322,.194,.403,.346,.165,.284,.549,-.00668,-.0639,.0867,.0633,.086,.422,.142,.383,0
2023,11,30,17,m,.0494,.501,-.00891,-.0411,.286,.134,.122,.125,.129,.581,-.0438,.104,.206,.655,.167,.195,.228,-.0094,.162,.402,.0578,.0118,.137,.321,.248,.119,.0756,.279,.185,-.131,.0918,-.0247,.0618,.431,.0963,.342,0
2023,11,30,19,m,.335,.793,.158,.211,.422,.487,.268,.309,.531,1.05,.159,.222,.63,1.17,.0834,.119,.457,.195,.292,.486,.726,.594,.249,.371,.419,.418,.549,.913,.289,.266,.332,.298,.388,.731,.243,.411,0
2023,11,30,20,m,.462,1.02,.181,.272,.795,.594,.452,.534,.536,1.1,.402,.584,.582,1.15,.143,.346,.619,.342,.595,1.69,.814,.666,.297,.625,.612,.496,.767,1.44,.713,.314,.453,.38,.579,1.15,.386,.769,0
2023,11,30,21,m,-.138,.142,-.202,-.158,-.0862,-.204,.0236,.0059,.0209,.277,-.0621,.0135,.221,.433,.123,.11,.303,.112,.191,.25,-.0405,-.0862,.0657,.163,.224,.0734,.00275,.147,-.127,-.219,-.107,-.142,-.0267,.176,.0168,.154,0
2023,11,30,22,m,-.0106,.513,-.023,.0623,-.0216,.192,.0397,.0782,.324,.808,-.0498,.0809,.582,1.01,.0494,.142,.652,.127,-.217,.126,-.136,.0959,-.028,.252,.211,-.0584,.773,.78,.0307,-.122,.0283,.0511,.23,.624,.178,.459,0
2023,11,30,23,m,.326,.792,.194,.113,.814,.44,.624,.386,.325,.667,.203,.168,.327,.582,.513,.35,.54,.227,.439,.55,.353,.27,.469,.494,.625,.441,.374,.576,.0891,-.0823,.275,.132,.294,.54,.366,.466,0
2023,11,30,24,m,.166,.485,-.0548,-.0216,-.0306,-.0203,.187,.152,.369,.712,.0325,.134,.58,.938,.118,.221,.385,.169,.28,.413,.0405,.0119,.209,.276,.448,.247,.198,.48,.0735,-.114,.0398,-.0101,.216,.47,.176,.369,0
2023,11,30,25,m,.171,.707,.0578,.104,.465,.418,.431,.432,.424,.938,.569,.56,.785,1.24,.467,.404,.489,.381,1.67,1.46,.524,.557,.429,.575,.834,.559,.842,.927,-.0444,-.0402,.156,.173,.679,.986,.589,.719,0
2023,11,30,26,m,.587,1.07,.223,.222,.749,.466,.416,.389,.545,1.03,.307,.365,.526,1.01,.171,.169,.449,.132,.0943,.27,.458,.36,.232,.321,1.01,.775,.155,.513,.792,.26,.373,.251,.383,.73,.287,.44,0
2023,11,30,27,m,.215,.686,.259,.305,.248,.412,.463,.564,.563,1.18,.387,.518,.854,1.6,.31,.443,.297,.184,1.49,2.19,.458,.485,.45,.71,.832,.822,.707,1.29,.219,.116,.308,.297,.62,1.07,.503,.815,0
2023,11,30,28,m,.292,.636,-.0000497,.00342,.462,.304,.193,.177,.37,.693,.0868,.192,.448,.745,.225,.241,.162,.0736,.282,.55,.196,.169,.23,.348,.335,.157,.383,.613,.0179,-.14,.103,.041,.25,.507,.242,.399,0
2023,11,30,29,m,.107,.521,-.16,-.0876,.182,.131,.124,.144,.156,.599,.118,.205,.208,.686,.265,.238,.605,.311,-.0698,.337,.194,.196,.17,.344,.305,.227,.471,.452,-.149,-.209,-.0296,-.0322,.207,.509,.227,.397,0
2023,11,30,30,m,.22,.512,-.0432,-.0597,.31,.138,.146,.0895,.31,.629,.121,.189,.396,.744,.0567,.131,.364,.0959,.108,.762,.449,.172,.113,.244,.271,.0889,.367,.645,-.171,-.374,.0524,-.0802,.239,.476,.166,.336,0
2023,11,30,31,m,.155,.678,-.00147,.0564,-.104,-.176,.245,.253,.446,1.02,.0336,.184,.756,1.36,.23,.185,.348,.114,-.239,-.0335,.256,.204,.281,.381,.696,.502,.468,1.32,.294,-.078,.102,.0561,.195,.665,.215,.403,0
2023,11,30,32,m,.107,.536,.0282,.0792,.319,.0794,.069,.106,.142,.558,-.0831,.104,.158,.567,.225,.199,-.0184,-.178,-.0583,.287,.137,.0161,.166,.315,.0439,.0369,-.143,.33,.111,-.0911,.0782,-.0067,.0398,.387,.103,.323,0
2023,11,30,33,m,.328,.732,.0287,.0693,.0396,.106,.122,.13,.379,.747,-.087,.0615,.406,.754,.0613,.136,.186,.0373,-.317,-.0209,.177,-.00894,.145,.301,.287,.125,.375,.541,.0248,-.153,.08,.0147,.0786,.397,.0757,.298,0
2023,11,30,34,m,.272,.593,.122,.127,.184,.333,.262,.264,.326,.737,.0455,.119,.35,.814,.114,.273,.383,.0584,.178,.373,.16,.0564,.241,.435,.56,.378,.466,.552,.284,-.0854,.192,.0917,.213,.518,.182,.441,0
2023,11,30,35,m,.0646,.353,-.0756,-.0533,-.108,-.112,.0645,.0629,.148,.469,-.0572,.0246,.195,.536,.0563,.114,.045,-.0521,.011,.316,-.00246,-.0899,.098,.258,.237,.0657,-.00344,.167,-.0412,-.229,-.0444,-.0993,.0737,.324,.0678,.256,0
2023,11,30,36,m,.158,.541,.0844,.0836,.256,.115,.276,.228,.289,.653,.198,.228,.413,.754,.209,.273,.401,.143,.308,.561,.34,.197,.243,.4,.419,.202,.579,.703,.196,.0448,.207,.111,.299,.571,.265,.459,0
2023,11,30,37,m,-.0346,.287,-.0676,.0812,-.0523,-.151,.0996,.196,.245,.716,.0852,.252,.438,1.03,.139,.122,.363,.0965,.395,.679,.0057,.187,.0475,.211,.267,.292,.221,.347,-.126,-.213,-.0153,.0266,.197,.567,.183,.384,0
2023,11,30,38,m,.504,.868,-.023,.0383,.161,.127,.272,.236,.587,.967,.0318,.067,.653,1.05,.108,.131,.0646,-.0777,.142,.277,.252,.0912,.323,.435,.57,.324,1,.894,.0597,-.117,.0667,-.000841,.454,.713,.323,.48,0
2023,11,30,39,m,.111,.546,.144,.119,.166,.179,.222,.205,.262,.671,.0989,.184,.384,.766,.125,.182,.26,.0703,.424,.422,.0702,-.0204,.172,.344,.455,.271,.383,.671,.133,-.108,.153,.0525,.213,.511,.178,.379,0
2023,11,30,40,m,.166,.626,.145,.2,.403,.123,.261,.343,.437,.904,.0768,.321,.667,1.12,.124,.171,.573,.413,.195,.89,.489,.551,.175,.363,.482,.449,.151,.619,.313,.00555,.306,.25,.282,.705,.218,.446,0
2023,11,30,41,m,.0377,.337,-.0526,-.0464,.0453,-.0225,.0765,.0482,.142,.423,-.000263,.023,.22,.484,.0375,.0754,.0946,.00622,.0893,.202,.0332,-.0589,.0439,.189,.244,.0666,.0622,.219,-.0102,-.188,-.0031,-.0708,.119,.303,.0888,.219,0
2023,11,30,42,m,.127,.496,-.0369,-.11,-.0308,-.116,.244,.258,.288,.67,-.0549,.273,.436,.822,.29,.291,.363,.203,-.525,-.181,.075,.0605,.233,.386,.532,.336,.395,.863,-.167,-.334,.00157,-.0984,.0531,.452,.123,.394,0
2023,11,30,43,m,.221,.607,.00714,.0955,.149,.272,.28,.276,.293,.725,.14,.214,.333,.794,.149,.171,.349,.126,.389,.454,.283,.211,.201,.347,.648,.405,.523,.681,.402,.12,.182,.141,.301,.599,.239,.414,0
2023,11,30,44,m,-.245,.117,.0556,.184,.146,.381,.0848,.256,.117,.523,.142,.175,.759,1.13,-.118,.147,.385,.29,-.143,.174,.0648,.235,-.0286,.276,.243,.305,1.07,1.16,.257,.528,.126,.267,.138,.423,.0166,.294,0
2023,11,30,45,m,.0842,.517,.142,.198,.545,.584,.327,.333,.471,.88,.161,.272,.731,1.1,.135,.166,.353,.245,.523,.428,.494,.324,.246,.364,.598,.367,.334,.786,-.0099,-.133,.24,.2,.306,.597,.242,.409,0
2023,11,30,46,m,.313,.706,.23,.341,.719,1.05,.336,.387,.256,.846,.121,.376,.207,.934,.36,.519,.707,.47,.0638,.515,.18,.0998,.237,.373,.423,.28,.15,.547,.301,.0274,.352,.316,.194,.698,.253,.63,0
2023,11,30,47,m,.174,.649,.0352,.0424,.127,.0416,.106,.12,.291,.699,-.0596,.0148,.359,.725,.0121,.0748,.118,-.0805,-.103,.19,.176,-.0168,.122,.293,.244,.139,.216,.398,-.0569,-.156,.0641,-.0176,.118,.428,.0817,.303,0
2023,11,30,48,m,1.69,2.56,-.0333,.0834,-.202,-.124,.351,.378,1.11,1.46,.349,.358,.908,1.12,.131,.172,.456,.229,.211,.398,.531,.289,.459,.581,.601,.485,1.88,2.49,.0533,-.173,.0701,.0489,.94,1.24,.594,.759,0
2023,11,30,49,m,.0608,.72,-.0425,.0136,-.116,.235,.0241,.139,.138,.752,-.183,.0166,.185,.77,-.0807,.165,.169,.116,-.153,.127,-.119,-.0616,.0535,.328,.272,.2,-.0382,.279,-.157,-.201,-.0533,-.00615,-.0249,.37,-.0439,.3,0
2023,11,30,50,m,.162,.713,.0702,.046,.075,.191,.322,.366,.408,.903,.0827,.278,.572,1.01,.258,.283,.41,.268,.0866,.387,.189,.126,.315,.485,.296,.2,.553,.922,-.309,-.382,.0403,-.00457,.261,.621,.258,.504,0
2023,11,30,51,m,.0781,.7,.0762,.107,.312,.263,.243,.226,.265,.947,.0767,.157,.403,1.12,.15,.258,.263,.0376,.35,.617,.228,.0796,.219,.448,.438,.256,.112,.898,.352,-.0998,.195,.0702,.216,.668,.19,.504,0
2023,11,30,52,m,.218,.609,-.0472,-.0193,.304,.131,.141,.163,.344,.676,-.0529,.112,.414,.71,.0815,.152,.142,-.0078,-.177,.108,.214,.081,.122,.273,.342,.264,.585,.686,.17,-.053,.0938,.00802,.101,.423,.0954,.315,0
2023,11,30,53,m,-.0573,.208,.0331,.108,.0149,.0523,.191,.282,.275,.678,-.0712,.0876,.477,.979,.025,.107,.08,-.0297,-.384,-.162,.428,.481,.111,.28,.623,.596,.0241,.378,.205,.025,.115,.126,.0394,.354,.0329,.234,0
2023,12,31,1,m,-.175,.419,-.142,-.0562,-.169,-.133,-.0981,.0269,-.0903,.57,-.194,-.0499,-.0226,.691,-.037,.175,-.0261,-.137,-.0775,.0563,-.147,-.185,-.0872,.269,-.0117,.015,.00735,.697,-.221,-.34,-.143,-.148,-.127,.359,-.104,.301,0
2023,12,31,2,m,.0387,.696,.0982,.0915,.292,.203,.207,.304,.117,.832,.0557,.215,.208,.995,.278,.308,.596,.313,.247,.366,.292,.226,.173,.486,.222,.249,.524,1.55,.143,-.0295,.191,.103,.118,.675,.174,.52,0
2023,12,31,3,m,.00422,.697,.0669,.13,.326,.223,.177,.28,.134,.973,.068,.222,.228,1.19,.237,.337,.244,.17,.324,.383,.0186,.0373,.13,.458,.265,.261,.405,1.64,.0639,-.196,.109,.0605,.148,.794,.184,.588,0
2023,12,31,4,m,-.12,.555,.122,.175,.171,.121,.0787,.175,.045,.841,-.0583,.129,.181,1.08,.0883,.296,.082,-.16,.186,.305,.0651,.0267,.0691,.435,.262,.138,.109,1.1,-.0141,-.154,.0898,.0307,-.000718,.577,.0269,.462,0
2023,12,31,5,m,.0704,.718,.123,.0977,.288,.219,.106,.145,.13,.757,-.0212,.0325,.162,.776,.0586,.248,.098,-.137,.0489,.0434,.0836,-.0525,.0859,.347,.208,.163,.284,1.04,.046,-.23,.122,-.012,.0802,.455,.0727,.38,0
2023,12,31,6,m,-.0463,.574,-.0635,-.0225,-.0826,-.0851,-.0448,.0467,-.0831,.525,-.165,-.0321,-.104,.498,.0568,.188,-.0934,-.219,-.0298,.0511,-.107,-.184,-.0483,.26,.103,.0835,.0686,.662,-.177,-.343,-.0905,-.142,-.116,.335,-.0716,.29,0
2023,12,31,7,m,-.141,.568,-.0217,.0705,-.065,-.0855,.0214,.133,-.0335,.72,-.0599,.146,.0615,.85,.0564,.293,-.000376,-.115,.263,.461,.0555,-.0182,.0193,.41,.147,.0627,-.033,1.22,-.0964,-.198,-.0209,-.0372,-.0644,.533,-.0227,.442,0
2023,12,31,8,m,-.105,.528,.0209,.0346,.0189,-.0799,-.0244,.00961,.00195,.6,-.179,-.103,.0741,.644,.0559,.213,-.049,-.239,.0126,-.0275,-.0421,-.13,.0345,.307,.0254,-.0633,-.0178,.632,-.15,-.344,-.0239,-.122,-.0809,.319,-.0429,.285,0
2023,12,31,9,m,-.144,.4,-.195,-.123,-.0643,-.109,-.0518,.0304,-.0355,.525,-.166,-.00484,.0477,.617,.0512,.241,.139,-.0525,.246,.204,-.187,-.17,-.017,.272,.0661,.0404,-.21,.376,-.209,-.36,-.144,-.171,-.096,.31,-.0526,.286,0
2023,12,31,10,m,.0484,.738,.123,.132,.111,.0135,.116,.158,.209,.971,-.0629,.0349,.323,1.13,.0611,.265,.0754,-.163,-.0134,.0626,.0508,-.0556,.12,.43,.226,.0985,.139,.981,.093,-.159,.0975,-.0153,.0927,.576,.0794,.449,0
2023,12,31,11,m,-.859,-.796,.114,.238,.122,.127,-.0372,.0325,-.567,-.346,-.0261,.158,.741,2.14,.128,.315,.0667,-.122,.125,.149,.183,.137,-.274,-.039,.14,.0723,.449,2.08,.0488,-.15,.113,.0913,-.42,-.15,-.273,-.00467,0
2023,12,31,12,m,-.123,.471,-.0452,.0427,-.0372,-.0828,.0167,.118,.032,.677,-.111,.0293,.152,.828,.0825,.203,.142,-.0699,.147,.189,-.157,-.193,.0258,.331,.133,.149,.0658,.733,-.0142,-.203,-.0295,-.0692,-.02,.444,.00682,.363,0
2023,12,31,13,m,-.0329,.972,.292,.393,1.57,1.76,.217,.415,.0825,1.21,-.236,-.0159,.163,1.37,.375,.805,.379,.22,-.57,-.433,.112,.0818,.196,.753,.101,.171,-.171,1.13,.112,-.00653,.362,.371,-.15,.514,.0000207,.616,0
2023,12,31,14,m,-.143,.819,.21,.285,.696,1.4,.229,.443,-.0159,1.08,.00758,.107,.0929,1.3,.312,.455,.17,.00768,.355,.558,1.91,1.78,.15,.649,.214,.299,.00788,1.71,.0893,-.101,.521,.503,.00389,.887,.118,.685,0
2023,12,31,15,m,.459,1.55,1.39,1.45,2.74,2.81,.257,.362,.366,1.42,.0654,.154,.316,1.35,-.103,.054,1.49,1.06,.221,.12,.976,.884,.0895,.384,.282,.317,.521,1.78,3.02,1.99,1.54,1.4,.277,.873,.0969,.43,0
2023,12,31,16,m,-.0945,.514,.0483,.0992,.03,-.00753,.0777,.2,.0207,.746,-.112,.112,.125,.966,.254,.46,-.0264,-.102,.156,.374,.152,.167,.126,.519,.234,.182,-.0559,.974,-.135,-.218,.0255,.0162,-.0605,.478,.0421,.471,0
2023,12,31,17,m,-.0922,.539,-.00288,.00807,.0804,.0762,.0291,.154,.00682,.712,-.128,.111,.0967,.871,.137,.299,.0261,-.13,.0264,.297,-.0585,-.0737,.0535,.402,.141,.153,-.152,.743,.0362,-.162,.00666,-.0481,-.0704,.491,-.00665,.419,0
2023,12,31,19,m,.0682,.864,.191,.214,.375,.486,.166,.278,.28,1.2,.0601,.158,.391,1.37,.103,.226,.251,-.038,.219,.266,.488,.347,.165,.438,.237,.356,.255,1.42,.117,.027,.256,.186,.183,.766,.147,.484,0
2023,12,31,20,m,.291,1.18,.186,.32,.664,.637,.364,.571,.414,1.37,.24,.494,.492,1.48,.172,.485,.646,.221,.303,1.06,.58,.564,.255,.769,.484,.522,.691,2.24,.542,.0752,.393,.34,.408,1.26,.306,.892,0
2023,12,31,21,m,-.218,.219,-.161,-.0724,-.172,-.241,-.0335,.0569,-.0726,.407,-.144,.00125,.102,.626,.122,.243,.062,-.0613,.207,.188,-.13,-.118,.00206,.261,.127,.152,-.229,.421,-.137,-.253,-.129,-.137,-.115,.244,-.0486,.244,0
2023,12,31,22,m,-.0904,.696,-.0197,.0927,.0672,.152,-.0717,.0723,.164,1.01,-.217,-.0278,.349,1.22,-.0275,.256,.254,-.0474,-.41,-.0681,-.148,-.0503,-.113,.338,.0147,-.0979,.192,.835,-.145,-.318,-.0188,-.0188,.0192,.661,.00782,.523,0
2023,12,31,23,m,.179,1.21,.299,.218,.707,.457,.647,.515,.172,1.09,.137,.198,.169,1.01,.514,.579,.281,.126,.537,.725,.325,.239,.388,.767,.603,.577,.2,1.22,-.0128,-.137,.265,.151,.163,.818,.269,.725,0
2023,12,31,24,m,-.0333,.484,.0103,.0166,-.0717,-.0996,.0972,.123,.143,.747,-.043,.0554,.321,1.01,.0849,.297,.219,-.0514,.375,.249,-.00882,-.0836,.104,.296,.248,.189,.139,.756,.0382,-.229,.0327,-.0677,.047,.434,.0589,.378,0
2023,12,31,25,m,.0753,.931,.147,.22,.378,.393,.366,.518,.329,1.21,.469,.627,.695,1.58,.53,.564,.315,.362,2.22,1.39,.507,.536,.356,.74,.655,.629,1.3,2.63,-.105,-.13,.166,.2,.485,1.17,.496,.891,0
2023,12,31,26,m,.446,1.32,.313,.291,.755,.369,.347,.395,.399,1.25,.208,.289,.378,1.23,.185,.246,.357,-.0307,-.0359,.0515,.268,.152,.213,.388,.832,.797,.0216,.852,.615,.0457,.368,.202,.256,.802,.226,.515,0
2023,12,31,27,m,-.00678,.512,.23,.37,-.00853,.28,.309,.501,.428,1.19,.423,.448,.792,1.76,.29,.679,.464,.134,2.84,2.25,.297,.203,.338,.747,.558,.65,.677,1.47,.419,-.0031,.316,.242,.595,1.05,.469,.898,0
2023,12,31,28,m,-.0238,.617,-.00214,.0286,.349,.235,.0442,.141,.115,.761,-.065,.0926,.259,.897,.164,.325,.0874,-.0644,.244,.284,-.0513,-.0116,.0729,.382,.0993,.102,.132,.854,-.0669,-.252,.0287,-.0225,.022,.491,.0729,.423,0
2023,12,31,29,m,-.0371,.627,-.104,-.0414,.176,.121,.0665,.198,.0771,.823,-.00424,.18,.204,1.04,.235,.334,.607,.293,-.0309,.243,-.0448,.123,.103,.478,.202,.289,.197,.813,-.186,-.274,-.0388,-.0391,.0596,.607,.117,.495,0
2023,12,31,30,m,.0329,.598,.0126,.00238,.203,.143,.0763,.128,.167,.842,-.051,.161,.292,1.08,.0779,.291,.187,.00702,.0258,.469,.271,.146,.0769,.382,.096,.0808,.292,1.65,-.0983,-.457,.0561,-.0889,.0589,.563,.0607,.452,0
2023,12,31,31,m,.0523,.834,.0163,.11,-.0106,-.158,.166,.273,.373,1.3,.0395,.106,.719,1.76,.186,.282,.145,.0131,-.252,-.216,.119,.065,.219,.488,.508,.498,.412,1.96,.197,-.142,.0697,.0385,.172,.762,.181,.5,0
2023,12,31,32,m,-.0808,.506,-.0211,.0613,.104,.0487,-.0306,.0694,-.00687,.62,-.15,.000159,.0234,.667,.235,.291,-.135,-.285,-.125,.0554,.034,-.0958,.0935,.353,-.091,-.0157,-.157,.642,-.0478,-.272,-.0169,-.0844,-.0778,.381,.0182,.35,0
2023,12,31,33,m,.124,.759,.0736,.0739,.063,.0689,.06,.108,.226,.86,-.13,-.0356,.276,.908,.0702,.238,.172,-.116,-.285,-.137,.0641,-.12,.0846,.344,.165,.105,.169,.78,-.0743,-.294,.0655,-.0589,-.0136,.386,.0174,.329,0
2023,12,31,34,m,.0409,.721,.193,.192,.169,.144,.154,.29,.131,.927,-.0707,.0867,.176,1.04,.112,.432,.17,-.0833,.209,.185,.174,.016,.132,.525,.384,.404,-.0451,.997,.279,-.12,.203,.0728,.0404,.618,.0569,.559,0
2023,12,31,35,m,-.176,.327,-.0713,-.0372,-.183,-.181,-.0469,.0417,-.0432,.539,-.176,-.0703,.0335,.661,.035,.208,-.101,-.198,-.094,.000954,-.124,-.189,-.0165,.294,.0635,.0558,-.214,.342,-.104,-.313,-.0998,-.153,-.0946,.303,-.0594,.272,0
2023,12,31,36,m,-.00102,.595,.135,.158,.104,.0557,.183,.259,.152,.84,.0852,.254,.289,1.06,.205,.398,.191,.0392,.322,.427,.149,.0815,.156,.511,.25,.171,.139,1.33,.162,-.0282,.149,.0877,.137,.695,.155,.583,0
2023,12,31,37,m,-.237,.29,-.0246,.125,-.217,-.242,-.0201,.178,.0904,.8,-.0634,.125,.336,1.17,.0708,.202,.353,.054,.343,.375,-.0957,.0361,-.0625,.224,.0812,.327,.0313,.687,-.318,-.373,-.0602,-.0236,.0281,.518,.0477,.388,0
2023,12,31,38,m,.313,1.09,.00446,.0987,.128,.161,.176,.229,.426,1.24,-.0331,.0215,.519,1.36,.15,.223,-.0292,-.211,.086,.105,.0583,.0196,.257,.549,.432,.261,.742,1.57,-.049,-.255,.0187,-.0371,.323,.832,.258,.588,0
2023,12,31,39,m,-.0873,.497,.111,.141,.0419,.11,.107,.211,.0838,.722,-.0444,.121,.219,.892,.0914,.271,.124,-.0537,.126,.183,.0545,-.0639,.0714,.39,.305,.321,.143,1.08,-.0184,-.2,.0794,.0092,.0245,.502,.0439,.409,0
2023,12,31,40,m,-.0311,.545,.167,.223,.318,.00524,.187,.3,.266,.922,.0242,.218,.518,1.22,.139,.273,.394,.147,.197,.483,.458,.353,.106,.372,.358,.409,.066,1.06,.349,-.129,.284,.164,.137,.657,.141,.47,0
2023,12,31,41,m,-.163,.407,-.0728,-.0181,-.0291,-.0585,-.0229,.0693,-.0404,.567,-.122,-.0316,.0495,.678,.0128,.173,-.00188,-.0792,-.0159,-.0122,-.0182,-.109,-.0455,.273,.113,.0953,-.112,.465,-.113,-.271,-.0573,-.0977,-.0632,.344,-.0424,.28,0
2023,12,31,42,m,-.0988,.435,-.0472,-.0737,-.0562,-.213,.128,.22,.0959,.698,-.0534,.154,.275,.928,.235,.393,.198,.0432,-.517,-.416,-.0704,-.0735,.108,.409,.323,.293,.278,1.36,-.219,-.407,-.0551,-.147,-.022,.395,.058,.394,0
2023,12,31,43,m,-.00782,.679,-.0191,.075,.112,.214,.119,.227,.0976,.847,-.012,.1,.16,.945,.0944,.245,.224,-.00946,.231,.18,.121,.0655,.0869,.398,.36,.314,.123,1.13,.142,.0568,.0808,.0714,.077,.585,.0793,.438,0
2023,12,31,44,m,-.233,.126,.00591,.205,.0694,.61,.00236,.235,.0845,.688,-.087,.092,.514,1.53,-.102,.173,.0705,.0059,-.318,-.00524,.233,.262,-.0398,.314,.0677,.287,.373,1.78,.254,.287,.0941,.242,-.1,.38,-.104,.284,0
2023,12,31,45,m,-.0701,.577,.154,.191,.257,.401,.247,.274,.311,.995,.109,.168,.575,1.25,.155,.291,.203,.00552,.434,.159,.453,.208,.197,.384,.35,.277,.192,1.23,.16,-.202,.224,.116,.187,.577,.178,.452,0
2023,12,31,46,m,.148,.744,.175,.243,.416,.718,.216,.315,.203,1.02,.109,.333,.215,1.19,.414,.692,.455,.205,.00955,.171,.0907,-.0333,.109,.415,.291,.172,-.0372,1.34,.442,-.0988,.274,.165,.116,.748,.217,.727,0
2023,12,31,47,m,.00499,.686,.0476,.0355,.191,.00632,.0485,.107,.155,.795,-.0802,-.0307,.243,.851,.0208,.219,.0599,-.203,-.134,-.00731,-.0377,-.146,.0587,.346,.134,.12,.0808,.696,-.00657,-.247,.0386,-.0787,.0515,.462,.0393,.376,0
2023,12,31,48,m,1.08,2.87,.114,.218,-.301,-.175,.275,.446,.844,1.82,.323,.338,.76,1.5,.217,.37,.454,.131,.235,.275,.39,.245,.415,.782,.351,.501,1.66,3.18,-.101,-.327,.0972,.0625,.778,1.44,.546,.956,0
2023,12,31,49,m,-.171,.533,-.0711,-.039,-.125,.059,-.0645,.0795,-.0154,.67,-.202,-.0391,.0853,.748,-.105,.265,.0189,-.0656,-.19,-.0742,-.171,-.128,-.0414,.305,.0953,.153,-.105,.541,-.27,-.374,-.115,-.116,-.132,.298,-.123,.287,0
2023,12,31,50,m,-.114,.541,.0547,.048,-.0414,.0576,.147,.279,.159,.857,-.018,.127,.338,1.04,.169,.407,.314,.101,.218,.185,-.0164,-.0259,.14,.462,.128,.11,.124,1.02,-.391,-.471,-.0419,-.0852,.0898,.517,.113,.479,0
2023,12,31,51,m,-.136,.607,.102,.118,.0396,.276,.112,.184,.0598,1.01,-.0621,.0174,.194,1.29,.162,.377,.127,-.137,.272,.266,.218,.0302,.106,.487,.205,.205,-.107,1.18,.277,-.15,.149,.0302,.00346,.563,.0542,.489,0
2023,12,31,52,m,.00995,.549,-.0608,-.00245,.261,.0871,.045,.111,.188,.674,-.11,-.00374,.29,.737,.0822,.253,.0844,-.0968,-.165,-.158,.146,-.0142,.0386,.279,.162,.183,.347,.823,-.0339,-.273,.0335,-.0577,.00545,.328,.0348,.298,0
2023,12,31,53,m,-.22,.265,.205,.196,-.102,-.00462,.155,.301,.148,.842,-.0664,.108,.388,1.21,.0663,.212,-.0485,-.213,-.239,-.178,.283,.219,.0879,.359,.476,.618,-.162,.728,.0289,-.192,.134,.071,-.0139,.463,.0193,.342,0
2024,1,31,1,m,-.074,-.074,-.13,-.13,-.135,-.135,-.0667,-.0667,.0785,.0785,-.153,-.153,.202,.202,-.0144,-.0144,.00534,.00534,.0309,.0309,-.114,-.114,-.0047,-.0047,-.00502,-.00502,.0344,.0344,-.21,-.21,-.128,-.128,-.00411,-.00411,-.00735,-.00735,0
2024,1,31,2,m,.217,.217,.0514,.0514,.294,.294,.242,.242,.348,.348,.0728,.0728,.505,.505,.186,.186,.609,.609,.247,.247,.271,.271,.231,.231,.287,.287,.646,.646,.124,.124,.167,.167,.275,.275,.237,.237,0
2024,1,31,3,m,.128,.128,.0829,.0829,.301,.301,.27,.27,.41,.41,.177,.177,.63,.63,.202,.202,.42,.42,.45,.45,.189,.189,.229,.229,.369,.369,.666,.666,.154,.154,.17,.17,.411,.411,.317,.317,0
2024,1,31,4,m,.028,.028,.0778,.0778,.127,.127,.141,.141,.282,.282,-.0203,-.0203,.492,.492,.125,.125,.0848,.0848,.241,.241,.167,.167,.173,.173,.327,.327,.111,.111,.0658,.0658,.0968,.0968,.14,.14,.134,.134,0
2024,1,31,5,m,.136,.136,.0709,.0709,.243,.243,.124,.124,.284,.284,-.0184,-.0184,.36,.36,.0619,.0619,.105,.105,.0615,.0615,.135,.135,.13,.13,.253,.253,.263,.263,.0907,.0907,.108,.108,.152,.152,.12,.12,0
2024,1,31,6,m,.00905,.00905,-.0921,-.0921,-.0605,-.0605,-.0282,-.0282,.0767,.0767,-.13,-.13,.115,.115,.0199,.0199,-.0428,-.0428,-.0019,-.0019,-.0819,-.0819,.0183,.0183,.0601,.0601,.108,.108,-.112,-.112,-.0836,-.0836,.00117,.00117,.00695,.00695,0
2024,1,31,7,m,.00881,.00881,-.0298,-.0298,-.0494,-.0494,.119,.119,.227,.227,.0377,.0377,.414,.414,.136,.136,.0959,.0959,.42,.42,.129,.129,.167,.167,.247,.247,.37,.37,-.00294,-.00294,.0185,.0185,.166,.166,.155,.155,0
2024,1,31,8,m,-.0557,-.0557,-.00691,-.00691,-.0489,-.0489,-.0195,-.0195,.109,.109,-.165,-.165,.208,.208,.0301,.0301,-.0407,-.0407,-.0195,-.0195,-.0437,-.0437,.063,.063,.0276,.0276,.0502,.0502,-.112,-.112,-.0438,-.0438,-.0146,-.0146,-.000251,-.000251,0
2024,1,31,9,m,-.0629,-.0629,-.187,-.187,-.128,-.128,-.0145,-.0145,.136,.136,-.125,-.125,.282,.282,.0879,.0879,.113,.113,.109,.109,-.0677,-.0677,.0531,.0531,.0964,.0964,-.0951,-.0951,-.107,-.107,-.11,-.11,.0163,.0163,.0415,.0415,0
2024,1,31,10,m,.062,.062,.0439,.0439,.0979,.0979,.127,.127,.391,.391,-.0599,-.0599,.618,.618,.0821,.0821,.121,.121,.0164,.0164,.0659,.0659,.163,.163,.244,.244,.112,.112,.111,.111,.0783,.0783,.176,.176,.138,.138,0
2024,1,31,11,m,-.823,-.823,.11,.11,.065,.065,-.00492,-.00492,-.511,-.511,.0457,.0457,1.22,1.22,.113,.113,.168,.168,.147,.147,.266,.266,-.199,-.199,.175,.175,.671,.671,.252,.252,.163,.163,-.346,-.346,-.203,-.203,0
2024,1,31,12,m,-.0513,-.0513,-.078,-.078,-.0269,-.0269,.0107,.0107,.155,.155,-.105,-.105,.306,.306,.04,.04,.112,.112,.115,.115,-.122,-.122,.0559,.0559,.119,.119,.0352,.0352,-.0268,-.0268,-.0441,-.0441,.0478,.0478,.0451,.0451,0
2024,1,31,13,m,-.0363,-.0363,.294,.294,2.09,2.09,.289,.289,.341,.341,-.113,-.113,.603,.603,.441,.441,.204,.204,-.448,-.448,.165,.165,.307,.307,.155,.155,.0813,.0813,.212,.212,.398,.398,.00574,.00574,.157,.157,0
2024,1,31,14,m,.00338,.00338,.264,.264,1.48,1.48,.39,.39,.276,.276,.0357,.0357,.505,.505,.288,.288,.334,.334,.548,.548,2,2,.291,.291,.427,.427,.334,.334,.19,.19,.638,.638,.262,.262,.274,.274,0
2024,1,31,15,m,.626,.626,1.38,1.38,3.56,3.56,.364,.364,.734,.734,.0803,.0803,.791,.791,-.116,-.116,1.31,1.31,-.00993,-.00993,1.19,1.19,.167,.167,.45,.45,.831,.831,3.94,3.94,1.73,1.73,.427,.427,.134,.134,0
2024,1,31,16,m,-.0314,-.0314,.0254,.0254,-.0572,-.0572,.161,.161,.209,.209,-.00406,-.00407,.438,.438,.307,.307,.141,.141,.378,.378,.308,.308,.279,.279,.287,.287,.205,.205,-.00348,-.00348,.074,.074,.12,.12,.195,.195,0
2024,1,31,17,m,-.0591,-.0591,-.0251,-.0251,.0685,.0685,.0938,.0938,.168,.168,-.0335,-.0335,.375,.375,.142,.142,.117,.117,.0843,.0843,.0838,.0838,.132,.132,.194,.194,-.0359,-.0359,.107,.107,.0452,.0452,.0758,.0758,.101,.101,0
2024,1,31,19,m,.193,.193,.238,.238,.772,.772,.311,.311,.559,.559,.167,.167,.744,.744,.065,.065,.388,.388,.429,.429,.679,.679,.237,.237,.532,.532,.337,.337,.572,.572,.419,.419,.387,.387,.219,.219,0
2024,1,31,20,m,.139,.139,.222,.222,.532,.532,.471,.471,.509,.509,.396,.396,.737,.737,.325,.325,.465,.465,1.05,1.05,.666,.666,.412,.412,.591,.591,.802,.802,.562,.562,.402,.402,.576,.576,.457,.457,0
2024,1,31,21,m,-.113,-.113,-.165,-.165,-.123,-.123,-.0167,-.0167,.056,.056,-.101,-.101,.252,.252,.0734,.0734,.173,.173,.116,.116,-.0561,-.0561,.0351,.0351,.145,.145,.0236,.0236,-.123,-.123,-.104,-.104,-.0199,-.0199,.0108,.0108,0
2024,1,31,22,m,-.0627,-.0627,.00456,.00456,.137,.137,.018,.018,.299,.299,-.139,-.139,.539,.539,.0372,.0372,.197,.197,-.119,-.119,.0689,.0689,.0335,.0335,.119,.119,.148,.148,-.0568,-.0568,.0367,.0367,.148,.148,.11,.11,0
2024,1,31,23,m,.101,.101,.14,.14,.76,.76,.412,.412,.226,.226,.0162,.0162,.31,.31,.367,.367,.28,.28,.186,.186,.312,.312,.312,.312,.674,.674,.157,.157,-.0592,-.0592,.185,.185,.14,.14,.229,.229,0
2024,1,31,24,m,-.0736,-.0736,-.0565,-.0565,-.102,-.102,.0929,.0929,.262,.262,-.027,-.027,.598,.598,.188,.188,.171,.171,.297,.297,.02,.02,.0941,.0941,.303,.303,.154,.154,.0289,.0289,-.00337,-.00337,.106,.106,.139,.139,0
2024,1,31,25,m,.0918,.0918,.0981,.0981,.309,.309,.386,.386,.365,.365,.275,.275,.72,.72,.37,.37,.777,.777,.677,.677,.551,.551,.332,.332,.757,.757,.535,.535,.114,.114,.226,.226,.381,.381,.376,.376,0
2024,1,31,26,m,.32,.32,.186,.186,.342,.342,.297,.297,.595,.595,.158,.158,.714,.714,.0813,.0813,.259,.259,-.0106,-.0106,.257,.257,.169,.169,.768,.768,-.0121,-.0121,.478,.478,.247,.247,.336,.336,.205,.205,0
2024,1,31,27,m,-.0408,-.0408,.331,.331,.49,.49,.577,.577,.616,.616,.618,.618,1.17,1.17,.32,.32,.452,.452,3.34,3.34,.57,.57,.506,.506,.909,.909,.335,.335,.398,.398,.412,.412,.897,.897,.66,.66,0
2024,1,31,28,m,.0166,.0166,.00563,.00563,.264,.264,.101,.101,.264,.264,-.0165,-.0165,.496,.496,.171,.171,.134,.134,.222,.222,.119,.119,.142,.142,.216,.216,.256,.256,-.0604,-.0604,.0527,.0527,.147,.147,.157,.157,0
2024,1,31,29,m,.0926,.0926,-.138,-.138,.147,.147,.111,.111,.243,.243,.0455,.0455,.41,.41,.2,.2,.601,.601,-.0704,-.0704,.233,.233,.183,.183,.304,.304,.0758,.0758,-.136,-.136,-.00646,-.00646,.153,.153,.173,.173,0
2024,1,31,30,m,.0373,.0373,-.1,-.1,.0292,.0292,.0495,.0495,.252,.252,.0563,.0563,.464,.464,.147,.147,.155,.155,.288,.288,.149,.149,.113,.113,.143,.143,.253,.253,-.303,-.303,-.0841,-.0841,.178,.178,.166,.166,0
2024,1,31,31,m,.0294,.0294,.0308,.0308,-.168,-.168,.19,.19,.46,.46,.0473,.0473,.889,.889,.123,.123,.14,.14,-.253,-.253,.187,.187,.207,.207,.532,.532,.644,.644,.0549,.0549,.0578,.0578,.21,.21,.163,.163,0
2024,1,31,32,m,-.00598,-.00598,.0254,.0254,.113,.113,.0627,.0627,.204,.204,-.0287,-.0287,.289,.289,.105,.105,-.03,-.03,.0176,.0176,.0495,.0495,.132,.132,.0632,.0632,.0518,.0518,.273,.273,.0665,.0665,.0992,.0992,.101,.101,0
2024,1,31,33,m,.145,.145,.0581,.0581,.118,.118,.118,.118,.374,.374,-.0263,-.0263,.481,.481,.0681,.0681,.253,.253,-.165,-.165,.0616,.0616,.149,.149,.223,.223,.359,.359,.129,.129,.111,.111,.139,.139,.112,.112,0
2024,1,31,34,m,-.00912,-.00912,.124,.124,.305,.305,.169,.169,.286,.286,-.041,-.041,.442,.442,.153,.153,.195,.195,.0574,.0574,.161,.161,.186,.186,.338,.338,.0545,.0545,.131,.131,.157,.157,.13,.13,.138,.138,0
2024,1,31,35,m,-.096,-.096,-.0543,-.0543,-.0543,-.0543,.0339,.0339,.153,.153,-.101,-.101,.296,.296,.069,.069,.0248,.0248,.00515,.00515,-.0337,-.0337,.096,.096,.142,.142,-.0471,-.0471,-.0135,-.0135,-.0325,-.0325,.0448,.0448,.0526,.0526,0
2024,1,31,36,m,.0618,.0618,.0631,.0631,.155,.155,.196,.196,.276,.276,.104,.104,.467,.467,.22,.22,.315,.315,.288,.288,.215,.215,.214,.214,.266,.266,.514,.514,.237,.237,.165,.165,.248,.248,.238,.238,0
2024,1,31,37,m,-.201,-.201,.0826,.0826,-.0382,-.0382,.118,.118,.344,.344,.0438,.0438,.738,.738,.0804,.0804,.27,.27,.115,.115,.191,.191,.0402,.0402,.212,.212,.198,.198,.0102,.0102,.103,.103,.182,.182,.14,.14,0
2024,1,31,38,m,.533,.533,.116,.116,.205,.205,.216,.216,.649,.649,-.00945,-.00945,.742,.742,.102,.102,.0422,.0422,.134,.134,.162,.162,.302,.302,.356,.356,.797,.797,-.000828,-.000828,.0911,.0911,.438,.438,.303,.303,0
2024,1,31,39,m,-.0462,-.0462,.0932,.0932,.192,.192,.158,.158,.226,.226,.00462,.00462,.432,.432,.113,.113,.206,.206,.14,.14,.079,.079,.141,.141,.344,.344,.178,.178,.108,.108,.122,.122,.132,.132,.124,.124,0
2024,1,31,40,m,.0572,.0572,.145,.145,.145,.145,.258,.258,.431,.431,.124,.124,.722,.722,.12,.12,.416,.416,.294,.294,.556,.556,.173,.173,.48,.48,.148,.148,.288,.288,.267,.267,.264,.264,.194,.194,0
2024,1,31,41,m,-.0738,-.0738,-.0897,-.0897,-.0383,-.0383,.0099,.0099,.112,.112,-.0959,-.0959,.241,.241,.0295,.0295,.123,.123,.0186,.0186,-.0135,-.0135,.0375,.0375,.131,.131,.0482,.0482,-.0791,-.0791,-.0468,-.0468,.0228,.0228,.0253,.0253,0
2024,1,31,42,m,.0134,.0134,-.0705,-.0705,-.114,-.114,.183,.183,.298,.298,-.00843,-.00843,.547,.547,.207,.207,.31,.31,-.495,-.495,.0757,.0757,.185,.185,.388,.388,.444,.444,-.185,-.185,-.0368,-.0368,.0859,.0859,.129,.129,0
2024,1,31,43,m,.107,.107,.0579,.0579,.179,.179,.221,.221,.349,.349,.0603,.0603,.491,.491,.0981,.0981,.37,.37,.254,.254,.267,.267,.187,.187,.399,.399,.151,.151,.33,.33,.203,.203,.24,.24,.179,.179,0
2024,1,31,44,m,-.00788,-.00788,.164,.164,.225,.225,.234,.234,.417,.417,.0997,.0997,1.05,1.05,.11,.11,.36,.36,.147,.147,.383,.383,.201,.201,.385,.385,.59,.59,.483,.483,.267,.267,.258,.258,.189,.189,0
2024,1,31,45,m,-.0168,-.0168,.137,.137,.549,.549,.222,.222,.487,.487,.0541,.0541,.791,.791,.0709,.0709,.254,.254,.197,.197,.498,.498,.195,.195,.299,.299,.18,.18,.0105,.0105,.226,.226,.223,.223,.157,.157,0
2024,1,31,46,m,.167,.167,.28,.28,.792,.792,.384,.384,.473,.473,.339,.339,.664,.664,.439,.439,.62,.62,.169,.169,.165,.165,.208,.208,.39,.39,.509,.509,.548,.548,.392,.392,.408,.408,.42,.42,0
2024,1,31,47,m,.0762,.0762,.0192,.0192,.15,.15,.0485,.0485,.264,.264,-.103,-.103,.36,.36,-.0447,-.0447,.0713,.0713,-.126,-.126,-.0389,-.0389,.0703,.0703,.106,.106,.139,.139,.124,.124,.045,.045,.0841,.0841,.0384,.0384,0
2024,1,31,48,m,1.25,1.25,.0964,.0964,-.183,-.183,.323,.323,.925,.925,.225,.225,.824,.824,.094,.094,.224,.224,.251,.251,.283,.283,.367,.367,.588,.588,1.52,1.52,-.0693,-.0693,.0695,.0695,.783,.783,.473,.473,0
2024,1,31,49,m,.129,.129,-.0537,-.0537,.108,.108,.0746,.0746,.345,.345,-.1,-.1,.47,.47,.103,.103,.263,.263,-.0957,-.0957,-.0423,-.0423,.116,.116,.211,.211,.00741,.00741,.0859,.0859,.0395,.0395,.0837,.0837,.0905,.0905,0
2024,1,31,50,m,.0425,.0425,.00932,.00932,.011,.011,.231,.231,.402,.402,.00411,.0041,.61,.61,.162,.162,.368,.368,-.0245,-.0245,.136,.136,.198,.198,.206,.206,.344,.344,-.271,-.271,.00552,.00552,.175,.175,.17,.17,0
2024,1,31,51,m,.0264,.0264,.0754,.0754,.447,.447,.136,.136,.373,.373,-.0866,-.0866,.618,.618,.179,.179,.228,.228,.2,.2,.177,.177,.215,.215,.213,.213,.232,.232,.186,.186,.168,.168,.155,.155,.165,.165,0
2024,1,31,52,m,.0403,.0403,-.0141,-.0141,.169,.169,.11,.11,.319,.319,-.0451,-.0451,.459,.459,.0996,.0996,.163,.163,-.129,-.129,.126,.126,.105,.105,.275,.275,.131,.131,.174,.174,.0883,.0883,.118,.118,.111,.111,0
2024,1,31,53,m,-.257,-.257,.0822,.0822,-.0745,-.0745,.219,.219,.332,.332,-.0045,-.0045,.71,.71,.0519,.0519,.0708,.0708,-.321,-.321,.371,.371,.144,.144,.611,.611,-.0666,-.0666,.185,.185,.123,.123,.0729,.0729,.0627,.0627,0
2024,2,29,1,m,-.0997,-.128,-.133,-.15,-.0648,-.109,-.0502,-.0937,.0472,.0122,-.14,-.168,.166,.126,-.000288,-.0305,.0315,-.0386,-.0009,-.00768,-.0702,-.169,-.0146,-.0432,.0381,-.0404,.119,.156,-.212,-.213,-.114,-.147,-.0168,-.0455,-.0116,-.0408,0
2024,2,29,2,m,.169,.134,.0569,.0929,.409,.373,.296,.227,.314,.259,.183,.0863,.493,.407,.259,.15,.713,.532,.356,.256,.332,.262,.26,.184,.364,.246,1.01,.82,.156,.108,.198,.18,.321,.235,.295,.199,0
2024,2,29,3,m,.242,.122,.188,.11,.611,.375,.363,.25,.545,.377,.237,.164,.79,.577,.325,.161,.674,.476,.575,.375,.21,.175,.336,.207,.466,.322,.733,.762,.153,.0619,.271,.174,.524,.396,.437,.29,0
2024,2,29,4,m,.0363,-.00319,.199,.127,.4,.203,.226,.0972,.297,.225,.0719,.0098,.519,.412,.176,.0813,.22,.0796,.346,.349,.272,.0925,.231,.149,.421,.138,.197,.199,.182,.123,.227,.119,.211,.15,.196,.122,0
2024,2,29,5,m,.124,.0976,.126,.0834,.366,.311,.207,.101,.317,.23,.0523,-.0193,.424,.298,.118,.0434,.199,.074,.204,.114,.262,.0633,.194,.103,.365,.193,.344,.35,.149,.116,.189,.106,.224,.142,.186,.106,0
2024,2,29,6,m,.042,-.0502,-.0459,-.114,.0433,-.032,.0234,-.0614,.107,.0133,-.09,-.148,.144,.0492,.0629,-.00854,.0465,-.054,.0365,-.0248,-.024,-.156,.0543,-.022,.135,.0187,.0612,.0665,-.0797,-.143,-.0256,-.108,.0396,-.0378,.0468,-.0288,0
2024,2,29,7,m,.0526,-.0103,.0541,.014,.224,.095,.206,.0747,.289,.175,.168,.0581,.5,.334,.178,.0691,.177,.0502,.653,.573,.316,.118,.241,.138,.332,.0794,.253,.332,.00825,-.0161,.116,.0379,.252,.156,.224,.123,0
2024,2,29,8,m,-.0461,-.0881,.0348,-.0151,-.15,.0419,.0362,-.0441,.168,.0772,-.0959,-.146,.306,.177,.0649,-.000857,.0303,-.0751,.0438,.0182,-.0118,-.104,.147,.062,.0939,-.052,.269,.297,-.0524,-.138,-.0142,-.0567,.0501,-.00593,.0549,-.0043,0
2024,2,29,9,m,-.017,-.1,-.0996,-.144,.0086,-.0373,.0748,-.0384,.212,.0622,-.0565,-.135,.391,.181,.046,.0675,.56,.194,.188,.0909,.0368,-.109,.0984,.0183,.216,.026,.00523,-.0332,-.0607,-.176,.00786,-.0947,.0856,-.0253,.0718,.00736,0
2024,2,29,10,m,.0974,.00774,.154,.105,.13,.0821,.231,.105,.444,.331,.0194,-.0612,.681,.553,.124,.0311,.242,.113,.0745,.0473,.217,.0567,.234,.147,.43,.173,.116,.111,.112,.0876,.171,.0932,.268,.168,.209,.112,0
2024,2,29,11,m,-.823,-.825,.192,.147,.221,.187,.0325,-.0284,-.507,-.518,.114,.0682,1.44,1.18,.196,.0589,.286,.115,.299,.201,.315,.177,-.157,-.208,.316,.0729,.742,.889,.212,.177,.233,.155,-.308,-.327,-.159,-.206,0
2024,2,29,12,m,.0175,-.112,-.0114,-.0694,-.031,-.0194,.104,-.0211,.253,.0742,-.0221,-.111,.432,.211,.143,.0229,.321,.0635,.229,.102,-.0495,-.209,.148,.0174,.231,.0619,.273,.185,-.00619,-.075,.021,-.0684,.154,.0123,.15,.0159,0
2024,2,29,13,m,-.0764,-.0397,.384,.386,1.8,1.85,.354,.288,.351,.34,-.0554,-.104,.676,.604,.486,.396,.412,.296,-.43,-.48,.197,.152,.335,.281,.266,.167,-.112,.135,.0331,.145,.425,.42,.0342,.0171,.187,.149,0
2024,2,29,14,m,-.0488,.0652,.335,.367,1.48,1.78,.434,.414,.252,.331,.0992,.0505,.535,.554,.344,.256,.376,.302,.559,.487,2.38,2.15,.319,.288,.423,.433,.52,.666,.224,.193,.739,.729,.272,.319,.306,.29,0
2024,2,29,15,m,.706,.594,1.35,1.33,3.34,3.47,.429,.337,.839,.699,.168,.0712,.913,.756,-.092,-.157,1.65,1.26,.18,.0343,1.46,1.15,.208,.132,.58,.42,.627,.794,3.99,3.84,1.84,1.67,.508,.413,.185,.105,0
2024,2,29,16,m,.0245,-.0739,.12,.0357,.0658,-.0132,.222,.114,.278,.132,.0487,-.00661,.53,.327,.345,.217,.206,.0861,.439,.447,.547,.305,.318,.2,.372,.193,.164,.222,-.00919,-.0318,.165,.0694,.175,.0812,.243,.136,0
2024,2,29,17,m,.0472,-.0354,.0731,.0116,.255,.19,.186,.0715,.248,.142,.0721,-.00956,.434,.305,.22,.1,.219,.114,.283,.198,.194,.0216,.199,.105,.307,.102,.164,.156,.173,.091,.147,.0582,.175,.0962,.192,.0978,0
2024,2,29,19,m,.0572,.181,.266,.241,.495,.606,.326,.266,.451,.503,.133,.129,.681,.664,.109,.0257,.455,.339,.392,.411,.713,.601,.239,.186,.578,.471,.254,.393,.621,.553,.433,.384,.302,.346,.207,.179,0
2024,2,29,20,m,.0849,.0735,.36,.346,1.04,1.01,.557,.499,.574,.465,.368,.394,.918,.708,.315,.22,.874,.652,1.29,1.16,.786,.778,.432,.358,.71,.637,.623,.767,.691,.544,.599,.538,.559,.557,.447,.397,0
2024,2,29,21,m,-.136,-.193,-.0862,-.132,-.269,-.0889,.0231,-.0478,.0809,-.0318,-.0433,-.142,.351,.155,.139,.0425,.248,.115,.241,.0581,.00107,-.12,.0732,-.0224,.183,.0914,.0251,-.0664,-.0832,-.111,-.0717,-.096,.0274,-.0937,.0648,-.0489,0
2024,2,29,22,m,-.0506,-.0691,.109,-.000263,.214,.206,.0945,-.04,.387,.247,-.0345,-.124,.714,.457,.122,.0167,.286,.163,-.0473,-.0313,.241,.037,.112,.0142,.154,-.0942,.26,.11,-.0314,-.0496,.13,.0331,.229,.125,.193,.0879,0
2024,2,29,23,m,.174,.13,.284,.22,.808,.521,.477,.408,.363,.224,.199,.0751,.508,.286,.509,.266,.447,.31,.403,.328,.403,.305,.47,.277,.803,.625,.0516,.396,-.00419,-.0374,.29,.208,.297,.189,.375,.219,0
2024,2,29,24,m,.119,-.00946,.0646,.0252,.0171,.0549,.241,.117,.445,.255,.157,.0504,.785,.52,.203,.123,.416,.215,.591,.345,.149,.0458,.202,.0716,.513,.337,.227,.157,.131,.0385,.128,.0582,.333,.176,.279,.155,0
2024,2,29,25,m,.14,.0662,.222,.165,.395,.324,.467,.366,.436,.271,.235,.305,.852,.538,.632,.374,.588,.49,.74,.827,.815,.593,.489,.301,.779,.584,.92,.777,.159,.177,.313,.257,.357,.379,.468,.376,0
2024,2,29,26,m,.382,.325,.239,.222,.47,.457,.379,.304,.657,.581,.221,.171,.778,.692,.115,.035,.496,.3,.0917,.031,.484,.311,.211,.154,.864,.749,-.128,.0558,.698,.565,.37,.296,.345,.33,.23,.178,0
2024,2,29,27,m,-.0242,-.0865,.313,.29,.47,1.06,.626,.506,.704,.556,.621,.467,1.35,1.1,.454,.3,.711,.393,3.09,2.22,.684,.593,.636,.515,.942,.707,.6,.568,.6,.391,.514,.436,.921,.708,.729,.54,0
2024,2,29,28,m,.0844,.0344,.0581,.0192,.574,.467,.236,.148,.337,.231,.0629,-.0305,.593,.415,.295,.173,.192,.112,.388,.188,.297,.139,.247,.14,.458,.373,.309,.301,.0642,-.0332,.163,.0842,.212,.116,.246,.139,0
2024,2,29,29,m,.201,.0291,-.0766,-.115,.139,.124,.189,.0763,.333,.147,.0277,-.0628,.48,.279,.362,.167,.718,.453,.176,-.0681,.358,.169,.303,.137,.44,.258,.235,.155,-.159,-.167,.0279,-.0259,.205,.0587,.269,.103,0
2024,2,29,30,m,.161,.0204,-.0725,-.0176,.102,.104,.133,.0528,.432,.238,.204,.054,.709,.452,.217,.0344,.533,.249,.443,.407,.404,.208,.198,.0863,.291,.104,.795,.474,-.308,-.275,-.0184,-.019,.336,.152,.288,.104,0
2024,2,29,31,m,.434,.28,.189,.141,-.0773,-.0727,.378,.243,.86,.622,.193,.0843,1.3,.963,.279,.107,.398,.248,-.0277,-.318,.535,.286,.379,.233,.804,.59,.879,1,.158,.0437,.241,.151,.536,.34,.396,.213,0
2024,2,29,32,m,.0602,-.0169,.0607,.0703,.229,.226,.1,.0291,.235,.125,-.0325,-.0605,.308,.183,.283,.0565,.162,.000608,.109,.0853,.2,-.024,.222,.0876,.0234,-.0171,-.05,.0474,.117,.176,.126,.0723,.114,.0598,.173,.0587,0
2024,2,29,33,m,.213,.148,.142,.0885,.16,.174,.197,.101,.465,.326,.00366,-.031,.593,.409,.14,.0679,.349,.195,-.119,-.151,.199,-.00946,.227,.141,.342,.171,.172,.493,.195,.13,.199,.105,.175,.129,.162,.105,0
2024,2,29,34,m,.0581,-.0563,.169,.0906,.358,.404,.285,.144,.418,.238,.0903,-.00745,.617,.394,.225,.128,.386,.24,.141,.138,.296,.0579,.281,.149,.526,.272,.398,.375,.283,.142,.254,.142,.273,.154,.258,.146,0
2024,2,29,35,m,-.091,-.159,.0164,-.0538,-.0374,-.0651,.101,-.00444,.196,.096,-.0334,-.107,.363,.243,.145,.0456,.0491,.0108,.0694,.0247,.112,-.103,.16,.0568,.226,.0664,.0878,.0239,-.0455,-.0937,.0167,-.0623,.109,.0206,.12,.0287,0
2024,2,29,36,m,.115,.0479,.166,.107,.389,.275,.267,.151,.367,.223,.155,.0578,.613,.378,.208,.123,.402,.243,.413,.342,.25,.138,.255,.157,.314,.15,.48,.393,.322,.284,.26,.176,.31,.196,.271,.168,0
2024,2,29,37,m,.00517,-.0884,.181,.11,.0125,.0445,.112,.0869,.437,.323,.0573,.036,.744,.62,.0822,-.0302,.415,.14,.237,.121,.0902,.139,.0505,-.000849,.154,.121,.00659,.147,-.0415,.094,.141,.109,.249,.208,.185,.11,0
2024,2,29,38,m,.521,.434,.148,.0576,.422,.244,.311,.174,.672,.547,.0405,-.0465,.797,.639,.208,.0854,.122,.0164,.206,.142,.273,.0584,.374,.26,.503,.296,1.21,.814,.0403,-.0376,.157,.0445,.512,.376,.391,.259,0
2024,2,29,39,m,.00592,-.0369,.21,.135,.259,.176,.254,.125,.3,.198,.103,.00881,.536,.376,.226,.103,.349,.176,.345,.18,.216,.00461,.228,.124,.445,.246,.322,.316,.0916,.0624,.218,.111,.23,.135,.228,.122,0
2024,2,29,40,m,.198,.125,.278,.245,.416,.297,.393,.267,.587,.436,.193,.0974,.91,.678,.165,.0561,.721,.589,.475,.351,.786,.537,.281,.154,.677,.461,.289,.246,.408,.213,.444,.337,.401,.279,.287,.171,0
2024,2,29,41,m,.023,-.133,.0272,-.0797,.0518,.00016,.108,-.0174,.217,.0556,.0105,-.104,.346,.187,.112,.0145,.217,.0812,.104,-.00764,.0881,-.0828,.101,-.00449,.224,.0528,.0637,.0611,.000492,-.0804,.0532,-.0538,.163,-.00178,.144,.00426,0
2024,2,29,42,m,.113,-.0142,.0274,-.0471,-.0187,-.00384,.29,.144,.396,.213,.104,-.0374,.651,.41,.348,.171,.507,.252,-.413,-.519,.1,-.000679,.299,.139,.507,.305,.507,.422,-.176,-.259,.0374,-.0471,.224,.0476,.268,.0916,0
2024,2,29,43,m,.151,.148,.0851,.0596,.158,.19,.297,.193,.411,.322,.14,.02,.588,.423,.248,.141,.38,.251,.385,.198,.242,.107,.285,.197,.564,.362,.399,.357,.309,.202,.203,.136,.339,.236,.3,.195,0
2024,2,29,44,m,-.0241,-.0797,.264,.189,.462,.306,.243,.175,.388,.27,.0784,-.013,1.04,.793,.15,.105,.286,.243,.0656,.0673,.422,.266,.175,.151,.38,.286,1.34,.844,.717,.731,.369,.288,.278,.174,.218,.142,0
2024,2,29,45,m,-.0239,-.00164,.179,.249,.395,.654,.259,.22,.435,.43,.154,.091,.721,.691,.0947,.0119,.356,.228,.39,.185,.436,.242,.218,.152,.341,.3,.0828,.191,-.118,.0407,.207,.241,.296,.262,.212,.153,0
2024,2,29,46,m,.313,.184,.376,.365,.632,.926,.459,.304,.612,.456,.448,.218,.799,.626,.534,.332,.74,.486,.514,.102,.246,.0618,.351,.161,.412,.237,.551,.324,.697,.488,.485,.39,.611,.365,.581,.353,0
2024,2,29,47,m,.164,.0521,.131,.0589,.139,.0576,.114,.0111,.364,.205,-.0701,-.121,.471,.283,.018,-.0579,.137,.0752,-.0693,-.0397,.0721,-.125,.129,.0356,.235,.0627,.158,.101,.0106,-.0456,.104,.0104,.144,.0685,.0991,.0236,0
2024,2,29,48,m,1.34,1.28,.116,.0876,-.0137,-.0677,.364,.286,1.02,.883,.229,.16,.917,.762,.133,.0751,.38,.353,.428,.433,.377,.208,.399,.322,.593,.485,1.56,1.84,.00791,-.0917,.139,.074,.851,.752,.527,.447,0
2024,2,29,49,m,.0334,.0275,.0294,-.00774,-.0649,.305,.12,.0317,.336,.255,-.0762,-.132,.525,.386,.131,.0449,.208,.139,-.134,-.108,-.0259,-.1,.188,.0874,.307,.106,.151,.0502,.0458,-.0401,.041,.0218,.106,.0498,.114,.0481,0
2024,2,29,50,m,.0239,.00576,.097,.0382,.258,.237,.319,.192,.44,.324,.111,.0356,.706,.507,.223,.136,.546,.337,.0877,.102,.246,.0468,.281,.167,.235,.0606,.474,.371,-.247,-.247,.099,.0271,.283,.185,.262,.168,0
2024,2,29,51,m,.0388,-.00783,.209,.11,.623,.391,.306,.15,.475,.339,.158,.0247,.81,.584,.325,.178,.382,.243,.512,.334,.407,.128,.356,.211,.343,.19,.281,.574,.238,.0754,.311,.154,.376,.25,.356,.221,0
2024,2,29,52,m,.0263,-.0305,.0415,.0114,.368,.279,.163,.0882,.432,.314,-.0381,-.046,.644,.486,.162,.0738,.101,.0297,-.18,-.143,.193,.0319,.181,.0887,.339,.236,.308,.188,.277,.109,.146,.0583,.146,.113,.153,.0975,0
2024,2,29,53,m,-.217,-.271,.153,.159,-.101,-.00505,.31,.241,.379,.3,.105,.0532,.751,.666,.0547,-.0162,.216,.145,-.102,-.232,.586,.41,.182,.113,.781,.622,-.0544,.0143,.295,.302,.217,.197,.164,.115,.112,.0513,0
2024,3,31,1,m,-.125,-.0543,-.134,-.0588,-.0974,-.039,-.0585,-.0465,.0432,.0887,-.15,-.144,.19,.204,-.0086,.00243,.044,-.0102,-.0742,.0743,-.0473,-.114,-.024,.00933,.0209,-.0102,.161,.114,-.215,-.14,-.115,-.0748,-.0172,.00404,-.0146,.00354,0
2024,3,31,2,m,.0863,.275,.0159,.149,.419,.372,.264,.287,.258,.403,.107,.116,.496,.557,.304,.241,.705,.546,.209,.331,.368,.318,.257,.279,.33,.298,.671,.74,.137,.197,.172,.237,.234,.325,.262,.29,0
2024,3,31,3,m,.154,.339,.136,.255,.511,.562,.331,.332,.441,.558,.16,.197,.706,.729,.367,.256,.562,.5,.471,.616,.19,.232,.309,.309,.42,.39,.661,.798,.234,.185,.243,.292,.412,.509,.395,.395,0
2024,3,31,4,m,.0359,.13,.197,.294,.304,.366,.219,.17,.301,.344,.0876,.0889,.542,.52,.202,.144,.167,.0276,.431,.741,.223,.148,.221,.233,.445,.185,.288,.222,.121,.187,.192,.211,.244,.262,.227,.214,0
2024,3,31,5,m,.0946,.24,.116,.22,.297,.471,.173,.159,.303,.343,-.00229,-.000846,.428,.396,.136,.0925,.205,.058,.0177,.187,.181,.0827,.185,.182,.316,.243,.388,.334,.0417,.165,.147,.182,.188,.199,.17,.161,0
2024,3,31,6,m,-.0016,.053,-.0731,-.0268,.0275,.0363,.0131,-.00966,.0853,.102,-.129,-.125,.14,.129,.0965,.0504,.0283,-.0651,-.0912,.0575,-.0126,-.121,.0439,.0369,.154,.0654,.0786,.0548,-.0969,-.0448,-.0446,-.0423,.00711,.0204,.0338,.0297,0
2024,3,31,7,m,-.0469,.0729,-.0147,.128,.193,.25,.152,.126,.199,.258,.128,.133,.436,.416,.144,.117,.109,.0152,.628,1.03,.252,.158,.17,.206,.291,.0981,.249,.389,-.07,.0121,.0477,.105,.19,.254,.174,.202,0
2024,3,31,8,m,-.105,-.0171,.054,.0998,-.0115,.11,.0238,.00534,.125,.14,-.171,-.138,.284,.235,.06,.0296,-.00266,-.103,-.0993,.114,.0879,-.0377,.112,.114,.101,.0145,.226,.188,-.116,-.0925,.0101,.00959,-.00508,.0237,.0151,.0256,0
2024,3,31,9,m,-.0391,.0533,-.145,-.0859,.00136,.0066,.0515,.0352,.144,.162,-.0927,-.0775,.294,.242,.154,.131,.379,.236,.238,.356,.0281,-.0371,.108,.0998,.211,.113,.0478,.0449,-.0852,-.0644,-.0366,-.0264,.0444,.0625,.0817,.0866,0
2024,3,31,10,m,.029,.127,.122,.243,.32,.342,.19,.168,.394,.461,-.00123,.0464,.665,.692,.137,.0767,.149,.0464,.0124,.425,.19,.151,.203,.228,.358,.169,.0213,.159,.0889,.169,.149,.186,.213,.297,.183,.207,0
2024,3,31,11,m,-.819,-.803,.17,.317,.152,.403,.00327,.0442,-.506,-.47,.0884,.146,1.39,1.37,.232,.127,.225,.119,.315,.536,.342,.313,-.169,-.153,.31,.121,1.01,.996,.106,.302,.192,.288,-.313,-.262,-.16,-.141,0
2024,3,31,12,m,.000778,-.00548,-.00905,.0147,-.0576,-.00326,.082,.0352,.201,.166,-.0737,-.0969,.354,.292,.105,.0562,.302,.114,.102,.201,.00314,-.146,.116,.0752,.208,.125,.213,.137,.0117,.0374,.0264,.00693,.0977,.0533,.1,.0543,0
2024,3,31,13,m,-.0569,.259,.297,.51,1.93,2.56,.314,.399,.319,.549,-.148,-.0479,.659,.751,.698,.557,.328,.337,-.514,-.404,.201,.222,.382,.451,.188,.222,.0388,.408,.0588,.255,.403,.57,-.00613,.161,.203,.3,0
2024,3,31,14,m,-.165,.341,.262,.578,1.47,2.12,.344,.56,.0772,.532,.0399,.157,.341,.694,.344,.39,.346,.356,.467,.89,2.19,2.46,.234,.435,.344,.569,.379,.849,.109,.276,.638,.921,.122,.507,.217,.452,0
2024,3,31,15,m,.43,.701,1.24,1.61,2.9,3.77,.353,.427,.631,.813,.0854,.127,.76,.873,-.0705,-.0783,1.11,.996,.0931,.104,1.48,1.29,.201,.245,.573,.558,.46,.915,4.1,4.16,1.67,1.83,.412,.494,.16,.185,0
2024,3,31,16,m,-.00996,.075,.0425,.169,.0974,.0964,.196,.189,.271,.301,.00497,.0309,.574,.516,.326,.298,.191,.0973,.333,.782,.535,.383,.3,.334,.363,.211,.111,.17,-.0217,.0379,.123,.163,.16,.185,.224,.231,0
2024,3,31,17,m,-.0103,.14,.0244,.101,.313,.383,.157,.125,.203,.282,.00643,.0293,.431,.413,.23,.14,.288,.0886,.134,.51,.149,.0752,.184,.184,.279,.137,.119,.102,.123,.128,.122,.124,.124,.187,.161,.17,0
2024,3,31,19,m,-.0746,.357,.129,.406,.215,.745,.209,.354,.304,.673,.0273,.204,.554,.832,.0544,.1,.326,.325,.239,.728,.464,.586,.137,.286,.495,.571,.217,.512,.353,.622,.248,.472,.182,.482,.121,.283,0
2024,3,31,20,m,.0932,.419,.275,.512,.819,1.18,.465,.575,.459,.663,.324,.458,.76,.813,.328,.315,.721,.502,.69,1.67,.644,.755,.391,.505,.623,.619,.759,.89,.352,.668,.44,.623,.459,.722,.4,.53,0
2024,3,31,21,m,-.182,-.132,-.171,-.0824,-.236,-.084,.0102,.0141,.0419,.0435,-.0439,-.114,.327,.248,.139,.0868,.177,.182,.3,.135,.0554,-.0138,.05,.0356,.207,.159,.0513,-.0347,-.0613,-.0228,-.0976,-.034,.0231,-.0396,.0616,.00195,0
2024,3,31,22,m,-.0283,.128,.0673,.205,-.0462,.432,.0264,.0295,.333,.415,-.136,-.0896,.603,.606,.0872,.0377,.391,.211,-.233,.0607,.188,.0665,.0371,.0798,.164,-.0541,.251,.202,-.157,.0651,.0587,.178,.161,.247,.139,.176,0
2024,3,31,23,m,.269,.427,.355,.414,.865,.683,.65,.525,.359,.404,.0284,.0752,.434,.388,.555,.379,.461,.275,.481,.561,.429,.375,.475,.406,.873,.769,.0867,.327,-.0461,.0596,.314,.334,.228,.288,.344,.324,0
2024,3,31,24,m,.0582,.124,.0368,.157,-.0744,.0986,.216,.178,.354,.363,.132,.107,.683,.602,.222,.149,.421,.24,.546,.683,.161,.131,.2,.151,.456,.329,.346,.492,.0741,.107,.0938,.148,.269,.261,.25,.215,0
2024,3,31,25,m,.0445,.195,.178,.298,.806,.628,.41,.453,.407,.447,.0722,.393,.969,.774,.566,.404,.987,.605,.492,1.34,.865,.731,.403,.369,.903,.719,.624,.77,.112,.189,.337,.377,.172,.508,.313,.46,0
2024,3,31,26,m,.354,.622,.156,.401,.382,.872,.309,.429,.578,.777,.107,.299,.692,.845,.112,.133,.181,.2,-.00773,.348,.291,.368,.173,.27,.85,.917,-.0603,.224,.442,.602,.222,.415,.295,.538,.208,.328,0
2024,3,31,27,m,.148,.317,.324,.501,.227,.819,.501,.545,.652,.796,.383,.422,1.12,1.2,.335,.321,.502,.397,2.01,2.19,.436,.514,.485,.569,.808,.717,.531,.902,.743,.474,.448,.511,.68,.813,.545,.611,0
2024,3,31,28,m,.113,.207,.0444,.148,.451,.619,.21,.189,.352,.375,.113,.08,.611,.533,.269,.201,.0538,.0652,.426,.467,.205,.154,.248,.221,.386,.273,.467,.434,.095,.0405,.122,.165,.242,.254,.253,.232,0
2024,3,31,29,m,.0801,.115,-.0602,-.00395,.179,.124,.195,.144,.292,.271,.126,.0535,.562,.446,.395,.224,.773,.406,.0313,.268,.313,.253,.274,.204,.407,.312,.319,.327,-.139,-.119,.0394,.0431,.247,.205,.304,.213,0
2024,3,31,30,m,.171,.204,-.0351,.112,.14,.161,.0963,.0958,.418,.386,.167,.113,.691,.566,.103,.0772,.407,.225,.18,.662,.242,.165,.166,.155,.234,.117,.802,.677,-.357,-.276,-.0435,.03,.323,.294,.233,.206,0
2024,3,31,31,m,.273,.518,.0676,.282,.0978,.158,.301,.326,.666,.846,.102,.125,1.12,1.17,.295,.206,.291,.232,-.175,-.196,.298,.293,.337,.365,.739,.641,.596,1.17,.101,.0663,.14,.244,.368,.477,.333,.329,0
2024,3,31,32,m,.054,.153,.0367,.213,.254,.289,.0929,.0777,.23,.221,-.0283,-.0082,.318,.248,.36,.133,.0664,-.0567,.0226,.244,.218,.0142,.236,.168,.0616,.0243,-.0972,.0315,.0303,.158,.0892,.127,.107,.128,.191,.13,0
2024,3,31,33,m,.137,.325,.103,.264,.15,.346,.125,.172,.41,.467,-.107,.00724,.567,.533,.12,.144,.139,.104,-.363,-.058,.128,.0852,.166,.226,.293,.25,.278,.359,-.0224,.12,.0977,.185,.0754,.202,.0928,.18,0
2024,3,31,34,m,.112,.102,.219,.235,.231,.296,.25,.194,.38,.353,-.0177,.0194,.525,.485,.188,.177,.347,.128,.00482,.349,.195,.109,.266,.224,.515,.316,.219,.199,.127,.104,.219,.185,.176,.207,.179,.197,0
2024,3,31,35,m,-.0392,-.0167,.0171,.0507,.0554,.0584,.103,.0619,.236,.217,-.0396,-.0518,.406,.352,.123,.0679,.0398,.0127,.11,.313,.0814,-.0676,.172,.137,.251,.119,.0302,.0168,-.0155,-.00266,.0276,.0166,.138,.12,.133,.103,0
2024,3,31,36,m,.0753,.195,.0993,.211,.387,.305,.259,.226,.316,.348,.156,.151,.564,.483,.317,.208,.376,.256,.469,.764,.316,.235,.28,.263,.349,.229,.536,.485,.188,.279,.213,.241,.295,.328,.301,.282,0
2024,3,31,37,m,-.15,-.0949,.169,.253,-.214,-.0112,.116,.154,.305,.363,.135,.192,.644,.694,.148,.0258,.318,.0768,.572,.629,.1,.186,.0705,.0824,.241,.193,.203,.37,-.248,-.1,.0595,.129,.24,.316,.209,.197,0
2024,3,31,38,m,.372,.498,.129,.176,.405,.398,.275,.24,.592,.661,-.0216,-.0547,.783,.793,.158,.121,.157,.0363,.178,.206,.249,.129,.327,.33,.471,.381,.797,.672,.00477,.085,.138,.147,.433,.431,.324,.307,0
2024,3,31,39,m,.00988,.16,.203,.302,.317,.357,.273,.221,.307,.368,.108,.0813,.569,.525,.227,.159,.266,.131,.298,.485,.298,.115,.225,.234,.538,.342,.49,.312,.177,.161,.236,.22,.234,.248,.23,.213,0
2024,3,31,40,m,.0626,.27,.119,.395,.448,.44,.28,.349,.443,.602,.0917,.188,.778,.861,.159,.131,.373,.422,.345,.709,.505,.538,.209,.264,.534,.516,.151,.335,.313,.214,.266,.401,.291,.438,.233,.289,0
2024,3,31,41,m,-.0135,-.0201,-.0197,-.00119,-.0288,.0288,.0811,.0345,.182,.153,-.0302,-.078,.323,.273,.073,.041,.19,.126,.105,.117,.099,-.0292,.0901,.0611,.238,.116,.21,.106,-.0492,-.00284,.00972,.0121,.127,.0614,.107,.0538,0
2024,3,31,42,m,.0176,.163,-.0198,.0591,.0921,.104,.268,.219,.309,.362,.0167,.0239,.615,.535,.39,.255,.391,.244,-.439,-.4,.0727,.0857,.27,.241,.537,.368,.386,.556,-.184,-.263,.0161,.0212,.123,.147,.212,.186,0
2024,3,31,43,m,.165,.305,.0729,.233,.197,.367,.32,.291,.386,.452,.111,.0913,.538,.538,.166,.133,.46,.232,.327,.385,.333,.246,.243,.258,.698,.509,.225,.367,.372,.411,.232,.282,.311,.324,.249,.241,0
2024,3,31,44,m,-.0897,-.0746,.24,.343,.224,.805,.235,.276,.418,.39,.15,.133,1.24,1.09,.108,.115,.402,.343,.0199,.219,.475,.518,.0784,.21,.344,.38,.335,.563,.54,.568,.337,.444,.266,.263,.192,.194,0
2024,3,31,45,m,-.156,.173,.138,.332,.389,.868,.252,.322,.232,.57,.0823,.267,.494,.809,.142,.0956,.62,.275,.266,.465,.392,.488,.191,.282,.451,.35,.0585,.427,-.172,.0166,.203,.338,.158,.412,.156,.274,0
2024,3,31,46,m,.281,.318,.307,.494,.848,1.11,.51,.385,.629,.604,.378,.283,.875,.784,.634,.456,.442,.403,.531,.373,.261,.191,.466,.26,.631,.367,.211,.224,.176,.242,.347,.431,.546,.468,.58,.463,0
2024,3,31,47,m,.233,.27,.11,.162,.19,.205,.106,.0668,.377,.357,-.0558,-.0583,.457,.401,.047,.00495,.0454,-.0736,-.0604,.0955,.167,-.0575,.158,.142,.247,.108,.235,.29,-.146,-.039,.0751,.0611,.176,.175,.13,.115,0
2024,3,31,48,m,1.2,1.41,.0184,.194,-.223,-.0462,.29,.336,.973,1,.196,.21,.899,.875,.149,.162,.336,.193,.225,.356,.38,.366,.365,.405,.444,.473,1.03,1.67,-.0922,-.0353,.0368,.145,.797,.821,.506,.524,0
2024,3,31,49,m,.0735,.196,.0368,.125,.174,.509,.154,.117,.387,.388,-.0813,-.0518,.598,.498,.163,.1,.284,.188,.000451,.256,.0129,-.0413,.23,.179,.365,.192,-.0109,.115,.0704,-.00977,.0915,.116,.115,.152,.129,.134,0
2024,3,31,50,m,.0113,.117,.063,.117,.327,.396,.314,.259,.418,.439,.0843,.0627,.687,.624,.282,.2,.527,.356,.169,.247,.256,.124,.303,.261,.204,.117,.379,.448,-.319,-.284,.0727,.0773,.245,.237,.257,.224,0
2024,3,31,51,m,.0386,.167,.161,.249,.156,.418,.267,.218,.371,.478,.046,.0212,.623,.698,.418,.296,.293,.137,.335,.686,.448,.155,.374,.351,.448,.28,.0707,.357,.399,.208,.264,.223,.243,.309,.306,.304,0
2024,3,31,52,m,.0799,.177,-.0138,.163,.311,.469,.168,.187,.512,.529,-.0678,.00387,.755,.705,.202,.183,.0609,.0302,-.265,-.0993,.21,.149,.196,.219,.415,.336,.418,.41,.121,.197,.0871,.171,.166,.247,.18,.221,0
2024,3,31,53,m,-.236,-.057,.109,.318,-.0288,.274,.257,.335,.317,.487,-.0393,.119,.735,.836,.0895,.0613,.107,.0846,-.252,.0473,.458,.481,.152,.218,.751,.741,-.0465,.0972,.192,.257,.152,.292,.0637,.266,.0746,.167,0
2024,4,30,1,m,-.112,-.0236,-.152,-.0854,-.141,-.0756,-.0583,-.0291,.0503,.124,-.129,-.146,.19,.243,-.0377,-.0262,.0234,.00593,-.0466,.172,-.103,-.104,-.0293,.029,.0309,.0546,.11,.0914,-.196,-.149,-.132,-.0888,-.00511,.0351,-.0153,.0159,0
2024,4,30,2,m,.127,.384,.104,.15,.396,.393,.294,.302,.285,.479,.158,.127,.514,.592,.24,.165,.651,.548,.309,.524,.37,.366,.234,.276,.388,.347,.764,.804,.119,.166,.207,.236,.289,.393,.271,.297,0
2024,4,30,3,m,.0903,.298,.158,.183,.499,.395,.356,.336,.437,.577,.185,.219,.765,.796,.252,.149,.633,.575,.572,1.03,.183,.234,.275,.292,.487,.452,.727,.739,.247,.11,.264,.237,.434,.569,.362,.38,0
2024,4,30,4,m,.00716,.0886,.214,.199,.208,.138,.226,.178,.328,.358,.11,.0896,.62,.58,.157,.101,.202,.0981,.35,.733,.23,.162,.213,.236,.456,.257,.338,.323,.0496,.158,.182,.163,.255,.277,.215,.205,0
2024,4,30,5,m,.127,.256,.129,.163,.299,.355,.181,.191,.326,.377,.0356,.00676,.441,.44,.0734,.0471,.14,.108,.0432,.253,.183,.158,.177,.206,.327,.351,.352,.238,.0392,.142,.141,.168,.222,.224,.169,.16,0
2024,4,30,6,m,.0219,.0911,-.043,-.0238,-.0468,.013,.00998,.0064,.116,.14,-.104,-.128,.177,.168,.0344,-.0144,.0218,-.0314,-.0612,.149,-.0573,-.0959,.0359,.0559,.118,.115,.128,.0675,-.0821,-.0898,-.0432,-.0437,.0409,.0476,.0392,.0285,0
2024,4,30,7,m,-.0656,.0714,.0362,.0719,.158,.14,.181,.145,.205,.279,.127,.125,.469,.456,.12,.0754,.225,.11,.432,1.02,.2,.156,.177,.233,.354,.168,.0627,.194,-.0559,.0121,.0787,.0861,.189,.27,.166,.196,0
2024,4,30,8,m,-.128,-.0348,.00119,.0522,-.0922,.0302,.0441,.0103,.136,.151,-.145,-.141,.322,.263,.188,.0148,.0461,-.0338,-.0689,.227,.00243,-.00849,.162,.102,.122,.0476,.113,.0545,-.123,-.111,-.0269,-.00559,.0104,.0366,.0609,.0296,0
2024,4,30,9,m,.0291,.124,-.129,-.082,.0511,.0491,.057,.0486,.195,.224,-.0711,-.0815,.328,.297,.128,.0849,.309,.195,.126,.454,-.00715,-.0238,.132,.121,.167,.154,.0276,-.0359,-.14,-.127,-.0466,-.0362,.0744,.0991,.0919,.0941,0
2024,4,30,10,m,.0533,.123,.125,.163,.109,.159,.187,.162,.425,.467,.0175,.0184,.698,.705,.0583,.026,.182,.08,-.0509,.464,.141,.126,.172,.217,.342,.204,.183,.192,.147,.198,.139,.146,.246,.3,.172,.188,0
2024,4,30,11,m,-.821,-.803,.271,.317,.322,.403,.0198,.0443,-.51,-.47,.108,.146,1.43,1.37,.222,.127,.106,.119,.286,.536,.327,.313,-.179,-.15,.197,.12,.959,.996,.0523,.302,.219,.288,-.309,-.262,-.159,-.141,0
2024,4,30,12,m,-.0571,-.0306,-.00215,.0281,-.0702,.0106,.0898,.0712,.186,.181,-.0396,-.0843,.374,.337,.0648,-.00176,.267,.108,.0812,.348,-.021,-.084,.0931,.0802,.256,.246,.228,.0921,-.0154,.0167,.0157,.0179,.116,.088,.0988,.0578,0
2024,4,30,13,m,-.0568,.259,.381,.51,2.4,2.56,.381,.399,.321,.549,-.153,-.0479,.662,.751,.63,.557,.403,.337,-.615,-.404,.232,.222,.364,.451,.261,.222,.116,.408,.19,.255,.503,.571,-.0598,.161,.144,.3,0
2024,4,30,14,m,-.169,.248,.305,.454,1.54,1.97,.387,.494,.0833,.467,.0921,.116,.348,.65,.339,.261,.378,.434,.249,1.06,2.18,2.25,.233,.367,.432,.517,.381,.673,.155,.259,.679,.827,.138,.472,.222,.374,0
2024,4,30,15,m,.406,.701,1.45,1.61,3.37,3.77,.37,.427,.545,.813,-.0103,.127,.626,.873,-.0281,-.0782,1.26,.996,-.337,.104,1.38,1.29,.201,.245,.538,.558,.814,.915,4.31,4.16,1.83,1.83,.196,.494,.0953,.185,0
2024,4,30,16,m,.0286,.0751,.145,.169,.0715,.0965,.197,.189,.282,.301,.0132,.031,.537,.516,.362,.299,.122,.0974,.278,.782,.464,.366,.316,.343,.296,.211,.0917,.17,-.0595,.038,.142,.16,.148,.185,.229,.231,0
2024,4,30,17,m,-.0783,.143,.0479,.107,.11,.351,.13,.145,.137,.278,.0176,.0591,.376,.403,.192,.106,.165,.0817,.119,.798,.0565,.0771,.141,.182,.281,.238,.0319,.0188,.0736,.0585,.0769,.113,.087,.215,.123,.174,0
2024,4,30,19,m,.0194,.239,.205,.297,.368,.547,.266,.311,.398,.579,.139,.167,.62,.75,.0196,.00268,.386,.349,.284,.724,.551,.576,.153,.221,.539,.574,.227,.313,.472,.614,.339,.409,.294,.426,.158,.205,0
2024,4,30,20,m,.0963,.316,.367,.483,.81,.888,.528,.57,.509,.602,.431,.528,.841,.778,.289,.2,.817,.562,.532,2.1,.608,.757,.368,.423,.702,.681,.849,1.09,.572,.821,.525,.617,.571,.771,.447,.501,0
2024,4,30,21,m,-.145,-.11,-.131,-.0465,-.11,-.0952,.022,.0323,.0652,.0658,-.06,-.132,.324,.27,.0814,.0262,.159,.168,.147,.208,.0443,.014,.0549,.0376,.184,.239,-.0431,-.138,-.104,-.0763,-.0747,-.0301,.0135,-.0309,.0357,-.0121,0
2024,4,30,22,m,-.0415,.0655,.0548,.0949,.0942,.255,.0873,.04,.397,.431,-.0616,-.0467,.722,.675,.0637,.0281,.39,.279,-.177,.196,.113,.0351,.0928,.109,.193,-.00132,.599,.383,-.0206,.00118,.0921,.103,.258,.285,.194,.197,0
2024,4,30,23,m,-.0118,.26,.193,.248,.679,.515,.598,.457,.201,.318,.0953,.122,.394,.357,.455,.312,.559,.349,.162,.878,.379,.304,.401,.373,.748,.692,.199,.208,-.0784,-.0624,.227,.218,.184,.29,.278,.298,0
2024,4,30,24,m,.0848,.15,.0704,.0914,-.133,-.00337,.213,.195,.459,.451,.131,.124,.884,.752,.145,.131,.29,.265,.323,.89,.193,.124,.204,.184,.399,.395,.48,.396,.0988,.0218,.101,.0954,.309,.327,.243,.247,0
2024,4,30,25,m,-.00767,.34,.163,.216,.415,.411,.369,.452,.309,.544,.0684,.304,.824,.81,.455,.254,.911,.602,.714,1.29,.748,.747,.346,.339,.628,.825,.783,.646,.119,.189,.289,.318,.236,.56,.311,.419,0
2024,4,30,26,m,.226,.478,.194,.291,.584,.692,.322,.399,.544,.709,.0839,.335,.71,.81,.0787,.0309,.415,.289,-.0792,.6,.277,.348,.13,.227,.883,.916,.0699,.0981,.396,.423,.283,.339,.215,.549,.155,.281,0
2024,4,30,27,m,.036,.318,.365,.455,.178,1.06,.559,.595,.539,.831,.582,.646,1.02,1.26,.351,.316,.823,.452,2.14,3.58,.603,.764,.532,.603,.917,.799,.257,.636,.309,.266,.458,.527,.725,.982,.585,.709,0
2024,4,30,28,m,.0978,.238,.0462,.0518,.369,.599,.179,.19,.354,.429,.0788,.0737,.632,.608,.22,.127,.22,.16,.184,.74,.205,.167,.213,.218,.309,.349,.631,.374,-.0365,-.0913,.113,.11,.222,.293,.222,.226,0
2024,4,30,29,m,-.0437,.17,-.117,-.0718,.128,.154,.103,.128,.0904,.301,.0449,.0706,.252,.448,.182,.124,.784,.507,-.252,.336,.193,.269,.106,.189,.306,.329,.55,.199,-.152,-.156,-.000429,.0158,.11,.25,.136,.198,0
2024,4,30,30,m,.109,.206,-.0575,.0217,.305,.258,.114,.0922,.41,.386,.111,.102,.79,.563,.149,.0346,.438,.247,.108,.968,.22,.2,.174,.156,.246,.152,.137,.356,-.346,-.309,-.0323,-.00119,.287,.303,.231,.194,0
2024,4,30,31,m,.101,.287,.0987,.189,.0161,-.0117,.259,.276,.51,.671,.106,.135,.963,1.05,.135,.0942,.295,.267,-.178,.0557,.265,.218,.228,.279,.65,.62,.338,.927,.287,.0425,.164,.167,.254,.431,.196,.247,0
2024,4,30,32,m,.072,.18,.0911,.168,.183,.164,.0846,.0904,.238,.249,-.0818,.0278,.32,.277,.401,.0402,.00265,-.0524,.0337,.637,.194,.0867,.276,.168,.0368,.08,-.222,-.0963,.0333,.13,.0913,.107,.0572,.176,.162,.13,0
2024,4,30,33,m,.202,.311,.167,.212,.271,.294,.182,.212,.473,.472,-.0633,.000702,.623,.546,.0822,.0824,.308,.221,-.302,.02,.206,.0972,.19,.229,.355,.386,.248,.175,.0228,.187,.181,.196,.122,.209,.109,.161,0
2024,4,30,34,m,-.0721,.0393,.0969,.158,.0882,.326,.21,.223,.291,.344,.0456,.0143,.512,.506,.0933,.124,.332,.168,.0156,.416,.13,.133,.178,.237,.483,.44,.192,.127,.297,.163,.161,.171,.164,.211,.141,.183,0
2024,4,30,35,m,-.0729,-.0387,-.0236,.00416,.000861,.0139,.0835,.0686,.207,.221,-.062,-.0933,.376,.37,.0656,.0122,.071,.0442,-.00889,.361,.0471,-.00799,.135,.135,.228,.201,-.131,-.145,-.0473,-.069,-.00124,-.00541,.0986,.103,.088,.0734,0
2024,4,30,36,m,.0715,.242,.116,.197,.229,.221,.255,.236,.304,.378,.197,.16,.549,.499,.27,.16,.302,.259,.455,.964,.258,.256,.27,.266,.321,.27,.298,.287,.178,.245,.188,.227,.321,.378,.301,.296,0
2024,4,30,37,m,-.239,-.104,.159,.171,-.064,-.064,.109,.19,.234,.352,.0275,.211,.616,.682,.108,-.00785,.347,.23,.199,1.06,.0276,.171,-.000439,.0622,.245,.268,.281,.204,-.222,-.128,.071,.104,.129,.378,.127,.22,0
2024,4,30,38,m,.321,.523,.139,.105,.425,.275,.275,.235,.625,.746,.00515,-.0452,.9,.925,.168,.117,.0933,.0489,.0414,.166,.234,.151,.328,.355,.446,.365,1.27,.757,.00982,.0798,.131,.113,.468,.488,.35,.339,0
2024,4,30,39,m,-.039,.136,.122,.24,.148,.281,.238,.221,.298,.376,.0898,.0855,.602,.558,.184,.0969,.38,.214,.229,.715,.236,.12,.211,.221,.461,.405,.243,.215,.129,.081,.186,.191,.214,.28,.2,.206,0
2024,4,30,40,m,.0592,.276,.233,.316,.314,.267,.268,.341,.404,.611,.0712,.24,.696,.873,.0978,.0617,.641,.608,.143,1.19,.473,.603,.153,.237,.478,.533,.102,.183,.35,.13,.353,.369,.262,.511,.193,.293,0
2024,4,30,41,m,-.103,-.0685,-.0243,-.00267,-.0764,.0294,.0628,.0434,.16,.135,-.0117,-.0839,.365,.276,.0342,-.00687,.155,.102,.00266,.178,.0876,.0245,.0626,.0532,.191,.181,.165,.0359,-.0553,-.0506,-.00215,.00595,.111,.0603,.0823,.0354,0
2024,4,30,42,m,.0482,.162,.0213,-.0262,-.0245,-.0623,.256,.212,.333,.38,-.0323,.109,.617,.571,.273,.158,.345,.301,-.438,-.16,.0663,.0569,.233,.221,.454,.419,.419,.567,-.131,-.337,.0348,-.0475,.0785,.22,.14,.198,0
2024,4,30,43,m,.201,.286,.103,.156,.125,.169,.303,.305,.421,.463,.103,.0892,.562,.566,.195,.124,.424,.355,.387,.394,.381,.344,.261,.281,.57,.53,.363,.313,.441,.498,.26,.283,.312,.338,.262,.245,0
2024,4,30,44,m,-.163,-.103,.214,.251,.178,.433,.2,.25,.31,.358,.203,.0913,1.07,1.05,.0865,.0791,.14,.245,.197,.078,.467,.558,.123,.194,.259,.374,.603,.357,.518,.588,.282,.36,.244,.183,.17,.135,0
2024,4,30,45,m,-.0462,.0894,.188,.31,.343,.603,.275,.315,.457,.559,.109,.222,.787,.843,.0817,.0586,.344,.381,.329,.825,.297,.378,.199,.24,.431,.413,.00325,.198,.111,.0841,.232,.316,.272,.419,.197,.262,0
2024,4,30,46,m,.345,.362,.199,.406,.804,1.02,.532,.431,.584,.579,.525,.481,.741,.714,.549,.381,.602,.617,.53,.756,.25,.26,.476,.264,.583,.426,.374,.606,.394,.257,.354,.431,.599,.59,.584,.51,0
2024,4,30,47,m,.0461,.172,.0515,.118,.163,.118,.0694,.0909,.268,.328,-.077,-.0719,.396,.407,.000798,-.0275,.137,.0679,-.184,.158,.0464,-.0364,.0864,.138,.224,.196,.0389,.0911,-.0567,-.00254,.0551,.0634,.0989,.167,.0646,.098,0
2024,4,30,48,m,1.26,1.32,.055,.111,-.233,-.199,.312,.326,.977,.925,.263,.203,.885,.803,.0524,.0367,.199,.227,.31,.439,.372,.31,.325,.342,.473,.6,1.15,1.94,-.00187,-.049,.0679,.0826,.851,.816,.49,.465,0
2024,4,30,49,m,-.00939,.129,.0033,.0427,.144,.236,.0992,.129,.346,.403,-.0631,.0148,.58,.561,.0693,.0647,.203,.213,-.0921,.574,-.0319,-.0217,.164,.196,.248,.253,.376,.302,-.0418,-.104,.0335,.0461,.125,.235,.106,.177,0
2024,4,30,50,m,.0254,.172,.0742,.0994,.24,.381,.334,.312,.428,.46,.17,.199,.706,.625,.412,.136,.472,.411,.316,.689,.197,.159,.333,.271,.159,.219,.479,.491,-.319,-.319,.0628,.0732,.316,.355,.342,.279,0
2024,4,30,51,m,-.0263,.176,.153,.206,.29,.431,.262,.228,.365,.52,.134,.139,.683,.762,.269,.153,.364,.15,.602,1.54,.439,.264,.272,.274,.313,.345,.077,.34,.196,.0976,.253,.208,.298,.437,.286,.323,0
2024,4,30,52,m,.123,.239,.0181,.106,.191,.359,.148,.209,.481,.538,-.0182,.0591,.678,.688,.129,.104,.141,.155,-.161,.136,.203,.23,.157,.215,.36,.416,.543,.518,.0345,.136,.0875,.164,.214,.309,.183,.227,0
2024,4,30,53,m,-.196,-.0985,.092,.224,.0877,.199,.219,.3,.3,.421,-.0876,.107,.633,.754,.0166,-.0172,.0928,.107,-.345,.191,.293,.415,.105,.174,.647,.699,-.037,.0697,.376,.469,.152,.258,.000691,.241,.0071,.116,0
2024,5,31,1,m,-.107,.0629,-.149,-.0276,-.0854,-.062,-.0571,-.0223,.0505,.185,-.119,-.111,.193,.284,-.0108,.0134,.0373,.00567,-.0023,.216,-.0704,-.0532,-.0188,.0765,-.00047,-.0347,.191,.244,-.204,-.123,-.122,-.0497,-.000261,.0951,-.00369,.0694,0
2024,5,31,2,m,.165,.519,.125,.212,.458,.407,.309,.338,.314,.609,.105,.16,.527,.718,.298,.227,.721,.623,.2,.725,.379,.44,.273,.367,.395,.293,.65,.971,.179,.217,.245,.293,.271,.499,.283,.384,0
2024,5,31,3,m,.198,.447,.176,.272,.533,.48,.334,.36,.434,.673,.218,.337,.635,.85,.29,.218,.518,.491,.477,1.35,.189,.367,.265,.358,.44,.362,.624,.954,.145,.0807,.242,.289,.424,.707,.374,.487,0
2024,5,31,4,m,-.00393,.155,.176,.304,.257,.205,.179,.182,.285,.422,.0433,.0782,.544,.642,.166,.155,.133,.018,.421,.823,.151,.22,.192,.276,.366,.188,.089,.204,.0345,.18,.146,.211,.205,.311,.189,.247,0
2024,5,31,5,m,.183,.36,.114,.272,.365,.346,.186,.197,.355,.452,.03,.0457,.454,.499,.13,.111,.165,.0952,.072,.281,.154,.198,.194,.252,.327,.246,.405,.445,.0369,.194,.139,.221,.238,.294,.2,.228,0
2024,5,31,6,m,.0716,.227,-.0301,.0349,-.0172,-.0351,.0273,.0204,.113,.214,-.083,-.0834,.143,.206,.0696,.0409,.0732,-.0359,.0409,.255,.0016,-.0389,.0377,.107,.155,.0492,.109,.171,-.104,-.0957,-.0241,-.0189,.0569,.121,.0609,.0962,0
2024,5,31,7,m,-.0296,.179,.00332,.151,.23,.239,.122,.144,.196,.379,.0251,.107,.406,.55,.0766,.117,.0285,.0199,.334,.935,.143,.201,.147,.287,.248,.0738,.0971,.46,-.0318,.0681,.0415,.131,.131,.32,.113,.242,0
2024,5,31,8,m,-.0257,.0794,.0484,.146,.00834,.0487,.0335,.0217,.189,.229,-.14,-.107,.335,.32,.222,.0599,.00204,-.066,-.00595,.233,.0116,.0448,.146,.139,.0932,.00833,.0525,.177,-.137,-.113,-.00315,.0349,.0338,.0943,.0867,.0832,0
2024,5,31,9,m,-.0386,.142,-.138,-.0566,-.0398,-.0435,.0512,.0613,.152,.268,-.0556,.00982,.308,.36,.136,.16,.392,.24,.136,.711,-.0414,-.0218,.102,.175,.155,.0662,-.0221,.126,-.116,-.115,-.0525,-.0281,.0581,.179,.0831,.172,0
2024,5,31,10,m,.0671,.216,.107,.278,.353,.321,.162,.175,.383,.535,-.0406,.0176,.612,.755,.0973,.092,.211,.0805,-.0581,.415,.0966,.151,.168,.262,.297,.143,.0921,.248,.0987,.234,.14,.215,.192,.322,.155,.228,0
2024,5,31,11,m,-.842,-.8,.234,.41,.229,.423,.0117,.0592,-.567,-.462,.0685,.172,1.19,1.41,.192,.143,.224,.137,.272,.606,.249,.353,-.246,-.138,.192,.0885,.786,1.02,.13,.321,.218,.341,-.376,-.247,-.224,-.125,0
2024,5,31,12,m,-.0439,.101,.0242,.0851,-.133,-.0339,.077,.0701,.203,.288,-.0521,-.0443,.41,.426,.118,.0714,.204,.0963,.14,.416,-.0559,-.0798,.113,.159,.199,.0967,.216,.286,-.0493,.0209,.000738,.0369,.118,.177,.118,.142,0
2024,5,31,13,m,.0328,.299,.366,.548,2.5,2.68,.383,.444,.378,.599,-.267,-.0278,.66,.807,.576,.608,.447,.38,-.737,-.384,.205,.261,.33,.498,.312,.223,.161,.453,.292,.296,.515,.616,-.161,.199,.0441,.341,0
2024,5,31,14,m,-.0882,.342,.301,.534,1.39,1.74,.38,.514,.118,.56,.0866,.132,.312,.744,.364,.344,.319,.359,.157,1.23,2.16,2.45,.251,.444,.417,.454,.287,.84,.139,.262,.654,.865,.143,.548,.236,.453,0
2024,5,31,15,m,.4,.723,1.32,1.64,2.87,3.83,.368,.445,.554,.837,-.0257,.141,.647,.898,-.0792,-.0663,1.2,1.02,-.419,.118,1.1,1.32,.172,.261,.646,.578,.808,.939,4.47,4.23,1.66,1.87,.186,.513,.062,.2,0
2024,5,31,16,m,-.0658,.096,.109,.258,.00446,.118,.162,.212,.164,.327,-.0156,.0453,.396,.546,.311,.324,.163,.139,.27,.71,.331,.388,.245,.373,.289,.193,-.0154,.192,-.0994,.0582,.0999,.213,.0734,.197,.162,.248,0
2024,5,31,17,m,-.0373,.193,.0408,.155,.199,.358,.119,.148,.175,.364,-.0178,.0552,.395,.521,.176,.162,.204,.0972,.0583,.685,.00539,.109,.138,.241,.219,.114,-.0131,.0936,.0937,.0803,.0814,.145,.091,.266,.121,.227,0
2024,5,31,19,m,.12,.321,.274,.439,.536,.771,.301,.368,.477,.686,.152,.196,.668,.869,.0897,.097,.431,.337,.319,.729,.655,.739,.218,.319,.534,.549,.238,.457,.413,.578,.401,.511,.349,.498,.22,.289,0
2024,5,31,20,m,.258,.52,.333,.596,.902,1.2,.53,.634,.585,.757,.373,.557,.831,.904,.288,.279,.67,.678,.256,1.93,.623,.905,.379,.519,.777,.684,.62,.988,.684,.872,.518,.742,.548,.849,.433,.579,0
2024,5,31,21,m,-.135,-.00972,-.186,-.0261,-.176,-.146,-.00424,.0154,.0615,.135,-.0328,-.0915,.314,.303,.126,.059,.191,.171,.29,.259,-.0147,.0141,.0509,.082,.173,.105,-.0134,-.0122,-.14,-.0823,-.12,-.0279,.0277,.0262,.0588,.037,0
2024,5,31,22,m,.00738,.196,.0929,.214,.0641,.299,.096,.072,.392,.516,-.0668,-.0314,.678,.729,.0789,.0803,.458,.206,-.158,.202,.0845,.163,.0749,.155,.227,-.0239,.344,.41,.0208,.11,.116,.193,.223,.334,.177,.247,0
2024,5,31,23,m,.146,.428,.284,.375,.923,.764,.648,.522,.255,.437,.143,.165,.343,.444,.441,.351,.441,.365,.193,.986,.432,.426,.397,.446,.764,.698,.534,.68,-.0789,.0114,.28,.33,.239,.396,.31,.378,0
2024,5,31,24,m,.0264,.2,.0794,.171,-.0525,.065,.188,.198,.34,.48,.0995,.151,.692,.76,.103,.193,.385,.273,.264,1.07,.113,.156,.143,.234,.361,.261,.336,.466,.171,.109,.126,.159,.229,.355,.178,.289,0
2024,5,31,25,m,.129,.587,.213,.344,.421,.487,.349,.485,.434,.758,.138,.342,.927,.98,.509,.35,.547,.694,1.06,1.75,.438,.825,.358,.477,.635,.665,.866,.99,.0241,.198,.237,.405,.392,.716,.431,.548,0
2024,5,31,26,m,.401,.619,.156,.375,.612,.921,.324,.432,.539,.825,.138,.362,.594,.915,.144,.119,.514,.319,-.0567,.547,.29,.404,.16,.292,.834,.842,.161,.229,.315,.513,.267,.42,.254,.608,.206,.355,0
2024,5,31,27,m,.167,.381,.291,.475,.406,1.1,.527,.615,.604,.919,.593,.683,.966,1.37,.334,.372,.474,.232,2.31,3.98,.534,.809,.463,.668,.886,.715,.52,1.01,.341,.464,.398,.547,.836,1.09,.641,.795,0
2024,5,31,28,m,.0723,.299,.0284,.122,.458,.491,.164,.206,.283,.472,.0825,.188,.505,.634,.227,.189,.194,.174,.28,1.45,.222,.236,.184,.278,.274,.221,.509,.569,-.0262,-.0388,.112,.152,.199,.418,.21,.325,0
2024,5,31,29,m,.00678,.32,-.0898,.00727,.147,.159,.105,.179,.147,.459,-.00498,.0947,.318,.615,.265,.211,.97,.606,-.268,.397,.188,.332,.144,.291,.3,.306,.477,.474,-.179,-.098,.0108,.0831,.137,.357,.182,.297,0
2024,5,31,30,m,.205,.358,-.0246,.127,.21,.243,.127,.133,.428,.492,.175,.106,.692,.623,.102,.116,.567,.265,.104,.739,.257,.346,.154,.224,.2,.092,.593,.694,-.287,-.28,.00859,.0715,.367,.341,.258,.249,0
2024,5,31,31,m,.175,.411,.0433,.229,-.0309,-.0869,.262,.314,.569,.784,-.0113,.214,1,1.16,.265,.181,.236,.247,-.31,.412,.367,.307,.287,.363,.74,.609,.504,1.14,.117,.0365,.128,.196,.178,.577,.221,.361,0
2024,5,31,32,m,.0481,.186,.0722,.223,.172,.149,.0461,.0827,.2,.264,.0125,.0272,.273,.296,.54,.115,.0876,-.107,.042,.581,.138,.0762,.3,.194,.104,.0145,.0648,.19,.0901,.143,.1,.117,.132,.204,.255,.174,0
2024,5,31,33,m,.2,.386,.0991,.312,.135,.191,.144,.193,.425,.522,-.12,.00793,.548,.586,.128,.139,.309,.204,-.315,-.0148,.177,.173,.187,.283,.325,.241,.237,.352,-.111,.121,.11,.224,.0702,.229,.0926,.194,0
2024,5,31,34,m,.0335,.136,.131,.238,.141,.295,.218,.221,.355,.427,.0571,.0553,.541,.581,.131,.163,.325,.2,.194,.498,.164,.207,.208,.283,.463,.315,.227,.21,.178,.103,.171,.212,.244,.298,.208,.255,0
2024,5,31,35,m,-.0407,.0377,-.0156,.109,-.0103,-.00303,.0825,.0889,.215,.296,-.028,-.0182,.365,.444,.105,.0909,.0133,-.00923,.136,.493,.0132,-.00236,.147,.209,.206,.105,-.0418,.0605,-.022,-.0233,-.00749,.0369,.116,.187,.112,.156,0
2024,5,31,36,m,.0716,.266,.134,.285,.286,.252,.229,.247,.298,.462,.108,.153,.517,.636,.278,.217,.37,.281,.189,.785,.233,.317,.235,.318,.3,.203,.252,.416,.0662,.251,.184,.282,.251,.401,.257,.332,0
2024,5,31,37,m,-.114,-.0188,.134,.238,-.0393,.0753,.15,.211,.314,.441,.0778,.233,.629,.774,.198,.0756,.479,.278,.265,1.02,.144,.313,.0582,.132,.236,.151,.16,.166,-.0847,.0176,.125,.202,.201,.423,.206,.28,0
2024,5,31,38,m,.28,.685,.1,.21,.413,.26,.25,.267,.574,.863,-.0217,-.014,.858,1.01,.174,.148,.0762,.0356,.0923,.195,.18,.197,.329,.427,.357,.329,1.04,.851,-.036,.0481,.0969,.149,.447,.572,.341,.402,0
2024,5,31,39,m,.00187,.244,.189,.353,.22,.372,.237,.253,.277,.464,.0677,.119,.514,.629,.183,.179,.323,.188,.2,.684,.14,.182,.194,.292,.466,.337,.311,.367,.114,.141,.194,.259,.193,.341,.187,.276,0
2024,5,31,40,m,.151,.382,.204,.386,.478,.399,.279,.386,.488,.708,.0807,.398,.771,.961,.186,.161,.536,.48,.239,1.8,.297,.539,.205,.314,.538,.505,.0103,.382,.302,.122,.302,.387,.291,.69,.251,.433,0
2024,5,31,41,m,-.0765,.0462,-.0036,.0639,-.0873,-.0114,.0537,.0541,.156,.232,-.0513,-.0671,.338,.36,.048,.0492,.147,.111,.0969,.235,.0501,.0508,.0597,.125,.174,.078,.0539,.202,-.0518,-.00819,.00101,.0443,.0985,.133,.0796,.102,0
2024,5,31,42,m,.0436,.183,-.00445,-.00166,.0806,.0268,.251,.262,.328,.446,-.128,.275,.596,.675,.327,.251,.356,.332,-.467,.339,.0875,.0967,.228,.304,.47,.385,.419,.699,-.152,-.361,.0377,-.0227,-.00934,.377,.085,.332,0
2024,5,31,43,m,.201,.405,.101,.261,.184,.248,.278,.306,.396,.556,.0512,.0955,.524,.645,.167,.144,.46,.309,.352,.419,.287,.368,.228,.306,.577,.448,.244,.463,.389,.459,.242,.322,.281,.4,.233,.289,0
2024,5,31,44,m,-.0803,-.013,.182,.338,.0349,.428,.175,.251,.35,.471,.163,.0815,.978,1.19,.114,.0935,.349,.335,.185,.0956,.416,.43,.153,.21,.214,.378,.736,.846,.497,.574,.264,.391,.285,.229,.205,.166,0
2024,5,31,45,m,-.0407,.124,.15,.403,.213,.784,.278,.337,.401,.574,.16,.297,.681,.846,.136,.111,.297,.288,.446,.92,.415,.488,.217,.288,.383,.302,.412,.613,.237,.218,.238,.399,.281,.469,.226,.313,0
2024,5,31,46,m,.499,.62,.266,.531,.721,1.1,.456,.485,.634,.796,.386,.55,.712,.907,.59,.516,.75,.587,.272,1.38,.233,.315,.335,.395,.601,.374,.0873,.372,.432,.369,.392,.516,.509,.762,.542,.669,0
2024,5,31,47,m,.059,.246,.0611,.183,.0836,.107,.0637,.0732,.298,.399,-.0848,-.0411,.441,.477,.00374,-.0158,.0713,-.0341,-.119,.21,.0663,.03,.0912,.173,.182,.0573,.0144,.169,-.055,.00057,.048,.0887,.115,.225,.0768,.14,0
2024,5,31,48,m,1.34,1.59,.0817,.234,-.318,-.201,.349,.37,1.07,1.1,.318,.226,.98,.945,.189,.158,.537,.308,.394,.438,.341,.335,.406,.47,.486,.496,1.54,2,-.109,-.0703,.0662,.148,.981,.953,.626,.595,0
2024,5,31,49,m,.0401,.226,-.0348,.129,-.0987,.14,.0608,.133,.299,.412,-.0925,.0376,.466,.519,.104,.137,.208,.191,-.0923,.579,-.0471,.0684,.129,.241,.206,.165,.305,.333,-.101,-.147,-.021,.0734,.0836,.247,.0887,.209,0
2024,5,31,50,m,.0539,.225,.0836,.176,.133,.242,.323,.338,.405,.491,.134,.279,.639,.644,.467,.231,.547,.367,.416,1.08,.158,.189,.3,.336,.211,.164,.325,.561,-.288,-.296,.0625,.0916,.282,.438,.332,.367,0
2024,5,31,51,m,.004,.261,.233,.292,.345,.459,.267,.251,.339,.555,.0269,.126,.61,.762,.251,.222,.321,.152,.267,1.16,.356,.326,.262,.342,.396,.332,.0575,.364,.269,.0759,.289,.253,.204,.434,.219,.349,0
2024,5,31,52,m,.0988,.27,.0275,.227,.402,.435,.166,.239,.507,.607,-.0332,.141,.739,.776,.207,.195,.198,.119,-.109,.545,.239,.277,.207,.303,.319,.299,.398,.511,.0213,.045,.123,.205,.177,.403,.189,.32,0
2024,5,31,53,m,-.232,-.14,.0881,.31,.0831,.323,.258,.351,.34,.474,-.0504,.134,.719,.867,.0807,.0553,.121,.0562,-.272,.186,.586,.686,.154,.237,.701,.708,.0163,.201,.107,.311,.163,.324,.0435,.282,.0591,.172,0
2024,6,30,1,m,-.161,-.00939,-.167,-.0147,-.0784,-.0515,-.0643,-.0489,.0177,.149,-.131,-.145,.177,.277,-.0325,-.0165,.0217,-.0862,-.0391,.201,-.0545,-.0672,-.0306,.0387,.0295,-.0497,.234,.233,-.228,-.163,-.134,-.0635,-.0168,.0581,-.0218,.0347,0
2024,6,30,2,m,.0975,.403,.0688,.224,.48,.335,.268,.279,.258,.524,.0969,.104,.482,.669,.267,.193,.628,.386,.245,.67,.365,.441,.251,.314,.369,.245,.806,.902,.128,.125,.194,.246,.24,.416,.252,.322,0
2024,6,30,3,m,.0819,.327,.153,.281,.584,.478,.319,.303,.385,.594,.18,.232,.66,.804,.299,.215,.583,.347,.289,.932,.19,.285,.279,.327,.417,.302,.869,.926,.158,.051,.24,.259,.372,.574,.345,.412,0
2024,6,30,4,m,.0296,.124,.145,.34,.354,.296,.21,.166,.318,.378,.0813,.0427,.576,.586,.165,.125,.201,.00754,.334,.585,.215,.227,.211,.232,.447,.185,.396,.376,.0357,.171,.16,.231,.253,.262,.217,.206,0
2024,6,30,5,m,.0679,.203,.0662,.294,.362,.342,.17,.15,.292,.338,-.0143,-.0494,.424,.408,.113,.0738,.146,.0149,.0163,.134,.189,.211,.167,.181,.367,.221,.233,.234,.0382,.157,.123,.21,.182,.164,.158,.132,0
2024,6,30,6,m,.0232,.111,-.0536,.05,.0177,.044,.0192,-.0124,.101,.163,-.112,-.132,.15,.193,.0449,.00169,.0677,-.1,-.0493,.185,.0193,-.043,.0266,.0494,.176,.0256,.181,.148,-.135,-.137,-.0341,-.0212,.0319,.0714,.036,.0499,0
2024,6,30,7,m,-.0974,.0421,-.00757,.181,.329,.182,.122,.114,.129,.254,.0171,.0514,.335,.436,.0568,.11,.195,-.0224,.118,.705,.253,.226,.128,.219,.288,.0922,.298,.412,-.0404,.0432,.0763,.131,.0885,.208,.0777,.17,0
2024,6,30,8,m,-.111,-.0525,-.000718,.157,.0701,.0844,.0346,-.00869,.125,.128,-.18,-.174,.283,.238,.206,.0376,-.0267,-.109,-.0336,.143,.0189,.0384,.167,.106,.117,-.0265,.0165,.0691,-.0939,-.124,-.00682,.0333,-.0151,.00701,.0483,.0168,0
2024,6,30,9,m,-.0751,.04,-.137,-.0458,.00756,-.0787,.0373,.0124,.146,.203,-.105,-.0597,.326,.323,.0561,.137,.337,.0921,.0972,.546,.0295,-.0119,.0665,.125,.166,.0293,-.038,.061,-.16,-.182,-.0541,-.0575,.0363,.103,.0435,.115,0
2024,6,30,10,m,.0151,.0873,.0546,.275,.244,.235,.146,.121,.348,.405,-.0572,-.0385,.588,.624,.0793,.0583,.142,-.0424,-.0857,.346,.136,.158,.142,.191,.359,.114,.027,.13,.0147,.117,.0901,.164,.155,.221,.125,.155,0
2024,6,30,11,m,-.822,-.806,.166,.368,.362,.381,.0366,.0283,-.516,-.478,.11,.138,1.28,1.34,.175,.11,.344,.103,.249,.559,.237,.313,-.191,-.163,.183,.0568,.832,.965,.115,.282,.211,.302,-.313,-.269,-.172,-.151,0
2024,6,30,12,m,-.0715,.0379,-.0201,.124,.0716,-.0181,.0726,.0372,.175,.237,-.0862,-.0934,.377,.383,.094,.0227,.241,.0197,.0389,.35,.00113,-.0422,.0889,.0997,.249,.0647,.213,.285,-.0837,-.0308,.00673,.0399,.0854,.121,.0875,.0878,0
2024,6,30,13,m,.0736,.262,.306,.502,2.26,2.57,.388,.402,.336,.553,-.221,-.0561,.522,.755,.5,.561,.642,.34,-.682,-.402,.263,.224,.324,.454,.32,.187,.114,.411,.298,.258,.509,.569,-.105,.164,.0774,.302,0
2024,6,30,14,m,-.118,.244,.22,.598,1.19,1.69,.358,.453,.119,.486,.0476,.0594,.344,.69,.375,.331,.242,.249,.142,1.06,2.12,2.26,.251,.392,.442,.385,.378,.727,.0797,.157,.561,.819,.133,.462,.235,.401,0
2024,6,30,15,m,.488,.694,1.33,1.68,3.75,3.92,.31,.349,.554,.701,-.0578,.0497,.595,.705,-.0752,-.0906,1.33,.793,-.479,-.208,.997,1.2,.167,.189,.541,.442,.494,1.16,4.47,4.37,1.72,1.84,.125,.343,.0298,.109,0
2024,6,30,16,m,-.0619,.064,.0287,.221,.0656,.0852,.163,.176,.184,.288,-.00185,.0148,.439,.501,.304,.285,.226,.106,.235,.66,.34,.347,.254,.333,.332,.158,-.0114,.158,-.112,.0273,.0748,.178,.0962,.162,.176,.211,0
2024,6,30,17,m,-.0301,.0987,.0229,.176,.302,.25,.131,.105,.178,.273,-.00723,-.00192,.388,.432,.158,.127,.168,.00869,.155,.546,.113,.158,.15,.175,.277,.0998,-.00173,.0835,.0565,.00945,.0877,.127,.103,.175,.123,.157,0
2024,6,30,19,m,.119,.261,.218,.434,.353,.606,.296,.312,.517,.614,.143,.134,.742,.792,.101,.08,.378,.225,.334,.611,.79,.711,.228,.263,.555,.5,.277,.392,.428,.528,.365,.464,.371,.418,.234,.241,0
2024,6,30,20,m,.135,.208,.258,.563,.786,1.03,.523,.544,.639,.607,.398,.491,1.01,.854,.298,.259,.968,.508,.506,1.99,.582,.755,.408,.443,.775,.579,1.11,1.32,.631,.668,.481,.638,.656,.76,.493,.523,0
2024,6,30,21,m,-.14,-.0713,-.196,-.0132,-.0269,-.196,.00149,-.014,.0583,.0811,-.06,-.128,.31,.258,.104,.0369,.217,.112,.0548,.194,.0235,-.0255,.0513,.0406,.187,.0667,.0601,.0474,-.167,-.111,-.115,-.0453,.000499,-.0194,.0337,-.000914,0
2024,6,30,22,m,-.139,.00246,.0295,.271,.0341,.373,.0661,.033,.3,.353,-.0998,-.101,.641,.587,.0195,.0433,.293,.0243,-.259,.112,.222,.236,.0512,.0929,.258,-.057,.358,.348,-.128,.0317,.0577,.2,.147,.203,.104,.148,0
2024,6,30,23,m,.188,.328,.339,.4,.732,.449,.699,.46,.348,.372,.107,.0747,.479,.403,.612,.354,.461,.227,.0785,.856,.341,.364,.504,.393,.982,.647,.477,.516,-.0626,-.0119,.283,.289,.26,.323,.38,.335,0
2024,6,30,24,m,-.077,.0205,.041,.188,-.0119,-.0513,.206,.139,.281,.355,.0593,.0562,.671,.69,.058,.16,.353,.157,.312,.928,.21,.171,.164,.151,.49,.22,.318,.473,.105,.0616,.11,.132,.185,.236,.133,.205,0
2024,6,30,25,m,-.0151,.362,.182,.334,.316,.248,.458,.444,.325,.63,.307,.266,.861,.979,.521,.397,.977,.563,1.18,1.55,.74,.921,.397,.435,.955,.695,.781,.743,.0161,.0845,.266,.35,.429,.598,.464,.506,0
2024,6,30,26,m,.258,.443,.148,.39,.509,.776,.309,.38,.47,.676,.0915,.289,.563,.777,.13,.0977,.376,.166,-.155,.397,.246,.41,.148,.24,.855,.775,.112,.225,.43,.455,.243,.391,.185,.49,.161,.287,0
2024,6,30,27,m,-.0164,.149,.282,.55,.423,.886,.507,.494,.499,.711,.4,.364,.955,1.19,.343,.332,.991,.322,1.2,1.77,.458,.662,.509,.588,.894,.598,.329,.776,.388,.226,.457,.513,.636,.678,.518,.536,0
2024,6,30,28,m,.0466,.23,.0101,.135,.42,.363,.185,.185,.272,.429,.015,.0941,.505,.616,.261,.199,.218,.0665,.291,1.16,.259,.258,.209,.259,.404,.267,.322,.383,.0297,-.0389,.116,.135,.15,.318,.191,.27,0
2024,6,30,29,m,.017,.232,-.0981,.0358,.188,.121,.121,.137,.174,.389,.0273,.0407,.362,.564,.242,.171,.688,.382,-.0994,.446,.277,.32,.175,.241,.315,.238,.478,.369,-.159,-.121,.00765,.0668,.157,.277,.188,.233,0
2024,6,30,30,m,-.0258,.147,-.0627,.144,.13,.182,.0961,.0809,.306,.362,.136,.054,.744,.574,.124,.0834,.541,.115,.0874,.69,.333,.308,.143,.152,.232,.0598,.665,.727,-.349,-.316,-.0343,.0438,.25,.238,.198,.175,0
2024,6,30,31,m,.034,.21,.0408,.222,.157,-.0278,.27,.246,.51,.653,.0135,.114,1.05,1.09,.209,.128,.343,.0917,-.289,.184,.284,.193,.249,.29,.735,.518,.735,1.02,.285,-.0145,.151,.154,.187,.424,.2,.263,0
2024,6,30,32,m,-.0636,.0695,.0376,.247,.364,.189,.0156,.0398,.202,.207,.00779,-.025,.34,.263,.491,.0492,.142,-.136,-.0478,.328,.263,.0828,.268,.129,.105,-.0482,.089,.0801,-.0057,.102,.108,.119,.12,.115,.235,.0924,0
2024,6,30,33,m,.135,.271,.0609,.36,.136,.177,.12,.156,.396,.437,-.156,-.044,.538,.515,.0741,.0944,.261,.136,-.418,-.0688,.262,.207,.145,.204,.357,.22,.231,.25,-.131,.0862,.0955,.228,.0283,.154,.0462,.131,0
2024,6,30,34,m,.0135,.0337,.108,.328,.23,.36,.212,.191,.356,.362,.0122,-.0283,.543,.536,.134,.178,.312,.0886,.0525,.324,.215,.223,.206,.24,.464,.289,.128,.196,.13,.0611,.167,.24,.199,.2,.179,.193,0
2024,6,30,35,m,-.0952,-.0379,.0102,.147,.031,-.00198,.0825,.0548,.201,.245,-.0868,-.0785,.379,.408,.0854,.0599,.0483,-.0598,-.0561,.381,.0797,.0288,.13,.154,.231,.0652,-.0968,.0295,-.0434,-.0651,.0183,.0425,.0771,.129,.0793,.106,0
2024,6,30,36,m,.0507,.127,.0789,.277,.33,.264,.245,.192,.303,.316,.114,.0779,.554,.484,.269,.173,.238,.125,.414,.708,.319,.265,.236,.23,.369,.158,.201,.472,.184,.264,.179,.248,.255,.284,.259,.242,0
2024,6,30,37,m,-.188,-.0968,.0827,.265,-.0886,.0531,.155,.179,.313,.397,.148,.201,.7,.754,.188,.0719,.456,.158,.267,.8,.0524,.265,.0567,.122,.291,.165,.5,.243,-.165,-.0876,.0617,.167,.276,.378,.247,.252,0
2024,6,30,38,m,.313,.601,.0426,.221,.393,.254,.247,.217,.586,.743,-.0122,-.0791,.849,.858,.178,.124,.0845,-.00699,.0932,.167,.272,.211,.335,.349,.368,.266,1.13,.674,-.0355,.0311,.0873,.145,.453,.473,.345,.333,0
2024,6,30,39,m,-.0246,.0965,.129,.364,.285,.235,.232,.188,.293,.355,.0675,.0279,.563,.55,.143,.143,.336,.0605,.225,.476,.187,.169,.196,.226,.507,.274,.405,.295,.000282,-.000303,.163,.202,.201,.221,.178,.19,0
2024,6,30,40,m,.0849,.242,.139,.409,.498,.527,.241,.313,.479,.616,.0243,.214,.811,.907,.139,.116,.553,.386,.119,1.14,.323,.476,.174,.256,.515,.429,.222,.401,.126,.00512,.25,.371,.257,.485,.207,.306,0
2024,6,30,41,m,-.0674,.0215,-.0314,.0824,.07,.0419,.0674,.0295,.121,.184,-.0483,-.11,.261,.297,.0733,.041,.162,.0344,.00944,.2,.0821,.0543,.055,.0836,.229,.0662,.0674,.0612,-.0526,-.043,.0095,.0413,.0801,.074,.0771,.0617,0
2024,6,30,42,m,-.00211,.0678,.00344,.0383,.106,-.0547,.251,.204,.321,.361,-.13,.117,.625,.616,.295,.226,.424,.246,-.53,-.0546,.0931,.0671,.214,.247,.501,.329,.347,.64,-.144,-.372,.0482,-.0314,-.00968,.223,.0831,.224,0
2024,6,30,43,m,.142,.271,.0318,.268,.203,.187,.274,.249,.363,.433,.0863,.0549,.51,.528,.176,.112,.38,.204,.386,.41,.361,.316,.229,.225,.593,.403,.572,.427,.346,.335,.202,.271,.29,.315,.241,.227,0
2024,6,30,44,m,.0442,.0449,.229,.392,.137,.484,.185,.214,.434,.436,.199,.0411,1.02,1.02,.0993,.0437,.164,.155,.266,.0913,.187,.355,.122,.156,.301,.305,.901,.814,.464,.555,.241,.391,.394,.238,.253,.147,0
2024,6,30,45,m,-.154,-.0257,.106,.42,.0816,.569,.249,.282,.398,.475,.131,.201,.772,.777,.0604,.0515,.502,.237,.323,.623,.38,.524,.197,.228,.386,.273,.205,.322,.038,.0765,.188,.363,.25,.349,.173,.219,0
2024,6,30,46,m,.629,.572,.126,.487,.359,1.03,.439,.418,.803,.744,.559,.518,.911,.851,.594,.471,.909,.541,.553,1.31,.204,.277,.372,.35,.551,.332,.304,.444,.567,.329,.319,.472,.694,.722,.661,.627,0
2024,6,30,47,m,.114,.21,-.00755,.197,.194,.175,.063,.0543,.284,.332,-.0426,-.0319,.379,.394,-.0215,-.0351,.0513,-.0974,-.0406,.294,.0859,.0137,.0571,.12,.222,.0408,.112,.189,-.0495,-.0208,.0275,.0859,.163,.204,.0988,.119,0
2024,6,30,48,m,1.21,1.53,-.0145,.179,-.2,-.0954,.328,.323,1.01,1.05,.288,.139,.948,.908,.155,.127,.376,.273,.436,.477,.478,.43,.385,.414,.487,.429,1.2,1.64,-.00221,-.0227,.0595,.15,.863,.856,.547,.528,0
2024,6,30,49,m,-.0084,.117,-.00923,.157,.0493,.179,.0763,.0854,.291,.347,-.106,-.0409,.483,.479,.0849,.111,.188,.0793,-.156,.336,-.0631,.0255,.125,.187,.273,.131,.23,.288,-.0843,-.175,.000759,.058,.0664,.16,.0718,.143,0
2024,6,30,50,m,.0659,.212,.0598,.189,.383,.465,.291,.264,.371,.439,.0635,.111,.57,.569,.408,.2,.564,.336,.144,.637,.105,.171,.223,.245,.221,.0902,.391,.511,-.348,-.355,.0569,.0977,.228,.287,.281,.257,0
2024,6,30,51,m,-.0194,.106,.145,.279,.273,.291,.273,.173,.376,.477,.0928,.0226,.679,.739,.231,.182,.351,.0325,.627,1.17,.28,.172,.285,.29,.39,.202,.0291,.264,.387,.0875,.249,.189,.281,.318,.261,.263,0
2024,6,30,52,m,.00726,.154,-.0151,.238,.395,.375,.121,.188,.41,.495,-.038,.0746,.637,.666,.119,.138,.159,.084,-.163,.384,.0878,.244,.138,.239,.303,.251,.473,.566,-.0534,.0267,.057,.19,.15,.31,.139,.241,0
2024,6,30,53,m,-.207,-.149,.0373,.283,-.0942,.209,.231,.304,.355,.438,-.099,.0809,.724,.815,.0556,.0335,.0449,-.045,-.351,.0499,.374,.494,.14,.194,.763,.698,-.106,.0694,.169,.418,.088,.268,.0338,.218,.0431,.129,0
2024,7,31,1,m,-.12,-.0289,-.151,-.000489,-.184,-.122,-.0593,-.0254,.0414,.135,-.158,-.143,.175,.268,-.0189,.00611,.0244,-.0274,-.0558,.211,-.0831,-.012,-.0195,.0439,.0255,.000882,.184,.149,-.199,-.157,-.133,-.0487,-.0311,.0424,-.0275,.031,0
2024,7,31,2,m,.142,.266,.142,.243,.361,.319,.307,.298,.297,.401,.135,.151,.497,.562,.277,.208,.679,.483,.315,.624,.393,.482,.261,.273,.39,.295,1.1,.967,.144,.129,.233,.267,.282,.361,.281,.296,0
2024,7,31,3,m,.0718,.188,.102,.248,.42,.464,.303,.322,.355,.471,.18,.239,.588,.693,.255,.207,.397,.369,.36,.861,.144,.333,.216,.282,.453,.38,.962,1.07,.114,.0233,.175,.248,.377,.53,.328,.384,0
2024,7,31,4,m,-.0276,.0538,.169,.337,.187,.21,.209,.2,.306,.358,.0936,.081,.602,.607,.2,.191,.0877,-.037,.755,1.08,.158,.255,.219,.273,.425,.274,.162,.124,.0586,.108,.139,.209,.264,.285,.238,.247,0
2024,7,31,5,m,.11,.234,.0701,.295,.262,.249,.169,.17,.32,.352,-.0125,-.0458,.443,.412,.0981,.0863,.179,.0736,.0178,.0644,.161,.25,.173,.193,.315,.275,.315,.24,.0937,.101,.127,.211,.189,.161,.156,.134,0
2024,7,31,6,m,.0227,.106,-.0627,.05,-.0545,-.0286,.00993,.014,.0937,.173,-.105,-.114,.135,.211,.0681,.0466,.00111,-.0584,-.0298,.204,-.0222,.00606,.0219,.076,.147,.0737,.204,.1,-.129,-.127,-.0583,-.0144,.0228,.0751,.0364,.0663,0
2024,7,31,7,m,-.0336,.0551,-.0241,.172,.152,.184,.118,.149,.164,.272,.0175,.055,.333,.456,.0741,.14,.0468,.00227,.201,.559,.0944,.285,.149,.262,.316,.177,.171,.39,-.0589,.0128,.0149,.135,.0988,.202,.09,.179,0
2024,7,31,8,m,-.179,-.0718,.0103,.153,-.0635,.000589,.0531,.0285,.0951,.126,-.137,-.146,.29,.246,.216,.0547,.019,-.0664,-.00186,.0611,.0112,.0927,.156,.113,.141,.0644,.0524,.0249,-.0687,-.128,-.00721,.0371,-.00619,.00429,.0584,.0205,0
2024,7,31,9,m,-.0526,-.00255,-.129,-.0456,-.0596,-.115,.0504,.0361,.193,.226,-.0882,-.0508,.379,.394,.104,.133,.369,.191,.277,.606,-.0217,.068,.0992,.138,.195,.0801,-.0937,.0476,-.148,-.178,-.0547,-.0373,.0694,.125,.081,.128,0
2024,7,31,10,m,.0515,.114,.0743,.297,.136,.202,.185,.185,.406,.446,-.0333,-.0165,.663,.675,.131,.113,.158,.0386,-.049,.297,.182,.288,.204,.257,.382,.23,.187,.215,.0587,.101,.109,.205,.19,.24,.166,.188,0
2024,7,31,11,m,-.863,-.803,.163,.387,.151,.4,-.00843,.042,-.616,-.471,.0443,.153,1.27,1.37,.159,.124,.222,.118,.231,.58,.151,.331,-.295,-.152,.125,.0709,.849,.992,.174,.299,.17,.319,-.428,-.259,-.278,-.14,0
2024,7,31,12,m,-.0713,-.0122,-.0223,.129,-.118,-.0629,.0575,.0554,.171,.202,-.0981,-.0747,.361,.359,.0698,.0277,.247,.0684,.0608,.382,-.0404,.013,.0801,.0932,.201,.125,.0277,.115,-.0544,-.0546,-.00966,.0464,.0662,.104,.0669,.078,0
2024,7,31,13,m,.0469,.278,.211,.522,2.15,2.62,.345,.42,.405,.573,-.187,-.0487,.702,.778,.506,.581,.438,.358,-.638,-.394,.194,.263,.308,.469,.235,.203,.089,.366,.25,.34,.406,.603,-.0534,.174,.122,.316,0
2024,7,31,14,m,-.0903,.0743,.214,.549,1.06,1.59,.359,.456,.155,.362,.0488,.0734,.361,.605,.358,.314,.353,.242,.128,.941,1.83,2.25,.269,.351,.423,.449,.497,.678,.0968,.189,.54,.796,.157,.382,.245,.35,0
2024,7,31,15,m,.382,.551,1.34,1.56,3.36,3.82,.326,.374,.412,.607,-.0552,.056,.427,.637,-.0988,-.113,1.03,.88,-.47,-.238,.91,1.26,.127,.173,.628,.515,.144,.664,5.13,4.31,1.64,1.81,.0886,.314,.000338,.0837,0
2024,7,31,16,m,.0237,.0781,.0666,.238,.0251,.0996,.155,.192,.235,.305,-.0498,.0283,.435,.521,.289,.302,.233,.121,.302,.682,.194,.365,.271,.351,.289,.174,.0393,.173,-.0106,.041,.0911,.193,.0838,.177,.162,.228,0
2024,7,31,17,m,.00573,.0154,-.00221,.136,.265,.356,.119,.133,.215,.245,-.0708,-.0302,.401,.454,.162,.139,.161,.0688,-.0439,.282,.0423,.164,.157,.181,.26,.207,-.00822,-.00239,.0737,.0469,.0653,.136,.0758,.13,.107,.133,0
2024,7,31,19,m,.0386,.241,.234,.4,.34,.673,.277,.323,.455,.569,.118,.119,.713,.734,.0905,.0726,.403,.3,.294,.491,.619,.651,.216,.263,.498,.572,.316,.409,.332,.435,.344,.447,.292,.359,.19,.209,0
2024,7,31,20,m,.352,.533,.325,.621,.78,1.1,.524,.605,.642,.73,.288,.503,.855,.851,.194,.271,1.04,.611,.264,1.57,.609,.939,.387,.519,.74,.632,.964,1.18,.587,.594,.527,.706,.536,.809,.381,.554,0
2024,7,31,21,m,-.162,-.132,-.261,-.0743,-.308,-.231,-.0254,-.00698,.0449,.0503,-.105,-.109,.296,.262,.0979,.0713,.246,.191,.17,.237,-.0671,.0256,.0413,.0412,.204,.124,.0525,.0481,-.135,-.147,-.171,-.0702,-.0213,-.02,.0173,.01,0
2024,7,31,22,m,-.081,.065,-.0076,.27,-.116,.285,.0636,.0746,.332,.386,-.0763,-.0613,.65,.599,.0902,.0862,.493,.279,-.262,.099,.123,.291,.0703,.14,.191,.0034,.338,.216,-.1,-.0617,.0386,.212,.178,.241,.15,.188,0
2024,7,31,23,m,.149,.226,.215,.353,.699,.502,.64,.499,.251,.281,.0366,.0507,.326,.317,.507,.372,.405,.3,.0429,.644,.307,.416,.426,.382,.781,.784,.44,.554,-.0706,.0127,.215,.294,.168,.24,.289,.292,0
2024,7,31,24,m,.0092,.0482,.039,.18,-.114,-.03,.205,.176,.352,.393,.0385,.0707,.7,.737,.17,.203,.282,.188,.238,.871,.141,.235,.238,.186,.398,.303,.224,.4,.131,.0721,.0874,.147,.194,.259,.184,.236,0
2024,7,31,25,m,.0657,.239,.124,.241,.213,.245,.423,.454,.362,.531,.489,.487,.768,.91,.445,.378,.834,.53,1.1,1.55,.579,.88,.343,.393,.756,.689,1.28,1.22,.0929,.122,.225,.307,.541,.614,.498,.506,0
2024,7,31,26,m,.236,.481,.161,.344,.454,.729,.329,.407,.526,.685,.112,.285,.678,.774,.131,.103,.35,.232,-.0884,.375,.253,.459,.172,.268,.855,.858,.0672,.152,.556,.498,.257,.386,.248,.49,.194,.29,0
2024,7,31,27,m,-.00258,.121,.223,.446,.138,.665,.384,.535,.591,.74,.458,.567,1.12,1.26,.282,.319,.548,.201,2.01,3.07,.469,.722,.368,.578,.52,.649,.237,.872,.341,.335,.342,.459,.75,.894,.563,.658,0
2024,7,31,28,m,.0502,.148,.01,.111,.408,.386,.178,.2,.353,.414,.0584,.098,.666,.664,.205,.203,.217,.132,.181,.813,.124,.33,.191,.266,.351,.246,.47,.427,-.0247,-.0688,.089,.141,.216,.307,.212,.265,0
2024,7,31,29,m,.0463,.168,-.119,.0101,.0844,.0419,.125,.153,.216,.345,-.0352,.0337,.41,.541,.234,.184,.91,.448,-.306,.176,.222,.448,.176,.234,.362,.321,.273,.284,-.144,-.157,.00468,.0608,.112,.231,.158,.212,0
2024,7,31,30,m,.201,.186,-.0877,.107,.15,.215,.105,.11,.434,.394,.134,.0869,.673,.598,.162,.112,.498,.149,.0516,.556,.0843,.229,.182,.188,.246,.153,.435,.704,-.321,-.321,-.0642,.022,.304,.279,.247,.211,0
2024,7,31,31,m,.0535,.126,.0424,.204,.117,-.000828,.256,.269,.479,.542,-.0267,.106,.924,.957,.216,.142,.277,.162,-.333,.0284,.269,.256,.23,.284,.67,.609,.275,.968,.278,-.018,.142,.167,.127,.33,.173,.227,0
2024,7,31,32,m,-.0167,.105,-.0383,.201,.0819,.124,.047,.0689,.131,.209,-.0732,-.0177,.197,.251,.425,.0921,.00712,-.0999,-.00166,.368,.0628,.14,.209,.165,.0396,.015,-.0918,.0491,.0244,.0594,.00915,.105,.0431,.124,.16,.113,0
2024,7,31,33,m,.136,.309,.0654,.343,.0911,.178,.131,.168,.402,.486,-.124,-.0554,.547,.569,.0679,.103,.271,.179,-.378,-.107,.185,.204,.159,.227,.323,.246,.338,.203,-.0669,.0203,.0992,.218,.0451,.165,.0545,.141,0
2024,7,31,34,m,.0913,.12,.134,.351,.11,.345,.216,.228,.357,.37,-.054,-.0553,.502,.502,.128,.176,.397,.207,.0221,.198,.213,.333,.213,.249,.485,.393,-.124,.0465,.15,-.00415,.183,.273,.143,.168,.139,.17,0
2024,7,31,35,m,-.0695,-.0664,.00107,.149,-.0928,-.0481,.093,.0857,.215,.215,-.0876,-.0882,.379,.377,.0893,.0695,.0732,-.00647,-.0139,.261,.0587,.0856,.134,.158,.275,.174,-.0698,-.009,-.0561,-.119,9.72e-06,.0443,.0826,.0896,.0846,.0831,0
2024,7,31,36,m,.0773,.117,.0453,.241,.349,.266,.243,.228,.341,.323,.0873,.0975,.598,.507,.275,.204,.365,.248,.235,.563,.244,.317,.265,.256,.344,.226,.327,.467,.181,.264,.17,.262,.259,.296,.263,.262,0
2024,7,31,37,m,-.121,-.0727,.124,.267,.0358,.0812,.132,.17,.272,.352,.168,.225,.554,.659,.138,.0602,.528,.189,.488,.848,-.000943,.299,.0414,.126,.24,.194,.26,.276,-.115,-.0632,.0983,.186,.28,.368,.23,.242,0
2024,7,31,38,m,.36,.657,.0482,.265,.305,.315,.265,.259,.61,.762,.00225,-.0396,.852,.846,.197,.162,.113,.0798,.0353,.102,.201,.244,.347,.37,.432,.332,1.64,1.09,-.0267,-.000086,.0854,.175,.466,.514,.36,.373,0
2024,7,31,39,m,-.0204,.0329,.138,.328,.15,.257,.239,.23,.294,.31,.0845,.0579,.548,.519,.166,.149,.398,.191,.302,.412,.156,.224,.2,.221,.448,.395,.324,.214,.0662,.0314,.171,.228,.226,.22,.202,.192,0
2024,7,31,40,m,.0653,.226,.162,.386,.333,.514,.257,.344,.517,.626,.0276,.193,.915,.937,.163,.128,.575,.453,.0202,.879,.373,.552,.182,.281,.516,.526,.0512,.212,.253,.00207,.277,.38,.259,.452,.218,.294,0
2024,7,31,41,m,-.0925,-.0211,-.0424,.0777,-.103,-.0452,.0458,.0462,.139,.183,-.0515,-.0779,.312,.324,.0395,.0376,.104,.08,.0223,.211,.0418,.0899,.029,.0784,.214,.129,.0458,.115,-.107,-.115,-.0323,.0254,.0826,.0899,.0665,.0705,0
2024,7,31,42,m,-.00973,-.00774,-.00867,.0321,-.113,-.0746,.253,.231,.348,.332,-.111,.108,.669,.628,.297,.246,.384,.273,-.548,-.157,.105,.103,.222,.26,.525,.388,.566,.657,-.114,-.333,.02,-.02,.00863,.188,.1,.208,0
2024,7,31,43,m,.101,.259,.0393,.242,.0278,.163,.243,.264,.323,.423,.0867,.0711,.473,.519,.154,.117,.381,.205,.265,.318,.312,.41,.21,.246,.483,.405,.267,.301,.293,.294,.174,.265,.253,.316,.21,.23,0
2024,7,31,44,m,-.0774,-.0877,.302,.387,.252,.435,.224,.263,.515,.413,.151,.0968,1.52,1.16,.0195,.0669,.16,.486,-.0584,-.0561,.367,.496,.122,.184,.263,.355,1.02,.817,.708,.698,.335,.46,.299,.188,.162,.132,0
2024,7,31,45,m,-.168,-.00101,.203,.423,.112,.609,.273,.314,.398,.512,.144,.23,.789,.822,.115,.0691,.448,.268,.413,.664,.361,.505,.17,.255,.409,.3,.117,.356,.241,.104,.263,.374,.242,.383,.194,.246,0
2024,7,31,46,m,.726,.593,.169,.416,.414,1.06,.373,.464,.864,.767,.436,.545,.938,.876,.584,.491,.731,.561,.688,1.34,.159,.294,.206,.368,.443,.365,.521,.555,.598,.347,.33,.454,.76,.754,.697,.654,0
2024,7,31,47,m,.13,.183,.019,.249,.14,.175,.0995,.103,.337,.35,-.0338,-.033,.449,.436,.00222,-.00428,.175,-.0109,-.0762,.156,.0732,.0766,.107,.146,.285,.143,.228,.294,-.124,-.0436,.0346,.128,.162,.19,.106,.121,0
2024,7,31,48,m,1.26,1.51,-.0287,.186,-.185,-.0628,.309,.355,.954,1.04,.238,.185,.855,.9,.15,.155,.285,.245,.172,.403,.354,.451,.369,.447,.502,.527,1.82,1.8,-.0815,-.1,.0227,.141,.787,.865,.505,.545,0
2024,7,31,49,m,.0479,.0894,.0154,.152,.0068,.157,.114,.118,.34,.316,-.12,-.0535,.522,.446,.106,.124,.221,.167,-.137,.272,-.0462,.0265,.16,.2,.345,.221,.0781,.171,-.0303,-.163,.0253,.07,.0606,.112,.0756,.116,0
2024,7,31,50,m,.0756,.216,.0639,.183,.106,.253,.307,.308,.397,.461,.0597,.109,.606,.602,.503,.264,.522,.355,.107,.481,.121,.276,.317,.319,.177,.149,.491,.481,-.26,-.298,.0542,.107,.265,.303,.335,.289,0
2024,7,31,51,m,-.102,.0354,.104,.239,.162,.329,.213,.178,.311,.399,-.0327,-.023,.645,.656,.221,.207,.284,.107,.19,.54,.258,.245,.259,.28,.347,.282,.25,.457,.225,.0628,.185,.196,.134,.22,.166,.215,0
2024,7,31,52,m,.011,.166,-.000987,.199,.275,.378,.143,.206,.437,.5,-.0498,.0446,.686,.668,.13,.156,.25,.11,-.181,.26,.142,.241,.161,.246,.325,.336,.37,.344,.0984,.0167,.104,.177,.138,.265,.135,.221,0
2024,7,31,53,m,-.292,-.207,.026,.278,-.0164,.34,.174,.301,.31,.415,-.146,.0148,.721,.813,.0259,.0291,-.0235,.0119,-.408,-.0769,.139,.429,.112,.211,.606,.71,-.125,-.0418,-.0446,.133,.0237,.243,-.025,.155,-.00264,.094,0
2024,8,31,1,m,-.125,-.0397,-.192,-.0336,-.166,-.0904,-.0783,-.0416,.0371,.141,-.18,-.15,.168,.287,-.0255,.00713,.0433,-.0306,-.078,.145,-.0958,-.0251,-.0272,.053,-.0147,-.0419,.147,.137,-.212,-.213,-.152,-.073,-.0479,.0417,-.0414,.0308,0
2024,8,31,2,m,.0724,.252,.0784,.246,.285,.323,.282,.289,.248,.398,.126,.134,.483,.573,.232,.183,.681,.415,.336,.56,.366,.521,.22,.271,.36,.263,.755,.785,.168,.0987,.2,.259,.242,.349,.239,.279,0
2024,8,31,3,m,.117,.271,.0955,.269,.389,.429,.301,.305,.411,.581,.162,.212,.649,.824,.263,.201,.498,.384,.455,.78,.161,.317,.259,.318,.413,.312,.727,.936,.159,.00161,.19,.248,.388,.562,.339,.399,0
2024,8,31,4,m,-.00587,.155,.144,.268,.268,.201,.213,.212,.305,.453,.0922,.0933,.582,.697,.133,.17,.227,.0598,.567,.643,.235,.255,.228,.311,.389,.291,.213,.278,.0959,.0405,.176,.186,.242,.317,.198,.257,0
2024,8,31,5,m,.0768,.15,.0665,.209,.354,.241,.166,.152,.328,.352,-.0288,-.0304,.467,.456,.0988,.0919,.187,.0694,.0404,.0257,.172,.196,.181,.206,.295,.236,.277,.308,.0851,.0354,.135,.156,.179,.173,.15,.144,0
2024,8,31,6,m,-.0218,.06,-.096,.0131,-.0378,-.0423,.00361,.00299,.0736,.162,-.144,-.122,.128,.22,.0617,.0561,.0211,-.0651,-.0543,.123,-.0144,.0145,.024,.0854,.143,.0514,.106,.13,-.0759,-.163,-.0564,-.0375,-.0101,.0658,.0112,.0628,0
2024,8,31,7,m,-.0938,.054,-.0262,.115,.171,.0978,.129,.136,.142,.3,.0126,.0724,.351,.509,.111,.154,.0534,-.00137,.222,.441,.184,.262,.165,.277,.318,.177,.392,.574,-.024,-.0802,.039,.0826,.0895,.224,.0985,.197,0
2024,8,31,8,m,-.118,-.0477,-.0166,.109,-.0162,-.0721,.0379,.0112,.152,.17,-.155,-.153,.333,.303,.196,.0443,.0157,-.0764,.00363,.0177,.00283,.0225,.162,.132,.0782,.0349,.0739,.119,-.0509,-.175,-.0111,-.0104,.0117,.0252,.0655,.0313,0
2024,8,31,9,m,-.0746,.056,-.171,-.0134,-.0107,-.0513,.0317,.0365,.178,.269,-.142,-.069,.381,.425,.0758,.131,.355,.127,.116,.472,-.0775,.0464,.106,.171,.155,.0445,-.159,.0767,-.114,-.196,-.0741,-.0314,.0178,.127,.037,.129,0
2024,8,31,10,m,-.0198,.134,.0625,.226,.131,.0798,.177,.174,.372,.496,-.0654,-.0143,.671,.746,.124,.125,.185,.0229,-.0665,.135,.161,.209,.204,.279,.347,.215,.048,.273,.166,.0676,.122,.145,.155,.261,.142,.206,0
2024,8,31,11,m,-.86,-.806,.189,.37,.436,.379,.0069,.0296,-.615,-.477,.0768,.16,.974,1.34,.175,.15,.151,.105,.275,.561,.253,.315,-.286,-.151,.0907,.0464,.659,.968,.352,.214,.237,.293,-.427,-.258,-.271,-.131,0
2024,8,31,12,m,-.0697,-.0433,-.058,.0718,-.0441,-.0694,.0612,.0457,.195,.233,-.126,-.0847,.389,.436,.087,.0531,.259,.0633,.0218,.336,-.0857,-.0236,.0921,.118,.224,.108,.0909,.122,-.0343,-.121,-.0182,.00257,.0602,.115,.0682,.0944,0
2024,8,31,13,m,.201,.602,.315,.586,2.44,2.89,.396,.456,.516,.778,-.115,-.00604,.803,.901,.51,.561,.332,.235,-.615,-.439,.306,.337,.386,.532,.223,.219,.242,.486,.359,.27,.509,.645,.0608,.286,.203,.382,0
2024,8,31,14,m,-.0606,.254,.21,.608,1.07,1.68,.365,.489,.173,.483,.0476,.069,.393,.675,.337,.329,.347,.242,.204,.786,1.94,2.42,.261,.406,.395,.462,.52,.906,.192,.133,.59,.844,.173,.455,.245,.396,0
2024,8,31,15,m,.436,.793,1.23,1.45,3.67,3.99,.302,.364,.512,.807,-.0569,.0694,.56,.815,-.1,-.0999,.992,.858,-.396,-.242,1.14,1.32,.156,.218,.496,.49,.543,.985,4.76,4.01,1.64,1.75,.146,.416,.0296,.137,0
2024,8,31,16,m,-.00702,.108,.0613,.217,.0375,.0948,.157,.202,.228,.373,-.0395,.0467,.45,.625,.28,.341,.222,.147,.295,.574,.277,.41,.252,.388,.293,.18,.0147,.237,-.0278,-.0465,.101,.181,.0794,.21,.156,.263,0
2024,8,31,17,m,-.08,.049,.0234,.104,.216,.244,.122,.122,.161,.278,-.0422,.00725,.398,.487,.176,.155,.14,.0365,.128,.316,.0307,.104,.165,.213,.233,.17,.0242,.067,.125,-.044,.0755,.0831,.0591,.167,.101,.163,0
2024,8,31,19,m,.0562,.269,.197,.32,.296,.416,.22,.292,.417,.615,.0547,.0956,.62,.789,.029,.0857,.367,.255,.198,.451,.653,.627,.166,.271,.425,.526,.133,.266,.31,.291,.318,.361,.25,.372,.137,.223,0
2024,8,31,20,m,.248,.366,.297,.464,1.11,1.04,.55,.59,.596,.687,.314,.489,.829,.885,.294,.316,.895,.539,.213,1.64,.801,.908,.435,.539,.682,.651,.511,.873,.561,.343,.555,.578,.523,.754,.419,.547,0
2024,8,31,21,m,-.177,-.122,-.235,-.0824,-.171,-.21,-.00932,-.0105,.0657,.101,-.0601,-.0751,.361,.361,.11,.0605,.207,.122,.222,.291,-.0452,.0372,.0709,.0706,.147,.0694,.0244,.0759,-.133,-.166,-.142,-.0811,.00853,.022,.0406,.0347,0
2024,8,31,22,m,-.122,.0223,-.0295,.114,-.0469,.111,.00789,.0222,.279,.345,-.162,-.0769,.584,.56,.0817,.0714,.45,.174,-.299,-.0248,.0911,.161,.00815,.1,.113,-.0119,.229,.317,-.0932,-.162,.0292,.0752,.104,.202,.0979,.157,0
2024,8,31,23,m,.149,.355,.275,.413,.824,.577,.671,.504,.296,.391,-.0213,.0222,.416,.415,.489,.336,.564,.343,.104,.435,.478,.566,.432,.411,.843,.723,.169,.475,-.0418,-.0409,.304,.343,.131,.276,.253,.299,0
2024,8,31,24,m,.00228,.119,.0361,.231,-.0557,.0889,.195,.171,.388,.495,.0474,.0795,.801,.871,.138,.165,.345,.135,.251,.74,.0904,.179,.236,.214,.386,.229,.308,.492,.0578,.00735,.076,.152,.225,.32,.19,.257,0
2024,8,31,25,m,.0184,.224,-.0128,.226,.195,.23,.351,.437,.346,.513,.277,.439,.821,.887,.482,.361,.77,.512,1.02,1.56,.726,.858,.323,.377,.705,.661,1.14,1.2,.0315,.109,.142,.292,.406,.598,.433,.489,0
2024,8,31,26,m,.32,.607,.15,.328,.697,.703,.308,.382,.501,.768,.153,.275,.587,.838,.145,.113,.289,.151,-.0695,.178,.224,.374,.179,.276,.745,.787,.0477,.32,.353,.317,.235,.333,.252,.501,.203,.3,0
2024,8,31,27,m,-.031,.196,.263,.441,.102,.536,.436,.515,.581,.869,.382,.488,1.14,1.44,.344,.347,.684,.277,1.58,2.5,.393,.678,.467,.618,.611,.608,.745,1.12,.552,.257,.395,.436,.64,.896,.528,.67,0
2024,8,31,28,m,.117,.221,.0215,.119,.355,.353,.149,.168,.356,.442,-.0328,.0402,.594,.65,.202,.201,.112,.121,.0538,.57,.125,.254,.196,.281,.296,.183,.169,.421,-.00452,-.119,.0837,.118,.137,.279,.162,.247,0
2024,8,31,29,m,.0648,.189,-.127,.0364,.0589,.109,.102,.155,.225,.363,.01,.0818,.407,.557,.277,.198,.576,.376,-.0225,.331,.16,.396,.186,.263,.251,.263,.568,.352,-.135,-.191,-.0205,.0571,.187,.288,.22,.251,0
2024,8,31,30,m,.0757,.201,-.0427,.116,.253,.198,.11,.109,.371,.433,.0907,.0917,.711,.661,.119,.0925,.415,.219,-.0592,.482,.246,.267,.131,.193,.157,.0765,.61,.683,-.166,-.267,.0244,.051,.248,.29,.195,.209,0
2024,8,31,31,m,.234,.442,.0481,.237,.183,.172,.264,.285,.581,.757,.0278,.0967,.961,1.07,.227,.139,.223,.126,-.263,-.0577,.286,.271,.289,.336,.66,.582,.539,1.07,.22,-.0604,.142,.194,.242,.446,.237,.278,0
2024,8,31,32,m,.00758,.082,-.0419,.156,.237,.135,.0328,.0607,.137,.225,-.123,-.0164,.189,.283,.444,.0913,.0724,-.136,-.0419,.223,.0669,.0788,.245,.185,-.0566,-1.80e-06,-.176,.0622,-.0437,.0197,.018,.0649,.0192,.137,.145,.122,0
2024,8,31,33,m,.166,.217,.0318,.213,.108,.0724,.127,.151,.489,.49,-.146,-.0262,.652,.617,.0902,.109,.279,.197,-.405,-.149,.233,.196,.205,.239,.251,.197,.238,.269,-.0277,-.0161,.104,.155,.0642,.181,.0749,.153,0
2024,8,31,34,m,.00311,.156,.143,.266,.18,.173,.206,.221,.322,.446,-.029,-.0235,.509,.598,.11,.177,.274,.14,.0936,.18,.187,.253,.201,.297,.434,.367,.0515,.113,.291,-.0348,.195,.192,.161,.231,.145,.214,0
2024,8,31,35,m,-.0953,-.0652,-.0448,.0846,-.0838,-.0832,.0781,.0617,.217,.258,-.0712,-.0653,.396,.443,.0882,.0696,.148,.0145,.035,.244,.0116,.0299,.15,.174,.183,.0889,.0142,.11,-.0406,-.17,-.0149,-.00133,.105,.141,.0993,.118,0
2024,8,31,36,m,.0249,.0631,.0677,.181,.218,.194,.249,.213,.351,.338,.103,.116,.666,.583,.243,.203,.346,.266,.194,.521,.211,.241,.283,.277,.359,.239,.4,.387,.246,.146,.174,.201,.266,.302,.257,.265,0
2024,8,31,37,m,-.216,-.0837,.0977,.252,.0987,.0684,.104,.156,.167,.336,.162,.206,.454,.639,.115,.0386,.443,.175,.67,.826,.0882,.284,.0106,.103,.2,.18,.185,.261,-.0575,-.0743,.111,.172,.22,.352,.185,.223,0
2024,8,31,38,m,.365,.477,.00969,.168,.249,.14,.234,.207,.635,.675,-.0592,-.0685,.874,.835,.0728,.135,.074,.0391,-.00302,.0961,.174,.141,.299,.354,.398,.285,1.03,.627,.0487,-.0674,.0755,.0856,.433,.438,.285,.316,0
2024,8,31,39,m,-.0325,.0828,.132,.285,.173,.233,.234,.214,.296,.365,.0764,.0538,.57,.578,.179,.172,.291,.127,.297,.357,.175,.178,.217,.256,.416,.341,.41,.344,.0769,-.0675,.162,.173,.205,.235,.194,.21,0
2024,8,31,40,m,.0703,.324,.182,.354,.431,.324,.274,.346,.535,.734,.0571,.207,.96,1.05,.143,.121,.583,.462,.203,1,.355,.508,.21,.316,.487,.495,.118,.357,.266,.00548,.297,.341,.306,.531,.236,.332,0
2024,8,31,41,m,-.112,-.0509,-.0665,.0351,-.0405,-.0442,.0386,.0316,.132,.205,-.0657,-.0886,.303,.382,.0645,.052,.121,.0819,.0162,.187,.0357,.0832,.0372,.102,.179,.0833,.0436,.0387,-.0358,-.129,-.0198,.00365,.0704,.0977,.0676,.0808,0
2024,8,31,42,m,-.0171,.107,-.0029,.0722,-.0264,.0456,.232,.231,.306,.401,-.125,.0898,.615,.657,.311,.24,.347,.226,-.57,-.247,.114,.133,.23,.291,.443,.315,.532,.761,-.116,-.347,.0308,.00731,-.00725,.21,.0904,.221,0
2024,8,31,43,m,.105,.227,.0433,.172,.151,.157,.226,.237,.347,.466,.00172,.0459,.495,.606,.157,.191,.379,.243,.132,.313,.32,.309,.22,.294,.414,.351,.297,.278,.364,.176,.203,.204,.214,.316,.189,.262,0
2024,8,31,44,m,-.154,-.174,.15,.264,.183,.304,.239,.257,.387,.344,.339,.26,1.21,1.12,.076,.0823,.319,.285,.0852,-.0153,.542,.452,.0904,.171,.224,.3,1.34,1.2,.669,.743,.298,.361,.288,.209,.187,.15,0
2024,8,31,45,m,-.232,-.0129,.182,.406,.266,.59,.226,.283,.346,.499,.14,.215,.77,.807,.064,.07,.307,.305,.504,.644,.408,.487,.162,.246,.278,.267,.138,.34,.271,.151,.26,.376,.239,.369,.168,.238,0
2024,8,31,46,m,.613,.574,.147,.399,.399,1.04,.415,.446,.702,.746,.572,.527,.741,.854,.571,.473,.667,.543,.889,1.32,.169,.279,.235,.352,.492,.349,.615,.536,.693,.331,.326,.437,.721,.733,.669,.634,0
2024,8,31,47,m,.119,.249,.0267,.168,.0825,.0768,.0886,.0741,.337,.382,-.0408,-.0606,.465,.45,.0384,.0302,.213,.00862,-.118,.0246,.0629,.021,.132,.176,.12,.04,.231,.171,-.0683,-.121,.0458,.0638,.171,.186,.124,.131,0
2024,8,31,48,m,1.31,1.47,.106,.169,-.264,-.132,.33,.347,.995,1.05,.239,.158,.896,.925,.167,.141,.46,.316,.368,.425,.343,.365,.391,.443,.446,.544,1.93,1.79,-.0356,-.157,.102,.11,.83,.845,.535,.528,0
2024,8,31,49,m,.0707,.245,-.0572,.0963,.0568,.176,.0807,.104,.345,.407,-.0869,-.0253,.528,.501,.0882,.132,.182,.118,-.047,.241,-.119,-.0145,.151,.237,.231,.149,.283,.333,.0232,-.148,-.0111,.0389,.0891,.176,.0884,.161,0
2024,8,31,50,m,.104,.295,.0731,.168,.188,.273,.291,.301,.445,.568,.086,.117,.668,.725,.508,.255,.396,.351,.252,.481,.0431,.193,.349,.334,.131,.146,.437,.498,-.242,-.349,.0494,.0772,.295,.351,.356,.318,0
2024,8,31,51,m,-.0835,.122,.0366,.177,.188,.299,.173,.121,.253,.428,.0149,-.0451,.522,.645,.155,.139,.264,.00737,.321,.437,.327,.25,.194,.235,.351,.196,.0341,.286,.281,-.0507,.17,.133,.135,.213,.142,.183,0
2024,8,31,52,m,.0651,.181,-.0075,.129,.28,.286,.11,.183,.458,.579,-.118,.0318,.663,.778,.113,.152,.169,.117,-.198,.183,.25,.281,.159,.276,.285,.286,.169,.354,-.0608,-.0964,.0842,.13,.0997,.287,.106,.233,0
2024,8,31,53,m,-.212,-.027,.0379,.233,-.0685,.111,.194,.296,.281,.466,-.125,.0187,.645,.782,.0377,.032,.0742,.0573,-.421,-.205,.375,.522,.11,.207,.628,.694,-.0629,.167,.203,.165,.0999,.229,-.0194,.176,.00536,.106,0
2024,9,30,1,m,-.1,-.0639,-.165,-.0779,-.138,-.105,-.048,-.0705,.0914,.128,-.157,-.152,.249,.283,-.000667,-.00161,.0675,-.0625,-.0547,.0933,-.0704,-.114,.00868,.0368,.0351,-.0819,.162,.0838,-.211,-.241,-.132,-.116,-.00396,.0365,-.00312,.0245,0
2024,9,30,2,m,.135,.326,.0751,.122,.526,.356,.293,.238,.337,.473,.0943,.0886,.621,.648,.234,.151,.705,.451,.304,.472,.457,.342,.274,.277,.287,.166,.756,.553,.187,.0735,.236,.184,.279,.372,.263,.279,0
2024,9,30,3,m,.118,.224,.109,.176,.573,.414,.308,.238,.457,.513,.187,.196,.757,.74,.226,.122,.475,.334,.499,.681,.245,.21,.282,.251,.365,.208,.933,.839,.211,-.00213,.232,.183,.433,.515,.349,.338,0
2024,9,30,4,m,.0813,.0496,.195,.198,.353,.152,.258,.142,.418,.382,.0883,.0451,.694,.655,.166,.139,.244,.00849,.486,.517,.261,.138,.289,.259,.451,.173,.306,.244,.155,.0522,.22,.126,.303,.261,.247,.211,0
2024,9,30,5,m,.133,.133,.0768,.182,.543,.35,.189,.115,.407,.348,-.0116,-.0585,.558,.459,.104,.0556,.199,.0207,-.00696,.0256,.18,.129,.207,.178,.292,.155,.431,.265,.108,.0216,.163,.134,.226,.16,.182,.123,0
2024,9,30,6,m,.0634,.0385,-.065,-.014,.0473,-.0224,.0259,-.0297,.123,.142,-.126,-.141,.152,.201,.0404,.00201,.0508,-.085,-.0596,.0586,.016,-.0666,.044,.064,.153,-.0199,.268,.0859,-.107,-.19,-.0314,-.066,.0239,.047,.029,.0331,0
2024,9,30,7,m,-.0235,.0202,.0133,.0862,.213,.116,.145,.0958,.22,.262,-.00549,.00246,.432,.468,.0813,.105,.0189,-.0473,.131,.383,.301,.197,.172,.226,.299,.0939,.267,.385,-.0128,-.0729,.0718,.0563,.118,.175,.105,.149,0
2024,9,30,8,m,-.158,-.105,-.00179,.0577,-.00149,-.0759,.0432,-.0466,.127,.133,-.142,-.157,.317,.278,.213,.0195,.016,-.126,.0286,.04,.0917,-.0363,.16,.0901,.0851,-.0832,.138,.0703,-.122,-.239,-.00348,-.0597,.0151,.0198,.0717,.0197,0
2024,9,30,9,m,-.124,.0243,-.171,-.102,.0917,-.0111,.042,-.000482,.154,.25,-.103,-.097,.384,.415,.0825,.0962,.265,.106,.0578,.303,.0358,-.034,.12,.142,.15,.00712,.0677,-.0388,-.141,-.205,-.0601,-.0797,.0412,.103,.0549,.101,0
2024,9,30,10,m,.0737,.0425,.111,.159,.224,.102,.2,.106,.493,.451,-.0184,-.0498,.781,.732,.147,.0718,.125,-.0303,-.047,.106,.15,.0841,.257,.233,.348,.103,.207,.16,.0658,-.0167,.123,.0758,.246,.225,.206,.162,0
2024,9,30,11,m,-.851,-.848,.225,.312,.324,.395,.0123,-.0339,-.537,-.53,.114,.103,1.25,1.23,.183,.0933,.204,.0267,.406,.468,.281,.215,-.21,-.208,.152,-.0281,.774,.798,.327,.189,.255,.236,-.326,-.317,-.176,-.189,0
2024,9,30,12,m,-.0605,-.0767,-.00625,.0376,.0115,-.0499,.098,.0201,.233,.199,-.0808,-.0836,.454,.401,.0983,.0337,.283,.0334,.0435,.303,-.0111,-.1,.143,.107,.237,.0461,.25,.0438,-.0467,-.135,.0215,-.0273,.106,.102,.103,.0791,0
2024,9,30,13,m,.133,.413,.304,.423,2.43,2.65,.378,.355,.489,.688,-.122,-.0716,.789,.88,.529,.503,.432,.217,-.584,-.421,.0782,.0598,.372,.464,.233,.127,.164,.221,.312,.281,.466,.495,.0608,.233,.208,.327,0
2024,9,30,14,m,-.0773,.169,.284,.446,1.35,1.78,.42,.419,.191,.438,.0908,.0739,.441,.665,.394,.291,.335,.249,.287,.807,2.24,2.05,.304,.353,.439,.376,.431,.681,.251,.119,.689,.723,.201,.428,.284,.364,0
2024,9,30,15,m,.564,.658,1.26,1.37,3.56,3.31,.32,.284,.589,.698,.0688,.0189,.602,.72,-.0855,-.117,1.35,.798,-.326,-.256,1.27,1.15,.158,.162,.433,.339,1.07,.77,3.69,3.74,1.68,1.59,.275,.311,.087,.0798,0
2024,9,30,16,m,.014,.0122,.108,.157,.0454,.00998,.187,.142,.275,.3,-.00197,.00145,.512,.573,.314,.281,.191,.0996,.372,.577,.342,.286,.277,.323,.323,.108,.143,.0954,-.0321,-.0476,.125,.12,.126,.157,.199,.207,0
2024,9,30,17,m,-.00909,.0679,.0339,.0347,.274,.133,.137,.0573,.241,.289,-.0521,-.054,.487,.492,.19,.124,.156,-.0226,.164,.337,.0861,.0342,.203,.185,.249,.0376,-.0605,-.0429,.106,-.0523,.0931,.0209,.0964,.146,.13,.138,0
2024,9,30,19,m,.214,.101,.222,.259,.399,.431,.289,.226,.608,.515,.135,.0667,.79,.723,.113,.0538,.549,.149,.181,.313,.647,.469,.287,.218,.487,.415,.34,.287,.282,.296,.361,.29,.358,.303,.231,.173,0
2024,9,30,20,m,.376,.303,.244,.395,.855,.696,.517,.477,.682,.632,.351,.412,.861,.836,.228,.273,1.06,.51,.0907,1.28,.761,.713,.397,.47,.623,.468,1.54,.995,1.06,.584,.565,.514,.624,.705,.438,.501,0
2024,9,30,21,m,-.133,-.124,-.296,-.114,-.263,-.221,-.0218,-.0373,.0974,.0905,-.128,-.126,.372,.34,.0874,.0326,.181,.0615,.149,.199,-.0492,-.0283,.0847,.0533,.204,.0336,-.234,-.114,-.0991,-.132,-.182,-.102,-.0194,-.00683,.0144,.00612,0
2024,9,30,22,m,-.117,-.00391,-.0201,.0972,-.0628,.161,.021,-.0151,.35,.36,-.172,-.106,.714,.602,.131,.0464,.364,.0569,-.255,-.0208,.0806,.0871,.0178,.0934,.171,-.0922,.229,.2,-.0672,-.136,.0263,.0521,.157,.207,.15,.152,0
2024,9,30,23,m,.259,.266,.264,.262,1.07,.646,.649,.418,.4,.342,.0314,-.00168,.504,.392,.567,.319,.465,.167,.176,.432,.339,.291,.516,.357,.839,.644,.15,.443,.0457,-.0872,.303,.208,.23,.228,.349,.263,0
2024,9,30,24,m,-.0493,.114,.015,.148,-.0723,.00527,.194,.131,.331,.474,.0486,.0852,.756,.834,.18,.138,.295,.0908,.325,.689,.172,.147,.247,.19,.351,.169,.227,.303,.0651,-.0111,.0728,.0949,.204,.324,.192,.249,0
2024,9,30,25,m,.108,.217,.004,.221,.303,.17,.418,.424,.408,.517,.442,.387,.81,.906,.493,.367,.736,.714,1.25,1.44,.659,.834,.37,.363,.807,.559,1.59,1.09,.113,.22,.176,.323,.536,.568,.516,.476,0
2024,9,30,26,m,.45,.565,.19,.29,.889,.807,.296,.305,.54,.696,.1,.166,.576,.753,.0919,.016,.3,.158,-.135,.0895,.197,.285,.142,.191,.76,.699,-.0585,.132,.33,.3,.264,.304,.243,.407,.173,.205,0
2024,9,30,27,m,.0163,.123,.161,.236,.282,.608,.241,.225,.597,.661,.0801,.051,1.15,1.12,.301,.267,.588,.263,.68,.932,.358,.345,.295,.334,.287,.213,.52,.672,.145,-.036,.286,.246,.443,.443,.386,.371,0
2024,9,30,28,m,.119,.198,-.00328,.0565,.295,.494,.176,.135,.363,.441,.0583,.062,.598,.669,.207,.148,.213,.0736,.264,.672,.14,.133,.213,.237,.32,.123,.708,.383,.0624,-.0994,.0911,.0842,.222,.303,.217,.24,0
2024,9,30,29,m,.091,.156,-.136,-.046,.0741,.129,.141,.108,.261,.338,.0766,.0592,.449,.542,.284,.167,.71,.362,.053,.43,.336,.262,.235,.232,.283,.172,.484,.12,-.0912,-.163,.00892,.0105,.236,.246,.254,.213,0
2024,9,30,30,m,.198,.244,-.0518,.0968,.281,.0988,.146,.0708,.555,.5,.102,.00463,.974,.751,.144,.0887,.637,.147,-.0516,.263,.356,.214,.199,.199,.177,-.017,.906,.606,-.136,-.28,.0488,.0171,.351,.274,.267,.199,0
2024,9,30,31,m,.0753,.221,.0619,.139,-.00864,-.0733,.294,.218,.514,.605,.0476,.0674,1.02,.987,.266,.111,.316,.108,-.289,-.0981,.287,.175,.307,.26,.671,.518,.832,.883,.235,-.0892,.142,.0987,.198,.338,.233,.214,0
2024,9,30,32,m,.0391,.0783,.0227,.161,.26,.12,.0749,.0127,.179,.188,-.11,-.0708,.24,.232,.418,.0517,.0255,-.148,-.0773,.182,.221,.0752,.277,.151,-.0126,-.1,-.0996,-.0283,.046,-.00794,.0818,.0579,.0346,.088,.151,.0757,0
2024,9,30,33,m,.24,.231,.0297,.197,.0882,.0969,.121,.111,.493,.446,-.156,-.0668,.616,.545,.0795,.0885,.258,.116,-.378,-.162,.179,.119,.193,.206,.275,.147,.179,.178,-.0727,-.0066,.0796,.124,.054,.149,.0644,.126,0
2024,9,30,34,m,.108,.033,.155,.181,.27,.193,.259,.162,.445,.357,-.00656,-.0557,.62,.528,.158,.156,.359,.13,.134,.16,.366,.222,.285,.262,.488,.25,.107,.00609,.198,-.0849,.236,.141,.227,.165,.205,.162,0
2024,9,30,35,m,-.052,-.0508,-.00913,.0554,.0219,-.068,.0837,.0307,.258,.25,-.085,-.098,.438,.423,.0896,.0338,.0675,-.021,-.00134,.194,.0133,-.0554,.178,.167,.188,.0483,.0173,.0314,-.072,-.181,-.00239,-.0323,.114,.115,.106,.0886,0
2024,9,30,36,m,.136,.154,.108,.169,.311,.221,.271,.174,.432,.369,.134,.073,.725,.56,.284,.195,.332,.14,.318,.493,.201,.147,.334,.266,.325,.149,.327,.323,.22,.173,.191,.166,.349,.309,.324,.266,0
2024,9,30,37,m,-.191,-.118,.0888,.206,.161,.0288,.114,.113,.244,.286,.12,.161,.584,.579,.147,.000157,.428,.131,.503,.758,.158,.236,.0347,.0624,.221,.136,.18,.214,-.13,-.109,.109,.128,.22,.302,.198,.178,0
2024,9,30,38,m,.438,.463,.0711,.131,.425,.165,.301,.179,.721,.678,-.0467,-.0733,.965,.85,.198,.117,.142,-.00784,.00362,.0739,.273,.0775,.437,.338,.432,.206,.745,.511,.105,-.0277,.148,.0681,.468,.443,.362,.312,0
2024,9,30,39,m,.0998,.108,.152,.226,.255,.177,.275,.154,.401,.359,.105,.0224,.642,.549,.161,.117,.329,.103,.336,.34,.239,.0707,.261,.226,.49,.194,.331,.204,.141,-.00995,.203,.132,.299,.23,.244,.185,0
2024,9,30,40,m,.133,.239,.198,.3,.477,.217,.277,.274,.619,.665,.0798,.166,1.04,.996,.128,.0626,.631,.472,.222,.93,.35,.357,.212,.254,.461,.381,.243,.174,.253,.00508,.312,.282,.355,.465,.254,.27,0
2024,9,30,41,m,-.0342,-.0638,-.00056,.0229,-.0459,-.0664,.0719,-.0000361,.219,.183,-.0613,-.116,.395,.355,.0699,.0161,.0713,.0496,.0846,.11,.0866,-.01,.0916,.0884,.196,.013,-.00237,-.0242,-.0528,-.151,.00642,-.0257,.124,.0753,.104,.0533,0
2024,9,30,42,m,-.054,.0732,.00681,-.0196,.0571,-.033,.261,.185,.295,.392,-.0797,.0478,.634,.67,.319,.195,.416,.211,-.516,-.272,.108,.0535,.25,.255,.49,.288,.507,.466,-.164,-.356,.041,-.0557,.0321,.177,.122,.184,0
2024,9,30,43,m,.096,.0498,.0422,.121,.172,.134,.26,.175,.378,.354,.0535,.0252,.534,.533,.21,.112,.255,.12,.187,.282,.272,.203,.292,.227,.452,.237,.289,.168,.384,.251,.185,.16,.256,.255,.236,.193,0
2024,9,30,44,m,-.216,-.218,.123,.183,.224,.499,.212,.209,.316,.285,.361,.269,1.15,1.04,.109,.0757,.561,.287,.36,.046,.264,.278,.103,.129,.196,.257,.133,.403,.582,.563,.261,.289,.284,.194,.201,.139,0
2024,9,30,45,m,-.203,-.0494,.161,.354,.354,.531,.253,.235,.374,.443,.137,.17,.787,.74,.0705,.0304,.403,.257,.57,.583,.671,.432,.153,.199,.342,.22,.225,.29,.404,.108,.324,.325,.23,.318,.166,.192,0
2024,9,30,46,m,.658,.516,.162,.347,.339,.961,.535,.393,.814,.682,.482,.47,.906,.785,.595,.419,.923,.486,.65,1.23,.325,.231,.442,.302,.582,.299,.717,.48,.873,.282,.402,.383,.686,.669,.657,.574,0
2024,9,30,47,m,.118,.107,-.00751,.0858,.131,.105,.0791,.0225,.358,.307,-.064,-.0953,.487,.409,-.0082,-.0402,.0198,-.0839,-.0533,.0668,.00565,-.0402,.133,.136,.176,-.006,.0279,-.0477,-.0137,-.134,.0102,.00571,.149,.127,.0932,.0678,0
2024,9,30,48,m,1.53,1.3,.0965,.131,-.0692,-.175,.397,.288,1.23,1,.307,.161,1.14,.913,.179,.112,.356,.257,.535,.409,.373,.294,.476,.408,.557,.38,1.85,1.89,.0512,-.173,.139,.0699,1.04,.826,.643,.504,0
2024,9,30,49,m,.0402,.203,-.0515,.0595,.0793,.0879,.0846,.0502,.358,.388,-.09,-.0791,.577,.495,.0923,.0933,.25,.105,-.066,.193,-.0193,.0125,.189,.208,.209,.0313,.0803,.116,-.133,-.206,-.00864,.00746,.129,.152,.117,.132,0
2024,9,30,50,m,-.00972,.163,.0608,.11,.212,.28,.288,.238,.444,.497,.0572,.0807,.764,.689,.497,.197,.6,.347,.117,.353,.0527,.0429,.346,.272,.0593,.0436,.613,.386,-.258,-.327,.0605,.0379,.255,.291,.323,.259,0
2024,9,30,51,m,-.0684,.0526,.102,.152,.2,.309,.202,.101,.267,.383,-.0263,-.0404,.518,.616,.186,.178,.321,.0468,.235,.574,.222,.12,.248,.245,.387,.165,-.0626,.15,.311,-.0752,.199,.105,.118,.186,.144,.183,0
2024,9,30,52,m,.0806,.156,-.00481,.143,.11,.293,.102,.118,.43,.466,-.132,-.0552,.617,.621,.0983,.0998,.0922,-.0126,-.231,.0174,.201,.17,.162,.218,.223,.18,.202,.216,.0174,-.0924,.0624,.0956,.0835,.188,.0898,.153,0
2024,9,30,53,m,-.113,-.106,.112,.207,-.0407,.113,.219,.238,.397,.4,-.0577,.00939,.728,.724,.0332,-.0172,.213,.0521,-.363,-.202,.354,.398,.118,.161,.632,.591,-.0124,.0216,.162,.0898,.154,.189,.0492,.143,.0418,.0656,0
2024,10,31,1,m,-.0929,-.0475,-.162,-.0847,-.0604,.0324,-.0399,-.027,.121,.181,-.139,-.133,.293,.365,.000506,.0133,.0623,.022,-.0373,.147,-.0656,-.0723,.00757,.066,.06,.012,.226,.122,-.221,-.22,-.122,-.0839,.0221,.0704,.0153,.0525,0
2024,10,31,2,m,.0576,.349,.0472,.116,.414,.39,.254,.255,.241,.508,.12,.114,.493,.698,.244,.165,.713,.524,.384,.528,.348,.34,.229,.291,.262,.209,1.09,.716,.132,.0642,.19,.189,.242,.401,.244,.301,0
2024,10,31,3,m,.0827,.319,.14,.207,.619,.545,.344,.334,.413,.644,.211,.265,.699,.9,.295,.183,.494,.53,.534,.86,.236,.315,.279,.321,.453,.353,.74,.641,.206,.0652,.254,.26,.412,.604,.368,.414,0
2024,10,31,4,m,.00158,.0929,.196,.223,.147,.205,.233,.177,.362,.444,.0785,.0612,.674,.733,.179,.145,.232,.0941,.383,.452,.227,.209,.254,.281,.464,.238,.158,.239,.0789,.0467,.182,.167,.267,.284,.231,.227,0
2024,10,31,5,m,.196,.265,.105,.19,.467,.435,.21,.165,.457,.472,.0333,-.00818,.602,.578,.137,.0965,.163,.0918,.0502,.164,.155,.185,.234,.232,.362,.235,.453,.309,.0936,-.00178,.159,.165,.29,.25,.235,.195,0
2024,10,31,6,m,.104,.0941,-.0484,-.00866,.0818,.0395,.031,.013,.171,.225,-.113,-.125,.201,.299,.0548,.0476,.0525,-.0101,-.0738,.0486,-.0132,-.0213,.0459,.107,.162,.0589,.214,.0526,-.0755,-.164,-.0176,-.0344,.0541,.0882,.0544,.0757,0
2024,10,31,7,m,-.0738,.099,.0214,.0842,.168,.22,.162,.152,.119,.37,.0988,.0807,.275,.6,.116,.143,.0588,.0595,.34,.496,.217,.214,.156,.284,.335,.173,.719,.629,.0259,-.0379,.0742,.0906,.141,.275,.134,.225,0
2024,10,31,8,m,-.0593,-.0215,.0218,.0693,.0692,.0829,.0735,.0131,.206,.228,-.139,-.141,.372,.379,.202,.0442,.0107,-.0815,.0819,.0809,.0451,.0171,.22,.183,.134,-.0102,.0576,.0767,-.108,-.229,.0105,-.0194,.0549,.07,.0977,.0617,0
2024,10,31,9,m,-.0662,.0915,-.124,-.106,.0534,-.0247,.0588,.0381,.23,.35,-.0727,-.0719,.468,.539,.0391,.12,.278,.216,.394,.323,-.00416,-.00883,.114,.177,.211,.0782,.0197,-.018,-.219,-.217,-.0625,-.0689,.112,.166,.0859,.15,0
2024,10,31,10,m,-.0218,.104,.151,.197,.215,.211,.211,.159,.432,.52,.0144,-.0187,.782,.807,.114,.104,.197,.0781,.0553,.152,.206,.169,.235,.275,.377,.189,.177,.127,.0719,-.00533,.162,.137,.259,.264,.2,.199,0
2024,10,31,11,m,-.86,-.844,.271,.33,.447,.416,.0136,-.000558,-.556,-.513,.129,.112,1.27,1.32,.193,.118,.239,.104,.517,.549,.255,.284,-.22,-.185,.195,.0332,.726,.701,.252,.182,.277,.27,-.345,-.306,-.19,-.173,0
2024,10,31,12,m,-.0686,-.0298,.027,.0637,-.0767,-.0885,.0943,.0549,.221,.254,-.0708,-.0667,.438,.463,.0862,.0407,.237,.113,.0949,.31,-.0528,-.0806,.103,.121,.286,.135,.257,.108,-.0497,-.108,.0164,-.00205,.118,.141,.108,.107,0
2024,10,31,13,m,.173,.458,.368,.445,3.02,3.09,.389,.398,.588,.817,-.125,-.0233,.93,1.07,.516,.557,.624,.504,-.639,-.491,.102,.0922,.376,.522,.255,.167,.0498,.239,.368,.215,.574,.575,.0792,.273,.219,.372,0
2024,10,31,14,m,-.153,.216,.287,.435,1.19,1.78,.367,.455,.136,.521,.0414,.0787,.416,.778,.347,.298,.367,.359,.31,.79,2.05,2.13,.255,.393,.41,.453,.272,.519,.124,.0752,.638,.733,.151,.469,.235,.389,0
2024,10,31,15,m,.481,.85,1.35,1.43,3.95,3.71,.346,.371,.586,.882,.0432,.079,.652,.9,-.0887,-.0966,1.18,.9,-.444,-.291,1.26,1.28,.157,.233,.534,.481,1.01,.849,4.67,4.14,1.79,1.73,.254,.431,.0834,.146,0
2024,10,31,16,m,-.105,.0414,.148,.196,.0925,.153,.187,.184,.212,.358,.0274,.023,.536,.66,.318,.311,.213,.192,.576,.647,.292,.326,.255,.353,.311,.179,.088,.122,-.0287,-.0287,.146,.174,.121,.19,.196,.239,0
2024,10,31,17,m,-.102,.107,.0199,.0392,.42,.362,.146,.114,.204,.372,-.0303,-.00274,.532,.615,.248,.163,.138,.077,.245,.437,.0103,.0738,.201,.237,.293,.134,.0171,-.0264,.00794,-.103,.0721,.0587,.0986,.204,.15,.189,0
2024,10,31,19,m,.0548,.125,.136,.244,.379,.559,.245,.301,.444,.546,.0742,.064,.638,.758,.4,.38,.261,.208,.368,.428,.481,.544,.328,.376,.377,.48,.258,.237,.171,.26,.237,.312,.29,.309,.347,.346,0
2024,10,31,20,m,.205,.362,.351,.493,1.23,1.15,.508,.549,.575,.741,.371,.42,.816,.975,.168,.248,.943,.584,.731,1.51,.733,.816,.359,.511,.576,.54,.852,.716,.619,.417,.592,.6,.61,.742,.402,.509,0
2024,10,31,21,m,-.198,-.148,-.237,-.114,-.329,-.232,-.0138,-.00897,.107,.118,-.162,-.12,.494,.427,.16,.0901,.226,.185,.0795,.177,-.0892,-.00549,.0884,.0778,.216,.0979,-.0376,-.121,-.122,-.123,-.162,-.0863,-.0453,.00543,.0173,.0333,0
2024,10,31,22,m,-.0858,.0603,.0722,.161,.877,1.12,.0732,.0546,.389,.453,-.132,-.102,.752,.715,.129,.0794,.438,.201,-.213,-.00374,.117,.116,.0206,.156,.202,-.0446,.395,.168,-.0368,-.142,.183,.185,.21,.247,.185,.19,0
2024,10,31,23,m,.0612,.306,.309,.287,.973,.615,.745,.497,.336,.408,.118,.0908,.586,.478,.613,.348,.597,.389,.374,.72,.432,.394,.531,.41,.941,.789,.24,.417,-.0417,-.102,.325,.253,.26,.323,.38,.333,0
2024,10,31,24,m,-.0199,.132,.0632,.141,.0629,.0445,.212,.172,.421,.573,.0152,.0375,.901,1.01,.181,.169,.313,.205,.322,.509,.0562,.0922,.237,.221,.423,.28,.273,.242,.115,.00822,.104,.106,.23,.316,.209,.256,0
2024,10,31,25,m,-.017,.255,.126,.259,.154,.207,.404,.468,.313,.564,.358,.431,.792,.965,.555,.409,.754,.767,1.85,1.51,.643,.891,.36,.406,.747,.607,.391,1.15,.0575,.258,.214,.364,.471,.617,.502,.522,0
2024,10,31,26,m,.36,.637,.256,.347,.888,.744,.367,.379,.548,.795,.193,.232,.638,.863,.114,.0437,.371,.226,-.00451,.23,.319,.358,.18,.241,.845,.836,.186,.254,.307,.275,.328,.35,.331,.486,.229,.258,0
2024,10,31,27,m,.0571,.195,.221,.334,.248,.601,.173,.238,.531,.739,-.0363,.00444,.927,1.2,.229,.287,.66,.269,.468,.748,.23,.348,.199,.32,.234,.257,.575,.724,.178,.0901,.295,.311,.314,.435,.279,.374,0
2024,10,31,28,m,.0544,.228,.0344,.078,.316,.435,.16,.172,.333,.51,.0134,.0668,.609,.774,.189,.177,.217,.179,.248,.588,.0552,.183,.191,.28,.317,.186,.6,.306,-.0236,-.104,.0827,.108,.197,.326,.194,.266,0
2024,10,31,29,m,.0163,.24,-.137,-.0303,-.0646,.132,.125,.148,.233,.435,.0421,.0542,.509,.654,.3,.185,.602,.44,-.166,.192,.246,.327,.208,.27,.344,.259,.352,.101,-.168,-.131,-.0377,.0407,.196,.293,.234,.249,0
2024,10,31,30,m,.119,.292,-.0477,.128,.245,.193,.124,.117,.392,.533,.0356,.0844,.692,.77,.122,.111,.45,.224,.0947,.594,.199,.21,.151,.223,.243,.0709,-.0386,.508,-.243,-.328,-.00217,.0316,.205,.333,.17,.243,0
2024,10,31,31,m,-.00881,.237,.103,.169,.0939,.036,.307,.267,.462,.674,.0736,.0818,1.02,1.11,.261,.119,.352,.201,-.198,-.0727,.319,.269,.277,.285,.742,.604,.593,.796,.219,-.00526,.183,.161,.216,.362,.24,.229,0
2024,10,31,32,m,.0162,.16,.0217,.148,.23,.101,.0656,.0443,.184,.283,-.113,-.0494,.26,.333,.401,.0792,-.0462,-.121,-.15,.187,.0976,.0897,.239,.183,.0273,-.033,-.0473,.0637,.0218,-.0218,.0429,.0564,.0532,.138,.161,.118,0
2024,10,31,33,m,.314,.346,.0775,.217,.201,.25,.168,.166,.56,.543,-.0796,-.0267,.682,.635,.132,.132,.264,.266,-.337,-.15,.273,.188,.195,.256,.36,.21,.425,.319,.0617,-.00591,.151,.186,.153,.206,.146,.178,0
2024,10,31,34,m,.108,.0804,.174,.183,.267,.45,.25,.191,.452,.43,.0368,-.0329,.631,.616,.145,.177,.377,.18,.169,.24,.259,.182,.221,.278,.504,.31,.109,.0241,.191,-.0483,.23,.171,.284,.232,.239,.214,0
2024,10,31,35,m,-.032,-.00475,-.0182,.035,-.0601,-.0616,.116,.0727,.327,.345,-.0419,-.0759,.538,.547,.137,.0744,.0673,.0552,.0554,.273,.0129,-.00882,.196,.204,.28,.137,.034,-.048,-.0281,-.155,-.00621,-.0167,.188,.176,.172,.143,0
2024,10,31,36,m,.0861,.192,.165,.182,.319,.267,.301,.237,.384,.446,.172,.114,.674,.671,.281,.229,.365,.279,.51,.581,.264,.234,.286,.304,.447,.286,.656,.439,.195,.121,.232,.205,.36,.36,.331,.311,0
2024,10,31,37,m,-.215,-.0902,.0898,.224,.0109,.0608,.0696,.148,.15,.326,.0928,.197,.415,.628,.149,.0313,.33,.166,.532,.813,-.0842,.302,-.00017,.0943,.187,.17,.171,.252,-.138,-.0809,.0401,.16,.197,.343,.184,.215,0
2024,10,31,38,m,.498,.475,-.00822,.0503,.469,.311,.268,.192,.754,.735,-.0178,-.0613,.958,.945,.198,.131,.0884,.0539,.123,.128,.129,.0987,.395,.36,.422,.236,.964,.621,.00852,-.082,.0697,.0472,.533,.48,.4,.34,0
2024,10,31,39,m,.0544,.18,.201,.244,.318,.3,.279,.214,.396,.48,.103,.0561,.679,.706,.216,.17,.299,.211,.308,.374,.227,.113,.269,.287,.473,.294,.53,.372,.0826,-.0177,.215,.175,.287,.295,.258,.245,0
2024,10,31,40,m,.0558,.322,.243,.358,.457,.233,.285,.347,.563,.823,.0775,.199,1.01,1.21,.136,.102,.721,.607,.253,.956,.324,.452,.195,.323,.501,.498,.201,.24,.291,.0213,.346,.345,.345,.557,.255,.336,0
2024,10,31,41,m,-.0524,-.0655,.0171,.0405,-.0858,-.064,.0743,.0364,.219,.218,-.0457,-.0946,.403,.415,.0732,.0358,.0517,.0919,-.0306,.125,.0799,.04,.073,.0979,.219,.106,.19,.0869,-.0674,-.155,.00443,-.00686,.13,.102,.109,.0776,0
2024,10,31,42,m,-.0469,.143,.00322,-.00733,.0177,.0213,.268,.251,.335,.501,-.0773,.079,.713,.814,.329,.219,.345,.323,-.522,-.266,.0625,.108,.243,.299,.555,.435,.475,.49,-.17,-.318,.023,-.0161,.0472,.225,.134,.223,0
2024,10,31,43,m,.0842,.0796,.111,.183,.0352,.147,.294,.229,.382,.383,.223,.144,.555,.561,.32,.21,.252,.149,1.15,1.08,.183,.252,.332,.29,.522,.328,.41,.089,.25,.106,.162,.17,.435,.369,.385,.3,0
2024,10,31,44,m,-.0609,-.0803,.295,.311,.274,.772,.29,.28,.467,.407,.337,.234,1.29,1.14,.0665,.0882,.743,.379,.439,.212,.476,.466,.143,.202,.326,.33,.824,.686,.808,.667,.435,.433,.398,.268,.236,.184,0
2024,10,31,45,m,-.231,-.0304,.163,.339,.338,.656,.291,.297,.388,.564,.209,.202,.824,.923,.143,.0999,.354,.375,.661,.602,.481,.461,.223,.303,.452,.3,.419,.313,.243,.187,.272,.363,.326,.38,.251,.257,0
2024,10,31,46,m,.53,.577,.223,.38,.696,1.04,.48,.436,.615,.749,.436,.47,.651,.857,.592,.467,.782,.545,.646,1.19,.38,.285,.378,.338,.463,.326,.656,.348,.666,.357,.443,.435,.547,.686,.567,.603,0
2024,10,31,47,m,.0841,.213,.0467,.0981,.203,.246,.119,.0742,.409,.439,-.0126,-.0673,.604,.554,.0251,.00442,-.000787,-.0307,-.178,.00168,.183,.023,.132,.17,.237,.098,.185,.165,.108,-.0613,.0864,.0547,.198,.198,.137,.13,0
2024,10,31,48,m,1.55,1.33,.0545,.153,-.17,-.127,.351,.314,1.22,1.05,.293,.16,1.12,.968,.16,.111,.424,.294,.249,.277,.458,.375,.413,.4,.527,.43,2.05,1.78,-.0226,-.0951,.0988,.115,1,.828,.615,.505,0
2024,10,31,49,m,-.0912,.284,-.059,.0439,.0564,.18,.0234,.103,.211,.53,-.15,-.0666,.416,.672,-.0182,.139,.101,.242,-.0432,.148,-.144,.0242,.084,.255,.183,.132,.177,.18,-.151,-.162,-.0555,.0416,.0416,.2,.021,.179,0
2024,10,31,50,m,.0723,.264,.0692,.125,.314,.46,.311,.287,.473,.583,.0458,.0961,.74,.768,.489,.233,.526,.476,.182,.374,.107,.152,.38,.336,.159,.0871,.349,.33,-.285,-.342,.0757,.092,.276,.325,.337,.293,0
2024,10,31,51,m,.0236,.217,.148,.175,.302,.494,.233,.161,.402,.569,-.0128,-.0389,.698,.818,.264,.217,.313,.153,.218,.509,.195,.161,.297,.316,.377,.238,.164,.308,.277,-.0209,.221,.164,.216,.279,.233,.254,0
2024,10,31,52,m,-.0887,.101,-.0352,.0727,.17,.212,.111,.148,.39,.54,-.088,-.0173,.664,.759,.118,.127,.165,.136,-.113,.0669,.162,.159,.112,.229,.314,.277,.285,.15,-.0111,-.107,.0567,.0808,.113,.223,.116,.184,0
2024,10,31,53,m,-.221,-.114,.0887,.229,.144,.214,.219,.285,.349,.471,-.0446,.0636,.743,.846,.00982,.00748,.034,.0709,-.388,-.141,.292,.399,.123,.192,.625,.66,.11,.167,.0318,.0251,.108,.203,.0518,.207,.0327,.11,0
2024,11,30,1,m,-.0871,.202,-.171,-.096,-.0305,-.0104,-.0582,-.0302,.0741,.401,-.161,-.0692,.207,.563,-.0189,.0584,.0614,-.0619,-.0517,.19,-.0723,-.118,-.0102,.16,.0412,-.0504,.196,.291,-.16,-.257,-.112,-.117,-.0152,.247,-.0169,.188,0
2024,11,30,2,m,.0642,.504,.0554,.0584,.416,.294,.236,.234,.225,.677,.0684,.138,.435,.883,.219,.204,.752,.41,.179,.403,.403,.266,.203,.356,.29,.185,.94,.927,.144,.0203,.204,.124,.206,.542,.213,.399,0
2024,11,30,3,m,.144,.597,.16,.174,.801,.494,.301,.309,.36,.906,.207,.349,.527,1.15,.222,.246,.54,.337,.419,.843,.256,.247,.233,.407,.418,.282,.751,1.11,.201,-.0246,.281,.191,.373,.851,.318,.578,0
2024,11,30,4,m,.0168,.416,.195,.207,.261,.155,.208,.186,.258,.757,.0408,.144,.454,1.04,.152,.219,.223,-.0146,.407,.609,.233,.128,.203,.387,.448,.177,.234,.573,.177,.0118,.209,.117,.182,.547,.169,.413,0
2024,11,30,5,m,.236,.653,.121,.119,.472,.399,.184,.165,.371,.783,.00798,.0831,.444,.85,.0754,.165,.15,-.00538,-.0155,.202,.208,.103,.189,.336,.318,.156,.415,.61,.165,-.0666,.185,.0912,.224,.493,.174,.375,0
2024,11,30,6,m,.111,.433,-.0514,-.0325,.0566,-.0168,.023,.0224,.112,.466,-.114,-.0421,.112,.484,.0565,.0899,.0382,-.102,-.0236,.143,.0365,-.058,.0441,.207,.149,.00962,.315,.402,-.0851,-.241,-.0173,-.0837,.0371,.297,.043,.233,0
2024,11,30,7,m,-.0531,.332,.0139,.0806,.307,.136,.143,.142,.107,.597,.0249,.138,.238,.823,.12,.221,.00902,-.0771,.228,.605,.242,.143,.136,.367,.358,.0902,.353,.799,.037,-.0851,.0795,.0403,.0819,.471,.0976,.376,0
2024,11,30,8,m,-.0486,.285,.0361,.0523,-.0388,.0323,.0645,.0211,.148,.504,-.119,-.0533,.273,.637,.112,.115,.0895,-.152,.00814,.155,.0353,-.0648,.15,.268,.159,-.0408,.15,.387,-.0256,-.247,.0283,-.0594,.0231,.285,.0479,.23,0
2024,11,30,9,m,-.0405,.308,-.128,-.122,.071,-.0423,.0522,.0242,.188,.522,-.0844,.00868,.373,.678,.0206,.17,.272,.0518,.22,.307,-.0442,-.0824,.0926,.245,.218,.00401,.114,.222,-.121,-.255,-.0473,-.116,.0844,.318,.0622,.266,0
2024,11,30,10,m,.123,.545,.166,.167,.132,.0724,.199,.17,.391,.903,.00107,.0704,.577,1.15,.1,.18,.174,-.0108,.0106,.246,.229,.0911,.212,.4,.349,.123,.294,.586,.187,-.0599,.178,.0742,.229,.559,.18,.404,0
2024,11,30,11,m,-.872,-.792,.232,.313,.46,.388,.0108,.00973,-.62,-.395,.0603,.195,1,1.8,.157,.195,.307,.0181,.32,.617,.282,.207,-.322,-.116,.154,-.0146,.846,1.15,.406,.133,.296,.225,-.441,-.169,-.295,-.0558,0
2024,11,30,12,m,-.00188,.297,-.0107,.0184,-.0114,-.105,.093,.0662,.214,.533,-.0557,.0283,.382,.707,.104,.113,.238,-.00868,.0304,.29,-.0443,-.139,.112,.242,.266,.0703,.28,.414,.00704,-.148,.019,-.0549,.119,.368,.113,.282,0
2024,11,30,13,m,.246,.94,.301,.35,2.83,2.7,.326,.393,.455,1.26,-.175,.0431,.6,1.48,.578,.79,.471,.32,-.646,-.455,.12,.111,.39,.711,.165,.0835,.0966,.581,.337,.197,.499,.477,.0329,.571,.19,.648,0
2024,11,30,14,m,-.119,.472,.283,.348,1.07,1.58,.367,.45,.0892,.763,.0717,.122,.276,1.01,.324,.37,.248,.195,.2,.756,2.27,2.08,.225,.486,.468,.409,.493,1.19,.216,.0248,.669,.643,.12,.691,.204,.541,0
2024,11,30,15,m,.483,1.11,1.2,1.2,3.97,3.97,.293,.343,.487,1.15,.000909,.158,.487,1.18,-.115,-.0601,1.2,.7,-.381,-.235,1.05,.979,.12,.275,.499,.429,.718,1.24,5.04,3.99,1.71,1.53,.2,.647,.0542,.265,0
2024,11,30,16,m,-.0302,.319,.113,.153,.229,.171,.169,.184,.172,.616,.00586,.134,.359,.899,.303,.381,.164,.0437,.314,.681,.338,.277,.228,.443,.296,.121,.25,.508,-.0253,-.0815,.144,.119,.0845,.42,.16,.404,0
2024,11,30,17,m,-.0226,.398,.0188,-.0142,.336,.178,.115,.118,.163,.628,-.0595,.086,.34,.839,.169,.197,.237,-.00233,.174,.418,.0484,.00277,.156,.344,.195,.0715,.0768,.281,.265,-.0721,.119,-.000801,.0598,.428,.0955,.341,0
2024,11,30,19,m,.128,.515,.192,.247,.546,.616,.251,.291,.411,.886,.0869,.147,.554,1.07,.0815,.117,.369,.123,.289,.484,.637,.512,.21,.327,.498,.497,.32,.631,.246,.224,.326,.292,.257,.569,.174,.333,0
2024,11,30,20,m,.304,.799,.288,.387,1.37,1.1,.493,.577,.583,1.17,.345,.521,.759,1.4,.14,.343,.72,.426,.44,1.43,.978,.817,.331,.667,.695,.572,.62,1.24,.83,.403,.603,.522,.562,1.13,.375,.755,0
2024,11,30,21,m,-.159,.115,-.182,-.137,-.0819,-.2,.0131,-.00444,.0761,.346,-.12,-.0493,.375,.614,.143,.129,.294,.104,.0787,.132,-.0525,-.0976,.0809,.179,.194,.047,-.0767,.0558,-.089,-.185,-.0911,-.126,-.0189,.185,.028,.167,0
2024,11,30,22,m,-.123,.341,.016,.105,-.104,.0915,.00787,.0452,.294,.767,-.0888,.0365,.618,1.05,.0861,.181,.603,.0927,-.2,.151,-.168,.0545,-.0419,.234,.171,-.0896,.662,.669,-.0327,-.176,.0182,.0408,.173,.55,.149,.424,0
2024,11,30,23,m,.163,.572,.326,.236,.999,.587,.731,.477,.29,.622,.144,.111,.39,.656,.645,.467,.553,.237,.351,.455,.376,.291,.497,.522,.913,.696,.327,.522,.0145,-.145,.336,.186,.234,.469,.369,.468,0
2024,11,30,24,m,.113,.418,.0263,.0624,.0235,.0343,.218,.181,.47,.839,.0862,.193,.841,1.26,.113,.215,.305,.101,.411,.557,.0662,.037,.243,.312,.465,.262,.364,.685,.143,-.0574,.0891,.0369,.298,.57,.225,.426,0
2024,11,30,25,m,-.136,.259,.21,.263,.351,.308,.487,.488,.222,.663,.444,.435,.744,1.19,.545,.479,.91,.772,1.73,1.52,.883,.924,.336,.473,.905,.618,1.06,1.16,.256,.261,.36,.381,.42,.68,.467,.588,0
2024,11,30,26,m,.65,1.15,.259,.258,.923,.611,.418,.39,.642,1.15,.277,.334,.637,1.16,.135,.132,.494,.167,-.017,.141,.344,.254,.222,.311,1.1,.85,.161,.521,.693,.19,.383,.26,.406,.759,.282,.435,0
2024,11,30,27,m,.0189,.414,.0931,.133,.252,.416,.104,.18,.418,.98,-.0602,.0288,.752,1.46,.237,.363,.155,.0549,.288,.649,.252,.275,.17,.38,.174,.167,.66,1.23,.0767,-.0144,.156,.146,.238,.586,.238,.494,0
2024,11,30,28,m,.201,.521,-.0289,-.0255,.42,.267,.161,.144,.422,.757,.0272,.127,.642,.979,.209,.225,.147,.0598,.287,.557,.167,.141,.231,.349,.297,.124,.262,.471,-.0501,-.197,.0675,.00785,.239,.493,.229,.384,0
2024,11,30,29,m,.0387,.427,-.12,-.0441,.165,.115,.124,.144,.168,.616,.0435,.125,.31,.828,.316,.288,.696,.385,-.131,.25,.256,.257,.188,.364,.292,.215,.215,.199,-.13,-.192,.00724,.00447,.175,.469,.224,.394,0
2024,11,30,30,m,.168,.447,-.0371,-.0537,.206,.0472,.13,.074,.411,.755,.145,.214,.649,1.06,.0703,.145,.365,.0969,.0749,.71,.326,.073,.154,.291,.197,.0258,.667,1.01,-.216,-.408,.0202,-.108,.319,.571,.221,.398,0
2024,11,30,31,m,.0964,.592,.0683,.13,-.0546,-.131,.284,.292,.46,1.04,.0169,.164,.85,1.49,.286,.238,.41,.165,-.251,-.0487,.264,.213,.307,.409,.78,.576,.511,1.39,.369,-.0242,.157,.109,.195,.665,.24,.432,0
2024,11,30,32,m,-.0692,.292,.00456,.0545,.195,-.0226,-.054,-.021,.0148,.385,-.215,-.0553,.0505,.422,.0571,.0351,-.0898,-.238,-.196,.0987,.0675,-.0459,.0191,.149,-.0681,-.0744,-.246,.171,-.0584,-.23,.0101,-.0695,-.0997,.2,-.0457,.144,0
2024,11,30,33,m,.325,.728,.0526,.0941,-.000962,.063,.118,.127,.442,.826,-.106,.0399,.5,.872,.101,.179,.186,.0376,-.337,-.0493,.207,.0163,.174,.334,.265,.106,.557,.745,.0333,-.146,.0919,.0259,.0961,.42,.101,.328,0
2024,11,30,34,m,.219,.526,.153,.158,.0506,.183,.248,.251,.376,.802,.0161,.0875,.451,.948,.113,.272,.396,.0688,.162,.354,.244,.133,.248,.443,.506,.33,.387,.469,.39,-.00951,.221,.118,.227,.535,.191,.452,0
2024,11,30,35,m,.00329,.275,-.034,-.0106,-.0775,-.0812,.0759,.0743,.242,.59,-.0738,.00643,.378,.771,.0765,.136,.0402,-.0564,-.00694,.292,.00263,-.0853,.136,.302,.247,.0743,-.000338,.17,-.0404,-.228,-.0225,-.0786,.115,.375,.103,.298,0
2024,11,30,36,m,.127,.499,.165,.164,.361,.208,.293,.245,.352,.734,.169,.198,.566,.944,.219,.284,.456,.189,.266,.511,.323,.182,.269,.43,.448,.226,.616,.743,.28,.118,.269,.168,.327,.605,.287,.484,0
2024,11,30,37,m,-.0877,.217,.0224,.185,-.0746,-.171,.0685,.162,.176,.622,.125,.298,.359,.915,.146,.128,.323,.0639,.604,.932,.0576,.248,.0149,.174,.148,.171,.445,.593,-.0064,-.105,.0469,.0914,.205,.578,.19,.393,0
2024,11,30,38,m,.457,.81,.0468,.112,.25,.213,.264,.229,.653,1.05,-.0185,.0149,.811,1.24,.14,.163,.094,-.0522,.0659,.192,.207,.0521,.352,.466,.549,.306,1.14,1.02,.0751,-.104,.106,.0363,.47,.733,.345,.505,0
2024,11,30,39,m,.0367,.442,.168,.141,.276,.291,.215,.198,.303,.725,.0838,.167,.52,.939,.123,.179,.248,.06,.51,.508,.136,.0398,.19,.365,.411,.232,.376,.663,.13,-.11,.183,.08,.225,.527,.185,.387,0
2024,11,30,40,m,.149,.602,.241,.301,.404,.124,.277,.36,.586,1.1,.0767,.321,.957,1.49,.12,.167,.553,.395,.226,.939,.288,.342,.198,.39,.53,.495,.169,.644,.269,-.0281,.312,.256,.357,.804,.259,.494,0
2024,11,30,41,m,-.0447,.23,-.0154,-.00898,-.00366,-.0683,.0752,.0469,.19,.482,-.0448,-.0226,.363,.657,.0626,.101,.116,.0259,.00481,.109,.0741,-.0217,.0581,.205,.246,.0683,.0857,.246,-.024,-.199,.0146,-.0543,.12,.304,.0982,.229,0
2024,11,30,42,m,.0345,.374,-.00228,-.0782,.0145,-.0745,.234,.248,.355,.757,-.103,.208,.648,1.09,.305,.306,.395,.231,-.553,-.229,.0457,.0316,.246,.4,.511,.318,.378,.841,-.196,-.357,.0151,-.0862,.0543,.454,.128,.401,0
2024,11,30,43,m,.211,.593,.0536,.146,.133,.254,.273,.269,.395,.86,.168,.244,.498,1.02,.167,.189,.357,.132,.591,.665,.29,.218,.26,.412,.577,.344,.571,.734,.46,.166,.212,.17,.389,.706,.299,.483,0
2024,11,30,44,m,-.323,.0014,.106,.241,.222,.473,.0843,.256,.186,.618,.194,.229,1.1,1.54,-.122,.142,.446,.346,-.27,.000525,.158,.344,-.0303,.274,.193,.253,1.32,1.41,.289,.567,.185,.333,.0944,.369,-.00775,.263,0
2024,11,30,45,m,-.077,.291,.236,.297,.447,.484,.282,.288,.456,.86,.212,.328,.818,1.2,.179,.211,.33,.224,.705,.599,.459,.293,.254,.372,.435,.228,.469,.967,.13,-.00998,.289,.248,.335,.633,.277,.448,0
2024,11,30,46,m,.478,.92,.191,.298,.51,.799,.366,.419,.414,1.08,.341,.646,.359,1.18,.419,.584,.679,.446,.51,1.15,.261,.175,.278,.418,.383,.244,.383,.859,.573,.242,.362,.326,.426,1.03,.429,.859,0
2024,11,30,47,m,.119,.572,.0267,.0339,.184,.0939,.0629,.0769,.307,.72,-.0682,.00549,.415,.796,.00244,.0646,.121,-.0782,-.196,.0676,.0453,-.126,.0983,.265,.164,.0649,.126,.294,-.0949,-.19,.0382,-.0415,.115,.424,.0766,.297,0
2024,11,30,48,m,1.55,2.38,.0314,.156,-.207,-.13,.356,.383,1.12,1.47,.288,.297,.965,1.19,.209,.252,.391,.174,.272,.468,.592,.341,.46,.583,.628,.51,1.92,2.54,.045,-.18,.106,.0836,.927,1.23,.619,.787,0
2024,11,30,49,m,-.0447,.549,-.0654,-.0106,-.0674,.302,.000116,.112,.137,.751,-.179,.0223,.25,.867,-.0697,.179,.109,.0594,-.165,.11,-.188,-.135,.0538,.328,.209,.141,.0135,.348,-.173,-.216,-.0789,-.033,-.0206,.376,-.0374,.308,0
2024,11,30,50,m,.11,.637,.0783,.0539,.174,.3,.275,.317,.431,.934,.0571,.248,.643,1.1,.276,.302,.527,.373,.0498,.34,.124,.065,.274,.439,.197,.109,.63,1.02,-.324,-.396,.0551,.00954,.274,.638,.272,.521,0
2024,11,30,51,m,-.0819,.448,.0747,.105,.634,.574,.185,.169,.204,.853,.0207,.0972,.414,1.14,.154,.263,.264,.0383,.375,.648,.263,.11,.181,.403,.36,.188,.327,1.27,.335,-.111,.228,.0999,.141,.566,.143,.444,0
2024,11,30,52,m,.134,.498,-.0555,-.0279,.387,.203,.124,.145,.467,.829,-.0651,.0982,.649,.995,.161,.236,.163,.00987,-.215,.0573,.166,.038,.165,.321,.258,.184,.468,.561,.145,-.0737,.0883,.00303,.131,.463,.143,.372,0
2024,11,30,53,m,-.142,.0996,.0597,.136,.0113,.0485,.162,.251,.245,.639,-.0473,.116,.482,.985,-.0308,.0469,.0429,-.0631,-.383,-.161,.231,.277,.0593,.22,.636,.608,.19,.602,.0857,-.0762,.0812,.0926,.0574,.377,.0185,.217,0
2024,12,31,1,m,-.172,.423,-.149,-.0637,-.0574,-.0163,-.0757,.0524,-.0322,.67,-.189,-.0434,.0802,.869,-.0457,.164,.0475,-.072,-.0462,.0921,-.0383,-.0811,-.0577,.31,.0437,.0719,.0451,.76,-.158,-.286,-.0998,-.105,-.0861,.423,-.0763,.342,0
2024,12,31,2,m,.046,.708,.0486,.0423,.438,.338,.217,.315,.185,.945,.0451,.203,.35,1.23,.246,.275,.712,.409,.168,.279,.374,.303,.194,.512,.257,.284,.661,1.78,.17,-.00635,.207,.118,.162,.741,.193,.544,0
2024,12,31,3,m,.0736,.814,.104,.17,.585,.463,.27,.381,.28,1.23,.138,.301,.431,1.55,.257,.359,.434,.349,.424,.488,.246,.269,.215,.567,.35,.345,.517,1.85,.334,.0088,.252,.198,.279,1,.275,.711,0
2024,12,31,4,m,-.0326,.709,.184,.24,.257,.204,.169,.273,.205,1.12,-.0351,.156,.401,1.46,.141,.359,.235,-.0418,.24,.365,.189,.146,.176,.58,.399,.262,.0887,1.06,.13,-.0311,.19,.126,.109,.751,.117,.59,0
2024,12,31,5,m,.13,.814,.147,.121,.443,.366,.185,.226,.295,1.01,.00523,.0603,.384,1.12,.0977,.295,.241,-.0246,.0657,.0601,.246,.0899,.178,.461,.307,.259,.312,1.08,.205,-.112,.221,.0756,.186,.597,.156,.488,0
2024,12,31,6,m,.0144,.674,-.0529,-.0116,-.00216,-.00485,.00654,.103,.0234,.702,-.141,-.00397,.028,.719,.0729,.206,.0408,-.104,-.0393,.0408,.0255,-.0621,.0142,.342,.154,.134,.172,.822,-.0805,-.266,-.024,-.0794,-.0369,.454,-.00853,.377,0
2024,12,31,7,m,-.11,.624,-.018,.0746,.148,.123,.115,.237,.0842,.93,-.0323,.179,.257,1.19,.0969,.343,.0889,-.0357,.247,.442,.256,.168,.127,.558,.311,.215,-.014,1.27,.0158,-.0989,.0621,.0444,.0191,.67,.0476,.546,0
2024,12,31,8,m,-.068,.59,.0717,.0861,.0714,-.0325,.0402,.0765,.104,.763,-.149,-.0704,.22,.867,.079,.24,.0575,-.154,.071,.0286,.0549,-.042,.12,.416,.11,.014,.0405,.728,-.0735,-.285,.047,-.0583,-.0078,.424,.0165,.365,0
2024,12,31,9,m,-.0823,.502,-.177,-.103,.0475,-.00267,.017,.105,.101,.741,-.122,.0481,.242,.917,.0794,.274,.278,.0637,.245,.203,-.049,-.0288,.0666,.38,.159,.132,-.0726,.614,-.108,-.278,-.0692,-.0987,.00718,.46,.0274,.395,0
2024,12,31,10,m,.0838,.797,.168,.178,.157,.0559,.197,.242,.363,1.22,-.0129,.0902,.561,1.51,.114,.328,.216,-.0538,.0492,.13,.22,.0966,.218,.555,.34,.2,.192,1.07,.19,-.084,.188,.0656,.205,.739,.17,.571,0
2024,12,31,11,m,-.814,-.73,.175,.306,.382,.389,-.00581,.0662,-.503,-.25,.0386,.235,.888,2.41,.142,.332,.221,.00483,.423,.453,.247,.197,-.23,.0184,.0933,.0283,.495,2.18,.391,.127,.241,.217,-.347,-.0439,-.216,.0732,0
2024,12,31,12,m,-.117,.481,-.0302,.0591,.0238,-.0246,.05,.154,.0974,.783,-.0784,.0666,.264,1,.0585,.176,.205,-.0183,.224,.268,-.0697,-.109,.0554,.369,.189,.206,.112,.808,.0172,-.177,.00902,-.0322,.0438,.538,.0463,.416,0
2024,12,31,13,m,.243,1.53,.339,.444,2.75,3.04,.373,.596,.416,1.89,-.139,.109,.536,2.13,.592,1.09,.72,.522,-.626,-.507,.237,.203,.412,1.07,.186,.262,-.16,1.16,.499,.339,.6,.612,.0553,.88,.209,.953,0
2024,12,31,14,m,-.171,.76,.289,.369,.938,1.75,.311,.539,.0144,1.14,.0118,.112,.173,1.46,.319,.463,.358,.169,.337,.537,2.17,2.02,.173,.681,.389,.487,.0796,1.9,.229,.0143,.671,.651,.0331,.942,.14,.718,0
2024,12,31,15,m,.31,1.29,1.2,1.26,3.94,4.04,.287,.394,.384,1.45,.0371,.123,.423,1.53,-.0952,.0626,1.05,.699,-.332,-.387,1.17,1.07,.114,.415,.462,.501,.61,1.94,5.17,3.59,1.69,1.54,.207,.771,.0646,.388,0
2024,12,31,16,m,-.0147,.647,.113,.167,.277,.231,.157,.289,.185,1.03,-.0569,.18,.366,1.39,.311,.526,.142,.0531,.291,.534,.293,.31,.245,.68,.277,.223,-.0152,1.06,.0138,-.0841,.148,.137,.0533,.657,.137,.604,0
2024,12,31,17,m,-.0225,.657,-.0192,-.00839,.154,.149,.0783,.209,.129,.921,-.135,.102,.267,1.16,.14,.303,.159,-.0173,.00861,.274,.0571,.0401,.122,.492,.212,.225,-.14,.768,.0981,-.112,.0543,-.00305,-.00479,.597,.0403,.486,0
2024,12,31,19,m,.0385,.812,.238,.262,.449,.566,.245,.365,.313,1.26,.0629,.161,.455,1.48,.111,.235,.412,.0861,.306,.357,.696,.536,.199,.48,.439,.578,.135,1.19,.294,.19,.363,.288,.19,.776,.155,.494,0
2024,12,31,20,m,.256,1.12,.239,.38,1.02,.992,.454,.675,.504,1.52,.357,.634,.662,1.76,.167,.479,.884,.398,.32,1.09,.816,.798,.312,.849,.628,.669,.92,2.67,.708,.191,.533,.475,.486,1.38,.349,.954,0
2024,12,31,21,m,-.201,.244,-.172,-.085,-.0899,-.166,.00423,.0982,.00404,.524,-.153,-.00947,.253,.847,.0785,.195,.236,.0926,.147,.129,-.0493,-.0359,.0409,.31,.219,.247,-.237,.406,-.114,-.233,-.096,-.105,-.0711,.306,-.0288,.27,0
2024,12,31,22,m,-.12,.641,.00956,.125,.135,.225,-.0424,.106,.191,1.06,-.185,.0115,.42,1.34,-.00434,.286,.485,.128,-.376,-.015,-.0969,.00726,-.0924,.369,.106,-.0166,.264,.945,-.159,-.329,.0294,.0294,.0493,.711,.036,.565,0
2024,12,31,23,m,.0921,1.05,.334,.251,.777,.518,.738,.598,.144,1.04,.0599,.116,.184,1.03,.534,.601,.42,.249,.244,.397,.392,.302,.392,.773,.891,.86,.0997,1.03,-.0669,-.185,.298,.182,.115,.743,.242,.688,0
2024,12,31,24,m,-.0306,.488,.0729,.0796,.0283,-.00263,.198,.226,.302,.988,.0323,.138,.636,1.49,.103,.319,.446,.125,.43,.299,.16,.0728,.204,.414,.392,.326,.191,.836,.109,-.177,.136,.0259,.174,.608,.145,.491,0
2024,12,31,25,m,-.133,.556,.157,.231,.216,.229,.437,.597,.237,1.06,.423,.576,.783,1.71,.541,.575,.623,.68,2.43,1.55,1.19,1.23,.3,.669,.819,.791,1.35,2.72,.199,.165,.323,.362,.393,1.03,.442,.823,0
2024,12,31,26,m,.516,1.43,.349,.327,1.1,.636,.455,.508,.55,1.5,.255,.34,.564,1.53,.168,.228,.598,.142,-.0693,.015,.427,.297,.265,.448,1.09,1.05,.0813,.96,1.16,.396,.503,.321,.346,.932,.269,.568,0
2024,12,31,27,m,.00502,.53,.0223,.138,.165,.504,.0773,.235,.468,1.25,.00447,.022,.854,1.85,.17,.522,.384,.0726,.57,.327,.41,.308,.122,.465,.204,.275,.809,1.66,.282,-.0993,.219,.15,.33,.71,.264,.633,0
2024,12,31,28,m,.0114,.675,.00599,.037,.414,.295,.127,.232,.259,.989,.00831,.178,.516,1.28,.172,.335,.279,.101,.355,.399,.108,.155,.145,.475,.24,.243,.248,1.04,.0514,-.157,.107,.0523,.144,.668,.155,.533,0
2024,12,31,29,m,-.0205,.655,-.108,-.0461,.2,.144,.136,.276,.18,.997,.0694,.267,.404,1.38,.261,.363,.818,.463,.0973,.408,.154,.357,.175,.574,.348,.445,.324,1.01,-.14,-.233,.0144,.0141,.168,.772,.198,.603,0
2024,12,31,30,m,.131,.75,.0525,.0418,.154,.0965,.129,.184,.351,1.13,-.00793,.214,.557,1.51,.0842,.299,.38,.17,-.0738,.327,.417,.278,.15,.477,.171,.155,.402,1.88,-.128,-.475,.105,-.0464,.191,.757,.147,.571,0
2024,12,31,31,m,.033,.8,.0257,.12,.0948,-.0685,.265,.381,.428,1.39,.113,.184,.854,1.98,.25,.35,.29,.141,-.215,-.177,.274,.212,.284,.568,.728,.717,.528,2.2,.276,-.0854,.134,.101,.227,.846,.241,.575,0
2024,12,31,32,m,-.0717,.521,.0477,.136,.0303,-.021,-.0391,.0601,-.00852,.618,-.213,-.0737,.0174,.657,.107,.157,-.0858,-.244,-.224,-.0642,.195,.0454,.0475,.296,-.0534,.025,-.298,.368,-.0165,-.248,.0457,-.026,-.116,.323,-.0446,.267,0
2024,12,31,33,m,.183,.85,.112,.113,.0784,.0844,.131,.182,.36,1.06,-.118,-.0225,.447,1.16,.0898,.26,.343,.0128,-.355,-.222,.237,.0221,.16,.438,.257,.192,.208,.84,.105,-.157,.166,.0297,.0454,.469,.0633,.389,0
2024,12,31,34,m,.0267,.697,.206,.205,.155,.13,.195,.336,.203,1.05,-.0787,.0774,.29,1.24,.0723,.381,.467,.15,.251,.226,.306,.131,.166,.572,.466,.488,-.129,.82,.436,-.0125,.284,.145,.082,.683,.0759,.587,0
2024,12,31,35,m,-.151,.368,-.0384,-.003,-.0984,-.0959,.03,.126,.101,.771,-.124,-.012,.246,1,.0468,.222,-.016,-.122,-.0191,.0838,-.0193,-.0921,.066,.403,.177,.169,-.114,.512,-.044,-.266,-.0378,-.0945,.0219,.47,.0277,.39,0
2024,12,31,36,m,.0884,.737,.17,.193,.251,.196,.268,.349,.305,1.08,.156,.336,.497,1.39,.235,.432,.357,.185,.34,.446,.308,.232,.256,.642,.387,.299,.307,1.68,.284,.0733,.248,.181,.267,.888,.252,.716,0
2024,12,31,37,m,-.201,.351,.0245,.181,-.087,-.117,.0624,.277,.149,.896,.0616,.275,.411,1.29,.163,.306,.353,.0545,.449,.483,.218,.396,.0239,.337,.122,.378,.473,1.41,-.0942,-.167,.0668,.108,.148,.694,.158,.535,0
2024,12,31,38,m,.404,1.23,.0468,.145,.137,.171,.216,.271,.548,1.43,-.0422,.0118,.666,1.59,.168,.242,.0798,-.122,.0163,.0337,.127,.0859,.334,.644,.473,.296,.998,1.95,.0309,-.193,.0776,.0186,.411,.954,.322,.668,0
2024,12,31,39,m,.0186,.671,.153,.184,.177,.254,.192,.305,.275,1.03,.00167,.175,.478,1.29,.125,.31,.282,.0796,.126,.183,.204,.0693,.179,.529,.385,.403,.207,1.2,.14,-.0716,.185,.108,.151,.687,.138,.536,0
2024,12,31,40,m,.0909,.739,.173,.228,.534,.17,.299,.422,.551,1.35,.114,.325,.941,1.83,.181,.32,.675,.379,.239,.535,.522,.413,.231,.527,.496,.553,.23,1.38,.502,-.0299,.363,.236,.331,.939,.271,.638,0
2024,12,31,41,m,-.123,.474,-.0504,.00563,-.0583,-.0867,.0341,.132,.0766,.758,-.0683,.0273,.223,.955,.00521,.164,.121,.0341,.0868,.0908,.107,.00414,.0023,.336,.221,.201,.129,.862,-.0628,-.23,-.00964,-.0521,.046,.5,.0289,.376,0
2024,12,31,42,m,-.0265,.55,-.0348,-.0616,.135,-.053,.228,.329,.282,.987,-.0417,.168,.566,1.37,.27,.432,.435,.25,-.507,-.404,.0699,.0663,.213,.543,.505,.471,.351,1.49,-.149,-.353,.0312,-.0688,.0799,.54,.139,.501,0
2024,12,31,43,m,.101,.864,.046,.146,.0858,.186,.216,.333,.294,1.18,.0755,.197,.408,1.36,.127,.282,.381,.117,.492,.432,.276,.212,.202,.546,.516,.465,.249,1.37,.355,.254,.187,.177,.249,.838,.199,.597,0
2024,12,31,44,m,-.108,.31,.0855,.301,.0446,.572,.103,.359,.276,.986,.201,.436,.794,2,-.0683,.218,.433,.346,-.292,.032,.307,.338,.0259,.404,.118,.347,.36,1.76,.403,.439,.194,.356,.0149,.557,-.0234,.399,0
2024,12,31,45,m,-.201,.355,.258,.298,.332,.484,.357,.386,.376,1.09,.22,.285,.779,1.54,.249,.396,.608,.344,.622,.311,.709,.421,.312,.516,.46,.381,.354,1.53,.475,.0147,.417,.291,.274,.693,.267,.563,0
2024,12,31,46,m,.486,1.26,.233,.303,.468,.781,.374,.486,.43,1.4,.384,.662,.381,1.49,.466,.754,.621,.341,.689,.959,.36,.205,.239,.581,.431,.299,.104,1.68,.855,.159,.427,.305,.411,1.21,.435,1.04,0
2024,12,31,47,m,.0831,.817,.0994,.0868,.3,.0982,.104,.166,.285,.998,-.0465,.0048,.403,1.09,-.00836,.184,.0561,-.205,-.163,-.0405,.0875,-.0343,.119,.423,.196,.181,.0872,.706,.131,-.143,.114,-.0114,.134,.576,.0857,.437,0
2024,12,31,48,m,1.1,2.9,.0996,.202,-.213,-.071,.301,.475,.903,1.91,.28,.295,.836,1.61,.177,.325,.474,.146,.316,.359,.511,.352,.409,.775,.473,.636,1.64,3.16,.049,-.214,.14,.104,.816,1.49,.553,.964,0
2024,12,31,49,m,-.108,.649,-.0768,-.0449,.0871,.315,.000492,.154,.116,.893,-.163,.00796,.263,1.03,-.0546,.337,.176,.0789,-.259,-.153,-.152,-.107,.0383,.413,.142,.203,.0846,.867,-.0543,-.189,-.0299,-.0316,-.0299,.45,-.0386,.411,0
2024,12,31,50,m,-.0138,.715,.0473,.0406,.125,.242,.202,.341,.307,1.09,-.0134,.133,.518,1.31,.232,.484,.566,.312,.113,.0827,.0959,.0853,.221,.565,.122,.104,.135,1.04,-.302,-.393,.0419,-.00519,.184,.648,.198,.591,0
2024,12,31,51,m,-.098,.677,.104,.121,.02,.251,.155,.231,.148,1.17,-.0469,.0339,.316,1.52,.202,.424,.248,-.0442,.461,.454,.313,.11,.186,.595,.314,.314,-.144,1.09,.295,-.138,.182,.0598,.0714,.669,.112,.571,0
2024,12,31,52,m,.0386,.593,-.0409,.0187,.355,.169,.0996,.17,.41,.987,-.118,-.0124,.622,1.18,.138,.318,.0807,-.0999,-.234,-.227,.308,.125,.145,.409,.203,.225,.376,.863,.0896,-.18,.0941,-.00251,.114,.471,.124,.41,0
2024,12,31,53,m,-.181,.329,.21,.202,.0756,.192,.235,.39,.245,.998,.0239,.215,.524,1.43,.0487,.192,.0974,-.0919,-.251,-.191,.405,.335,.119,.398,.646,.804,.122,1.32,.17,-.0811,.206,.139,.0877,.614,.071,.41,0
2025,1,31,1,m,-.127,-.127,-.103,-.103,-.0839,-.0839,-.0328,-.0328,.146,.146,-.137,-.137,.367,.367,.0451,.0451,.0315,.0315,.105,.105,-.0722,-.0722,.0442,.0442,.035,.035,.108,.108,-.236,-.236,-.106,-.106,.0486,.0486,.0475,.0475,0
2025,1,31,2,m,.187,.187,.0524,.0524,.396,.396,.255,.255,.419,.419,.057,.057,.696,.696,.177,.177,.618,.618,.13,.13,.314,.314,.257,.257,.337,.337,.869,.869,.116,.116,.18,.18,.312,.312,.255,.255,0
2025,1,31,3,m,.104,.104,.121,.121,.479,.479,.297,.297,.509,.509,.16,.16,.826,.826,.196,.196,.588,.588,.379,.379,.275,.275,.276,.276,.393,.393,.726,.726,.185,.185,.241,.241,.452,.452,.337,.337,0
2025,1,31,4,m,.0223,.0223,.13,.13,.223,.223,.2,.2,.397,.397,-.00686,-.00686,.706,.706,.215,.215,.176,.176,.31,.31,.215,.215,.263,.263,.388,.388,.173,.173,.1,.1,.155,.155,.214,.214,.215,.215,0
2025,1,31,5,m,.129,.129,.0961,.0961,.45,.45,.16,.16,.418,.418,-.0396,-.0396,.567,.567,.0873,.0873,.189,.189,.0216,.0216,.146,.146,.188,.188,.287,.287,.292,.292,.168,.168,.168,.168,.204,.204,.162,.162,0
2025,1,31,6,m,.0261,.0261,-.0741,-.0741,-.0475,-.0475,.0036,.0036,.177,.177,-.134,-.134,.263,.263,.0679,.0679,.00702,.00702,.0314,.0314,-.0581,-.0581,.0749,.0749,.114,.114,.0848,.0848,-.135,-.135,-.0685,-.0685,.0564,.0564,.0599,.0599,0
2025,1,31,7,m,-.0292,-.0292,.00136,.00136,.0914,.0914,.182,.182,.322,.322,.0151,.0151,.621,.621,.214,.214,.15,.15,.326,.326,.223,.223,.282,.282,.336,.336,.351,.351,.011,.011,.07,.07,.197,.197,.204,.204,0
2025,1,31,8,m,-.0779,-.0779,.021,.021,-.0683,-.0683,.0226,.0226,.19,.19,-.159,-.159,.352,.352,.0652,.0652,.00276,.00276,-.0631,-.0631,.0114,.0114,.181,.181,.0591,.0591,.195,.195,-.127,-.127,-.023,-.023,.0304,.0304,.0416,.0416,0
2025,1,31,9,m,-.0403,-.0403,-.132,-.132,-.0511,-.0511,.0257,.0257,.252,.252,-.0893,-.0893,.467,.467,.125,.125,.245,.245,.161,.161,-.0382,-.0382,.129,.129,.119,.119,.0242,.0242,-.16,-.16,-.0714,-.0714,.1,.1,.109,.109,0
2025,1,31,10,m,.0208,.0208,.0902,.0902,.0516,.0516,.179,.179,.55,.55,-.0534,-.0534,.915,.915,.148,.148,.166,.166,-.00246,-.00246,.181,.181,.273,.273,.3,.3,.154,.154,.0875,.0875,.117,.117,.252,.252,.209,.209,0
2025,1,31,11,m,-.857,-.857,.222,.222,.317,.317,-.0389,-.0389,-.508,-.508,.0427,.0427,1.42,1.42,.108,.108,.167,.167,.294,.294,.196,.196,-.203,-.203,-.00724,-.00724,.617,.617,.24,.24,.22,.22,-.334,-.334,-.196,-.196,0
2025,1,31,12,m,-.117,-.117,-.0343,-.0343,-.0775,-.0775,.0382,.0382,.215,.215,-.11,-.11,.459,.459,.058,.058,.137,.137,.131,.131,-.0615,-.0615,.0973,.0973,.155,.155,.112,.112,-.0348,-.0348,-.021,-.021,.0927,.0927,.081,.081,0
2025,1,31,13,m,.419,.419,.376,.376,2.7,2.7,.499,.499,.808,.808,-.0175,-.0175,1.08,1.08,.753,.753,.708,.708,-.576,-.576,.32,.32,.584,.584,.281,.281,.307,.307,.851,.851,.668,.668,.261,.261,.433,.433,0
2025,1,31,14,m,.0018,.0018,.307,.307,1.82,1.82,.436,.436,.339,.339,.0258,.0258,.623,.623,.306,.306,.34,.34,.481,.481,2.21,2.21,.328,.328,.523,.523,.694,.694,.109,.109,.704,.704,.301,.301,.303,.303,0
2025,1,31,15,m,.376,.376,1.15,1.15,3.85,3.85,.334,.334,.673,.673,.00989,.00989,.833,.833,-.108,-.108,1.1,1.1,-.509,-.509,1.19,1.19,.151,.151,.631,.631,.95,.95,4.97,4.97,1.71,1.71,.279,.279,.0702,.0702,0
2025,1,31,16,m,-.0598,-.0598,.0687,.0687,.183,.183,.176,.176,.305,.305,.00271,.00271,.652,.652,.33,.33,.255,.255,.357,.357,.284,.284,.33,.33,.232,.232,.126,.126,-.00198,-.00198,.13,.13,.145,.145,.219,.219,0
2025,1,31,17,m,-.0293,-.0293,-.0387,-.0387,.115,.115,.113,.113,.269,.269,-.0401,-.0401,.542,.542,.186,.186,.189,.189,.158,.158,.119,.119,.19,.19,.229,.229,-.00297,-.00297,.0528,.0528,.053,.053,.124,.124,.148,.148,0
2025,1,31,19,m,.0842,.0842,.209,.209,.641,.641,.281,.281,.554,.554,.0403,.0403,.79,.79,.0619,.0619,.343,.343,.241,.241,.634,.634,.221,.221,.587,.587,.204,.204,.369,.369,.355,.355,.282,.282,.167,.167,0
2025,1,31,20,m,.184,.184,.243,.243,1.21,1.21,.585,.585,.696,.696,.373,.373,1.01,1.01,.329,.329,.726,.726,.742,.742,.859,.859,.513,.513,.788,.788,.734,.734,.616,.616,.537,.537,.622,.622,.484,.484,0
2025,1,31,21,m,-.165,-.165,-.17,-.17,-.143,-.143,.000564,.000564,.115,.115,-.0944,-.0944,.439,.439,.095,.095,.291,.291,.177,.177,-.0105,-.0105,.0677,.0677,.162,.162,.0482,.0482,-.143,-.143,-.0952,-.0952,.0126,.0126,.0397,.0397,0
2025,1,31,22,m,-.0646,-.0646,.0384,.0384,.165,.165,.051,.051,.359,.359,-.0622,-.0622,.641,.641,.0717,.0717,.203,.203,-.0346,-.0346,.0454,.0454,.0682,.0682,.165,.165,.209,.209,-.0975,-.0975,.0437,.0437,.219,.219,.168,.168,0
2025,1,31,23,m,.067,.067,.209,.209,.558,.558,.514,.514,.268,.268,.00661,.00661,.403,.403,.483,.483,.455,.455,.154,.154,.458,.458,.407,.407,.877,.877,.507,.507,-.0044,-.0044,.254,.254,.153,.153,.282,.282,0
2025,1,31,24,m,-.0289,-.0289,.073,.073,-.0346,-.0346,.165,.165,.43,.43,.0307,.0307,.889,.889,.162,.162,.223,.223,.193,.193,.11,.11,.171,.171,.425,.425,.356,.356,-.000782,-.000782,.0725,.0725,.226,.226,.2,.2,0
2025,1,31,25,m,-.0181,-.0181,.193,.193,.52,.52,.465,.465,.369,.369,.292,.292,.873,.873,.411,.411,1.09,1.09,1.64,1.64,1.12,1.12,.329,.329,.82,.82,.829,.829,.292,.292,.423,.423,.383,.383,.395,.395,0
2025,1,31,26,m,.336,.336,.211,.211,.523,.523,.34,.34,.715,.715,.159,.159,.879,.879,.0479,.0479,.264,.264,-.125,-.125,.292,.292,.184,.184,.933,.933,.016,.016,.427,.427,.273,.273,.362,.362,.2,.2,0
2025,1,31,27,m,-.0963,-.0963,-.0354,-.0354,.436,.436,.158,.158,.559,.559,-.0085,-.0085,1.11,1.11,.317,.317,.39,.39,.407,.407,.351,.351,.227,.227,.24,.24,.501,.501,.129,.129,.154,.154,.338,.338,.329,.329,0
2025,1,31,28,m,.119,.119,-.0169,-.0169,.337,.337,.158,.158,.454,.454,-.0104,-.0104,.768,.768,.198,.198,.286,.286,.229,.229,.214,.214,.238,.238,.294,.294,.25,.25,-.0765,-.0765,.0816,.0816,.24,.24,.223,.223,0
2025,1,31,29,m,.0231,.0231,-.141,-.141,.126,.126,.157,.157,.297,.297,.0567,.0567,.604,.604,.294,.294,.646,.646,.113,.113,.328,.328,.253,.253,.38,.38,.242,.242,-.147,-.147,.003,.003,.216,.216,.248,.248,0
2025,1,31,30,m,.0705,.0705,-.0559,-.0559,.0721,.0721,.106,.106,.415,.415,.0802,.0802,.753,.753,.171,.171,.43,.43,.338,.338,.243,.243,.188,.188,.187,.187,.661,.661,-.321,-.321,-.027,-.027,.285,.285,.238,.238,0
2025,1,31,31,m,.0188,.0188,.109,.109,-.101,-.101,.272,.272,.501,.501,.0629,.0629,.982,.982,.139,.139,.242,.242,-.333,-.333,.311,.311,.258,.258,.693,.693,.851,.851,.105,.105,.143,.143,.236,.236,.183,.183,0
2025,1,31,32,m,-.103,-.103,.0582,.0582,-.0232,-.0232,-.0246,-.0246,.109,.109,-.162,-.162,.195,.195,-.0368,-.0368,-.12,-.12,-.137,-.137,.105,.105,.0217,.0217,.00836,.00836,-.163,-.163,-.000277,-.000277,.016,.016,-.0315,-.0315,-.0333,-.0333,0
2025,1,31,33,m,.21,.21,.0797,.0797,.146,.146,.136,.136,.49,.49,-.0575,-.0575,.62,.62,.12,.12,.261,.261,-.203,-.203,.143,.143,.209,.209,.241,.241,.317,.317,.0391,.0391,.123,.123,.163,.163,.147,.147,0
2025,1,31,34,m,-.0739,-.0739,.128,.128,.125,.125,.188,.188,.336,.336,-.0455,-.0455,.552,.552,.14,.14,.242,.242,.0666,.0666,.25,.25,.206,.206,.406,.406,.0936,.0936,.118,.118,.162,.162,.154,.154,.15,.15,0
2025,1,31,35,m,-.128,-.128,-.0311,-.0311,-.0448,-.0448,.0621,.0621,.271,.271,-.0791,-.0791,.501,.501,.0668,.0668,.0559,.0559,.163,.163,-.00399,-.00399,.146,.146,.167,.167,-.013,-.013,-.0456,-.0456,-.0192,-.0192,.123,.123,.105,.105,0
2025,1,31,36,m,.104,.104,.0981,.0981,.201,.201,.271,.271,.427,.427,.0826,.0826,.714,.714,.293,.293,.512,.512,.207,.207,.28,.28,.321,.321,.35,.35,.564,.564,.278,.278,.232,.232,.317,.317,.308,.308,0
2025,1,31,37,m,-.17,-.17,.117,.117,-.0825,-.0825,.153,.153,.322,.322,.0998,.0998,.679,.679,.113,.113,.339,.339,.298,.298,.365,.365,.0929,.0929,.241,.241,.107,.107,.197,.197,.182,.182,.242,.242,.189,.189,0
2025,1,31,38,m,.563,.563,.118,.118,.226,.226,.2,.2,.738,.738,-.122,-.122,.878,.878,.103,.103,.0728,.0728,-.0223,-.0223,.159,.159,.337,.337,.32,.32,.653,.653,-.0483,-.0483,.0857,.0857,.434,.434,.301,.301,0
2025,1,31,39,m,.0171,.0171,.0874,.0874,.216,.216,.174,.174,.363,.363,-.0385,-.0385,.624,.624,.164,.164,.259,.259,-.012,-.012,.151,.151,.213,.213,.341,.341,.183,.183,.0818,.0818,.14,.14,.165,.165,.165,.165,0
2025,1,31,40,m,.0991,.0991,.215,.215,.265,.265,.331,.331,.682,.682,.148,.148,1.14,1.14,.0764,.0764,.617,.617,.436,.436,.531,.531,.249,.249,.569,.569,.322,.322,.216,.216,.323,.323,.434,.434,.26,.26,0
2025,1,31,41,m,-.139,-.139,-.0468,-.0468,-.0864,-.0864,.027,.027,.195,.195,-.104,-.104,.426,.426,.0345,.0345,.121,.121,.046,.046,.036,.036,.0686,.0686,.157,.157,.0636,.0636,-.096,-.096,-.0302,-.0302,.0775,.0775,.0615,.0615,0
2025,1,31,42,m,-.0303,-.0303,-.0637,-.0637,.00388,.00388,.223,.223,.379,.379,-.0219,-.0219,.736,.736,.215,.215,.381,.381,-.525,-.525,.124,.124,.236,.236,.439,.439,.546,.546,-.121,-.121,.00801,.00801,.114,.114,.15,.15,0
2025,1,31,43,m,.171,.171,.0603,.0603,.209,.209,.257,.257,.521,.521,.0871,.0871,.726,.726,.131,.131,.402,.402,.378,.378,.317,.317,.276,.276,.393,.393,.383,.383,.361,.361,.225,.225,.379,.379,.272,.272,0
2025,1,31,44,m,-.0895,-.0895,.15,.15,.331,.331,.252,.252,.542,.542,.185,.185,1.49,1.49,.106,.106,.374,.374,-.0528,-.0528,.332,.332,.228,.228,.379,.379,.654,.654,.538,.538,.27,.27,.288,.288,.203,.203,0
2025,1,31,45,m,-.145,-.145,.35,.35,.311,.311,.279,.279,.546,.546,.144,.144,.963,.963,.138,.138,.465,.465,.269,.269,.548,.548,.241,.241,.336,.336,.309,.309,.306,.306,.39,.39,.322,.322,.242,.242,0
2025,1,31,46,m,.316,.316,.266,.266,.808,.808,.39,.39,.634,.634,.36,.36,.832,.832,.463,.463,.561,.561,.625,.625,.307,.307,.269,.269,.379,.379,.347,.347,.564,.564,.41,.41,.537,.537,.509,.509,0
2025,1,31,47,m,.0913,.0913,.0753,.0753,.0333,.0333,.0868,.0868,.383,.383,-.0677,-.0677,.532,.532,.0238,.0238,.0518,.0518,.00369,.00369,.0237,.0237,.158,.158,.165,.165,-.0277,-.0277,.00984,.00984,.0481,.0481,.18,.18,.125,.125,0
2025,1,31,48,m,1.23,1.23,.126,.126,-.135,-.135,.362,.362,1.06,1.06,.213,.213,1,1,.121,.121,.312,.312,.405,.405,.352,.352,.392,.392,.675,.675,1.37,1.37,-.0611,-.0611,.107,.107,.838,.838,.515,.515,0
2025,1,31,49,m,.0455,.0455,.0337,.0337,.139,.139,.0986,.0986,.409,.409,-.1,-.1,.618,.618,.111,.111,.27,.27,-.108,-.108,.0142,.0142,.164,.164,.203,.203,.137,.137,.0155,.0155,.0723,.0723,.126,.126,.121,.121,0
2025,1,31,50,m,.126,.126,.0631,.0631,.0916,.0916,.278,.278,.539,.539,.00454,.00454,.776,.776,.231,.231,.502,.502,.0557,.0557,.148,.148,.27,.27,.227,.227,.301,.301,-.242,-.242,.0595,.0595,.265,.265,.253,.253,0
2025,1,31,51,m,-.0242,-.0242,.0641,.0641,.421,.421,.154,.154,.411,.411,-.0954,-.0954,.718,.718,.266,.266,.171,.171,.1,.1,.231,.231,.268,.268,.334,.334,.129,.129,.0821,.0821,.144,.144,.156,.156,.2,.2,0
2025,1,31,52,m,.0228,.0228,-.022,-.022,.0512,.0512,.103,.103,.474,.474,-.102,-.102,.7,.7,.142,.142,.158,.158,-.249,-.249,.137,.137,.173,.173,.26,.26,.158,.158,.027,.027,.051,.051,.131,.131,.135,.135,0
2025,1,31,53,m,-.277,-.277,.139,.139,.0439,.0439,.283,.283,.394,.394,.0258,.0258,.824,.824,.0395,.0395,.187,.187,-.35,-.35,.449,.449,.177,.177,.756,.756,.0536,.0536,.295,.295,.204,.204,.138,.138,.0905,.0905,0
2025,2,28,1,m,-.12,-.148,-.121,-.139,.0278,-.0202,-.0238,-.0685,.125,.087,-.129,-.156,.323,.277,.016,-.0147,.0978,.0232,.0139,.00703,-.0292,-.132,.0254,-.0043,.0763,-.00506,.0936,.13,-.215,-.216,-.0866,-.121,.0386,.00831,.0315,.00108,0
2025,2,28,2,m,.103,.0704,-.0043,.0297,.451,.414,.261,.194,.357,.3,.116,.0248,.67,.574,.253,.144,.733,.55,.161,.0752,.379,.307,.266,.19,.362,.245,1.12,.92,.0796,.0353,.161,.144,.318,.232,.291,.195,0
2025,2,28,3,m,.177,.0634,.193,.115,.746,.49,.364,.251,.59,.417,.179,.11,.923,.694,.312,.149,.818,.604,.349,.177,.243,.208,.333,.205,.486,.34,.74,.769,.188,.0938,.312,.212,.509,.383,.423,.277,0
2025,2,28,4,m,.0421,.00231,.213,.141,.477,.27,.253,.121,.425,.346,.0402,-.0201,.751,.628,.205,.109,.233,.0914,.232,.234,.327,.139,.285,.199,.486,.19,.257,.259,.109,.0542,.237,.128,.251,.188,.232,.156,0
2025,2,28,5,m,.128,.101,.133,.0895,.439,.381,.236,.127,.451,.355,.023,-.0466,.63,.485,.14,.0638,.273,.14,.124,.0399,.323,.115,.256,.161,.392,.217,.334,.34,.158,.125,.223,.138,.271,.186,.224,.142,0
2025,2,28,6,m,.00422,-.0846,-.0238,-.0937,.068,-.00914,.0397,-.0465,.169,.0696,-.0838,-.143,.261,.157,.0873,.0142,.0555,-.0459,.0408,-.0207,.0323,-.108,.0915,.0124,.142,.0243,.144,.15,-.141,-.201,-.0163,-.0992,.0754,-.00463,.079,.00117,0
2025,2,28,7,m,-.0433,-.1,.0451,.00544,.21,.0832,.229,.095,.337,.22,.0891,-.0136,.68,.493,.211,.0995,.249,.114,.33,.266,.345,.142,.279,.173,.43,.159,.302,.384,-.00274,-.0269,.124,.0451,.233,.139,.225,.124,0
2025,2,28,8,m,-.0627,-.104,.0655,.0141,-.181,.00439,.0617,-.0206,.24,.143,-.113,-.162,.434,.293,.114,.0455,.1,-.0121,.0335,.00816,.0956,-.00689,.194,.105,.128,-.0228,.113,.138,-.0757,-.159,.0151,-.0286,.0725,.0153,.0859,.025,0
2025,2,28,9,m,-.0355,-.117,-.0966,-.142,.0319,-.015,.0872,-.0273,.284,.125,-.0732,-.15,.534,.302,.0477,.0692,.533,.173,.148,.0539,.0575,-.0908,.135,.0527,.248,.0527,.0359,-.0037,-.0966,-.207,.00477,-.0974,.118,.00348,.0923,.0266,0
2025,2,28,10,m,.033,-.0514,.151,.102,.14,.0917,.242,.115,.59,.465,-.0166,-.0943,.972,.822,.164,.0675,.229,.101,.0142,-.0114,.245,.0804,.288,.198,.445,.186,.159,.154,.0743,.0503,.166,.0886,.306,.204,.248,.148,0
2025,2,28,11,m,-.842,-.844,.292,.244,.414,.375,.00424,-.055,-.459,-.472,.105,.0589,1.89,1.58,.177,.0421,.308,.134,.359,.257,.346,.205,-.161,-.211,.182,-.036,.626,.763,.289,.251,.315,.231,-.285,-.305,-.149,-.196,0
2025,2,28,12,m,-.0348,-.158,.0124,-.0471,-.00103,.0109,.122,-.00495,.309,.122,-.0518,-.138,.569,.327,.154,.0327,.323,.0646,.224,.098,.0312,-.142,.176,.0423,.276,.101,.291,.202,-.054,-.12,.0356,-.055,.17,.0262,.164,.0284,0
2025,2,28,13,m,.197,.244,.383,.385,2.66,2.73,.49,.418,.736,.723,-.0119,-.0633,1.15,1.06,.781,.673,.791,.643,-.577,-.615,.272,.224,.57,.505,.341,.236,.0883,.391,.363,.51,.607,.602,.216,.196,.408,.363,0
2025,2,28,14,m,-.0875,.0219,.296,.327,1.63,1.94,.431,.411,.259,.338,.0592,.0123,.584,.604,.356,.267,.436,.36,.386,.322,2.37,2.14,.319,.288,.472,.482,.852,1.03,.118,.09,.718,.708,.258,.305,.303,.287,0
2025,2,28,15,m,.462,.366,1.19,1.17,4.41,4.58,.377,.289,.743,.61,.0551,-.032,.898,.742,-.0821,-.147,1.51,1.14,-.432,-.502,1.39,1.08,.168,.0943,.688,.518,.812,.998,4.69,4.51,1.88,1.71,.334,.249,.11,.035,0
2025,2,28,16,m,.0271,-.0715,.164,.0761,.28,.185,.237,.128,.454,.287,.0336,-.021,.877,.628,.377,.246,.329,.197,.346,.353,.495,.261,.397,.272,.325,.151,.0197,.0703,-.0219,-.0442,.214,.114,.226,.128,.286,.175,0
2025,2,28,17,m,.0332,-.0483,.0296,-.0293,.205,.143,.173,.0596,.322,.21,.0257,-.0524,.589,.446,.231,.11,.217,.112,.248,.166,.203,.0296,.216,.121,.341,.13,-.0179,-.0249,.0752,-.000331,.11,.0237,.18,.101,.199,.105,0
2025,2,28,19,m,-.0636,.0465,.226,.202,.489,.6,.305,.245,.424,.475,.0543,.0508,.708,.69,.104,.0206,.374,.265,.281,.298,.631,.525,.226,.174,.644,.533,.204,.337,.456,.395,.367,.32,.232,.273,.169,.141,0
2025,2,28,20,m,.102,.0907,.309,.296,1.43,1.39,.592,.533,.722,.602,.311,.336,1.15,.919,.366,.267,1.09,.839,.847,.744,.711,.704,.505,.428,.797,.719,.51,.644,.554,.418,.598,.537,.582,.58,.483,.432,0
2025,2,28,21,m,-.16,-.215,-.143,-.186,-.277,-.099,.0249,-.0462,.134,.0158,-.0644,-.161,.5,.283,.178,.078,.379,.232,.199,.0221,.068,-.0611,.117,.0179,.172,.0808,.0774,-.0187,-.108,-.136,-.0833,-.107,.0561,-.0683,.0969,-.0203,0
2025,2,28,22,m,-.178,-.194,.101,-.00769,.107,.0998,.0977,-.0371,.383,.243,-.0345,-.124,.804,.534,.137,.0305,.376,.244,-.129,-.114,.196,-.000752,.134,.0335,.204,-.0548,.292,.138,-.127,-.144,.1,.00611,.225,.121,.195,.09,0
2025,2,28,23,m,.092,.051,.283,.22,1,.683,.525,.454,.328,.193,.118,.00254,.511,.288,.627,.365,.662,.504,.289,.22,.395,.297,.49,.294,1.03,.826,-.033,.284,-.0394,-.0714,.313,.23,.228,.126,.375,.219,0
2025,2,28,24,m,.0556,-.0654,.0728,.0331,.0147,.0523,.234,.111,.535,.333,.0639,-.0343,1.03,.731,.192,.112,.432,.228,.497,.266,.168,.0636,.232,.0985,.493,.32,.34,.263,.0875,-.00191,.128,.0578,.314,.159,.263,.14,0
2025,2,28,25,m,-.134,-.19,.226,.169,.48,.404,.509,.405,.376,.219,.214,.283,1.11,.75,.608,.353,.95,.829,1.18,1.29,1.4,1.1,.437,.256,.949,.735,1.06,.911,.224,.242,.426,.366,.291,.312,.419,.331,0
2025,2,28,26,m,.331,.276,.196,.18,.713,.699,.368,.294,.73,.65,.185,.136,.905,.813,.0689,-.00777,.388,.206,-.0779,-.129,.418,.252,.177,.121,.969,.848,-.151,.0275,.54,.42,.324,.252,.36,.346,.215,.163,0
2025,2,28,27,m,.000359,-.0636,.0694,.0501,.0412,.46,.213,.124,.652,.509,.0318,-.0659,1.23,.992,.315,.175,.754,.428,.845,.455,.339,.267,.251,.159,.345,.182,.453,.424,.277,.109,.247,.183,.437,.277,.386,.235,0
2025,2,28,28,m,.065,.0159,.0306,-.00733,.413,.318,.233,.145,.465,.348,.0802,-.0148,.869,.66,.253,.134,.27,.185,.415,.211,.26,.106,.273,.164,.467,.381,.239,.23,-.0041,-.0952,.127,.0504,.297,.194,.279,.17,0
2025,2,28,29,m,.13,-.0315,-.0774,-.115,.256,.24,.207,.0923,.442,.241,.0505,-.0421,.788,.545,.414,.212,.761,.489,.0588,-.161,.452,.25,.364,.191,.448,.265,.283,.201,-.168,-.176,.0489,-.00601,.288,.131,.339,.164,0
2025,2,28,30,m,.197,.0522,-.0917,-.038,.112,.114,.125,.0451,.602,.386,.154,.0106,1.02,.714,.297,.102,.632,.329,.197,.167,.323,.138,.265,.147,.303,.114,1.02,.655,-.439,-.412,-.0652,-.0658,.426,.23,.373,.178,0
2025,2,28,31,m,.262,.127,.153,.106,-.0214,-.0165,.39,.254,.759,.534,.129,.0258,1.28,.938,.305,.13,.405,.254,-.0898,-.361,.511,.266,.375,.229,.908,.682,.853,.977,.19,.0719,.228,.138,.432,.249,.363,.184,0
2025,2,28,32,m,-.0595,-.128,.05,.0595,.0167,.0139,.0114,-.054,.169,.0653,-.13,-.156,.265,.144,.123,-.0752,-.023,-.159,-.0442,-.0648,.257,.0228,.101,-.0197,.00644,-.0335,-.273,-.198,-.0854,-.0365,.0428,-.007,-.0013,-.0502,.0428,-.0587,0
2025,2,28,33,m,.18,.116,.112,.0603,.119,.133,.185,.0901,.509,.366,-.0258,-.0594,.675,.482,.123,.0521,.292,.145,-.145,-.176,.247,.0308,.24,.153,.332,.162,.177,.499,.0708,.0125,.16,.0686,.173,.127,.155,.0984,0
2025,2,28,34,m,-.012,-.119,.178,.0988,.0981,.135,.27,.13,.456,.271,-.00609,-.0952,.714,.477,.202,.107,.318,.179,.0169,.0149,.457,.189,.3,.166,.605,.337,.0298,.0123,.196,.0642,.233,.123,.209,.0961,.207,.0994,0
2025,2,28,35,m,-.0857,-.154,.0204,-.0501,-.0149,-.0432,.125,.018,.334,.223,-.051,-.124,.58,.44,.181,.0788,.0597,.021,.208,.158,.16,-.0647,.222,.113,.26,.0967,.0848,.0211,-.0594,-.107,.0267,-.0531,.188,.0938,.186,.0889,0
2025,2,28,36,m,.0504,-.0124,.226,.165,.428,.311,.325,.204,.446,.293,.173,.0746,.833,.565,.25,.163,.52,.347,.244,.182,.34,.219,.315,.213,.403,.228,.768,.664,.295,.257,.318,.23,.378,.257,.329,.221,0
2025,2,28,37,m,-.171,-.248,.228,.155,.135,.171,.154,.128,.322,.217,.0497,.0286,.672,.553,.166,.0451,.647,.326,.294,.172,.25,.307,.0727,.0202,.24,.204,.0439,.189,-.0373,.0987,.231,.197,.211,.172,.195,.12,0
2025,2,28,38,m,.456,.373,.143,.0528,.404,.228,.293,.158,.731,.602,-.0344,-.115,.959,.786,.209,.0866,.195,.083,.0545,-.00103,.325,.101,.403,.286,.448,.248,1.1,.718,-.013,-.087,.156,.044,.509,.372,.389,.258,0
2025,2,28,39,m,-.0545,-.0947,.154,.0822,.246,.164,.24,.112,.362,.255,.0386,-.0502,.696,.519,.236,.112,.368,.193,.147,.00603,.25,.0327,.244,.138,.446,.246,.219,.213,.0641,.0357,.198,.0925,.216,.123,.224,.118,0
2025,2,28,40,m,.0586,-.00516,.218,.187,.321,.21,.404,.276,.723,.559,.159,.0657,1.27,.999,.185,.0743,.686,.557,.322,.211,.702,.465,.341,.209,.76,.534,.248,.205,.299,.12,.373,.272,.467,.339,.33,.21,0
2025,2,28,41,m,-.0644,-.207,.0317,-.0757,-.00914,-.0578,.133,.00485,.306,.133,-.0539,-.161,.552,.369,.318,.203,.213,.0775,.0558,-.0514,.166,-.017,.218,.101,.264,.0873,.0665,.064,-.0656,-.141,.0438,-.0622,.188,.0197,.239,.0875,0
2025,2,28,42,m,.0449,-.0746,.0085,-.0647,.00297,.0182,.33,.179,.501,.304,.0957,-.0445,.914,.635,.357,.179,.624,.349,-.408,-.516,.171,.0634,.347,.181,.613,.397,.549,.461,-.154,-.239,.0584,-.0278,.255,.0743,.292,.112,0
2025,2,28,43,m,.0633,.061,.0837,.0583,.225,.259,.308,.202,.527,.43,.147,.0265,.837,.646,.254,.146,.371,.243,.501,.298,.329,.183,.339,.248,.526,.329,.34,.3,.339,.23,.227,.159,.403,.295,.339,.231,0
2025,2,28,44,m,-.0919,-.144,.256,.181,.477,.32,.307,.237,.706,.56,.206,.104,1.98,1.61,.142,.0973,.383,.337,.0447,.0464,.688,.503,.259,.233,.451,.352,1.09,.647,.634,.647,.405,.322,.398,.285,.277,.197,0
2025,2,28,45,m,-.133,-.113,.316,.395,.27,.505,.287,.246,.44,.435,.207,.141,.798,.766,.214,.122,.43,.295,.515,.291,.74,.505,.274,.205,.287,.247,.241,.366,.1,.298,.353,.391,.308,.273,.269,.207,0
2025,2,28,46,m,.501,.353,.325,.315,.471,.736,.547,.382,.79,.617,.638,.378,.97,.781,.609,.397,.788,.527,1.02,.473,.523,.298,.423,.223,.591,.393,.698,.45,.811,.588,.52,.423,.845,.564,.753,.5,0
2025,2,28,47,m,.132,.024,.095,.0254,.186,.1,.135,.0301,.512,.336,-.056,-.108,.714,.495,.0583,-.0206,.116,.0547,-.0878,-.0587,.101,-.101,.201,.101,.267,.0902,.248,.186,-.112,-.162,.0739,-.0172,.217,.137,.161,.0811,0
2025,2,28,48,m,1.43,1.37,.136,.107,-.0737,-.124,.538,.45,1.46,1.3,.343,.268,1.48,1.28,.491,.414,.326,.301,.323,.328,.527,.339,.74,.644,.895,.767,1.92,2.24,-.041,-.136,.146,.0804,1.13,1.02,.844,.748,0
2025,2,28,49,m,.0361,.0301,.023,-.0139,-.081,.282,.132,.0422,.515,.423,-.103,-.157,.815,.65,.184,.094,.335,.259,-.225,-.201,-.00986,-.0857,.259,.153,.262,.0676,.243,.134,.0664,-.0212,.0612,.0417,.17,.11,.174,.105,0
2025,2,28,50,m,.0679,.049,.113,.053,.202,.182,.32,.192,.553,.428,.0706,-.00242,.863,.646,.237,.15,.763,.526,.0159,.029,.266,.0633,.298,.183,.224,.0511,.447,.346,-.325,-.324,.106,.034,.311,.211,.286,.19,0
2025,2,28,51,m,-.109,-.149,.121,.0294,.464,.255,.217,.0718,.41,.28,.0131,-.104,.809,.583,.357,.206,.196,.0752,.0907,-.0373,.395,.118,.319,.178,.342,.189,-.0521,.164,.174,.0202,.215,.0697,.199,.0895,.261,.136,0
2025,2,28,52,m,.0449,-.0129,.0217,-.00792,.271,.188,.152,.0775,.505,.381,-.11,-.117,.747,.579,.17,.0813,.189,.112,-.249,-.215,.244,.0757,.217,.121,.309,.209,.283,.165,.26,.0939,.15,.0616,.125,.0925,.143,.088,0
2025,2,28,53,m,-.23,-.284,.104,.109,.0562,.169,.285,.217,.422,.341,-.00568,-.0523,.831,.741,.0725,.000475,.0989,.0344,-.309,-.409,.561,.388,.179,.111,.848,.683,-.0000792,.0726,.0821,.0879,.158,.14,.127,.0796,.101,.0413,0
2025,3,31,1,m,-.109,-.037,-.115,-.0387,-.0918,-.033,-.0333,-.0209,.131,.18,-.121,-.115,.339,.356,.0137,.025,.114,.0559,-.0662,.0835,-.0169,-.0859,.0227,.0576,.0787,.0458,.241,.19,-.23,-.156,-.098,-.0567,.0503,.073,.0389,.0579,0
2025,3,31,2,m,.111,.304,.0354,.172,.418,.371,.275,.299,.343,.498,.0711,.0803,.663,.731,.261,.2,.78,.615,.19,.311,.401,.35,.275,.298,.379,.346,.743,.815,.113,.172,.184,.249,.275,.37,.271,.298,0
2025,3,31,3,m,.174,.363,.197,.323,.657,.713,.394,.395,.574,.702,.244,.284,.942,.968,.339,.23,.714,.647,.477,.622,.327,.373,.345,.344,.516,.483,1.09,1.27,.194,.147,.314,.365,.546,.652,.462,.462,0
2025,3,31,4,m,.0807,.179,.224,.324,.326,.388,.279,.227,.475,.523,.133,.134,.833,.807,.226,.167,.286,.132,.432,.741,.335,.253,.295,.308,.531,.255,.453,.379,.13,.197,.242,.262,.362,.383,.308,.294,0
2025,3,31,5,m,.0851,.229,.141,.246,.299,.474,.209,.194,.434,.479,.00561,.00707,.644,.606,.131,.0878,.313,.153,-.015,.149,.247,.143,.228,.224,.365,.29,.445,.388,.038,.161,.185,.22,.258,.27,.213,.204,0
2025,3,31,6,m,-.0227,.0308,-.0387,.00936,.0062,.0148,.0437,.0202,.166,.183,-.116,-.112,.282,.269,.0972,.0511,.106,.00557,-.107,.039,.0401,-.0745,.0885,.0812,.196,.104,.222,.195,-.123,-.0725,-.0208,-.0184,.0563,.0703,.0687,.0644,0
2025,3,31,7,m,-.142,-.0336,.00378,.149,.111,.164,.204,.176,.267,.329,.0521,.0575,.662,.639,.183,.155,.198,.0964,.0909,.36,.327,.227,.229,.267,.431,.217,.337,.487,-.0393,.0455,.0769,.135,.17,.234,.176,.204,0
2025,3,31,8,m,-.109,-.0221,.0842,.131,-.0804,.0326,.0611,.042,.222,.238,-.132,-.0974,.451,.396,.109,.0768,.102,-.00887,-.0369,.191,.134,.00274,.181,.183,.143,.0532,.226,.187,-.136,-.112,.0296,.0291,.0642,.095,.078,.0892,0
2025,3,31,9,m,-.0711,.0181,-.119,-.0591,.0103,.0155,.0882,.0714,.243,.263,-.0629,-.0472,.503,.443,.161,.137,.421,.273,.256,.376,.0268,-.0384,.156,.147,.294,.189,.133,.13,-.141,-.122,-.0328,-.0226,.114,.134,.13,.135,0
2025,3,31,10,m,.0486,.148,.177,.303,.184,.203,.243,.219,.58,.657,-.00199,.0456,.976,1.01,.183,.12,.251,.139,.0304,.451,.225,.186,.276,.302,.477,.27,.126,.277,.102,.183,.185,.223,.299,.39,.253,.279,0
2025,3,31,11,m,-.823,-.808,.333,.5,.304,.588,.0185,.0601,-.43,-.388,.2,.264,1.96,1.93,.247,.141,.341,.224,.541,.8,.392,.361,-.131,-.115,.232,.0544,1.06,1.05,.195,.407,.317,.423,-.221,-.163,-.089,-.0683,0
2025,3,31,12,m,-.0427,-.0487,.0161,.0405,-.0668,-.013,.126,.0777,.281,.243,-.045,-.0689,.529,.458,.115,.0649,.339,.147,.156,.259,.0433,-.112,.154,.112,.306,.217,.24,.163,.00173,.0271,.0434,.0236,.169,.122,.151,.103,0
2025,3,31,13,m,.215,.621,.323,.54,2.26,2.97,.435,.527,.661,.95,-.0461,.0656,1.06,1.18,.829,.678,.807,.82,-.599,-.508,.28,.301,.518,.594,.281,.317,.157,.567,.314,.558,.551,.736,.186,.386,.378,.487,0
2025,3,31,14,m,-.199,.287,.235,.546,1.33,1.94,.351,.568,.14,.622,.00435,.117,.508,.904,.302,.347,.44,.451,.346,.733,2.12,2.38,.241,.443,.426,.665,.331,.785,.0502,.209,.599,.875,.148,.542,.215,.451,0
2025,3,31,15,m,.249,.486,1.17,1.52,3.96,5.07,.33,.402,.622,.803,.0101,.0484,.854,.973,-.0723,-.0801,1.26,1.14,-.463,-.458,1.45,1.27,.149,.19,.628,.612,.658,1.17,4.93,5,1.81,1.99,.306,.381,.109,.132,0
2025,3,31,16,m,.0357,.125,.14,.278,.268,.267,.249,.242,.454,.488,.0936,.122,.903,.833,.369,.341,.294,.192,.354,.81,.551,.398,.376,.412,.383,.229,.183,.245,-.0262,.0331,.2,.242,.273,.301,.31,.317,0
2025,3,31,17,m,-.0216,.127,.0389,.117,.171,.233,.193,.161,.272,.356,.0703,.0946,.585,.565,.282,.189,.357,.147,.22,.623,.172,.097,.228,.227,.352,.202,.197,.178,.171,.177,.136,.138,.203,.272,.231,.241,0
2025,3,31,19,m,-.104,.313,.156,.439,.312,.885,.238,.385,.334,.711,.013,.187,.621,.911,.0572,.103,.338,.337,.167,.628,.602,.735,.147,.297,.588,.669,.126,.399,.329,.594,.289,.521,.172,.469,.117,.278,0
2025,3,31,20,m,.0557,.371,.276,.514,.918,1.29,.503,.616,.581,.801,.434,.579,1.01,1.07,.265,.253,.928,.683,.622,1.57,.699,.814,.393,.507,.738,.734,.904,1.05,.31,.616,.474,.66,.562,.843,.431,.564,0
2025,3,31,21,m,-.185,-.135,-.181,-.0935,-.231,-.0783,.0276,.0315,.0981,.0998,-.00673,-.0794,.46,.372,.147,.0942,.3,.304,.375,.2,.0968,.0248,.0845,.0696,.232,.183,.125,.0325,-.11,-.0738,-.0967,-.033,.0777,.0117,.101,.0388,0
2025,3,31,22,m,-.168,-.0347,.0794,.219,-.126,.313,.0434,.0466,.325,.406,-.137,-.0911,.696,.699,.118,.0672,.495,.301,-.287,-.0145,.234,.108,.056,.0995,.242,.00921,.152,.107,-.202,.00871,.0603,.179,.135,.22,.131,.167,0
2025,3,31,23,m,.158,.302,.314,.372,.685,.52,.676,.549,.338,.382,.0317,.0787,.483,.436,.575,.397,.657,.446,.208,.274,.45,.395,.478,.408,1.02,.911,.415,.728,-.112,-.0131,.288,.308,.213,.272,.341,.321,0
2025,3,31,24,m,-.00239,.06,.0828,.208,-.059,.117,.237,.199,.461,.471,.142,.118,.977,.882,.221,.147,.401,.223,.394,.518,.212,.18,.231,.181,.505,.373,.383,.534,.00478,.0358,.108,.163,.33,.321,.286,.25,0
2025,3,31,25,m,-.0231,.118,.209,.332,.764,.589,.512,.558,.519,.562,.107,.438,1.38,1.14,.606,.44,1.47,.999,.834,1.87,1.48,1.31,.458,.422,1.03,.831,.935,1.11,.267,.355,.479,.524,.235,.589,.367,.52,0
2025,3,31,26,m,.308,.568,.161,.407,.596,1.16,.348,.472,.714,.931,.166,.368,.916,1.09,.00846,.0276,.292,.312,.0729,.457,.281,.357,.161,.258,.993,1.06,-.0822,.196,.477,.641,.257,.456,.398,.66,.212,.333,0
2025,3,31,27,m,.00433,.152,.0489,.188,.177,.745,.216,.251,.565,.702,.0189,.0479,1.09,1.17,.283,.27,.413,.314,.53,.618,.366,.441,.213,.282,.451,.378,.604,.993,.641,.388,.271,.327,.312,.416,.3,.356,0
2025,3,31,28,m,.168,.268,.0445,.148,.446,.614,.241,.22,.548,.574,.135,.101,.956,.861,.25,.183,.194,.207,.571,.616,.233,.181,.31,.282,.435,.318,.491,.458,-.0281,-.0765,.122,.164,.36,.373,.317,.296,0
2025,3,31,29,m,.0976,.133,-.0576,-.00119,.177,.122,.236,.183,.382,.36,.183,.107,.743,.613,.434,.258,1.04,.614,.149,.413,.365,.302,.342,.267,.465,.366,.164,.171,-.116,-.0954,.0699,.0737,.328,.284,.369,.273,0
2025,3,31,30,m,.173,.206,-.0504,.0944,.119,.139,.142,.142,.561,.527,.217,.16,.988,.841,.171,.144,.576,.372,.237,.742,.374,.288,.249,.236,.297,.174,1.15,1,-.377,-.299,-.0278,.0469,.442,.411,.332,.302,0
2025,3,31,31,m,.207,.439,.113,.336,.148,.21,.354,.38,.652,.831,.153,.177,1.17,1.22,.297,.208,.387,.323,-.158,-.179,.331,.326,.326,.353,.885,.778,.899,1.59,.157,.121,.188,.297,.401,.513,.35,.346,0
2025,3,31,32,m,-.074,.0132,.046,.224,.101,.131,.0359,.0215,.174,.166,-.089,-.0702,.296,.227,.171,-.0243,-.0302,-.142,-.0316,.178,.324,.103,.123,.0614,.0701,.0325,-.159,-.0387,-.119,-.00996,.0527,.0893,.0369,.0571,.0849,.0295,0
2025,3,31,33,m,.11,.293,.0812,.238,-.000229,.17,.14,.187,.466,.526,-.111,.00255,.671,.634,.0959,.119,.293,.252,-.373,-.0725,.225,.178,.172,.233,.34,.295,.246,.325,-.00708,.138,.117,.207,.0872,.216,.0918,.179,0
2025,3,31,34,m,-.0271,-.0361,.204,.22,.179,.242,.299,.24,.439,.41,-.0505,-.0147,.69,.646,.163,.151,.412,.183,-.173,.11,.393,.293,.315,.272,.65,.434,.126,.107,.189,.164,.256,.22,.179,.21,.173,.191,0
2025,3,31,35,m,-.0568,-.0346,.0214,.0552,-.0232,-.0204,.131,.0889,.377,.356,-.0612,-.0731,.644,.58,.15,.0937,.139,.109,.036,.225,.12,-.0345,.24,.203,.317,.177,.0251,.0118,-.0691,-.057,.0286,.0175,.199,.179,.183,.151,0
2025,3,31,36,m,.0755,.195,.185,.306,.427,.343,.318,.283,.455,.49,.11,.104,.847,.752,.331,.221,.508,.377,.304,.567,.373,.289,.337,.32,.457,.327,.525,.475,.224,.317,.289,.319,.34,.373,.335,.316,0
2025,3,31,37,m,-.145,-.0894,.22,.307,-.271,-.0835,.179,.219,.307,.365,.215,.276,.643,.694,.188,.0619,.683,.374,.722,.784,.317,.42,.0772,.0891,.346,.293,.233,.403,.019,.219,.2,.279,.334,.417,.284,.271,0
2025,3,31,38,m,.439,.571,.158,.207,.319,.312,.285,.25,.72,.795,-.0199,-.053,.963,.974,.184,.148,.23,.102,.00105,.0249,.267,.146,.38,.383,.458,.369,.996,.858,-.0362,.0408,.143,.151,.499,.498,.374,.357,0
2025,3,31,39,m,.00796,.158,.195,.294,.317,.357,.299,.246,.402,.467,.136,.109,.75,.701,.233,.166,.408,.259,.295,.482,.383,.188,.256,.265,.571,.37,.535,.352,.0945,.0793,.254,.238,.305,.32,.276,.258,0
2025,3,31,40,m,.0791,.29,.128,.405,.601,.591,.333,.405,.644,.826,.143,.243,1.14,1.24,.144,.116,.549,.604,.414,.796,.479,.512,.238,.294,.653,.634,.277,.482,.357,.254,.306,.445,.422,.584,.298,.357,0
2025,3,31,41,m,-.0799,-.086,.00102,.0199,-.0793,-.0247,.104,.0569,.287,.256,-.0436,-.0908,.551,.493,.0611,.0295,.233,.167,.0799,.0912,.179,.0415,.132,.102,.297,.169,.136,.038,-.0992,-.0553,.0168,.0192,.182,.113,.137,.082,0
2025,3,31,42,m,.0219,.168,-.00706,.0729,.141,.153,.313,.261,.462,.521,.0596,.0671,.924,.829,.359,.227,.57,.404,-.448,-.411,.104,.117,.31,.281,.591,.416,.577,.77,-.168,-.248,.0525,.0577,.217,.243,.264,.237,0
2025,3,31,43,m,.0895,.22,.084,.245,.173,.341,.312,.283,.496,.568,.131,.112,.771,.771,.204,.17,.522,.284,.403,.464,.404,.312,.302,.318,.58,.404,.305,.456,.305,.341,.24,.29,.404,.417,.319,.31,0
2025,3,31,44,m,-.0295,-.0134,.331,.442,.146,.689,.338,.383,.724,.69,.572,.548,1.94,1.74,.0785,.0852,.619,.551,-.0184,.174,.462,.504,.132,.269,.336,.372,.281,.5,.798,.831,.424,.537,.372,.37,.235,.237,0
2025,3,31,45,m,-.289,-.0124,.279,.497,.398,.881,.293,.365,.265,.612,.0968,.284,.641,.988,.151,.104,.898,.494,.425,.648,.61,.721,.194,.286,.491,.387,.0327,.392,.212,.488,.405,.563,.169,.426,.166,.286,0
2025,3,31,46,m,.746,.797,.374,.571,.799,1.05,.659,.521,.999,.969,.8,.675,1.18,1.08,.707,.521,.665,.619,1.45,1.2,.505,.421,.625,.397,.69,.417,.84,.86,.435,.515,.486,.579,1.03,.928,.915,.773,0
2025,3,31,47,m,.195,.231,.106,.158,.178,.193,.153,.112,.489,.467,.00924,.00654,.651,.588,.0694,.0265,.0893,-.0347,-.0245,.137,.172,-.0539,.187,.171,.318,.171,.138,.189,-.104,.00851,.086,.0719,.262,.262,.195,.178,0
2025,3,31,48,m,1.51,1.75,.102,.293,-.221,-.0433,.594,.651,1.71,1.75,.426,.443,1.79,1.75,.604,.622,.497,.337,.415,.567,.545,.529,.848,.902,.978,1.02,1.65,2.48,-.138,-.0842,.101,.216,1.38,1.41,1.03,1.05,0
2025,3,31,49,m,.123,.251,.0757,.167,.327,.706,.177,.139,.56,.56,-.082,-.0525,.854,.738,.171,.108,.365,.263,-.0745,.162,.107,.048,.275,.223,.371,.197,.124,.267,-.0378,-.11,.132,.157,.198,.238,.188,.193,0
2025,3,31,50,m,.121,.238,.0989,.155,.43,.504,.352,.295,.586,.609,.0881,.0664,.893,.823,.332,.247,.757,.561,.103,.176,.264,.131,.325,.282,.246,.156,.489,.564,-.282,-.245,.134,.139,.347,.338,.341,.306,0
2025,3,31,51,m,-.0212,.0999,.129,.214,.193,.464,.253,.205,.374,.482,.113,.0863,.673,.751,.341,.226,.351,.188,.381,.745,.592,.27,.289,.267,.514,.338,.299,.647,.255,.0841,.261,.219,.248,.315,.281,.279,0
2025,3,31,52,m,-.00857,.0808,-.0254,.149,.161,.301,.161,.18,.534,.551,-.115,-.0471,.839,.786,.174,.155,.263,.227,-.299,-.141,.226,.165,.204,.227,.404,.326,.283,.276,.122,.198,.101,.187,.122,.2,.142,.182,0
2025,3,31,53,m,-.264,-.092,.147,.363,.0233,.342,.294,.375,.381,.559,.00698,.173,.868,.977,.0569,.0296,.179,.155,-.286,.000318,.551,.576,.158,.224,.868,.858,.0931,.258,.123,.184,.192,.337,.114,.325,.0886,.182,0
2025,4,30,1,m,-.118,-.0294,-.131,-.0637,-.129,-.0624,-.0453,-.0157,.114,.193,-.104,-.121,.313,.372,.00398,.016,.0816,.0632,-.0739,.138,-.0708,-.0717,.00453,.0648,.0573,.0816,.179,.159,-.227,-.182,-.117,-.0728,.0404,.0825,.0291,.0616,0
2025,4,30,2,m,.0184,.251,.0672,.112,.355,.351,.281,.289,.272,.464,.144,.113,.634,.718,.258,.182,.727,.62,.31,.525,.352,.348,.238,.28,.407,.365,.765,.804,.0145,.0574,.163,.19,.277,.38,.271,.297,0
2025,4,30,3,m,.129,.344,.196,.222,.731,.612,.401,.379,.536,.686,.276,.313,.92,.953,.292,.185,.765,.703,.498,.936,.267,.322,.308,.325,.534,.497,.89,.903,.245,.109,.329,.301,.542,.687,.442,.461,0
2025,4,30,4,m,.0321,.116,.263,.247,.298,.224,.283,.232,.47,.504,.123,.102,.869,.823,.222,.164,.281,.171,.327,.703,.308,.235,.28,.304,.547,.335,.279,.264,.0756,.187,.239,.22,.335,.359,.29,.279,0
2025,4,30,5,m,.116,.243,.136,.171,.231,.284,.2,.21,.434,.489,.027,-.00161,.617,.615,.127,.0991,.235,.201,-.0227,.174,.211,.186,.208,.238,.353,.377,.382,.266,.0208,.122,.156,.182,.262,.265,.214,.205,0
2025,4,30,6,m,.0347,.105,-.0201,-.000539,-.0578,.00128,.0532,.0495,.185,.211,-.0646,-.0901,.28,.27,.0956,.044,.0573,.00222,-.0574,.154,.0167,-.0248,.0793,.1,.197,.194,.222,.157,-.132,-.139,-.0291,-.0296,.103,.11,.101,.0898,0
2025,4,30,7,m,-.16,-.0364,.108,.146,.178,.16,.209,.173,.249,.325,.0559,.0544,.649,.634,.199,.151,.207,.0932,-.0397,.356,.271,.224,.206,.263,.407,.214,.32,.483,-.0275,.0424,.124,.132,.152,.23,.17,.2,0
2025,4,30,8,m,-.0956,.00127,.0129,.0645,-.137,-.0203,.0804,.0454,.216,.232,-.123,-.119,.435,.371,.264,.0802,.077,-.00522,-.0957,.191,.0261,.0149,.256,.192,.163,.0858,.178,.116,-.156,-.145,-.0267,-.00541,.0563,.0837,.115,.0826,0
2025,4,30,9,m,-.0844,.000136,-.113,-.0648,.0325,.0306,.0923,.0837,.226,.256,-.00822,-.0193,.477,.443,.158,.114,.375,.256,.242,.603,.00885,-.00812,.154,.142,.265,.251,.18,.107,-.189,-.177,-.0429,-.0325,.133,.159,.141,.143,0
2025,4,30,10,m,.0565,.126,.147,.186,.123,.173,.225,.199,.519,.564,.035,.036,.859,.866,.136,.101,.238,.131,-.0869,.408,.173,.158,.226,.273,.424,.278,.161,.169,.0622,.109,.15,.157,.288,.344,.227,.245,0
2025,4,30,11,m,-.847,-.832,.317,.364,.365,.449,-.00808,.0158,-.479,-.437,.149,.188,1.81,1.75,.194,.101,.169,.183,.465,.749,.307,.293,-.179,-.15,.126,.0526,.771,.804,.0706,.325,.252,.323,-.27,-.221,-.139,-.12,0
2025,4,30,12,m,-.0791,-.0533,.0179,.0487,-.137,-.0618,.121,.102,.251,.247,.0208,-.0268,.508,.467,.106,.0366,.333,.166,.113,.388,.0114,-.0537,.132,.119,.324,.313,.454,.293,-.0901,-.0604,.0126,.0148,.201,.171,.169,.126,0
2025,4,30,13,m,.139,.521,.314,.437,2.69,2.87,.474,.493,.65,.936,-.011,.112,1.11,1.22,.74,.663,.849,.762,-.623,-.416,.187,.177,.492,.588,.305,.265,.299,.639,.288,.359,.553,.622,.161,.434,.332,.514,0
2025,4,30,14,m,-.184,.226,.334,.486,1.55,1.97,.404,.512,.148,.554,.092,.116,.495,.83,.379,.299,.431,.49,.188,.961,2.08,2.15,.263,.401,.496,.585,.374,.664,.019,.111,.652,.798,.178,.523,.262,.419,0
2025,4,30,15,m,.225,.482,1.37,1.52,4.55,5.05,.342,.398,.532,.798,-.0818,.0453,.707,.968,-.0329,-.0828,1.41,1.13,-.675,-.46,1.35,1.26,.145,.187,.586,.608,1.05,1.17,5.15,4.98,1.97,1.98,.102,.377,.0434,.129,0
2025,4,30,16,m,.0233,.0695,.16,.185,.0296,.0537,.225,.216,.415,.437,.0774,.0964,.81,.786,.346,.283,.305,.276,.33,.855,.431,.335,.339,.366,.321,.234,.0929,.171,-.0517,.0466,.167,.186,.238,.279,.279,.28,0
2025,4,30,17,m,-.0867,.132,.0175,.0751,.115,.358,.139,.154,.219,.372,.0121,.0534,.56,.591,.235,.146,.204,.117,.096,.761,.0966,.118,.176,.218,.299,.256,.042,.0288,.00614,-.00807,.0669,.102,.135,.27,.169,.223,0
2025,4,30,19,m,-.00579,.208,.229,.322,.509,.705,.304,.35,.465,.654,.113,.14,.738,.878,.0832,.0653,.396,.359,.247,.674,.663,.689,.201,.272,.65,.687,.209,.294,.282,.406,.356,.428,.291,.423,.189,.236,0
2025,4,30,20,m,.16,.393,.309,.421,.925,1.01,.579,.623,.69,.793,.383,.476,1.11,1.04,.33,.238,.951,.677,.446,1.93,.728,.887,.475,.534,.788,.766,.302,.47,.384,.603,.514,.605,.614,.819,.489,.544,0
2025,4,30,21,m,-.164,-.13,-.188,-.109,-.186,-.172,.0232,.0335,.109,.11,-.0327,-.107,.447,.389,.135,.0774,.277,.287,.0887,.147,.04,.00982,.0844,.0666,.21,.267,.081,-.0267,-.149,-.122,-.108,-.0649,.0524,.00627,.0795,.0296,0
2025,4,30,22,m,-.0701,.0336,.0609,.101,.0592,.215,.0986,.0508,.398,.432,-.0755,-.0608,.746,.698,.103,.0661,.398,.287,-.236,.11,.201,.117,.0926,.109,.277,.0695,.349,.166,-.128,-.108,.0841,.0951,.243,.269,.197,.2,0
2025,4,30,23,m,.0184,.299,.308,.368,.68,.516,.693,.544,.256,.378,.0497,.0755,.47,.431,.544,.393,.666,.442,-.213,.271,.471,.391,.434,.405,.968,.905,.711,.723,-.0328,-.016,.314,.304,.165,.269,.297,.317,0
2025,4,30,24,m,-.037,.0213,.0982,.12,-.13,-.000572,.216,.199,.472,.465,.131,.125,1.05,.908,.18,.166,.292,.267,.356,.936,.206,.136,.226,.205,.394,.39,.379,.301,.0777,.00215,.111,.106,.313,.331,.259,.264,0
2025,4,30,25,m,-.225,.047,.181,.235,.475,.471,.417,.503,.185,.398,.16,.416,.87,.855,.584,.365,1.5,1.1,1.23,1.98,1.13,1.13,.334,.327,.717,.924,1.12,.957,.134,.205,.387,.419,.195,.508,.332,.442,0
2025,4,30,26,m,.236,.49,.215,.314,.732,.85,.357,.436,.659,.838,.081,.331,.879,.989,.045,-.00131,.466,.335,-.219,.357,.26,.329,.13,.227,1.04,1.07,.202,.234,.421,.448,.31,.367,.247,.589,.158,.284,0
2025,4,30,27,m,-.0284,.236,.124,.198,-.0309,.694,.196,.224,.501,.786,.0138,.0545,1.01,1.25,.276,.244,.767,.408,.486,1.17,.249,.374,.264,.323,.367,.283,.227,.597,.0797,.0437,.217,.274,.305,.5,.294,.395,0
2025,4,30,28,m,.0837,.222,.0478,.0534,.306,.525,.21,.221,.453,.534,.123,.117,.853,.826,.277,.18,.344,.277,.286,.89,.254,.215,.265,.269,.348,.389,.591,.341,-.05,-.104,.127,.124,.309,.385,.298,.301,0
2025,4,30,29,m,.00326,.228,-.106,-.0604,.131,.158,.152,.178,.192,.423,.115,.142,.418,.64,.278,.215,.912,.615,-.0764,.649,.248,.327,.183,.271,.388,.412,.541,.193,-.168,-.171,.017,.0335,.204,.356,.231,.298,0
2025,4,30,30,m,.108,.206,-.0917,-.0153,.2,.156,.145,.123,.548,.521,.145,.135,1.1,.831,.201,.0813,.664,.443,.125,.999,.301,.28,.228,.21,.312,.213,.279,.525,-.394,-.36,-.0386,-.00769,.374,.392,.305,.265,0
2025,4,30,31,m,.111,.299,.122,.214,.0903,.0605,.311,.329,.544,.708,.126,.156,1.02,1.12,.192,.149,.386,.356,-.229,-.00874,.283,.236,.252,.304,.788,.756,.568,1.26,.233,-.000601,.191,.194,.28,.46,.237,.29,0
2025,4,30,32,m,-.115,-.0258,.053,.128,.0556,.039,.00588,.0112,.14,.15,-.206,-.111,.263,.221,.297,-.037,-.0838,-.134,-.27,.156,.145,.042,.147,.0502,.0339,.077,-.259,-.14,-.145,-.0653,.0111,.0253,-.0727,.0317,.037,.00841,0
2025,4,30,33,m,.21,.321,.139,.183,.158,.179,.176,.205,.552,.55,-.0613,.00291,.74,.657,.1,.1,.346,.256,-.341,-.0382,.306,.188,.201,.24,.322,.352,.259,.185,.0112,.174,.181,.195,.139,.228,.126,.179,0
2025,4,30,34,m,-.142,-.039,.152,.216,.0161,.238,.224,.237,.35,.406,.0128,-.0176,.648,.641,.117,.148,.346,.18,-.206,.107,.286,.289,.208,.268,.472,.43,.168,.104,.295,.161,.207,.217,.16,.207,.146,.188,0
2025,4,30,35,m,-.0956,-.0622,.027,.0562,-.0836,-.0717,.115,.0999,.307,.321,-.0177,-.0503,.549,.542,.145,.0872,.082,.0549,.0396,.427,.0574,.00172,.197,.197,.26,.232,-.00615,-.0231,-.103,-.123,.00252,-.00167,.183,.188,.171,.155,0
2025,4,30,36,m,.00922,.17,.174,.26,.268,.26,.297,.277,.4,.48,.16,.124,.814,.755,.29,.178,.42,.373,.311,.77,.314,.311,.301,.298,.393,.339,.387,.375,.195,.262,.246,.287,.332,.39,.315,.31,0
2025,4,30,37,m,-.237,-.101,.301,.314,-.0771,-.0771,.132,.216,.251,.37,.125,.326,.644,.711,.148,.0279,.469,.342,.268,1.18,.306,.488,.0342,.099,.269,.293,.321,.243,-.103,.00557,.216,.254,.19,.453,.182,.278,0
2025,4,30,38,m,.362,.57,.172,.137,.412,.263,.288,.247,.686,.811,-.0341,-.0825,.979,1.01,.227,.173,.175,.128,-.0715,.0397,.197,.116,.371,.398,.454,.373,1.4,.862,-.0193,.0487,.14,.122,.481,.501,.381,.37,0
2025,4,30,39,m,-.0249,.152,.159,.281,.173,.308,.267,.25,.386,.47,.0906,.0862,.758,.711,.226,.136,.401,.233,.172,.636,.313,.191,.252,.263,.487,.429,.306,.277,.064,.0184,.209,.214,.25,.317,.238,.245,0
2025,4,30,40,m,.0394,.252,.215,.297,.32,.273,.326,.402,.579,.811,.172,.356,1.04,1.25,.122,.0848,.724,.689,.234,1.36,.424,.55,.225,.314,.59,.649,.233,.323,.301,.0895,.34,.357,.417,.698,.292,.4,0
2025,4,30,41,m,-.101,-.0668,.00715,.0295,-.141,-.0424,.0977,.0777,.269,.241,-.0067,-.0793,.557,.455,.052,.0102,.203,.147,-.0301,.139,.0752,.0128,.103,.0935,.285,.274,.212,.077,-.0983,-.0938,-.0014,.0067,.181,.128,.133,.0841,0
2025,4,30,42,m,-.0196,.0867,.0264,-.0214,.0335,-.00656,.294,.249,.435,.486,-.00144,.144,.888,.835,.319,.2,.493,.444,-.444,-.168,.117,.107,.286,.274,.477,.441,.523,.682,-.173,-.369,.0616,-.0229,.136,.285,.194,.255,0
2025,4,30,43,m,.114,.192,.104,.156,.16,.206,.274,.276,.503,.548,.09,.0762,.75,.756,.249,.175,.44,.37,.419,.426,.406,.367,.287,.308,.481,.443,.482,.428,.0746,.117,.198,.22,.354,.381,.309,.292,0
2025,4,30,44,m,-.0635,.00462,.283,.323,.236,.504,.233,.285,.665,.726,-.00328,-.0955,1.84,1.81,.0898,.0824,.372,.498,.316,.185,.348,.432,.207,.284,.351,.475,.968,.665,.71,.788,.354,.437,.514,.441,.313,.274,0
2025,4,30,45,m,-.0545,.0799,.246,.374,.366,.631,.294,.335,.494,.599,.208,.331,.853,.911,.11,.0859,.498,.539,.421,.952,.345,.429,.238,.28,.401,.384,.0253,.224,.462,.426,.345,.437,.339,.494,.249,.316,0
2025,4,30,46,m,.592,.611,.236,.449,.731,.936,.598,.493,.846,.84,.739,.688,1.01,.983,.654,.474,.673,.688,1.25,1.59,.326,.336,.599,.37,.596,.438,.483,.733,.567,.413,.412,.493,.93,.918,.836,.75,0
2025,4,30,47,m,.0796,.21,.0626,.13,.196,.149,.109,.131,.371,.436,-.00338,.00205,.539,.551,.0518,.022,.113,.0457,-.152,.204,.107,.0193,.126,.179,.292,.262,.0522,.105,-.115,-.0645,.0601,.0684,.175,.248,.132,.168,0
2025,4,30,48,m,1.56,1.63,.165,.226,-.176,-.139,.605,.622,1.75,1.68,.438,.37,1.81,1.69,.614,.59,.248,.278,.437,.58,.513,.445,.829,.853,.913,1.08,1.51,2.44,-.0597,-.104,.139,.154,1.36,1.32,1.02,.989,0
2025,4,30,49,m,.0496,.197,-.00658,.0324,.0429,.126,.123,.153,.409,.468,-.064,.0138,.644,.625,.127,.122,.291,.302,-.0642,.622,.00983,.0205,.197,.23,.28,.285,.188,.124,-.0489,-.111,.0382,.0509,.149,.262,.141,.214,0
2025,4,30,50,m,.137,.3,.11,.136,.305,.453,.352,.329,.6,.635,.109,.137,.92,.829,.521,.224,.641,.573,.219,.565,.222,.183,.381,.317,.156,.215,.48,.492,-.324,-.325,.106,.117,.368,.409,.411,.345,0
2025,4,30,51,m,-.0598,.136,.129,.181,.18,.309,.235,.201,.345,.497,.0859,.0907,.675,.753,.322,.201,.416,.194,.195,.893,.368,.202,.28,.281,.349,.382,.137,.414,.0509,-.0358,.206,.162,.221,.352,.254,.291,0
2025,4,30,52,m,-.0228,.0777,.0546,.146,.136,.297,.117,.176,.489,.546,-.119,-.0499,.77,.781,.178,.152,.208,.223,-.368,-.143,.135,.161,.165,.223,.27,.322,.293,.272,.088,.194,.106,.183,.109,.196,.136,.179,0
2025,4,30,53,m,-.285,-.199,.109,.243,.0336,.139,.259,.342,.325,.449,-.0607,.139,.735,.864,.0433,.00866,.159,.174,-.393,.104,.379,.51,.109,.177,.82,.877,.0473,.163,.149,.226,.155,.261,.0182,.263,.0285,.14,0
2025,5,31,1,m,-.109,.0606,-.13,-.00626,-.0888,-.0655,-.039,-.00347,.116,.259,-.115,-.107,.319,.419,.028,.0531,.0565,.0242,-.0358,.175,-.0589,-.0415,.0102,.108,.0246,-.0105,.249,.304,-.238,-.161,-.117,-.0442,.0356,.134,.033,.109,0
2025,5,31,2,m,.134,.477,.141,.229,.452,.401,.299,.328,.33,.629,.105,.16,.609,.811,.284,.213,.717,.619,.205,.731,.356,.416,.27,.365,.391,.29,.855,1.22,.132,.169,.236,.284,.284,.515,.286,.387,0
2025,5,31,3,m,.176,.422,.246,.347,.682,.623,.38,.407,.511,.763,.265,.389,.796,1.03,.32,.246,.628,.599,.497,1.38,.222,.405,.296,.391,.5,.419,.832,1.2,.203,.136,.315,.365,.502,.801,.433,.55,0
2025,5,31,4,m,.0391,.205,.25,.385,.34,.285,.242,.244,.426,.579,.0705,.106,.773,.886,.217,.205,.246,.119,.26,.617,.215,.288,.258,.347,.463,.273,.32,.459,.0689,.219,.217,.286,.288,.401,.259,.32,0
2025,5,31,5,m,.164,.337,.141,.303,.36,.341,.198,.209,.437,.54,.00421,.0196,.595,.645,.151,.132,.201,.129,-.00849,.185,.201,.246,.212,.27,.355,.271,.376,.415,.0454,.204,.165,.249,.252,.309,.217,.245,0
2025,5,31,6,m,.0655,.22,.00678,.0743,-.00773,-.0258,.045,.0379,.185,.292,-.084,-.0844,.262,.332,.0914,.0621,.0586,-.0491,-.0474,.148,.0532,.0106,.066,.137,.169,.0627,.183,.25,-.106,-.0979,-.00221,.00313,.098,.164,.0964,.133,0
2025,5,31,7,m,-.2,-.0284,.00687,.155,.161,.17,.16,.183,.159,.336,-.0233,.055,.494,.648,.119,.161,.112,.102,-.0574,.367,.174,.234,.136,.274,.422,.224,.123,.495,-.0472,.0511,.0507,.141,.0571,.234,.0808,.206,0
2025,5,31,8,m,-.0101,.0967,.0765,.177,-.0428,-.00451,.0495,.0374,.247,.289,-.135,-.102,.422,.405,.286,.116,.0155,-.0535,-.0686,.155,.0311,.0649,.193,.186,.0963,.0111,.143,.279,-.157,-.132,.00314,.0414,.0688,.131,.13,.126,0
2025,5,31,9,m,-.0805,.092,-.116,-.0321,-.0387,-.0423,.0568,.067,.225,.348,-.0513,.0144,.478,.536,.147,.171,.337,.191,.115,.68,-.0267,-.0068,.13,.206,.185,.0939,.0317,.188,-.2,-.199,-.0633,-.0392,.0978,.223,.113,.205,0
2025,5,31,10,m,.0793,.23,.16,.339,.281,.251,.189,.202,.467,.628,-.0215,.0378,.747,.902,.152,.147,.145,.0224,-.0654,.404,.165,.224,.221,.319,.364,.201,.176,.345,-.000489,.122,.14,.215,.243,.38,.207,.285,0
2025,5,31,11,m,-.859,-.822,.328,.517,.28,.482,.00139,.0483,-.523,-.408,.105,.213,1.61,1.88,.199,.15,.214,.127,.367,.726,.258,.363,-.225,-.114,.139,.0403,.83,1.07,.202,.404,.275,.403,-.328,-.189,-.187,-.0832,0
2025,5,31,12,m,-.0756,.0642,.0559,.119,-.11,-.00837,.0882,.0812,.244,.332,-.0604,-.0527,.511,.529,.121,.0747,.236,.126,.116,.386,-.0126,-.0376,.125,.17,.224,.119,.164,.232,-.0979,-.0313,.0162,.0529,.144,.204,.136,.161,0
2025,5,31,13,m,.348,.696,.377,.56,3.05,3.26,.449,.513,.742,1.02,-.154,.123,1.07,1.25,.671,.704,.627,.552,-.646,-.172,.229,.286,.458,.642,.26,.175,.108,.387,.422,.426,.608,.715,.0315,.475,.21,.555,0
2025,5,31,14,m,-.11,.31,.334,.574,1.56,1.93,.404,.542,.161,.62,.0977,.143,.415,.881,.396,.376,.338,.379,.163,1.24,2.12,2.4,.271,.468,.497,.537,.232,.761,.0475,.16,.658,.87,.175,.591,.268,.491,0
2025,5,31,15,m,.214,.494,1.23,1.54,3.64,4.79,.334,.41,.534,.813,-.0787,.0791,.722,.984,-.0879,-.0752,1.34,1.15,-.717,-.455,1.06,1.28,.119,.204,.69,.621,1.37,1.54,5.43,5.14,1.77,1.99,.11,.416,.0181,.151,0
2025,5,31,16,m,.0032,.177,.14,.293,.0369,.154,.192,.243,.379,.572,.0331,.097,.758,.947,.324,.337,.235,.21,.341,.806,.335,.392,.316,.452,.302,.205,.0849,.314,-.0733,.0888,.132,.248,.212,.352,.254,.346,0
2025,5,31,17,m,-.0599,.165,.0441,.158,.233,.397,.11,.139,.191,.384,-.0483,.0225,.452,.583,.195,.181,.153,.0506,-.00442,.585,.017,.122,.131,.234,.256,.148,-.0051,.103,.00313,-.00918,.0682,.131,.0819,.255,.121,.227,0
2025,5,31,19,m,.0841,.278,.247,.408,.45,.671,.286,.352,.488,.699,.113,.156,.705,.911,.082,.0893,.321,.235,.238,.622,.654,.738,.199,.299,.601,.617,.155,.359,.313,.467,.35,.456,.312,.457,.198,.265,0
2025,5,31,20,m,.164,.407,.342,.606,.829,1.11,.507,.609,.623,.799,.329,.507,.963,1.04,.3,.291,.614,.621,.218,1.84,.626,.909,.402,.544,.775,.682,.702,1.09,.483,.648,.485,.704,.537,.836,.432,.578,0
2025,5,31,21,m,-.133,-.00744,-.201,-.0441,-.114,-.0809,.00652,.0264,.0995,.176,-.0555,-.113,.4,.389,.162,.0929,.285,.264,.231,.201,.0164,.0461,.0811,.113,.192,.123,.109,.111,-.199,-.145,-.122,-.0299,.0521,.0507,.087,.0646,0
2025,5,31,22,m,-.0965,.0727,.114,.237,.0181,.243,.0909,.0671,.383,.506,-.0873,-.0527,.741,.794,.0703,.0716,.465,.212,-.197,.147,.063,.14,.075,.155,.271,.0118,.375,.443,-.0372,.0471,.107,.184,.212,.322,.167,.237,0
2025,5,31,23,m,.051,.309,.288,.379,.666,.528,.686,.557,.213,.389,.0632,.0842,.342,.443,.497,.404,.501,.421,-.23,.281,.415,.41,.368,.415,.997,.921,.587,.738,-.0963,-.0078,.264,.313,.135,.279,.262,.328,0
2025,5,31,24,m,-.0353,.128,.155,.252,-.125,-.0168,.204,.215,.412,.559,.12,.173,.913,.99,.108,.199,.314,.208,.262,1.06,.132,.176,.165,.257,.381,.281,.464,.607,.1,.0425,.133,.166,.285,.416,.213,.328,0
2025,5,31,25,m,-.187,.143,.258,.394,.21,.267,.409,.551,.218,.492,.337,.577,.895,.947,.547,.385,.803,.975,1.79,2.73,.852,1.35,.278,.39,.716,.747,1.57,1.74,.188,.389,.35,.533,.364,.682,.429,.545,0
2025,5,31,26,m,.378,.592,.201,.429,.775,1.12,.346,.456,.567,.859,.126,.348,.643,.975,.102,.0784,.383,.204,-.057,.546,.342,.461,.144,.275,.994,1,.233,.306,.3,.495,.296,.452,.283,.645,.203,.352,0
2025,5,31,27,m,.0181,.204,.135,.296,.216,.815,.212,.282,.51,.806,.0327,.0911,.917,1.31,.245,.28,.609,.344,.468,1.21,.26,.487,.168,.332,.484,.349,.246,.651,.0453,.141,.223,.354,.372,.562,.322,.446,0
2025,5,31,28,m,.0717,.299,.0553,.151,.455,.487,.175,.218,.399,.605,.102,.209,.743,.893,.259,.22,.22,.199,.287,1.46,.21,.224,.231,.328,.253,.2,.559,.622,-.0566,-.0688,.119,.16,.257,.486,.259,.378,0
2025,5,31,29,m,-.0178,.288,-.0522,.0488,.155,.167,.146,.223,.183,.506,.0571,.163,.427,.749,.321,.265,1.02,.647,-.0897,.737,.302,.46,.19,.343,.337,.343,.435,.431,-.184,-.103,.0457,.121,.17,.397,.224,.342,0
2025,5,31,30,m,.244,.402,-.015,.138,.238,.272,.155,.161,.585,.656,.233,.161,.988,.907,.139,.153,.623,.31,.0667,.68,.253,.343,.192,.264,.247,.135,1.15,1.28,-.277,-.27,.0211,.0848,.508,.479,.356,.346,0
2025,5,31,31,m,.078,.295,.0838,.277,-.00738,-.0647,.284,.337,.527,.737,-.0185,.205,1.02,1.18,.275,.19,.244,.255,-.312,.406,.365,.305,.267,.342,.841,.701,.54,1.19,.077,-.000547,.149,.218,.156,.547,.213,.352,0
2025,5,31,32,m,-.0638,.0591,.111,.267,.136,.113,-.0184,.0159,.0928,.151,-.0705,-.057,.167,.188,.397,.0116,-.0256,-.2,-.024,.481,.164,.1,.169,.0732,.0663,-.0198,-.161,-.0628,-.12,-.0771,.0666,.0826,.0158,.081,.13,.0575,0
2025,5,31,33,m,.23,.421,.125,.343,.101,.156,.14,.189,.506,.608,-.13,-.00274,.655,.695,.142,.153,.374,.263,-.361,-.0815,.19,.186,.19,.286,.267,.187,.275,.394,-.0827,.156,.135,.251,.0953,.258,.114,.218,0
2025,5,31,34,m,-.118,-.031,.12,.226,.1,.248,.244,.247,.347,.417,-.00774,-.00939,.613,.655,.126,.157,.313,.189,-.11,.116,.254,.3,.204,.279,.603,.441,.128,.113,.25,.17,.186,.227,.166,.217,.153,.198,0
2025,5,31,35,m,-.0587,.0182,.00477,.132,-.0818,-.0751,.0962,.103,.311,.399,-.0556,-.046,.529,.618,.132,.117,.00373,-.0186,.05,.38,.0559,.0396,.185,.249,.237,.132,-.00227,.104,-.0998,-.101,-.0152,.0288,.158,.232,.149,.195,0
2025,5,31,36,m,.0695,.263,.192,.351,.286,.252,.265,.283,.344,.513,.112,.157,.61,.735,.294,.232,.41,.319,.158,.739,.229,.312,.255,.339,.38,.276,.463,.654,.0584,.241,.212,.313,.284,.439,.284,.361,0
2025,5,31,37,m,-.149,-.0577,.273,.39,-.0857,.0234,.151,.212,.256,.377,.17,.339,.554,.692,.185,.064,.544,.334,.439,1.3,.311,.504,.0505,.124,.269,.182,.38,.388,.0042,.116,.231,.316,.259,.49,.239,.315,0
2025,5,31,38,m,.373,.807,.151,.266,.427,.273,.259,.276,.643,.945,-.0656,-.0582,.903,1.06,.18,.154,.127,.0846,-.0199,.0723,.221,.238,.348,.447,.348,.32,1.39,1.17,-.0312,.0534,.132,.185,.483,.611,.366,.428,0
2025,5,31,39,m,-.0367,.196,.177,.339,.234,.386,.208,.223,.293,.482,.0345,.0846,.578,.698,.159,.154,.3,.168,.155,.62,.11,.152,.17,.266,.434,.307,.363,.421,.0281,.0529,.168,.231,.185,.332,.173,.261,0
2025,5,31,40,m,.0782,.295,.236,.423,.469,.39,.323,.433,.617,.856,.137,.47,1.07,1.29,.175,.15,.542,.486,.295,1.93,.344,.594,.242,.354,.636,.602,.178,.611,.155,-.00472,.31,.396,.396,.828,.308,.499,0
2025,5,31,41,m,-.0766,.0461,.0453,.116,-.0676,.00998,.0707,.0711,.248,.329,-.0632,-.0789,.501,.526,.0386,.0398,.162,.125,.0784,.215,.0762,.0769,.076,.142,.22,.121,.0862,.239,-.0991,-.0576,.019,.063,.15,.186,.109,.132,0
2025,5,31,42,m,.0289,.167,.0292,.032,.0415,-.0103,.277,.288,.454,.584,-.121,.285,.855,.947,.338,.262,.381,.356,-.48,.307,.119,.128,.267,.345,.507,.42,.582,.894,-.166,-.372,.0534,-.00792,.0418,.448,.125,.381,0
2025,5,31,43,m,.151,.346,.144,.311,.143,.205,.259,.287,.487,.657,.0544,.0988,.704,.839,.245,.219,.416,.27,.439,.51,.362,.447,.276,.358,.475,.354,.269,.493,.142,.2,.216,.295,.338,.462,.298,.357,0
2025,5,31,44,m,-.0339,.0369,.218,.379,.284,.771,.203,.281,.568,.707,-.0793,-.143,1.44,1.71,.0823,.0625,.352,.338,.188,.0983,.513,.528,.204,.263,.291,.466,1.38,1.53,.688,.774,.351,.487,.443,.38,.273,.232,0
2025,5,31,45,m,-.0536,.109,.253,.528,.156,.7,.31,.37,.492,.676,.277,.429,.838,1.02,.179,.153,.367,.357,.659,1.2,.446,.521,.248,.32,.429,.345,.637,.87,.46,.438,.328,.5,.41,.617,.321,.414,0
2025,5,31,46,m,.528,.651,.272,.539,.491,.816,.481,.51,.691,.858,.628,.82,.785,.988,.621,.545,.846,.675,.742,2.26,.284,.37,.343,.404,.626,.396,.511,.907,.501,.435,.403,.528,.747,1.04,.712,.852,0
2025,5,31,47,m,.0666,.255,.0671,.19,.0618,.0853,.0917,.102,.349,.454,-.0544,-.0093,.517,.555,.0663,.0456,.105,-.0037,-.109,.222,.0516,.0158,.116,.2,.221,.0925,.00187,.155,-.15,-.0998,.0345,.0747,.151,.264,.121,.186,0
2025,5,31,48,m,1.5,1.76,.16,.324,-.231,-.1,.618,.643,1.63,1.67,.499,.395,1.69,1.64,.739,.694,.702,.449,.744,.798,.511,.504,.821,.903,.946,.96,1.9,2.42,-.0505,-.00974,.159,.247,1.36,1.33,1.08,1.04,0
2025,5,31,49,m,.0975,.294,.00594,.177,-.0501,.201,.091,.165,.447,.573,-.0775,.0547,.672,.733,.168,.203,.286,.268,-.0597,.636,.00791,.13,.179,.295,.23,.189,.353,.381,-.128,-.173,.0164,.114,.163,.339,.164,.292,0
2025,5,31,50,m,.237,.437,.131,.227,.22,.338,.334,.35,.614,.712,.0468,.18,.865,.871,.545,.297,.645,.454,.141,.675,.213,.245,.348,.385,.227,.179,.475,.739,-.332,-.34,.099,.129,.324,.485,.384,.42,0
2025,5,31,51,m,-.0877,.146,.218,.275,.226,.33,.209,.193,.298,.507,-.051,.0405,.609,.761,.257,.228,.228,.0717,-.0168,.679,.32,.29,.221,.298,.391,.327,.269,.637,.232,.0444,.245,.21,.11,.321,.16,.284,0
2025,5,31,52,m,-.0597,.0866,-.0322,.155,.278,.308,.116,.186,.462,.559,-.188,-.042,.759,.795,.173,.162,.32,.233,-.502,-.136,.136,.171,.142,.234,.353,.333,.187,.283,.177,.204,.111,.193,.0123,.206,.071,.188,0
2025,5,31,53,m,-.205,-.11,.13,.36,.02,.245,.272,.366,.389,.527,-.017,.174,.783,.936,.0766,.0513,.125,.0604,-.275,.18,.557,.655,.16,.243,.77,.777,.0809,.277,-.0191,.162,.161,.322,.0907,.34,.0844,.2,0
2025,6,30,1,m,-.178,-.0293,-.151,.00424,-.132,-.106,-.041,-.0253,.0655,.203,-.153,-.167,.282,.39,.00698,.0237,.121,.00273,-.124,.0946,-.0289,-.0419,-.0056,.0656,.0691,-.0131,.174,.173,-.245,-.182,-.122,-.0508,-.00516,.0706,-.00173,.0559,0
2025,6,30,2,m,.0682,.365,.0764,.232,.429,.289,.267,.277,.275,.544,.0722,.0796,.561,.757,.24,.168,.761,.5,.163,.559,.313,.386,.237,.299,.386,.261,.667,.756,.127,.124,.197,.249,.236,.411,.239,.308,0
2025,6,30,3,m,.0778,.322,.222,.358,.672,.56,.396,.38,.485,.71,.25,.304,.854,1.01,.301,.217,.759,.497,.418,1.13,.328,.435,.316,.365,.514,.391,.998,1.06,.243,.128,.336,.356,.487,.706,.415,.485,0
2025,6,30,4,m,.0205,.114,.202,.407,.392,.332,.265,.219,.414,.478,.0713,.033,.765,.776,.211,.169,.32,.107,.215,.443,.3,.313,.27,.292,.524,.248,.411,.391,.0976,.241,.23,.305,.289,.298,.257,.245,0
2025,6,30,5,m,.0725,.208,.0831,.315,.315,.296,.199,.178,.393,.443,-.0199,-.0548,.582,.564,.149,.108,.282,.135,-.0729,.0348,.244,.267,.205,.219,.398,.248,.359,.36,.0248,.142,.153,.243,.223,.204,.196,.169,0
2025,6,30,6,m,.0136,.1,-.0265,.0801,-.0105,.0151,.0469,.0143,.155,.22,-.117,-.136,.241,.287,.088,.0431,.119,-.0571,-.0935,.129,.0624,-.00244,.0641,.0877,.206,.051,.171,.138,-.111,-.113,-.00888,.00441,.0553,.0957,.0652,.0794,0
2025,6,30,7,m,-.232,-.113,-.0232,.162,.278,.137,.192,.184,.16,.289,-.0408,-.00841,.518,.632,.109,.165,.344,.0989,-.197,.225,.292,.264,.161,.255,.489,.262,.246,.355,-.00757,.0789,.0951,.151,.0421,.156,.0675,.159,0
2025,6,30,8,m,-.063,-.00108,.0206,.182,-.00472,.00857,.0665,.0218,.214,.218,-.162,-.156,.4,.35,.275,.0968,.0361,-.0519,-.0929,.0724,.0424,.0623,.212,.148,.148,.0000308,.183,.244,-.101,-.13,.00434,.0449,.0345,.0576,.103,.0702,0
2025,6,30,9,m,-.0814,.033,-.145,-.0547,.00756,-.0787,.0576,.0322,.25,.312,-.123,-.0787,.52,.516,.0626,.144,.425,.164,.0829,.526,.0382,-.00351,.116,.178,.219,.0762,.0318,.138,-.19,-.211,-.0545,-.0578,.0795,.149,.0736,.147,0
2025,6,30,10,m,.012,.084,.102,.332,.223,.215,.213,.186,.471,.533,-.0584,-.0397,.802,.843,.139,.117,.269,.0641,-.143,.262,.235,.259,.224,.276,.48,.213,.102,.213,.0559,.162,.151,.23,.208,.277,.18,.212,0
2025,6,30,11,m,-.85,-.836,.262,.481,.468,.489,.016,.00781,-.497,-.457,.122,.15,1.57,1.64,.155,.0904,.396,.146,.336,.668,.211,.285,-.194,-.166,.149,.0264,.806,.937,.238,.423,.285,.382,-.293,-.248,-.164,-.143,0
2025,6,30,12,m,-.105,.000353,-.00126,.146,.0339,-.0526,.0991,.0628,.22,.284,-.0919,-.0992,.486,.493,.101,.029,.34,.101,-.0433,.243,.00923,-.0344,.11,.121,.331,.135,.133,.2,-.104,-.0528,.0187,.0523,.112,.148,.108,.108,0
2025,6,30,13,m,.3,.527,.39,.598,2.76,3.12,.497,.512,.699,.974,-.126,.0589,.982,1.28,.61,.676,.88,.534,-.607,-.261,.325,.284,.491,.637,.327,.194,.244,.575,.417,.374,.646,.711,.0952,.424,.251,.512,0
2025,6,30,14,m,-.189,.144,.203,.576,1.18,1.67,.389,.487,.144,.52,.0512,.0631,.461,.837,.362,.318,.33,.337,.149,1.08,2.09,2.23,.27,.413,.547,.486,.302,.633,.0471,.122,.55,.807,.145,.477,.237,.403,0
2025,6,30,15,m,.118,.272,1.21,1.54,5.01,5.23,.333,.373,.529,.673,-.0459,.0631,.767,.889,-.104,-.119,1.75,1.12,-.67,-.498,1.13,1.34,.101,.122,.751,.639,.627,1.35,4.45,4.35,1.83,1.96,.116,.333,.0114,.0888,0
2025,6,30,16,m,-.0869,.0356,.0782,.28,.0891,.109,.183,.196,.356,.475,-.00742,.00911,.813,.892,.299,.28,.328,.199,.174,.579,.357,.365,.284,.365,.341,.166,.00092,.172,-.0589,.0889,.124,.232,.173,.243,.221,.258,0
2025,6,30,17,m,-.108,.00995,-.00469,.144,.291,.239,.139,.113,.18,.274,-.0829,-.078,.469,.516,.188,.156,.0809,-.0669,-.0151,.319,.144,.19,.163,.189,.407,.212,-.06,.0202,.000687,-.0438,.0595,.0978,.0414,.11,.0941,.127,0
2025,6,30,19,m,.0387,.171,.211,.425,.411,.675,.287,.304,.495,.591,.0887,.0804,.752,.802,.0617,.0419,.498,.333,.216,.468,.705,.63,.199,.233,.604,.548,.248,.361,.363,.459,.364,.464,.306,.351,.182,.189,0
2025,6,30,20,m,.171,.246,.268,.575,.818,1.07,.569,.59,.712,.679,.406,.5,1.11,.946,.303,.264,1.02,.546,.378,1.73,.909,1.12,.453,.489,.826,.625,.849,1.03,.514,.548,.537,.699,.648,.751,.49,.521,0
2025,6,30,21,m,-.168,-.101,-.213,-.0341,-.0407,-.208,.0188,.00311,.111,.135,-.0772,-.144,.466,.408,.125,.0565,.268,.158,.0577,.197,.0898,.0376,.0783,.0673,.255,.127,.00774,-.00428,-.176,-.121,-.116,-.0459,.018,-.0023,.0522,.017,0
2025,6,30,22,m,-.123,.0207,.0289,.271,.0566,.403,.0978,.0637,.355,.41,-.0799,-.0811,.726,.67,.0395,.0637,.607,.273,-.224,.165,.176,.189,.0764,.119,.341,.00463,.235,.226,-.108,.0564,.0831,.229,.191,.249,.14,.185,0
2025,6,30,23,m,.148,.283,.293,.351,.79,.498,.775,.526,.337,.361,.0944,.0624,.491,.414,.637,.376,.659,.392,-.27,.255,.358,.381,.498,.387,1.27,.883,.659,.703,-.0777,-.0278,.281,.287,.194,.254,.345,.301,0
2025,6,30,24,m,-.0563,.0434,.0812,.234,-.0111,-.0506,.246,.178,.416,.498,.0709,.0678,.931,.953,.078,.182,.361,.163,.217,.789,.223,.183,.246,.232,.539,.26,.362,.522,.0558,.0143,.122,.145,.255,.309,.182,.257,0
2025,6,30,25,m,-.224,.0728,.244,.404,.38,.309,.51,.495,.198,.475,.49,.443,.878,.997,.481,.36,1.39,.892,2.25,2.79,.922,1.12,.32,.356,.937,.68,1.36,1.31,.187,.267,.388,.48,.429,.598,.447,.489,0
2025,6,30,26,m,.308,.5,.161,.406,.798,1.12,.353,.426,.556,.774,.103,.303,.665,.893,.0766,.0456,.386,.174,-.232,.27,.275,.443,.143,.234,1.05,.961,.198,.32,.55,.577,.286,.44,.216,.529,.154,.279,0
2025,6,30,27,m,-.0978,.0535,.134,.371,.199,.59,.28,.269,.484,.693,.0393,.0125,.998,1.23,.303,.291,1.06,.366,.61,1.03,.322,.507,.299,.367,.498,.263,.248,.669,.449,.28,.344,.397,.402,.438,.362,.377,0
2025,6,30,28,m,.0368,.219,-.00395,.119,.36,.306,.188,.188,.337,.502,-.0207,.0555,.646,.767,.242,.182,.371,.201,.111,.861,.23,.229,.222,.273,.38,.246,.388,.452,.0266,-.0418,.116,.135,.153,.322,.187,.265,0
2025,6,30,29,m,-.00256,.209,-.116,.0157,.161,.0956,.155,.172,.196,.415,.00505,.0182,.434,.647,.292,.218,.815,.485,-.25,.203,.379,.425,.204,.271,.449,.364,.465,.357,-.189,-.152,.00999,.0693,.155,.275,.206,.252,0
2025,6,30,30,m,.0246,.207,-.091,.109,.107,.158,.141,.125,.466,.529,.185,.0995,1.04,.846,.163,.121,1,.448,.0821,.681,.345,.319,.199,.21,.315,.131,.56,.618,-.352,-.319,-.0186,.0608,.352,.34,.276,.251,0
2025,6,30,31,m,.0344,.211,.0675,.254,.19,-.000292,.31,.286,.49,.632,.0227,.124,1.01,1.05,.217,.136,.445,.174,-.26,.232,.343,.248,.243,.284,.872,.637,.8,1.1,.267,-.0284,.186,.19,.191,.429,.206,.269,0
2025,6,30,32,m,-.131,-.00755,.0559,.269,.276,.113,-.0247,-.00147,.108,.113,-.0873,-.117,.232,.161,.346,-.0522,.0811,-.182,-.124,.221,.344,.152,.171,.043,.153,-.00655,-.0597,-.0674,-.204,-.118,.0783,.089,.00284,-.00232,.109,-.0192,0
2025,6,30,33,m,.126,.261,.0853,.392,.0895,.128,.132,.168,.445,.488,-.181,-.0729,.619,.594,.129,.151,.358,.224,-.503,-.204,.261,.206,.173,.232,.333,.198,.286,.306,-.0737,.158,.127,.264,.017,.141,.0587,.145,0
2025,6,30,34,m,-.128,-.111,.0232,.227,.136,.257,.238,.217,.347,.353,.00846,-.0319,.605,.598,.0988,.141,.403,.165,-.211,-.00768,.222,.23,.197,.231,.617,.424,.109,.176,.217,.143,.138,.209,.171,.171,.148,.161,0
2025,6,30,35,m,-.111,-.0551,-.0042,.131,-.0465,-.077,.0993,.0711,.279,.327,-.118,-.11,.514,.546,.105,.0792,.101,-.0125,-.154,.237,.09,.0386,.167,.191,.297,.122,-.0868,.0409,-.11,-.13,-.000589,.0231,.101,.154,.102,.13,0
2025,6,30,36,m,.0393,.115,.0913,.291,.328,.262,.292,.237,.395,.409,.138,.101,.749,.67,.297,.198,.423,.294,.264,.527,.385,.328,.289,.282,.438,.217,.306,.601,.0756,.148,.203,.274,.303,.332,.299,.282,0
2025,6,30,37,m,-.167,-.0727,.182,.381,-.142,-.00862,.151,.175,.289,.372,.172,.225,.641,.693,.148,.0357,.564,.243,.43,1.03,.314,.579,.0407,.105,.298,.172,.589,.317,-.137,-.0573,.163,.279,.29,.394,.242,.246,0
2025,6,30,38,m,.358,.656,.0866,.273,.437,.294,.264,.233,.645,.808,-.0604,-.124,.921,.931,.171,.117,.159,.0614,-.0758,-.0132,.26,.199,.348,.362,.397,.293,1.21,.735,-.0255,.0418,.119,.178,.458,.478,.346,.333,0
2025,6,30,39,m,-.0866,.0269,.103,.332,.215,.168,.24,.195,.275,.336,.0314,-.00692,.583,.57,.174,.174,.358,.0783,.0289,.24,.227,.208,.196,.226,.649,.393,.479,.363,-.102,-.102,.137,.176,.158,.177,.164,.176,0
2025,6,30,40,m,.0507,.203,.148,.42,.353,.378,.299,.374,.599,.747,.0317,.223,1.06,1.17,.129,.107,.651,.474,.0604,1.03,.43,.594,.234,.32,.652,.558,.201,.377,.096,-.0215,.267,.389,.303,.54,.229,.329,0
2025,6,30,41,m,-.122,-.0382,-.00818,.108,.036,.00878,.0817,.0434,.187,.254,-.048,-.109,.415,.456,.0205,-.0102,.198,.0668,.0162,.208,.105,.0762,.0578,.0865,.286,.116,.166,.159,-.107,-.098,.0119,.0439,.128,.121,.0881,.0726,0
2025,6,30,42,m,-.0413,.0259,.0109,.046,.084,-.0732,.278,.23,.43,.473,-.13,.117,.873,.863,.294,.225,.512,.323,-.53,-.0541,.152,.125,.256,.289,.539,.362,.455,.771,-.197,-.411,.059,-.0214,.0325,.275,.112,.257,0
2025,6,30,43,m,.0688,.189,.0743,.32,.25,.234,.283,.258,.479,.556,.0538,.0234,.749,.77,.21,.144,.478,.289,.447,.471,.463,.415,.295,.29,.521,.338,.493,.356,.17,.16,.221,.292,.338,.364,.284,.269,0
2025,6,30,44,m,-.0812,-.0805,.203,.362,.0639,.389,.193,.222,.593,.596,-.0677,-.19,1.6,1.61,.0698,.0156,.273,.263,.0992,-.0524,.303,.487,.172,.208,.367,.371,.918,.829,.67,.774,.273,.427,.426,.266,.255,.149,0
2025,6,30,45,m,-.152,-.0225,.176,.51,.0176,.477,.288,.322,.473,.555,.222,.297,.897,.903,.107,.0973,.663,.37,.51,.852,.457,.609,.235,.267,.438,.32,.278,.403,.208,.252,.271,.459,.329,.434,.238,.287,0
2025,6,30,46,m,.581,.527,.242,.64,.184,.771,.498,.476,.793,.735,.716,.671,.925,.865,.609,.485,.977,.596,.967,1.93,.264,.341,.361,.339,.607,.381,.399,.549,.645,.396,.383,.544,.835,.865,.757,.721,0
2025,6,30,47,m,.0424,.132,.0245,.236,.141,.124,.11,.101,.365,.415,-.113,-.103,.543,.56,.0258,.0115,.127,-.0322,-.192,.0896,.105,.0318,.109,.175,.358,.156,-.108,-.0462,-.0369,-.00781,.052,.112,.141,.18,.1,.12,0
2025,6,30,48,m,1.34,1.67,.0824,.295,-.138,-.0255,.606,.6,1.53,1.58,.514,.339,1.61,1.56,.7,.66,.485,.374,.619,.665,.582,.53,.799,.837,.956,.88,2.05,2.66,-.0346,-.0545,.131,.228,1.26,1.25,1.01,.983,0
2025,6,30,49,m,-.00561,.12,.0364,.21,.04,.168,.108,.118,.367,.426,-.152,-.0904,.606,.602,.114,.141,.283,.166,-.192,.279,.0148,.111,.17,.235,.321,.174,.11,.163,-.083,-.174,.0454,.105,.0611,.154,.078,.15,0
2025,6,30,50,m,.0628,.209,.111,.246,.271,.347,.348,.319,.537,.614,.0645,.112,.848,.847,.457,.242,.719,.467,.0326,.477,.182,.253,.304,.327,.272,.136,.608,.747,-.327,-.334,.0989,.141,.315,.378,.356,.33,0
2025,6,30,51,m,-.147,-.0382,.128,.26,.321,.34,.271,.172,.338,.437,.0146,-.0505,.711,.772,.279,.228,.393,.0642,.166,.553,.334,.221,.278,.283,.523,.317,-.00054,.227,.283,.00661,.245,.186,.164,.197,.208,.21,0
2025,6,30,52,m,-.0872,.0463,-.115,.112,.278,.26,.0774,.142,.42,.507,-.185,-.0893,.707,.737,.119,.138,.269,.187,-.497,-.168,-.014,.127,.101,.199,.376,.32,.157,.23,.069,.159,.0203,.149,.0156,.157,.0551,.15,0
2025,6,30,53,m,-.214,-.156,.0871,.345,-.085,.221,.244,.317,.393,.478,-.122,.0538,.79,.885,.028,.00649,.155,.0553,-.446,-.103,.487,.618,.129,.183,.818,.751,-.000353,.196,-.0684,.13,.117,.302,.0322,.216,.0301,.115,0
2025,7,31,1,m,-.103,-.0105,-.146,.00522,-.159,-.0954,-.00872,.0271,.115,.216,-.148,-.132,.296,.399,.0235,.0496,.123,.0666,-.112,.14,-.08,-.00865,.0218,.0878,.078,.0521,.272,.235,-.224,-.183,-.123,-.037,.0185,.0957,.0198,.0812,0
2025,7,31,2,m,.179,.307,.178,.283,.32,.28,.349,.34,.392,.503,.11,.126,.666,.738,.26,.192,.737,.533,.231,.521,.423,.513,.287,.299,.406,.31,1.26,1.12,.159,.143,.258,.292,.328,.409,.302,.317,0
2025,7,31,3,m,.188,.317,.208,.367,.531,.579,.421,.441,.556,.689,.238,.301,.858,.981,.281,.232,.59,.559,.387,.897,.257,.464,.297,.367,.53,.454,.958,1.07,.153,.0587,.28,.358,.511,.679,.418,.477,0
2025,7,31,4,m,.0381,.125,.212,.387,.303,.329,.29,.28,.469,.527,.086,.0735,.851,.858,.204,.196,.306,.156,.23,.459,.196,.296,.279,.335,.513,.352,.46,.412,.109,.161,.213,.288,.319,.342,.273,.282,0
2025,7,31,5,m,.146,.274,.101,.333,.278,.265,.223,.223,.47,.506,-.00378,-.0374,.66,.625,.134,.122,.24,.129,-.0397,.00422,.186,.277,.235,.256,.356,.314,.493,.408,.0604,.0677,.151,.236,.274,.244,.223,.2,0
2025,7,31,6,m,.0658,.152,-.036,.0798,-.0318,-.00521,.0543,.0586,.186,.272,-.0952,-.104,.255,.339,.0878,.066,.0444,-.0177,-.065,.16,.0126,.0418,.0638,.12,.178,.102,.321,.207,-.139,-.137,-.0354,.00959,.0826,.138,.0844,.116,0
2025,7,31,7,m,-.14,-.0615,-.01,.189,.152,.184,.222,.256,.211,.322,.00428,.0412,.51,.65,.13,.2,.179,.129,-.0429,.242,.13,.326,.165,.28,.525,.364,.149,.363,-.0154,.0596,.0522,.177,.0948,.198,.108,.198,0
2025,7,31,8,m,-.111,.00546,.0343,.181,-.063,.00109,.0946,.069,.213,.247,-.131,-.14,.442,.393,.278,.109,.038,-.049,.00664,.0702,.0226,.105,.212,.167,.15,.0735,.2,.168,-.0789,-.137,.00519,.05,.0585,.0697,.122,.0821,0
2025,7,31,9,m,-.0229,.0287,-.11,-.0248,-.038,-.095,.0894,.0746,.281,.317,-.0875,-.0501,.512,.528,.137,.167,.384,.204,.214,.527,-.0203,.0695,.149,.19,.256,.135,-.0392,.111,-.144,-.175,-.0417,-.0241,.109,.166,.118,.166,0
2025,7,31,10,m,.11,.176,.101,.329,.12,.184,.237,.237,.577,.622,-.0321,-.0153,.916,.929,.141,.123,.215,.0899,-.106,.219,.184,.291,.261,.317,.4,.247,.247,.276,.0791,.122,.132,.23,.266,.319,.216,.239,0
2025,7,31,11,m,-.869,-.811,.254,.495,.225,.49,-.015,.0351,-.581,-.423,.0349,.143,1.61,1.72,.138,.104,.268,.159,.255,.611,.119,.294,-.285,-.139,.12,.0661,.709,.841,.245,.378,.228,.385,-.407,-.231,-.267,-.126,0
2025,7,31,12,m,-.0733,-.0143,-.0135,.139,-.0726,-.0141,.0965,.0944,.246,.279,-.105,-.0817,.497,.494,.0981,.0549,.344,.151,.0274,.338,-.0373,.0163,.124,.138,.259,.18,.073,.164,-.0842,-.0844,.00401,.0609,.113,.152,.108,.119,0
2025,7,31,13,m,.192,.456,.291,.623,2.66,3.2,.511,.595,.706,.91,-.11,.0419,1.13,1.23,.632,.713,.637,.545,-.613,-.352,.253,.326,.456,.635,.315,.281,.035,.298,.347,.444,.533,.749,.117,.385,.279,.5,0
2025,7,31,14,m,-.107,.0541,.248,.592,1.18,1.74,.42,.522,.211,.429,.0413,.0657,.48,.744,.383,.338,.511,.388,.0889,.873,1.87,2.29,.312,.397,.555,.583,.544,.731,.0645,.154,.581,.843,.184,.415,.271,.379,0
2025,7,31,15,m,.176,.32,1.2,1.41,4.6,5.19,.327,.375,.456,.657,-.0566,.0544,.602,.839,-.0842,-.0984,1.37,1.2,-.747,-.636,.9,1.25,.0814,.126,.677,.561,1.01,1.92,4.83,4.05,1.7,1.86,.0852,.31,.00575,.0895,0
2025,7,31,16,m,.0279,.0825,.108,.286,.104,.185,.22,.259,.602,.693,-.0225,.0578,1.14,1.27,.297,.31,.329,.208,.263,.633,.235,.413,.36,.445,.377,.253,.0808,.22,.022,.0753,.142,.249,.26,.368,.273,.345,0
2025,7,31,17,m,-.054,-.0449,.0163,.157,.213,.301,.15,.165,.228,.258,-.0564,-.0151,.479,.535,.199,.176,.103,.0152,.00669,.35,.0858,.213,.182,.207,.342,.285,.0712,.0775,-.0202,-.0447,.0555,.126,.0782,.132,.122,.149,0
2025,7,31,19,m,.0403,.243,.246,.414,.363,.702,.305,.353,.543,.665,.085,.0866,.853,.876,.0973,.0793,.39,.287,.237,.425,.713,.746,.236,.283,.582,.659,.243,.331,.259,.356,.355,.459,.316,.384,.206,.225,0
2025,7,31,20,m,.296,.469,.326,.622,.725,1.03,.603,.689,.71,.801,.275,.488,1.01,1.01,.195,.273,.997,.577,.31,1.66,.649,.986,.424,.56,.869,.753,.673,.855,.534,.541,.521,.699,.54,.813,.384,.558,0
2025,7,31,21,m,-.107,-.0753,-.232,-.0382,-.232,-.147,.032,.0516,.166,.173,-.0975,-.101,.5,.46,.129,.102,.271,.215,.15,.216,-.0228,.0742,.108,.108,.28,.194,.0903,.0857,-.0953,-.108,-.133,-.0277,.0481,.0496,.0744,.0668,0
2025,7,31,22,m,-.05,.101,-.0122,.264,-.0636,.361,.105,.116,.414,.471,-.0867,-.0719,.772,.718,.101,.0969,.459,.25,-.231,.145,.0232,.176,.088,.159,.281,.0793,.391,.265,-.0796,-.0399,.0274,.199,.234,.299,.191,.23,0
2025,7,31,23,m,.229,.312,.241,.382,.732,.531,.706,.56,.359,.392,.0715,.0861,.455,.446,.545,.407,.539,.423,-.186,.283,.304,.412,.463,.418,.922,.925,.612,.741,-.0879,-.00606,.236,.315,.208,.282,.328,.33,0
2025,7,31,24,m,.0129,.0521,.0857,.233,-.0701,.0184,.259,.228,.474,.518,.0718,.105,.941,.984,.188,.221,.329,.232,.227,.854,.177,.274,.309,.254,.434,.337,.317,.506,.0784,.0222,.115,.176,.271,.34,.237,.292,0
2025,7,31,25,m,-.131,.0111,.217,.344,.128,.157,.475,.508,.313,.475,.388,.387,.924,1.08,.469,.4,1.32,.938,2,2.65,.86,1.22,.346,.396,.782,.714,1.24,1.18,.154,.185,.342,.431,.498,.569,.484,.492,0
2025,7,31,26,m,.263,.514,.203,.392,.53,.818,.395,.476,.661,.834,.143,.32,.867,.974,.0917,.0655,.435,.309,-.162,.263,.254,.459,.17,.266,1.06,1.06,.146,.236,.598,.539,.299,.432,.314,.568,.211,.308,0
2025,7,31,27,m,-.0346,.0852,.0766,.273,.0866,.59,.147,.272,.613,.764,-.0371,.0346,1.19,1.34,.226,.263,.65,.28,.499,1.03,.406,.648,.134,.309,.189,.29,.0559,.597,-.0335,-.0379,.208,.314,.37,.482,.312,.392,0
2025,7,31,28,m,.0747,.175,.0105,.111,.465,.441,.202,.225,.445,.51,.0723,.112,.826,.824,.234,.233,.319,.227,.21,.858,.0793,.277,.231,.309,.375,.268,.593,.546,-.0794,-.121,.0885,.141,.263,.358,.252,.307,0
2025,7,31,29,m,-.0258,.0879,-.11,.0207,.138,.0932,.184,.214,.209,.337,.0335,.107,.477,.615,.303,.251,.992,.51,-.132,.472,.289,.528,.21,.269,.456,.412,.127,.136,-.132,-.145,.0304,.088,.138,.259,.2,.255,0
2025,7,31,30,m,.207,.193,-.0955,.0978,.0564,.116,.133,.139,.572,.528,.135,.088,.945,.858,.18,.13,.782,.366,.0572,.564,.127,.278,.219,.225,.239,.146,.489,.769,-.356,-.356,-.0577,.029,.367,.341,.292,.255,0
2025,7,31,31,m,.131,.209,.0861,.254,.167,.044,.319,.333,.552,.618,-.00416,.132,.991,1.02,.236,.16,.368,.245,-.319,.0513,.36,.345,.246,.301,.823,.757,.339,1.06,.283,-.0143,.197,.223,.178,.391,.209,.265,0
2025,7,31,32,m,-.0674,.0478,-.00743,.239,.155,.2,.0057,.0267,.0589,.132,-.17,-.12,.116,.167,.27,-.0265,-.0976,-.193,-.155,.157,.112,.193,.108,.0667,.0564,.0314,-.273,-.16,-.191,-.163,-.0107,.083,-.0697,.00219,.0343,-.00753,0
2025,7,31,33,m,.186,.367,.0639,.341,.0215,.103,.158,.196,.451,.538,-.13,-.062,.595,.618,.0968,.133,.365,.266,-.43,-.182,.25,.27,.186,.255,.316,.24,.396,.255,.0167,.112,.131,.254,.0448,.164,.0649,.152,0
2025,7,31,34,m,-.0263,-.000941,.0622,.265,.082,.311,.249,.262,.38,.393,-.0399,-.0413,.602,.602,.0692,.115,.426,.232,-.231,-.0992,.162,.277,.212,.249,.634,.533,-.0704,.111,.415,.225,.172,.261,.148,.172,.123,.154,0
2025,7,31,35,m,-.0868,-.0837,-.000386,.147,-.098,-.0536,.131,.123,.32,.321,-.099,-.0997,.555,.553,.102,.0818,.129,.0448,-.0375,.231,.0439,.0705,.172,.197,.319,.214,-.00408,.0611,-.0263,-.0907,.00804,.0527,.15,.157,.134,.133,0
2025,7,31,36,m,.0991,.14,.0802,.283,.349,.266,.303,.287,.45,.431,.11,.12,.791,.689,.293,.222,.439,.315,.207,.528,.266,.34,.318,.309,.432,.306,.346,.488,.148,.229,.194,.288,.318,.357,.308,.306,0
2025,7,31,37,m,-.179,-.133,.225,.381,-.157,-.12,.186,.226,.282,.363,.112,.166,.612,.722,.146,.0673,.724,.341,.284,.594,.206,.568,.0466,.131,.294,.246,.219,.235,-.00188,.056,.202,.298,.216,.3,.193,.204,0
2025,7,31,38,m,.483,.808,.118,.348,.28,.29,.317,.311,.715,.876,-.0542,-.0936,.937,.931,.179,.145,.179,.144,-.0283,.0342,.209,.252,.379,.403,.454,.353,1.41,.907,-.0008,.0265,.128,.222,.493,.542,.37,.383,0
2025,7,31,39,m,-.0594,-.00831,.155,.349,.155,.262,.248,.239,.31,.326,.0279,.00263,.608,.578,.203,.186,.293,.101,.196,.297,.157,.225,.221,.242,.529,.473,.361,.248,-.0734,-.104,.143,.198,.176,.17,.187,.176,0
2025,7,31,40,m,.0576,.217,.164,.388,.29,.466,.321,.413,.675,.794,.0714,.244,1.22,1.24,.165,.13,.777,.639,.0467,.928,.447,.635,.234,.336,.616,.627,.176,.357,.294,.0349,.312,.418,.356,.564,.274,.353,0
2025,7,31,41,m,-.0921,-.0208,-.0212,.101,-.0503,.0104,.0793,.0797,.225,.271,-.0634,-.0895,.461,.474,.0174,.0155,.158,.133,.0391,.231,.0801,.13,.0574,.108,.266,.177,-.000291,.066,-.111,-.119,-.00723,.0519,.128,.136,.087,.0911,0
2025,7,31,42,m,.0172,.0192,.0174,.0592,-.0831,-.0429,.305,.282,.501,.483,-.0958,.127,.934,.887,.312,.26,.519,.397,-.55,-.161,.142,.14,.28,.319,.576,.434,.653,.75,-.156,-.365,.0485,.00734,.0821,.274,.155,.269,0
2025,7,31,43,m,.0708,.224,.0735,.282,.0641,.204,.284,.305,.45,.559,.0844,.0688,.702,.755,.188,.151,.518,.324,.321,.376,.285,.38,.262,.299,.49,.412,.425,.463,.149,.15,.179,.271,.31,.376,.258,.278,0
2025,7,31,44,m,-.0935,-.104,.284,.369,.447,.658,.261,.301,.706,.591,-.0719,-.116,2.06,1.63,.024,.0716,.004,.287,.0946,.0973,.549,.695,.196,.262,.331,.428,1.24,1.02,.839,.827,.37,.498,.44,.318,.235,.203,0
2025,7,31,45,m,-.185,-.0223,.294,.531,.0813,.565,.367,.412,.523,.647,.195,.285,1.01,1.05,.196,.146,.532,.342,.442,.698,.677,.853,.26,.352,.557,.436,.154,.402,.509,.342,.404,.528,.32,.47,.273,.329,0
2025,7,31,46,m,.629,.503,.308,.584,.218,.775,.409,.503,.822,.727,.483,.596,.93,.868,.594,.501,.748,.577,.802,1.5,.198,.338,.17,.327,.545,.461,.409,.441,.639,.381,.386,.515,.794,.788,.723,.679,0
2025,7,31,47,m,.258,.316,.0165,.246,.0794,.113,.147,.151,.49,.506,-.0875,-.0868,.617,.602,.0286,.0219,.225,.0312,-.219,-.0231,.0735,.077,.174,.215,.331,.185,-.0672,-.0171,-.139,-.0603,.0309,.124,.21,.24,.146,.162,0
2025,7,31,48,m,1.51,1.79,.0514,.283,-.163,-.0374,.614,.67,1.52,1.63,.489,.425,1.53,1.59,.704,.712,.385,.342,.375,.646,.456,.56,.795,.898,.971,1,2.74,2.71,-.00365,-.0239,.101,.229,1.21,1.31,.986,1.04,0
2025,7,31,49,m,.0815,.124,.0497,.191,.0308,.185,.155,.159,.47,.443,-.14,-.075,.712,.626,.164,.183,.3,.242,-.264,.0846,.0492,.129,.23,.273,.358,.233,.188,.291,-.0633,-.191,.0642,.11,.108,.162,.127,.17,0
2025,7,31,50,m,.0718,.212,.129,.255,.0814,.225,.357,.358,.54,.611,.0746,.124,.846,.841,.509,.268,.885,.678,.0436,.396,.129,.286,.338,.34,.189,.16,.704,.693,-.281,-.319,.112,.168,.338,.378,.387,.34,0
2025,7,31,51,m,-.115,.021,.115,.251,.187,.358,.24,.204,.361,.452,.0172,.0273,.745,.756,.265,.251,.219,.0508,.167,.509,.321,.307,.281,.303,.399,.333,.101,.282,.113,-.0349,.177,.188,.163,.251,.201,.251,0
2025,7,31,52,m,-.0525,.0926,-.0996,.081,.153,.246,.0999,.16,.512,.579,-.179,-.097,.843,.822,.132,.159,.417,.258,-.496,-.225,.0307,.12,.162,.247,.31,.321,.245,.221,.2,.111,.0669,.138,.0543,.172,.0846,.167,0
2025,7,31,53,m,-.247,-.157,.0545,.313,-.0942,.234,.238,.372,.382,.493,-.115,.0522,.813,.91,.0194,.0226,.0928,.132,-.468,-.17,.337,.677,.115,.214,.793,.91,.0171,.114,-.0346,.145,.0798,.311,.0175,.205,.0181,.117,0
2025,8,31,1,m,-.0979,-.00967,-.162,.00229,-.148,-.071,-.0339,.00461,.108,.219,-.178,-.148,.274,.404,.00328,.0369,.0813,.00473,-.132,.0772,-.0987,-.0282,-.0037,.0784,.0281,-.000335,.164,.154,-.238,-.24,-.137,-.0567,-.00441,.0893,-.00232,.0728,0
2025,8,31,2,m,.136,.326,.119,.293,.297,.335,.334,.34,.348,.51,.0866,.0943,.631,.731,.257,.206,.619,.363,.171,.368,.34,.492,.253,.306,.395,.295,.862,.894,.174,.104,.215,.274,.286,.398,.276,.317,0
2025,8,31,3,m,.221,.388,.188,.375,.587,.633,.432,.437,.57,.759,.188,.239,.852,1.05,.346,.28,.566,.447,.465,.792,.239,.404,.344,.407,.514,.405,.899,1.13,.22,.0537,.282,.344,.493,.68,.435,.5,0
2025,8,31,4,m,.0239,.19,.193,.322,.307,.238,.269,.267,.406,.565,.0578,.0589,.747,.874,.181,.22,.274,.1,.296,.359,.224,.243,.259,.344,.444,.342,.426,.503,.135,.0779,.211,.221,.278,.355,.239,.3,0
2025,8,31,5,m,.124,.2,.101,.248,.327,.216,.213,.199,.454,.481,-.0209,-.0225,.637,.624,.133,.126,.214,.0941,-.0106,-.0245,.188,.213,.214,.24,.331,.27,.323,.354,.101,.0503,.157,.179,.244,.238,.204,.197,0
2025,8,31,6,m,.0491,.137,-.0535,.0607,-.047,-.0515,.0444,.0437,.169,.265,-.14,-.118,.237,.338,.0779,.0723,.0369,-.0506,-.086,.0852,-.015,.0139,.0549,.118,.168,.0741,.163,.188,-.0862,-.173,-.0384,-.0191,.0494,.13,.0581,.112,0
2025,8,31,7,m,-.169,-.0336,-.0000208,.145,.2,.125,.221,.228,.196,.362,-.0238,.0338,.52,.699,.169,.214,.145,.0853,-.02,.155,.217,.296,.172,.285,.499,.339,.234,.396,.0638,.00247,.0862,.132,.0814,.215,.114,.214,0
2025,8,31,8,m,-.0442,.0322,.0146,.144,-.0468,-.101,.0831,.0552,.273,.294,-.146,-.144,.486,.452,.265,.104,.0094,-.0822,-.00651,.00743,.019,.039,.206,.175,.115,.0703,.201,.251,-.0703,-.192,-.00288,-.00214,.0799,.0944,.134,.0976,0
2025,8,31,9,m,-.0452,.0895,-.137,.0279,.0279,-.0143,.0793,.0844,.244,.34,-.114,-.0388,.476,.523,.141,.2,.351,.124,.13,.49,-.0717,.053,.14,.207,.228,.111,-.0758,.183,-.059,-.147,-.0433,.000808,.0718,.187,.0948,.192,0
2025,8,31,10,m,.0411,.204,.112,.283,.182,.128,.215,.213,.494,.629,-.0687,-.0178,.84,.922,.15,.151,.209,.0438,-.0894,.107,.157,.206,.243,.321,.356,.223,.145,.39,.0867,-.00498,.139,.163,.213,.325,.187,.254,0
2025,8,31,11,m,-.853,-.796,.246,.436,.498,.439,.0177,.0407,-.553,-.394,.0722,.155,1.39,1.83,.149,.125,.168,.122,.246,.525,.245,.306,-.259,-.118,.0897,.0455,.731,1.05,.474,.325,.285,.343,-.383,-.201,-.245,-.0995,0
2025,8,31,12,m,-.0234,.00435,-.0208,.114,-.049,-.0742,.104,.0878,.276,.316,-.12,-.0789,.494,.545,.112,.0777,.297,.0955,-.0422,.252,-.0656,-.00224,.13,.157,.275,.154,.227,.262,-.0106,-.0992,.00992,.0313,.116,.174,.114,.142,0
2025,8,31,13,m,.245,.66,.395,.682,2.58,3.05,.535,.601,.674,.964,-.0533,.0636,1.06,1.18,.655,.711,.545,.432,-.573,-.378,.267,.297,.508,.667,.245,.24,.437,.719,.423,.329,.585,.727,.177,.427,.328,.526,0
2025,8,31,14,m,-.0695,.242,.224,.626,1.21,1.87,.413,.541,.226,.55,.0572,.0788,.504,.809,.381,.372,.366,.26,.184,.756,1.88,2.35,.321,.472,.468,.538,.574,.974,.139,.0825,.593,.847,.207,.498,.283,.439,0
2025,8,31,15,m,.15,.435,1.16,1.37,5.29,5.71,.329,.392,.478,.767,-.0943,.027,.672,.945,-.092,-.0917,1.37,1.21,-.741,-.675,1.06,1.24,.0912,.15,.611,.605,.96,1.52,4.71,3.96,1.76,1.87,.0897,.346,.00469,.11,0
2025,8,31,16,m,.0601,.183,.115,.278,.0682,.127,.201,.248,.504,.683,-.0305,.0564,.924,1.16,.298,.359,.241,.164,.278,.554,.25,.38,.327,.471,.34,.224,.0575,.29,.0157,-.00392,.133,.215,.223,.371,.251,.366,0
2025,8,31,17,m,-.082,.0467,.0547,.138,.264,.292,.142,.143,.196,.316,-.0922,-.0453,.468,.562,.214,.192,.0253,-.0681,.0124,.181,.074,.15,.17,.218,.317,.25,.00613,.0482,.0748,-.0869,.0787,.0864,.046,.153,.105,.167,0
2025,8,31,19,m,.034,.242,.237,.364,.404,.535,.252,.326,.496,.705,.0368,.077,.755,.937,.0458,.103,.339,.23,.106,.34,.72,.694,.182,.288,.489,.594,.129,.26,.368,.349,.358,.403,.259,.383,.15,.237,0
2025,8,31,20,m,.197,.31,.339,.511,1.04,.967,.639,.681,.686,.781,.299,.472,1.01,1.07,.306,.329,.904,.546,.108,1.42,.896,1.01,.441,.547,.857,.823,.351,.675,.85,.592,.624,.648,.528,.76,.427,.556,0
2025,8,31,21,m,-.0944,-.0347,-.196,-.0361,-.111,-.153,.0461,.0449,.169,.208,-.0777,-.0924,.491,.49,.181,.129,.27,.181,.207,.275,.0117,.099,.123,.123,.218,.136,.0713,.125,-.0773,-.112,-.0935,-.029,.0632,.0774,.101,.0944,0
2025,8,31,22,m,-.118,.0265,.0483,.203,.0486,.223,.0894,.105,.396,.468,-.114,-.0237,.789,.762,.121,.111,.518,.228,-.207,.104,.019,.0844,.0572,.154,.186,.0521,.268,.36,-.0535,-.126,.0785,.127,.203,.31,.178,.242,0
2025,8,31,23,m,.277,.505,.297,.438,1.09,.805,.746,.572,.434,.539,.00146,.046,.563,.562,.603,.438,.42,.219,-.167,.0824,.325,.404,.513,.491,1.05,.913,.549,.955,-.0606,-.0597,.288,.327,.217,.372,.348,.398,0
2025,8,31,24,m,-.00515,.11,.0714,.273,-.078,.0631,.239,.215,.441,.552,.0413,.0733,.918,.994,.191,.219,.389,.172,.252,.742,.101,.19,.274,.251,.431,.269,.28,.461,.0525,.00235,.095,.173,.248,.345,.225,.294,0
2025,8,31,25,m,-.133,.0422,.137,.412,.276,.313,.451,.543,.334,.498,.362,.535,1.02,1.09,.511,.389,1.35,1.01,1.46,2.11,1.06,1.22,.347,.401,.697,.653,1.81,1.88,.201,.291,.336,.51,.487,.691,.494,.552,0
2025,8,31,26,m,.426,.737,.22,.409,.683,.689,.391,.47,.661,.956,.161,.283,.772,1.05,.128,.0968,.314,.173,-.151,.0739,.295,.455,.182,.279,1.02,1.07,.0861,.369,.578,.537,.309,.412,.33,.594,.237,.337,0
2025,8,31,27,m,-.0193,.21,.0944,.249,.135,.583,.199,.264,.516,.793,-.0545,.0179,1.01,1.28,.297,.3,.548,.174,.345,.823,.195,.44,.182,.305,.273,.271,.287,.56,.262,.0217,.226,.262,.275,.474,.282,.402,0
2025,8,31,28,m,.126,.232,.0332,.132,.286,.285,.191,.211,.462,.555,-.00647,.0685,.796,.858,.234,.233,.147,.157,.0444,.556,.121,.249,.22,.306,.357,.239,.265,.539,.0278,-.0909,.0914,.126,.193,.342,.209,.298,0
2025,8,31,29,m,.0179,.136,-.0769,.0957,.101,.153,.151,.205,.268,.41,-.009,.0614,.55,.715,.347,.264,.665,.454,-.144,.166,.221,.469,.235,.314,.326,.339,.569,.353,-.128,-.185,.0238,.105,.204,.306,.257,.289,0
2025,8,31,30,m,.115,.245,-.0511,.106,.233,.18,.159,.158,.521,.59,.156,.157,.988,.93,.183,.155,.625,.4,-.0252,.535,.234,.254,.199,.265,.226,.14,.546,.616,-.264,-.353,.0119,.0381,.373,.42,.297,.312,0
2025,8,31,31,m,.261,.473,.0951,.292,.173,.162,.327,.349,.622,.803,.0997,.173,1.02,1.13,.262,.171,.254,.154,-.0345,.234,.283,.268,.295,.342,.82,.735,.64,1.2,.278,-.0153,.175,.228,.326,.543,.297,.34,0
2025,8,31,32,m,-.0287,.043,.0144,.224,.213,.112,-.00325,.0238,.0756,.159,-.205,-.108,.118,.206,.273,-.0382,-.00116,-.195,-.144,.0921,.135,.147,.123,.0682,-.0428,.0147,-.295,-.0909,-.144,-.0878,.0257,.073,-.0817,.0246,.0244,.00332,0
2025,8,31,33,m,.217,.27,.0837,.274,.0969,.0617,.172,.197,.517,.517,-.147,-.0267,.668,.632,.144,.164,.318,.234,-.437,-.195,.31,.271,.218,.252,.301,.245,.314,.346,.0215,.0337,.152,.206,.0633,.18,.0938,.174,0
2025,8,31,34,m,-.00728,.144,.0815,.198,.212,.204,.231,.246,.345,.471,-.0491,-.0437,.551,.643,.0694,.134,.24,.109,-.206,-.143,.199,.265,.176,.27,.575,.501,.0476,.109,.353,.0119,.172,.169,.153,.223,.127,.195,0
2025,8,31,35,m,-.0778,-.0471,-.0153,.118,-.13,-.13,.109,.0923,.314,.359,-.107,-.101,.54,.592,.106,.0867,.0933,-.0338,-.0601,.13,.0226,.0411,.18,.204,.243,.145,-.0658,.0225,-.092,-.214,-.0198,-.00635,.13,.167,.122,.141,0
2025,8,31,36,m,.0864,.127,.1,.217,.257,.233,.31,.273,.458,.445,.0962,.109,.818,.728,.3,.259,.35,.27,.142,.455,.239,.27,.328,.322,.414,.289,.463,.449,.194,.0979,.191,.218,.324,.362,.314,.323,0
2025,8,31,37,m,-.141,.00425,.19,.357,.169,.137,.172,.227,.255,.436,.226,.272,.551,.749,.148,.07,.442,.174,.787,.954,.239,.462,.0413,.137,.245,.224,.286,.368,.00213,-.0158,.196,.262,.293,.433,.243,.284,0
2025,8,31,38,m,.452,.571,.077,.246,.348,.229,.294,.266,.748,.79,-.102,-.111,1.01,.967,.102,.165,.0769,.0419,-.122,-.0342,.215,.181,.33,.386,.399,.286,1.28,.825,.0824,-.0374,.126,.137,.484,.489,.327,.359,0
2025,8,31,39,m,-.0615,.0503,.159,.315,.128,.186,.252,.231,.317,.387,.0608,.0385,.632,.641,.205,.198,.173,.0243,.168,.222,.174,.176,.221,.26,.517,.437,.492,.422,.00136,-.133,.14,.151,.197,.227,.2,.215,0
2025,8,31,40,m,.0502,.3,.188,.361,.453,.344,.316,.391,.643,.855,.096,.251,1.19,1.29,.142,.119,.593,.471,.18,.967,.358,.512,.216,.324,.6,.609,.201,.457,.304,.0361,.308,.352,.382,.621,.278,.377,0
2025,8,31,41,m,-.0692,-.00471,-.032,.0733,-.029,-.0328,.0751,.0678,.236,.316,-.0472,-.0706,.45,.538,.0361,.024,.122,.0833,.0549,.232,.0699,.119,.0574,.124,.237,.136,.176,.171,-.081,-.169,-.00652,.0173,.151,.18,.109,.122,0
2025,8,31,42,m,.023,.152,.0184,.0951,-.0414,.0295,.261,.259,.443,.548,-.115,.102,.845,.893,.308,.236,.375,.251,-.568,-.244,.114,.132,.256,.319,.495,.362,.61,.851,-.148,-.371,.0363,.0127,.0636,.297,.139,.275,0
2025,8,31,43,m,.085,.204,.0725,.204,.167,.173,.257,.268,.459,.588,.00506,.0494,.687,.812,.149,.182,.341,.21,.15,.334,.333,.322,.227,.302,.398,.336,.449,.428,.232,.0616,.193,.194,.279,.386,.223,.298,0
2025,8,31,44,m,-.186,-.205,.258,.383,.216,.34,.264,.282,.632,.581,-.0206,-.0784,1.87,1.76,.0555,.0617,.356,.321,.206,.0939,.743,.641,.155,.24,.336,.42,1.02,.892,.838,.919,.413,.482,.463,.374,.268,.228,0
2025,8,31,45,m,-.122,.128,.288,.533,.22,.532,.32,.382,.525,.699,.255,.338,1,1.04,.162,.168,.251,.249,.631,.783,.504,.589,.241,.33,.38,.368,.203,.416,.253,.134,.312,.432,.387,.533,.296,.373,0
2025,8,31,46,m,.888,.843,.274,.554,.329,.935,.483,.515,.876,.925,.658,.611,.856,.977,.626,.525,.571,.454,.936,1.37,.265,.384,.279,.399,.519,.373,.789,.703,.877,.476,.409,.526,.899,.912,.802,.765,0
2025,8,31,47,m,.141,.274,.0491,.194,.0456,.0401,.132,.117,.466,.515,-.085,-.104,.656,.638,.0377,.0295,.173,-.0245,-.235,-.112,-.0415,-.0793,.163,.208,.216,.13,.0596,.00829,-.0742,-.127,.0297,.0475,.217,.233,.154,.161,0
2025,8,31,48,m,1.7,1.89,.21,.279,-.2,-.0572,.667,.688,1.62,1.7,.544,.443,1.6,1.64,.777,.737,.535,.383,.603,.671,.523,.548,.852,.922,.939,1.07,2.81,2.63,-.0489,-.168,.188,.197,1.38,1.4,1.11,1.1,0
2025,8,31,49,m,.0415,.211,-.00566,.156,.109,.234,.105,.129,.44,.507,-.131,-.0729,.708,.678,.0924,.136,.225,.159,-.195,.0487,-.0829,.0261,.16,.248,.258,.175,.165,.211,-.0302,-.193,.0199,.0714,.107,.195,.101,.174,0
2025,8,31,50,m,.277,.498,.133,.232,.0971,.176,.378,.389,.63,.769,.0894,.121,.861,.925,.527,.27,.659,.606,.101,.302,.104,.263,.445,.429,.203,.218,.573,.64,-.269,-.373,.0994,.129,.385,.445,.425,.384,0
2025,8,31,51,m,-.0235,.195,.115,.266,.189,.3,.255,.199,.366,.557,.0906,.026,.677,.813,.272,.255,.311,.0442,.423,.549,.376,.297,.283,.327,.467,.298,.189,.478,.335,-.0104,.23,.191,.232,.317,.246,.292,0
2025,8,31,52,m,-.00861,.0991,-.0611,.0684,.202,.208,.0687,.139,.493,.616,-.215,-.0812,.753,.874,.12,.159,.247,.191,-.525,-.299,.0224,.0478,.115,.227,.289,.29,.0112,.171,.0861,.045,.0498,.0942,.0216,.196,.059,.181,0
2025,8,31,53,m,-.234,-.0534,.0816,.285,-.0704,.109,.255,.361,.369,.566,-.0638,.0896,.813,.964,.0423,.0366,.13,.112,-.392,-.165,.455,.61,.127,.226,.77,.842,.0162,.265,.0801,.0467,.131,.264,.0616,.273,.0529,.159,0
2025,9,30,1,m,-.12,-.0842,-.161,-.0733,-.106,-.0714,.00816,-.0157,.119,.157,-.154,-.149,.316,.352,.0257,.0247,.162,.0204,-.0632,.0834,-.012,-.0579,.0213,.0498,.136,.00761,.203,.122,-.186,-.217,-.104,-.0876,.0112,.0522,.0154,.0436,0
2025,9,30,2,m,.117,.305,.0571,.103,.525,.356,.347,.29,.321,.456,.105,.0989,.609,.636,.238,.155,.811,.542,.131,.278,.496,.378,.258,.26,.413,.28,1.14,.896,.167,.0553,.234,.183,.281,.374,.265,.281,0
2025,9,30,3,m,.214,.329,.206,.278,.828,.644,.471,.392,.621,.683,.238,.248,.98,.961,.303,.193,.707,.545,.608,.804,.362,.324,.367,.334,.556,.377,.997,.9,.324,.0915,.363,.309,.553,.642,.451,.439,0
2025,9,30,4,m,.0718,.0404,.219,.222,.434,.221,.337,.214,.493,.455,.0836,.0406,.838,.796,.203,.175,.379,.118,.321,.349,.342,.211,.313,.283,.584,.28,.405,.339,.223,.114,.282,.184,.326,.284,.276,.239,0
2025,9,30,5,m,.162,.163,.0881,.195,.479,.294,.252,.174,.479,.417,.0146,-.0334,.653,.548,.128,.0784,.313,.118,-.0166,.0157,.234,.181,.234,.204,.402,.253,.472,.302,.146,.0563,.195,.166,.276,.208,.222,.161,0
2025,9,30,6,m,.0886,.0631,-.0501,.0017,.0618,-.00885,.0822,.0235,.17,.19,-.0979,-.114,.21,.262,.0918,.0514,.112,-.0317,-.0294,.0927,.0678,-.019,.069,.0895,.26,.0711,.299,.112,-.0769,-.163,-.00277,-.0384,.067,.091,.0745,.0788,0
2025,9,30,7,m,-.146,-.108,.0166,.0898,.232,.133,.247,.193,.261,.304,-.00275,.00523,.615,.656,.136,.161,.192,.114,-.108,.0911,.33,.223,.182,.237,.565,.318,.244,.361,.0559,-.00832,.117,.101,.112,.17,.122,.166,0
2025,9,30,8,m,-.112,-.0557,.0208,.0817,.0265,-.05,.107,.0117,.213,.22,-.131,-.146,.429,.387,.266,.0638,.0998,-.0543,-.0201,-.00923,.119,-.0119,.202,.13,.187,.00322,.275,.199,-.0623,-.187,.0357,-.0227,.0567,.0616,.117,.0623,0
2025,9,30,9,m,-.116,.034,-.157,-.0866,.155,.0462,.0938,.0492,.181,.278,-.0593,-.0526,.426,.457,.122,.136,.339,.17,.151,.417,.0545,-.0166,.134,.157,.266,.108,.213,.0919,-.147,-.211,-.038,-.0581,.0833,.148,.0959,.144,0
2025,9,30,10,m,.103,.0705,.137,.186,.258,.133,.267,.168,.571,.526,-.0247,-.0559,.893,.841,.159,.0829,.241,.0696,-.0761,.0725,.224,.154,.28,.255,.472,.205,.303,.252,.091,.00651,.173,.124,.274,.253,.228,.184,0
2025,9,30,11,m,-.846,-.843,.24,.328,.363,.437,.0286,-.0183,-.474,-.466,.0832,.072,1.64,1.62,.127,.0407,.303,.111,.363,.423,.284,.218,-.187,-.185,.201,.0135,.776,.8,.464,.311,.3,.279,-.298,-.289,-.173,-.186,0
2025,9,30,12,m,-.0442,-.0606,-.00626,.0376,.0318,-.0308,.141,.0598,.253,.218,-.0732,-.076,.476,.423,.11,.0446,.398,.126,-.0333,.207,.0207,-.0711,.138,.102,.369,.157,.375,.148,-.0131,-.104,.047,-.00304,.125,.121,.12,.0954,0
2025,9,30,13,m,.211,.51,.356,.48,2.55,2.78,.587,.56,.816,1.06,-.0386,.0167,1.32,1.44,.689,.661,.898,.613,-.607,-.452,.242,.221,.563,.668,.367,.249,.426,.496,.319,.287,.584,.615,.231,.43,.375,.511,0
2025,9,30,14,m,-.137,.0934,.26,.42,1.46,1.92,.453,.451,.186,.432,.0577,.0413,.486,.717,.402,.298,.47,.376,.169,.642,2.21,2.02,.316,.366,.552,.484,.369,.609,.167,.0443,.683,.717,.175,.398,.272,.351,0
2025,9,30,15,m,.234,.309,1.13,1.23,5.88,5.51,.379,.342,.575,.683,.042,-.00666,.755,.885,-.0659,-.0979,1.86,1.19,-.728,-.699,1.24,1.13,.114,.117,.642,.535,1.6,1.23,4.52,4.58,1.93,1.83,.242,.277,.0814,.0742,0
2025,9,30,16,m,.0373,.0354,.133,.183,.186,.146,.242,.195,.398,.425,.0267,.0302,.726,.796,.319,.285,.309,.208,.233,.417,.346,.291,.306,.353,.435,.202,.256,.204,.039,.0224,.179,.173,.202,.235,.247,.255,0
2025,9,30,17,m,-.0225,.0534,.0441,.0449,.387,.234,.198,.114,.238,.286,-.0482,-.0502,.493,.498,.221,.154,.163,-.0166,.0591,.216,.14,.0859,.208,.19,.458,.211,-.0532,-.0354,.0143,-.131,.105,.0323,.0765,.126,.128,.136,0
2025,9,30,19,m,.231,.116,.244,.281,.575,.611,.346,.281,.686,.589,.135,.066,.897,.826,.104,.0456,.682,.249,.175,.307,.812,.617,.306,.236,.619,.54,.366,.312,.273,.286,.429,.355,.388,.331,.241,.182,0
2025,9,30,20,m,.254,.187,.278,.434,1.06,.884,.621,.578,.699,.649,.368,.43,.961,.934,.23,.275,1.13,.563,.0563,1.21,.891,.84,.413,.486,.856,.679,1.32,.825,.852,.427,.608,.555,.578,.657,.414,.476,0
2025,9,30,21,m,-.116,-.107,-.284,-.0997,-.139,-.0897,.0339,.0175,.14,.133,-.102,-.0987,.445,.411,.149,.0912,.395,.253,.158,.208,.032,.0547,.0994,.0676,.307,.122,-.141,-.00712,-.0938,-.126,-.135,-.0508,.0176,.0306,.0591,.0505,0
2025,9,30,22,m,-.0995,.0163,.0123,.133,.00603,.246,.108,.0686,.416,.427,-.155,-.088,.819,.7,.148,.062,.543,.196,-.234,.00682,.101,.107,.0443,.122,.306,.0129,.406,.373,.00912,-.0649,.0815,.109,.205,.257,.188,.19,0
2025,9,30,23,m,.226,.234,.267,.265,1.03,.619,.711,.471,.38,.323,.0497,.016,.495,.383,.624,.367,.633,.3,-.156,.0276,.28,.233,.512,.355,1.04,.824,.256,.575,.0426,-.0898,.305,.21,.212,.209,.357,.271,0
2025,9,30,24,m,-.076,.0831,.0199,.153,-.0661,.012,.253,.188,.357,.503,.0521,.0888,.842,.923,.173,.132,.433,.208,.233,.573,.219,.193,.265,.207,.495,.294,.325,.408,.0853,.00771,.101,.124,.216,.337,.197,.254,0
2025,9,30,25,m,-.0244,.0721,.0606,.29,.401,.258,.499,.505,.366,.471,.378,.326,.891,.991,.482,.357,1.15,1.12,1.28,1.47,.825,1.02,.37,.363,.987,.714,1.49,1.02,.188,.302,.277,.436,.494,.524,.487,.448,0
2025,9,30,26,m,.321,.426,.189,.289,.802,.724,.384,.394,.572,.731,.155,.225,.676,.863,.0688,-.00547,.302,.16,-.138,.0857,.276,.371,.142,.191,1.07,1,-.0426,.151,.472,.439,.285,.326,.27,.437,.177,.209,0
2025,9,30,27,m,.0685,.181,.107,.179,.0985,.378,.24,.223,.669,.736,.0226,-.00497,1.24,1.21,.264,.232,.583,.259,.524,.753,.404,.39,.205,.241,.315,.24,.307,.437,.327,.118,.272,.232,.429,.428,.362,.347,0
2025,9,30,28,m,.0824,.159,-.00243,.0574,.227,.415,.205,.163,.415,.495,.0505,.0541,.735,.811,.222,.162,.292,.144,.148,.518,.197,.19,.221,.245,.405,.196,.852,.499,.0733,-.0902,.103,.0964,.225,.306,.224,.248,0
2025,9,30,29,m,.0462,.108,-.15,-.0619,.0684,.123,.199,.164,.27,.348,.093,.0753,.519,.616,.344,.221,.921,.53,-.171,.125,.451,.37,.242,.24,.468,.341,.623,.224,-.0793,-.152,.0314,.033,.269,.28,.298,.255,0
2025,9,30,30,m,.236,.283,-.0461,.103,.408,.208,.211,.132,.624,.566,.254,.143,1.08,.844,.184,.127,.821,.275,.163,.55,.362,.22,.225,.225,.288,.0751,1.43,1.05,-.171,-.309,.0662,.034,.511,.426,.378,.304,0
2025,9,30,31,m,.0795,.226,.0858,.165,.0942,.0228,.38,.299,.533,.625,.111,.132,1.05,1.02,.261,.106,.441,.213,-.153,.0746,.362,.243,.311,.263,.912,.737,.961,1.02,.301,-.0404,.195,.15,.263,.41,.264,.244,0
2025,9,30,32,m,-.0319,.0046,.0303,.169,.21,.0754,.0357,-.0242,.108,.116,-.21,-.175,.169,.161,.256,-.0681,-.0757,-.232,-.271,-.066,.25,.101,.164,.0495,.0513,-.0419,-.205,-.143,-.0849,-.132,.0494,.0261,-.0886,-.0415,.0163,-.0505,0
2025,9,30,33,m,.199,.19,.0476,.218,.135,.144,.161,.151,.491,.443,-.146,-.0559,.633,.561,.106,.115,.335,.184,-.396,-.187,.236,.173,.194,.207,.35,.214,.35,.35,-.086,-.0208,.11,.156,.0581,.153,.0766,.139,0
2025,9,30,34,m,-.0628,-.126,.0727,.0973,.254,.179,.294,.195,.391,.306,-.0291,-.0771,.628,.535,.0685,.0669,.455,.21,-.204,-.186,.302,.164,.215,.193,.754,.473,.161,.0551,.361,.0397,.215,.122,.161,.102,.132,.0911,0
2025,9,30,35,m,-.119,-.117,-.019,.0448,.00357,-.0847,.127,.0716,.297,.289,-.115,-.127,.538,.523,.105,.0484,.0963,.00537,-.0677,.114,.0823,.00897,.175,.164,.302,.149,-.134,-.122,-.0539,-.165,.00924,-.021,.11,.111,.108,.091,0
2025,9,30,36,m,.12,.137,.107,.169,.302,.212,.337,.234,.471,.406,.182,.118,.819,.645,.283,.194,.486,.272,.391,.576,.277,.219,.347,.278,.446,.253,.47,.465,.0948,.0525,.205,.18,.388,.347,.349,.289,0
2025,9,30,37,m,-.132,-.0528,.203,.333,.159,.0271,.201,.2,.326,.372,.17,.213,.685,.679,.183,.032,.637,.297,.476,.726,.331,.421,.0746,.103,.275,.186,.239,.274,.0177,.0428,.239,.261,.27,.355,.242,.222,0
2025,9,30,38,m,.405,.429,.0324,.0904,.416,.157,.326,.202,.699,.656,-.0833,-.109,.953,.839,.199,.117,.165,.0118,-.109,-.0467,.257,.0643,.406,.309,.53,.289,1.03,.758,.0185,-.104,.11,.0333,.431,.407,.34,.291,0
2025,9,30,39,m,.0577,.0657,.144,.218,.243,.165,.312,.187,.4,.358,.0681,-.012,.674,.579,.192,.147,.284,.0653,.181,.185,.287,.113,.255,.221,.72,.379,.339,.211,.0529,-.0867,.186,.116,.243,.177,.223,.165,0
2025,9,30,40,m,.0707,.171,.156,.254,.4,.154,.316,.313,.692,.739,.091,.178,1.23,1.18,.124,.0586,.557,.406,.172,.851,.446,.453,.21,.251,.639,.548,.351,.276,.178,-.0549,.282,.253,.387,.501,.27,.286,0
2025,9,30,41,m,-.0404,-.0698,-.0031,.0203,-.0274,-.0483,.119,.0435,.283,.245,-.053,-.108,.507,.464,.055,.00186,.154,.131,.11,.136,.159,.0556,.0896,.0864,.335,.131,.0705,.047,-.023,-.124,.0326,-.000364,.166,.116,.125,.0735,0
2025,9,30,42,m,-.0241,.107,-.00109,-.0273,.0174,-.0693,.304,.225,.399,.503,-.0614,.0687,.81,.849,.3,.178,.499,.282,-.513,-.267,.128,.0729,.263,.269,.604,.387,.663,.618,-.096,-.305,.0562,-.0418,.087,.24,.154,.218,0
2025,9,30,43,m,.142,.0936,.0251,.103,.252,.211,.317,.228,.5,.474,.0865,.0573,.698,.696,.241,.141,.398,.247,.227,.325,.373,.299,.314,.248,.554,.324,.622,.47,.191,.0766,.187,.162,.34,.339,.298,.253,0
2025,9,30,44,m,-.045,-.0475,.191,.255,.0359,.269,.217,.215,.659,.619,-.107,-.167,1.76,1.62,.0325,.00136,.676,.381,.316,.0127,.561,.578,.156,.183,.287,.353,.387,.718,.709,.688,.347,.377,.406,.307,.229,.165,0
2025,9,30,45,m,-.0796,.0971,.266,.476,.498,.694,.388,.369,.595,.675,.284,.322,1.08,1.02,.131,.0891,.557,.395,.807,.822,.731,.483,.249,.299,.492,.356,.312,.381,.658,.308,.453,.454,.403,.503,.293,.322,0
2025,9,30,46,m,.661,.519,.261,.463,.301,.906,.598,.451,.84,.705,.573,.561,.945,.821,.602,.425,.964,.518,.63,1.2,.413,.313,.442,.302,.634,.341,.641,.414,.972,.35,.479,.459,.768,.75,.712,.627,0
2025,9,30,47,m,.121,.11,-.00829,.0849,.0971,.0715,.107,.0491,.415,.362,-.14,-.169,.573,.49,.00212,-.0302,-.0104,-.111,-.212,-.113,-.0438,-.0874,.125,.128,.296,.0958,.0233,-.052,-.0987,-.208,-.0179,-.0223,.135,.114,.0879,.0626,0
2025,9,30,48,m,1.76,1.52,.173,.21,-.0123,-.124,.747,.611,1.84,1.55,.574,.399,1.87,1.56,.823,.72,.44,.335,.727,.586,.576,.485,.928,.838,1.24,.982,2.65,2.69,.084,-.147,.224,.149,1.53,1.26,1.2,1.02,0
2025,9,30,49,m,.045,.209,.00861,.127,.0521,.0605,.158,.121,.445,.477,-.064,-.0529,.722,.632,.102,.103,.397,.234,-.12,.125,-.00682,.0253,.219,.239,.375,.174,.205,.244,-.0351,-.116,.0531,.0702,.176,.2,.15,.166,0
2025,9,30,50,m,.0359,.217,.15,.203,.225,.294,.364,.311,.526,.582,.0771,.101,.872,.792,.51,.208,.735,.46,.0789,.307,.186,.175,.367,.291,.167,.149,.83,.573,-.267,-.336,.13,.106,.314,.352,.369,.302,0
2025,9,30,51,m,-.0477,.076,.121,.171,.156,.261,.265,.159,.303,.422,-.0077,-.0221,.565,.666,.209,.201,.345,.0656,.0809,.377,.41,.292,.269,.266,.535,.289,.134,.391,.355,-.0441,.243,.145,.141,.21,.167,.206,0
2025,9,30,52,m,-.0434,.0237,-.12,.0109,.0383,.209,.102,.118,.472,.509,-.189,-.118,.748,.752,.102,.103,.379,.247,-.518,-.362,.0779,.0508,.128,.183,.347,.3,.115,.128,.236,.103,.0578,.0909,.0248,.123,.0547,.115,0
2025,9,30,53,m,-.209,-.202,.127,.223,.0224,.186,.267,.286,.411,.413,-.0532,.0142,.813,.808,.0293,-.0209,.228,.0647,-.442,-.302,.438,.484,.108,.15,.782,.738,.172,.212,.212,.136,.186,.222,.0541,.149,.0427,.0666,0
2025,10,31,1,m,-.0667,-.0199,-.136,-.0558,-.0749,.0165,.0147,.0282,.174,.237,-.148,-.142,.368,.445,.0426,.056,.0921,.0507,-.0856,.09,-.0402,-.0472,.0429,.103,.127,.0759,.241,.136,-.22,-.218,-.105,-.0656,.0503,.1,.0478,.0862,0
2025,10,31,2,m,.0916,.392,.0472,.116,.417,.393,.308,.309,.286,.562,.0868,.0814,.552,.765,.267,.185,.762,.568,.153,.273,.359,.351,.247,.31,.361,.303,1.23,.832,.169,.0995,.205,.203,.262,.423,.265,.323,0
2025,10,31,3,m,.113,.355,.195,.266,.699,.622,.45,.439,.526,.776,.232,.287,.883,1.11,.364,.246,.561,.599,.521,.844,.284,.366,.344,.388,.554,.447,1.05,.933,.215,.0732,.303,.31,.51,.715,.455,.504,0
2025,10,31,4,m,.0497,.145,.266,.295,.2,.26,.315,.254,.483,.573,.0607,.0437,.858,.924,.241,.205,.282,.139,.199,.259,.295,.275,.314,.342,.554,.314,.344,.438,.142,.108,.246,.23,.326,.343,.292,.287,0
2025,10,31,5,m,.196,.265,.134,.221,.384,.355,.259,.212,.504,.519,.0456,.00367,.674,.649,.178,.136,.186,.114,.0296,.141,.196,.227,.267,.265,.418,.286,.552,.397,.0945,-.000931,.174,.18,.327,.286,.273,.232,0
2025,10,31,6,m,.121,.111,-.0295,.011,.0692,.0274,.0821,.0632,.201,.257,-.0822,-.0944,.238,.34,.0919,.0845,.0802,.016,-.0442,.0822,.0362,.0277,.072,.135,.223,.115,.29,.119,-.0614,-.151,.00267,-.0145,.0965,.132,.0953,.117,0
2025,10,31,7,m,-.197,-.0466,.0507,.115,.216,.271,.251,.24,.129,.382,.0792,.0614,.393,.748,.17,.198,.18,.181,.0319,.152,.274,.271,.156,.285,.553,.365,.709,.62,.117,.0472,.134,.152,.107,.237,.131,.222,0
2025,10,31,8,m,-.0275,.0116,.0442,.0928,-.00544,.00733,.109,.0464,.29,.314,-.131,-.133,.49,.497,.274,.106,.0651,-.0321,.0254,.0244,.065,.0365,.226,.189,.166,.0171,.156,.177,-.0747,-.201,.0271,-.00327,.0953,.111,.147,.109,0
2025,10,31,9,m,-.0457,.115,-.0915,-.0724,.231,.14,.113,.0912,.284,.409,-.0888,-.088,.55,.624,.0754,.159,.315,.251,.33,.262,.0132,.00848,.159,.223,.287,.146,.0827,.0426,-.176,-.175,-.0142,-.0209,.131,.186,.111,.176,0
2025,10,31,10,m,.0285,.161,.189,.236,.274,.269,.268,.213,.539,.633,.0119,-.0211,.931,.959,.138,.127,.192,.0737,.0299,.125,.24,.201,.271,.312,.439,.243,.349,.292,.109,.0293,.193,.168,.318,.324,.245,.244,0
2025,10,31,11,m,-.854,-.838,.328,.391,.576,.542,.033,.0186,-.489,-.44,.108,.0916,1.7,1.76,.154,.0813,.272,.135,.429,.46,.273,.302,-.192,-.156,.218,.0525,.798,.772,.355,.28,.337,.329,-.305,-.262,-.172,-.155,0
2025,10,31,12,m,-.0306,.00975,.0328,.0697,-.0666,-.0785,.14,.0988,.293,.329,-.0622,-.0581,.537,.563,.125,.0777,.282,.153,.0531,.26,.0202,-.00966,.139,.158,.365,.204,.352,.191,-.0206,-.0807,.0413,.0224,.17,.194,.155,.155,0
2025,10,31,13,m,.429,.776,.45,.531,2.89,2.96,.669,.68,1.01,1.29,.00535,.122,1.48,1.66,.969,1.02,.751,.62,-.595,-.428,.377,.365,.674,.851,.399,.302,.365,.611,.761,.563,.718,.719,.371,.616,.562,.758,0
2025,10,31,14,m,-.166,.198,.288,.437,1.35,1.99,.413,.504,.145,.533,.0197,.0563,.447,.816,.412,.361,.436,.428,.192,.629,2.15,2.23,.294,.437,.48,.526,.305,.558,.105,.0562,.675,.772,.148,.466,.259,.417,0
2025,10,31,15,m,.079,.348,1.31,1.39,5.52,5.2,.343,.368,.494,.773,-.0311,.00216,.741,1,-.0717,-.0798,1.61,1.28,-.772,-.71,1.01,1.03,.0768,.148,.655,.598,1.62,1.41,4.87,4.32,1.9,1.84,.144,.307,.0378,.098,0
2025,10,31,16,m,-.0419,.115,.191,.24,.133,.196,.239,.236,.364,.529,.0438,.0393,.78,.923,.326,.32,.267,.245,.461,.527,.326,.361,.312,.414,.38,.241,.156,.192,.00436,.00432,.187,.216,.207,.282,.252,.297,0
2025,10,31,17,m,-.102,.107,.0751,.0954,.44,.382,.196,.163,.203,.371,-.0682,-.0417,.53,.613,.276,.189,.0385,-.0171,.0504,.213,.0728,.14,.214,.25,.451,.273,.0351,-.00921,.0167,-.0957,.0954,.0817,.0795,.183,.147,.185,0
2025,10,31,19,m,.128,.203,.212,.327,.6,.809,.278,.335,.568,.679,.0883,.078,.787,.918,.0923,.0764,.388,.329,.217,.27,.638,.708,.235,.28,.528,.642,.392,.369,.16,.248,.336,.416,.341,.361,.213,.213,0
2025,10,31,20,m,.302,.471,.348,.49,1.51,1.42,.619,.664,.714,.894,.369,.418,.982,1.16,.228,.313,1.06,.677,.427,1.07,.833,.921,.428,.588,.759,.718,1.26,1.09,.823,.595,.665,.673,.692,.83,.473,.586,0
2025,10,31,21,m,-.0676,-.00961,-.203,-.0739,-.274,-.168,.0401,.0452,.196,.208,-.16,-.117,.529,.461,.188,.117,.341,.297,.0884,.187,-.0237,.066,.132,.121,.274,.15,.159,.0583,-.0842,-.0858,-.113,-.0333,.00851,.0621,.0635,.0802,0
2025,10,31,22,m,-.103,.0405,.105,.197,.356,.53,.115,.0955,.424,.491,-.119,-.0886,.829,.791,.149,.0979,.384,.156,-.165,.057,.174,.173,.0263,.163,.277,.0155,.569,.314,.00441,-.106,.159,.16,.258,.296,.224,.228,0
2025,10,31,23,m,.179,.451,.363,.34,1.32,.897,.834,.573,.41,.487,.0804,.0545,.622,.511,.809,.512,.473,.282,-.106,.119,.405,.368,.618,.489,1.14,.972,.46,.668,-.0328,-.0938,.357,.283,.273,.337,.455,.405,0
2025,10,31,24,m,.0191,.177,.104,.185,.0385,.0205,.272,.23,.428,.581,.0745,.0981,.874,.985,.193,.182,.442,.323,.236,.411,.116,.154,.27,.254,.497,.347,.357,.324,.0502,-.0501,.133,.135,.285,.375,.248,.296,0
2025,10,31,25,m,-.155,.0785,.144,.279,.393,.457,.481,.548,.298,.547,.351,.424,.965,1.16,.533,.39,1.09,1.11,2,1.64,.83,1.11,.392,.439,.873,.723,.732,1.68,.206,.434,.327,.491,.495,.644,.508,.527,0
2025,10,31,26,m,.3,.565,.257,.348,.922,.775,.453,.466,.636,.897,.23,.269,.795,1.04,.117,.0465,.335,.194,-.133,.0715,.464,.507,.207,.269,1.12,1.11,.0565,.117,.471,.435,.365,.387,.375,.536,.254,.283,0
2025,10,31,27,m,.0228,.156,.118,.222,.118,.434,.205,.272,.568,.782,-.0185,.0229,1.03,1.31,.227,.285,.822,.393,.439,.713,.297,.421,.17,.288,.232,.255,.535,.68,.244,.151,.27,.286,.348,.472,.299,.395,0
2025,10,31,28,m,.0771,.255,.0342,.0777,.298,.416,.199,.211,.387,.572,.00964,.0628,.696,.869,.224,.213,.315,.274,.111,.413,.105,.239,.207,.296,.385,.248,.549,.264,.00676,-.0757,.106,.132,.195,.324,.207,.279,0
2025,10,31,29,m,-.00245,.217,-.147,-.0418,-.0321,.171,.177,.201,.277,.486,.0396,.0517,.631,.788,.377,.256,.843,.657,-.0871,.304,.313,.398,.246,.31,.445,.354,.583,.289,-.139,-.1,-.00742,.0735,.243,.344,.292,.307,0
2025,10,31,30,m,.215,.404,-.0636,.109,.227,.175,.168,.16,.523,.678,.031,.0795,.862,.948,.169,.159,.488,.257,.00579,.464,.317,.328,.198,.273,.39,.197,-.0209,.536,-.316,-.393,-.00834,.0252,.264,.399,.225,.301,0
2025,10,31,31,m,.0872,.357,.162,.232,.266,.199,.424,.379,.558,.784,.157,.166,1.12,1.21,.315,.167,.426,.267,-.059,.0879,.356,.304,.334,.343,1.02,.862,.702,.92,.201,-.0199,.242,.219,.335,.496,.328,.316,0
2025,10,31,32,m,-.0846,.0454,.082,.216,.136,.016,.0225,.002,.0727,.163,-.224,-.168,.144,.21,.351,.0405,-.111,-.181,-.335,-.0713,.141,.133,.123,.0725,.0824,.0189,-.185,-.0896,-.228,-.261,.0203,.0335,-.0918,-.0186,.0398,.00143,0
2025,10,31,33,m,.216,.246,.0823,.223,.123,.17,.177,.174,.542,.526,-.0988,-.047,.704,.656,.153,.152,.256,.258,-.336,-.149,.297,.21,.199,.26,.362,.211,.344,.244,-.024,-.0861,.135,.169,.131,.183,.14,.171,0
2025,10,31,34,m,.0295,.00416,.132,.14,.179,.349,.305,.243,.462,.44,-.00808,-.0748,.687,.671,.0981,.129,.432,.228,-.189,-.14,.292,.214,.206,.263,.739,.514,.127,.0409,.349,.078,.233,.173,.243,.193,.197,.173,0
2025,10,31,35,m,-.0509,-.0242,-.00411,.0498,-.0872,-.0886,.148,.104,.371,.39,-.0658,-.099,.619,.628,.166,.102,.0273,.0157,-.0867,.102,.0204,-.00148,.208,.216,.363,.211,.121,.0318,-.0674,-.189,-.014,-.0245,.199,.187,.188,.159,0
2025,10,31,36,m,.132,.242,.199,.217,.397,.343,.366,.298,.476,.541,.153,.0962,.81,.807,.289,.237,.494,.4,.384,.449,.331,.3,.34,.358,.508,.339,.712,.488,.223,.147,.289,.261,.412,.412,.366,.346,0
2025,10,31,37,m,-.169,-.0369,.206,.354,.0312,.0821,.152,.237,.306,.507,.146,.256,.652,.901,.191,.069,.534,.345,.547,.83,.0439,.484,.0468,.146,.273,.255,.286,.375,-.134,-.0769,.141,.273,.291,.448,.26,.292,0
2025,10,31,38,m,.553,.529,.0595,.122,.5,.339,.348,.266,.803,.783,.00103,-.0434,1,.988,.272,.201,.101,.0657,.0693,.0739,.146,.115,.442,.406,.55,.347,1.28,.881,-.0193,-.107,.098,.0749,.57,.515,.451,.389,0
2025,10,31,39,m,-.00292,.116,.231,.275,.214,.198,.282,.216,.372,.454,.00698,-.0359,.681,.709,.223,.177,.188,.107,.14,.197,.275,.156,.256,.274,.598,.404,.312,.176,-.0696,-.156,.182,.143,.196,.204,.206,.193,0
2025,10,31,40,m,.00888,.263,.214,.327,.473,.246,.302,.365,.654,.93,.0839,.206,1.22,1.45,.165,.13,.532,.43,.157,.807,.395,.529,.183,.31,.592,.588,.201,.24,.297,.0263,.324,.323,.389,.607,.292,.375,0
2025,10,31,41,m,-.0116,-.0253,.0229,.0465,-.0282,-.00498,.127,.0872,.322,.321,-.0259,-.0758,.548,.561,.076,.0385,.134,.177,.0313,.197,.0864,.0463,.113,.139,.31,.188,.233,.126,-.0527,-.142,.0268,.0152,.203,.174,.156,.124,0
2025,10,31,42,m,-.0328,.159,.0265,.0157,-.045,-.0417,.296,.279,.417,.593,-.0849,.0701,.861,.971,.323,.214,.452,.429,-.538,-.289,.0993,.146,.272,.33,.589,.467,.542,.557,-.175,-.323,.0422,.00234,.0853,.269,.159,.249,0
2025,10,31,43,m,.219,.214,.111,.183,.116,.237,.333,.266,.575,.575,.116,.0443,.78,.787,.267,.16,.423,.306,.377,.329,.205,.275,.339,.297,.555,.357,.965,.518,.173,.0379,.186,.194,.452,.386,.373,.288,0
2025,10,31,44,m,.0163,-.00469,.341,.359,.103,.535,.302,.292,.828,.754,-.0785,-.15,2.1,1.89,.0616,.0833,.74,.376,.283,.0803,.547,.536,.22,.284,.424,.428,.725,.594,1.15,.981,.487,.486,.504,.365,.288,.234,0
2025,10,31,45,m,-.184,.0285,.293,.488,.16,.435,.383,.389,.495,.685,.325,.317,.973,1.08,.188,.143,.454,.476,.702,.642,.563,.543,.267,.349,.527,.368,.535,.42,.256,.199,.345,.441,.434,.492,.333,.34,0
2025,10,31,46,m,.61,.66,.308,.477,.603,.928,.547,.501,.712,.855,.479,.514,.758,.977,.631,.503,.767,.532,.582,1.1,.411,.313,.416,.376,.523,.38,.83,.49,.74,.417,.488,.48,.634,.781,.638,.675,0
2025,10,31,47,m,.0719,.2,.0442,.0955,.175,.217,.155,.109,.496,.528,-.0701,-.122,.75,.695,.0472,.0262,.0152,-.0151,-.236,-.0685,.0995,-.0491,.167,.206,.291,.146,.00604,-.0111,-.019,-.169,.053,.0223,.218,.218,.158,.15,0
2025,10,31,48,m,1.77,1.54,.161,.27,-.0893,-.0415,.707,.66,1.79,1.58,.533,.376,1.79,1.6,.816,.74,.469,.334,.587,.622,.64,.546,.901,.885,1.21,1.06,2.86,2.51,-.0276,-.0998,.186,.203,1.47,1.25,1.17,1.02,0
2025,10,31,49,m,-.0702,.314,.002,.112,.0911,.218,.0829,.168,.281,.619,-.144,-.0593,.52,.794,-.0136,.145,.137,.283,-.125,.0509,-.138,.0317,.132,.31,.299,.243,.272,.275,-.089,-.101,-.0107,.091,.0799,.244,.0476,.21,0
2025,10,31,50,m,.137,.339,.181,.242,.202,.336,.4,.374,.577,.695,.073,.125,.87,.9,.563,.294,.521,.471,.0908,.268,.218,.268,.437,.391,.285,.205,.566,.543,-.285,-.342,.123,.14,.351,.403,.412,.365,0
2025,10,31,51,m,-.0245,.16,.198,.226,.193,.369,.274,.2,.412,.581,-.022,-.0479,.754,.877,.309,.26,.216,.0681,.0289,.275,.285,.249,.331,.35,.471,.323,.0703,.203,.274,-.0233,.232,.174,.2,.262,.24,.261,0
2025,10,31,52,m,-.0988,.0887,-.0784,.0246,.0859,.125,.11,.148,.462,.62,-.164,-.0992,.784,.886,.151,.16,.284,.251,-.474,-.368,.0838,.0817,.119,.237,.367,.328,.297,.161,.247,.126,.0744,.0988,.0623,.167,.0967,.164,0
2025,10,31,53,m,-.218,-.111,.125,.269,.297,.377,.291,.362,.415,.544,-.0407,.0679,.853,.963,.0278,.0254,.0539,.0916,-.475,-.264,.573,.703,.143,.214,.833,.873,.0672,.122,.0453,.0385,.184,.285,.0705,.228,.0511,.13,0
2025,11,30,1,m,-.0565,.242,-.157,-.0814,-.141,-.123,-.0167,.0124,.121,.463,-.179,-.0894,.267,.641,.022,.102,.093,-.0339,-.128,.0943,-.064,-.111,.0168,.192,.0945,-.00181,.28,.381,-.167,-.263,-.115,-.12,.00925,.278,.0122,.223,0
2025,11,30,2,m,.167,.649,.0744,.0775,.435,.312,.294,.291,.316,.801,.0493,.118,.512,.983,.227,.212,.785,.436,.081,.286,.392,.256,.241,.399,.336,.227,1.25,1.23,.201,.071,.23,.149,.262,.614,.252,.444,0
2025,11,30,3,m,.229,.715,.182,.196,.849,.533,.383,.392,.488,1.09,.199,.34,.69,1.38,.249,.273,.584,.376,.417,.84,.277,.268,.291,.474,.48,.338,.821,1.19,.27,.0315,.315,.223,.454,.96,.379,.651,0
2025,11,30,4,m,.102,.536,.226,.239,.363,.248,.257,.235,.363,.905,.0212,.122,.576,1.21,.199,.268,.25,.00742,.232,.409,.265,.157,.254,.446,.476,.199,.286,.64,.22,.0483,.248,.153,.23,.609,.216,.469,0
2025,11,30,5,m,.222,.634,.118,.115,.35,.284,.197,.178,.392,.811,-.000648,.0738,.484,.901,.0868,.177,.14,-.0138,-.0547,.154,.192,.0888,.194,.341,.34,.176,.511,.718,.135,-.0906,.162,.0706,.237,.51,.187,.39,0
2025,11,30,6,m,.143,.475,-.0332,-.0139,.0734,-.00123,.0641,.0635,.149,.514,-.117,-.0455,.151,.537,.104,.139,.0508,-.0915,-.0371,.127,.037,-.0576,.0671,.234,.209,.0618,.292,.377,-.0536,-.215,-.000276,-.0678,.0606,.327,.0731,.269,0
2025,11,30,7,m,-.112,.25,.00618,.0724,.265,.0997,.221,.22,.148,.657,-.00535,.105,.361,1,.17,.275,.129,.0327,-.0751,.208,.281,.179,.148,.382,.58,.268,.287,.711,.106,-.0239,.108,.0678,.07,.455,.106,.387,0
2025,11,30,8,m,-.00254,.347,.0303,.0465,-.0904,-.0231,.0699,.0263,.178,.544,-.156,-.0938,.294,.663,.14,.143,.0963,-.146,-.0395,.101,.00363,-.0934,.15,.267,.162,-.0383,.152,.389,-.0434,-.261,.0115,-.0747,.0282,.291,.0593,.244,0
2025,11,30,9,m,-.0156,.343,-.141,-.135,.0499,-.0611,.082,.0532,.22,.562,-.0878,.00491,.409,.722,.0352,.187,.305,.079,.211,.298,-.0242,-.0632,.108,.263,.279,.0538,.175,.289,-.0787,-.219,-.0404,-.109,.111,.35,.0847,.292,0
2025,11,30,10,m,.125,.548,.181,.182,.195,.132,.239,.209,.46,.998,.00311,.0726,.694,1.31,.127,.21,.158,-.0245,-.00557,.226,.274,.131,.236,.427,.401,.166,.331,.631,.18,-.0653,.194,.0885,.273,.614,.217,.449,0
2025,11,30,11,m,-.865,-.779,.263,.346,.572,.494,.0243,.0232,-.575,-.323,.0441,.177,1.29,2.2,.116,.153,.302,.0147,.26,.542,.253,.179,-.301,-.0879,.18,.0073,.977,1.31,.499,.208,.327,.254,-.41,-.124,-.282,-.0374,0
2025,11,30,12,m,.00321,.304,.0239,.0541,.0272,-.0704,.133,.106,.269,.603,-.0758,.00643,.475,.822,.126,.136,.265,.0133,-.0278,.217,-.00617,-.104,.138,.27,.351,.142,.337,.477,.0374,-.123,.053,-.0233,.149,.405,.141,.314,0
2025,11,30,13,m,.506,1.34,.322,.372,2.7,2.57,.589,.67,.854,1.88,-.0566,.193,1.1,2.25,.581,.794,.75,.57,-.616,-.409,.304,.294,.586,.953,.37,.274,.139,.643,.592,.425,.6,.576,.283,.952,.37,.897,0
2025,11,30,14,m,-.104,.496,.292,.358,1.36,1.94,.389,.473,.122,.816,.0205,.0685,.326,1.09,.358,.405,.33,.274,.114,.631,1.78,1.62,.257,.524,.552,.489,.386,1.04,.152,-.0295,.626,.6,.13,.707,.223,.566,0
2025,11,30,15,m,.298,.843,1.14,1.13,4.4,4.4,.281,.331,.467,1.13,-.0518,.0968,.553,1.28,-.106,-.0504,1.5,.926,-.776,-.723,1.07,.999,.0706,.219,.533,.461,1.09,1.73,5,3.96,1.76,1.57,.164,.597,.0396,.247,0
2025,11,30,16,m,.0337,.406,.146,.187,.138,.0846,.214,.23,.337,.843,-.00606,.12,.616,1.26,.312,.391,.245,.116,.225,.567,.298,.239,.296,.522,.366,.183,.209,.458,.00951,-.0487,.16,.135,.164,.524,.214,.47,0
2025,11,30,17,m,-.0537,.353,.0354,.00185,.462,.289,.134,.137,.152,.613,-.0908,.0499,.348,.851,.209,.237,.0779,-.131,.00483,.213,.0892,.0418,.142,.327,.3,.166,.0964,.304,.142,-.162,.106,-.0117,.0344,.394,.0906,.335,0
2025,11,30,19,m,.136,.525,.193,.248,.694,.771,.268,.309,.477,.975,.0415,.0987,.651,1.2,.0728,.108,.336,.0958,.217,.401,.683,.554,.217,.335,.567,.565,.366,.688,.187,.166,.333,.299,.278,.594,.18,.34,0
2025,11,30,20,m,.411,.947,.273,.371,1.39,1.12,.571,.66,.67,1.29,.398,.58,.834,1.5,.224,.442,.704,.413,.464,1.47,.768,.623,.386,.736,.813,.682,.686,1.33,.742,.336,.549,.472,.648,1.24,.46,.864,0
2025,11,30,21,m,-.101,.192,-.161,-.115,-.0419,-.165,.0487,.0306,.138,.423,-.123,-.0524,.441,.691,.154,.14,.273,.0866,.094,.148,.0202,-.0284,.1,.201,.26,.105,.0624,.215,-.0736,-.172,-.0672,-.103,.0221,.235,.0604,.204,0
2025,11,30,22,m,-.0959,.382,.0548,.147,.0584,.29,.0788,.119,.34,.83,-.0664,.062,.678,1.13,.117,.215,.736,.184,-.187,.17,-.187,.0309,-.011,.274,.294,.00642,.626,.633,-.0786,-.215,.0533,.0767,.216,.606,.188,.472,0
2025,11,30,23,m,.318,.781,.361,.269,1.37,.882,.803,.539,.367,.719,.14,.107,.407,.677,.721,.535,.466,.168,-.00221,.0748,.29,.211,.555,.582,1.08,.848,.851,1.12,.0653,-.102,.364,.211,.286,.531,.429,.533,0
2025,11,30,24,m,.104,.407,.031,.0672,-.0541,-.0441,.234,.197,.501,.877,.0423,.144,.913,1.35,.11,.212,.347,.136,.253,.383,.103,.0731,.253,.323,.501,.293,.285,.588,.0844,-.105,.0838,.0319,.294,.565,.222,.422,0
2025,11,30,25,m,-.0654,.362,.178,.229,.24,.2,.526,.526,.352,.84,.472,.463,.961,1.46,.48,.417,1.28,1.11,1.71,1.5,.948,.991,.365,.505,.865,.585,1.41,1.52,.325,.331,.384,.405,.556,.841,.522,.646,0
2025,11,30,26,m,.607,1.09,.278,.277,1.02,.693,.48,.452,.715,1.25,.287,.345,.761,1.32,.126,.124,.357,.0605,-.0156,.142,.491,.391,.241,.331,1.29,1.02,.244,.63,.805,.269,.415,.29,.446,.809,.3,.455,0
2025,11,30,27,m,.0959,.521,.118,.158,.298,.468,.221,.306,.518,1.12,.0426,.141,.871,1.62,.216,.339,.208,.104,.45,.856,.245,.268,.172,.382,.419,.411,.615,1.17,.237,.132,.201,.191,.363,.746,.307,.579,0
2025,11,30,28,m,.174,.487,-.0134,-.00998,.438,.283,.186,.169,.454,.797,.0148,.113,.732,1.09,.229,.245,.251,.156,.15,.391,.151,.126,.233,.351,.318,.142,.554,.812,-.0045,-.159,.0944,.0333,.257,.515,.248,.405,0
2025,11,30,29,m,.105,.519,-.165,-.0934,.24,.187,.179,.2,.251,.732,.0238,.104,.412,.97,.379,.349,.803,.473,-.209,.137,.373,.375,.25,.436,.394,.311,.621,.6,-.0679,-.134,.0273,.0245,.227,.534,.28,.458,0
2025,11,30,30,m,.294,.603,.0118,-.00567,.142,-.00823,.187,.128,.507,.874,.0986,.165,.715,1.14,.137,.217,.447,.163,-.0453,.519,.444,.169,.214,.358,.296,.111,.753,1.11,-.244,-.43,.0541,-.0787,.334,.59,.256,.438,0
2025,11,30,31,m,.169,.697,.0962,.16,.0802,-.00676,.353,.361,.51,1.11,.0607,.215,.875,1.52,.301,.252,.423,.176,-.0612,.192,.234,.183,.338,.442,.989,.761,.615,1.55,.296,-.0764,.173,.124,.261,.758,.283,.482,0
2025,11,30,32,m,-.0215,.358,.0823,.136,.181,-.0338,-.0392,-.00576,.0194,.391,-.252,-.0996,.0372,.404,.0291,.00768,-.124,-.267,-.315,-.0636,.158,.0346,-.00263,.125,-.0053,-.012,-.297,.091,-.122,-.282,.0438,-.0385,-.121,.172,-.0694,.116,0
2025,11,30,33,m,.297,.692,.0557,.0973,-.0322,.0297,.121,.13,.438,.822,-.147,-.00771,.508,.882,.125,.204,.257,.0997,-.423,-.173,.217,.0251,.171,.331,.251,.093,.443,.618,-.00506,-.178,.0979,.0315,.0626,.376,.0865,.311,0
2025,11,30,34,m,.0597,.327,.119,.124,.0296,.159,.261,.264,.328,.739,-.033,.0349,.458,.958,.0408,.189,.417,.0848,-.182,-.0468,.233,.123,.179,.363,.685,.488,.398,.481,.54,.0973,.22,.118,.165,.459,.127,.373,0
2025,11,30,35,m,-.0351,.226,-.0256,-.00205,-.118,-.121,.0811,.0796,.244,.592,-.131,-.0559,.402,.802,.0698,.129,-.0357,-.125,-.113,.154,-.00341,-.0908,.123,.286,.286,.108,-.00966,.16,-.0691,-.251,-.0391,-.0943,.1,.356,.0906,.283,0
2025,11,30,36,m,.157,.539,.128,.127,.45,.288,.347,.296,.439,.845,.165,.194,.706,1.12,.239,.305,.491,.217,.33,.587,.407,.257,.306,.472,.547,.31,.77,.909,.173,.0247,.265,.164,.382,.672,.33,.533,0
2025,11,30,37,m,-.0661,.245,.0254,.189,-.0982,-.192,.107,.204,.258,.735,.112,.283,.482,1.09,.192,.173,.437,.156,.416,.705,.152,.36,.0611,.227,.166,.189,.573,.735,-.0345,-.131,.0725,.118,.238,.621,.228,.437,0
2025,11,30,38,m,.474,.831,.032,.0968,.62,.572,.304,.268,.666,1.07,-.051,-.0187,.821,1.25,.202,.226,.0453,-.0945,.0196,.14,.246,.0862,.378,.494,.585,.336,1.11,.992,.00114,-.166,.116,.0451,.464,.725,.364,.525,0
2025,11,30,39,m,.0229,.423,.167,.141,.145,.158,.21,.193,.287,.704,-.00862,.0679,.502,.916,.178,.237,.157,-.0171,.179,.177,.113,.0185,.183,.357,.502,.312,.346,.628,.00939,-.205,.132,.0339,.16,.445,.163,.361,0
2025,11,30,40,m,.191,.661,.156,.212,.31,.0491,.277,.36,.667,1.21,.104,.354,1.07,1.63,.13,.177,.504,.351,.29,1.04,.309,.364,.189,.38,.555,.52,.238,.741,.245,-.0463,.256,.202,.419,.887,.299,.542,0
2025,11,30,41,m,-.00617,.28,.0223,.029,.0295,-.0373,.108,.079,.25,.558,-.0593,-.0374,.44,.751,.0499,.0882,.127,.0361,.0599,.17,.0916,-.00577,.0789,.229,.291,.107,.0917,.253,.00425,-.176,.0443,-.0266,.16,.35,.12,.253,0
2025,11,30,42,m,.0749,.427,-.0128,-.0879,-.0312,-.116,.244,.258,.414,.833,-.119,.186,.724,1.19,.272,.273,.419,.253,-.544,-.214,.0461,.032,.26,.416,.535,.339,.413,.887,-.177,-.341,.0114,-.0896,.0766,.484,.135,.409,0
2025,11,30,43,m,.193,.57,.0344,.125,.126,.246,.265,.261,.407,.876,.0622,.131,.527,1.06,.178,.201,.368,.142,.303,.364,.334,.259,.238,.388,.559,.329,.702,.879,.214,-.0305,.172,.132,.333,.638,.27,.449,0
2025,11,30,44,m,-.18,.213,.155,.295,.164,.403,.0847,.256,.431,.952,-.0987,-.0727,1.52,2.06,-.137,.122,.39,.295,-.132,.19,.233,.431,-.00767,.304,.284,.348,1.49,1.59,.308,.591,.214,.365,.259,.574,.0709,.363,0
2025,11,30,45,m,-.0105,.384,.332,.397,.372,.407,.382,.389,.593,1.04,.307,.432,1,1.43,.207,.24,.337,.23,.937,.817,.639,.452,.322,.447,.54,.318,.415,.895,.215,.0645,.37,.326,.453,.776,.359,.542,0
2025,11,30,46,m,.557,1.02,.24,.351,.524,.816,.414,.468,.451,1.13,.397,.715,.373,1.2,.426,.592,.575,.357,.526,1.17,.317,.228,.304,.447,.429,.285,.581,1.13,.694,.338,.403,.365,.488,1.12,.474,.917,0
2025,11,30,47,m,.179,.655,.0871,.0948,.11,.0261,.116,.131,.363,.793,-.102,-.031,.469,.864,-.00621,.0554,.108,-.0887,-.272,-.0341,.0747,-.101,.13,.302,.198,.0962,.237,.422,-.0517,-.152,.0695,-.0126,.139,.455,.0905,.313,0
2025,11,30,48,m,1.85,2.78,.0948,.227,-.144,-.0604,.663,.696,1.68,2.12,.478,.488,1.63,1.92,.746,.808,.441,.217,.535,.773,.804,.52,.893,1.05,1.18,1.03,2.76,3.55,.039,-.184,.173,.15,1.37,1.74,1.1,1.32,0
2025,11,30,49,m,-.0197,.589,-.0166,.0409,-.0984,.259,.0439,.161,.189,.831,-.157,.0499,.318,.97,-.0346,.224,.219,.164,-.129,.159,-.114,-.0561,.0963,.382,.243,.172,.137,.513,-.169,-.213,-.0355,.0126,.0249,.44,.00473,.366,0
2025,11,30,50,m,.169,.724,.0909,.0662,.12,.241,.289,.332,.466,.982,-.00791,.171,.663,1.13,.281,.306,.531,.377,-.0485,.215,.179,.117,.266,.43,.23,.139,.463,.812,-.376,-.442,.0507,.00538,.245,.601,.253,.498,0
2025,11,30,51,m,-.0519,.495,.106,.137,.296,.248,.2,.184,.251,.925,-.0173,.0564,.474,1.23,.167,.277,.117,-.0826,.183,.418,.31,.152,.202,.427,.428,.247,-.0443,.632,.302,-.133,.192,.0675,.122,.539,.135,.434,0
2025,11,30,52,m,.0736,.418,-.101,-.0747,.261,.093,.0799,.1,.49,.859,-.19,-.0484,.719,1.08,.106,.178,.297,.126,-.529,-.366,.019,-.0925,.121,.272,.326,.248,.295,.377,.197,-.0315,.0616,-.0216,.0446,.351,.0679,.282,0
2025,11,30,53,m,-.0915,.164,.145,.228,.182,.225,.274,.372,.396,.838,-.0362,.129,.694,1.27,.023,.105,.15,.0328,-.382,-.159,.437,.49,.138,.311,.834,.804,.153,.551,.192,.0138,.197,.209,.11,.446,.0716,.281,0
2025,12,31,1,m,-.169,.429,-.141,-.0551,-.158,-.122,-.0215,.114,-.00431,.718,-.191,-.0454,.128,.952,-.00314,.216,.0972,-.028,-.0605,.0758,-.0248,-.0682,-.0333,.344,.114,.144,.00653,.695,-.154,-.283,-.0998,-.105,-.0698,.449,-.0531,.375,0
2025,12,31,2,m,.0905,.781,.084,.0774,.4,.303,.283,.386,.195,.96,.00288,.155,.318,1.17,.253,.282,.831,.506,.0727,.175,.435,.362,.197,.516,.338,.367,.524,1.55,.219,.0351,.248,.156,.152,.726,.188,.538,0
2025,12,31,3,m,.104,.866,.143,.211,.647,.52,.376,.496,.334,1.32,.156,.323,.503,1.68,.286,.39,.545,.454,.414,.478,.293,.317,.25,.612,.487,.482,.718,2.23,.344,.0162,.298,.241,.334,1.09,.321,.772,0
2025,12,31,4,m,-.0092,.751,.157,.212,.234,.182,.204,.311,.241,1.19,-.0526,.135,.447,1.54,.135,.351,.331,.0328,.123,.236,.274,.228,.18,.585,.454,.311,.176,1.23,.15,-.0138,.209,.143,.123,.773,.124,.6,0
2025,12,31,5,m,.155,.853,.137,.112,.326,.255,.212,.254,.326,1.06,.00716,.0624,.419,1.17,.0931,.289,.28,.00573,.0324,.027,.3,.136,.181,.464,.351,.301,.403,1.23,.173,-.136,.216,.0713,.209,.629,.17,.506,0
2025,12,31,6,m,.0115,.669,-.0413,.000634,-.0229,-.0255,.0506,.151,.0426,.734,-.167,-.0342,.0595,.771,.105,.242,.0414,-.103,-.0379,.0423,.105,.0105,.0301,.363,.253,.231,.129,.756,-.0657,-.254,-.00749,-.0638,-.0341,.458,.00154,.391,0
2025,12,31,7,m,-.208,.446,-.0361,.0547,.0992,.0751,.177,.305,.0764,.916,-.0676,.136,.33,1.32,.124,.377,.211,.0725,-.111,.0278,.356,.261,.0998,.521,.499,.388,.0688,1.46,.0399,-.0776,.0857,.0677,-.00998,.622,.0362,.529,0
2025,12,31,8,m,-.0703,.586,.026,.0398,-.00384,-.1,.0444,.0808,.118,.786,-.18,-.104,.246,.907,.0871,.249,.0819,-.134,-.0221,-.0609,.0417,-.0539,.0938,.382,.133,.0352,.0285,.708,-.081,-.29,.019,-.0835,-.013,.416,.015,.363,0
2025,12,31,9,m,-.138,.41,-.201,-.129,-.0465,-.0922,.026,.115,.0796,.707,-.183,-.0255,.248,.926,.0726,.266,.342,.117,.156,.117,-.0406,-.0202,.0413,.347,.235,.205,-.148,.482,-.14,-.304,-.0885,-.117,-.0319,.403,-.00174,.355,0
2025,12,31,10,m,.0781,.787,.16,.169,.186,.0823,.225,.271,.384,1.26,-.048,.0514,.6,1.58,.095,.306,.274,-.00818,-.0533,.0196,.291,.161,.214,.55,.409,.262,.19,1.07,.158,-.109,.204,.0804,.193,.721,.155,.551,0
2025,12,31,11,m,-.805,-.717,.229,.366,.486,.494,.0408,.116,-.449,-.169,.0163,.209,1.14,2.86,.0915,.272,.338,.101,.32,.348,.297,.246,-.205,.0519,.199,.127,.495,2.18,.528,.238,.319,.293,-.318,-.000591,-.208,.0846,0
2025,12,31,12,m,-.133,.453,-.0159,.0747,-.0063,-.0534,.0824,.19,.133,.841,-.126,.0114,.341,1.13,.0783,.198,.275,.0382,.103,.143,-.0116,-.0533,.0713,.39,.275,.293,.0744,.747,.0404,-.159,.0325,-.00971,.0456,.541,.053,.425,0
2025,12,31,13,m,.213,1.47,.309,.411,2.31,2.56,.482,.723,.513,2.08,-.122,.131,.722,2.51,.485,.95,.763,.561,-.633,-.516,.414,.375,.413,1.07,.291,.374,-.141,1.2,.711,.528,.61,.621,.116,.987,.222,.974,0
2025,12,31,14,m,-.186,.728,.269,.347,.97,1.79,.433,.684,.00904,1.13,-.032,.0637,.175,1.47,.666,.848,.486,.28,.286,.478,1.24,1.14,.4,1.01,.655,.771,-.0587,1.53,.219,.0063,.533,.515,.00858,.896,.243,.873,0
2025,12,31,15,m,.0621,.854,1.06,1.12,4.22,4.33,.283,.39,.317,1.33,.0259,.111,.45,1.58,-.0714,.0906,1.41,.989,-.744,-.765,1.1,.999,.0575,.343,.563,.604,.909,2.48,5.07,3.52,1.67,1.53,.162,.704,.0526,.373,0
2025,12,31,16,m,.0192,.704,.149,.204,.245,.2,.203,.34,.312,1.24,-.0587,.178,.578,1.76,.293,.505,.217,.123,.209,.437,.248,.264,.272,.716,.385,.326,-.016,1.06,.0391,-.0613,.168,.157,.121,.763,.176,.66,0
2025,12,31,17,m,-.0921,.539,-.0174,-.00663,.351,.346,.1,.234,.0811,.839,-.18,.0453,.238,1.11,.159,.325,.111,-.0576,-.159,.0618,.0767,.0594,.0917,.452,.342,.356,-.172,.703,.00789,-.185,.0588,.00116,-.0585,.511,.00855,.44,0
2025,12,31,19,m,.00175,.748,.247,.272,.746,.887,.277,.4,.336,1.3,.0381,.134,.51,1.57,.101,.223,.49,.146,.203,.25,.78,.612,.201,.483,.517,.663,.184,1.29,.284,.181,.417,.339,.197,.786,.154,.492,0
2025,12,31,20,m,.267,1.14,.225,.364,.9,.869,.546,.781,.575,1.64,.351,.627,.77,1.94,.235,.566,1.25,.672,.308,1.07,.909,.889,.371,.931,.752,.796,.886,2.61,.927,.344,.593,.532,.551,1.49,.415,1.05,0
2025,12,31,21,m,-.167,.298,-.16,-.0714,-.0995,-.174,.0308,.127,.0348,.57,-.167,-.0256,.279,.886,.096,.214,.29,.14,.182,.164,-.00194,.0121,.0416,.311,.255,.283,-.249,.383,-.0647,-.19,-.0704,-.0792,-.0531,.332,-.0108,.293,0
2025,12,31,22,m,-.103,.673,.0353,.154,.0826,.169,.0402,.202,.248,1.16,-.15,.0555,.506,1.48,.00545,.298,.497,.137,-.321,.0719,.0368,.156,-.0612,.417,.24,.103,.33,1.05,-.00963,-.21,.0842,.0842,.105,.801,.0782,.629,0
2025,12,31,23,m,.139,1.13,.369,.284,1.29,.955,.855,.706,.161,1.07,.167,.229,.178,1.02,.597,.666,.521,.338,-.0847,.0275,.441,.348,.407,.792,1.12,1.09,.649,2.05,.0498,-.0826,.393,.268,.157,.809,.29,.753,0
2025,12,31,24,m,-.0408,.473,.0827,.0895,-.0517,-.0802,.232,.261,.353,1.07,-.00418,.0981,.75,1.66,.116,.334,.51,.175,.345,.222,.196,.106,.218,.43,.467,.398,.157,.784,.0845,-.194,.141,.0302,.19,.63,.16,.51,0
2025,12,31,25,m,-.119,.582,.156,.23,.294,.308,.431,.591,.25,1.08,.283,.421,.796,1.73,.438,.47,.914,.982,2.09,1.29,1.01,1.04,.254,.609,.825,.796,1.19,2.46,.241,.206,.342,.382,.367,.996,.388,.755,0
2025,12,31,26,m,.529,1.45,.347,.325,1.29,.789,.555,.61,.609,1.59,.348,.439,.642,1.65,.172,.233,.641,.172,-.022,.0666,.51,.373,.285,.469,1.4,1.36,.177,1.13,1.11,.366,.529,.344,.419,1.04,.312,.621,0
2025,12,31,27,m,.1,.675,.0744,.197,.0436,.347,.162,.333,.541,1.36,.0794,.0982,.91,1.94,.128,.468,.469,.138,.832,.548,.411,.309,.155,.508,.306,.384,1.08,2.06,.431,.00518,.26,.189,.435,.845,.308,.69,0
2025,12,31,28,m,.0252,.698,-.0409,-.0114,.289,.18,.124,.228,.276,1.02,-.0401,.122,.536,1.31,.193,.358,.342,.155,.162,.2,.119,.166,.135,.463,.244,.247,.353,1.22,-.00286,-.2,.0742,.0208,.111,.621,.141,.514,0
2025,12,31,29,m,.00425,.697,-.128,-.0671,.228,.171,.167,.311,.187,1.01,.0163,.204,.391,1.36,.289,.393,.928,.552,-.0864,.172,.249,.469,.178,.578,.398,.499,.45,1.2,-.0869,-.186,.0404,.0401,.155,.753,.198,.604,0
2025,12,31,30,m,.138,.76,-.0256,-.0355,.117,.0609,.133,.188,.364,1.15,-.0714,.136,.576,1.54,.138,.363,.482,.257,-.128,.249,.402,.265,.152,.479,.232,.215,.189,1.44,-.135,-.479,.0714,-.0757,.156,.706,.144,.566,0
2025,12,31,31,m,.0944,.907,.0815,.181,.12,-.0467,.352,.476,.479,1.48,.124,.196,.894,2.04,.271,.374,.432,.267,-.127,-.0845,.374,.308,.317,.608,.968,.954,.509,2.16,.405,.00716,.21,.175,.268,.907,.273,.616,0
2025,12,31,32,m,-.0539,.55,.0798,.171,.000222,-.0496,-.0244,.0762,.0054,.641,-.224,-.0869,.0297,.677,.0826,.132,-.136,-.286,-.307,-.165,.223,.0694,.0328,.278,-.00874,.0734,-.27,.423,-.106,-.317,.0421,-.0294,-.129,.304,-.0609,.245,0
2025,12,31,33,m,.175,.839,.0915,.0919,.074,.0799,.158,.21,.361,1.07,-.108,-.0113,.453,1.17,.102,.274,.426,.0759,-.358,-.225,.321,.0916,.166,.445,.285,.219,.217,.853,.0735,-.181,.179,.0414,.0543,.481,.0733,.402,0
2025,12,31,34,m,-.0565,.56,.106,.105,.135,.111,.219,.363,.198,1.04,-.101,.0511,.326,1.3,.0011,.289,.462,.146,-.137,-.154,.321,.144,.135,.53,.652,.677,-.131,.818,.475,.0145,.238,.103,.0544,.64,.0364,.529,0
2025,12,31,35,m,-.179,.323,-.0612,-.0267,-.208,-.206,.042,.139,.101,.771,-.18,-.0757,.262,1.03,.0444,.219,.0374,-.0742,-.0973,-.00272,-.0184,-.0913,.0554,.389,.242,.233,-.174,.411,-.0764,-.291,-.059,-.114,-.00198,.436,.00989,.366,0
2025,12,31,36,m,.0785,.722,.106,.128,.329,.271,.294,.377,.317,1.1,.0749,.242,.53,1.44,.262,.464,.459,.273,.297,.4,.363,.284,.252,.636,.434,.343,.233,1.52,.206,.00832,.241,.174,.236,.843,.241,.7,0
2025,12,31,37,m,-.218,.323,.0747,.239,-.116,-.145,.131,.359,.181,.949,.103,.324,.48,1.4,.171,.314,.668,.3,.522,.558,.226,.405,.0225,.335,.261,.549,.461,1.39,.0394,-.0445,.142,.187,.179,.74,.181,.565,0
2025,12,31,38,m,.316,1.09,.0329,.13,.186,.221,.247,.304,.49,1.34,-.0933,-.0421,.633,1.54,.212,.289,.1,-.105,-.0107,.00628,.175,.132,.314,.619,.518,.337,.841,1.72,.0299,-.194,.0851,.0257,.347,.864,.295,.634,0
2025,12,31,39,m,-.0757,.516,.124,.154,.124,.197,.188,.3,.2,.906,-.0674,.0943,.419,1.2,.138,.325,.182,-.00482,-.0209,.0283,.275,.132,.134,.471,.507,.526,.147,1.09,-.0364,-.215,.137,.063,.0685,.566,.0885,.47,0
2025,12,31,40,m,.0629,.695,.182,.238,.48,.128,.313,.438,.576,1.39,.0692,.272,1.01,1.93,.179,.318,.652,.36,.107,.371,.598,.484,.191,.478,.623,.684,.143,1.21,.44,-.07,.368,.24,.31,.908,.258,.621,0
2025,12,31,41,m,-.147,.433,-.0256,.0319,-.0218,-.0514,.0649,.165,.0944,.787,-.117,-.0266,.271,1.03,.00754,.167,.147,.0579,.0281,.0319,.145,.0389,.012,.349,.292,.272,-.00188,.646,-.0649,-.232,.0133,-.0302,.0376,.488,.0239,.369,0
2025,12,31,42,m,-.0436,.523,-.0541,-.0804,.0664,-.111,.242,.343,.312,1.03,-.046,.163,.639,1.48,.258,.418,.53,.332,-.526,-.427,.121,.117,.214,.544,.518,.484,.397,1.58,-.116,-.328,.0388,-.0619,.0938,.56,.145,.509,0
2025,12,31,43,m,.017,.721,.0188,.117,.124,.228,.209,.325,.25,1.1,-.00222,.111,.389,1.33,.148,.306,.438,.163,.292,.24,.334,.267,.172,.507,.455,.406,.309,1.49,.0355,-.0417,.139,.129,.19,.752,.17,.559,0
2025,12,31,44,m,-.159,.235,.166,.397,.0733,.616,.109,.367,.411,1.2,-.222,-.0699,1.18,2.64,-.109,.165,.443,.356,-.436,-.178,.481,.517,.0417,.426,.241,.496,.506,2.05,.535,.574,.282,.455,.0651,.634,-.012,.415,0
2025,12,31,45,m,-.153,.436,.312,.355,.271,.417,.438,.469,.413,1.15,.297,.365,.808,1.58,.266,.415,.593,.331,.809,.462,.721,.431,.343,.551,.567,.482,.227,1.3,.717,.182,.469,.339,.318,.751,.301,.604,0
2025,12,31,46,m,.541,1.34,.266,.338,.531,.858,.467,.586,.517,1.55,.368,.643,.483,1.67,.46,.747,.802,.491,.457,.689,.469,.302,.287,.642,.602,.454,.163,1.82,1.09,.304,.52,.39,.44,1.26,.454,1.06,0
2025,12,31,47,m,.104,.852,.0914,.0788,.235,.0436,.133,.196,.347,1.09,-.123,-.0762,.488,1.22,-.015,.176,.212,-.0879,-.249,-.139,.127,.00107,.113,.415,.237,.222,.00647,.579,.126,-.146,.13,.00203,.143,.589,.0902,.443,0
2025,12,31,48,m,1.17,3.04,.181,.291,-.261,-.128,.611,.827,1.27,2.48,.524,.542,1.32,2.3,.829,1.06,.701,.322,.629,.682,.692,.515,.819,1.29,.969,1.19,2.64,4.73,.134,-.15,.229,.19,1.18,1.99,1.03,1.57,0
2025,12,31,49,m,-.137,.595,-.0473,-.0144,-.0435,.157,.0437,.204,.146,.943,-.191,-.0253,.33,1.14,-.0571,.333,.319,.21,-.227,-.116,-.0868,-.0389,.0637,.448,.254,.321,.0454,.799,-.086,-.216,-.00753,-.00926,-.0271,.454,-.0376,.412,0
2025,12,31,50,m,.0394,.807,.0917,.0847,.0481,.156,.249,.393,.374,1.2,-.0418,.1,.593,1.43,.221,.47,.661,.391,-.00134,-.0284,.137,.126,.217,.56,.258,.238,.167,1.1,-.334,-.421,.0598,.0118,.186,.65,.196,.588,0
2025,12,31,51,m,-.108,.659,.103,.12,-.0197,.203,.187,.265,.142,1.16,-.054,.0262,.314,1.52,.208,.432,.368,.0484,.234,.228,.461,.236,.159,.559,.407,.408,-.123,1.14,.274,-.152,.214,.0889,.0406,.621,.0943,.545,0
2025,12,31,52,m,-.0745,.42,-.137,-.0832,.215,.0476,.0919,.161,.422,1,-.157,-.0566,.706,1.3,.132,.311,.328,.106,-.478,-.474,.132,-.026,.107,.363,.332,.356,.295,.754,.302,-.02,.076,-.0189,.0643,.406,.0905,.368,0
2025,12,31,53,m,-.129,.413,.264,.255,.107,.227,.345,.515,.351,1.17,.057,.254,.664,1.65,.0822,.23,.37,.133,-.308,-.253,.657,.574,.167,.458,.888,1.07,.0971,1.26,.297,.0188,.327,.253,.14,.692,.116,.468,0
2026,1,31,1,m,-.117,-.117,-.0977,-.0977,-.0689,-.0689,-.0146,-.0146,.156,.156,-.156,-.156,.378,.378,.0419,.0419,.0857,.0857,.0247,.0247,-.0609,-.0609,.0424,.0424,.0648,.0648,.176,.176,-.211,-.211,-.0896,-.0896,.0411,.0411,.0414,.0414,0
2026,1,31,2,m,.306,.306,.0927,.0927,.339,.339,.278,.278,.466,.466,.00754,.00754,.657,.657,.22,.22,.574,.574,.0405,.0405,.336,.336,.281,.281,.335,.335,.787,.787,.127,.127,.194,.194,.323,.323,.28,.28,0
2026,1,31,3,m,.183,.183,.179,.179,.726,.726,.385,.385,.608,.608,.181,.181,.941,.941,.23,.23,.664,.664,.376,.376,.34,.34,.302,.302,.493,.493,1.15,1.15,.243,.243,.32,.32,.541,.541,.401,.401,0
2026,1,31,4,m,.0419,.0419,.145,.145,.334,.334,.239,.239,.445,.445,-.00327,-.00327,.776,.776,.217,.217,.202,.202,.217,.217,.301,.301,.273,.273,.436,.436,.287,.287,.127,.127,.195,.195,.25,.25,.237,.237,0
2026,1,31,5,m,.164,.164,.127,.127,.413,.413,.19,.19,.476,.476,.00381,.00381,.635,.635,.108,.108,.197,.197,.0534,.0534,.206,.206,.206,.206,.311,.311,.561,.561,.11,.11,.179,.179,.264,.264,.208,.208,0
2026,1,31,6,m,.0193,.0193,-.0368,-.0368,-.00307,-.00307,.0357,.0357,.176,.176,-.118,-.118,.265,.265,.0681,.0681,.0113,.0113,-.0256,-.0256,-.00514,-.00514,.0708,.0708,.153,.153,.208,.208,-.0998,-.0998,-.0332,-.0332,.0677,.0677,.0678,.0678,0
2026,1,31,7,m,-.167,-.167,-.0376,-.0376,.181,.181,.21,.21,.291,.291,-.0284,-.0284,.682,.682,.248,.248,.167,.167,.00478,.00478,.195,.195,.233,.233,.565,.565,.321,.321,-.0128,-.0128,.0558,.0558,.15,.15,.187,.187,0
2026,1,31,8,m,-.0411,-.0411,.0447,.0447,.0311,.0311,.0376,.0376,.239,.239,-.153,-.153,.408,.408,.109,.109,.0293,.0293,-.0511,-.0511,.018,.018,.125,.125,.0888,.0888,.205,.205,-.103,-.103,.00717,.00717,.0601,.0601,.0759,.0759,0
2026,1,31,9,m,-.0298,-.0298,-.118,-.118,.0272,.0272,.0402,.0402,.228,.228,-.151,-.151,.417,.417,.142,.142,.267,.267,.0795,.0795,.00269,.00269,.121,.121,.161,.161,-.0124,-.0124,-.177,-.177,-.0515,-.0515,.0542,.0542,.0851,.0851,0
2026,1,31,10,m,.0393,.0393,.0824,.0824,.154,.154,.173,.173,.471,.471,-.0965,-.0965,.769,.769,.157,.157,.0789,.0789,-.0179,-.0179,.202,.202,.223,.223,.319,.319,.239,.239,.0658,.0658,.106,.106,.198,.198,.181,.181,0
2026,1,31,11,m,-.848,-.848,.266,.266,.527,.527,.00621,.00621,-.458,-.458,.0407,.0407,1.7,1.7,.107,.107,.189,.189,.259,.259,.241,.241,-.174,-.174,.0697,.0697,.72,.72,.352,.352,.285,.285,-.299,-.299,-.172,-.172,0
2026,1,31,12,m,-.121,-.121,.0247,.0247,.0231,.0231,.0837,.0837,.229,.229,-.111,-.111,.487,.487,.102,.102,.181,.181,.0819,.0819,-.0262,-.0262,.105,.105,.244,.244,.237,.237,-.0139,-.0139,.0294,.0294,.103,.103,.102,.102,0
2026,1,31,13,m,.567,.567,.473,.473,3.04,3.04,.644,.644,1.23,1.23,.0153,.0153,1.69,1.69,.665,.665,.706,.706,-.584,-.584,.339,.339,.713,.713,.413,.413,.299,.299,.759,.759,.732,.732,.47,.47,.538,.538,0
2026,1,31,14,m,-.0674,-.0674,.303,.303,1.84,1.84,.462,.462,.314,.314,-.0249,-.0249,.635,.635,.399,.399,.296,.296,.401,.401,1.2,1.2,.36,.36,.757,.757,.48,.48,.122,.122,.538,.538,.262,.262,.326,.326,0
2026,1,31,15,m,.158,.158,1.07,1.07,4.57,4.57,.31,.31,.683,.683,-.00196,-.00196,.965,.965,-.0675,-.0675,1.24,1.24,-.795,-.795,1.13,1.13,.118,.118,.637,.637,1.35,1.35,4.74,4.74,1.72,1.72,.275,.275,.09,.09,0
2026,1,31,16,m,-.0399,-.0399,.108,.108,.176,.176,.22,.22,.443,.443,.0131,.0131,.901,.901,.37,.37,.256,.256,.405,.405,.245,.245,.37,.37,.297,.297,.121,.121,.0224,.0224,.144,.144,.233,.233,.288,.288,0
2026,1,31,17,m,-.127,-.127,-.0783,-.0783,.331,.331,.109,.109,.188,.188,-.105,-.105,.476,.476,.239,.239,-.0185,-.0185,.0499,.0499,.134,.134,.161,.161,.299,.299,-.0394,-.0394,.0171,.0171,.0196,.0196,.0499,.0499,.121,.121,0
2026,1,31,19,m,.0784,.0784,.241,.241,1.12,1.12,.313,.313,.635,.635,.0223,.0223,.915,.915,.0608,.0608,.329,.329,.148,.148,.694,.694,.242,.242,.64,.64,.232,.232,.434,.434,.421,.421,.307,.307,.179,.179,0
2026,1,31,20,m,.228,.228,.253,.253,.737,.737,.581,.581,.7,.7,.317,.317,.992,.992,.363,.363,.552,.552,1.07,1.07,.772,.772,.501,.501,.852,.852,.597,.597,.673,.673,.477,.477,.65,.65,.514,.514,0
2026,1,31,21,m,-.159,-.159,-.13,-.13,-.14,-.14,.0252,.0252,.107,.107,-.111,-.111,.416,.416,.103,.103,.282,.282,.194,.194,.0648,.0648,.0616,.0616,.21,.21,.0969,.0969,-.0908,-.0908,-.0574,-.0574,.00344,.00344,.036,.036,0
2026,1,31,22,m,-.0347,-.0347,.12,.12,.567,.567,.124,.124,.437,.437,-.121,-.121,.751,.751,.109,.109,.28,.28,-.0473,-.0473,.102,.102,.119,.119,.253,.253,.14,.14,-.0569,-.0569,.141,.141,.24,.24,.195,.195,0
2026,1,31,23,m,.131,.131,.221,.221,.843,.843,.566,.566,.31,.31,.0219,.0219,.43,.43,.541,.541,.332,.332,-.0225,-.0225,.324,.324,.449,.449,1.05,1.05,.712,.712,-.0356,-.0356,.238,.238,.21,.21,.339,.339,0
2026,1,31,24,m,.015,.015,.0794,.0794,-.026,-.026,.192,.192,.48,.48,.0407,.0407,.945,.945,.177,.177,.255,.255,.337,.337,.2,.2,.181,.181,.392,.392,.307,.307,.0266,.0266,.1,.1,.286,.286,.242,.242,0
2026,1,31,25,m,-.05,-.05,.154,.154,.41,.41,.48,.48,.363,.363,.22,.22,.899,.899,.404,.404,1.15,1.15,1.08,1.08,1.13,1.13,.338,.338,.765,.765,1.04,1.04,.45,.45,.437,.437,.403,.403,.404,.404,0
2026,1,31,26,m,.362,.362,.209,.209,.519,.519,.413,.413,.799,.799,.169,.169,.989,.989,.0828,.0828,.321,.321,-.107,-.107,.35,.35,.206,.206,1.17,1.17,.0648,.0648,.504,.504,.297,.297,.415,.415,.243,.243,0
2026,1,31,27,m,.0607,.0607,.164,.164,.463,.463,.297,.297,.697,.697,.0465,.0465,1.24,1.24,.321,.321,.212,.212,.644,.644,.241,.241,.306,.306,.473,.473,.506,.506,.385,.385,.244,.244,.443,.443,.393,.393,0
2026,1,31,28,m,.0664,.0664,-.0103,-.0103,.394,.394,.163,.163,.459,.459,-.00748,-.00748,.826,.826,.22,.22,.289,.289,.231,.231,.188,.188,.22,.22,.261,.261,.382,.382,-.0388,-.0388,.0935,.0935,.238,.238,.23,.23,0
2026,1,31,29,m,.0802,.0802,-.123,-.123,.258,.258,.199,.199,.317,.317,.0306,.0306,.583,.583,.352,.352,.632,.632,.106,.106,.371,.371,.281,.281,.477,.477,.197,.197,-.14,-.14,.0279,.0279,.224,.224,.277,.277,0
2026,1,31,30,m,.0676,.0676,-.0361,-.0361,.0907,.0907,.098,.098,.504,.504,.0808,.0808,.933,.933,.207,.207,.181,.181,.592,.592,.188,.188,.199,.199,.192,.192,1.12,1.12,-.365,-.365,-.0614,-.0614,.333,.333,.282,.282,0
2026,1,31,31,m,.57,.57,.0866,.0866,-.0109,-.0109,.261,.261,1.04,1.04,.06,.06,1.51,1.51,.122,.122,.205,.205,-.246,-.246,.231,.231,.331,.331,.727,.727,1.6,1.6,.0399,.0399,.114,.114,.555,.555,.319,.319,0
2026,1,31,32,m,-.0569,-.0569,.0956,.0956,.129,.129,-.0176,-.0176,.121,.121,-.21,-.21,.193,.193,-.0519,-.0519,-.193,-.193,-.258,-.258,.0552,.0552,.0125,.0125,.0765,.0765,-.186,-.186,-.0646,-.0646,.0124,.0124,-.0682,-.0682,-.0627,-.0627,0
2026,1,31,33,m,.171,.171,.0938,.0938,.167,.167,.148,.148,.436,.436,-.0807,-.0807,.559,.559,.134,.134,.328,.328,-.245,-.245,.129,.129,.195,.195,.267,.267,.283,.283,.0175,.0175,.136,.136,.122,.122,.126,.126,0
2026,1,31,34,m,-.144,-.144,.123,.123,.202,.202,.226,.226,.356,.356,-.062,-.062,.62,.62,.0742,.0742,.25,.25,-.206,-.206,.207,.207,.173,.173,.597,.597,.0738,.0738,.19,.19,.172,.172,.136,.136,.117,.117,0
2026,1,31,35,m,-.136,-.136,-.00557,-.00557,-.0921,-.0921,.0752,.0752,.315,.315,-.154,-.154,.574,.574,.0836,.0836,.0476,.0476,-.0282,-.0282,.02,.02,.153,.153,.211,.211,-.0255,-.0255,-.101,-.101,-.0221,-.0221,.106,.106,.0989,.0989,0
2026,1,31,36,m,.097,.097,.0762,.0762,.342,.342,.293,.293,.451,.451,.134,.134,.766,.766,.345,.345,.41,.41,.357,.357,.291,.291,.334,.334,.383,.383,.853,.853,.149,.149,.203,.203,.389,.389,.372,.372,0
2026,1,31,37,m,-.118,-.118,.241,.241,-.0286,-.0286,.222,.222,.394,.394,.0976,.0976,.765,.765,.103,.103,.498,.498,.242,.242,.475,.475,.105,.105,.342,.342,.193,.193,.327,.327,.303,.303,.266,.266,.199,.199,0
2026,1,31,38,m,.565,.565,.161,.161,.428,.428,.244,.244,.753,.753,-.0847,-.0847,.905,.905,.198,.198,.0102,.0102,-.0141,-.0141,.149,.149,.364,.364,.356,.356,.941,.941,-.0872,-.0872,.0999,.0999,.47,.47,.361,.361,0
2026,1,31,39,m,-.117,-.117,.0528,.0528,.138,.138,.158,.158,.255,.255,-.0895,-.0895,.536,.536,.259,.259,.0589,.0589,.0418,.0418,.11,.11,.204,.204,.416,.416,.21,.21,-.0163,-.0163,.06,.06,.0782,.0782,.151,.151,0
2026,1,31,40,m,.0889,.0889,.268,.268,.208,.208,.345,.345,.764,.764,.108,.108,1.29,1.29,.105,.105,.56,.56,.172,.172,.481,.481,.253,.253,.647,.647,.247,.247,.206,.206,.325,.325,.429,.429,.272,.272,0
2026,1,31,41,m,-.126,-.126,-.00138,-.00138,.0365,.0365,.0609,.0609,.241,.241,-.128,-.128,.495,.495,.026,.026,.187,.187,.00872,.00872,.0717,.0717,.0812,.0812,.21,.21,.069,.069,-.105,-.105,.0118,.0118,.0889,.0889,.0656,.0656,0
2026,1,31,42,m,-.0625,-.0625,-.0522,-.0522,-.0551,-.0551,.232,.232,.433,.433,-.0441,-.0441,.865,.865,.242,.242,.373,.373,-.539,-.539,.162,.162,.251,.251,.437,.437,.552,.552,-.153,-.153,.00399,.00399,.129,.129,.17,.17,0
2026,1,31,43,m,.0998,.0998,.0732,.0732,.29,.29,.232,.232,.515,.515,.0206,.0206,.758,.758,.147,.147,.36,.36,.21,.21,.29,.29,.254,.254,.387,.387,.537,.537,.0819,.0819,.175,.175,.327,.327,.249,.249,0
2026,1,31,44,m,.00793,.00793,.272,.272,.489,.489,.291,.291,.764,.764,-.164,-.164,1.9,1.9,.0628,.0628,.426,.426,.0448,.0448,.521,.521,.271,.271,.536,.536,1.03,1.03,.846,.846,.423,.423,.365,.365,.224,.224,0
2026,1,31,45,m,.0346,.0346,.348,.348,.347,.347,.361,.361,.669,.669,.226,.226,1.05,1.05,.178,.178,.554,.554,.332,.332,.724,.724,.296,.296,.405,.405,.462,.462,.432,.432,.456,.456,.405,.405,.306,.306,0
2026,1,31,46,m,.328,.328,.309,.309,.831,.831,.452,.452,.645,.645,.413,.413,.843,.843,.534,.534,.671,.671,.573,.573,.355,.355,.29,.29,.416,.416,.565,.565,.635,.635,.466,.466,.589,.589,.568,.568,0
2026,1,31,47,m,.0808,.0808,.0805,.0805,-.0439,-.0439,.083,.083,.416,.416,-.132,-.132,.588,.588,.00321,.00321,-.0168,-.0168,-.228,-.228,-.00726,-.00726,.132,.132,.175,.175,.122,.122,-.0592,-.0592,.0168,.0168,.149,.149,.0972,.0972,0
2026,1,31,48,m,1.47,1.47,.231,.231,.00528,.00528,.712,.712,1.63,1.63,.424,.424,1.68,1.68,.742,.742,.416,.416,.537,.537,.732,.732,.862,.862,1.28,1.28,2.63,2.63,-.0011,-.0011,.241,.241,1.31,1.31,1.05,1.05,0
2026,1,31,49,m,.174,.174,.0337,.0337,.181,.181,.157,.157,.499,.499,-.13,-.13,.686,.686,.151,.151,.412,.412,-.189,-.189,.0458,.0458,.224,.224,.317,.317,.202,.202,.0922,.0922,.119,.119,.148,.148,.149,.149,0
2026,1,31,50,m,.182,.182,.112,.112,.128,.128,.299,.299,.602,.602,-.00148,-.00148,.844,.844,.25,.25,.513,.513,-.0899,-.0899,.173,.173,.279,.279,.241,.241,.455,.455,-.297,-.297,.0726,.0726,.28,.28,.27,.27,0
2026,1,31,51,m,-.0157,-.0157,.0508,.0508,.524,.524,.166,.166,.42,.42,-.0693,-.0693,.727,.727,.31,.31,.106,.106,.186,.186,.176,.176,.282,.282,.331,.331,.34,.34,.138,.138,.136,.136,.176,.176,.23,.23,0
2026,1,31,52,m,-.0729,-.0729,-.0832,-.0832,.126,.126,.104,.104,.511,.511,-.145,-.145,.803,.803,.118,.118,.32,.32,-.495,-.495,.0326,.0326,.145,.145,.394,.394,.109,.109,.309,.309,.0896,.0896,.11,.11,.113,.113,0
2026,1,31,53,m,-.23,-.23,.146,.146,.0249,.0249,.345,.345,.508,.508,.046,.046,.982,.982,.0818,.0818,.197,.197,-.293,-.293,.679,.679,.21,.21,.901,.901,.152,.152,.177,.177,.228,.228,.2,.2,.143,.143,0
2026,2,28,1,m,-.176,-.202,-.125,-.143,-.0554,-.0995,-.00607,-.0515,.0902,.0538,-.171,-.198,.306,.261,.145,.11,.135,.0576,-.025,-.0317,.0324,-.0768,.0529,.0224,.0628,-.0176,.131,.169,-.234,-.235,-.0885,-.123,-.00613,-.0351,.0412,.0105,0
2026,2,28,2,m,.229,.192,-.00461,.0294,.362,.327,.282,.214,.396,.337,.0127,-.0697,.603,.511,.359,.242,.617,.447,-.0321,-.104,.662,.575,.299,.221,.341,.225,1.04,.849,.115,.0693,.183,.166,.299,.214,.324,.226,0
2026,2,28,3,m,.241,.121,.267,.184,.835,.565,.445,.325,.685,.502,.182,.112,1.04,.8,.414,.239,.836,.62,.376,.201,.506,.463,.405,.27,.509,.361,.819,.85,.201,.106,.4,.293,.567,.436,.5,.347,0
2026,2,28,4,m,.104,.0619,.245,.171,.657,.424,.336,.196,.496,.413,.0599,-.00153,.829,.701,.328,.222,.294,.145,.292,.295,.466,.259,.364,.272,.548,.24,.339,.342,.189,.13,.312,.196,.309,.244,.316,.235,0
2026,2,28,5,m,.163,.135,.141,.0974,.386,.33,.265,.154,.52,.419,.0196,-.0498,.717,.564,.227,.145,.261,.129,.0591,-.02,.348,.136,.31,.211,.393,.217,.498,.504,.18,.146,.227,.141,.301,.213,.274,.189,0
2026,2,28,6,m,.0204,-.0698,-.0094,-.0804,.0751,-.00248,.0793,-.0102,.181,.081,-.0951,-.153,.272,.166,.189,.109,.0632,-.0389,.0232,-.0374,.133,-.0203,.124,.0426,.178,.0572,.145,.151,-.067,-.131,.0199,-.066,.084,.00332,.116,.0359,0
2026,2,28,7,m,-.146,-.197,.0376,-.00181,.308,.171,.314,.171,.35,.231,.0648,-.0356,.797,.597,.339,.215,.316,.174,.0564,.00514,.466,.245,.326,.216,.63,.321,.273,.353,.0243,-.000513,.162,.0809,.206,.114,.256,.152,0
2026,2,28,8,m,-.05,-.0919,.0461,-.00433,-.231,-.0574,.0719,-.0112,.266,.168,-.12,-.169,.47,.325,.192,.118,.0975,-.0148,.00233,-.0222,.0519,-.0465,.192,.103,.139,-.0128,.216,.243,-.0977,-.179,-.011,-.0536,.0812,.0235,.116,.0538,0
2026,2,28,9,m,-.0414,-.122,-.139,-.181,.0107,-.0353,.0795,-.0342,.254,.099,-.151,-.222,.486,.261,.138,.161,.485,.137,.096,.0063,.292,.111,.15,.0661,.21,.0208,-.0464,-.0828,-.138,-.244,.00449,-.0977,.0639,-.0448,.0934,.0277,0
2026,2,28,10,m,.067,-.0202,.195,.144,.213,.162,.304,.17,.579,.455,.0119,-.0681,.929,.783,.256,.152,.278,.145,.0734,.0463,.36,.181,.346,.251,.502,.232,.265,.26,.081,.0568,.218,.138,.324,.22,.296,.192,0
2026,2,28,11,m,-.824,-.826,.367,.316,.606,.561,.0713,.00804,-.419,-.433,.131,.0846,2.07,1.74,.202,.0641,.361,.18,.413,.307,.427,.278,-.116,-.168,.29,.0519,.75,.898,.396,.355,.403,.315,-.243,-.264,-.112,-.161,0
2026,2,28,12,m,-.0876,-.204,.0214,-.0386,-.0375,-.026,.134,.00581,.274,.0921,-.138,-.216,.548,.309,.278,.144,.378,.109,.0758,-.0348,.277,.062,.198,.0618,.272,.0972,.227,.143,-.0456,-.112,.0754,-.0187,.116,-.0207,.171,.0347,0
2026,2,28,13,m,.417,.474,.421,.423,2.51,2.58,.619,.541,.824,.81,.0303,-.0233,1.13,1.04,.67,.569,.908,.75,-.547,-.587,.474,.419,.6,.535,.386,.278,.0282,.314,.58,.751,.696,.691,.323,.301,.441,.395,0
2026,2,28,14,m,-.143,-.0405,.305,.336,1.47,1.77,.486,.465,.245,.323,-.000649,-.0449,.608,.629,.458,.362,.387,.313,.294,.234,1.47,1.3,.379,.347,.747,.759,.524,.671,.185,.156,.581,.572,.224,.269,.329,.313,0
2026,2,28,15,m,.199,.12,1.13,1.11,4.78,4.96,.385,.297,.706,.576,.134,.0405,.985,.822,-.0274,-.0966,1.68,1.29,-.755,-.785,1.45,1.13,.145,.073,.764,.586,1.27,1.5,5.26,5.07,1.98,1.8,.368,.281,.155,.0771,0
2026,2,28,16,m,.0775,-.026,.221,.129,.283,.188,.294,.18,.591,.408,.0565,.000776,1.1,.821,.423,.288,.39,.252,.402,.409,.523,.285,.457,.327,.369,.19,.105,.16,.0568,.0327,.266,.162,.313,.208,.357,.24,0
2026,2,28,17,m,-.0275,-.104,.0128,-.0452,.282,.216,.204,.0876,.292,.183,-.0306,-.104,.588,.445,.286,.16,.0912,-.00249,.0353,-.033,.319,.128,.235,.138,.464,.234,.163,.155,.0702,-.00497,.107,.0214,.121,.0465,.182,.0893,0
2026,2,28,19,m,-.0493,.0625,.256,.232,.74,.869,.356,.294,.525,.579,.0437,.0403,.858,.839,.115,.0311,.446,.331,.158,.174,.756,.641,.272,.218,.736,.618,.167,.296,.496,.433,.439,.39,.257,.299,.187,.159,0
2026,2,28,20,m,.272,.259,.415,.4,.868,.839,.71,.647,.904,.772,.347,.373,1.35,1.09,.444,.339,.898,.673,1.18,1.06,.961,.952,.616,.533,.972,.887,.589,.73,.806,.649,.663,.6,.737,.735,.602,.548,0
2026,2,28,21,m,-.21,-.262,-.174,-.216,-.368,-.213,.00773,-.0622,.0815,-.0313,-.154,-.242,.445,.236,.257,.15,.351,.206,.0971,-.0646,.236,.0866,.0998,.00188,.168,.0773,.037,-.0555,-.172,-.197,-.109,-.133,-.015,-.131,.0764,-.0385,0
2026,2,28,22,m,-.128,-.145,.181,.0649,.499,.489,.205,.0574,.489,.339,-.0104,-.102,.953,.661,.307,.184,.377,.245,.0477,.0653,.316,.0994,.222,.114,.314,.0312,.315,.159,-.0589,-.0766,.204,.101,.318,.206,.314,.199,0
2026,2,28,23,m,.246,.2,.332,.266,1.11,.774,.639,.563,.472,.322,.126,.00923,.647,.405,.701,.427,.403,.269,-.133,-.179,.481,.377,.625,.411,1.27,1.04,.197,.59,.0875,.0512,.361,.275,.323,.213,.463,.296,0
2026,2,28,24,m,.0342,-.0843,.0993,.0586,.00165,.0388,.271,.144,.565,.359,.0259,-.0688,1.12,.802,.293,.207,.561,.339,.377,.165,.169,.0648,.304,.162,.517,.341,.427,.345,.102,.0117,.156,.0841,.315,.161,.307,.18,0
2026,2,28,25,m,-.174,-.228,.155,.101,.413,.341,.47,.369,.231,.0899,.0772,.138,.81,.503,.762,.483,1.1,.965,.775,.863,2.18,1.79,.434,.254,.743,.552,1.02,.865,.21,.228,.475,.412,.17,.189,.412,.324,0
2026,2,28,26,m,.476,.415,.289,.271,.762,.746,.494,.413,.853,.768,.263,.211,1.02,.921,.0516,-.0238,.505,.308,-.0219,-.0763,.602,.415,.234,.176,1.26,1.12,.134,.373,.559,.437,.424,.347,.478,.462,.265,.211,0
2026,2,28,27,m,.0833,.0141,.189,.168,.319,.851,.375,.274,.764,.611,.18,.068,1.37,1.11,.346,.204,.66,.351,.991,.57,.499,.419,.315,.218,.626,.429,.801,.764,.397,.214,.37,.3,.605,.427,.499,.335,0
2026,2,28,28,m,.0373,-.0105,.0086,-.0285,.443,.345,.194,.109,.459,.343,-.0087,-.0958,.886,.675,.353,.225,.325,.237,.272,.088,.314,.154,.303,.191,.277,.202,.371,.362,-.00485,-.0959,.135,.0581,.238,.139,.284,.174,0
2026,2,28,29,m,.0435,-.106,-.128,-.164,.258,.242,.232,.115,.39,.196,.00452,-.084,.775,.534,.541,.321,.868,.58,.0394,-.176,.687,.452,.394,.217,.449,.266,.371,.282,-.107,-.116,.0761,.0197,.252,.0992,.369,.191,0
2026,2,28,30,m,.224,.0756,-.0876,-.0337,.112,.114,.16,.0775,.652,.429,.102,-.0357,1.09,.776,.315,.118,.629,.327,.288,.256,.493,.285,.278,.158,.326,.134,.754,.44,-.358,-.327,-.0196,-.0202,.408,.214,.37,.175,0
2026,2,28,31,m,.717,.533,.106,.0609,-.0391,-.0343,.365,.231,1.28,.99,.139,.0349,1.87,1.45,.266,.0959,.318,.177,.0486,-.264,.435,.202,.453,.299,.913,.686,1.38,1.54,.127,.0153,.173,.0872,.74,.518,.482,.287,0
2026,2,28,32,m,-.047,-.116,.0728,.0825,.0875,.0845,.026,-.0404,.135,.034,-.186,-.21,.211,.0949,.142,-.0592,-.0461,-.179,-.243,-.259,.304,.0608,.106,-.0151,.0656,.0233,-.166,-.081,-.154,-.109,.0498,-.000318,-.0628,-.109,.0059,-.092,0
2026,2,28,33,m,.208,.143,.126,.0736,.117,.131,.232,.134,.564,.416,-.0114,-.0455,.743,.542,.223,.146,.408,.247,-.183,-.212,.292,.0677,.308,.216,.346,.174,.178,.5,.138,.0761,.204,.11,.197,.149,.207,.148,0
2026,2,28,34,m,-.0111,-.118,.181,.102,.0988,.136,.372,.222,.557,.359,.0648,-.0307,.87,.612,.207,.111,.424,.274,-.133,-.134,.427,.165,.327,.19,.834,.528,.213,.192,.316,.171,.263,.149,.294,.173,.266,.154,0
2026,2,28,35,m,-.15,-.214,.00733,-.0623,-.104,-.13,.13,.0225,.3,.191,-.133,-.199,.562,.424,.2,.0958,.0311,-.00654,-.0469,-.0867,.193,-.0379,.227,.118,.287,.12,.0458,-.0156,-.0737,-.12,.00895,-.0695,.115,.0263,.142,.0487,0
2026,2,28,36,m,.0722,.00809,.147,.089,.585,.454,.345,.222,.505,.346,.175,.0764,.928,.646,.372,.276,.596,.415,.395,.325,.382,.258,.371,.264,.424,.246,.723,.622,.139,.106,.292,.206,.42,.295,.402,.288,0
2026,2,28,37,m,-.0821,-.168,.286,.209,.0326,.0651,.22,.193,.454,.338,.265,.24,.833,.703,.139,.0205,.762,.419,.84,.667,.313,.372,.122,.0669,.283,.246,.171,.334,.0823,.235,.291,.255,.425,.379,.314,.231,0
2026,2,28,38,m,.447,.364,.127,.0386,.526,.335,.326,.188,.731,.601,-.0586,-.137,.966,.793,.296,.165,.137,.03,-.0522,-.102,.362,.133,.419,.302,.487,.282,1.46,1.02,-.046,-.117,.149,.0375,.503,.367,.421,.286,0
2026,2,28,39,m,-.141,-.178,.124,.0545,.199,.12,.241,.113,.265,.166,-.00639,-.0913,.591,.425,.236,.112,.204,.05,.168,.0249,.291,.0674,.235,.13,.562,.347,.147,.142,-.0478,-.0732,.14,.0402,.125,.0379,.168,.0677,0
2026,2,28,40,m,.121,.0535,.265,.233,.333,.221,.412,.283,.837,.663,.17,.076,1.43,1.14,.183,.0728,.607,.483,.281,.174,.691,.456,.316,.186,.746,.522,.371,.324,.393,.2,.399,.296,.513,.381,.353,.231,0
2026,2,28,41,m,-.0636,-.207,.0484,-.0608,.00943,-.0402,.127,-.000532,.283,.113,-.0737,-.178,.514,.335,.182,.0786,.227,.0894,.054,-.053,.21,.0196,.158,.0473,.287,.107,.11,.107,-.0623,-.138,.0609,-.0469,.165,.0000738,.173,.0292,0
2026,2,28,42,m,.0723,-.0504,.0173,-.0565,-.00256,.0126,.352,.199,.581,.374,.0475,-.0865,1.04,.744,.43,.242,.73,.437,-.468,-.564,.238,.125,.396,.224,.569,.358,.636,.544,-.0905,-.182,.0946,.00542,.275,.0913,.331,.145,0
2026,2,28,43,m,.0161,.0139,.0599,.035,.201,.234,.292,.188,.499,.404,.0607,-.0507,.82,.632,.222,.117,.493,.354,.267,.0963,.38,.229,.296,.208,.513,.317,.416,.373,.167,.0726,.209,.141,.34,.237,.289,.186,0
2026,2,28,44,m,-.0829,-.135,.34,.26,.554,.389,.284,.214,.698,.553,-.176,-.246,1.94,1.58,.114,.0704,.306,.262,-.175,-.173,.58,.407,.229,.203,.536,.431,.859,.463,.938,.954,.472,.385,.299,.194,.212,.136,0
2026,2,28,45,m,-.0971,-.0765,.282,.358,.246,.477,.381,.338,.609,.604,.31,.239,1.05,1.01,.238,.144,.66,.504,.589,.355,.762,.524,.326,.255,.401,.357,.351,.486,.43,.686,.433,.473,.458,.42,.366,.3,0
2026,2,28,46,m,.637,.476,.391,.379,.56,.841,.669,.491,.904,.72,.68,.412,1.07,.872,.658,.439,.934,.652,1.02,.467,.735,.479,.488,.28,.713,.5,.841,.572,.949,.71,.636,.531,.946,.649,.834,.569,0
2026,2,28,47,m,.125,.0175,.123,.0519,.139,.0573,.164,.0563,.498,.323,-.114,-.163,.696,.479,.133,.0486,.0879,.0284,-.159,-.132,.103,-.1,.227,.125,.264,.0875,.141,.0848,.0608,.0018,.107,.0133,.191,.113,.171,.0902,0
2026,2,28,48,m,1.46,1.4,.198,.167,-.0552,-.107,.729,.631,1.67,1.49,.45,.369,1.74,1.52,.83,.737,.302,.277,.618,.624,.86,.631,.913,.807,1.27,1.12,2.42,2.8,.0719,-.0341,.238,.167,1.33,1.21,1.11,.995,0
2026,2,28,49,m,.0521,.046,.0742,.0355,-.114,.236,.201,.107,.51,.418,-.089,-.144,.797,.633,.247,.152,.498,.412,-.268,-.245,.103,.0189,.306,.196,.361,.152,.291,.178,.138,.0447,.131,.11,.174,.115,.199,.128,0
2026,2,28,50,m,.133,.113,.161,.0985,.33,.308,.386,.253,.631,.5,.0924,.0179,.949,.722,.317,.224,.79,.548,.0958,.11,.348,.133,.343,.224,.287,.105,.402,.304,-.352,-.352,.145,.0705,.371,.266,.352,.251,0
2026,2,28,51,m,-.0691,-.111,.149,.0553,.778,.524,.295,.14,.486,.349,.0588,-.0631,.913,.674,.365,.213,.274,.145,.209,.067,.531,.227,.353,.209,.462,.296,.237,.52,.228,.0672,.296,.141,.279,.163,.313,.183,0
2026,2,28,52,m,-.0296,-.0833,-.0583,-.0856,.254,.173,.155,.0799,.573,.443,-.172,-.179,.888,.707,.203,.112,.346,.259,-.555,-.535,.189,.0285,.235,.138,.42,.312,.273,.156,.467,.274,.165,.076,.0947,.0634,.137,.083,0
2026,2,28,53,m,-.151,-.21,.21,.216,.00312,.11,.395,.321,.594,.502,.0849,.034,1.06,.959,.0319,-.0374,.214,.143,-.194,-.31,.845,.64,.215,.145,1.05,.87,.177,.263,.156,.162,.273,.252,.262,.209,.152,.0896,0
2026,3,31,1,m,-.0954,-.0224,-.118,-.0418,-.0906,-.0318,.0275,.0406,.183,.234,-.119,-.114,.424,.442,.123,.136,.201,.139,.000522,.161,.0419,-.0313,.101,.138,.122,.0875,.292,.239,-.188,-.11,-.0735,-.0311,.0883,.112,.0992,.119,0
2026,3,31,2,m,.343,.576,.0148,.148,.354,.309,.348,.373,.487,.659,.0727,.0819,.688,.757,.617,.539,.843,.672,.0991,.211,.321,.273,.469,.495,.411,.376,.858,.935,.201,.265,.189,.254,.386,.489,.478,.51,0
2026,3,31,3,m,.155,.34,.191,.316,.68,.737,.48,.481,.624,.755,.2,.238,1.05,1.08,.482,.362,.842,.77,.366,.5,.377,.425,.443,.442,.61,.575,1.04,1.21,.338,.286,.361,.414,.563,.67,.531,.531,0
2026,3,31,4,m,.0912,.19,.25,.353,.374,.439,.346,.291,.53,.581,.0905,.0918,.93,.902,.283,.221,.387,.221,.307,.589,.418,.331,.376,.389,.609,.319,.497,.421,.2,.27,.298,.32,.376,.396,.338,.325,0
2026,3,31,5,m,.168,.323,.148,.254,.236,.402,.278,.263,.567,.615,.0202,.0216,.806,.765,.183,.137,.382,.213,-.0322,.129,.364,.25,.335,.331,.437,.358,.554,.494,.104,.234,.221,.257,.329,.342,.278,.268,0
2026,3,31,6,m,.0735,.132,-.0155,.0337,.0719,.0811,.122,.0963,.251,.27,-.0839,-.0797,.362,.349,.219,.168,.161,.0555,-.00973,.152,.169,.0401,.182,.174,.277,.179,.246,.219,-.0417,.0136,.037,.0395,.134,.149,.16,.155,0
2026,3,31,7,m,-.147,-.0395,.00327,.148,.164,.22,.313,.283,.337,.403,.0755,.081,.805,.78,.273,.242,.343,.229,.0843,.351,.448,.339,.322,.363,.649,.402,.398,.555,.063,.157,.138,.2,.213,.279,.236,.265,0
2026,3,31,8,m,-.0873,.00234,.0846,.132,-.0864,.026,.0961,.0764,.295,.313,-.142,-.108,.56,.501,.153,.12,.139,.0246,-.0878,.128,.199,.0605,.213,.216,.169,.0779,.309,.268,-.11,-.0865,.0489,.0484,.0991,.131,.116,.128,0
2026,3,31,9,m,-.135,-.0522,-.182,-.126,-.0726,-.0677,.079,.0622,.183,.202,-.137,-.123,.446,.389,.328,.301,.402,.257,.0986,.203,.0233,-.0417,.185,.176,.279,.175,.071,.068,-.0934,-.0728,-.0611,-.0512,.0488,.067,.144,.149,0
2026,3,31,10,m,.0621,.163,.167,.293,.2,.219,.284,.26,.573,.649,-.0108,.0364,.953,.984,.206,.142,.252,.14,.0045,.414,.289,.247,.342,.369,.509,.299,.199,.36,.115,.196,.195,.233,.299,.39,.263,.289,0
2026,3,31,11,m,-.822,-.807,.349,.518,.509,.839,.0749,.119,-.4,-.356,.174,.236,2.16,2.13,.237,.131,.387,.267,.463,.709,.392,.362,-.0808,-.063,.351,.156,1.15,1.14,.308,.54,.371,.481,-.207,-.148,-.0818,-.0609,0
2026,3,31,12,m,-.0683,-.0741,.0152,.0395,-.0802,-.0272,.185,.134,.316,.278,-.0724,-.0956,.61,.536,.345,.285,.444,.236,.155,.258,.149,-.0224,.26,.214,.357,.264,.311,.229,.102,.13,.0877,.0671,.198,.15,.247,.195,0
2026,3,31,13,m,.242,.657,.351,.573,2.24,2.93,.551,.65,.772,1.08,-.0333,.0799,1.25,1.38,.793,.645,.882,.895,-.617,-.53,.407,.431,.62,.7,.323,.361,.106,.499,.521,.803,.623,.817,.24,.449,.405,.518,0
2026,3,31,14,m,-.219,.254,.265,.583,1.49,2.15,.417,.645,.131,.608,.002,.115,.51,.907,.36,.406,.528,.54,.297,.671,1.18,1.37,.302,.515,.672,.953,.27,.703,.155,.33,.52,.782,.147,.54,.237,.477,0
2026,3,31,15,m,.181,.405,1.19,1.55,5.24,6.64,.372,.447,.598,.776,.0441,.0837,.855,.975,-.0239,-.0321,1.72,1.57,-.69,-.687,1.53,1.34,.157,.199,.724,.708,.799,1.36,4.99,5.05,2.02,2.2,.308,.383,.135,.159,0
2026,3,31,16,m,.0852,.178,.168,.31,.308,.306,.314,.306,.647,.686,.0827,.111,1.25,1.17,.395,.366,.469,.354,.317,.762,.518,.368,.464,.503,.433,.274,.199,.263,.121,.19,.26,.305,.386,.416,.389,.396,0
2026,3,31,17,m,-.0155,.134,.0258,.103,.471,.549,.24,.207,.309,.396,.00465,.0275,.656,.635,.302,.208,.29,.0905,.11,.477,.27,.189,.279,.278,.49,.324,.0988,.0819,.122,.127,.158,.16,.17,.236,.216,.225,0
2026,3,31,19,m,-.12,.29,.149,.43,.462,1.1,.293,.447,.432,.837,-.0154,.154,.791,1.11,.0456,.0912,.417,.416,.203,.678,.668,.806,.212,.371,.716,.803,.0674,.326,.401,.679,.331,.57,.213,.521,.133,.297,0
2026,3,31,20,m,.138,.478,.36,.613,.848,1.21,.634,.758,.732,.974,.434,.58,1.21,1.28,.327,.314,1.19,.916,1.01,2.19,.899,1.03,.525,.65,.893,.889,.675,.8,.526,.882,.603,.807,.697,1,.534,.677,0
2026,3,31,21,m,-.17,-.12,-.201,-.115,-.291,-.15,.055,.059,.103,.105,-.066,-.134,.453,.366,.475,.407,.245,.25,.391,.214,.0974,.0254,.179,.162,.277,.227,.197,.099,-.0596,-.021,-.107,-.0436,.0659,.000601,.202,.134,0
2026,3,31,22,m,-.0705,.0785,.106,.249,-.09,.366,.137,.14,.437,.525,-.0635,-.0138,.818,.822,.141,.0886,.513,.317,-.103,.241,.258,.129,.179,.228,.35,.0967,.39,.336,-.142,.0849,.0945,.217,.269,.364,.23,.27,0
2026,3,31,23,m,.397,.572,.371,.431,1.1,.891,.798,.661,.496,.545,.056,.104,.576,.527,.641,.455,.553,.356,.0232,.079,.497,.44,.618,.542,1.24,1.12,.628,.988,-.0399,.0666,.356,.378,.335,.401,.443,.422,0
2026,3,31,24,m,.0222,.0861,.0931,.22,-.0831,.0883,.309,.268,.552,.563,.0887,.0656,1.14,1.04,.307,.228,.577,.376,.424,.55,.241,.208,.338,.284,.586,.448,.293,.434,.166,.202,.164,.221,.349,.34,.331,.295,0
2026,3,31,25,m,-.12,.00736,.123,.238,.41,.271,.493,.538,.325,.362,-.034,.255,1.02,.824,.937,.736,1.64,1.14,.507,1.36,1.52,1.34,.511,.475,.928,.741,1.34,1.55,.443,.543,.463,.507,.114,.434,.414,.573,0
2026,3,31,26,m,.363,.634,.166,.413,.5,1.03,.437,.57,.866,1.1,.196,.403,1.11,1.31,.0442,.064,.356,.377,-.0318,.315,.359,.44,.244,.347,1.22,1.3,.0931,.424,.607,.786,.284,.488,.47,.745,.267,.393,0
2026,3,31,27,m,.099,.261,.135,.286,.317,.951,.344,.384,.756,.91,.107,.139,1.37,1.46,.274,.261,.483,.379,.952,1.06,.322,.395,.304,.378,.636,.554,.501,.865,.783,.509,.35,.409,.503,.623,.414,.474,0
2026,3,31,28,m,.153,.251,.00672,.107,.238,.381,.258,.237,.558,.584,.0636,.032,.993,.897,.353,.28,.303,.317,.433,.473,.254,.201,.37,.34,.442,.324,.5,.467,.127,.0708,.126,.169,.311,.323,.328,.306,0
2026,3,31,29,m,.148,.186,-.058,-.00159,.396,.33,.351,.293,.459,.435,.179,.104,.852,.714,.722,.511,1.21,.749,.101,.355,.569,.497,.488,.405,.614,.505,.358,.365,.0288,.0526,.16,.164,.392,.345,.52,.414,0
2026,3,31,30,m,.33,.368,-.0377,.109,.169,.19,.188,.188,.728,.69,.2,.144,1.17,1.01,.197,.169,.639,.428,.181,.663,.473,.381,.31,.296,.319,.193,1.18,1.03,-.358,-.277,.00433,.0816,.503,.47,.379,.348,0
2026,3,31,31,m,.44,.717,-.0129,.185,.0258,.0818,.312,.337,.989,1.2,.106,.129,1.62,1.69,.238,.152,.374,.311,-.154,-.176,.329,.324,.402,.43,.884,.778,1.09,1.84,.174,.137,.11,.211,.561,.685,.398,.394,0
2026,3,31,32,m,-.0412,.0491,.0481,.226,.144,.175,.0519,.0372,.174,.165,-.14,-.123,.281,.213,.143,-.048,-.00954,-.124,-.143,.0421,.328,.106,.147,.0835,.121,.0821,-.155,-.0343,-.179,-.0766,.0511,.0876,-.013,.00627,.041,-.0121,0
2026,3,31,33,m,.107,.29,.103,.263,.0613,.242,.206,.257,.531,.594,-.103,.0126,.773,.735,.133,.157,.417,.373,-.357,-.0484,.197,.151,.257,.323,.392,.346,.332,.416,.144,.311,.175,.269,.118,.251,.125,.215,0
2026,3,31,34,m,.0729,.0629,.22,.236,.214,.278,.425,.361,.579,.547,.039,.0782,.852,.803,.196,.185,.596,.337,-.0972,.212,.373,.275,.418,.371,.948,.692,.238,.217,.403,.374,.318,.281,.308,.343,.273,.293,0
2026,3,31,35,m,-.0672,-.0453,.0169,.0505,-.122,-.12,.177,.133,.42,.398,-.0729,-.0847,.72,.653,.167,.11,.0564,.0288,.0855,.284,.208,.0413,.293,.255,.405,.256,.0109,-.00212,-.0386,-.0261,.0233,.0123,.224,.204,.206,.173,0
2026,3,31,36,m,.152,.281,.109,.221,.444,.359,.386,.35,.533,.571,.174,.168,.928,.829,.436,.318,.674,.528,.457,.751,.436,.349,.432,.413,.532,.396,.741,.684,.165,.254,.28,.309,.445,.481,.44,.419,0
2026,3,31,37,m,-.105,-.0465,.266,.356,-.194,.0139,.26,.303,.412,.475,.315,.382,.797,.852,.202,.0743,.859,.518,1.26,1.34,.549,.67,.172,.185,.416,.361,.186,.35,.13,.351,.309,.395,.45,.539,.362,.348,0
2026,3,31,38,m,.492,.628,.159,.208,.407,.4,.339,.303,.808,.887,-.0389,-.0714,1.08,1.09,.227,.189,.296,.16,-.0402,-.0174,.324,.197,.439,.442,.484,.394,1.4,1.24,.0684,.154,.194,.203,.574,.573,.437,.419,0
2026,3,31,39,m,-.0832,.0531,.186,.284,.193,.23,.36,.304,.357,.42,.131,.104,.745,.696,.281,.211,.326,.185,.408,.611,.415,.215,.328,.338,.803,.572,.559,.372,.0825,.0675,.228,.212,.279,.293,.278,.26,0
2026,3,31,40,m,.0919,.305,.112,.386,.496,.488,.357,.429,.733,.925,.115,.214,1.3,1.41,.154,.126,.639,.698,.306,.659,.561,.596,.274,.332,.704,.684,.259,.461,.313,.214,.306,.445,.448,.613,.317,.376,0
2026,3,31,41,m,-.0717,-.0779,.0179,.0372,-.114,-.061,.159,.109,.29,.258,-.0522,-.0989,.55,.492,.173,.138,.262,.194,.155,.167,.222,.0796,.195,.163,.381,.245,.203,.0995,-.0308,.0165,.0447,.0472,.198,.128,.189,.132,0
2026,3,31,42,m,.0397,.188,-.00116,.0792,.105,.117,.37,.316,.533,.595,.0461,.0535,1.05,.95,.394,.258,.719,.538,-.46,-.423,.197,.211,.372,.34,.662,.479,.628,.827,-.0246,-.119,.106,.111,.244,.272,.295,.267,0
2026,3,31,43,m,.0888,.219,.0648,.223,.163,.328,.334,.305,.545,.619,.0599,.0414,.852,.852,.207,.173,.757,.482,.375,.434,.453,.357,.334,.35,.587,.41,.245,.389,.242,.277,.254,.305,.388,.401,.311,.302,0
2026,3,31,44,m,.104,.122,.331,.442,.164,.716,.32,.364,.844,.807,-.0904,-.104,2.04,1.83,.107,.114,.613,.545,-.109,.0648,.521,.565,.206,.353,.532,.573,.652,.934,.929,.964,.45,.566,.434,.431,.281,.283,0
2026,3,31,45,m,-.243,.0519,.253,.467,.132,.523,.359,.435,.429,.82,.139,.334,.885,1.28,.211,.161,.978,.557,.577,.825,.483,.586,.284,.382,.606,.494,.064,.434,.363,.674,.384,.54,.288,.571,.263,.392,0
2026,3,31,46,m,.66,.708,.38,.578,.806,1.06,.743,.598,.985,.955,.778,.654,1.22,1.11,.727,.538,.911,.858,1.15,.925,.57,.482,.653,.421,.826,.531,.84,.86,.776,.875,.589,.688,1.01,.909,.91,.769,0
2026,3,31,47,m,.151,.186,.0965,.148,.0933,.107,.186,.144,.559,.537,-.0534,-.0559,.784,.716,.0472,.00513,.13,.00098,-.0554,.101,.255,.0136,.25,.232,.375,.222,.0897,.139,-.149,-.0423,.0825,.0685,.262,.262,.187,.171,0
2026,3,31,48,m,1.43,1.66,.104,.295,-.243,-.0697,.71,.771,1.73,1.77,.512,.529,1.84,1.81,.863,.884,.572,.404,.676,.855,.69,.673,.926,.983,1.24,1.29,2.3,3.33,-.0126,.0492,.146,.266,1.44,1.47,1.18,1.21,0
2026,3,31,49,m,.152,.284,.07,.161,.171,.506,.287,.246,.626,.626,-.0562,-.0259,.945,.823,.252,.184,.678,.553,-.0047,.249,.0862,.0281,.398,.34,.549,.352,.16,.308,.231,.139,.199,.226,.245,.286,.246,.251,0
2026,3,31,50,m,.16,.282,.14,.199,.223,.286,.422,.362,.696,.721,.122,.0999,1.05,.974,.343,.257,.832,.627,.284,.369,.32,.182,.422,.376,.323,.227,.464,.538,-.305,-.27,.138,.143,.421,.412,.395,.358,0
2026,3,31,51,m,-.0215,.0996,.132,.218,.334,.637,.321,.271,.462,.576,.0988,.0727,.828,.912,.37,.252,.375,.209,.291,.631,.62,.293,.382,.359,.659,.466,.372,.739,.461,.262,.315,.272,.301,.37,.324,.322,0
2026,3,31,52,m,.0152,.107,-.0978,.0637,.0904,.222,.18,.199,.637,.655,-.145,-.0796,.986,.929,.168,.149,.377,.338,-.467,-.347,.148,.0908,.25,.274,.549,.462,.326,.318,.302,.39,.0986,.184,.134,.213,.148,.188,0
2026,3,31,53,m,-.255,-.0809,.149,.366,-.00451,.305,.367,.453,.475,.665,.0123,.179,1.02,1.14,.0324,.0057,.292,.266,-.331,-.0629,.697,.724,.236,.307,.959,.949,.152,.326,.383,.458,.255,.408,.156,.375,.102,.196,0
2026,4,30,1,m,-.13,-.0433,-.117,-.0481,.496,.609,.0244,.0562,.121,.199,-.122,-.139,.336,.396,.0253,.0376,.142,.123,-.0807,.13,-.0386,-.0395,.0326,.0946,.104,.129,.267,.246,-.191,-.144,-.0233,.0256,.0444,.0867,.0384,.0712,0
2026,4,30,2,m,.317,.618,.186,.236,.559,.555,.373,.381,.486,.709,.222,.19,.729,.819,.183,.111,.864,.748,.371,.595,.403,.399,.324,.369,.506,.462,.907,.95,.199,.25,.302,.333,.462,.58,.355,.382,0
2026,4,30,3,m,.191,.418,.279,.307,.84,.713,.52,.497,.665,.827,.305,.342,1.11,1.15,.344,.234,.835,.77,.486,.92,.386,.445,.417,.435,.657,.618,1.16,1.17,.34,.193,.421,.392,.641,.796,.522,.542,0
2026,4,30,4,m,.0576,.143,.287,.271,.456,.372,.338,.286,.525,.56,.0855,.0654,.951,.903,.249,.189,.302,.19,.171,.503,.355,.28,.356,.382,.598,.379,.338,.323,.134,.252,.284,.264,.349,.374,.309,.298,0
2026,4,30,5,m,.157,.289,.161,.196,.316,.373,.244,.255,.493,.551,.024,-.00445,.687,.685,.125,.097,.28,.245,-.102,.079,.279,.252,.27,.301,.37,.395,.56,.429,.0979,.207,.206,.234,.305,.308,.241,.232,0
2026,4,30,6,m,.0454,.116,.00529,.0254,.139,.21,.0989,.095,.208,.234,-.0933,-.118,.311,.3,.131,.0781,.107,.0497,-.111,.0882,.0918,.0472,.112,.134,.222,.219,.193,.129,-.0598,-.0677,.0367,.0362,.105,.112,.113,.102,0
2026,4,30,7,m,-.144,-.0183,.0638,.101,.365,.345,.297,.258,.308,.388,.0406,.0391,.75,.735,.202,.154,.378,.249,-.0983,.273,.327,.278,.247,.307,.658,.43,.346,.512,.107,.186,.182,.19,.183,.263,.191,.222,0
2026,4,30,8,m,-.0905,.00697,.0293,.0817,-.12,-.00165,.0969,.0614,.276,.293,-.141,-.137,.534,.466,.256,.0732,.0928,.00935,-.167,.0977,.0381,.0268,.254,.189,.166,.0882,.34,.27,-.0831,-.0702,.000083,.0219,.086,.114,.134,.101,0
2026,4,30,9,m,-.05,.0377,-.101,-.0532,.0838,.0818,.123,.114,.253,.284,-.0571,-.0677,.499,.464,.163,.118,.419,.296,.108,.43,.0683,.0503,.186,.174,.308,.293,.177,.105,-.128,-.115,-.00628,.00454,.12,.146,.134,.136,0
2026,4,30,10,m,.101,.173,.188,.228,.262,.319,.284,.256,.629,.677,-.00133,-.000376,1.02,1.02,.142,.107,.286,.175,-.127,.347,.234,.219,.321,.371,.457,.308,.295,.304,.166,.218,.215,.223,.329,.388,.255,.273,0
2026,4,30,11,m,-.842,-.825,.353,.401,.708,.813,.0443,.0695,-.451,-.406,.0941,.132,1.99,1.92,.182,.0905,.212,.226,.266,.512,.308,.294,-.136,-.105,.196,.118,.924,.96,.179,.459,.324,.399,-.264,-.214,-.137,-.119,0
2026,4,30,12,m,-.0663,-.04,.0398,.0712,.0198,.108,.143,.124,.264,.259,-.0769,-.12,.521,.479,.105,.0363,.333,.166,-.0932,.131,.041,-.026,.147,.133,.366,.354,.371,.219,-.0155,.0166,.0598,.0621,.157,.128,.14,.097,0
2026,4,30,13,m,.323,.766,.393,.523,2.39,2.55,.614,.635,.895,1.22,-.0958,.0169,1.41,1.54,.628,.556,.991,.898,-.602,-.384,.371,.36,.593,.695,.403,.359,.0778,.359,.479,.561,.642,.716,.226,.515,.346,.529,0
2026,4,30,14,m,-.197,.208,.371,.527,1.71,2.16,.48,.594,.131,.531,.0717,.0953,.474,.804,.432,.348,.437,.496,.183,.952,1.27,1.32,.33,.475,.757,.862,.461,.77,.126,.228,.584,.724,.168,.511,.277,.435,0
2026,4,30,15,m,.2,.451,1.35,1.5,5.17,5.73,.415,.474,.625,.907,-.0353,.0982,.867,1.15,-.0255,-.0758,1.74,1.42,-.761,-.603,1.39,1.3,.189,.232,.867,.892,1.44,1.58,5.04,4.87,2.06,2.07,.147,.433,.0705,.158,0
2026,4,30,16,m,.0855,.135,.184,.209,.201,.229,.285,.276,.578,.602,.0615,.0802,1.07,1.05,.365,.301,.35,.32,.194,.665,.402,.308,.426,.455,.394,.303,.177,.261,-.0121,.0903,.204,.224,.324,.367,.339,.34,0
2026,4,30,17,m,-.112,.1,.0386,.0974,.337,.628,.194,.21,.225,.378,-.0215,.0184,.601,.632,.264,.173,.138,.0561,-.0429,.538,.211,.235,.227,.271,.408,.361,.215,.199,.0199,.00552,.112,.148,.115,.246,.166,.219,0
2026,4,30,19,m,-.0434,.163,.255,.35,.911,1.16,.362,.41,.555,.756,.116,.144,.902,1.05,.077,.0592,.401,.364,.239,.664,.779,.807,.266,.341,.716,.755,.188,.272,.396,.53,.435,.51,.349,.487,.215,.264,0
2026,4,30,20,m,.205,.447,.359,.476,1.01,1.09,.683,.73,.806,.917,.523,.626,1.29,1.21,.38,.285,1.18,.87,.681,2.41,.703,.86,.588,.651,.889,.866,.669,.885,.626,.884,.6,.697,.791,1.02,.612,.672,0
2026,4,30,21,m,-.151,-.117,-.148,-.0654,-.0866,-.0711,.059,.0697,.13,.131,-.0542,-.127,.478,.418,.132,.0747,.287,.297,.136,.196,.0897,.0581,.0965,.0785,.254,.312,.0966,-.0127,-.0811,-.0523,-.0573,-.0118,.0696,.0227,.0901,.0398,0
2026,4,30,22,m,-.0336,.0743,.121,.163,.733,.987,.205,.152,.492,.528,-.0475,-.0323,.883,.831,.14,.102,.474,.357,-.199,.165,.243,.156,.2,.218,.353,.133,.496,.293,-.0372,-.0158,.21,.223,.318,.346,.26,.263,0
2026,4,30,23,m,.117,.425,.308,.368,1.12,.915,.75,.596,.334,.464,.0131,.0381,.532,.491,.504,.357,.516,.313,-.216,.267,.452,.372,.501,.471,1.1,1.03,.474,.484,-.0456,-.029,.325,.315,.227,.336,.324,.344,0
2026,4,30,24,m,.0595,.124,.128,.151,.0155,.167,.298,.279,.594,.586,.129,.123,1.2,1.05,.193,.179,.388,.362,.303,.86,.28,.206,.301,.279,.517,.512,.718,.62,.175,.0926,.182,.177,.405,.424,.32,.324,0
2026,4,30,25,m,-.176,.113,.25,.306,.377,.373,.49,.58,.265,.493,.216,.483,1,.987,.578,.36,1.81,1.35,1.48,2.31,1.29,1.29,.405,.397,.661,.862,1.36,1.18,.31,.392,.491,.524,.324,.672,.411,.528,0
2026,4,30,26,m,.228,.48,.228,.327,1.24,1.4,.446,.53,.771,.962,.109,.366,1.05,1.17,.066,.0188,.536,.4,-.156,.467,.409,.488,.207,.311,1.2,1.23,.186,.218,.477,.505,.391,.451,.325,.689,.211,.343,0
2026,4,30,27,m,-.0399,.221,.265,.349,.183,1.07,.325,.356,.523,.812,.12,.165,1.06,1.31,.258,.226,.799,.433,.662,1.42,.338,.472,.297,.357,.557,.461,.377,.792,.196,.157,.348,.411,.434,.648,.368,.475,0
2026,4,30,28,m,.128,.272,.0586,.0643,.33,.554,.226,.237,.508,.592,.065,.0599,.92,.892,.274,.178,.371,.304,.128,.657,.241,.202,.312,.317,.315,.355,.642,.384,.0464,-.0132,.153,.15,.291,.366,.286,.289,0
2026,4,30,29,m,.0161,.244,-.0484,.00047,.311,.341,.233,.261,.214,.449,.103,.13,.451,.678,.268,.205,1.07,.749,-.129,.554,.338,.424,.211,.301,.491,.517,.821,.41,-.0178,-.0223,.119,.137,.218,.371,.236,.303,0
2026,4,30,30,m,.262,.373,-.0697,.00848,.202,.158,.188,.165,.679,.65,.148,.139,1.2,.923,.208,.0872,.536,.332,.0118,.798,.403,.38,.297,.278,.327,.227,.605,.913,-.359,-.322,-.0156,.0161,.435,.453,.345,.304,0
2026,4,30,31,m,.399,.635,.0586,.145,.0204,-.00757,.296,.314,.942,1.15,.12,.15,1.54,1.66,.145,.104,.323,.294,-.189,.0416,.327,.278,.354,.41,.783,.751,.904,1.74,.298,.0514,.159,.162,.489,.699,.317,.374,0
2026,4,30,32,m,-.0599,.0351,.109,.188,.173,.155,.0277,.0331,.141,.151,-.225,-.132,.238,.198,.235,-.0829,-.0807,-.131,-.34,.0452,.258,.145,.161,.0633,.062,.106,-.153,-.0161,-.18,-.103,.0567,.0716,-.0906,.0117,.00744,-.0203,0
2026,4,30,33,m,.232,.344,.175,.22,.281,.304,.225,.255,.608,.606,-.0921,-.03,.814,.728,.15,.15,.433,.337,-.375,-.0879,.351,.229,.281,.322,.354,.385,.293,.217,.0218,.186,.229,.245,.146,.236,.149,.203,0
2026,4,30,34,m,-.115,-.00888,.136,.199,.122,.368,.3,.314,.398,.456,.0207,-.00984,.709,.702,.0971,.127,.468,.287,-.284,-.00211,.267,.27,.228,.289,.726,.677,.235,.167,.524,.366,.253,.264,.192,.24,.162,.204,0
2026,4,30,35,m,-.118,-.0852,.0439,.0736,-.0168,-.00403,.15,.135,.323,.338,-.0778,-.108,.589,.581,.15,.0925,.115,.0873,-.13,.194,.0512,-.00409,.227,.226,.31,.281,.00609,-.0111,-.0515,-.0731,.03,.0257,.151,.155,.15,.135,0
2026,4,30,36,m,.0813,.254,.163,.248,.515,.505,.37,.349,.478,.562,.187,.15,.899,.837,.32,.205,.57,.519,.353,.825,.361,.358,.374,.37,.461,.405,.598,.585,.208,.276,.295,.338,.411,.473,.377,.371,0
2026,4,30,37,m,-.213,-.0724,.347,.361,.0561,.0561,.191,.279,.352,.482,.147,.352,.808,.883,.191,.0669,.584,.447,.301,1.24,.307,.49,.132,.203,.293,.317,.341,.261,.00663,.129,.283,.323,.263,.542,.245,.347,0
2026,4,30,38,m,.386,.597,.2,.165,.648,.474,.349,.306,.727,.855,-.00455,-.0544,1.04,1.06,.213,.16,.164,.117,-.0244,.0924,.257,.172,.411,.44,.519,.434,1.58,.998,-.00139,.0678,.181,.162,.53,.551,.406,.394,0
2026,4,30,39,m,-.132,.0255,.141,.261,.153,.287,.319,.3,.325,.406,.122,.118,.74,.693,.284,.189,.307,.151,.228,.714,.372,.244,.327,.339,.643,.58,.382,.352,.0187,-.025,.187,.192,.235,.302,.251,.257,0
2026,4,30,40,m,.0162,.224,.237,.32,.442,.391,.335,.411,.653,.896,.136,.315,1.19,1.42,.134,.097,.73,.696,.134,1.17,.446,.574,.227,.316,.594,.654,.359,.458,.263,.0572,.362,.379,.424,.705,.301,.41,0
2026,4,30,41,m,-.0918,-.0568,.0329,.0558,-.0257,.086,.123,.103,.26,.232,-.045,-.115,.533,.433,.0911,.0478,.234,.177,-.0277,.142,.173,.104,.126,.116,.301,.29,.254,.114,-.0387,-.0338,.0516,.0601,.17,.117,.141,.0914,0
2026,4,30,42,m,.0348,.147,.0575,.00837,.073,.0314,.349,.302,.541,.596,-.0125,.132,1.05,.988,.323,.203,.592,.539,-.464,-.199,.185,.174,.35,.338,.54,.503,.616,.785,-.0588,-.282,.122,.0324,.18,.336,.226,.288,0
2026,4,30,43,m,.105,.183,.114,.167,.256,.305,.316,.318,.522,.567,.0776,.064,.786,.791,.187,.117,.516,.443,.441,.448,.419,.381,.304,.325,.538,.499,.426,.373,.193,.24,.248,.271,.376,.403,.296,.279,0
2026,4,30,44,m,-.0905,-.0243,.267,.307,.71,1.08,.27,.323,.644,.704,-.0675,-.154,1.83,1.8,.0565,.0493,.377,.504,.147,.0332,.582,.68,.203,.28,.41,.539,.97,.667,.817,.9,.45,.538,.411,.342,.243,.205,0
2026,4,30,45,m,-.0613,.0721,.255,.384,.257,.5,.366,.409,.603,.715,.269,.399,1.04,1.1,.119,.0953,.479,.52,.616,1.22,.611,.712,.298,.343,.484,.465,.22,.456,.517,.48,.39,.485,.437,.603,.311,.381,0
2026,4,30,46,m,.631,.651,.307,.533,.849,1.07,.706,.594,.911,.905,.759,.708,1.1,1.06,.695,.511,.833,.849,1.15,1.46,.495,.507,.648,.412,.732,.56,.635,.911,.837,.656,.548,.636,.96,.948,.87,.783,0
2026,4,30,47,m,-.0194,.099,.043,.109,.223,.175,.103,.125,.356,.42,-.0941,-.0892,.571,.584,.0121,-.0166,.101,.0345,-.288,.0112,.0497,-.0333,.135,.189,.244,.216,.0151,.0661,-.132,-.0821,.0398,.0479,.123,.193,.0844,.118,0
2026,4,30,48,m,1.48,1.54,.197,.26,-.0741,-.0325,.722,.74,1.71,1.64,.489,.419,1.79,1.67,.819,.792,.367,.4,.551,.705,.659,.584,.929,.953,1.1,1.28,1.68,2.68,.0859,.0347,.221,.238,1.38,1.34,1.13,1.09,0
2026,4,30,49,m,.0908,.244,.059,.101,.244,.344,.212,.244,.506,.57,-.064,.0138,.778,.758,.144,.139,.511,.524,-.233,.33,.015,.0257,.277,.311,.415,.421,.373,.299,.13,.0569,.152,.166,.171,.286,.161,.235,0
2026,4,30,50,m,.127,.288,.17,.197,.496,.666,.422,.398,.636,.673,.117,.145,.988,.894,.515,.219,.659,.59,.207,.55,.219,.18,.434,.368,.224,.287,.573,.585,-.29,-.291,.16,.171,.397,.438,.429,.362,0
2026,4,30,51,m,-.0282,.174,.195,.25,.377,.528,.326,.291,.412,.572,.112,.117,.771,.853,.367,.241,.418,.195,.263,1,.51,.326,.386,.387,.459,.495,.352,.683,.229,.128,.305,.257,.291,.429,.315,.354,0
2026,4,30,52,m,-.0355,.0636,-.0822,-.00284,.0396,.187,.12,.18,.548,.608,-.138,-.0699,.868,.88,.135,.11,.434,.452,-.462,-.271,.0273,.0505,.174,.232,.424,.482,.275,.254,.12,.229,.0646,.139,.136,.225,.137,.179,0
2026,4,30,53,m,-.252,-.162,.136,.273,.218,.342,.346,.435,.474,.612,-.0362,.169,.962,1.11,.0415,.00691,.3,.317,-.398,.0954,.613,.766,.196,.27,.918,.977,.174,.304,.185,.265,.244,.358,.107,.373,.079,.196,0
2026,5,31,1,m,-.101,.0696,-.097,.0313,-.08,-.0565,-.0101,.0265,.129,.273,-.123,-.115,.336,.438,.046,.0715,.0541,.022,-.0839,.116,-.0532,-.0357,.0385,.139,.0445,.00872,.295,.352,-.202,-.121,-.093,-.0187,.0474,.147,.0467,.123,0
2026,5,31,2,m,.505,.962,.26,.358,.54,.485,.392,.423,.616,.98,.194,.254,.778,1,.232,.164,.764,.663,.219,.752,.35,.409,.395,.499,.496,.387,.857,1.22,.248,.288,.332,.383,.524,.798,.418,.53,0
2026,5,31,3,m,.272,.537,.294,.399,.745,.685,.476,.505,.658,.934,.306,.434,.985,1.25,.373,.296,.628,.599,.529,1.43,.272,.462,.41,.513,.567,.483,1.09,1.51,.264,.193,.362,.414,.628,.952,.531,.656,0
2026,5,31,4,m,.0726,.244,.28,.419,.421,.363,.302,.304,.502,.662,.0648,.1,.887,1.01,.261,.249,.23,.105,.19,.528,.247,.322,.348,.444,.503,.307,.432,.584,.171,.335,.258,.33,.344,.462,.31,.374,0
2026,5,31,5,m,.217,.398,.19,.359,.331,.312,.242,.254,.527,.636,.019,.0346,.705,.759,.174,.155,.183,.112,-.0846,.0943,.193,.238,.284,.346,.374,.29,.58,.625,.109,.277,.189,.274,.32,.379,.269,.298,0
2026,5,31,6,m,.0921,.251,.0447,.115,.0773,.0577,.087,.0797,.202,.31,-.086,-.0864,.274,.344,.154,.123,.106,-.00686,-.0391,.159,.0716,.0283,.106,.18,.2,.0909,.311,.385,-.0508,-.0419,.0428,.0484,.117,.184,.128,.166,0
2026,5,31,7,m,-.163,.016,.072,.23,.228,.237,.233,.256,.275,.471,-.0335,.0439,.686,.859,.193,.238,.107,.0974,-.148,.235,.271,.335,.229,.379,.483,.276,.151,.531,.0346,.141,.114,.211,.12,.307,.148,.281,0
2026,5,31,8,m,-.0328,.0716,.0983,.201,-.000382,.0396,.0814,.069,.288,.331,-.148,-.116,.506,.488,.294,.123,-.00188,-.0696,-.103,.112,.0206,.0541,.236,.229,.107,.0213,.302,.456,-.0528,-.0257,.0327,.0721,.0872,.151,.145,.142,0
2026,5,31,9,m,-.0727,.101,-.1,-.0154,-.0458,-.0494,.0843,.0947,.248,.373,-.0727,-.00847,.512,.572,.152,.176,.34,.194,.126,.695,.0607,.0823,.158,.236,.194,.102,.0839,.248,-.115,-.114,-.0264,-.00131,.118,.246,.129,.221,0
2026,5,31,10,m,.0751,.225,.19,.375,.353,.321,.248,.262,.571,.743,-.0322,.0265,.929,1.1,.182,.176,.166,.0403,-.105,.344,.178,.237,.316,.422,.401,.234,.262,.443,.129,.268,.187,.265,.304,.447,.256,.336,0
2026,5,31,11,m,-.851,-.811,.351,.543,.648,.908,.044,.0929,-.495,-.374,.064,.167,1.76,2.04,.186,.137,.229,.141,.29,.628,.232,.334,-.18,-.0624,.184,.0807,.975,1.24,.233,.441,.323,.457,-.315,-.173,-.181,-.0764,0
2026,5,31,12,m,-.0749,.065,.109,.175,-.139,-.0407,.131,.124,.257,.347,-.0659,-.0582,.536,.554,.157,.109,.223,.114,-.00414,.237,.0232,-.00269,.154,.201,.281,.172,.375,.454,-.00711,.0663,.0579,.0961,.158,.219,.157,.182,0
2026,5,31,13,m,.437,.808,.407,.593,2.16,2.32,.586,.656,.926,1.24,-.132,.152,1.33,1.53,.651,.684,.78,.699,-.62,-.112,.363,.427,.607,.809,.378,.285,.337,.673,.652,.657,.621,.729,.145,.637,.287,.653,0
2026,5,31,14,m,-.099,.326,.396,.647,1.72,2.12,.468,.612,.172,.636,.0585,.103,.426,.896,.445,.423,.301,.341,.104,1.12,1.14,1.34,.357,.566,.76,.807,.309,.871,.102,.221,.555,.754,.187,.607,.294,.521,0
2026,5,31,15,m,.294,.593,1.34,1.66,3.57,4.71,.373,.451,.623,.918,-.0357,.129,.816,1.09,-.0602,-.0471,1.49,1.29,-.769,-.555,1.16,1.39,.17,.259,.667,.599,1.8,2,4.94,4.68,1.82,2.04,.199,.529,.0778,.218,0
2026,5,31,16,m,.0544,.237,.188,.347,.215,.352,.254,.308,.494,.703,.0444,.109,.938,1.15,.346,.359,.231,.206,.254,.689,.289,.344,.39,.534,.376,.274,.18,.429,.027,.207,.181,.303,.286,.434,.308,.404,0
2026,5,31,17,m,-.0616,.163,.067,.184,.235,.399,.167,.197,.251,.453,-.0533,.0172,.576,.718,.236,.222,.101,.00275,-.0878,.453,.0634,.173,.216,.327,.362,.245,.185,.313,.0782,.065,.0903,.154,.113,.291,.156,.265,0
2026,5,31,19,m,.0738,.266,.314,.483,.846,1.13,.342,.41,.6,.827,.0792,.121,.882,1.11,.0957,.103,.35,.262,.214,.591,.722,.81,.281,.388,.635,.652,.13,.33,.414,.58,.442,.556,.366,.518,.232,.301,0
2026,5,31,20,m,.278,.545,.386,.659,.9,1.19,.602,.71,.786,.98,.353,.534,1.16,1.25,.346,.336,.681,.688,.276,1.98,.656,.945,.541,.696,.835,.739,.825,1.24,.68,.867,.552,.781,.692,1.02,.54,.697,0
2026,5,31,21,m,-.161,-.04,-.173,-.0103,-.232,-.204,.0356,.0561,.117,.194,-.0226,-.0819,.479,.467,.178,.108,.233,.212,.235,.205,.0154,.0451,.094,.126,.227,.155,.382,.384,-.0972,-.0368,-.103,-.00913,.0935,.092,.12,.0974,0
2026,5,31,22,m,-.0504,.127,.163,.292,.364,.665,.167,.141,.456,.586,-.0776,-.0426,.836,.892,.11,.111,.516,.255,-.174,.18,.107,.187,.153,.239,.31,.0425,.313,.377,.00527,.0933,.184,.266,.274,.391,.222,.295,0
2026,5,31,23,m,.18,.47,.354,.45,1.08,.906,.759,.625,.32,.512,.0576,.0785,.432,.54,.55,.454,.322,.252,-.153,.409,.389,.384,.495,.547,1.09,1.01,.853,1.03,-.0607,.0313,.308,.359,.243,.401,.351,.422,0
2026,5,31,24,m,.00343,.173,.153,.25,-.0651,.0508,.243,.254,.48,.635,.1,.152,1.02,1.1,.187,.284,.435,.32,.201,.964,.147,.191,.239,.337,.404,.301,.598,.754,.151,.0904,.164,.198,.323,.458,.268,.387,0
2026,5,31,25,m,-.096,.27,.259,.395,.16,.214,.449,.596,.348,.652,.26,.486,1.09,1.15,.552,.389,.915,1.1,1.51,2.35,.871,1.38,.355,.474,.681,.711,1.33,1.48,.267,.481,.376,.562,.438,.773,.476,.596,0
2026,5,31,26,m,.424,.645,.254,.491,.899,1.26,.445,.563,.746,1.07,.144,.369,.877,1.26,.103,.0796,.391,.212,-.167,.366,.343,.462,.237,.379,1.19,1.2,.263,.337,.392,.602,.343,.505,.336,.713,.233,.386,0
2026,5,31,27,m,-.0141,.166,.18,.347,.208,.803,.281,.355,.519,.816,.0752,.136,.959,1.37,.265,.301,.427,.192,.464,1.2,.24,.463,.24,.414,.583,.439,.308,.734,.0749,.173,.225,.355,.406,.6,.351,.477,0
2026,5,31,28,m,.175,.424,.0713,.168,.301,.331,.2,.245,.511,.734,.00767,.105,.864,1.02,.3,.26,.28,.258,.0379,.986,.23,.244,.306,.409,.292,.238,.646,.712,.00968,-.00338,.134,.175,.262,.492,.277,.398,0
2026,5,31,29,m,-.0143,.292,-.0494,.0519,.274,.288,.172,.251,.209,.539,.00531,.106,.48,.814,.358,.3,.971,.607,-.217,.494,.299,.457,.222,.379,.379,.385,.615,.612,-.107,-.0194,.0728,.149,.198,.429,.254,.376,0
2026,5,31,30,m,.261,.422,-.0262,.125,.0958,.126,.153,.159,.66,.734,.117,.0526,1.13,1.04,.171,.186,.619,.307,.0434,.643,.182,.266,.277,.354,.257,.144,.847,.964,-.318,-.312,-.016,.0454,.464,.435,.343,.334,0
2026,5,31,31,m,.371,.647,.0223,.204,-.0218,-.0783,.283,.336,.95,1.22,-.013,.212,1.59,1.79,.261,.177,.201,.212,-.292,.447,.334,.275,.422,.506,.827,.689,.977,1.81,.0633,-.0133,.103,.169,.359,.819,.318,.469,0
2026,5,31,32,m,.0179,.152,.147,.308,.154,.131,.00726,.0425,.179,.242,-.128,-.115,.256,.279,.378,-.00199,-.0701,-.237,-.274,.101,.208,.142,.233,.132,.13,.0389,-.0638,.0459,-.151,-.11,.0791,.0953,.0149,.0801,.125,.0523,0
2026,5,31,33,m,.274,.471,.146,.368,.128,.185,.201,.252,.584,.692,-.12,.00801,.752,.794,.188,.198,.322,.215,-.378,-.106,.234,.23,.282,.385,.354,.268,.331,.455,.0257,.293,.167,.286,.133,.3,.154,.262,0
2026,5,31,34,m,-.0513,.0426,.173,.284,.124,.276,.317,.321,.449,.525,.000691,-.000974,.735,.78,.155,.187,.372,.243,-.156,.0585,.23,.275,.273,.352,.742,.566,.259,.242,.394,.305,.237,.28,.24,.294,.213,.26,0
2026,5,31,35,m,-.0365,.0422,.0331,.164,-.0976,-.091,.121,.128,.351,.442,-.088,-.0787,.58,.671,.14,.126,-.0223,-.0441,.00758,.325,.0645,.0481,.22,.286,.268,.161,.0402,.151,-.0492,-.0505,.00254,.0474,.174,.249,.163,.209,0
2026,5,31,36,m,.122,.325,.2,.36,.487,.447,.33,.349,.447,.63,.11,.155,.763,.9,.363,.298,.409,.319,.113,.671,.343,.433,.351,.443,.435,.328,.588,.796,.0686,.253,.255,.359,.355,.519,.355,.435,0
2026,5,31,37,m,-.0951,.00205,.332,.453,-.0884,.0204,.226,.291,.414,.55,.228,.405,.787,.946,.253,.125,.499,.295,.522,1.43,.315,.509,.179,.261,.352,.259,.404,.412,-.0126,.0978,.248,.334,.366,.618,.333,.415,0
2026,5,31,38,m,.342,.766,.166,.283,.497,.334,.296,.314,.685,.995,-.0661,-.0587,1.02,1.18,.252,.225,.0624,.0223,-.023,.0689,.175,.192,.425,.53,.354,.327,1.52,1.29,-.0102,.0761,.134,.188,.514,.644,.412,.476,0
2026,5,31,39,m,-.131,.0784,.198,.363,.339,.505,.291,.308,.266,.45,.0824,.135,.609,.731,.252,.248,.157,.0387,.177,.652,.204,.249,.275,.379,.636,.491,.458,.52,-.00379,.0203,.176,.24,.191,.338,.211,.302,0
2026,5,31,40,m,.149,.38,.239,.426,.479,.4,.336,.448,.77,1.03,.0923,.413,1.29,1.54,.204,.179,.527,.471,.162,1.63,.327,.575,.295,.413,.629,.595,.247,.705,.245,.0729,.318,.404,.431,.873,.341,.536,0
2026,5,31,41,m,-.0778,.0447,.062,.134,-.0914,-.0159,.0962,.0966,.238,.319,-.0719,-.0874,.484,.509,.0829,.0842,.141,.105,.0732,.209,.09,.0908,.107,.175,.246,.144,.132,.292,-.06,-.0168,.032,.0766,.148,.184,.124,.147,0
2026,5,31,42,m,.0373,.176,.0603,.0633,.0639,.0109,.323,.334,.538,.675,-.131,.27,1.01,1.11,.362,.284,.445,.418,-.489,.284,.122,.132,.346,.429,.527,.44,.585,.897,-.116,-.335,.0859,.0227,.0713,.489,.153,.416,0
2026,5,31,43,m,.117,.306,.143,.31,.243,.31,.309,.338,.521,.696,.0575,.102,.783,.924,.206,.181,.461,.31,.34,.407,.311,.393,.305,.388,.547,.42,.329,.564,.234,.296,.241,.321,.362,.489,.296,.356,0
2026,5,31,44,m,-.0726,-.00468,.268,.436,.266,.747,.244,.325,.655,.803,-.00751,-.0767,1.71,2.01,.0746,.0549,.321,.307,.135,.05,.422,.437,.23,.29,.32,.498,1.23,1.37,.888,.985,.383,.523,.523,.457,.312,.269,0
2026,5,31,45,m,-.165,-.0216,.304,.59,.0853,.597,.365,.429,.636,.838,.256,.405,1.15,1.36,.215,.187,.364,.354,.586,1.11,.628,.712,.315,.391,.49,.403,.432,.635,.552,.528,.386,.566,.45,.664,.36,.456,0
2026,5,31,46,m,.673,.807,.363,.648,.76,1.14,.594,.625,.832,1.01,.658,.854,.923,1.14,.662,.583,.885,.71,.734,2.25,.366,.458,.439,.504,.674,.437,.569,.979,.709,.634,.522,.658,.833,1.14,.782,.929,0
2026,5,31,47,m,.0462,.231,.112,.239,.0158,.0382,.116,.126,.425,.535,-.126,-.0847,.65,.691,.0578,.0373,.0558,-.048,-.263,.0107,.0258,-.00912,.164,.251,.221,.0925,.202,.385,-.11,-.0572,.047,.0876,.161,.275,.125,.191,0
2026,5,31,48,m,1.65,1.93,.221,.393,-.153,-.00803,.762,.79,1.83,1.87,.619,.506,1.9,1.85,.924,.874,.634,.391,.809,.865,.683,.676,.984,1.07,1.19,1.21,2.75,3.42,-.0819,-.0425,.207,.299,1.61,1.57,1.3,1.26,0
2026,5,31,49,m,.0916,.287,.031,.206,-.0623,.186,.156,.234,.486,.616,-.0323,.106,.742,.805,.194,.23,.279,.261,-.0288,.689,-.0413,.0749,.251,.374,.338,.292,.48,.512,.0452,-.00865,.0459,.147,.218,.402,.209,.343,0
2026,5,31,50,m,.195,.39,.191,.292,.248,.369,.396,.412,.663,.765,.149,.295,.975,.981,.566,.315,.595,.409,.487,1.18,.195,.226,.406,.445,.247,.198,.592,.877,-.313,-.321,.121,.152,.437,.611,.47,.508,0
2026,5,31,51,m,-.0653,.174,.247,.307,.267,.374,.268,.252,.38,.603,-.0406,.0518,.741,.906,.333,.302,.268,.106,.0175,.737,.274,.245,.324,.408,.45,.384,.237,.595,.37,.162,.28,.245,.179,.404,.232,.363,0
2026,5,31,52,m,-.0489,.0991,-.0823,.0955,.199,.228,.107,.176,.546,.648,-.191,-.0454,.883,.923,.193,.181,.258,.175,-.528,-.182,.0107,.0415,.198,.294,.362,.341,.292,.396,.224,.252,.0595,.138,.064,.268,.111,.233,0
2026,5,31,53,m,-.17,-.0706,.178,.419,.113,.36,.364,.466,.542,.695,.0273,.227,1.01,1.19,.0905,.0648,.21,.14,-.338,.0786,.626,.729,.248,.337,.923,.931,.13,.336,.151,.362,.235,.406,.172,.44,.137,.258,0
2026,6,30,1,m,-.159,-.0067,-.17,-.0189,-.105,-.0791,-.134,-.119,.027,.159,-.209,-.221,.192,.293,-.0328,-.0168,.149,.0275,-.196,.00443,-.0394,-.0523,-.0279,.0417,-.0958,-.165,.121,.12,-.615,-.583,-.199,-.134,-.0583,.0134,-.0508,.00395,0
2026,6,30,2,m,.386,.771,.139,.304,.565,.412,.222,.233,.473,.784,.094,.102,.597,.798,.181,.112,.998,.702,.15,.543,.257,.327,.329,.396,.285,.169,.801,.896,-.104,-.107,.188,.24,.375,.57,.304,.377,0
2026,6,30,3,m,.0967,.345,.223,.36,.741,.624,.299,.284,.491,.716,.202,.255,.847,1.01,.28,.197,.895,.613,.294,.94,.358,.467,.338,.388,.347,.237,1.09,1.16,-.27,-.338,.264,.283,.467,.683,.395,.464,0
2026,6,30,4,m,.0236,.118,.148,.344,.456,.393,.17,.127,.398,.461,.0341,-.00276,.732,.743,.167,.126,.383,.16,.101,.307,.264,.276,.278,.3,.333,.0913,.504,.483,-.392,-.313,.122,.19,.258,.267,.221,.209,0
2026,6,30,5,m,.0749,.211,.0585,.285,.259,.241,.106,.0859,.352,.401,-.0361,-.0704,.516,.499,.0818,.0434,.287,.14,-.133,-.0321,.243,.266,.201,.216,.175,.0488,.369,.37,-.433,-.369,.0645,.148,.186,.168,.149,.123,0
2026,6,30,6,m,.0295,.118,-.048,.0563,.066,.0935,-.0375,-.0674,.0954,.157,-.168,-.186,.136,.179,.0546,.011,.148,-.0328,-.207,-.0115,.0983,.0312,.0507,.074,.0261,-.105,.168,.136,-.523,-.524,-.0774,-.0651,-.0116,.0262,.008,.0215,0
2026,6,30,7,m,-.203,-.0794,-.0308,.153,.449,.289,.113,.105,.164,.293,-.0748,-.0436,.499,.612,.0486,.101,.416,.158,-.29,.0839,.297,.268,.153,.245,.333,.131,.283,.396,-.395,-.342,.0381,.091,.024,.136,.0338,.123,0
2026,6,30,8,m,-.0893,-.0291,-.00776,.149,.0138,.0273,-.0358,-.0761,.177,.18,-.205,-.199,.355,.307,.19,.0238,.0792,-.0125,-.194,-.047,.00808,.0273,.178,.116,-.0269,-.152,.118,.176,-.535,-.55,-.0848,-.0478,-.0139,.00819,.0445,.0132,0
2026,6,30,9,m,-.0948,.0178,-.133,-.0417,.034,-.0545,-.0194,-.0429,.177,.236,-.173,-.131,.399,.396,.0133,.0905,.516,.238,-.0697,.311,.0726,.0295,.0816,.141,.0739,-.0519,.0706,.181,-.552,-.564,-.108,-.112,.0156,.081,.0149,.0844,0
2026,6,30,10,m,.049,.124,.0789,.304,.222,.213,.128,.103,.45,.511,-.0724,-.054,.74,.779,.103,.0814,.265,.0604,-.165,.23,.212,.235,.233,.285,.277,.0471,.18,.298,-.363,-.299,.0654,.138,.195,.264,.158,.189,0
2026,6,30,11,m,-.853,-.84,.224,.437,.707,.731,.0188,.0106,-.494,-.454,.0767,.103,1.61,1.68,.136,.0724,.429,.173,.239,.547,.209,.283,-.172,-.144,.0889,-.0273,.894,1.03,-.00308,.146,.256,.35,-.305,-.26,-.177,-.156,0
2026,6,30,12,m,-.159,-.0602,-.0146,.13,.0651,-.024,.0077,-.0256,.142,.202,-.169,-.176,.389,.395,.0622,-.00701,.377,.132,-.149,.106,.0633,.0173,.0804,.0912,.156,-.0138,.0666,.13,-.557,-.531,-.0677,-.0369,.0264,.0598,.0371,.0374,0
2026,6,30,13,m,.511,.776,.269,.459,1.9,2.17,.346,.36,.767,1.05,-.141,.0412,.948,1.25,.483,.544,.968,.606,-.641,-.325,.38,.338,.504,.651,.145,.0303,.275,.615,-.188,-.213,.45,.508,.138,.48,.243,.502,0
2026,6,30,14,m,-.217,.104,.204,.577,1.33,1.85,.329,.423,.073,.426,.0107,.0221,.348,.696,.392,.348,.4,.408,.0764,.943,1.12,1.21,.295,.441,.547,.487,.3,.63,-.256,-.203,.367,.594,.0803,.393,.21,.372,0
2026,6,30,15,m,.205,.371,1.26,1.59,5.56,5.8,.244,.282,.61,.763,-.0599,.0475,.846,.973,-.0564,-.0721,1.97,1.28,-.755,-.627,1.21,1.43,.18,.203,.506,.41,1.12,2.06,1.91,1.86,1.71,1.82,.145,.367,.0492,.13,0
2026,6,30,16,m,-.0751,.049,.0618,.261,.221,.243,.153,.166,.441,.568,-.00767,.00886,.975,1.06,.278,.259,.373,.239,.14,.533,.276,.283,.326,.41,.229,.0687,.185,.388,-.4,-.306,.0629,.165,.22,.293,.242,.28,0
2026,6,30,17,m,-.104,.0147,-.0316,.113,.377,.322,.0705,.0463,.176,.271,-.0974,-.0925,.458,.504,.137,.107,.202,.038,-.0493,.273,.14,.186,.169,.195,.22,.0508,.0549,.145,-.469,-.492,.00365,.0399,.0443,.113,.0779,.111,0
2026,6,30,19,m,.00227,.13,.206,.42,.677,.99,.254,.27,.537,.636,.0581,.0501,.838,.891,.0683,.0483,.509,.342,.16,.401,.888,.804,.253,.289,.433,.382,.282,.397,-.136,-.0749,.351,.45,.301,.345,.183,.19,0
2026,6,30,20,m,.216,.294,.316,.635,.782,1.03,.524,.545,.806,.771,.319,.407,1.24,1.07,.283,.244,1.26,.733,.348,1.67,.773,.966,.555,.594,.715,.526,.76,.933,-.0143,.0077,.493,.651,.646,.749,.48,.51,0
2026,6,30,21,m,-.182,-.117,-.238,-.064,-.064,-.227,-.0825,-.0967,.0195,.0414,-.129,-.192,.275,.225,.0455,-.0181,.29,.178,.0249,.16,.113,.0596,.0178,.00743,.0803,-.0294,.00201,-.00993,-.556,-.527,-.213,-.151,-.0437,-.0628,-.0151,-.0481,0
2026,6,30,22,m,-.0948,.0538,.0209,.261,.165,.547,.0237,-.00812,.354,.41,-.121,-.123,.703,.647,.02,.0438,.63,.291,-.242,.138,.212,.225,.101,.144,.138,-.147,.215,.207,-.585,-.508,.00203,.137,.163,.219,.115,.159,0
2026,6,30,23,m,.162,.298,.297,.356,.941,.624,.683,.447,.325,.349,-.0297,-.0582,.458,.383,.598,.342,.495,.255,-.343,.131,.331,.355,.511,.399,1.15,.788,.535,.575,-.379,-.346,.204,.209,.137,.193,.294,.252,0
2026,6,30,24,m,-.0498,.0505,.0503,.199,-.0551,-.0928,.138,.0749,.387,.468,.0326,.0297,.864,.886,.0537,.155,.458,.246,.113,.636,.178,.14,.229,.215,.318,.0796,.325,.48,-.506,-.526,.00384,.0243,.22,.273,.151,.225,0
2026,6,30,25,m,-.211,.0909,.094,.235,.118,.0599,.329,.316,.188,.462,.364,.321,.828,.944,.388,.275,1.64,1.09,1.59,2.03,.949,1.15,.311,.347,.525,.322,1.17,1.13,-.199,-.145,.216,.296,.365,.526,.372,.411,0
2026,6,30,26,m,.227,.407,.142,.382,.696,.996,.345,.418,.596,.82,.0814,.277,.759,.999,.062,.0314,.424,.206,-.253,.235,.26,.426,.18,.275,1.07,.976,.0831,.193,.189,.209,.239,.387,.227,.543,.154,.279,0
2026,6,30,27,m,-.162,-.022,.198,.449,.454,.927,.298,.287,.389,.584,.261,.229,.876,1.1,.195,.185,.842,.223,1.04,1.58,.314,.498,.339,.409,.511,.275,.321,.766,-.211,-.303,.295,.346,.517,.555,.387,.403,0
2026,6,30,28,m,.0375,.22,.00334,.127,.271,.221,.0856,.0856,.324,.488,-.059,.0142,.62,.739,.194,.135,.426,.249,-.0913,.522,.255,.254,.21,.261,.132,.022,.57,.643,-.502,-.535,.0287,.0461,.118,.282,.147,.222,0
2026,6,30,29,m,-.0245,.182,-.116,.0152,.229,.159,.0533,.0687,.157,.369,-.0277,-.015,.374,.578,.231,.161,.914,.567,-.262,.185,.365,.411,.177,.242,.191,.121,.358,.258,-.498,-.476,-.0583,-.00305,.12,.237,.161,.205,0
2026,6,30,30,m,-.064,.102,-.167,.0164,-.000188,.0463,-.0249,-.0384,.326,.383,.0106,-.0624,.837,.658,.124,.0836,.846,.336,-.137,.341,.226,.202,.172,.182,.0324,-.112,.673,.736,-.734,-.721,-.188,-.122,.185,.174,.16,.137,0
2026,6,30,31,m,.266,.482,-.0388,.129,.0908,-.0839,.266,.242,.86,1.04,-.0094,.0888,1.53,1.59,.174,.0956,.509,.227,-.331,.115,.352,.257,.343,.387,.827,.598,1.18,1.54,.103,-.154,.11,.113,.342,.61,.263,.329,0
2026,6,30,32,m,-.122,.00297,.0377,.247,.215,.0589,-.0992,-.0777,.0914,.0961,-.147,-.175,.203,.134,.327,-.066,.0739,-.187,-.277,.00878,.329,.139,.171,.0424,-.00702,-.145,-.116,-.123,-.613,-.572,-.00954,.000248,-.0458,-.0507,.0672,-.0559,0
2026,6,30,33,m,.25,.401,.0773,.381,.128,.168,.104,.14,.48,.524,-.15,-.037,.606,.582,.114,.135,.512,.363,-.474,-.158,.335,.277,.234,.297,.199,.077,.365,.386,-.419,-.273,.0951,.228,.0474,.175,.0728,.16,0
2026,6,30,34,m,-.13,-.113,.0243,.228,.187,.314,.211,.191,.349,.355,-.0511,-.0891,.61,.602,.0531,.0935,.572,.305,-.246,-.052,.227,.234,.191,.225,.529,.347,.0266,.089,-.155,-.207,.11,.18,.143,.143,.114,.127,0
2026,6,30,35,m,-.159,-.106,-.0253,.107,-.0577,-.0878,.00419,-.0216,.223,.268,-.179,-.171,.453,.483,.0442,.0197,.149,.0305,-.232,.124,.092,.0405,.148,.173,.113,-.0371,-.158,-.0399,-.56,-.57,-.0872,-.0655,.0273,.0765,.0321,.0582,0
2026,6,30,36,m,.0903,.17,.0734,.27,.373,.305,.207,.156,.378,.392,.0665,.032,.664,.589,.263,.167,.554,.412,.136,.373,.375,.318,.282,.275,.288,.0893,.313,.609,-.34,-.296,.149,.217,.261,.29,.26,.243,0
2026,6,30,37,m,-.261,-.177,.138,.329,-.0394,.11,.0902,.113,.246,.325,.121,.172,.637,.689,.157,.0433,.699,.351,.323,.879,.209,.452,.098,.166,.117,.00846,.679,.391,-.302,-.237,.122,.234,.242,.341,.214,.219,0
2026,6,30,38,m,.322,.613,.0697,.253,.524,.372,.175,.147,.657,.821,-.0684,-.131,.978,.988,.23,.173,.193,.0922,-.00863,.0586,.214,.156,.404,.418,.165,.0784,1.3,.808,-.377,-.334,.0268,.0809,.465,.485,.372,.36,0
2026,6,30,39,m,-.125,-.0168,.0896,.316,.415,.361,.203,.16,.226,.285,.0509,.0119,.525,.512,.14,.14,.373,.0896,.2,.447,.273,.254,.232,.262,.497,.265,.485,.369,-.464,-.464,.0985,.136,.149,.169,.145,.157,0
2026,6,30,40,m,-.00861,.135,.11,.374,.44,.468,.233,.305,.61,.759,.038,.231,1.13,1.25,.0936,.0722,.728,.542,.0516,1.01,.406,.567,.208,.292,.483,.399,.404,.609,-.3,-.375,.213,.33,.332,.574,.229,.33,0
2026,6,30,41,m,-.149,-.068,-.0204,.0948,.00221,-.0241,-.00331,-.0387,.109,.172,-.128,-.184,.301,.338,.00585,-.0245,.267,.127,-.104,.0651,.115,.0861,.0337,.0618,.132,-.0175,.04,.034,-.498,-.493,-.0726,-.0433,.0371,.0312,.0252,.0106,0
2026,6,30,42,m,-.0358,.0318,-.0215,.0125,.0898,-.0682,.2,.155,.434,.476,-.153,.0878,.874,.864,.246,.178,.642,.437,-.572,-.138,.17,.142,.262,.296,.299,.15,.487,.811,-.586,-.697,-.00405,-.0797,.0184,.257,.0879,.229,0
2026,6,30,43,m,.0831,.205,.0576,.3,.305,.287,.207,.183,.464,.54,.0321,.00223,.715,.736,.204,.138,.604,.399,.252,.273,.49,.441,.32,.315,.341,.181,.592,.445,-.244,-.251,.164,.231,.305,.331,.262,.247,0
2026,6,30,44,m,-.203,-.202,.245,.41,.0105,.319,.168,.196,.54,.543,.0109,-.122,1.65,1.66,.0275,-.0245,.35,.339,.391,.199,.366,.559,.17,.206,.335,.339,1.27,1.17,.209,.284,.25,.401,.499,.331,.273,.165,0
2026,6,30,45,m,-.225,-.107,.133,.455,.0985,.594,.22,.253,.549,.634,.217,.291,1.08,1.08,.11,.101,.696,.397,.434,.76,.312,.45,.286,.318,.245,.143,.408,.546,-.0862,-.0523,.193,.369,.362,.469,.259,.308,0
2026,6,30,46,m,.605,.549,.215,.604,.271,.901,.475,.454,.85,.789,.68,.636,1,.939,.631,.506,1.16,.74,.869,1.78,.338,.419,.413,.39,.431,.229,.583,.753,.175,-.00258,.348,.505,.818,.847,.754,.718,0
2026,6,30,47,m,-.00877,.0768,-.00515,.2,.0147,-.00097,-.0113,-.0194,.3,.349,-.18,-.171,.472,.488,-.0408,-.0542,.102,-.0539,-.348,-.121,.144,.0679,.0842,.148,.0842,-.0768,.075,.15,-.515,-.501,-.0458,.00841,.0724,.11,.0327,.0516,0
2026,6,30,48,m,1.28,1.61,.0782,.29,-.16,-.051,.55,.544,1.59,1.64,.538,.36,1.71,1.65,.753,.711,.546,.431,.729,.778,.585,.533,.846,.885,.83,.759,2.25,2.89,-.453,-.464,.0538,.144,1.31,1.3,1.06,1.03,0
2026,6,30,49,m,.0104,.138,-.000736,.167,.0001,.124,.057,.066,.356,.414,-.0881,-.0221,.578,.573,.0459,.0707,.467,.333,-.208,.253,-.0284,.0636,.185,.251,.135,.00928,.306,.368,-.413,-.471,-.015,.0413,.107,.204,.0858,.158,0
2026,6,30,50,m,.0435,.187,.0714,.202,.269,.344,.264,.237,.489,.563,.138,.189,.78,.779,.398,.191,.785,.524,.322,.891,.165,.235,.307,.33,.0727,-.042,.631,.771,-.657,-.661,.00915,.0481,.363,.428,.372,.346,0
2026,6,30,51,m,-.0632,.0562,.129,.261,.345,.364,.204,.11,.297,.392,-.00572,-.0696,.573,.629,.258,.208,.368,.0456,.0498,.399,.407,.288,.286,.292,.358,.174,.432,.758,-.225,-.392,.187,.13,.168,.201,.202,.203,0
2026,6,30,52,m,-.145,-.0202,-.13,.0942,.165,.148,.0112,.0719,.402,.487,-.183,-.0874,.71,.74,.119,.139,.391,.301,-.558,-.269,-.043,.0942,.121,.221,.18,.133,.283,.363,-.428,-.379,-.0632,.0547,.00713,.148,.0499,.144,0
2026,6,30,53,m,-.251,-.196,.0676,.321,-.0976,.204,.201,.272,.419,.506,-.111,.066,.857,.956,.0136,-.00766,.194,.0915,-.461,-.128,.49,.62,.163,.219,.626,.567,.0827,.295,-.27,-.115,.088,.268,.0518,.239,.0348,.12,0
2026,7,31,1,m,-.173,-.0875,-.165,-.0173,-.198,-.137,-.186,-.157,.00215,.0923,-.275,-.262,.147,.238,-.0381,-.0135,.0507,-.00241,-.259,-.0491,-.127,-.0598,-.046,.0157,-.188,-.207,.105,.0727,-.679,-.662,-.235,-.16,-.117,-.0499,-.0931,-.0385,1
2026,7,31,2,m,.383,.534,.197,.304,.403,.36,.177,.169,.459,.576,.0595,.0751,.559,.627,.187,.123,.77,.563,.193,.473,.23,.308,.302,.314,.197,.115,.78,.67,-.155,-.166,.173,.204,.34,.422,.281,.296,1
2026,7,31,3,m,.118,.24,.199,.357,.501,.547,.191,.208,.485,.613,.163,.222,.787,.905,.232,.185,.528,.498,.386,.895,.187,.383,.267,.335,.204,.144,.856,.961,-.355,-.408,.163,.234,.427,.585,.348,.404,1
2026,7,31,4,m,.0329,.119,.181,.352,.203,.227,.111,.103,.361,.415,-.00842,-.0199,.652,.658,.172,.164,.248,.105,.0519,.248,.205,.306,.24,.294,.206,.0779,.473,.424,-.45,-.425,.0886,.156,.202,.222,.19,.199,1
2026,7,31,5,m,.0713,.191,.0499,.271,.123,.111,.0236,.0242,.327,.36,-.0902,-.121,.477,.446,.0535,.0422,.166,.0622,-.155,-.116,.153,.241,.138,.156,.0228,-.00854,.418,.337,-.482,-.478,.0175,.0932,.141,.114,.109,.0883,1
2026,7,31,6,m,-.0266,.0524,-.0732,.0382,-.0761,-.0507,-.121,-.118,.0322,.107,-.218,-.225,.0664,.138,.0394,.0185,.0108,-.0493,-.257,-.0775,-.00719,.0215,-.0038,.0489,-.119,-.175,.221,.115,-.627,-.625,-.152,-.112,-.0739,-.0266,-.0404,-.0127,1
2026,7,31,7,m,-.212,-.14,-.0559,.134,.245,.279,.055,.084,.153,.259,-.117,-.0842,.464,.599,.0586,.124,.19,.139,-.178,.0674,.142,.341,.12,.23,.271,.137,.0869,.29,-.486,-.447,-.0423,.0712,.000443,.0943,.0226,.106,1
2026,7,31,8,m,-.176,-.0677,.00717,.15,-.213,-.159,-.085,-.106,.111,.143,-.195,-.203,.315,.27,.176,.0193,.00838,-.0761,-.124,-.0691,-.0622,.0134,.129,.0867,-.0928,-.153,.212,.18,-.607,-.632,-.136,-.0971,-.0316,-.0213,.0286,-.00828,1
2026,7,31,9,m,-.119,-.0727,-.142,-.0608,-.0414,-.0981,-.0692,-.0819,.117,.148,-.18,-.146,.296,.31,.0925,.121,.376,.197,.0271,.292,-.0237,.0658,.073,.111,-.0287,-.122,-.016,.137,-.586,-.601,-.147,-.132,-.0209,.0298,.0181,.062,1
2026,7,31,10,m,.0507,.113,.0986,.327,.141,.207,.0769,.0763,.432,.473,-.107,-.0911,.708,.721,.119,.101,.155,.0359,-.147,.163,.137,.24,.223,.277,.136,.011,.287,.317,-.436,-.413,.0338,.123,.164,.213,.146,.168,1
2026,7,31,11,m,-.878,-.825,.2,.431,.353,.645,-.0389,.00991,-.594,-.442,-.0275,.0739,1.57,1.68,.14,.106,.272,.164,.158,.486,.129,.306,-.274,-.126,-.00379,-.0518,.75,.885,-.0135,.0915,.183,.334,-.434,-.266,-.287,-.15,1
2026,7,31,12,m,-.131,-.0759,-.0456,.102,-.17,-.118,-.0732,-.075,.131,.16,-.2,-.179,.336,.333,.0214,-.0187,.308,.121,-.15,.107,-.0502,.00277,.0397,.0523,-.0366,-.0974,.0954,.188,-.622,-.622,-.13,-.0811,.00333,.0384,.00872,.0192,1
2026,7,31,13,m,.366,.668,.228,.544,1.72,2.13,.242,.312,.728,.935,-.167,-.0257,1.03,1.12,.496,.57,.667,.573,-.63,-.38,.312,.388,.455,.634,.0226,-.00386,.175,.473,-.391,-.347,.342,.531,.0872,.348,.216,.426,1
2026,7,31,14,m,-.144,.0111,.231,.571,1.2,1.76,.281,.372,.12,.322,-.0351,-.0125,.343,.583,.405,.359,.502,.379,.0195,.753,.921,1.2,.317,.402,.375,.401,.422,.594,-.302,-.243,.347,.571,.087,.299,.223,.327,1
2026,7,31,15,m,.182,.326,1.42,1.65,4.07,4.61,.189,.232,.462,.664,-.056,.055,.607,.845,-.0454,-.0602,1.37,1.2,-.783,-.687,1.05,1.43,.136,.182,.469,.367,.926,1.8,1.89,1.5,1.56,1.72,.091,.317,.0278,.113,1
2026,7,31,16,m,.00275,.056,.0715,.243,.085,.164,.101,.136,.343,.419,-.115,-.0427,.664,.764,.274,.287,.296,.178,.135,.467,.123,.284,.295,.376,.138,.0362,.0478,.183,-.388,-.357,.0349,.132,.0883,.182,.159,.224,1
2026,7,31,17,m,-.0928,-.0841,-.0426,.0897,.154,.238,-.00368,.00902,.149,.177,-.164,-.128,.365,.416,.156,.134,.0536,-.0302,-.19,.0863,.0808,.207,.134,.158,.0684,.0232,.0838,.0902,-.534,-.545,-.0559,.00702,-.0152,.0343,.047,.0719,1
2026,7,31,19,m,-.0155,.177,.232,.397,.553,.94,.194,.237,.479,.595,.0232,.0247,.783,.805,.0844,.0666,.408,.305,.157,.333,.807,.842,.221,.268,.269,.331,.142,.222,-.253,-.195,.319,.42,.227,.29,.155,.173,1
2026,7,31,20,m,.195,.355,.289,.577,.481,.744,.422,.498,.677,.766,.202,.402,1.02,1.02,.208,.286,1.19,.732,.25,1.54,.608,.937,.433,.57,.645,.543,.561,.73,-.267,-.264,.396,.56,.465,.724,.348,.517,1
2026,7,31,21,m,-.192,-.163,-.251,-.0621,-.354,-.283,-.147,-.131,-.0067,-.00149,-.216,-.219,.218,.186,.0232,-.00165,.257,.202,-.0343,.0208,-.053,.0411,-.00893,-.00905,-.0354,-.0996,.041,.0366,-.584,-.59,-.26,-.171,-.0993,-.0981,-.0597,-.0664,1
2026,7,31,22,m,-.116,.025,-.0293,.242,-.153,.232,-.054,-.0442,.322,.376,-.162,-.149,.66,.61,.00704,.00333,.436,.231,-.287,.0613,.0402,.196,.0191,.0855,.0439,-.12,.384,.258,-.577,-.559,-.0749,.0799,.128,.188,.0888,.125,1
2026,7,31,23,m,.148,.225,.228,.367,.882,.664,.602,.464,.234,.264,-.108,-.0962,.297,.289,.495,.361,.346,.245,-.345,.032,.299,.407,.432,.387,.871,.874,.649,.781,-.411,-.358,.148,.222,.0679,.133,.22,.222,1
2026,7,31,24,m,-.0592,-.0228,.0432,.185,-.194,-.117,.0558,.0299,.346,.387,-.047,-.0175,.757,.795,.124,.155,.342,.244,.019,.539,.0971,.188,.238,.187,.0744,.0019,.284,.469,-.615,-.635,-.0504,.00194,.133,.195,.129,.179,1
2026,7,31,25,m,-.155,-.018,.135,.253,.0227,.0495,.201,.227,.174,.319,.272,.271,.627,.758,.27,.211,1.28,.899,1.05,1.5,.627,.938,.193,.237,.227,.18,.94,.888,-.276,-.257,.161,.238,.346,.41,.311,.318,1
2026,7,31,26,m,.166,.398,.157,.339,.597,.898,.315,.392,.63,.8,.0941,.264,.868,.975,.0674,.0417,.288,.175,-.216,.181,.26,.466,.176,.272,.927,.93,.248,.347,.135,.0924,.223,.349,.267,.512,.175,.269,1
2026,7,31,27,m,-.13,-.0224,.16,.372,.0839,.586,.0873,.206,.419,.552,.124,.208,.908,1.04,.156,.19,.388,.0771,.906,1.58,.245,.459,.183,.365,.0851,.178,.0818,.636,-.399,-.402,.14,.24,.407,.523,.307,.386,1
2026,7,31,28,m,.031,.127,-.0366,.0596,.185,.166,.00196,.0208,.336,.396,-.0326,.00356,.65,.648,.156,.155,.269,.18,-.0576,.447,.0701,.266,.15,.222,.00662,-.072,.832,.779,-.619,-.636,-.059,-.014,.143,.23,.149,.199,1
2026,7,31,29,m,-.0164,.0984,-.141,-.0151,.117,.0733,.00398,.0293,.166,.29,-.108,-.044,.376,.504,.257,.206,1.03,.538,-.282,.216,.225,.452,.178,.235,.0919,.0586,.285,.295,-.575,-.581,-.0985,-.0481,.0631,.177,.136,.189,1
2026,7,31,30,m,.0832,.0702,-.147,.0354,-.0887,-.0376,-.078,-.0734,.373,.334,-.0481,-.0878,.669,.594,.161,.112,.597,.224,-.171,.227,.0765,.22,.148,.154,-.0791,-.148,.28,.52,-.783,-.782,-.218,-.146,.155,.133,.157,.124,1
2026,7,31,31,m,.311,.401,-.00397,.15,.0106,-.0958,.234,.247,.868,.948,-.0674,.0599,1.45,1.49,.206,.132,.292,.176,-.349,.00494,.367,.353,.332,.391,.671,.61,.575,1.43,.0788,-.171,.112,.136,.3,.534,.256,.314,1
2026,7,31,32,m,-.13,-.0222,-.0283,.213,-.0361,.000998,-.143,-.125,-.0199,.0482,-.272,-.228,.0302,.0767,.186,-.0912,-.125,-.218,-.323,-.0719,.0692,.147,.0427,.00423,-.175,-.194,-.236,-.117,-.714,-.704,-.126,-.0437,-.172,-.109,-.0649,-.103,1
2026,7,31,33,m,.133,.305,.0972,.383,-.0222,.0555,.0421,.0762,.381,.464,-.166,-.101,.516,.537,.106,.143,.387,.286,-.465,-.232,.256,.276,.183,.252,.065,.00309,.379,.239,-.526,-.481,.0549,.169,-.0149,.0976,.0301,.115,1
2026,7,31,34,m,-.0601,-.0356,.0242,.22,.0549,.278,.168,.18,.341,.354,-.104,-.105,.56,.56,.0644,.11,.467,.267,-.264,-.137,.203,.322,.198,.234,.378,.293,-.0567,.127,-.197,-.305,.085,.167,.11,.134,.0959,.126,1
2026,7,31,35,m,-.147,-.145,-.049,.0912,-.175,-.134,-.0571,-.0634,.212,.212,-.217,-.217,.42,.417,.0371,.0182,.0638,-.0152,-.182,.0463,.0398,.0663,.113,.136,.00507,-.0749,-.107,-.0481,-.638,-.662,-.135,-.0963,.0158,.0224,.0224,.0211,1
2026,7,31,36,m,.0936,.134,.0556,.253,.377,.292,.132,.118,.373,.355,-.0307,-.0217,.645,.552,.264,.195,.468,.342,.0000336,.266,.272,.346,.269,.26,.162,.0605,.29,.426,-.5,-.464,.091,.177,.199,.235,.221,.219,1
2026,7,31,37,m,-.249,-.208,.176,.326,-.101,-.062,.0297,.064,.194,.269,.075,.127,.511,.613,.157,.0774,.657,.289,.525,.894,.056,.373,.0464,.131,.0212,-.0166,.301,.318,-.345,-.307,.0932,.18,.206,.289,.19,.202,1
2026,7,31,38,m,.349,.644,.042,.257,.351,.361,.107,.102,.609,.76,-.135,-.171,.86,.854,.226,.19,.0961,.0635,-.0298,.0326,.108,.147,.386,.41,.104,.0273,1.14,.695,-.442,-.427,-.0272,.0532,.369,.414,.312,.324,1
2026,7,31,39,m,-.151,-.105,.0842,.266,.0707,.17,.114,.107,.203,.217,-.014,-.0382,.488,.46,.167,.15,.238,.0545,.202,.303,.138,.205,.2,.221,.29,.242,.365,.252,-.559,-.573,.0161,.0653,.0997,.094,.126,.117,1
2026,7,31,40,m,.00978,.162,.144,.364,.211,.376,.189,.272,.67,.789,-.0207,.137,1.25,1.28,.145,.111,.598,.474,-.0164,.812,.408,.591,.2,.3,.343,.351,.194,.377,-.342,-.474,.201,.298,.324,.527,.247,.325,1
2026,7,31,41,m,-.192,-.128,-.0482,.0712,-.174,-.121,-.0805,-.0801,.0864,.128,-.189,-.211,.294,.305,-.0137,-.0155,.138,.113,-.164,-.00942,.0676,.117,-.00409,.0437,-.0204,-.0892,.0383,.107,-.577,-.58,-.131,-.0793,-.0122,-.00544,-.0129,-.00917,1
2026,7,31,42,m,-.0205,-.0186,-.0341,.00562,-.12,-.0817,.136,.116,.418,.401,-.195,.00382,.811,.767,.257,.207,.516,.394,-.619,-.288,.128,.126,.229,.266,.217,.108,.584,.677,-.681,-.76,-.0676,-.104,-.0168,.158,.0698,.175,1
2026,7,31,43,m,.0675,.22,.0803,.291,.0935,.238,.115,.133,.373,.476,-.00877,-.023,.577,.626,.204,.167,.541,.344,.132,.179,.331,.43,.243,.28,.18,.119,.399,.436,-.35,-.35,.108,.194,.205,.265,.203,.223,1
2026,7,31,44,m,-.0861,-.0963,.256,.339,.0211,.17,.094,.129,.654,.542,-.152,-.192,1.91,1.5,-.0803,-.0375,.000184,.282,.0673,.0699,.441,.577,.131,.193,.164,.249,1.2,.986,-.0159,-.0219,.195,.307,.381,.264,.153,.123,1
2026,7,31,45,m,-.209,-.0506,.264,.495,.0869,.573,.201,.241,.484,.606,.159,.246,.966,1,.183,.134,.695,.484,.518,.789,.53,.692,.235,.325,.204,.111,.155,.403,-.198,-.287,.285,.398,.283,.429,.246,.3,1
2026,7,31,46,m,.638,.512,.31,.586,.251,.824,.358,.448,.842,.746,.492,.605,.956,.893,.628,.533,.852,.67,.712,1.38,.288,.438,.216,.379,.317,.245,.74,.779,.171,-.0132,.357,.484,.813,.807,.747,.703,1
2026,7,31,47,m,.107,.158,-.0171,.205,-.0249,.00575,-.0646,-.0613,.351,.365,-.223,-.222,.484,.47,-.0523,-.0584,.0472,-.118,-.336,-.169,.00789,.0111,.102,.142,-.0379,-.144,.0113,.0656,-.646,-.614,-.107,-.0264,.0572,.0832,.0186,.0329,1
2026,7,31,48,m,1.29,1.54,.0663,.302,-.211,-.0931,.47,.521,1.46,1.58,.346,.289,1.53,1.59,.729,.736,.371,.329,.29,.544,.556,.668,.8,.903,.696,.724,2.76,2.74,-.561,-.57,.0146,.132,1.11,1.21,.943,.995,1
2026,7,31,49,m,.0873,.13,.0234,.162,-.0183,.128,.00952,.0133,.415,.389,-.135,-.069,.62,.539,.0582,.0756,.401,.339,-.168,.226,-.0465,.0262,.187,.228,-.00613,-.0977,.198,.302,-.566,-.626,-.0388,.00302,.1,.154,.0856,.127,1
2026,7,31,50,m,.0177,.151,.0725,.192,.0538,.194,.153,.154,.447,.514,-.0225,.023,.728,.723,.34,.127,.559,.388,.0148,.357,.125,.281,.271,.273,-.0719,-.094,.682,.671,-.729,-.743,-.0488,-.00103,.235,.273,.265,.222,1
2026,7,31,51,m,-.125,.00898,.0994,.234,.0864,.242,.0994,.0672,.312,.4,-.103,-.0937,.665,.676,.237,.223,.345,.16,-.00413,.288,.229,.217,.281,.303,.104,.0514,.254,.461,-.368,-.452,.0954,.106,.102,.186,.153,.201,1
2026,7,31,52,m,-.104,.0334,-.11,.0682,.0706,.157,-.0306,.0227,.379,.44,-.22,-.142,.662,.644,.104,.13,.402,.245,-.554,-.313,-.00321,.0832,.111,.192,.0241,.0327,.42,.393,-.436,-.478,-.0463,.017,-.0207,.0885,.0273,.105,1
2026,7,31,53,m,-.333,-.253,.0217,.272,-.177,.121,.114,.235,.335,.442,-.141,.0218,.791,.887,-.00416,-.00103,.0369,.0746,-.493,-.21,.361,.707,.106,.204,.435,.529,.0756,.178,-.387,-.273,.013,.23,-.03,.149,-.0188,.0763,1
