year,month,day_endofweek,emp,emp_ss40,emp_ss60,emp_ss65,emp_ss70,emp_wage_q1,emp_wage_q2,emp_wage_q3,emp_wage_q4,emp_s,emp_ss40_s,emp_ss60_s,emp_ss65_s,emp_ss70_s,emp_wage_q1_s,emp_wage_q2_s,emp_wage_q3_s,emp_wage_q4_s
2016,1,16,-0.07289281501361711,-0.04980565673980031,-0.15827427795117577,-0.12226753935014234,0.12979873857423185,1.0471477485273901,-0.3519397097972232,-0.24501471002252828,-0.27825172971338774,-0.07542477802049641,-0.049253712403850014,-0.1583428484985563,-0.12752853089674698,0.12452041021873739,0.9864365959670574,-0.34359616926252956,-0.25345128584321974,-0.27857398288229596
2016,1,2,-0.08696145685741252,-0.05795037486870802,-0.1729707097643184,-0.13908829675833734,0.11601954749472099,1.0226189074533276,-0.3570215167947203,-0.2731753955820655,-0.28006723420109503,.,.,.,.,.,.,.,.,.
2016,1,23,-0.07415209595055905,-0.05301454500668756,-0.1571434723882731,-0.12168625624192775,0.12411551395788734,1.036956404969012,-0.3527981409566491,-0.24352532340332667,-0.2766193674029912,-0.07896822066177933,-0.051222349447393234,-0.1610979118159952,-0.1308866518173354,0.11634702228665073,0.9736659002399071,-0.3451065286240731,-0.2588117945473253,-0.27580783778537077
2016,1,30,-0.07242693267649658,-0.052345674966898015,-0.1569102593337992,-0.12011070197127638,0.13134734624315714,1.0352118242075123,-0.3511730630979212,-0.24030623588260225,-0.2741683428125298,-0.0785536446804459,-0.05082105154736105,-0.16133416197805373,-0.13005692094874222,0.12142447896461728,0.9722439003143681,-0.3438017572189178,-0.2577488856521757,-0.2747301256328587
2016,1,9,-0.07640801422634114,-0.05060378586123848,-0.1624165988006866,-0.12652565445051,0.12609384108839983,1.0417190745948264,-0.3541713161237663,-0.25196812277730907,-0.2771699083479151,.,.,.,.,.,.,.,.,.
2016,10,1,-0.028105203794301814,-0.010506021683646782,-0.10380186578159101,-0.08937853238264803,0.1928048757215075,1.0549316473599615,-0.3024148001799971,-0.19778682469305764,-0.2196565055810784,-0.058838662138257725,-0.02977391690199893,-0.1389530215717184,-0.10216692764803648,0.1306548081456076,0.9137246796179064,-0.3125049811214966,-0.2279820500976304,-0.2307313652965317
2016,10,15,-0.02707117811049098,-0.009589008286629896,-0.10225702778248846,-0.08836172308165358,0.18983510496476708,1.0473357189937378,-0.30107946861359236,-0.19433580469609335,-0.2153311047507136,-0.0568556284984616,-0.028947259237845135,-0.1368994296056587,-0.10284847931580698,0.13167588143481224,0.9030161232518581,-0.3109483668113132,-0.222661433015778,-0.22521496644241878
2016,10,22,-0.025740806442752673,-0.007969160163280864,-0.10035041545283263,-0.08550935887549138,0.1865257700825591,1.0460205436645116,-0.2995842970478402,-0.19097177979372093,-0.21531917740631723,-0.05673517081911306,-0.028362442941193944,-0.13604606755661253,-0.10236078034695972,0.13079960639956933,0.9035826899475579,-0.3103423210713645,-0.22193325699424515,-0.22553415493774054
2016,10,29,-0.026597893296723685,-0.008948593576722397,-0.09940333128823431,-0.0847570447272814,0.17962156519111083,1.0375503396283388,-0.2994084613725926,-0.19040531546215145,-0.2137751923457324,-0.05688723340381596,-0.028831099318650244,-0.13587701047490353,-0.10227295459194752,0.12890800728128005,0.9003969436397594,-0.30950463759868063,-0.22185203248734275,-0.2238880602078983
2016,10,8,-0.02768016666197537,-0.009259289820912509,-0.1015533321570663,-0.08897669914290196,0.18966218580768834,1.0504364901639582,-0.3014280932515563,-0.19687539755370909,-0.21687260604284953,-0.05729532911608459,-0.028711672894304097,-0.13663727019742455,-0.10231960334906753,0.13058845088846383,0.9034383685028795,-0.31122909634021334,-0.22473195522442457,-0.22669874322120065
2016,11,12,-0.028127421657746843,-0.006274294423810667,-0.10038633931828223,-0.08323712481374212,0.17108931003472305,1.0021521850349533,-0.2948108923306145,-0.18624324694418393,-0.20752062652227465,-0.05506495930215005,-0.025808738156291144,-0.13278135771160327,-0.1004420730287866,0.13090797094275897,0.8820706880789795,-0.3026667622262853,-0.21781446529021808,-0.22303479237862445
2016,11,19,-0.03013775973449473,-0.007196557799519443,-0.10330490240381629,-0.08435685656457548,0.16583023112075623,0.9907937133443803,-0.29452339912695136,-0.19281926042258168,-0.19903940706459522,-0.054666520263528584,-0.025666993206974187,-0.13130878029184634,-0.10035143837060512,0.1309141974580772,0.876993888322092,-0.30125015640399955,-0.21972750174031552,-0.22003261287963227
2016,11,26,-0.03327776879147082,-0.005329061843561189,-0.1078036322054925,-0.08438522870400478,0.15724956160436365,0.9859828529232779,-0.29347089776099466,-0.2040956804023073,-0.19765349165149837,-0.0541314881281203,-0.024167552002717474,-0.13034657088671475,-0.09881750748296769,0.12830633994275376,0.8768944544734005,-0.29941136909204114,-0.22797049584251683,-0.2228341103998659
2016,11,5,-0.027962893903690778,-0.008288435654578374,-0.09998217107906104,-0.08364115245647441,0.17268201174794173,1.0067596671843537,-0.2950382261063641,-0.18644764560961002,-0.20996480340330725,-0.056250679830752714,-0.02739501303366243,-0.13511916118168055,-0.10067049549968843,0.12867491716445545,0.8848784266498686,-0.30484077515129604,-0.21810441897353738,-0.22366603977614663
2016,12,10,-0.030020228516603353,-0.004667829586063155,-0.1054417339357141,-0.08022267693450658,0.16591227886957727,0.9747608166569885,-0.29846501113843305,-0.18138781468498777,-0.19184516025550957,-0.0537432675395314,-0.025464192900778948,-0.12970318738021447,-0.09958447292678652,0.1306492841438276,0.8769441713977462,-0.29920964168355046,-0.21756608230955,-0.22208457428520267
2016,12,17,-0.03723083258991533,-0.00926397886051411,-0.11238388645337849,-0.0901796797908706,0.15963219498356063,0.9597581214869058,-0.30064956172238855,-0.1928389200935655,-0.19646231745824183,-0.05272828205460123,-0.024778362040029034,-0.12900277767216983,-0.09759569403655499,0.1309110842004182,0.8769441713977462,-0.2988298362165315,-0.21462943282531244,-0.22107563314662837
2016,12,24,-0.05058133313452495,-0.01628530088649527,-0.1258454495220095,-0.10084524379900595,0.13243151579487566,0.927781949043762,-0.3033133598550152,-0.21245494061313108,-0.2069307360619772,-0.05152530347235185,-0.023426067744905188,-0.12827077171492263,-0.09615088859529175,0.13176446039597467,0.8769441713977462,-0.2984842089546005,-0.20846305811350285,-0.22024116711718478
2016,12,3,-0.03060847725843463,-0.004210035424286773,-0.10553834916555194,-0.08188324610186182,0.16353646545205502,0.9752341414503038,-0.29711526056868864,-0.18634776466972858,-0.19118629900247808,-0.050949089786443746,-0.022684583487092902,-0.1282154272602657,-0.09592789660044132,0.13261472333387192,0.8758523271213783,-0.3006786838197677,-0.20386074255855235,-0.22044972135473717
2016,12,31,-0.056691658956901425,-0.027408525012132867,-0.13555018329010782,-0.10086737536826029,0.13231522005636598,0.9026445723659899,-0.30294128215214144,-0.2186628546228241,-0.21012861026258023,-0.049758671291121215,-0.022600527607598564,-0.1268382489633345,-0.09415807368431162,0.13274692186012138,0.8769441713977462,-0.29612778669890727,-0.20846305811350285,-0.21912108088131677
2016,2,13,-0.07004777363125014,-0.049452107663970235,-0.15378561052651651,-0.11798350949885894,0.1376538198597581,1.034608014723939,-0.34719231200942,-0.2392084922031401,-0.27131654191348975,-0.07700304591077156,-0.04880996118882153,-0.160095353558257,-0.1284991458860838,0.12514949880768578,0.9540193540010835,-0.3393370296654896,-0.25201967454688057,-0.2694896010190101
2016,2,20,-0.06743447122605983,-0.05035021909930715,-0.1497802731218557,-0.1142244320252832,0.14071151736816523,1.0382539847075325,-0.34581699086114903,-0.23742076404846968,-0.2657669706950816,-0.07536192123579089,-0.049027205681191566,-0.1571169193786901,-0.1255095139230581,0.12403860592235061,0.9545451477863613,-0.33782821940270213,-0.24871381231960366,-0.2691573057096347
2016,2,27,-0.06557506571628047,-0.04677614389433615,-0.14952490702817656,-0.11133055191910546,0.14643465730882843,1.0416932479610992,-0.34484574608019014,-0.2356302172208976,-0.26336891562685927,-0.07407426810407858,-0.04533934693262853,-0.15650923554469753,-0.1232951564334549,0.12628278972178908,0.9553784409165318,-0.3370028816778142,-0.24695660419329624,-0.26951649872028416
2016,2,6,-0.07076002632220468,-0.050759931638532096,-0.15407634423912275,-0.11829530004828281,0.13439032640060788,1.0339566036932668,-0.3486271386400802,-0.23831720164159997,-0.2727558747597625,-0.07724955585162474,-0.04992729918923511,-0.15982254398505213,-0.1289717604251378,0.12408703538463173,0.9613103262138698,-0.34079273520995,-0.2531841862957136,-0.2721574135033771
2016,3,12,-0.05914729846663325,-0.04092782482937907,-0.1414178530959379,-0.11035643037263898,0.1616805959494143,1.0699895813262659,-0.3380182331813383,-0.23623047128092856,-0.2674675710877453,-0.07271991707768521,-0.04536968397988517,-0.15530385458305485,-0.12472495965892372,0.12973683306887085,0.9625892724994416,-0.33253394033023564,-0.25101896163032256,-0.26753480750116465
2016,3,19,-0.05634734404833808,-0.0403225019098008,-0.13641235854561629,-0.1083820567784668,0.16406980830871465,1.0718961310482347,-0.3349289648813233,-0.23406794292244426,-0.26397358952183647,-0.07226224838067885,-0.04549161193951978,-0.15243020967154408,-0.12393601732629012,0.12696175392141007,0.9617223916926632,-0.33149992728727284,-0.24988585572908895,-0.26612248412362427
2016,3,26,-0.05577457076047154,-0.03898892446842095,-0.13360639014787457,-0.10875993340139134,0.1637391892681217,1.0701268603070262,-0.3334439175032592,-0.23340038133383556,-0.26371016666259417,-0.07243456099479806,-0.04599894415711203,-0.15198734693989002,-0.12465986934441908,0.12540171129881594,0.9551746048055969,-0.33119553355945186,-0.249034740585947,-0.2664739052025884
2016,3,5,-0.06124804097490122,-0.043469983396791645,-0.14275678099759204,-0.1095910697750101,0.15707944382553585,1.0632354859444928,-0.3408530522672574,-0.23648235805610107,-0.26620557298654346,-0.07328799898150085,-0.04630124556459292,-0.1547008436781495,-0.12370830664441845,0.1298093701362455,0.9612687221309557,-0.33419858577490325,-0.25084893923318075,-0.26938400597263834
2016,4,16,-0.044733364412335996,-0.028673611313791425,-0.12213186995028613,-0.10372588501393609,0.1880300047077097,1.1035545171428738,-0.3278761167676505,-0.22598092130597625,-0.25565716011338946,-0.0682281098748635,-0.04131791240709093,-0.14907973807597696,-0.11879458490635486,0.1343803642452992,0.9592023732635857,-0.3310879034339197,-0.24123443169111802,-0.2585939039451095
2016,4,2,-0.05262356907936627,-0.03633348134572201,-0.12924858367286385,-0.10737852280991844,0.17083508729700236,1.0859770150955192,-0.3334877539941318,-0.23266818535233702,-0.26101894217178534,-0.07171695139335632,-0.04485015180519758,-0.1513524941608393,-0.12354304407229366,0.1272866360251499,0.9623482104031196,-0.3316741206687346,-0.24948925400942867,-0.26596044440968414
2016,4,23,-0.04264906821000802,-0.027213502736449624,-0.12036109371142323,-0.1033741412075897,0.19151539760147718,1.1089281356545224,-0.3262726820289408,-0.2243437445551142,-0.254994171459171,-0.06823571857845467,-0.04236291751979959,-0.14799550200915812,-0.11930164758150552,0.13242475315047786,0.9591777803489538,-0.33119918593929787,-0.24280655692808406,-0.25962246394338195
2016,4,30,-0.04031183037195363,-0.025435243828083043,-0.11900687673167454,-0.10171047140737022,0.19769117230781585,1.1124845534095553,-0.3240291563270786,-0.2222806489031015,-0.2534414995442983,-0.0686399615177149,-0.04278697701536471,-0.1487606768627745,-0.11867973352295824,0.1311571884969207,0.9549425518568233,-0.33004381383682324,-0.24381274280485576,-0.26010068520192586
2016,4,9,-0.04935938550718921,-0.03399448494122115,-0.125393065537601,-0.1059605721816288,0.1780565012773283,1.0930978863160061,-0.33166449873769976,-0.22821547652857221,-0.2601084167939829,-0.07033983930250565,-0.0428982465483676,-0.1498604427438217,-0.1205306290681698,0.1297969840176616,0.9571259951427411,-0.33314142839025185,-0.24129031196300244,-0.26125022460138136
2016,5,14,-0.032171508097835866,-0.018537422130649128,-0.11286926461234859,-0.09703128215078194,0.2183804640261502,1.1592592464142437,-0.32170186398970757,-0.22231365366666034,-0.25471559769818586,-0.06741894461596964,-0.04321939252644136,-0.1477075375924709,-0.11682972726308982,0.1328161987083898,0.9605393756835816,-0.3288045744212177,-0.24359138726136897,-0.2541274289810025
2016,5,21,-0.026982767312299316,-0.013350603252039739,-0.10787918421425713,-0.09438742247886867,0.2287045825462377,1.1754300430616382,-0.31682184556513227,-0.22150791705920658,-0.2526392694718175,-0.06719471942439392,-0.0419709231556985,-0.14701301474454886,-0.11540576301888406,0.1317343490698235,0.9623445960834152,-0.32845810962459576,-0.24359808429612284,-0.2534533127884867
2016,5,28,-0.023939421462073285,-0.010431784197765581,-0.1054012918519387,-0.0948832738353893,0.2396487864450232,1.190767695107254,-0.31396637748619083,-0.2250127439436882,-0.25049510220388216,-0.06676362593998997,-0.041961192897713495,-0.1466459167687193,-0.11548462205329346,0.1320880274768299,0.9644565591669043,-0.3292458944772175,-0.24281399022157502,-0.25211974303901796
2016,5,7,-0.03699372686145008,-0.021644263462136326,-0.11810653665880977,-0.09967046766228016,0.21006698543615476,1.1422139761545327,-0.323899549642384,-0.22533189982306623,-0.2569135276827267,-0.06866760617147993,-0.04312757060090422,-0.14945104796538022,-0.11802536110171602,0.1341286780082449,0.9562976092403872,-0.3295813737904312,-0.2446179013469182,-0.2574275297764337
2016,6,11,-0.01745169392013901,-0.004656553007162945,-0.09735553237329186,-0.09399000309101802,0.2545574402608537,1.2199599528388445,-0.31284451769740973,-0.22164075766891855,-0.2477794383673666,-0.06576592749979193,-0.0413914527164444,-0.14601330584911576,-0.114255612357685,0.1323512542191292,0.9641129599979974,-0.33433600537681873,-0.23714342196912386,-0.25219816203392564
2016,6,18,-0.01563415350377917,-0.004177556887837164,-0.0945568727448105,-0.0962580357426891,0.2609733338751501,1.2293065242597794,-0.31156924089970317,-0.22084089719444067,-0.25021528915350477,-0.06538458378663214,-0.04161551710390965,-0.14482083695928805,-0.113287655245905,0.13131993579135637,0.9622759782821588,-0.3305298340982631,-0.23988422079159222,-0.2520923512914145
2016,6,25,-0.015805687680264358,-0.005915106930762026,-0.09239775946004392,-0.09834871165073977,0.2624832386785534,1.229875435616762,-0.3117633815397284,-0.22212318338578285,-0.24924164755701905,-0.06597063202049946,-0.042905328846925106,-0.14348858937604625,-0.11224361656614434,0.1285100300312576,0.9588369481887085,-0.3318009362351353,-0.23990025848721008,-0.2515624279597689
2016,6,4,-0.019564593922390405,-0.006648990725153903,-0.10068989290467067,-0.09406737811922117,0.24954729943465903,1.2154193244874025,-0.3114360547904751,-0.2296179087657233,-0.24668964409625593,-0.0657491032102947,-0.04181672615639376,-0.1453509445500295,-0.11414886440799021,0.13380629408385425,0.97998551266759,-0.33020960190325255,-0.2430294281315699,-0.25156530502221874
2016,7,16,-0.016609326527568857,-0.006218200567082555,-0.09365279562417417,-0.10270501834380741,0.25710897302633673,1.2001508236481362,-0.3079046375063774,-0.21862541222619036,-0.24130857490967061,-0.0630874416098427,-0.03970363252159237,-0.14055876981494075,-0.10692015405224453,0.1283930057243814,0.9510222615724997,-0.3319141475310715,-0.22499372585943378,-0.24642389747754645
2016,7,2,-0.019995778234959127,-0.008246211156207273,-0.09686164710873901,-0.10590658731074254,0.2553626211662574,1.2036181068572973,-0.31011062293456837,-0.22706717357350115,-0.2455121613925989,-0.06747648205672174,-0.041578339603117076,-0.1451313115756936,-0.1129673211871206,0.1251264080912815,0.9461525818681984,-0.3313537546346419,-0.23872683931235417,-0.25070335356804097
2016,7,23,-0.015648224273046574,-0.006238700353226712,-0.09271425260437816,-0.1026841740712332,0.2583076043295782,1.2007088439148141,-0.30656878634136475,-0.2171303072229328,-0.24184666527032528,-0.06429681897024742,-0.04115465503306148,-0.1423558635198222,-0.10915675910397982,0.12692892824282764,0.9468190844531188,-0.3296464395010237,-0.23249804852592282,-0.24319309938820055
2016,7,30,-0.01619146549270467,-0.006967301797392023,-0.09422406418999107,-0.10161920340145891,0.2572519121146526,1.193265380676158,-0.3059667714867016,-0.21622854292413773,-0.24099100175432275,-0.06426579524035225,-0.03957432241328873,-0.14310892024914523,-0.10846848536720466,0.1264411588356924,0.9428906377461039,-0.3284412059142947,-0.23294169816127097,-0.23951278719589775
2016,7,9,-0.019950337503300886,-0.00675794961734788,-0.09691120622776539,-0.1050519791370692,0.25243697764788187,1.1965929374821362,-0.30758162572869574,-0.2292819115879532,-0.2414142287779394,-0.0638096910666438,-0.039495064976873495,-0.1408002267408257,-0.10826231780367157,0.12872335101584964,0.9491643596882375,-0.332361056312363,-0.22722277927058143,-0.2459282719716276
2016,8,13,-0.01971234079237638,-0.009354852140580072,-0.09859424304229902,-0.1013592957183258,0.24925142442577553,1.1674941958011105,-0.3052513537032344,-0.21375686028527263,-0.24317805155613248,-0.0638546362551371,-0.03794487543810898,-0.14379599102402885,-0.10707917239713205,0.12677947286268765,0.9321658628654454,-0.3241092061155557,-0.22917573781715217,-0.23977692991867772
2016,8,20,-0.0231248924558195,-0.012811903383755818,-0.1009178925159766,-0.10123814290527011,0.23838457603988106,1.1393181129644776,-0.30512457815373484,-0.21061593992202443,-0.24212054253170667,-0.06340184246473268,-0.03723342015321207,-0.14242309683184995,-0.10638664158314004,0.12608148419782816,0.9260391942191932,-0.3220640070552869,-0.22826982997177603,-0.23810919845514011
2016,8,27,-0.02791052653954551,-0.016157522360177534,-0.10442562636823849,-0.10302798606643082,0.22165770450173428,1.1075782450289404,-0.3060266518602166,-0.2098315670241857,-0.23952384197980114,-0.06262096170824483,-0.03570734152891075,-0.1418165468590482,-0.10601971170986235,0.12550333432531047,0.9223777124815018,-0.3199469645787657,-0.22855022817937598,-0.23657040223896098
2016,8,6,-0.017541371879412737,-0.008398405063220649,-0.0956093753531474,-0.10029431403647104,0.25521350847876945,1.1830286008585258,-0.3054397096671604,-0.21440075437595574,-0.24350082151503438,-0.064102779083821,-0.03904941291295361,-0.14344101809135745,-0.10698415117688276,0.12764475769106598,0.9379337683607021,-0.3263751001994383,-0.23038082544305527,-0.24263520651019976
2016,9,10,-0.030412693657117407,-0.011632495286297395,-0.10803327681424046,-0.09814251907438287,0.20428775629974383,1.0701075076241113,-0.3015022828415077,-0.21173951049147466,-0.22734195572548832,-0.0589792260164107,-0.029881304200034986,-0.13978291642017138,-0.10272771895656607,0.13246593871638446,0.9207252419921579,-0.31461663088893943,-0.22436791188578586,-0.233881192593421
2016,9,17,-0.028674458510669854,-0.01150174642707913,-0.10635594791135217,-0.09321511603532306,0.2001799061886742,1.062147086247557,-0.30269038991483843,-0.1995617122802834,-0.2261531169993548,-0.05803596385437948,-0.03042247158284961,-0.1392105216189461,-0.10172263802037995,0.13299314146220653,0.9190499040703066,-0.3139522845559166,-0.22043103460951596,-0.23444447250735934
2016,9,24,-0.02803212654121634,-0.010479178212196016,-0.10544939756030447,-0.09182279997974185,0.19660475224309382,1.058062641046158,-0.3017600917787352,-0.19723505969026278,-0.22456692086944152,-0.058735147024675305,-0.029884442943779677,-0.1399969352979128,-0.10311566090483792,0.13188059305802424,0.9146572002205642,-0.31199975016885184,-0.22552010681500523,-0.2335074365589681
2016,9,3,-0.03109249093654376,-0.014223522086797225,-0.10855387354972634,-0.1021404582586567,0.2102638997085804,1.0816965589345777,-0.30477373155213716,-0.2137885082862946,-0.2308627518782992,-0.06077473762796082,-0.03147417229117766,-0.140679534743689,-0.10437512947526562,0.12935049972407042,0.9189405244072686,-0.3169584274545836,-0.2285657210142592,-0.23254916987991592
2017,1,14,-0.045429450131202476,-0.018916484721445137,-0.12218397511687806,-0.08625302368305998,0.13862306038290173,0.9344451474245354,-0.30185743328534687,-0.19571455307598074,-0.21302839027975062,-0.04856825279579868,-0.0187985697949421,-0.1232570945625896,-0.09180905352450541,0.13287912038637084,0.8823083098395677,-0.2939389136466166,-0.20498494990526261,-0.21400929306616612
2017,1,21,-0.04110914684785549,-0.0186383107735405,-0.11725427399016575,-0.08015421148698132,0.14520960271715988,0.9405906135937891,-0.2987136850967259,-0.18799845637258672,-0.21337163352749744,-0.04675813361146952,-0.01740990790888053,-0.12238726178160042,-0.08977043429958631,0.13633797067071507,0.8846106047042872,-0.29149135840154394,-0.2044506658088696,-0.2132105294661456
2017,1,28,-0.04021423234700383,-0.018814271486406686,-0.11640520993306769,-0.08000988266479003,0.14643279234835416,0.9374501343466732,-0.29758924630550887,-0.1854778360669096,-0.2118604995069251,-0.04721613137672498,-0.017858752426230362,-0.12209212964842131,-0.09041752751689036,0.13571451770214038,0.8818944853457509,-0.29065763616513085,-0.2041416152184642,-0.21308444571543694
2017,1,7,-0.0482922634278834,-0.019853040471301986,-0.12496373822654128,-0.08989785264371408,0.13534953042648912,0.9327462856750104,-0.3011865905252399,-0.20711549494246217,-0.21182521131103693,-0.04809349466967083,-0.020657520761523163,-0.12435908261449646,-0.09209865214634372,0.1329527337580474,0.8766156927349864,-0.2934840562829142,-0.20780655902630663,-0.21693747295708066
2017,10,14,-0.0039058975060907164,0.009121710050323584,-0.07140972458364958,-0.05741266808697598,0.1891583791207816,0.9091593915088692,-0.2475960500746911,-0.14837965474828574,-0.15109018887487002,-0.03434690671699425,-0.010597972456447557,-0.10719787257720803,-0.07234012345379048,0.13105204078866795,0.7743089622762214,-0.25795561676896184,-0.17783756502815395,-0.16142631401504737
2017,10,21,-0.0016220034859169008,0.011437254577319589,-0.06831849980328286,-0.05402855893230196,0.18654953544899677,0.9092377623282135,-0.24526988773807024,-0.14396190601717695,-0.15034325860316589,-0.033282471782007605,-0.009302369699229818,-0.10516688382406036,-0.07129771465925139,0.13078051100987298,0.7763934459693422,-0.2565153428013266,-0.17603884604901443,-0.1610704700157497
2017,10,28,-0.002482443896086761,0.009104000506585441,-0.06754660434700144,-0.0535520369168111,0.18177165685086805,0.9015473590482288,-0.24445777379144074,-0.14522233258070072,-0.14800919356592523,-0.03349215371307501,-0.011180826131238053,-0.10516470090835317,-0.07152771240496092,0.13082112869566132,0.773922680832352,-0.2550461187533174,-0.1778441386134465,-0.15861192528306056
2017,10,7,-0.00395646828576357,0.010309667974288006,-0.07140972458364958,-0.05955585278767672,0.19227267334520648,0.9141641863919558,-0.24903202434994798,-0.14895199216025234,-0.15180423036927093,-0.0342303235045649,-0.00946290310609299,-0.10762100137804331,-0.0733169809476455,0.13309890216298914,0.7763291081862855,-0.2593450212917182,-0.1779599359706664,-0.16207685019577656
2017,11,11,-0.0043802136806101455,0.01150222697980885,-0.06787691719887101,-0.05419933667819743,0.16988568856407626,0.8842250639429377,-0.24596016044037894,-0.14437774282555438,-0.14018166263748655,-0.032009568449919645,-0.008368868017544329,-0.10140571085643224,-0.07191471712045383,0.12970568053749543,0.7718530321548622,-0.2541981744171897,-0.1770360566141812,-0.15615136133296825
2017,11,18,-0.006365807104833254,0.01147122351208485,-0.06993853422953178,-0.054465676818354125,0.1637753893333489,0.8736592308462623,-0.2447130619416643,-0.15208647252102137,-0.13262854882750574,-0.0316094137101941,-0.007363534098329572,-0.0990327391271002,-0.07099810662157291,0.12885457448503712,0.7674155266343075,-0.25181781095554967,-0.180258454934908,-0.15393307459205563
2017,11,25,-0.010810118722482276,0.011085109856512343,-0.07704515773721388,-0.05547346042414636,0.15509147421855585,0.8656863582209273,-0.24206107711898672,-0.16737018277482607,-0.13353274715295316,-0.03237658415168354,-0.008098037954991755,-0.10065576454969505,-0.07040212439276927,0.1259367744391935,0.7645467760019717,-0.24833056293474576,-0.19219614888268544,-0.1592976605340336
2017,11,4,-0.0035374722437725437,0.01024282257279241,-0.06689307917611487,-0.05386336974796191,0.17449491082635715,0.8909847600215657,-0.24488593405158654,-0.14433797151120276,-0.14440068683531582,-0.032551813829056475,-0.009249538204986307,-0.10320408282681315,-0.07134904829452404,0.13025822394396736,0.7767790449298448,-0.2550901725457383,-0.17702907582852856,-0.15849093846965234
2017,12,16,-0.012910102110771482,0.010258851234435262,-0.08177863250066852,-0.05842848197569661,0.16066983697411907,0.8398331377315595,-0.24874400705985,-0.1513571534663547,-0.12983272183976224,-0.029444162407416874,-0.006894688959715012,-0.09892859360331063,-0.06910931394222841,0.1270684247922016,0.7659811513181398,-0.25037189541429594,-0.17641885423889725,-0.15773086069570452
2017,12,2,-0.007612964142098777,0.012418147383489675,-0.07312493988110702,-0.05270897949214637,0.16083245610563623,0.8507422665394906,-0.24671953196426555,-0.1440387765186093,-0.12561319685402128,-0.028468677671165343,-0.006343047169921401,-0.09673960771565338,-0.06709665648579011,0.13016871669383634,0.7594586200784788,-0.25071108419521704,-0.1619361216817643,-0.15529770314682478
2017,12,23,-0.024949687208478677,0.0024416908937692217,-0.09528035845961835,-0.06931622548788663,0.14152899462521384,0.8179728553617192,-0.2504171955277241,-0.17298332593789056,-0.14152659437540516,-0.028748049370207807,-0.006384445495510982,-0.09820421681941083,-0.06745657998873889,0.1270684247922016,0.7659811513181398,-0.24923504887561565,-0.17343101533544336,-0.15813422172789504
2017,12,30,-0.03712495291278606,-0.009933882802133476,-0.107888912432625,-0.07592356544955525,0.12598500429608617,0.772736582494052,-0.2492971338183625,-0.18914956590980692,-0.14695242974726563,-0.02848779728516293,-0.0059666420233870365,-0.09716179663747715,-0.0669088558397003,0.12674607409989824,0.7659811513181398,-0.24923504887561565,-0.1684991089036837,-0.15985467008792265
2017,12,9,-0.007210364196572727,0.012933736537026563,-0.07375761159246019,-0.0501517389213213,0.16258194393178682,0.8495284899971518,-0.247746397693133,-0.13958849166919418,-0.12655928130492333,-0.030754278341886376,-0.007730786026660663,-0.09958309618514138,-0.07070011550717104,0.1270684247922016,0.7659811513181398,-0.25126444757538335,-0.17703256622135488,-0.15773086069570452
2017,2,11,-0.03854376077933741,-0.018033414677666837,-0.11201670737013647,-0.07911699428985608,0.14825747153012392,0.9495300130157158,-0.2914014546685705,-0.19691078827588682,-0.2106546471020191,-0.04637504875695675,-0.017901775555486443,-0.11960931554470067,-0.0901360716654317,0.13521211254358834,0.8750805482312809,-0.28394049168010094,-0.21062816814735064,-0.20938487637109038
2017,2,18,-0.03687010744416552,-0.01773055828362824,-0.11050316997385945,-0.07817873157975519,0.15407953884030134,0.9475858575008838,-0.2893988252474845,-0.19751341305810066,-0.2029310011185994,-0.04562693397600204,-0.016939007552402296,-0.11901616638720236,-0.08991099063678831,0.1366878179778106,0.8704267212642465,-0.2818136343674834,-0.20962246362923598,-0.20684215939428596
2017,2,25,-0.0363399775758918,-0.020534434146201597,-0.11022507024585537,-0.07685352068451712,0.1565406401242706,0.9466479409828554,-0.28930526365331344,-0.19659526402619298,-0.20060090981729173,-0.045621284179775956,-0.019491971934331387,-0.11840770290757063,-0.0891905904713085,0.13588150654478803,0.8672121341690116,-0.28189515663915377,-0.20866553507886898,-0.2074575416570792
2017,2,4,-0.038667608428227696,-0.018735576175429647,-0.11245695482659068,-0.07857527871881798,0.1475775859290247,0.9497283069339522,-0.291944349279848,-0.19660979031953418,-0.2107178930011553,-0.04604126358443794,-0.018459342455580896,-0.11944209711514342,-0.08971033905010795,0.13662350914100174,0.8836200106369285,-0.28453071576268774,-0.2125796684955572,-0.21078608020400236
2017,3,11,-0.03135255574872553,-0.013931891296820265,-0.10072553622734592,-0.07378309473908418,0.16637865502885418,0.9543816423556599,-0.28432640146386345,-0.18955611693787544,-0.2019334027022024,-0.045667205820401735,-0.01878317033120669,-0.11583089347399556,-0.08865383847613362,0.134270228241558,0.8554035880973465,-0.2791893145572911,-0.20538338544358525,-0.20265383062173714
2017,3,18,-0.02838717953750125,-0.011973510009401056,-0.09788646602996343,-0.07201061401382114,0.1741167023039254,0.961059107031043,-0.281419384455901,-0.18688854706864177,-0.2021907165510396,-0.045068498395491985,-0.017618395995625535,-0.11501211600326089,-0.08803078445562396,0.13655620733201812,0.8591683679315025,-0.2783390382453903,-0.2037823046478331,-0.20498137536300653
2017,3,25,-0.026557201461690383,-0.010095126788177144,-0.09742751469071587,-0.0696249261599321,0.17718627162980294,0.9602229399985294,-0.2796542887890344,-0.18485332545360655,-0.19815835397015935,-0.04401898577933283,-0.017623619520472866,-0.11691793983785503,-0.08604607038045398,0.13810473336643092,0.8533312363766501,-0.27780228355549497,-0.20156465364427745,-0.20161700039228625
2017,3,4,-0.03255300193563149,-0.015027426248177211,-0.10415022979624222,-0.07387807842612326,0.1651163755854712,0.9522458468884163,-0.2855544099071471,-0.19126388089512814,-0.20125936434674574,-0.045341044790741525,-0.01829746147677569,-0.11720457097327164,-0.08836899564569523,0.13760371101801594,0.8584392841377884,-0.27926776782731344,-0.20664063068820548,-0.20528104927501045
2017,4,1,-0.023562518143596,-0.007439601160168063,-0.09194347970771322,-0.06915377412630697,0.1813777938307426,0.9764347144430434,-0.2803142546283284,-0.18611246119945635,-0.19250369724289174,-0.04346058210446768,-0.016462161064535352,-0.11512884555959035,-0.08582813062659311,0.13727692403659653,0.8612025497991302,-0.2789461624748857,-0.20411417792383124,-0.19815546322868793
2017,4,15,-0.020232778787856343,-0.004474723145441506,-0.08788858731515836,-0.07172908052383742,0.18545513991003548,0.9780405985430503,-0.2749883463238798,-0.18405961253118142,-0.19070465369481748,-0.04434414459317548,-0.017473208195250445,-0.11577437781680888,-0.08718557600248411,0.13202447594330713,0.8431609351391371,-0.2786227601199984,-0.20003577322481902,-0.19428678310610092
2017,4,22,-0.01571361911950131,8.526657869323273e-6,-0.0839628943586953,-0.06847949319298063,0.19497977279611822,0.9799698567691517,-0.27192457605595555,-0.17705061310099313,-0.18451101298006312,-0.041946523551768644,-0.015582657200421735,-0.1126164510641533,-0.0848170762994882,0.13586986562085124,0.8399424335578594,-0.2773222989728794,-0.19644895158441,-0.18990027877218785
2017,4,29,-0.011705646884937249,0.0033350223012034164,-0.08090187069027877,-0.06710368337349515,0.2038718854826762,0.9894277852539715,-0.270093324969257,-0.17242673266152408,-0.18176310516753902,-0.04074482035331228,-0.014503049001605373,-0.11175370434601095,-0.08447897985022412,0.13717697192677503,0.8411926297023777,-0.27660882688333055,-0.19499737164231368,-0.18926133258991917
2017,4,8,-0.022075968383360234,-0.006558269704393105,-0.08855179052453666,-0.07081587845989512,0.1841737260967149,0.9759735378395793,-0.2776003498413825,-0.18503033881737607,-0.19165171586933127,-0.04377776130383948,-0.0158863185983803,-0.11402565098435191,-0.08583431867631364,0.13564618394875638,0.8487561486641082,-0.27954190311420424,-0.1987902173695102,-0.193451103005143
2017,5,13,-0.00426790514079578,0.012356823574534825,-0.07714122304693782,-0.06221670324366957,0.2212622156126296,1.0141528678020317,-0.2635717067384121,-0.1682381655510049,-0.18424019981516837,-0.04017167319469195,-0.012811738176097598,-0.1129817127078725,-0.08240987214375262,0.13579872233889145,0.8265695354903402,-0.2711168132874485,-0.19064667566565507,-0.18411269759364213
2017,5,20,0.0008389612730306251,0.016558258235051415,-0.07267934730592385,-0.06046043013968394,0.23427301224673402,1.0287750805638227,-0.2581125125597662,-0.16727332139678153,-0.18306029050266692,-0.040006841262634874,-0.01249527845343168,-0.11275493516919854,-0.08179932339155316,0.13731130944906456,0.8273797726957257,-0.2702391346642832,-0.19058388650130675,-0.1843555299223959
2017,5,27,0.0032335359303492517,0.01909062039533871,-0.07159480509422811,-0.0602186898968321,0.24366162330574048,1.0408588612277812,-0.2540598694170687,-0.1732723471804476,-0.1809652828727285,-0.04026930884826552,-0.012939096150023977,-0.11383981241626662,-0.0812671034286715,0.13616660089167198,0.8267063240523349,-0.26992772241918095,-0.19247165374255204,-0.18311103231971693
2017,5,6,-0.008886566889660608,0.007732762840684915,-0.08018833262721858,-0.06392462287192113,0.20941342583142153,1.0010853338817114,-0.2672313329325472,-0.17110676732281216,-0.1854203325318966,-0.041268637004020614,-0.014220291458286849,-0.11264360685965902,-0.08266877401014183,0.1337190435223723,0.8255840751914865,-0.2733572402878266,-0.19149323216899028,-0.18656464619720858
2017,6,10,0.009438363024246499,0.023865826483730368,-0.06239568192172362,-0.059023039213276896,0.2573146283489187,1.0579068918387926,-0.2527234737456535,-0.16516965491122815,-0.17685680239948987,-0.03953817581696406,-0.01340552336894607,-0.1120308735623724,-0.07972652731476226,0.13513410830964467,0.8145531496972946,-0.2752343075849931,-0.18141091677217536,-0.18190483116054812
2017,6,17,0.011172887104106133,0.0253348635250501,-0.06093075596108455,-0.0633635636565576,0.2644738829919635,1.068458023136674,-0.25365160197908443,-0.1638087550582008,-0.17666061772299457,-0.03925110259486331,-0.012633277987737501,-0.11217092373686632,-0.08088320535644078,0.13476104201422134,0.8138854223005396,-0.273524372740923,-0.18389822201355466,-0.17920263345992093
2017,6,24,0.01124163639851461,0.024606071085580217,-0.06181776448138987,-0.06494735001613705,0.2676018007012546,1.067647125093944,-0.25253272978274266,-0.1666726176275639,-0.17367971767046564,-0.03967109444074768,-0.012987444755564792,-0.11385993352435675,-0.07929155868431681,0.13333041092666842,0.8090477942565928,-0.27354794410333794,-0.18561963402435844,-0.176612750446559
2017,6,3,0.006971134412677493,0.023693969799547077,-0.06699266817529759,-0.060118259730196355,0.25222372969659834,1.0529648106897538,-0.2503103286035189,-0.17528920653307256,-0.17654034768769378,-0.03983465332046221,-0.011935761257135247,-0.11256556222442815,-0.08060631238134086,0.13666731462398207,0.8311048390445246,-0.26977462043116573,-0.1901260123740527,-0.18189867165938922
2017,7,1,0.006815679312700107,0.020362457537716816,-0.06533929045122677,-0.07483535627158588,0.26322182849410614,1.0440301437357768,-0.24907910924672894,-0.1763603613198077,-0.1701402079686769,-0.041518680394164176,-0.013598768313271559,-0.11467436326370772,-0.08245903753763562,0.1324485904222641,0.7984121494603473,-0.27128383091496044,-0.18923708239876613,-0.17593789650588865
2017,7,15,0.008691936332211547,0.02172668446062831,-0.0638788654693575,-0.07291688684856301,0.26337981391022414,1.0339014554375017,-0.24593725626160878,-0.16985691602309405,-0.16726807529344134,-0.038423205929328796,-0.012304971878235205,-0.11159800396258857,-0.07743322610393033,0.1343854352263678,0.7971464599372493,-0.27098735420829256,-0.17676965674786582,-0.17288733048383298
2017,7,22,0.011042334470172888,0.024502670533877335,-0.060937708644898225,-0.0709875210571288,0.2659359568931998,1.0357418419339566,-0.2451062373538001,-0.1624661359407219,-0.16888128171345096,-0.0383420307412069,-0.010947725905383954,-0.1115452653185689,-0.07781534222626252,0.1341430761794904,0.7942292952103198,-0.2690976272006298,-0.1788650428485682,-0.17073021495123497
2017,7,29,0.010673419615742086,0.022609659749689204,-0.06166474551334178,-0.07033605903667994,0.26364492752952917,1.0303747177023785,-0.24453563620392194,-0.16135864219292595,-0.16901305057647376,-0.038176249007036867,-0.01054804045454849,-0.11161101864047684,-0.07757179218932786,0.132412402835971,0.7921794017706176,-0.26791480147434366,-0.17922878040106804,-0.16784590901396446
2017,7,8,0.005179576515368822,0.021125240763781195,-0.06865240649545401,-0.07513070841422653,0.2578713478168524,1.0321977623652745,-0.24390596911116647,-0.18513004482971773,-0.16715835897935638,-0.03943337239537492,-0.012142509901809873,-0.11346315070404744,-0.07873916253692503,0.13375629840157233,0.796807812624682,-0.26954494923025396,-0.18404197696355695,-0.1721858374123052
2017,8,12,0.0066977363662033,0.018342582869188107,-0.06516726543726992,-0.06959966818388585,0.2540887154169231,1.0201691581290682,-0.24728750657986764,-0.1628155763375958,-0.17359236943009348,-0.038270605814757386,-0.010742033441940912,-0.11157951342255212,-0.07574186221476753,0.1312081869768218,0.7955211680025143,-0.2669318936195654,-0.17932751544463676,-0.17046103937649093
2017,8,19,0.0032025321895288172,0.012526751247146972,-0.06766080718266765,-0.0697276681618062,0.24380111916206548,0.9945377974019713,-0.247489188321666,-0.16074685731940597,-0.1722460254909255,-0.03792011238286819,-0.012428702918405143,-0.11036397220350458,-0.07525938860451364,0.13097631422057843,0.7915106214219327,-0.26518015447083265,-0.179466895207124,-0.16853883098380384
2017,8,26,-0.002924825281254706,0.006111547349658464,-0.07248737178122888,-0.07288852595221906,0.22729345711609583,0.9599519431944146,-0.2497867596839759,-0.16067844258908792,-0.16949277553871012,-0.038479861359881795,-0.013956702526849996,-0.11107375283492049,-0.07635309963143944,0.13056764145590316,0.7849409149591193,-0.2644019446659891,-0.18055488918770946,-0.1668101003459176
2017,8,5,0.009213722545768244,0.019754869493321392,-0.06167792284579787,-0.06949085614199191,0.2596470489606528,1.0343566745821287,-0.24717121308549994,-0.16329973779198126,-0.17196708260871363,-0.03817276851402962,-0.01146280533681343,-0.11067249318249472,-0.07658391715161317,0.13171433548158484,0.8004501053361224,-0.269057541646306,-0.18043586676002965,-0.1715272685726673
2017,9,16,-0.005834223985918596,0.00787105276928024,-0.07249420835746023,-0.06433615754156896,0.19554078302836997,0.9236472027744904,-0.2501649336749773,-0.15642184372568346,-0.15744930092001197,-0.03586135002260937,-0.011406264467948679,-0.10655353502486942,-0.07312035284892804,0.12848055391273938,0.7902844388237085,-0.2619727459021005,-0.17809176112216085,-0.16621869408795387
2017,9,2,-0.007667962117741012,0.004101859464676005,-0.07678043354405939,-0.0727763853662341,0.21033715305394374,0.9459074702900869,-0.2512325000559603,-0.1695067582660953,-0.16646574638095035,-0.038118019125269464,-0.01347088274891095,-0.11011011671713189,-0.07541697910816114,0.12919369694623706,0.7925772172301031,-0.2639422789677923,-0.18560155390739785,-0.1683408546257027
2017,9,23,-0.0043628511230895395,0.00939967418399612,-0.0708202015502194,-0.06306208041837869,0.1953256165380568,0.9230628062870749,-0.24994486359183554,-0.15131778185200473,-0.15679891104889265,-0.03578325057551057,-0.010355497420470594,-0.10666713917950066,-0.07472784436982982,0.13059940472241705,0.7891391518614725,-0.26065659797896745,-0.1807665062898245,-0.16622889381177963
2017,9,30,-0.003908261834030369,0.009111083243762419,-0.07041693913074187,-0.060539070804874195,0.19482442799543098,0.9197749299604345,-0.24988052778384573,-0.15011740295420617,-0.15301826732108204,-0.03538234177736599,-0.010516227756135699,-0.10680577086016574,-0.07369247468017603,0.13255295575977533,0.7881301031340797,-0.2604719830014862,-0.1816727011217154,-0.16452709184585845
2017,9,9,-0.007632326083250263,0.006542733211459817,-0.0748271791952998,-0.0698887916202201,0.1997635948686518,0.9317524776549284,-0.24764907700278216,-0.1694114121030661,-0.16152132536525476,-0.03685363402748365,-0.011914395510179032,-0.10773355478860025,-0.07476786210687214,0.12803458130463796,0.7921146159470978,-0.26114248557811504,-0.18311873105814913,-0.16835202704692764
2018,1,13,-0.02551101949018708,-0.005607584823673406,-0.09485311374681116,-0.05788260977363513,0.13165279837490562,0.8333201166470452,-0.2598258503870413,-0.156136740310025,-0.16332449227451218,-0.028989181841254985,-0.005590236876852894,-0.09662016838868903,-0.0635742386796877,0.1262963231099241,0.7889249624864487,-0.2522245562822871,-0.1659448197857465,-0.16482530227287573
2018,1,20,-0.020463506147020527,-0.004475574321642584,-0.08941929230039669,-0.051438497067679556,0.1360924739643361,0.8391704361323793,-0.25691805963372805,-0.1453468032308629,-0.16329792159417245,-0.02659124563406212,-0.003462261534974309,-0.09533431116913271,-0.061283944032287985,0.1277075625588553,0.790827352042617,-0.25003270663337496,-0.16268856390940567,-0.1636718971339387
2018,1,27,-0.019077480395921054,-0.0036528711037751016,-0.08894981830877668,-0.05083785055393386,0.13873461844727153,0.8362418378780261,-0.2550610394114863,-0.14194662250533752,-0.16217144507500791,-0.02666189734794755,-0.00295892011651,-0.09549550559535902,-0.06156409858604439,0.1284136251138488,0.788313276993013,-0.24843739111785634,-0.1616236024533464,-0.16393658860762594
2018,1,6,-0.03104875455672651,-0.006120278493569886,-0.09924254095459273,-0.06599841165446607,0.1242841113449682,0.8304041187095916,-0.26073823721459577,-0.17411745502728349,-0.1626284361285375,-0.028434922387212902,-0.005391517551248337,-0.0966798880521712,-0.0651476469366492,0.1264438366273899,0.775378696208542,-0.24923504887561565,-0.16431669184757614,-0.16083446811391844
2018,10,13,0.019249492258713197,0.02569465951975114,-0.03456782101194422,-0.02639608197065002,0.17223623401687882,0.8392570963423935,-0.1985755757630362,-0.10734575962565152,-0.1281844411118397,-0.01185660164456237,0.005649691877882779,-0.07173791388956374,-0.04177679327665362,0.11504716531725179,0.7087272855682167,-0.20938753646192287,-0.1378300714967159,-0.13863678617741282
2018,10,20,0.020663010135782534,0.026065508321137854,-0.03368134867049111,-0.022837150688104768,0.1678278411821157,0.8353424094735773,-0.1966596704809057,-0.1032103015226179,-0.12705089123901947,-0.011616106838332696,0.005072591011509253,-0.07180675846970808,-0.04052510932761233,0.11300102511087906,0.7073872955845608,-0.20834185644174896,-0.13626000672180116,-0.13796754056469307
2018,10,27,0.020087714249786615,0.025700975729566533,-0.03092315435180526,-0.021605297916095112,0.16111614222606074,0.8278262327447619,-0.19537400303258579,-0.1022557888726755,-0.12762230427591204,-0.011619261257226676,0.005029801837610481,-0.06987627197871837,-0.0400687839748427,0.11110076634942212,0.7050676956990041,-0.20641369459596104,-0.13601854368639266,-0.13835542578581617
2018,10,6,0.01849294256210099,0.025595174355688144,-0.03644667728035256,-0.02922914957382816,0.17500934142932012,0.84265440593984,-0.20066087286299217,-0.10751589159758534,-0.13072176313605588,-0.01241339706625455,0.00558575817120488,-0.07398026453242845,-0.04342540478166168,0.11677873632837898,0.7090391093571269,-0.21145601431279126,-0.13753199199088717,-0.14107356067969
2018,11,10,0.016069059797616747,0.02386788419253416,-0.03708143779107087,-0.023136488466364957,0.15043629425556748,0.7960836297565976,-0.1973505748751333,-0.1019697473079666,-0.11536290548469197,-0.012175630502701318,0.0037622596510404893,-0.07173196131238657,-0.04141958191868533,0.11120485944399716,0.6890073298442614,-0.20595895857941826,-0.13572966686342947,-0.13144069571014338
2018,11,17,0.013164838466410034,0.021524244513706492,-0.04035027304880434,-0.025237218069988576,0.14465713737090935,0.7852670291603059,-0.1981064864925165,-0.11101700920452506,-0.1056816324895884,-0.01269769513130814,0.002479956801553218,-0.07046090554394213,-0.04233038283974122,0.11059119469184542,0.6842410565200483,-0.20555355675749143,-0.14049765655987567,-0.12694086717623065
2018,11,24,0.009390434022818583,0.022204142163218643,-0.04744204354520143,-0.025771072531833306,0.13744685669679702,0.7835065722431431,-0.1971672697701088,-0.12614348934392072,-0.10490388509857751,-0.012853620668381471,0.0027677624077493412,-0.07212926237141815,-0.04122944363018921,0.10879844761922719,0.6873295617009247,-0.20368770411580905,-0.15204471657398178,-0.13100106208723072
2018,11,3,0.0177918106844126,0.023689085640172136,-0.03283754287414409,-0.022879627386964696,0.15392919762370916,0.8035139967766711,-0.19525297362718086,-0.10173485130251869,-0.11805457110237905,-0.011885833590944972,0.0038970556881408047,-0.07039768435307492,-0.04085309605683163,0.11060535644137826,0.6946761477532286,-0.20584978470652227,-0.1354629602827594,-0.13219206368843583
2018,12,1,0.012556469869720699,0.021062282466063786,-0.04326420885325788,-0.022933155571905228,0.14539305376318357,0.7621730066353511,-0.2005857677632379,-0.10142688439232095,-0.09512543978065768,-0.008721095429628511,0.002169500815847103,-0.06773515535163066,-0.03766799676606147,0.115686059919488,0.6761544538498805,-0.2049700410994545,-0.11960899004237491,-0.1249518601050511
2018,12,15,0.01027331622442107,0.020150377355229177,-0.049215939109921836,-0.02357753234207549,0.14826168947802065,0.7612541060289335,-0.20323143646963715,-0.10342640102430278,-0.09822570090797111,-0.009977293288080613,0.0029929535836490384,-0.0694966102304665,-0.03975283200029611,0.11090510794268771,0.6762842764898487,-0.20285870675955098,-0.13318498007954105,-0.12561783190246767
2018,12,22,-0.0030237717152656884,0.010493064953716047,-0.0639902054399506,-0.0381966557793183,0.1291559241253757,0.7396184871714917,-0.20687626468140263,-0.12915519782674434,-0.10653021774717675,-0.00924081605631144,0.002923038963859259,-0.06868273380515078,-0.03863551844746205,0.11090032264584693,0.6722653666593927,-0.2025636980913118,-0.12969733431747144,-0.12505058575461336
2018,12,29,-0.018730789175095075,-0.0045944885844321215,-0.08117455534640527,-0.04780155581218204,0.1077552564219697,0.697123309660348,-0.2093451196288194,-0.15265558906724896,-0.11465017677882727,-0.0088561735621705,0.00274954482720724,-0.06819035775565196,-0.037773257932617765,0.11059349026977117,0.6668821339556137,-0.2011264751716787,-0.1257874926123217,-0.12465151292860754
2018,12,8,0.013028275522098287,0.020688883885072062,-0.0439442802808494,-0.020881520880164928,0.14870384565060069,0.7612728338370025,-0.20207317932453384,-0.0961023628443124,-0.09615814017607949,-0.010341082865185758,0.0029929535836490384,-0.07007479249451165,-0.040090965089842556,0.11115281289670964,0.6765840841790631,-0.20335044530277158,-0.13559631357309432,-0.12648338106251933
2018,2,10,-0.01777464398008466,-0.0029121916130570025,-0.08555266047244858,-0.04960604304368976,0.13791695476790355,0.8539140491752728,-0.2576032875412252,-0.14402639506541515,-0.16210713998023307,-0.026208494548094374,-0.003009354517368057,-0.0939497365750237,-0.06102323201174109,0.12544651522870875,0.7862106164151126,-0.2502924621825131,-0.1588312646845491,-0.16125725658602497
2018,2,17,-0.017245192953611044,-0.0031737615250032603,-0.08639997820635015,-0.04887069599767191,0.1419799869054985,0.8549711110413791,-0.2574740167483708,-0.14647782119975472,-0.15645279944946,-0.026541504717996323,-0.002602922881874692,-0.09559845781209808,-0.06096676295020753,0.1252039836709553,0.7843668046722154,-0.250029769363994,-0.1595802685138713,-0.16069762000816623
2018,2,24,-0.01660013785569603,-0.003548821564563265,-0.08636210174773729,-0.04800492123928779,0.14480245664750968,0.8533939386599336,-0.25669118803297886,-0.14551533214154766,-0.15454075976333637,-0.026404835732369403,-0.002715736255504586,-0.09525271686187553,-0.060623126166219454,0.12479898028711656,0.7805932657374131,-0.2494790460902937,-0.15850428447054377,-0.1619719472511698
2018,2,3,-0.018681663127434245,-0.003074007602643869,-0.08615782276965922,-0.049506519059720144,0.13692908548388116,0.8542451440954846,-0.2587722487947727,-0.14415956874275304,-0.16471457198944428,-0.026626777131904755,-0.0030846879594983445,-0.09389740802960522,-0.06096419240499018,0.1265913501448559,0.7954773418202705,-0.2515217488186351,-0.16151447125610974,-0.1653072482203366
2018,3,10,-0.009704127037597488,0.004211038214869012,-0.07580922663840939,-0.04381054130573092,0.15547404402638332,0.87195170551798,-0.25247142797109423,-0.137551264592367,-0.15470242332121908,-0.02459157305296833,-0.0008729604237073252,-0.09164011219249846,-0.0591148493225605,0.12406885589576744,0.7789071453288261,-0.24743195881237334,-0.1545189874975047,-0.155937418657907
2018,3,17,-0.008159217837003463,0.0030247123640696483,-0.07461685620102143,-0.04168903504848487,0.1607334740944384,0.8752061589852911,-0.25061311001434594,-0.13765120223823302,-0.15312075610021758,-0.025398475411921972,-0.002854624982489118,-0.09236026480124648,-0.058102415095356186,0.1239889351236545,0.7797115059941175,-0.24762381791329002,-0.15565801874793916,-0.15643758553060427
2018,3,24,-0.007081455420593019,0.004906999996959094,-0.0738899827362346,-0.04213338612838424,0.15965669218131917,0.873847335124172,-0.24923508722270626,-0.1365730906461441,-0.15049847712627906,-0.025086998680474704,-0.002895779296244516,-0.0940913087286559,-0.0589428173705866,0.12145378113573324,0.7732415927437117,-0.24753101322997728,-0.15435654761943662,-0.15452216255648044
2018,3,3,-0.01246143184532611,0.0014151038544185646,-0.07939066664658756,-0.04435984753617672,0.1494619867932494,0.8683553450055008,-0.2547272057834771,-0.14093474007901374,-0.1566502511597373,-0.025751072176215972,-0.002064265337840765,-0.09309801276347451,-0.05912270522917673,0.12303384921771099,0.7807150956594169,-0.24853943544899704,-0.1573975849626016,-0.16140638688954378
2018,3,31,-0.00662192646982418,0.0054379023999422405,-0.07353480871359086,-0.04140407203843943,0.1594643766866357,0.870035098715565,-0.24683239535210033,-0.1366308437212973,-0.14985394445334255,-0.026997760673423188,-0.0038055087612179905,-0.09718956365977427,-0.05846932615803957,0.11654714891737927,0.7630165093393477,-0.24570861577882475,-0.15589030953781624,-0.15602539536378324
2018,4,14,0.0006977176830194054,0.011171092234645963,-0.06226598065578115,-0.040849654798709056,0.17310290600633382,0.8929709163315844,-0.2426045010469755,-0.12900743192636854,-0.151304999646787,-0.023893012024555293,-0.001988167074457148,-0.09077076100397263,-0.05666150066132092,0.120486168711615,0.7647002994569685,-0.24641212060779982,-0.14591198537712735,-0.15534459681912904
2018,4,21,0.004428400915333031,0.015180215515549822,-0.06062163614689797,-0.03860982809361524,0.1799290892286025,0.8986248743352523,-0.23811316859129217,-0.12536370089342375,-0.15149820669624814,-0.022240431808303707,-0.0006315160583554302,-0.08986104797174088,-0.055283656908815204,0.12184830967151239,0.7649365778101502,-0.24374924770676598,-0.14577918114477684,-0.15740697845101737
2018,4,28,0.0077163672891973345,0.018098336124583447,-0.056880084760636884,-0.03736810571898297,0.18680292676885557,0.9050338073673605,-0.2364163571534572,-0.12235703257912933,-0.14717129227073655,-0.021769521087226962,0.000013742808310679422,-0.0883763452736408,-0.05507611497677822,0.12124526376104972,0.7633526628871312,-0.24321796789439853,-0.14597691013263614,-0.15529967205471074
2018,4,7,-0.0047408304471182605,0.004692653107125411,-0.06867871877462184,-0.04373091480078095,0.1623429703714827,0.8828412392893801,-0.24635843485074216,-0.13538423169357527,-0.15436457361325806,-0.026870525804262857,-0.004747290319460085,-0.09458124347254382,-0.05909224105472266,0.11507699413462813,0.7626625405336742,-0.24850739111668052,-0.149876986755609,-0.15660003525026045
2018,5,12,0.01575095840424523,0.02562403722754314,-0.04923758631995867,-0.03441154250839584,0.2070841675973052,0.9538224915912312,-0.23470704811103837,-0.12248962502159955,-0.15137403778215608,-0.020563982154396365,0.00028706752396656654,-0.08580984317178031,-0.054895146168096653,0.12272727799762806,0.7714238754288141,-0.24237976477660772,-0.14587211030988012,-0.15138063280286151
2018,5,19,0.02134436825633146,0.029436755916785406,-0.04398246265348826,-0.03211304170316576,0.21934564472766693,0.9702251101770005,-0.2291605175230388,-0.12195961016936718,-0.14874419830374686,-0.019891344427181767,0.00027394541759373503,-0.08475246670396441,-0.05366585333233953,0.12359229601069921,0.7744753414435179,-0.24148127328339208,-0.14634297439325938,-0.15021587080075005
2018,5,26,0.02395385264112826,0.03271955224604395,-0.04159613820874675,-0.033485627284649655,0.22914310017883777,0.9841735520652541,-0.22479494557385027,-0.128177134129128,-0.14789387575400614,-0.020033429016669935,0.0004655488420592935,-0.08470443690348561,-0.054886017916702,0.12279923870508291,0.7758224422243356,-0.24098193734438167,-0.14873844888003218,-0.1502663663460102
2018,5,5,0.011627142571447813,0.02184005944979006,-0.0539283822153126,-0.0358965683921042,0.19734590491531723,0.9407308577319722,-0.23805723987434768,-0.1248103900136579,-0.15109979777858673,-0.021238906889003983,-0.00030201698590948123,-0.08711978591208869,-0.054916331227217285,0.1226004672234795,0.7698794486777478,-0.24433499897693234,-0.1461415329185488,-0.15261614879740093
2018,6,16,0.03283364304458214,0.03974884354966557,-0.029604484790871077,-0.03618344378643701,0.2507751327586627,1.014171202678055,-0.22296041980418935,-0.11823170861761012,-0.14487494323620886,-0.01811159499539816,0.0015038146327421842,-0.08172983908061082,-0.05413770397894413,0.12195818462211072,0.764619043112911,-0.24358439956190647,-0.13911550764071323,-0.14780094587965942
2018,6,2,0.028039318205596242,0.036783827050534734,-0.036872176127215495,-0.032852798091804414,0.23729075352180118,1.000934447312389,-0.220718044378019,-0.13268837223405416,-0.14299886179736443,-0.019204545592524713,0.001012117814288116,-0.08320199388344407,-0.05365901183384958,0.12295626378818003,0.7851173076968632,-0.24063014592324317,-0.14879500844195392,-0.14853529054438475
2018,6,23,0.033056986208395145,0.0393008230778471,-0.028820654634506004,-0.038955695711644256,0.2542583446611044,1.0131371520412191,-0.2213168450979761,-0.12063429942639403,-0.1427524568652312,-0.01846300023289904,0.001352950772309569,-0.0818797315879235,-0.053659443141816254,0.12066976493093562,0.759431258672755,-0.24314214973865644,-0.14058020747814082,-0.14597287342102527
2018,6,30,0.03100965084899099,0.035082418251031866,-0.02980796872532776,-0.0443633568203472,0.2511497126756572,0.9990211441967867,-0.21854740957623375,-0.12645525923658374,-0.13853330585677148,-0.018135219616084552,0.0006968055389706684,-0.0803524041919812,-0.05258226980520664,0.12085239818657412,0.7571071308638904,-0.24152304585934614,-0.14058731754087872,-0.1446200030319602
2018,6,9,0.030956746759697396,0.03806472539757322,-0.03149935490894573,-0.03210835566521508,0.24347070063696097,1.0052630886134164,-0.22292699982465947,-0.12025074049595819,-0.14412916358556904,-0.0185189386443666,0.0004937418977608576,-0.08195407928137677,-0.053149310010760176,0.12224989226752125,0.7667634642089671,-0.24628129654376185,-0.13688565733283387,-0.14953435619836475
2018,7,14,0.030620298552983094,0.03679469455956408,-0.030925923763951424,-0.046287281409817194,0.24845338529609706,0.9748705418297108,-0.20675364894945125,-0.13094968156159936,-0.13877344580412532,-0.01701148401375585,0.0024265990612788446,-0.07950017318376079,-0.051030363391951994,0.12032680591352318,0.7429152367019929,-0.23272987102774967,-0.13808801220897715,-0.14450458360823515
2018,7,21,0.0335537865642368,0.03944235098895543,-0.02687748732320261,-0.042003825541192086,0.2519042187047842,0.9804993727566489,-0.20450616217488538,-0.1237011895843585,-0.1439070337726006,-0.016447993396904836,0.0037312495077264085,-0.07850296661387068,-0.04912584522381236,0.12083061041184706,0.7436367710541794,-0.22929216700563892,-0.14077538166211578,-0.14585019144645417
2018,7,28,0.03319657419958344,0.03681237705554863,-0.02681071090201459,-0.041019379867784256,0.251015905022244,0.9750219094761519,-0.203904873805122,-0.12271381281956173,-0.14360033826094332,-0.01631892236008703,0.0033588970258273676,-0.07789551449904697,-0.048605995483364195,0.12033431174077203,0.7414157948036997,-0.22807332897889288,-0.1414154949036871,-0.14230087265732883
2018,7,7,0.026230337408311932,0.03549860471650468,-0.03598830486962423,-0.04889593159533823,0.2419780438667296,0.9766037908183636,-0.20628940541853247,-0.1479923960813071,-0.1409510805362384,-0.019042187666657218,0.0019192023743157538,-0.08185564142421942,-0.052853983885338685,0.11853651112644137,0.7454867864354988,-0.2325914804216912,-0.14775698630477474,-0.1460970512504257
2018,8,11,0.029647103526170504,0.03487097374499948,-0.03012274764953693,-0.042477014978725136,0.2415539171042158,0.9519934520461311,-0.20251406083520462,-0.12542035214125968,-0.14089318840944143,-0.016079664714201858,0.005480466437929987,-0.07783854679315239,-0.04898813435106819,0.11912329831109769,0.7322927587436432,-0.22288407400360521,-0.14274021158923456,-0.13764749161234358
2018,8,18,0.02589904744028515,0.029904962860170636,-0.03375984895562789,-0.041711113094093366,0.23070268442348696,0.9268710748598874,-0.20312960102939182,-0.12125789796862863,-0.14318268734010808,-0.016005271337043103,0.004533677377695389,-0.07772724636108885,-0.04757471002167735,0.11823612299294584,0.7284308969036211,-0.2215122319551186,-0.1408232797713418,-0.13937138282939754
2018,8,25,0.020583297796961775,0.02512530910655597,-0.037115845594135055,-0.04384221589904036,0.21418240599516514,0.8939866237011522,-0.20424647401534324,-0.12010222064025111,-0.14103942510958445,-0.015820426716690816,0.004567806010950637,-0.07706095883609199,-0.0477872458587123,0.117763098327752,0.7230950651765156,-0.21951106875417392,-0.14097388098587837,-0.1382054871966767
2018,8,4,0.03145649256856764,0.034910486914149885,-0.02859656084458928,-0.0422956244312942,0.24677432203548721,0.9674958295664222,-0.20363477456890267,-0.12653979566664064,-0.14107236485522223,-0.016657699682330107,0.0033328121010458567,-0.07875190319999315,-0.04974383308918173,0.11933855905090107,0.7390107237516914,-0.22643602008517005,-0.1445548672691307,-0.14069160859116348
2018,9,1,0.015449266616055501,0.022377145731876436,-0.043455496928322956,-0.043307926165041644,0.1972336597981177,0.8669260212132779,-0.20314631962250307,-0.1287701616473026,-0.13359357999550314,-0.015792413774666447,0.004499552385909267,-0.0780929372472281,-0.04635980898634273,0.11647105999522234,0.7187474946982286,-0.21633801515712137,-0.14616805803139776,-0.1353022276118826
2018,9,15,0.015479751416389576,0.02387825089279616,-0.04254782068867613,-0.03609064042524013,0.1817720267001326,0.8401020276384548,-0.20179377669563925,-0.11643105327530745,-0.12929035359942165,-0.01517747941005232,0.004307687471284405,-0.07772838071760646,-0.04511034445630702,0.11528742262294545,0.7123657884147514,-0.21413900160757737,-0.13876984093262046,-0.1382028984354764
2018,9,22,0.017570765230175533,0.024122383314420404,-0.04043392986823047,-0.031324483832424255,0.17876120937511764,0.839192304790292,-0.2020982739033842,-0.10899631938816834,-0.12684634658880467,-0.014534279071068856,0.004116334703216484,-0.07750554390601216,-0.04339758007994077,0.11481853128079633,0.7109158126247153,-0.21325197341392832,-0.13954317253338078,-0.13646001758122828
2018,9,29,0.018522734065861135,0.02462720608376512,-0.03769628858284335,-0.0296256076830963,0.1768284523328607,0.8353874114497803,-0.2002618280373617,-0.107165333851723,-0.12476339743868137,-0.013664084090054929,0.004714015838227947,-0.07535331120958066,-0.043166155720579025,0.11547436366727148,0.709505659619172,-0.21133814608038515,-0.14002963225474108,-0.13637802579437197
2018,9,8,0.015423608291011082,0.02551852802323129,-0.042525844608301,-0.03963318258148141,0.18763159352294512,0.8516565635517266,-0.19861039431882888,-0.12890002149829438,-0.12937878440480277,-0.014463137391613978,0.00688709674251009,-0.0765927472464083,-0.04480291202822806,0.1163506730644086,0.7174226589089312,-0.21242233423532153,-0.14364747021839175,-0.13615323926257716
2019,1,12,-0.003186378060430761,0.005730422883741593,-0.06150685336864914,-0.026922847643293002,0.11904495506373691,0.696655638440075,-0.19851853793422303,-0.1106195366941215,-0.11409135769848311,-0.0068994571647440495,0.0057911220221948945,-0.06404899404679776,-0.03262398054111815,0.11433085032298473,0.6626923108169354,-0.19134646121353271,-0.12081173213208307,-0.11615408310684794
2019,1,19,-0.0008516076330260525,0.0036321550472555586,-0.056519885850014884,-0.021502325665124555,0.11812387886801035,0.6977562473629233,-0.19690488012308993,-0.10303303569263766,-0.11715003479984121,-0.007433922271525728,0.004536302957508953,-0.06335815529651734,-0.03158631850186877,0.11059578584769669,0.659830379842488,-0.19053101281857554,-0.12127755506467952,-0.11804821362317597
2019,1,26,-0.000276421015523276,0.0024984182381615483,-0.05547312721174369,-0.02053092654534161,0.11954094131092208,0.6940556852772592,-0.1958472734720499,-0.10240156992626881,-0.1134975203912334,-0.008428124050503638,0.003078315519969399,-0.06310685974692565,-0.03162335053525178,0.11010446517357653,0.6566267443430907,-0.1896619175007711,-0.123087316466023,-0.11581727436015288
2019,1,5,-0.00928591627743014,0.0037719773178088722,-0.07069730423991494,-0.035682156077526894,0.11538770447766633,0.6934502619468796,-0.19696370357952664,-0.1344779095663281,-0.11357848897113232,-0.008574609740066075,0.002923038963859259,-0.06589207469921432,-0.035145988653589866,0.1103501255106365,0.6653857682963651,-0.19558812120181734,-0.12226817694373482,-0.12164988896487505
2019,10,12,0.03136269917685097,0.0240509490235028,-0.013556622846775057,0.001568153891488011,0.1566857601030247,0.632665375578535,-0.1362647948218113,-0.06080113819683386,-0.06895126487010528,-0.00015208442764247376,0.003975042647414551,-0.05180646495055374,-0.014294491981274526,0.10032607703414231,0.5156860247233057,-0.14775426064379216,-0.09250574550657364,-0.0796700089598873
2019,10,19,0.032631047200406105,0.02462596065995415,-0.012502155670154114,0.00432771594415704,0.1543424756555838,0.6305442629532643,-0.13458917409313742,-0.05786382100630538,-0.06777570376988751,-0.00001689029005502718,0.003668093081072188,-0.05164340323451144,-0.013781579634062568,0.10012171340442655,0.516463556747363,-0.14692946462542344,-0.09204005873588661,-0.0790958811631649
2019,10,26,0.031845268755720024,0.02400094086818938,-0.011963651581946455,0.0054855584777637745,0.1501936898096805,0.6250669245579958,-0.13539295570396392,-0.05670722454478394,-0.06653999753179007,-0.00034344808991804143,0.0031988382810723692,-0.05186725893548261,-0.013499607626120569,0.10044756269824395,0.5159824447236228,-0.1470909959874791,-0.0918027928130094,-0.07761814253591715
2019,10,5,0.03165267057707566,0.024500291256509987,-0.012866287439169177,0.0004307614663681125,0.15740282578631337,0.6350136322757187,-0.13738479577921447,-0.05987434873655928,-0.0683199184283233,0.00032897839987877653,0.004561169082041738,-0.051530075442942525,-0.014230998001995676,0.10009161222698326,0.5146968283508251,-0.1489045399173442,-0.09111809404879578,-0.0789253934717008
2019,11,16,0.027021114109693878,0.021861080299024005,-0.02068969254175912,0.0067100560347077565,0.137324088805169,0.5899806100020408,-0.13635331395916983,-0.05676425899572557,-0.055932921178835304,0.0006317646546967204,0.002795707342565512,-0.0515745570640842,-0.01110953932748393,0.10332383700108361,0.5009300802581418,-0.14422394563157137,-0.0880827655604568,-0.07713903725494953
2019,11,2,0.029875005045099767,0.022507332608130426,-0.013643639971277932,0.00516871152885412,0.14542276318441405,0.60736727754066,-0.13539542928791848,-0.056242297276979936,-0.06034427253190422,-0.00028987849882966543,0.0026497461780137233,-0.052139663199575526,-0.01333273695504067,0.10219127234660408,0.5108526931694157,-0.14648007585913791,-0.09111706304183564,-0.07464935923640714
2019,11,23,0.025114392963464738,0.022005224770190734,-0.022391517312132514,0.004283920957205423,0.13380919758931942,0.5815172606620276,-0.13583660806699516,-0.06402749321732504,-0.048206255256268093,0.0022194004135744905,0.0025249326261584937,-0.04811491093156284,-0.011807903174982481,0.10452932366592682,0.498051153577874,-0.14264841850989507,-0.09170673676457175,-0.07492856771516287
2019,11,30,0.020901245971264304,0.022009859168061086,-0.02786526254180466,0.001589975330296367,0.12553669485119423,0.5738100722173274,-0.13332708804108506,-0.08046632213239668,-0.0459700759134507,-0.00038306636275575734,0.003188370627363657,-0.052664319091374145,-0.013404645269545323,0.09706884032351826,0.49932758555647005,-0.13830413913323258,-0.0981073468992335,-0.07605307013236262
2019,11,9,0.028953104506622918,0.022710130571757414,-0.016841533558834776,0.006355290656420376,0.14124819219745244,0.600999480815974,-0.13631357647140085,-0.05337001514705475,-0.06146157129093155,0.00025123986260244813,0.0026279182926451927,-0.05238143080075586,-0.012596461756227528,0.10232066972628506,0.5060352404498321,-0.1453672210620851,-0.0884559219339408,-0.07778850795795
2019,12,14,0.02278529776391891,0.02097045468895642,-0.028400189066632775,0.003961219970779917,0.13901170145711816,0.5631601574421081,-0.1407677988806223,-0.0556710216586469,-0.04357888813621369,0.0016502824775321834,0.003272842442531676,-0.04996344706261058,-0.012490190194623385,0.10282225336368422,0.4911637034030303,-0.13976639227780518,-0.08875948941539813,-0.07347949610652837
2019,12,21,0.011520624828255777,0.015110982233270231,-0.04302692864056323,-0.008863510336950986,0.12435135291930255,0.5437203376770048,-0.14289378636861183,-0.07744478826111745,-0.052113332843809146,0.002125785882381548,0.003405105454765911,-0.049309034477963976,-0.01209591090400064,0.10350760687682437,0.48744632298495705,-0.13879135838431544,-0.08826934374719886,-0.0725627083735022
2019,12,28,-0.006943350145099392,-0.0001405869010591143,-0.06346720215359336,-0.021225547799842315,0.09959305332238211,0.49491804869994915,-0.14340542051506533,-0.10840428038464323,-0.06289947692960784,0.0030009374930566324,0.003677317155181603,-0.049309034477963976,-0.01145872125123315,0.10399554609235895,0.4790892293272484,-0.13608825573226802,-0.0866004385410798,-0.072148699030946
2019,12,7,0.024085423442467224,0.021458409581963878,-0.024321976322106087,0.00457366796590053,0.13577035527029624,0.563683201090603,-0.13883647247707465,-0.05586035705412207,-0.04066600197388415,0.0009500791292862409,0.003193604454218013,-0.050987646531862385,-0.01272039757302812,0.10225597103644457,0.4949348292363942,-0.14037704828530495,-0.0900900599693456,-0.0743888800208693
2019,2,16,0.0019625292237037684,0.004576405035875197,-0.05169714718423046,-0.01898676817217848,0.12423146978734478,0.7001696606642751,-0.1955983516572949,-0.10172447689360897,-0.10788357017135031,-0.007876996243426193,0.005047413173106419,-0.061865071396235205,-0.03146709708727369,0.10830237181319413,0.6401721738002308,-0.18839743358821603,-0.11555233872092929,-0.11237162300798031
2019,2,2,-0.0004756236460993213,0.0028685529640901652,-0.05476883848824954,-0.019712687714280253,0.11902874636121674,0.6998016366154818,-0.19747251566165946,-0.10280283096016773,-0.1159209166964007,-0.008991251694712155,0.0027313272466653604,-0.06341877408252816,-0.03153593102366914,0.10966155872564753,0.6524934850744066,-0.1904877318636915,-0.12144903742144664,-0.11704915739211463
2019,2,23,0.0025924327212669684,0.004556217009006103,-0.05245612432850222,-0.017953238172051522,0.12636415142084667,0.6983958474626915,-0.19502944800056876,-0.10036084924651545,-0.10581132169621488,-0.00770014970850863,0.00542676255867014,-0.06233679293045902,-0.030807847816631817,0.10738595047087451,0.6363113923258057,-0.18812739531734668,-0.11394948375570291,-0.11388769838983215
2019,2,9,0.0006816759855134968,0.004267555422158287,-0.05398373276060431,-0.019174946362842227,0.12140002083800705,0.7011767059345049,-0.1961418921072947,-0.1012846269027009,-0.11604825174581301,-0.008354604797087495,0.004106583410544706,-0.06336722338042133,-0.03107514088833241,0.10981123784002444,0.6438726649252151,-0.1890700997070992,-0.11690527878453338,-0.11551165693278109
2019,3,16,0.011055624125657637,0.012229381322227617,-0.041881101887725425,-0.011457567085382925,0.14294003489501406,0.7193546232879939,-0.18682234216404991,-0.09464134329280627,-0.10567044112726187,-0.006704084765713048,0.0062526282313026815,-0.06044316497876534,-0.028313078768754885,0.10730852613934494,0.6351853270924657,-0.1839994343010709,-0.11367567706937898,-0.1095461347866814
2019,3,2,0.006283399043321314,0.008550571393749706,-0.04708484477449115,-0.014632737818211505,0.13294475751098056,0.7159359049584504,-0.1927732924950688,-0.09739034318718098,-0.11191540934292288,-0.007419805952974534,0.00509556306463721,-0.06159234348617826,-0.029625184690218798,0.10788698271905495,0.6392195868197288,-0.18674556469785542,-0.11478491804754243,-0.11756466853647585
2019,3,23,0.012821416905587135,0.01563356955527362,-0.03941404982659458,-0.010267847175580491,0.14466672209140663,0.7198497693337269,-0.18506456875732846,-0.09237922120808972,-0.10343468904974762,-0.005756256065310494,0.007619050365627045,-0.06060284821960582,-0.027588237897987367,0.10715426113206683,0.6301554166644381,-0.1836276935374651,-0.11119470395983966,-0.10813501910919132
2019,3,30,0.01615320911584872,0.016994965285339836,-0.03386245475220173,-0.008533171524710115,0.1514514271221925,0.7219338741304018,-0.18212356744278013,-0.08848412576899345,-0.0988826919079564,-0.004859722147730228,0.007575797990304167,-0.058544290204856186,-0.026124643688706706,0.10902901693092892,0.6264250785068042,-0.1814197984735919,-0.1091338516043896,-0.1057519458524212
2019,3,9,0.007502603331585922,0.01028687336561851,-0.04563662571106053,-0.014018030635316037,0.13669486882137583,0.7163096116591692,-0.190830898239018,-0.09623796285259756,-0.11157410823851877,-0.007817082405132347,0.0052491049230865006,-0.0623349277256291,-0.02982179513208605,0.10654822399610353,0.6342672158614702,-0.185934598508799,-0.11416869821415876,-0.11333611600392302
2019,4,13,0.020906608336176857,0.022066966519397546,-0.026584641613599636,-0.00943198259613176,0.15963685991464627,0.7451537919444047,-0.17033860521317112,-0.0984343196162687,-0.10765227767930896,-0.0040309870693445715,0.008943085979198129,-0.05586688510601734,-0.025587253924676645,0.10810819015580253,0.6281796219452458,-0.17455973068057828,-0.11551250761293086,-0.11214836101128456
2019,4,20,0.020918896926703567,0.02082346499224208,-0.02959249751068338,-0.009631481812350629,0.1606372996598071,0.740905461692297,-0.1674637006077847,-0.10051041477234635,-0.10703827230537111,-0.005986613565391763,0.005008724344825133,-0.05951592747919221,-0.026623034323281836,0.10405279763826991,0.619286150080931,-0.17360565574352183,-0.12126351737887153,-0.11359283843042767
2019,4,27,0.02391107551317795,0.022656562067339348,-0.02721093119359208,-0.006810928836501029,0.1683395936859624,0.7432352516105882,-0.16628641992188342,-0.09348421564068243,-0.10537263767133798,-0.005867962473570909,0.00451264740587054,-0.05943576508722315,-0.024862143608796572,0.10422582539312697,0.6138933129134239,-0.17366643206340693,-0.11768146887781783,-0.1143283210380609
2019,4,6,0.018811872758037307,0.019930223879846443,-0.029165483619830845,-0.008649497765310543,0.1546905229035187,0.743182449241574,-0.17320106088500775,-0.09976489479343975,-0.10908361037675007,-0.0038456615385018544,0.010417553288637471,-0.05592916071845133,-0.024458662191831237,0.10810094340056953,0.6334223425016159,-0.17587218802615212,-0.114405630491624,-0.11181316767427918
2019,5,11,0.03175809300482335,0.03352755055325041,-0.019915259335627877,-0.0035709471268893234,0.18676469748434754,0.7696090092750003,-0.16046463714601433,-0.09033969961623523,-0.10464718755863134,-0.004763233228023744,0.008115513615438275,-0.05717658619085231,-0.024350691659797308,0.10414081278102705,0.601895525062871,-0.16860245430593146,-0.11443384864097716,-0.10474755524259793
2019,5,18,0.03746445044381619,0.038799159531594185,-0.013511237127651343,-0.0011223525368837528,0.19723107673265705,0.7835795585948166,-0.15480624416262145,-0.08856511573130077,-0.10143060373416046,-0.003926763636152963,0.00963255467291635,-0.05491900863452803,-0.022840750129497822,0.10339385997252104,0.6036562424524423,-0.16772213279524784,-0.11386177486146243,-0.10307152404168085
2019,5,25,0.04036920398824595,0.03977251793652048,-0.011754718454838331,-0.0021193375472289278,0.20970026616856963,0.7937785069241248,-0.14921629585913332,-0.09462233555737687,-0.09871274971743216,-0.003932507471445135,0.007383134715582829,-0.0556790436375969,-0.023934630295513015,0.10504857223121111,0.6019926735084704,-0.1662640896844063,-0.11654044214734238,-0.10136747624885079
2019,5,4,0.02830644206983912,0.030540920270856198,-0.02369333360479864,-0.004604837076625845,0.17867479097173367,0.7585814519774061,-0.16318691276918162,-0.09203948125348327,-0.10464965499261414,-0.004888891091275105,0.008316912715407243,-0.05770000815115217,-0.023919472102534423,0.10550466285432925,0.60141139262029,-0.1699679000434694,-0.11405172963912746,-0.10665976809836597
2019,6,1,0.043924277966530534,0.046034572741366464,-0.007754717555236934,-0.0029251402837073837,0.21751539960097643,0.7975769158367352,-0.14458423331393144,-0.09563383588369712,-0.09093933326866177,-0.0035238295819243204,0.010192490486052863,-0.054702720143749106,-0.02405536284984766,0.1049537910040439,0.6000898084621229,-0.16561129232965066,-0.11312015848818568,-0.09674159325245735
2019,6,15,0.04798202476605118,0.04710026118675992,-0.0019212119391756044,-0.004470275557310943,0.22835782113866854,0.8111387557369163,-0.14660960912108223,-0.08279685934871372,-0.09580336355387964,-0.0032779655904664473,0.008621627881544525,-0.054778713568486403,-0.022953523381875285,0.1010314377445738,0.5782865754259676,-0.16879302622251235,-0.10425944676122834,-0.09935978369732479
2019,6,22,0.049555540753842164,0.04706660767215087,-0.0005401727031765224,-0.00750940237872133,0.23427180498897382,0.8148750467107562,-0.14488540862244637,-0.0835063274200778,-0.0932961466389951,-0.0024587421421978783,0.008750427724495635,-0.05446021844588611,-0.02263115265712512,0.10169169155135016,0.5772576936893479,-0.16833215129685253,-0.10436116519240701,-0.09702285082680207
2019,6,29,0.047536562243537084,0.0442143777044921,-0.001924292012170925,-0.012487388240874253,0.23425781901185183,0.8038090656212586,-0.14345840018859302,-0.0893304077198952,-0.08825016100030758,-0.00233810501503251,0.009339297895975873,-0.053551620717112614,-0.021454865643489196,0.10446143641619421,0.5768178850768233,-0.16797543410889648,-0.10462085407995136,-0.09486330000281851
2019,6,8,0.04642765889584766,0.046082883739964275,-0.002810397628930539,-0.002366699952685125,0.22180215286913274,0.8020529520704405,-0.1473310529581089,-0.08411124671531034,-0.09180433000563992,-0.003339702882759976,0.00824613390452944,-0.05396040732766216,-0.023772467712144474,0.1021252155010377,0.5802361388178141,-0.17236524744828585,-0.10068684669817096,-0.09779643614549482
2019,7,13,0.045733866352081876,0.041642976919591845,-0.003081111527532654,-0.01591806095564474,0.2299304556646664,0.7846463365024388,-0.13791041946164295,-0.0925587439419967,-0.08786449665218543,-0.002170079084782728,0.007023917212378938,-0.052228856639210286,-0.020815580686508572,0.10286996642867985,0.5675534007810175,-0.16538343387114207,-0.09955377886392347,-0.09380096430141882
2019,7,20,0.04906459024414578,0.04264674040203764,0.0019281381822899846,-0.01233765320891922,0.23205199764976236,0.7895441080822849,-0.13618665660908613,-0.08332801868007078,-0.09172625602339224,-0.0013993441185954358,0.006818974392003296,-0.050562739237252186,-0.019702733680473594,0.10189572017001347,0.5677138005005264,-0.16229306518659103,-0.10103936734897634,-0.09384176074284611
2019,7,27,0.04871365142546047,0.039310079345746596,0.001996823486182908,-0.01217121087481543,0.23241131467044895,0.7827563916916569,-0.13587898846067503,-0.08109205145061904,-0.0910045198832623,-0.0013479263867820501,0.005688581709703433,-0.05013387715269202,-0.0200772197874467,0.1024077793146907,0.5641338800681703,-0.16136142256075714,-0.10072086446794026,-0.08952174033546267
2019,7,6,0.0419035307293556,0.04094913087490992,-0.00894579141955787,-0.018497691177914666,0.22322005176922777,0.785321944058514,-0.1358634331280839,-0.10851451851696037,-0.09182260440762191,-0.003919228280932385,0.007129851988529667,-0.05567188005124668,-0.022802731668202902,0.10046083297532182,0.5686735694113836,-0.163334061367037,-0.10908095840728793,-0.09715115330387758
2019,8,10,0.04513238622751681,0.03615616108584874,-0.000051291094767536016,-0.01247849610751206,0.2234997618907113,0.7551591470643231,-0.1358851288694355,-0.08015688833142498,-0.08506108617126273,-0.0012659620829462703,0.006645342708468949,-0.049122941056632174,-0.01938900915339037,0.10155860130962968,0.5497830960217331,-0.15745897353932603,-0.09843076388830208,-0.08168773641210103
2019,8,17,0.04108850046390744,0.03255913181089043,-0.0049657130936332505,-0.01196586159458446,0.21237892124966962,0.7303766203246944,-0.13712532482843065,-0.07752366754315454,-0.08456467518583544,-0.0015221560584481875,0.006896513504264679,-0.05023249155434051,-0.018159524393314697,0.10020681200504145,0.5456576129037698,-0.15666675168791544,-0.09800431556621103,-0.08068143459581145
2019,8,24,0.03539012073915382,0.027077493043478285,-0.00946367152743599,-0.014187846623727296,0.19602664794570335,0.6987523912786124,-0.13896674346139115,-0.07681784503700595,-0.0823561763646442,-0.0017774158568101273,0.00618014490219565,-0.0507488928654487,-0.018674269729737625,0.09980634095554608,0.5409308791398924,-0.15530799357274538,-0.09879455635354795,-0.07937978995271255
2019,8,3,0.04725751624820962,0.037829410559252485,0.0019796973846311072,-0.012327445617365762,0.2277974849110771,0.7671991870287183,-0.13590821551300125,-0.08051921730047074,-0.08417424199774626,-0.001517463983610301,0.006000189534660638,-0.04940039374406069,-0.02013090663055994,0.10096717243727227,0.5542740300302436,-0.1601946744635524,-0.09964265628537339,-0.08398440176854682
2019,8,31,0.030673682827725646,0.024324214066739014,-0.013201474753777531,-0.015284102568430713,0.1802694419246058,0.669945948805343,-0.1370919140409066,-0.07998536528036582,-0.08031656065618387,-0.0012569747103517992,0.006431501009332541,-0.04926286639570443,-0.018726089243959132,0.09981818482536564,0.5351032940017708,-0.15108462559873492,-0.09906016380400728,-0.08172502108916069
2019,9,14,0.02994391996728174,0.02410824225567021,-0.013227663153746017,-0.005766243431774676,0.16508966969175498,0.6403517971958816,-0.13852295411287618,-0.06805915791013428,-0.06856333537165171,-0.0011719959781776312,0.004520903305887947,-0.04965079089130764,-0.014957856299734673,0.09924686287901663,0.5264368937207986,-0.1516931749784982,-0.09106415424132563,-0.0778484540727935
2019,9,21,0.032281156124566834,0.02420779658183725,-0.011317424851421953,-0.0011568351541501043,0.16256134876092765,0.6378876958749959,-0.1371719744781149,-0.06021092212083923,-0.06750312156092664,-0.00037483935383664235,0.004226050426886951,-0.04977488212071124,-0.013639039826200627,0.09931957933897295,0.5234774723139775,-0.14901238476311096,-0.09208923515745182,-0.07753537802428279
2019,9,28,0.03254001800679163,0.025120460280550816,-0.011391223884795632,0.0004260091572900748,0.160782167060451,0.6313267985499313,-0.13640134819170702,-0.057384187360557504,-0.06535688850089849,-0.00021917763635104226,0.005173470436576677,-0.05030580907667892,-0.013500045545853379,0.10017539185781654,0.5196286508967833,-0.1482166879124256,-0.09194664137852027,-0.07724229515843739
2019,9,7,0.029422798629125557,0.025877564317045243,-0.014535758728276282,-0.01051996491447682,0.16950374601267582,0.6473778664640415,-0.1345985899068468,-0.0810772831589387,-0.06839343765559303,-0.0009103077269653204,0.007480583095293758,-0.04976690928932881,-0.01590212224194909,0.09885765760809662,0.5273502169795345,-0.14893278023988465,-0.09703604828722034,-0.07515963591905284
2020,1,11,0.008604977843297723,0.007238823221325186,-0.04667338167756063,0.001063327342175624,0.11121354899407176,0.45524036296456116,-0.11313611226961606,-0.06931225525002882,-0.061978459453417845,0.005398420182199937,0.007806978326515335,-0.04909191083034725,-0.0041039561922999734,0.10669430358909104,0.44008526610039134,-0.10651531302969608,-0.07900547077425568,-0.06505174855907447
2020,1,18,0.012457490823858386,0.006108210414872417,-0.04085335450169858,0.007106347256214063,0.1131160784032681,0.456209206152572,-0.1097439170347978,-0.05893277513421158,-0.06451104860094914,0.005711662196326683,0.007106521096475582,-0.04793033276547698,-0.003005501784761,0.10569265037451636,0.4364412357885601,-0.10409923535294308,-0.07800712504260598,-0.06635021575576139
2020,1,25,0.01289260346634058,0.0056790503951393845,-0.04093111956327822,0.008325818217719272,0.11375698786240629,0.4495331618792646,-0.10811974900492016,-0.05727517502294255,-0.061097228303568674,0.0043025327534069735,0.006299548439346436,-0.049071339615078036,-0.0030836216798514338,0.10434471717787464,0.4305269065349797,-0.10248744176381641,-0.07915610176041965,-0.0644305035232442
2020,1,4,-0.00036000794507895506,0.0045580072845212705,-0.05729351117138082,-0.011336201275609525,0.10629444247752584,0.4541250963905781,-0.11601562013363642,-0.09634263933750065,-0.06564890647219657,0.003872565174661391,0.005100643048938869,-0.04911803231326639,-0.007955929683641338,0.10399554609235895,0.45888476411689316,-0.12080905069357539,-0.08409097427244128,-0.07158990677716626
2020,10,10,-0.05454077232500376,-0.04492737469552899,-0.07040273107759742,-0.0664789027397592,-0.05801034195415855,0.18601032872025436,-0.154822535022215,-0.07631802512206798,-0.05228804089542771,-0.08392252421320467,-0.06393181212718813,-0.10780760939747791,-0.08175183308983092,-0.10288461305520769,0.09804144729826358,-0.16609340916775794,-0.10832683726063297,-0.06256842628057069
2020,10,17,-0.052411741268208134,-0.04253675522210043,-0.06743725195292094,-0.0635821519457751,-0.05802766880961785,0.1831488940073458,-0.15112273354644024,-0.07381622032874435,-0.049231823658599794,-0.08285727454912595,-0.06229982123829225,-0.10562438055972789,-0.08098822998260835,-0.10115971100959864,0.09916903334244953,-0.16320222619413793,-0.10812151420066274,-0.060432556952078054
2020,10,24,-0.05220224345645752,-0.04094639957612001,-0.06680986384118115,-0.06216569821957507,-0.061253098351265134,0.17952865737971901,-0.15052217913285326,-0.07119361736465657,-0.04965869917362398,-0.08247934541308499,-0.060989203445157236,-0.10575352966407536,-0.08067193764138791,-0.10040975918742301,0.10026934266141674,-0.16196504715613314,-0.10693480294579272,-0.060415386836131235
2020,10,3,-0.05567738303644387,-0.04659488095344788,-0.07223376227203537,-0.06775504963386403,-0.057742945563286296,0.18774073383082612,-0.15727898519897965,-0.07751286413977565,-0.0531317519999851,-0.08477639366858647,-0.06516315837636844,-0.1099216498587281,-0.08176339320887127,-0.1035224625429334,0.0957610393190913,-0.16867073019942402,-0.10897595589273346,-0.06323084213734242
2020,10,31,-0.05301452316808586,-0.04127949605423231,-0.0654521651742147,-0.061553390613568126,-0.0687105380847749,0.17353199915669437,-0.15017924865038512,-0.0720318821207786,-0.04753530676993112,-0.08129527452319574,-0.06022940889121531,-0.10301059024661607,-0.07958403566757366,-0.10135229611114582,0.10421621409159343,-0.1606221865523758,-0.10715277930942735,-0.061163137715832594
2020,11,14,-0.05478148243564218,-0.04069879580337721,-0.06441749126019336,-0.061140355359322385,-0.08059083439010883,0.15636138590183513,-0.15051524928673854,-0.07255975860894615,-0.037552520985634996,-0.0793197291088169,-0.05872160709713137,-0.09417256640597027,-0.07880594631334226,-0.10377206894799562,0.09389635918605999,-0.1575122506050316,-0.10521818587938037,-0.05770969439269502
2020,11,21,-0.058475713013595,-0.04115321400365246,-0.06836465551917592,-0.061185049573780126,-0.09773604385089318,0.13908875324667558,-0.15209544809798237,-0.07914748739848221,-0.02653433598126076,-0.07968421462041708,-0.059664702997806685,-0.09323923951214408,-0.07701045698738718,-0.11681507758790888,0.08333180412442376,-0.15768464838250196,-0.10736006887061234,-0.05370466217617742
2020,11,28,-0.06344544866968771,-0.04195187215036644,-0.07147481173930792,-0.06262263224879172,-0.11822114430679731,0.1292114874313739,-0.15091673983038223,-0.0942625452270821,-0.025155746361926856,-0.0818761925176128,-0.05948590311846613,-0.09439731139681096,-0.07664266131861075,-0.13316343819286003,0.08206546006664062,-0.15530325226368868,-0.1095626333754296,-0.054882334595711235
2020,11,7,-0.05343166666004573,-0.041232906899318245,-0.06421978445204801,-0.06112594703094387,-0.07309984705383243,0.1630347673088346,-0.15001834327287178,-0.07125246878958158,-0.03998123499724493,-0.08016046873723259,-0.060204776577437835,-0.09877844282851578,-0.0798604456206371,-0.10105004254520733,0.09533207633157326,-0.15831433372194936,-0.10680053829795388,-0.05591084296938398
2020,12,12,-0.06542439747819528,-0.04193863614079174,-0.07101822814883496,-0.060995513683977376,-0.1376758273011287,0.12126096170103384,-0.16524613353919437,-0.07437993227312134,-0.024185758214055553,-0.08060385506535639,-0.05902442590124923,-0.09127926451729063,-0.07671586692516075,-0.14953960894528462,0.07748841248147675,-0.1575984494937669,-0.10690634216624273,-0.054174853622361185
2020,12,19,-0.0741914464747504,-0.04764748290089338,-0.07818100892579127,-0.06923379194764623,-0.15759557661786083,0.10232976130724869,-0.16749969737304193,-0.09073342155948572,-0.02565155671915842,-0.08060385506535639,-0.05868930225072799,-0.09013115504574165,-0.07608152418202496,-0.14953960894528462,0.07379724300163715,-0.15640775143436014,-0.1061795303387626,-0.05301773474862703
2020,12,26,-0.08765572998956062,-0.056891562907366744,-0.09496609096210118,-0.07949095223228353,-0.17504853520870545,0.06951493490039584,-0.1648406627210406,-0.11802694667659563,-0.03580805441846302,-0.08056894708152618,-0.05844116077115058,-0.08874671340791063,-0.07364040773383618,-0.14953960894528462,0.07098150416381022,-0.15437788285542997,-0.10538835412947578,-0.05067070223224146
2020,12,5,-0.06356303704373656,-0.04274746802247964,-0.06842299835150811,-0.06071229734632311,-0.13073492914527785,0.12325135778128704,-0.16088177725482655,-0.07621286080439704,-0.022930157372981763,-0.08072787163021411,-0.05939284104195541,-0.09257523823043623,-0.07689976475954907,-0.14200609377567563,0.08068187642589231,-0.15799949105222566,-0.10697347449016226,-0.05476368983212809
2020,2,1,0.012761179598864025,0.007536167805848537,-0.04132193202911061,0.00879697540712665,0.11328750826139511,0.46157693098048713,-0.1122632409323544,-0.06051710735435212,-0.060521969995781855,0.0037824745725387743,0.0073766399505439395,-0.05014971038998273,-0.0033450593471093804,0.10429971543215255,0.4324804903014885,-0.10519322529525332,-0.08114179763775131,-0.06259675879806803
2020,2,15,0.014620581291765689,0.008207109635392618,-0.037475869335102496,0.009392071889962494,0.11666870512546113,0.4599863681260221,-0.1094599323997324,-0.05864571315326117,-0.05731969665772485,0.0044297858136048696,0.008786587619500574,-0.04779494394296113,-0.0034603427541097798,0.10097755338403402,0.4163527347949416,-0.10213949806084932,-0.07304741625139566,-0.06205773486400812
2020,2,22,0.01611338341644286,0.00814706514074448,-0.03714475543668094,0.011507454947368823,0.11864682232122337,0.45818845594848967,-0.10784491217749781,-0.05848657593888551,-0.05032619192250598,0.005574106542861834,0.009380141746688109,-0.04730581807731027,-0.001407835172048788,0.10022824045663103,0.41262859597205304,-0.1009359401927078,-0.07232141016352933,-0.05962220867353907
2020,2,29,0.017589039330587974,0.010423020949992035,-0.036562499202167476,0.013524950380733536,0.12460044445566343,0.4596178696282307,-0.10657150115654346,-0.0557282967752013,-0.05037978784312802,0.0038583225696091628,0.0073322090093888015,-0.0508700634378535,-0.001502885581733615,0.10115810554639149,0.4012535452109074,-0.10022253567130124,-0.07413314048903652,-0.057863450742908884
2020,2,8,0.013536614009887149,0.00833882650150053,-0.03938696286641152,0.00936290354494207,0.11309135690982619,0.4603060700970645,-0.11148617308767228,-0.058662949949429555,-0.05924712172510793,0.00396265577678423,0.008340946705419405,-0.04914415379618553,-0.0031117701700420497,0.10193301318551273,0.41937700459621996,-0.10428387670391137,-0.07511746587175216,-0.05921670857225125
2020,3,14,0.002714692577874933,0.002348357821209568,-0.044576903530765044,-0.003566958768733808,0.08364416734769176,0.4141240790736336,-0.11583638281066455,-0.06152925386034547,-0.06030088515548404,-0.01480538506096174,-0.0032884789276845794,-0.06250834367246283,-0.020667610510697654,0.05160433722918145,0.35239821932881954,-0.11255743844140276,-0.08158747040412695,-0.0650957503948767
2020,3,21,-0.06377038914067001,-0.03872818539919687,-0.08528736390853309,-0.0594485128804475,-0.13315640142596363,0.26332713661100704,-0.17707499281677308,-0.09796525024473168,-0.09671999645883966,-0.0803223110636696,-0.045859251518609034,-0.10476673447918494,-0.07634873159237887,-0.15600717527401076,0.2063088737831984,-0.17474758401904655,-0.1168398883818853,-0.10224602333552524
2020,3,28,-0.14008766223242597,-0.10914455223328356,-0.13455187063278118,-0.13018430146273097,-0.308494027276606,0.09003013094109291,-0.2461570705503291,-0.14437552306366352,-0.13666336494820763,-0.15685858187282364,-0.11627204604512309,-0.15553747465649126,-0.14645454965528903,-0.3261804253238777,0.04248434989530625,-0.24423082823445197,-0.16479883182635735,-0.14395481827480072
2020,3,7,0.01627994628914453,0.01056838729730436,-0.03590600538539945,0.011017371315930502,0.11944150861997915,0.44282013922042096,-0.1050301934220923,-0.0524793398645681,-0.04923470436372035,0.0008402124687718615,0.005906088861691305,-0.05264302281845423,-0.005372619800615319,0.09081608208669012,0.38007296897560705,-0.09981088350603096,-0.07162015595168236,-0.0519390693938101
2020,4,11,-0.21020023626162432,-0.18179310628273926,-0.1804447341808162,-0.2154097679380943,-0.4166545157614958,-0.07607588586190817,-0.3127843575110658,-0.18698859215860786,-0.16033016312221626,-0.22834446345448356,-0.1908516762793293,-0.2041089894200545,-0.22886649145724447,-0.43668617056387904,-0.13219776833979657,-0.31490934752988187,-0.20094735868305713,-0.16456834791807384
2020,4,18,-0.20811087186528043,-0.18250866152613066,-0.1782767634849851,-0.21653316901735564,-0.40547434318269293,-0.07759505645423093,-0.3138604735829147,-0.18219945353180156,-0.15125818425600623,-0.2282036946581859,-0.19445635829551833,-0.20280497148049537,-0.23074700098745937,-0.43069335206403525,-0.13832024248981079,-0.3180997880706319,-0.20048870593946877,-0.15791517835289093
2020,4,25,-0.19596908732662977,-0.17101043001783833,-0.16979182414565397,-0.2064471841421559,-0.3821782364813522,-0.058047145235868625,-0.30519241117960705,-0.16930149689975027,-0.13969583092365478,-0.2193184106398185,-0.18559820978672537,-0.1969856705984384,-0.221860184546548,-0.41573612826114537,-0.1275929329355857,-0.3109146270572567,-0.19153668017010317,-0.14930057784700412
2020,4,4,-0.19440809137501347,-0.16220421975750798,-0.17142519437584747,-0.19621543261970686,-0.39582023671939937,-0.04346947842643922,-0.2990115387633625,-0.1735171928834386,-0.15330386362398474,-0.21094427037840302,-0.16804827443782233,-0.19283767281557218,-0.209654999163142,-0.4123615430720895,-0.09549587171694252,-0.29998744473977434,-0.18505132398490276,-0.1558765609488446
2020,5,16,-0.13896867021125325,-0.11577853603699895,-0.13427296888845386,-0.14906535120377573,-0.2595437664195607,0.031802307934939655,-0.25418792143267854,-0.12138268509026118,-0.08877882730937792,-0.1748366065944842,-0.14181666470548393,-0.17115983682705416,-0.16839401520719544,-0.3271766786714633,-0.08859048128232105,-0.2657317702956986,-0.14620399591322208,-0.09000060247547503
2020,5,2,-0.1762079071794409,-0.1500795421866249,-0.15798471444342543,-0.18340707913422505,-0.342064724614599,-0.032345540373344805,-0.28729579012092343,-0.15127742530092725,-0.11930073706397393,-0.20346088645305982,-0.1689270050241607,-0.18739357909207188,-0.2002017067750521,-0.3861410920853734,-0.130855936335195,-0.29224726878487584,-0.17173225428538197,-0.12135557428778931
2020,5,23,-0.12520232776510276,-0.10347486013635565,-0.1259893395618351,-0.13794957141711206,-0.222199565044646,0.062240545678540427,-0.2389453006031086,-0.11734166994940709,-0.08066305203666824,-0.16463937589435418,-0.13332404489535965,-0.16604238001667937,-0.15803993171678488,-0.3022555123685615,-0.07056410558078252,-0.25534552227960705,-0.14004362124556113,-0.0831547260608676
2020,5,30,-0.11318930402436667,-0.0908016390021319,-0.11842614880366753,-0.1283040202963115,-0.19423050812899856,0.08437986311976786,-0.22452866060386367,-0.11301788824382286,-0.07322118301784397,-0.15579530849664613,-0.12397726623590477,-0.16122856341239666,-0.14767144618422978,-0.2831982916932172,-0.054098200505241945,-0.24559927431682582,-0.13125580505498258,-0.078816351412895
2020,5,9,-0.15766679499368486,-0.13267746894319477,-0.14636860567498988,-0.16676558812664732,-0.3045055870852107,-0.002418790230665935,-0.271164480640243,-0.13429364046255776,-0.10453823808159501,-0.18843173231092503,-0.15496627724656986,-0.17908749343640906,-0.18523394980926222,-0.3593506490673144,-0.11121204374643734,-0.2775288747027853,-0.1572718759982069,-0.1039106672107033
2020,6,13,-0.08922887602822116,-0.07321309706375356,-0.10090904493685682,-0.11301546086377867,-0.1193267115407387,0.17661245859786523,-0.20730001835363887,-0.10285779220990399,-0.08315016894477922,-0.1364971717916681,-0.10979408243844302,-0.1503305805595313,-0.13038218000204638,-0.22734758943077804,-0.005605483079249907,-0.23048324732468806,-0.12335714706548406,-0.08727651389666546
2020,6,20,-0.08007723161946145,-0.06664302170069569,-0.09526652507292588,-0.10915643276911668,-0.0840443977506814,0.2000208269864121,-0.1973867370080603,-0.10074877570507845,-0.08011599428105842,-0.12865207314333182,-0.10348365666961434,-0.14618411135227938,-0.12298594917894468,-0.19970340736994663,0.010834701185804096,-0.22196830284392566,-0.12135780439581234,-0.0840815594381068
2020,6,27,-0.0764425274395919,-0.06493912692801385,-0.09220066067535737,-0.1081721141411367,-0.06942261842620268,0.20513437760972386,-0.1917943447120718,-0.10243896543946296,-0.07448134001743212,-0.12355160147972577,-0.09866097534475882,-0.14150641093704708,-0.1167177940977231,-0.18400825657078668,0.02309868884793076,-0.2172938575406701,-0.11818110811365656,-0.08138587154693866
2020,6,6,-0.09940235842413658,-0.08098432916577858,-0.1079268454182879,-0.11773133987540418,-0.15306140636936294,0.14787006761182653,-0.21758636994336755,-0.10718788096512877,-0.08236706621077505,-0.1448687006682735,-0.11686219926187535,-0.15529807397323203,-0.13757357981988816,-0.25180949149252774,-0.021872985379649657,-0.24367983763426304,-0.1213563226187303,-0.08884885377304541
2020,7,11,-0.0758856492530684,-0.06360533671923818,-0.09067710298776832,-0.10858096724687127,-0.06325632659192071,0.2179881805423265,-0.1866202493921506,-0.11379011584121856,-0.07969124647526515,-0.12013178126161994,-0.0967131607265872,-0.136440915267534,-0.11177105437359747,-0.1743840133262443,0.04414385760364059,-0.2151241819036338,-0.11830531539111266,-0.08512944899029473
2020,7,18,-0.07276725697822028,-0.06078611455511573,-0.08737487317629544,-0.10471212725845214,-0.06173834178527626,0.22261487937102897,-0.18461886613684797,-0.10754106372646344,-0.08057286488929105,-0.12000433618824546,-0.0948689692874225,-0.1370232289226957,-0.11058351983414472,-0.1764662685748133,0.04420258645358843,-0.211450554605496,-0.12410326236818969,-0.08209757133847273
2020,7,25,-0.0705374387585288,-0.058848761044996034,-0.08602126664634857,-0.10238781632286575,-0.05756539613200118,0.2210340018381598,-0.18205600127090005,-0.10383469437849879,-0.07743740485550243,-0.11763512571353185,-0.09093456237391706,-0.13575793131419667,-0.1090233080768932,-0.17282706921177227,0.045126211959476414,-0.20826271135220897,-0.12292130755072295,-0.07461946669051511
2020,7,4,-0.07671410784805333,-0.06269289144037282,-0.09182368288254716,-0.11099470946493384,-0.06703374050696165,0.2163918692586666,-0.18309346476098498,-0.12046905244283224,-0.08122777329474307,-0.11957064167710285,-0.09498902274023935,-0.13598211664992754,-0.11400175624493114,-0.17501940414005912,0.04218509503071721,-0.21095758755892258,-0.12052862815892063,-0.0859551539272041
2020,8,1,-0.06780710578348503,-0.05653316877870129,-0.08629334725325433,-0.09813826745729493,-0.05283409325618171,0.22720880269424581,-0.17795466885714817,-0.1064681152487944,-0.07336799913260439,-0.11396848743834986,-0.08709162542100124,-0.13553118543306708,-0.10476418523519482,-0.16566055048254835,0.05575889074831397,-0.20341069079314056,-0.1252185375692384,-0.07264455519970947
2020,8,15,-0.06621222320473708,-0.05620371118270806,-0.0834918625771135,-0.09310067891336504,-0.053119739992173454,0.2158056758836424,-0.17419970775022542,-0.10010264293486848,-0.07063544341272554,-0.1065420792363061,-0.08085438068842321,-0.1272193588097712,-0.09814411089925978,-0.15273067079944602,0.06714945305109543,-0.19432821125638144,-0.11998822861151237,-0.06562552661738152
2020,8,22,-0.06567659556482353,-0.05594222956767192,-0.08264930886539723,-0.08881406400194092,-0.057789103725921165,0.2067474366503994,-0.17208994670333078,-0.09517674875743187,-0.070604807957654,-0.10088358054120694,-0.07607573669940615,-0.1227325491015826,-0.09272165010792432,-0.14223717785186052,0.08206231297259214,-0.18890791072600988,-0.11710884720578019,-0.06629577889326477
2020,8,29,-0.06635717314965472,-0.055946753137769645,-0.08335368096154527,-0.08656808567327035,-0.062474983133529505,0.19709418655191313,-0.17147607003896592,-0.09390684635884816,-0.0677255452638531,-0.09628019726460979,-0.07246230834496725,-0.11833507671519472,-0.08916830235341078,-0.13143846007851034,0.09446690784562084,-0.18538945489802217,-0.11410435852918088,-0.06753808643254888
2020,8,8,-0.06643415876742831,-0.05676603674074043,-0.08406752485776414,-0.09509662779116157,-0.05204488070427815,0.22385133990008432,-0.1757733193216302,-0.10313872133552338,-0.0720196954193103,-0.11035285127536054,-0.08482234972204328,-0.13146344961375322,-0.1009702092077176,-0.16041591817187595,0.0570581372478971,-0.1980075329142128,-0.12080391457302164,-0.06742321057682932
2020,9,12,-0.06275946126108245,-0.049058197878990795,-0.08164138677441868,-0.07771215255153174,-0.06386064813538084,0.18857880588428566,-0.16038963649729543,-0.09663808030896948,-0.05954899223049659,-0.09151885825276906,-0.06740958985037848,-0.11663881325326886,-0.08555215589244092,-0.11814252007066084,0.1058950099674445,-0.17362868404480425,-0.11828790466906103,-0.06861874155792735
2020,9,19,-0.059966572097319926,-0.05137745850145348,-0.07695054246511013,-0.07243307319684067,-0.0626000600067852,0.19012811780458772,-0.16227018461328013,-0.08459280364192512,-0.058493016443413204,-0.09048363491596223,-0.06997813201752223,-0.11439149097846113,-0.08410605965625595,-0.11420371460430268,0.10649185054400312,-0.17381815745252116,-0.11665483385957165,-0.06844236561522976
2020,9,26,-0.057791550829850435,-0.04897318418797736,-0.07470208424609226,-0.06943873555307478,-0.05969989281303023,0.19039835838287011,-0.1604084900808994,-0.07946341985942029,-0.058241240100747826,-0.08855558310775402,-0.06768672493794614,-0.11258951813238838,-0.0825147633630825,-0.10871633148015503,0.1092641469344584,-0.17208981813881785,-0.11501568626546288,-0.06965045505445355
2020,9,5,-0.0647775231452411,-0.05333296875167548,-0.08146069531362932,-0.08172938631933979,-0.06267876433899067,0.19626639642829624,-0.16670148573926158,-0.09734093359043405,-0.06351098518396991,-0.09272731532196365,-0.06991204736710355,-0.11524833748310959,-0.08590311753285562,-0.12179252831639353,0.10764296757644942,-0.1803444980584461,-0.11344804834228905,-0.06918364096584328
2021,1,16,-0.07758909519815849,-0.0596460433814624,-0.08317942247565291,-0.06299139503084727,-0.15529420109541592,0.03848734060787917,-0.1462683539462002,-0.08461940332306894,-0.039478645849452265,-0.08104724139348007,-0.05758409706034984,-0.0878784088101906,-0.07121191059357168,-0.14823046853207789,0.049621370609393534,-0.1397979623106721,-0.10208374123844433,-0.042654841600719196
2021,1,2,-0.08991415402446412,-0.06228032467080458,-0.0973482802574106,-0.07663365747455497,-0.17231722844751152,0.03822109866653434,-0.15164559286218537,-0.11834362679067123,-0.04817460337912738,-0.08056894708152618,-0.057904710599163134,-0.08770816125460024,-0.07174643663769054,-0.14953960894528462,0.06500207573936434,-0.1482617743418737,-0.10456215584098605,-0.04855728505866708
2021,1,23,-0.07556133576570923,-0.05781192347088615,-0.08105049956706634,-0.06155446196424952,-0.14986494027205555,0.035200492582619924,-0.14330209023039508,-0.0812240029937954,-0.03605213839587007,-0.08124306178139518,-0.05599281208439033,-0.08726022916772724,-0.07171491583605327,-0.14481128177284452,0.046923471041750986,-0.13650331542360927,-0.1022598243169065,-0.04013338780058173
2021,1,30,-0.0737965961898226,-0.056401408905996986,-0.07812596628780266,-0.06074859703634394,-0.1428448575089728,0.03316366930325332,-0.14037447804425385,-0.07798678715428764,-0.03539448052552718,-0.08009065276957228,-0.05543398472552863,-0.08477778279161252,-0.07176042842223307,-0.13808138028546169,0.03832878181288524,-0.13257238395268678,-0.09987690653824,-0.03847238924495899
2021,1,9,-0.08227181069836964,-0.060429584618507004,-0.08953841508429583,-0.06794198797958051,-0.1635818555857882,0.03621228071423177,-0.15007471511990877,-0.09365947705938504,-0.04192030214727549,-0.08056894708152618,-0.05741480933192322,-0.08739907143336856,-0.07172368034460064,-0.14953960894528462,0.05564387688291306,-0.1420910807700272,-0.10291280680965365,-0.046964252621446545
2021,10,16,0.0019413644595887014,-0.0021021648383374725,0.004884040574933524,-0.022926156419550425,0.029777675337740783,0.02929879700049609,-0.018701023040085474,-0.017412606414735632,0.037505987382324024,-0.030106253678914174,-0.022504232523139378,-0.03620043654252547,-0.0409224855546344,-0.01820396338673147,-0.04648729069146729,-0.03086779432202036,-0.053388936889992245,0.024883442075117168
2021,10,2,-0.0005899729351825922,-0.005181688388831596,0.0008023601217217458,-0.027158960320422865,0.03280532240142531,0.04206847462047181,-0.02472283907967643,-0.022918207011663028,0.031067011900066888,-0.031626057107311034,-0.024562397360148425,-0.0401512704023389,-0.04204440438719248,-0.018025091995454212,-0.04394851388839993,-0.036748196762858454,-0.05625359168039612,0.020160079096669392
2021,10,23,0.0019034649996472197,-0.0023504892185365334,0.0048024686908054726,-0.02175552879101239,0.027370492530137458,0.022312552268828778,-0.01788306569843867,-0.015316751485298208,0.03994445496446786,-0.030359554589869275,-0.023510239030422042,-0.03697602838725467,-0.04112202469486348,-0.017399986063411754,-0.048755169561634615,-0.02966837394056132,-0.05340407902536659,0.02801747203801841
2021,10,30,0.0017356818844622701,-0.0015749653081904569,0.005142556097109896,-0.02039654512489608,0.022160023556759167,0.01507927043976176,-0.015529966782875437,-0.015456841902300567,0.04141574710902285,-0.02868899893539556,-0.02165862729097956,-0.03527438857500598,-0.03931318622948521,-0.016701863986538945,-0.04773559671267924,-0.02626968846889466,-0.052856721576260535,0.027799384765699875
2021,10,9,0.000504887543655963,-0.003795796348960212,0.0032589250481773746,-0.025153534637417096,0.03184106157909827,0.03674659805675695,-0.02125170976376267,-0.020785892034979825,0.031680742437673715,-0.030822162361393124,-0.023764798400930265,-0.03728113243064601,-0.041263466610329425,-0.017803788262829023,-0.04423354055720885,-0.032818165051431314,-0.054935068285795086,0.02026303724005163
2021,11,13,0.00184853987433109,0.0020338114899278725,0.005581755960457402,-0.018182532580603206,0.017044306610934035,0.015506317094040156,-0.017959057446920834,-0.011688071222582752,0.04189430178589393,-0.024952784911175807,-0.017115445610329183,-0.02718475455734537,-0.037050861098210985,-0.012824054477307167,-0.04156450719307947,-0.025095886334303374,-0.04738476563530336,0.022084398942604944
2021,11,20,0.000689537561594511,0.0033501010498357964,0.0031410268342442205,-0.019270724559279806,0.014591683478301531,0.006711980674869444,-0.017321236015892416,-0.017770285634314376,0.05333356265204592,-0.023243904785678837,-0.01651020441960971,-0.025455934353634135,-0.036161410069124766,-0.013533273039344706,-0.04393594518119859,-0.022718823788875908,-0.04768009430995401,0.025201868821152384
2021,11,27,-0.003563047665672059,0.002401909674500713,-0.0040273664792838115,-0.022378634979006606,0.005196043004135786,-0.004547863537027408,-0.012355419219343577,-0.03394753765619407,0.052629284619381655,-0.023338489516188776,-0.016144384954284496,-0.02890931370422678,-0.03677832642192358,-0.016428460748889817,-0.04743840035953317,-0.01700518085428493,-0.04893312367975533,0.022426816760223733
2021,11,6,0.002018989889036149,-0.00031909005359342935,0.005037990819694249,-0.017719544095161743,0.019014051513935426,0.02356070767639884,-0.01899249236869638,-0.012457396297407497,0.037402292744839194,-0.026771740023984747,-0.020206827185529463,-0.03240009110175768,-0.037686327354543026,-0.014791712341126528,-0.038508373920296934,-0.02748900014947686,-0.05048570680139741,0.020852709174577155
2021,12,11,-0.00024447821428374983,0.002432784113477915,0.0014930415384502016,-0.018532338849215013,0.012297174544720457,-0.009857738097830082,-0.020178055771230885,-0.007116921320644565,0.05703551243866589,-0.024145637213682347,-0.016812825014969612,-0.026028644452223193,-0.036458777361918604,-0.018036907423488846,-0.049146124836277116,-0.020399965699485656,-0.04584887136628546,0.024248640267823918
2021,12,18,-0.007756883175486395,-0.00014198988648783661,-0.008680677243482537,-0.02690075524218749,0.0018889297531918814,-0.02190278504961851,-0.022999419510098762,-0.022096593420371957,0.05493724538397071,-0.023394714195945077,-0.016327294686947158,-0.025570891970463472,-0.03630706661272487,-0.022164779982690952,-0.05085853536759555,-0.01963954645163013,-0.04425506579971672,0.024248640267823918
2021,12,25,-0.02709471672899677,-0.013214363821211994,-0.029778364161077042,-0.042864183845099046,-0.034427316290208454,-0.05804837313244615,-0.028490061685811696,-0.05408019279673526,0.03985803842227198,-0.023291197150933862,-0.015597056672532972,-0.025302129766402226,-0.03600662689400147,-0.026150156058231455,-0.052465477238162195,-0.019502065547098324,-0.04229787188422407,0.02505115684705106
2021,12,4,0.00007876849221721827,0.0030798529529239005,0.0035487145617125737,-0.018833489516966395,0.009436553596596342,-0.008829420729396409,-0.019630741914778982,-0.00880388048749925,0.05926101232122294,-0.022541257917555235,-0.014567800357876637,-0.021654810615618802,-0.03646483156751246,-0.017483381325777314,-0.047722329327811286,-0.02111993126489875,-0.043164863710958956,0.02654367186819684
2021,2,13,-0.0713803262953292,-0.05709777764553414,-0.07598566310663102,-0.05896963536039701,-0.1285854723107086,0.05124044408110362,-0.14049352234674395,-0.081522935376106,-0.03480752393873132,-0.0790162962270834,-0.05529641061476942,-0.08435289509705546,-0.0710658564993153,-0.13088137164230895,0.036455266544513476,-0.13296489587168925,-0.0946101995467008,-0.039022943492425854
2021,2,20,-0.07038845070432309,-0.05670901028371789,-0.07521085815756323,-0.05741483335186137,-0.12405989291954189,0.046989019491612494,-0.14020190398004384,-0.08173409999340164,-0.023847577684520505,-0.07846537820316257,-0.05417909133558896,-0.08389146956893867,-0.06926749234110718,-0.12916367911819104,0.03090790057798265,-0.13343846871499554,-0.09379598583637794,-0.03413897030842261
2021,2,27,-0.06376593159154809,-0.0502877070244967,-0.0692457766212421,-0.053905502547769824,-0.11490132916052775,0.05171784767026821,-0.13447505268116888,-0.07125175850864907,-0.019180434824613735,-0.07460839290814081,-0.05154608211589817,-0.08152903482518925,-0.06766487878383687,-0.12435948987860945,0.024615522290655,-0.12810716140976686,-0.08781543241797385,-0.028817699062906432
2021,2,6,-0.0721554241889385,-0.0574359128677564,-0.0750326567075984,-0.06001835207182138,-0.13553026115360567,0.05559222187701596,-0.14409530776499568,-0.07948009414861457,-0.03879131054016349,-0.07917299414991086,-0.0561801754788217,-0.08278319738026252,-0.071732444853148,-0.13340336917267803,0.04290462810478202,-0.13621631815809976,-0.09413073291083185,-0.03911477371480432
2021,3,13,-0.056251133514963914,-0.04626964239423992,-0.062288036103373745,-0.049683236135824815,-0.0944262797291957,0.0734995875807316,-0.12250477196593479,-0.07172653697045561,-0.02707616830229065,-0.07217620288617854,-0.05093421423621214,-0.07928576392671405,-0.06619729037607891,-0.11635384415812955,0.03553238720151697,-0.11893422410188037,-0.09074925698619518,-0.03217508671701641
2021,3,20,-0.05211811524012078,-0.042743354334234485,-0.058096343945404194,-0.04802373346157107,-0.08398730497591311,0.07220391624687794,-0.116805951108368,-0.0671544351997061,-0.0215090740350522,-0.06925352535045359,-0.04973816662666575,-0.07841286468946684,-0.06511567521911521,-0.10955556873203276,0.028035409548338386,-0.11521049801003047,-0.08599104177139294,-0.027937302290127697
2021,3,27,-0.05009502624934414,-0.040713675394007054,-0.05587034523000178,-0.047912888837212786,-0.0784940350365485,0.06862497399764034,-0.11318011929189886,-0.06407512940118731,-0.018908922164097453,-0.06940165772657436,-0.04903480668261595,-0.07907835522877471,-0.06528314363949561,-0.10797912024958856,0.023519491308431117,-0.1130409532354244,-0.08626361498879243,-0.027383089605968247
2021,3,6,-0.059371657475613016,-0.048705805273369096,-0.06531251415643957,-0.05055725071623807,-0.10391153307963152,0.07136730138359582,-0.12645150034210606,-0.075332506701549,-0.02830633287852169,-0.07258124180007064,-0.051780001896595595,-0.08062762882725127,-0.06638799859174571,-0.12000843868308742,0.03390889236968553,-0.12059676308395162,-0.09293700482882672,-0.03127858097996805
2021,4,10,-0.04472370431715478,-0.036886239389264164,-0.05036201976038934,-0.0472292166969851,-0.06324882785832153,0.07723933296117447,-0.10120486587981359,-0.07039588263332597,-0.015584501114505378,-0.06673822577204813,-0.04799345525133958,-0.07725479138713742,-0.062813388639129,-0.10119703261774693,0.010175802266394918,-0.10430695469658569,-0.08518065471251768,-0.021147852284444824
2021,4,17,-0.0399709502279012,-0.03265398348840798,-0.04706438136964186,-0.044714224155259386,-0.0524423567957385,0.07835586496284552,-0.09598376182557244,-0.06446254564261411,-0.009824047682242876,-0.0642815082620739,-0.046833734829726636,-0.07544191202735673,-0.060820874609456066,-0.09560403431386355,0.006701537491304421,-0.10150976414615165,-0.08429944474557893,-0.017911232366944807
2021,4,24,-0.03617905613788952,-0.030007182325389015,-0.042692885166004,-0.043375499748666835,-0.04265002138407603,0.07855888550869605,-0.09156266366980015,-0.059022185048244746,-0.006263427962853618,-0.06355316099273378,-0.0468170878280193,-0.0735395905659616,-0.06065686495962974,-0.09297365407213043,0.000653524511184056,-0.09888765726919246,-0.08290703637242214,-0.017479279187046726
2021,4,3,-0.048865705415576666,-0.041381738690331016,-0.05518534854483803,-0.049057782590574806,-0.07266200809878487,0.08002998494581748,-0.10497247641482688,-0.07869128548998294,-0.021927642278067094,-0.0689011617000006,-0.04908327300778936,-0.0794791166119665,-0.0643882468055822,-0.10541838630248301,0.020049075537713845,-0.10736054914476767,-0.09032825731707861,-0.0264281279419063
2021,5,1,-0.03269353693665,-0.026539189482643666,-0.04000813689201044,-0.04276917576481898,-0.030790066866024257,0.13438259506890504,-0.098609516532843,-0.0647557947586509,-0.021765270643678947,-0.06326673139459549,-0.04676966341383959,-0.0727145144835224,-0.060951126421590396,-0.0895805716048832,0.02899652914822437,-0.1052046399653872,-0.0870199990694227,-0.025482665787743275
2021,5,15,-0.02413230780906539,-0.020815766937123503,-0.03238004700227648,-0.03834360537426329,-0.0074723602960122815,0.13895661752663435,-0.0864536120415994,-0.056956808105879886,-0.016960406919084736,-0.06205996187463658,-0.047498031294225695,-0.0716426757468277,-0.058388524468435565,-0.08582532566165413,0.017968500441050805,-0.09971940571838045,-0.08328273616185544,-0.018668425160866864
2021,5,22,-0.017821087523363754,-0.01626373502361267,-0.026368838615607793,-0.03651316132122018,0.01118251585558161,0.1421658391757341,-0.07667805254977256,-0.053041699172232226,-0.012330688537963264,-0.05980765887776385,-0.04731271774131818,-0.06926653599191235,-0.057975571601147524,-0.07908586954291885,0.011657908976998144,-0.09538813765496901,-0.07890941765478143,-0.015868644202815307
2021,5,29,-0.014397917444205155,-0.013699954848042983,-0.02319694181073617,-0.03647818892062249,0.02405022351674968,0.1440448556747278,-0.0677425940420443,-0.05699821863070187,-0.009570044148048296,-0.05902940790497824,-0.0472744466474283,-0.06818610253514046,-0.056911679796931014,-0.07456579639278904,0.010374498737067306,-0.09177240465204461,-0.07777932939438725,-0.015932445051415556
2021,5,8,-0.028222068757874585,-0.02383528827689696,-0.03630290367615707,-0.03847949527375771,-0.01944512267665277,0.1356055697806564,-0.09079905512794151,-0.0614544132920023,-0.020487701761379595,-0.06186034650978045,-0.04733580401244808,-0.0719295505706915,-0.0582181804646662,-0.08734232844272416,0.021115373848044516,-0.0985551860200915,-0.08577448648768393,-0.02049486271479317
2021,6,12,-0.004869307092251307,-0.006836481290928731,-0.015331417010357451,-0.03504867746833762,0.05353842786538032,0.17698852359267803,-0.055304063329112974,-0.0614788177253468,-0.012719265872712215,-0.05416871041888072,-0.044315527160944446,-0.066993665502732,-0.053775527395799716,-0.06234282559875648,0.004223335220246316,-0.08147422519755287,-0.0824651349096297,-0.01911391262195561
2021,6,19,-0.0005204979712870594,-0.005472201350509076,-0.010651636052260272,-0.036674824749907686,0.06818422199583662,0.1794933559125269,-0.0500129000971723,-0.054950363408816205,-0.012414288269970264,-0.05118391687888568,-0.043510391314816155,-0.06416756900167342,-0.051607770351438265,-0.054678379910791386,0.00019570851346828455,-0.0774795801510273,-0.07691465084404991,-0.017249799049480763
2021,6,26,0.00034579261988954,-0.005442141636090692,-0.010949646742386632,-0.039772288366947794,0.07486491917065696,0.17305223370883693,-0.046124276599438185,-0.05555334308617488,-0.008467148844711891,-0.04938645843574352,-0.040897229742445695,-0.06329645870459777,-0.050147636007978114,-0.04756973034318146,-0.0005556884082306146,-0.07444784477276767,-0.07339318501219727,-0.016300034493887727
2021,6,5,-0.008011511426822104,-0.006223038722238727,-0.018460363583872597,-0.03429316726103693,0.04209860295000034,0.1744172847159995,-0.05416027157740322,-0.07352432814320764,-0.013124029675556037,-0.055594231568292685,-0.0434086296627324,-0.06776293459614335,-0.05488062015928752,-0.065891817374502,0.01244188694819126,-0.08360168688382663,-0.08664651570056336,-0.021963478107542733
2021,7,10,0.0013547968732099402,-0.0028861995835400833,-0.009767567279406975,-0.04455617311701898,0.08171135152760645,0.16718727457633986,-0.03363821234148068,-0.07098411820751471,-0.0027683183615581086,-0.04400520785200457,-0.03686609448573752,-0.05681208226126855,-0.04766671983640902,-0.03509224567002245,0.0025733191404309075,-0.06553689568551435,-0.0742386232185206,-0.007723562538615503
2021,7,17,0.00495402550509616,-0.001486807687299585,-0.007107318044005995,-0.040651936313851444,0.08904892005380449,0.1651650738476922,-0.03451881207959007,-0.054556955460353995,-0.0017516124708447656,-0.04389856046103946,-0.03617409316199616,-0.05859999743260891,-0.04654018970801721,-0.032616617074716414,-0.0032371669279234183,-0.0640124226578821,-0.0717295092299004,-0.0033894374531803217
2021,7,24,0.005971717394555931,-0.0010962040131649031,-0.005441048715984165,-0.03968340951051763,0.0909812484137793,0.15951366129062805,-0.03306610263416121,-0.04952513081642562,-0.0005870662717555319,-0.04322802325452546,-0.033995240308226315,-0.05776352005104368,-0.04676072439338985,-0.03208918455383514,-0.00691918181705431,-0.062011043868173354,-0.07035340588659467,0.0029724156334018925
2021,7,3,-0.0009737239245839469,-0.0063086273201241605,-0.011864422822071452,-0.045550037043205815,0.07562783903696113,0.16865461495286538,-0.03900926017129225,-0.06921052293127017,-0.00826476116206687,-0.04655684758352252,-0.03972580045230756,-0.059064770929733834,-0.04973783273459198,-0.04146736785290783,0.0020266112295876937,-0.06903152435093307,-0.07207959084288573,-0.013675983332397723
2021,7,31,0.0060107632394406085,-0.0019240260173316592,-0.003845752096302446,-0.03911443039974094,0.09013284884271933,0.15116120879098682,-0.031201140114932246,-0.04735481263999064,0.0010854723089024354,-0.042627121753702424,-0.03347757467904078,-0.0561121775240645,-0.04644249855475757,-0.03130635718545216,-0.00968665804942681,-0.05998341313005484,-0.06855159474862349,0.0026259867526992053
2021,8,14,0.00040604651188469454,-0.007370737536407823,-0.008108931496349281,-0.04168278163584993,0.07587158691811058,0.1170503472659099,-0.03379045556118432,-0.04321490475160028,0.005590032507534204,-0.04258468875285504,-0.03325126444136384,-0.05538048224364822,-0.04740268211788545,-0.03285104808596373,-0.0255422847496537,-0.05633871885809305,-0.06443063841642271,0.011618254671896366
2021,8,21,-0.003172411992463653,-0.010535780010914375,-0.009940075571602036,-0.040485620393588384,0.05926762560873344,0.09176785538904797,-0.035272685245476554,-0.03818373881199333,0.00822820758596099,-0.041151546808073536,-0.032109259357024356,-0.053612141008977265,-0.045736577275856005,-0.034311797973087144,-0.02790344079078999,-0.05420745068149768,-0.061897543252321,0.013661605586229086
2021,8,28,-0.008093976237764311,-0.014893817697166578,-0.013446406305189562,-0.04104055540202878,0.043137696127175884,0.06543805193800933,-0.03837570074256691,-0.034972877785866,0.010730667538380034,-0.040558165452182604,-0.03237500763116097,-0.05203677434868603,-0.04456240606832951,-0.03436062300551457,-0.030832882226958125,-0.05336409782556484,-0.058217083360312616,0.012162198412314806
2021,8,7,0.0035659584967722147,-0.005283565376591248,-0.004953415699604391,-0.04060613238264077,0.08482121243566487,0.13684750169545246,-0.03280234158539097,-0.04623922225870536,0.00480874433897216,-0.04285887651000597,-0.03405723350463197,-0.05566718318720787,-0.047496846925034975,-0.03188314702318329,-0.022743783617023783,-0.05753248289962365,-0.06538114254078442,0.010762402541667937
2021,9,11,-0.00786391006848286,-0.01032419659826489,-0.009551896124184278,-0.037602356768589695,0.031016029713879067,0.03406282701804342,-0.03151215785981554,-0.03341522818979181,0.028904823705671046,-0.03858392158418522,-0.029666043597113445,-0.04759761573858434,-0.045638825957777907,-0.030101826196666903,-0.040873386251205845,-0.046256868927007866,-0.05549163761460352,0.01933383970443625
2021,9,18,-0.004180899197441024,-0.008299109838332264,-0.005166042482375843,-0.03171153009422745,0.031653560544903536,0.03250900954263236,-0.03271084249007694,-0.017891310875413846,0.032187216547117314,-0.03662232833612833,-0.027809039867769725,-0.04593047380912796,-0.043994826643373064,-0.025992579627057588,-0.04305075892464594,-0.04504170704587773,-0.05170785148253032,0.021651102244321097
2021,9,25,-0.0027820734137125047,-0.006987875028490742,-0.0033584865147257004,-0.029696191467895927,0.032384768000361275,0.026890980335343873,-0.03126764883123978,-0.011395615027774086,0.033313543857472094,-0.03560468284583418,-0.026668105547275722,-0.04449218279969802,-0.043514791130651265,-0.02218805549605285,-0.0461093526225802,-0.04372926303036939,-0.04951677540121613,0.021870458267018167
2021,9,4,-0.010401878166686362,-0.01595356819300886,-0.013180221403407688,-0.04164188938809621,0.033032166946391994,0.046647080809135044,-0.038115289075858594,-0.03688971138098285,0.020759480655090146,-0.040194652818816734,-0.03301573634783772,-0.04976565931784582,-0.045976240939664126,-0.03350932429408804,-0.03361327679278059,-0.052143208999287705,-0.05521282337750799,0.01609097513757063
2022,1,1,-0.03683445173262401,-0.026629013931429357,-0.040914274434571296,-0.046241950795357645,-0.04068597754970671,-0.08115714318034006,-0.03158151713946589,-0.056100939913503844,0.015483991350196069,-0.02289258135161698,-0.015034385423102203,-0.023401567897394338,-0.035596803515372755,-0.026150156058231455,-0.05429542215506589,-0.01896837181767297,-0.04101213680373328,0.02505115684705106
2022,1,15,-0.02161607197244353,-0.018276530103082722,-0.020026154295902376,-0.028189679865720074,-0.029633459232849213,-0.08525536537684919,-0.023434033711289937,-0.014799146905719929,0.02931976834643968,-0.026133875794860595,-0.01741969570317392,-0.02568584958729292,-0.03645272315632486,-0.029417312761306325,-0.06728493516307055,-0.017886332828398133,-0.03257528546338273,0.024900444872949956
2022,1,22,-0.01656983228211062,-0.015867085290746097,-0.013307077274847812,-0.022492136320211187,-0.02566607653542563,-0.08621555291993577,-0.017310842309363528,-0.008618379289586309,0.036757105000003065,-0.023450938875701377,-0.015049728390781447,-0.02083739333620649,-0.033032023527774346,-0.02693741762567492,-0.0677559210512142,-0.011515023639449229,-0.03014313312813721,0.03235803384714386
2022,1,29,-0.014168672135756344,-0.013269728198234909,-0.007323249628964135,-0.020578593042639537,-0.02654364799035247,-0.08999394088943169,-0.015939668290961606,-0.0008656285928184682,0.04045261646060028,-0.021628756413681227,-0.013219540140225305,-0.015157392896095856,-0.03206837454788891,-0.028134659275857232,-0.0759983115292503,-0.009884860523848071,-0.02412168070714449,0.036800694395919376
2022,1,8,-0.02641792543442656,-0.019852979216902544,-0.024880456930052808,-0.03497186800912322,-0.03408090391129315,-0.08371151687140588,-0.027119920687572074,-0.027601624325144014,0.02728124710435509,-0.022512631828830787,-0.015009797818427484,-0.02150651366653744,-0.0346649298612437,-0.026150156058231455,-0.0586030923287143,-0.01820901906936756,-0.03758116049296545,0.024248640267823918
2022,10,1,0.027874658625855586,0.016601053206691585,0.041350639499958985,0.006233972780035124,0.04926255692204062,0.10086686652828547,-0.001528066787157667,0.019434189225082,0.013449151202659104,-0.004372881981180243,-0.0034381116872077566,-0.0012640634764775616,-0.009458988278478353,-0.0030677967340815293,0.009222264020260607,-0.013121924014270703,-0.014777517364106041,0.002547958066131395
2022,10,15,0.02889031881551274,0.017534625747855914,0.04115020984025719,0.009642992140181272,0.048416683329165044,0.08908613609656024,0.002120450566731602,0.02502914266431744,0.01528190352774672,-0.003964893857918206,-0.0031358928552712717,-0.001184046601414579,-0.008948455828479474,-0.0006132124194200284,0.007655333367578843,-0.009231481909055539,-0.011585821762336246,0.0019162310985763042
2022,10,22,0.029870787863670145,0.01889421723604423,0.041695526534103244,0.013101931366301445,0.04606098233208833,0.08569503546597623,0.003269668235506895,0.029089918579896956,0.015984504093960572,-0.0034368502870509854,-0.002761896214146242,-0.0013513330888140773,-0.007016356739032226,-0.00029846884472295443,0.008349097203395717,-0.008161229120429825,-0.010085950259689058,0.003576718570218018
2022,10,29,0.02819122960183229,0.017127562524844153,0.040377782063487855,0.013713824367920902,0.0386397463649073,0.07826232723086002,0.0031418494425292653,0.028601210854876546,0.015144605639250353,-0.0034067493507732305,-0.0035073743706285354,-0.0013476545326311928,-0.005932397906840303,-0.0021866888315406063,0.007892498804063397,-0.0072025068999407305,-0.009970395949059352,0.0018051225054811493
2022,10,8,0.0282617808543566,0.01801746597280318,0.04021344945211447,0.0075890391764981135,0.049292202550670794,0.09362436804930852,0.0005976002684824344,0.022446573737121556,0.014048851558607689,-0.004180594321555708,-0.00250762775003488,-0.0016786698914958986,-0.009321576369252127,-0.0014374298756391068,0.007376275072564775,-0.010319345736916397,-0.012870081811238054,0.0020347119305959005
2022,11,12,0.02574568359387941,0.01671857104815122,0.03654034242818627,0.015636205083002785,0.0332327712248337,0.06616218781780914,0.0020650304059883773,0.026598506757927964,0.020077382672215593,-0.0020996731757522147,-0.0029234890176865758,0.002080241718294573,-0.004075030307830518,0.0015894241439582402,0.0033934185398662997,-0.004239818269836548,-0.010124766233331806,0.000042093034553492004
2022,11,19,0.023584851028239484,0.01901946987831238,0.03345487698173932,0.013599806335715225,0.028503796795987135,0.05621685288359024,0.0010100503765575475,0.01974734704237724,0.03229323721091237,-0.0017366747813948313,-0.001423175255284681,0.002655040370529216,-0.003887362861419885,-0.0015918900027209748,-0.0004971578891509454,-0.003575103097826937,-0.011445998428662563,0.0043339904804782226
2022,11,26,0.018649572912195156,0.016673012031122925,0.026177240487094133,0.011115016064964456,0.01814760276725136,0.04989050737114864,0.0028971923712617365,0.0025317269882327853,0.03106552273930907,-0.001966301604958698,-0.002375561334315268,-0.0003498904790818491,-0.0037082228210373325,-0.005304564077220908,0.00023940204365469064,-0.0009030210071342415,-0.013751600754729698,-0.000015629615626733262
2022,11,5,0.026872878830187297,0.01709096189046977,0.03821297415354197,0.016389269661659434,0.033243897125989186,0.07212237877417227,0.001757364118417426,0.029153414835086267,0.016797882127748798,-0.0029001436288226268,-0.0031515127309602597,-0.0005661113306156818,-0.004419312561347644,-0.0020253502417312275,0.004667700583033563,-0.006076539544972448,-0.009784140722501666,-0.00047377439277240807
2022,12,10,0.022036182740893917,0.015632018786978286,0.02709333446860196,0.01737607844749367,0.029650803513122215,0.0413493009355157,-0.0052165713760193855,0.03497034666308263,0.03183338863028351,-0.0011264727736368663,-0.001879184680141699,0.00028457032098061497,-0.0016088615474052492,-0.0018709260656734061,-0.00012887792274796084,-0.004326664319970419,-0.0064011564194816906,0.0018230226879052402
2022,12,17,0.014639301739221455,0.014530982144003168,0.015251889477026381,0.007955533928408531,0.023030942766117057,0.029667403257293667,-0.00936047027054443,0.02168036009246377,0.030782879203618663,-0.0009447939930161686,-0.0015795511192673306,0.0003608798387493284,-0.0008719811405654143,-0.0016541959461683353,-0.00012887792274796084,-0.004125974429654677,-0.004851083421910318,0.0009415079524413006
2022,12,24,-0.0022506242013187183,0.0028789488132712204,-0.0024225208452742786,-0.005450479734596003,-0.009607949491864942,0.0008390221501100026,-0.017377988336786165,-0.005183644299764811,0.021270647117048513,-0.0008239326180980999,-0.000870329103714651,0.0009549726784230383,-0.00047095323028156777,-0.0012411341309895851,-0.0003682799664027625,-0.003793616843649872,-0.001938560196430239,0.0009415079524413006
2022,12,3,0.022098504855346146,0.01583511594474496,0.029746746478575448,0.017173712251810747,0.02560853053237544,0.038869170018161814,-0.002391761377286583,0.02924714329848177,0.03712522365925075,-0.000771677427129247,-0.0022502103976316246,0.004051368900514385,-0.0011801536104303345,-0.0008903782592584175,-0.005810056898354898,-0.004413510370104179,-0.00586950221041016,0.0038028375819245674
2022,12,31,-0.010591754478527227,-0.006046164988925962,-0.013168482513023827,-0.013105111284594684,-0.008964433542848371,-0.02901852498537627,-0.01747527920143299,-0.013227084011984913,0.016552007560252102,-0.0006099862185670046,-0.00018694703843769034,0.0003608798387493284,-0.00031869935521811055,-0.0012411341309895851,-0.0003682799664027625,-0.0022390620524807003,-0.001479245018984221,0.0009282762429780878
2022,2,12,-0.008146767457083648,-0.00793057292972954,-0.004077520260146961,-0.015956785484439684,-0.01235617622733709,-0.06508021376053441,-0.007653759070717081,0.0016304733516661063,0.02317793184719985,-0.017224201587500376,-0.007250619893724886,-0.01397684302928115,-0.028724895096269965,-0.0202364828465339,-0.07311332421067862,-0.002100438720500586,-0.012478705013444391,0.01984975482626239
2022,2,19,-0.006792751630919525,-0.006841585750023582,-0.0025292568382753178,-0.01637507796553872,-0.008809712193819319,-0.0689235217647729,-0.005967195034782935,0.00009120666918760456,0.03474111044726147,-0.016381055494209096,-0.0052430602608658505,-0.013100099532272425,-0.028780013767221724,-0.01941891446920241,-0.07776840374202854,-0.001317223712555493,-0.012760056019090471,0.024634329814595457
2022,2,26,-0.004954575409712447,-0.006067171893289758,0.00004262903871188328,-0.015182499543430539,-0.0062223168356569936,-0.07088079568714278,-0.004245844124264986,0.004092452801366164,0.03784577497071506,-0.01676820675960966,-0.007503510323189744,-0.013495616704582214,-0.029351288735233738,-0.020593256004923455,-0.08800139596694045,0.00003903255553550089,-0.01227105541350404,0.0277048287832955
2022,2,5,-0.011198705419759314,-0.010606429025922237,-0.004948997424664259,-0.01802673931136778,-0.020557554961777802,-0.06182297592194119,-0.010675415551620215,-0.005310409416011019,0.018965312695735204,-0.019491583702336612,-0.010398110777560476,-0.013940755836796548,-0.030377272722426962,-0.024451704669575136,-0.06809561679965848,-0.0044242883213844175,-0.01990201981291939,0.018692587980090325
2022,3,12,0.0018675766211304623,0.0010587695893906623,0.006160470077384739,-0.010489294986438025,0.008430202329136272,-0.022607549724016907,0.005449817098581056,-0.000349779945992279,0.00534561269529088,-0.015453724022538307,-0.004356608119378658,-0.012656038967767125,-0.027499218554635774,-0.018562541964669887,-0.05593245426728266,0.007203059647486576,-0.019910524061318657,0.0008567827450083332
2022,3,19,0.004748660212201772,0.0033698732892235572,0.009003335018068492,-0.008723637506120152,0.01583174293940992,-0.02605497618142194,0.010402696925656985,0.0045750795885850515,0.006792610397287069,-0.014011801096679544,-0.004236977883230519,-0.01312490795651755,-0.02634149494597615,-0.014884227153246776,-0.06479782085488262,0.010006560214208982,-0.015202365563463771,0.000732733251766593
2022,3,26,0.007186300351735175,0.005750532094305427,0.011348999508490332,-0.0075062857557623985,0.021373363545869495,-0.029051278219490717,0.013522356492757348,0.009735049465980694,0.009355184563559327,-0.013703156318357945,-0.003400217361452018,-0.013721590606532996,-0.02535483722503784,-0.012794345537760043,-0.06846755432835971,0.01142901870817492,-0.013541187193856663,0.0013477441492038
2022,3,5,-0.0006790002337386802,-0.00225010931432168,0.0033655089976534214,-0.011533700846299344,0.003927465696370813,-0.02105986080459743,0.0019155717316319265,-0.004829288322740655,0.003802969384510302,-0.015281289629785144,-0.005817709733408449,-0.013628406183822217,-0.0279648592247963,-0.01727391815872381,-0.05380059271045268,0.006080219325883762,-0.022652806661927483,0.0011768916460768164
2022,4,16,0.011607462362807963,0.008440343777723847,0.018168281806956177,-0.007813227079560447,0.034522996728532984,-0.008868688242957723,0.015026466030817254,0.008616625630239794,0.011797415067358763,-0.014141419036482583,-0.006097022122215745,-0.012300997106716727,-0.02428629782193059,-0.013133126832115427,-0.07489377747436232,0.008716796687055606,-0.012933546855285916,0.004347507648846394
2022,4,2,0.0089321328226728,0.0064663777631059904,0.014720972113610564,-0.007871811971797982,0.02817699695632614,-0.0018244461841379067,0.009031778937117263,0.005816727068625571,0.006630155739658639,-0.012554402335455128,-0.002197437370247246,-0.011451448604844816,-0.02368324266238253,-0.009226491395160297,-0.0547028255699592,0.0051995155886228606,-0.006983876480557094,0.0014353328378011732
2022,4,23,0.014494631225945076,0.011653876126524798,0.02043941350629952,-0.007338651996816825,0.04265546121693897,-0.013179250365034312,0.01695068407804068,0.016679795585002877,0.017292880363473095,-0.01395273982598133,-0.005409597440148239,-0.012159997845780368,-0.024819075257956347,-0.011350078989716517,-0.08401585592562855,0.00905343271199377,-0.008654788889055798,0.006898337308274272
2022,4,30,0.018234930204855004,0.015567249107765635,0.022863570315769577,-0.004794844075098115,0.05061120201812086,-0.014427785701007445,0.020147152213541686,0.024852460965754997,0.02105871417796812,-0.013215984516536383,-0.004563603297679353,-0.011583813144896538,-0.02317106316951323,-0.011144574360524184,-0.10369770624886299,0.012234292339982078,-0.000281179011831445,0.016501651123215888
2022,4,9,0.010962891543554454,0.009045632445204621,0.017659617079581302,-0.008313423008836307,0.033150838480121125,-0.0040308109926897595,0.012594818041657518,0.009030717989258585,0.00762167722336593,-0.012345375742377485,-0.0028022302967605217,-0.011079159961276508,-0.024502175610484955,-0.009460448884537453,-0.06610074227916518,0.00898404618991222,-0.007279720501444209,0.002433260905330581
2022,5,14,0.02474506816838029,0.020811651980281454,0.02880361344992277,-0.0026516412579735693,0.07016583001381704,0.06966972334675692,0.018051275361907315,0.010451705932210675,-0.008112005711793047,-0.01390098036058307,-0.005748023971145377,-0.012072706231530228,-0.022697284199057255,-0.01087067035250866,-0.04232825398464357,0.0037512872844800427,-0.01782065213907913,-0.01021258009552406
2022,5,21,0.031230996213196693,0.02570654950233009,0.03578975151432218,0.0022420707640904425,0.08389596207421657,0.0857657800233067,0.022677964768424763,0.015260488794188065,-0.005536974903127989,-0.011887350982677125,-0.005602680268786964,-0.009054342147210459,-0.019561127200393158,-0.009100714842290358,-0.03627319648962113,0.0027363379223983575,-0.013310432755313517,-0.010141207255546902
2022,5,28,0.03354230933501068,0.027978928760388433,0.03661782896736354,0.0015309789309667643,0.09386693097583376,0.08583729575921528,0.030878616483974275,0.010153330459061527,-0.004193498188396871,-0.012077173917422135,-0.0056132637177919165,-0.010047829191007662,-0.019197423001255043,-0.0074087213497190385,-0.03932011145554282,0.005229084923159544,-0.013036830635247632,-0.0114367916410959
2022,5,7,0.02102676017765015,0.018028737678952078,0.025521240711497528,-0.003253546918981387,0.058768236677822605,0.06602919930954432,0.015201174040929244,0.0056861221596669065,-0.012458193972871068,-0.013589144869947889,-0.005619670791672027,-0.011855096319375535,-0.023109109548429818,-0.011995238011530018,-0.0402826431419091,0.006412939424478958,-0.020554429769848226,-0.013284178036209404
2022,6,11,0.04103101517220309,0.033789777935696375,0.04635052465251355,0.0015061125388715624,0.11327614683530363,0.18477426495664018,0.017293143072250494,-0.0007793750823513745,-0.01998167979733456,-0.00937492108414506,-0.003907648834462707,-0.0071390147454596375,-0.017653687158780462,-0.004510215854553801,0.01936631381269005,-0.010256454267992043,-0.02351547812012922,-0.028069846809168353
2022,6,18,0.0428846601305779,0.03564170614220252,0.050242769243235674,-0.003194237058229299,0.12039689613962512,0.18485555462279657,0.01944277453160881,0.0024918934806188453,-0.019172781928479488,-0.008735009591894105,-0.0026262611674325864,-0.004968558189393235,-0.018672398358510756,-0.003882250099062956,0.012907115391355584,-0.009208237919865359,-0.021429708464494213,-0.024522165925216055
2022,6,25,0.04239748775397123,0.03396645332436332,0.048933393440981465,-0.006921892586044476,0.12236426342448592,0.18121680254897754,0.02022924315160557,0.001060351493587408,-0.017690948854734878,-0.008573791808450859,-0.00218192682755336,-0.005442805461227995,-0.018022906967906205,-0.0018040723073858844,0.01364032022332351,-0.009303526964132613,-0.018957508065907014,-0.026140212453677036
2022,6,4,0.03862944213700836,0.03394451310283686,0.0418468524818425,0.002911355439531471,0.10502568566854031,0.18207803154492908,0.01917607386992226,-0.011902064816134095,-0.01907282169572011,-0.010041346930036554,-0.0036434172165977774,-0.008914384266164421,-0.017838506801468812,-0.005412456857889936,0.027707057681737757,-0.011700797497121718,-0.026527823332942124,-0.02974018217458696
2022,7,16,0.041476257304701836,0.03145422546800547,0.04832371248528555,-0.010359740811672569,0.12325626907114118,0.1584526544511229,0.023934259533301416,0.0022664016058657754,-0.008053581655131592,-0.007706275493671311,-0.0033752376501364756,-0.004163320789899783,-0.01589554730880227,0.0013525486228949113,-0.003439872014958878,-0.0064802220232900165,-0.016102498648650876,-0.00909525235285924
2022,7,2,0.038217734539934156,0.03163565622903275,0.043286492673391574,-0.012427959650294085,0.11901443743046158,0.16897317905360065,0.022296590118970006,-0.010693803860500117,-0.016299448222242163,-0.008917302997048071,-0.0023078099448311518,-0.0061972220315295035,-0.017501408858388023,-0.0011932222211195054,0.007681044835012862,-0.00862157691589982,-0.016870913307541646,-0.022923205264216873
2022,7,23,0.041354428110798036,0.029395606833146903,0.04908348109294436,-0.009291761099478046,0.12279749387732464,0.1565873155401345,0.023448262746522452,0.0060660325383568026,-0.011592756618560518,-0.00855916489244768,-0.00380033291201054,-0.0048577696218937705,-0.016230731093218487,-0.0010209231209125091,-0.004621557209089078,-0.006540673761319615,-0.016853637750626982,-0.007163234234602189
2022,7,30,0.04179792040730268,0.028827124891679823,0.04917693513456123,-0.007549029466400237,0.12247051382099627,0.1537849378075724,0.023419963606801764,0.008731028087036297,-0.009615704728569319,-0.007814504017694568,-0.003111353100126779,-0.0048209879597127525,-0.014934771056784646,-0.0005930552418582646,-0.002919780848000375,-0.0066581393990444715,-0.0148196580586899,-0.0068122979690244945
2022,7,9,0.03797499840474261,0.03172056758165698,0.04145314225947039,-0.012960770364532581,0.11790787463774466,0.1565980316125517,0.027084172105463766,-0.01443125250332955,-0.00960247574792683,-0.007483463341102836,-0.0023884074214814977,-0.006302159477433622,-0.015679677508963596,0.0013942035405336561,-0.0010414909729158373,-0.0062757284378330835,-0.017931490049399312,-0.013414474975989132
2022,8,13,0.03724065978766444,0.02301649419744245,0.0467051986973559,-0.008842152392876446,0.10938323254027038,0.14144679602310695,0.01713257327712281,0.011779590089926684,-0.012536491923267334,-0.007158447097578402,-0.0034697711843656442,-0.0030226049315104087,-0.01494950134105777,-0.0019281999648911308,-0.0025387178918450104,-0.006661377820233905,-0.010630341748658068,-0.005621458970571203
2022,8,20,0.032918337347908944,0.01949999057227969,0.04425486312630578,-0.007363335286590278,0.0927610994411685,0.12177015365670951,0.013594362908883717,0.014746199130271087,-0.012277576075899188,-0.006621084777133079,-0.0029145713754480385,-0.0016602793165284568,-0.013289805667307641,-0.004441825183721493,-0.0013305680281348042,-0.006380434692926373,-0.010114725668658009,-0.006234614967951524
2022,8,27,0.02762957206704475,0.015012402117670964,0.039109319540053145,-0.008793563054100617,0.0767319174373664,0.09855360711512451,0.007856779854358509,0.016987002963628983,-0.006847273562334388,-0.006305374357015947,-0.0032694995402345883,-0.0016733308026760652,-0.012800080189781626,-0.004428773589076784,-0.0019437223269863635,-0.007400890377709413,-0.007786217851855293,-0.004841442241433902
2022,8,6,0.03958091626786797,0.02537876494267821,0.04869819073000903,-0.008376267632594026,0.11651509380905378,0.15649201468402163,0.018362183984862446,0.00839204631191115,-0.013203282530083293,-0.00797030294377421,-0.003808922474013099,-0.003847156739856694,-0.015801979841223224,-0.001740867043765082,-0.0024329888597539595,-0.007661848040937724,-0.012051980191414846,-0.006150856052321574
2022,9,10,0.02608095657788767,0.017039595204006552,0.037911960277820844,-0.004393011967240623,0.06137902974854814,0.08458128103342055,0.008134257557823155,0.010870651873128079,0.009493372393583943,-0.005740454512211501,-0.0030516415193647672,-0.0017406001358316603,-0.012784441966419369,-0.002269517429106971,0.00376332739368479,-0.007503065954903909,-0.011143758831053119,0.00019733840117175383
2022,9,17,0.028422324357821216,0.01661965185530212,0.04253829978833168,0.0023131394516080483,0.05882591781758739,0.08376204804373266,0.004299703845777936,0.026308158783980184,0.010632122470465077,-0.004910968350712475,-0.003545700463409074,0.00008083594762053892,-0.01036321290731379,-0.0009930486396638738,0.0021084247360165786,-0.008057081195912197,-0.007798941648490154,0.0005065892200792899
2022,9,24,0.028851978083685115,0.017580692351979232,0.04287195340148675,0.004264584202086086,0.054566829627854974,0.08051774351118368,0.00272232823587526,0.031216681399281576,0.013548117506061885,-0.005076104999491182,-0.0027942839635748395,-0.00005259369716792417,-0.010351829683873714,-0.0019486818088326752,0.0003163790217048934,-0.009619082911252907,-0.007530938543619858,0.0028331116219579844
2022,9,3,0.024654424072704018,0.013434120984040954,0.036029810849615984,-0.008297826265795893,0.06587067865111162,0.0962960067349945,0.004218159711484093,0.0076200977261708935,0.0018282756748702056,-0.006171206885698277,-0.0043583970231835245,-0.0021305981868666723,-0.012647351789914718,-0.0039208742698312316,0.011008685024497922,-0.009888522371595876,-0.012012396707006379,-0.0017261442561957718
2023,1,14,0.0046031863204960555,-0.00037022705167488734,0.0035923345044353017,0.00823953901664054,0.004547132262569198,-0.001939047279152728,0.0005038581689726929,0.017886809448085073,-0.00037383864308493386,-0.0004482950100045402,-0.000056411124730981754,-0.0023613590837160414,-0.00025930092057391274,0.0028482082352381255,0.008852591957778877,0.005875300830661789,-0.00004445575945022373,-0.00463649610895267
2023,1,21,0.007871784736510623,-0.00007251495731408486,0.007675055511985551,0.013145425859118154,0.007224061744964816,-0.0025137344684512675,0.003126007668742492,0.026937169342817313,-0.00041689654585430613,0.0004482950100044292,0.0002939439398961241,-0.00019727144354442228,0.0022411309088274933,0.0042734150817784755,0.008766761672889922,0.008750245773978316,0.005116817222439618,-0.004204238634086366
2023,1,28,0.009160576377710727,0.0011225378685206788,0.008870128400213506,0.01535478834939874,0.00687234209147225,-0.008047357106652164,0.004916024499868055,0.031421374371880306,0.0025843650252577177,0.0012174528120199035,0.0007976009837045162,0.0009909142358031087,0.0034595655652442936,0.0034492020257814726,-0.00023940204365469064,0.01052204994905459,0.007648422585406323,-0.0005710472848970971
2023,1,7,0.0,0.0,0.0,0.0,0.0,0.0,0.0,0.0,0.0,0.0,0.0,0.0,0.0,0.0,0.0,0.0,0.0,0.0
2023,10,14,0.03987121183131026,0.0185120699469683,0.04293462595092046,0.052221004839318574,0.040782488002984785,0.12882974496334643,-0.016683293762023044,0.06381869306180032,0.024257565787403124,0.006691488485661035,-0.0021371454319594196,0.0004993047475887469,0.033022770957966685,-0.007902905914390246,0.043855483623998825,-0.02739471087243761,0.026556337914015682,0.010435844330829225
2023,10,21,0.04085291517564982,0.02094987008512761,0.04366414773292826,0.056406664662981054,0.037205312934124324,0.12694704786029543,-0.014975821469540684,0.06769138892501458,0.02197605578631112,0.007127169225112917,-0.0007846037298645525,0.0005250453479277439,0.035593689581216115,-0.008965916118916728,0.045813418808206885,-0.025981562018783544,0.02769341243737844,0.009241984236324052
2023,10,28,0.03993184854254883,0.01932312810930492,0.04309934761155043,0.056039345669079754,0.03344903360455431,0.12182143618064645,-0.015278561417953251,0.06809703519996035,0.022486549688367274,0.007819981935060172,-0.0014298312533522761,0.001217787398111625,0.03569851646317823,-0.007578077779516801,0.046933402063071394,-0.025191317726140916,0.028653429496920513,0.00912723556708972
2023,10,7,0.03995908113612279,0.018853641339764637,0.042528740584355074,0.05043461719840603,0.04286141655230091,0.1323810577863458,-0.016481831246251022,0.062008188777026074,0.022803162562348822,0.007046471643592289,-0.0017591866778210452,0.0004926905241955382,0.032804686817166084,-0.0076240617039115,0.042722343956367315,-0.026835765367008158,0.025805080443504602,0.010419622753946145
2023,11,11,0.03650536342156396,0.017434498638127627,0.0389268035924637,0.05818151670456584,0.023458930446741633,0.10374253100959852,-0.019388505872689255,0.07031369183724778,0.030233352696454885,0.00819780984470575,-0.0023032924533463728,0.004066567634552598,0.03769281150851689,-0.008073301683510503,0.03732988014372984,-0.025033507083664253,0.03261325867196985,0.00992336144178263
2023,11,18,0.03445092327144228,0.018743749744860816,0.03489000101934736,0.057185874482087895,0.019861375234719203,0.09585640992191435,-0.018466063234994445,0.06024594923060422,0.0409996495987166,0.008481328662989895,-0.0018256514365553311,0.003464226408968152,0.039030984183324735,-0.010226896527370632,0.03519872055447437,-0.022455664393618235,0.028040598660928895,0.01296569562577754
2023,11,25,0.02899525144521764,0.016147494554991315,0.025590966709871488,0.05500172849570495,0.008757356911393233,0.08711829223901768,-0.016678337344343097,0.041877803335309105,0.04157687324637416,0.007959141354364485,-0.0029870880689356616,-0.0012609685563316209,0.039618721900323894,-0.014607022375680345,0.03358446350072963,-0.01989429478508875,0.024572053536883187,0.009944503747039812
2023,11,4,0.0380493424192907,0.018718213072521195,0.04052674155390146,0.05868368228272858,0.027117962255657435,0.10861811639811791,-0.017340728935267502,0.07114579107615948,0.027290825681876685,0.007849562363821505,-0.001560831174872379,0.0015538734492410722,0.037119226082345635,-0.008117862570279022,0.03764178449268085,-0.02460401754351005,0.03137415242774089,0.009554910080819878
2023,12,16,0.026785110642715715,0.013382002108976332,0.017398844314052253,0.05133171173036288,0.017670280599235477,0.08274216045501404,-0.030353628634708696,0.05885331871752397,0.04158507678608325,0.008339569253847712,-0.002548739357087104,0.0016371170280509162,0.04231095096195725,-0.011022180982200425,0.03608287068606275,-0.023399649609277096,0.031684258154501155,0.013770624014226573
2023,12,2,0.031901906152348225,0.015353072998245842,0.02708634518504449,0.059750699875566804,0.016598872302904466,0.08615242464224848,-0.024919589024473,0.06678705202606183,0.04314860743768745,0.008900374230646602,-0.002796173222343934,0.0015963113072126056,0.04073162190708923,-0.008887922776215973,0.03714286852954696,-0.02687973877825245,0.03088816947240436,0.009420106848761378
2023,12,23,0.014030474464437948,0.004185999651894923,0.006104536255091109,0.03952512218447124,-0.005376549273108822,0.05834536303222193,-0.034105375195113696,0.034772607972166414,0.038231565257557554,0.008339569253847712,-0.0027951797415860513,0.0023633678671470815,0.04260422890862303,-0.012253170635846966,0.034391592027602114,-0.02117497958935355,0.03199597146508859,0.01730960541260429
2023,12,30,-0.0002732624988829313,-0.007976732846091128,-0.011534134711480792,0.030847287218515262,-0.019036620146601457,0.010058270195732355,-0.0330067577749803,0.016308142015381,0.03210538726754364,0.00822023500867708,-0.0028084020482577188,0.0023633678671470815,0.042885266568573055,-0.013647949105172197,0.029757976060514668,-0.0196358317634876,0.03199597146508859,0.020889484781244416
2023,12,9,0.032267214485919515,0.014783403228784131,0.025674294472117998,0.06098958738411464,0.02092770127440291,0.08774707936360704,-0.02713377401396677,0.07231420693686408,0.04035740742382021,0.008339569253847712,-0.002064471944950741,0.0015750923782267279,0.04147654914415844,-0.009989434147181231,0.037054944673599044,-0.02447382618422289,0.031131160950072845,0.011455099686408454
2023,2,11,0.011336156803698039,0.0026333217095859673,0.010233680154867697,0.01804210346650792,0.010920716459532631,0.029580956953463522,-0.0031000633423208246,0.015194929348134156,0.002330173640122002,0.0018220333250857923,0.002997376534389362,0.00019727144354431125,0.004795826249865964,0.0020082169030906094,0.013838077361048251,0.002122597556562633,0.0011275312443252972,-0.000040574884063615535
2023,2,18,0.011482969858276126,0.0007311638711857693,0.010738831529422566,0.01756745942732052,0.013485085886733916,0.0256726742590212,-0.003019314098050896,0.012762520174767644,0.012024294503045319,0.0014936353801497937,0.0021618284810891453,-0.00004556126812205186,0.0047381881053423225,0.0019274493841634488,0.009342836660618747,0.0012861676717168535,0.00006382978861552147,0.002589343141004452
2023,2,25,0.013321520925112962,0.0015936059258792046,0.012937795028668875,0.019503222454837044,0.016340680611188096,0.02645127771776501,-0.0020387254120631804,0.01647932492047044,0.01436304537009958,0.0012510855532623655,0.00023257814643029562,-0.000591812011803583,0.004967072686146157,0.001151730024230746,0.0025820210774738506,0.0019047014061310819,0.0005927038424993203,0.00455430140630364
2023,2,4,0.009624440577233884,0.0005731148527265972,0.008577494935098073,0.017202034753376783,0.007061660329066077,0.032223991383262485,-0.00513251109468027,0.01134209196248337,-0.00028347048506893735,0.0008926634576629233,0.0004456434211066451,-0.0004132746515038699,0.004381672770084055,0.00173993666422545,0.01809653635670805,0.0009030210071341305,-0.0029140342785185513,0.00001562961562706633
2023,3,11,0.019798899345429888,0.00876431599662042,0.020038255642787384,0.025382295471118255,0.028745763487286524,0.05639801863448457,-0.00007018693964144784,0.02134670047606102,0.006573623137930529,0.0020486436639808314,0.003223524830131108,0.0009438378601096531,0.007936478606082042,0.0008391380330678988,0.01635753861004674,0.0014471380155443025,0.0016638969942548432,0.0025751217489882183
2023,3,18,0.021500880325335592,0.0092682115995526,0.02299786634496437,0.026357744826968954,0.03144634136650937,0.05456779718423177,0.0028635004142207876,0.024137002506566807,0.00743060575196508,0.0022605495023599875,0.0016167466475041081,0.0005671992423761374,0.008293144700759036,-0.00006191697363033821,0.009388083440246442,0.002180698461976771,0.004121812428958149,0.00173421153392872
2023,3,25,0.023071020156358868,0.010823012746599359,0.025070545118057286,0.028268708039068224,0.03342025361391121,0.052486932839464595,0.004833133836078973,0.027339674085618215,0.00969328773447109,0.0017185476757357598,0.0015498810746032987,-0.0003108169630657853,0.009987662069978143,-0.0011867528808300332,0.006675797113328663,0.0023492712052590736,0.0038142338879449955,0.0020993772806043864
2023,3,4,0.017226601387101415,0.004862910439734636,0.017170061639067535,0.024486369692348076,0.02247621944976297,0.05456810448295757,-0.00319987399103705,0.01895908531157553,0.004352075506668829,0.0022058250129826096,0.0012754192480599613,-0.00004363421712338944,0.007559226698448107,0.0005263231967547188,0.015501803485597376,0.0007638069234463529,0.0011143558188919656,0.0020802658413923147
2023,4,1,0.02360988790145946,0.009879774784364193,0.02637975817666338,0.025799951010518463,0.03528068876801438,0.08527076142325485,-0.0031670377240585745,0.018580365001866328,0.009009248129440595,0.0017259012525356887,0.001067522897339579,-0.00005149585103148002,0.009579663401950711,-0.0023219395947960964,0.026646613487673054,-0.007080730601998209,0.005816049930470246,0.0036998229502300806
2023,4,15,0.027797195307236233,0.014811716875227976,0.030513087174571796,0.02641115905786595,0.04536322623196165,0.08270187324691536,0.00048774735658874135,0.027282110628146228,0.015482784184711829,0.0015805971700073584,0.0002771257939702121,-0.00035119321557275374,0.00956146098582078,-0.0028363936558468694,0.009892165987382073,-0.0056265674167470525,0.005161481545312263,0.008332471068501768
2023,4,22,0.03244750572050226,0.019769695953574917,0.03419063811685019,0.031191871412619365,0.05215889751897307,0.08500745228559925,0.004371652005787263,0.03514626275897159,0.019715626480950377,0.003645937459097137,0.002747770785069159,0.0012703083687439776,0.013369514108900526,-0.0020164825903048467,0.0073194911309955035,-0.003251637891341419,0.009437598236804012,0.00969909098373023
2023,4,29,0.034778254353337035,0.020255824108350584,0.0353449481345145,0.03244332945209427,0.059270638111672325,0.08752409969339903,0.006750052717917843,0.03775131940400245,0.021176407848043866,0.003082007575328838,0.000376956918432203,0.000614500394378048,0.01374239704112723,-0.0023987690853926047,-0.007042743964651432,-0.0010922201247727248,0.011939805982777107,0.016461114269146204
2023,4,8,0.02417650523400172,0.011126438682416806,0.026366253552999153,0.024708654099273364,0.03715680037419533,0.08271348677331991,-0.001750443296984816,0.018530836236178683,0.012162449208042547,0.0005691961790341704,-0.0007610676692550999,-0.002543983634094471,0.008058833868681337,-0.005566133632162851,0.014143690721592383,-0.005040717940955175,0.0020550538962946785,0.0071854399746968944
2023,5,13,0.04187309688694807,0.02642608668835189,0.04202868499750512,0.03495792596048597,0.0776867252475959,0.1119729634074147,0.013282225867508712,0.03995843327152104,0.016085383491616145,0.0030198919960313653,0.00011071250469352201,0.000890698278044777,0.014663344998786076,-0.003178352631707515,-0.0013821548254611127,-0.0009339654556960175,0.010752876407763123,0.013757194625397595
2023,5,20,0.04705561834662486,0.03214876201124839,0.04464628263735548,0.03873091351444513,0.08982980191729073,0.11773262120762218,0.020075130624573,0.04259884216253429,0.02025360255357822,0.0035901936880360363,0.0009252920431475076,-0.00047940258187029183,0.016546646354332895,-0.003039657748768021,-0.004737511714283715,0.00009789843034702095,0.012790970417085434,0.01508344614245516
2023,5,27,0.04954403230625237,0.032669960488657335,0.04676541722561178,0.03822036733127132,0.09845253658241537,0.11960205438135918,0.02726761611084294,0.0373347567159279,0.023481051842039635,0.003624332205821812,-0.0007221078300735373,-0.00013137392807927029,0.01712024540500412,-0.0026318894687277217,-0.006151974874408661,0.0014318067171714688,0.013023727853037403,0.015744546242006274
2023,5,6,0.03835358906874475,0.023138105678567777,0.03885078999006564,0.03433008102192847,0.06964580478839988,0.11783636360680694,0.004296884466986395,0.037608679660033006,0.013967249508108681,0.003418692672357393,-0.0003683216000920364,0.00114605558368841,0.01416807391941699,-0.0011785855259480726,0.009102222506738755,-0.004346008401553192,0.010407745033955695,0.01270243790671799
2023,6,10,0.055401020077510355,0.03836913686200605,0.05505695314024339,0.038582019250560595,0.1147100711647353,0.15206550233241667,0.02481002936618215,0.04189611654957792,0.0207501745093166,0.0046600794813245194,0.0007894440802711511,0.0013250095825123598,0.01895908669824231,-0.002638461785753443,-0.007845416584675857,-0.00312144168144457,0.018108590270785818,0.011673383685819605
2023,6,17,0.05604684256496073,0.040647924954964276,0.056569371212803476,0.03448182361612284,0.12058586010799655,0.1553231418051091,0.02501833587241231,0.043701978507675765,0.017317198489783303,0.004157200035477704,0.0024924379651931616,0.0012391326801541869,0.018482546745866024,-0.003183832707661538,-0.011385752347912281,-0.003928155435603431,0.018605921202415,0.011483024434720823
2023,6,24,0.05576151536621987,0.03668675983488101,0.05583578430362546,0.033197990979369374,0.12214358435665207,0.15238787370940354,0.026730006668297168,0.04048916645435541,0.019800035741839084,0.004377772584737372,0.0004952612653348343,0.0011822287634777329,0.021456124601030524,-0.0017445813632185336,-0.010534728356565659,-0.003125720148248634,0.019187218092078018,0.0108118908174617
2023,6,3,0.0535857340639887,0.038373227780232,0.052754127081345636,0.03836437354864408,0.10767286694282951,0.14452026441118337,0.029785923431921102,0.030846763203321803,0.02294007840170975,0.004575586966564682,0.0008200591038052263,0.0018206706693812968,0.017273496644129693,-0.0025392304165066104,-0.00380108952917102,-0.0015181031927230526,0.015277983431522202,0.011221580110329255
2023,7,1,0.051085659325556865,0.0331880128922275,0.04928539628886952,0.026132786295695487,0.11738028300521997,0.1552882136346112,0.02463000522351888,0.02911978591904507,0.009681016329176728,0.003386326486533253,-0.000714433660510827,-0.0006316433548818612,0.020358965403328932,-0.0030966885417145207,-0.0029531835263604256,-0.006487043689943017,0.021092855561838597,0.0023941231723714207
2023,7,15,0.05334506374251746,0.03139244048441214,0.05401678607672444,0.028444036057328814,0.11892347821385774,0.1521334808139625,0.025319870309922,0.038967963927044824,0.010377978875466987,0.004110796343967715,-0.0032339449552383215,0.001642178316776155,0.02273712986331744,-0.0021379127104499407,-0.006879749150274783,-0.005312473727575262,0.019818132893226315,0.009573390237695767
2023,7,22,0.05494226894340826,0.03020745688894433,0.05495407109409789,0.03282906739119085,0.12034733354086424,0.15447504691813374,0.025117866805390188,0.046985838136932356,0.005164272777339773,0.004772576604184842,-0.0028905047265322947,0.0008745953371693815,0.02558753131164071,-0.002982402093934633,-0.004590476567553847,-0.005142232193255936,0.02280106555477235,0.009941014580863827
2023,7,29,0.05541129331875316,0.02977769742656,0.05600781282457867,0.034818228468916024,0.11952090538201743,0.14995940601089486,0.026580736520191328,0.04848568665495678,0.007491411820462535,0.005434625384470815,-0.0021119825448203677,0.0017805421866179394,0.027040948650339125,-0.0033606434119357598,-0.004773056567303424,-0.00388020800429445,0.023571691100901626,0.010773629901809079
2023,7,8,0.04922044878991039,0.03307452631240393,0.045782649037442225,0.02474683769031727,0.11301814588586034,0.144513679747722,0.028717264975131274,0.021195120537938816,0.012901714805260811,0.0038118119767418523,-0.000871875233945496,-0.0017461788174756299,0.02187984370849172,-0.0023539350304873086,-0.009758421996993283,-0.005096423835962205,0.017344205122358902,0.009531997915346313
2023,8,12,0.0511611534830263,0.02489403652342803,0.05167627248050488,0.03394676866191504,0.1091700957944568,0.16791765189405106,0.015375514520330924,0.042492354348058425,-0.0027807316347426836,0.006220736414659367,-0.0016303592188026128,0.001494664356178621,0.027337852255727713,-0.0024609069149332807,0.02201719876342434,-0.008721581006302825,0.019412710114946607,0.004540982546652472
2023,8,19,0.04658833313210198,0.02065684834136139,0.04899190004087828,0.035534734439510496,0.09454496836125803,0.14881593725068787,0.011105349879581228,0.04582833696549127,-0.002903221562816527,0.00642858505407351,-0.0018991171226829806,0.002710858892530421,0.02897211592200155,-0.0035131331377259434,0.023072392890602034,-0.009080370983243324,0.020298809868389833,0.0034027363485791273
2023,8,26,0.04096584130960701,0.016490080578966282,0.04363130994959308,0.033600770438548144,0.07848838549765569,0.12652438003592215,0.0061422951877918575,0.04643527245874557,0.0005371876674613585,0.006462256315964643,-0.0019194593071367727,0.002501461234558189,0.029042470644012885,-0.003535786391672513,0.023094988975935538,-0.008991522086977288,0.020823583111319932,0.0027975133129722884
2023,8,5,0.05393276190306229,0.02672970440949629,0.05536575068439076,0.03552832050437016,0.11493829134393185,0.1814895772537457,0.016987663076666326,0.04081456923218174,-0.003137347727207973,0.005946121596617893,-0.002408948211904738,0.002571611776874594,0.027518322567265496,-0.003184876052038099,0.021483771957347964,-0.009371217948460298,0.019622156153588977,0.004423992022388301
2023,9,16,0.04013530567280199,0.01914740524266234,0.044326365636459863,0.04507082873342649,0.052193111814568205,0.14309761725643977,-0.014932594884700223,0.053735057777539286,0.019965940369408797,0.006481204552890807,-0.0011502929602058565,0.001738244706562142,0.031874275064608826,-0.007598110123952062,0.05597798673149579,-0.026956352410694495,0.019331111876954354,0.00994931944620503
2023,9,2,0.0378694286862975,0.015613530577134327,0.04034958588261417,0.03532919982055249,0.0657232568051469,0.15815445681805285,-0.014160053632227165,0.038051675910343086,0.009875085017187812,0.0066692048697005735,-0.0022638040345153154,0.0020743685302477832,0.030631548691163246,-0.004661489569305011,0.06753466302644129,-0.02787643527974404,0.017613773986556724,0.0067655600638092395
2023,9,23,0.04027655038214739,0.019419145494818046,0.04354491960523443,0.04682863781471891,0.04850469340018959,0.14069546351422724,-0.017239796840201715,0.06017770238887654,0.01949308001692618,0.0059422509080167,-0.0011055228010217188,0.0004632002368702981,0.03151469325828016,-0.0080089967549547,0.054619720383278336,-0.029165813252255313,0.020937061035081195,0.009010470595415931
2023,9,30,0.03965431493738558,0.018412186178562884,0.042111280182650423,0.04817922374514372,0.04632298932675605,0.13773570425554604,-0.01794529803898315,0.06029521625205492,0.020850973680050178,0.006896986022016938,-0.0017718901651191388,-0.0006885377604733955,0.031780509556104786,-0.0061291457952323825,0.0426522889393266,-0.029065525087472732,0.02531253306259762,0.009873451373262343
2023,9,9,0.039118408064430676,0.019576076047803426,0.04158734693254118,0.03927660401077815,0.0598386838731817,0.14266167905782234,-0.00851044020058822,0.040763574635446886,0.017786544140510507,0.00687721537071706,-0.0006687819087256575,0.0017962220310898669,0.03038478065106176,-0.004109340700721442,0.05652018646545187,-0.024228880474504555,0.018592537079779925,0.008560384903641527
2024,1,13,0.012956573289133688,-0.0030420610565816686,0.008909104793257017,0.054152465765314295,-0.018058986469120963,0.0022107145467737954,-0.01697327671447524,0.04861868960021187,0.03275887261550281,0.007780975065805329,-0.0027941862608280577,0.0030488129854053803,0.04523509892140387,-0.018585468190340793,0.01218663148407595,-0.011408225489069168,0.030280911590910398,0.028196760687433153
2024,1,20,0.013028966121158003,-0.005735264867046563,0.0094352436842835,0.05802115300427335,-0.018858956971552154,0.00012595860114994473,-0.017128414463570163,0.05425775720247872,0.026824149654030904,0.00552906306051737,-0.005357472834472632,0.0016779227488890047,0.04660397486491408,-0.020378466046264032,0.010720460302061863,-0.011266228355427121,0.03199757904891576,0.02301284425255279
2024,1,27,0.015311609735430665,-0.004846317350327145,0.010877739430431577,0.060311584090824155,-0.015572653201438746,-0.0031493415093796218,-0.013555046338130872,0.06057314038434036,0.025815192670961773,0.0072596091438763555,-0.00513995118789945,0.003186789378781807,0.04787323905478402,-0.017823241005161194,0.004382638892720614,-0.007884252518154278,0.036129015856387836,0.022581255835742997
2024,1,6,0.009004911952172012,-0.0016457673753071944,0.0023737009876119153,0.04456788439907644,-0.018877827556921356,0.003508498440103258,-0.01573490963004165,0.03061889915328231,0.03152343823619508,0.007992409851941051,-0.0029038594715536936,0.0023633678671470815,0.04409879989199528,-0.015805350039287402,0.021278500665318445,-0.015392797115477808,0.032015116102704244,0.02186483996861499
2024,10,12,0.04258786856971186,0.013557443816489823,0.05178671120827705,0.08801012626511562,0.001368776768919222,0.034033402009695735,-0.002341840931550876,0.10254275424237758,0.06061529093961027,0.009320873160858056,-0.006972584016941674,0.009050889453057875,0.06833557193662299,-0.04524935050426915,-0.04457748850226684,-0.012895842429036186,0.0645250104559556,0.04627969792596853
2024,10,19,0.0442943906377431,0.015380936103106979,0.05441755395007508,0.09175167234898285,0.0011891410448943152,0.032408803513480855,-0.0006417834488017249,0.10819890650762765,0.06003024460354944,0.010400803417407234,-0.006282968589978566,0.010923473563034136,0.07040701265669758,-0.043220087535733254,-0.04245739558012396,-0.01161658452591674,0.06729803922468713,0.04682723702395486
2024,10,26,0.043258405530508526,0.015041594063827768,0.05368777016107673,0.0924575190338841,-0.0024938097974021023,0.02965110753504696,-0.0015312475022508654,0.11005367538618183,0.055984463348057956,0.010937354451741488,-0.005678525240756072,0.011430867527100652,0.07157115342726406,-0.041879407111686695,-0.039444062122580115,-0.01141367657930037,0.06965683245782861,0.04239476999823255
2024,10,5,0.04362854220090617,0.014831444634912927,0.05243721368897303,0.08697489182343543,0.004928713942667029,0.03826970791572415,-0.0016091999553536906,0.10367839455580197,0.05808487808561291,0.010525488833653007,-0.005749757381230847,0.010051610135882072,0.06879300633943841,-0.04358653908387655,-0.04504674175359402,-0.011847048017322392,0.06653637476753893,0.04523645106692942
2024,11,16,0.03710769002153924,0.014294119942171335,0.04122901313459182,0.09527625372776649,-0.014177939288288144,0.011758897388609135,-0.008243012934918359,0.10182090205080341,0.0707670979435635,0.0108530519456016,-0.0062760386357425535,0.00926223391639902,0.07656327140291208,-0.04270048135581528,-0.0434701542314444,-0.012108551749375418,0.06865802361428575,0.04247728479801327
2024,11,2,0.04076752478294754,0.013635897336553793,0.049038989225422824,0.09377547806659847,-0.008908510878987919,0.020335831658472525,-0.00416672259778017,0.10801368827641822,0.0623093333898872,0.010414003530661242,-0.006556955584111179,0.009726887781881244,0.0716345879347331,-0.0424008356685428,-0.044845441211846415,-0.011333948400100935,0.06743675202052568,0.04412303767775483
2024,11,23,0.03470471796295849,0.013334051740295338,0.03806372076178777,0.0925131169276181,-0.017862182575757224,0.00505176149825548,-0.008547961544624227,0.0937534285724464,0.07789229850538071,0.013421662268452206,-0.0057963511566092585,0.010648209499179107,0.07665335252496064,-0.03997943629170109,-0.043255545194196054,-0.011619790789424655,0.0752937953612356,0.04575673148969428
2024,11,30,0.030407838612471316,0.012504463987592418,0.031685295827033944,0.08984639665050054,-0.026251649895677298,-0.00004188531275972629,-0.006699603015840716,0.07655271688762766,0.07936165829510666,0.007496996089290997,-0.0056318025150391415,0.006116335895288927,0.07035545592074888,-0.0492061230298696,-0.04335378084075525,-0.008925612861541365,0.040462026128650797,0.0451717781109231
2024,11,9,0.03810098361775949,0.013878569138736196,0.04370276042791854,0.09484546270583616,-0.01374761037677763,0.015291930621947891,-0.0056544211296472024,0.10402674257342825,0.06179522709552776,0.009642843144201718,-0.00583610294846959,0.008482577846129491,0.07375834448067597,-0.043559147820434574,-0.045320161374731494,-0.01119026735058537,0.06554429483845658,0.041175969931317
2024,12,14,0.03271930608351692,0.01139756416834059,0.03277312834086965,0.09312612701875866,-0.015593278834768243,0.00006142420809340798,-0.013426230142919993,0.09996728090652462,0.07418436074475698,0.009728971329251435,-0.0056391846763683695,0.008872405881264367,0.07524084000186781,-0.04372482947537759,-0.040419313618348496,-0.009714329442028546,0.0639817467592465,0.04330016123788405
2024,12,21,0.021671760195240086,0.005786230735714826,0.01704210310004428,0.07968557346329086,-0.02847125104571213,-0.01386903410037088,-0.01787449564809529,0.07875200911690516,0.06590554386436032,0.008968637607155161,-0.0056391846763683695,0.007299456870709209,0.0762361222340755,-0.04519130624556844,-0.03882611115705048,-0.00916023936935162,0.06127148949977124,0.04182662736466525
2024,12,28,-0.0010426052603290659,-0.010181631819929149,-0.012469096426023896,0.061261432382680114,-0.05195058096995897,-0.05405871921592964,-0.026479730230708598,0.04469812367600312,0.046509512231655226,0.007895714079699578,-0.0056391846763683695,0.004164221525706502,0.07660831196393647,-0.046561421429499705,-0.03882611115705048,-0.008840533310793819,0.06127148949977124,0.04150196871134759
2024,12,7,0.033671501193333064,0.012039757565853071,0.03737848209910655,0.09375606295464767,-0.017966185321344308,-0.000020459954057194807,-0.01176445199915288,0.09868200416389272,0.07830571699861344,0.010114551522481197,-0.005662546039226779,0.009494560849140354,0.07416552570958657,-0.04349705123112768,-0.04134980365838814,-0.01061203017874024,0.06649052342949124,0.04330016123788405
2024,2,10,0.01767993290479919,-0.005134218655014844,0.014319813979431606,0.06361606005861198,-0.013261917008782986,0.02710963262093724,-0.013991505458616715,0.04813079158181233,0.024093539506915285,0.00802567834951784,-0.0047129873341837936,0.0043292935003573785,0.04974977336758424,-0.02080275286631872,0.011113012595977745,-0.008848675744995038,0.03353958090278408,0.0219943687972739
2024,2,17,0.019601750050856737,-0.006044711411497095,0.018890914005858406,0.06546312686369848,-0.010336476460801935,0.02568398444124642,-0.01217198076506798,0.04837995211030033,0.033465271731061064,0.009421882442609553,-0.004522865528993392,0.007951365377522945,0.05202857298831587,-0.020530675881463623,0.009070172092132678,-0.007988581248355775,0.03516112538329197,0.024101904636677496
2024,2,24,0.020506474339460956,-0.005812992465250244,0.01852487250446977,0.06623910952113876,-0.006343765000918711,0.026359408913934734,-0.011683191507795954,0.04943607802262995,0.03555585404426198,0.008354198125402501,-0.006930893919410042,0.0050494984481217475,0.051163971051091384,-0.02013765553283764,0.0027702234965967243,-0.007856924912161944,0.0332547900691591,0.025593730455859776
2024,2,3,0.016827945402437594,-0.004614329256613536,0.013101265428279163,0.0625950539853446,-0.014155046527035586,0.02738187350758703,-0.015917048737156048,0.04812224666598408,0.023356018011607027,0.007949605495012335,-0.004729193236157392,0.004208877620909046,0.04917382453610797,-0.01832709868536675,0.01304182752683647,-0.009885001634173496,0.03344927463274194,0.02369022538466381
2024,3,16,0.0290336140701124,0.0012728956873910846,0.031531832753207034,0.07100336631485882,0.007231563948953523,0.06586211423528421,-0.010272482071180256,0.053089132141310946,0.031538802765659124,0.009562813508337209,-0.006208790738360115,0.00886945307956366,0.052369679779477485,-0.022980343372397183,0.019582665639995778,-0.011040835158776074,0.03255149607267871,0.025821469458614965
2024,3,2,0.023749089106382293,-0.0026503728254069214,0.024513300765380608,0.06858094018759187,-0.0013371519447116231,0.06486823701969757,-0.016067054190530117,0.04590839279581105,0.02536196209676156,0.008570468926255126,-0.006051919900501135,0.007167939311927052,0.05106142116178747,-0.02191089290940018,0.02456359747600434,-0.01212075427656445,0.027750923275074335,0.023083343239632015
2024,3,23,0.02992136343554397,0.00261138973362951,0.03530069547892034,0.07089622827120157,0.007994721693217688,0.06221047970687699,-0.008712096406659264,0.055201856001450667,0.03440862157822622,0.00837182250990387,-0.006532186837355347,0.009638006669717925,0.0520787657443702,-0.025155651334562767,0.015506542875646012,-0.011335870862298036,0.031180483459758213,0.026809325689685082
2024,3,30,0.028801507080393973,0.0009953158648936533,0.03293595748459133,0.06974559870762786,0.006838026828289712,0.05574040649239542,-0.006694848121521546,0.05200333333207019,0.035083634317797596,0.006803908164709771,-0.007690608281724853,0.006352567765827155,0.05297728706629856,-0.029134332088187942,-0.00047619372492546663,-0.010607878924589587,0.0387223527963394,0.029473193452633994
2024,3,9,0.026569656169895373,-0.0005774618473964876,0.02834241907275703,0.06962435447403403,0.0043417951793292,0.06664511677148943,-0.012962474893764453,0.05076616701236092,0.025261825163562568,0.008650269569702607,-0.005956996531302439,0.009033285662046753,0.0516258941025427,-0.022180945132939334,0.02527953108331915,-0.011487964776065507,0.030645154983564238,0.021373253507645407
2024,4,13,0.03571133930959203,0.007261605969854701,0.04148106914361338,0.07211920007643502,0.021367455371118727,0.08317899800326489,-0.0060357716975705245,0.061233553479238534,0.028474841679348106,0.00927269328519098,-0.007084876648581706,0.010254113877893989,0.05473766538777203,-0.025512546817703208,0.010276015745515288,-0.01200604839998265,0.03831004268752469,0.02131151562858591
2024,4,20,0.038595724813235366,0.010743668756060254,0.042300949759222606,0.07448835036805868,0.026149149826581564,0.0848117214410582,-0.0037571783298165906,0.06664690095168391,0.030364854503275085,0.009676349541101636,-0.006053831681319011,0.009156476275787417,0.0561869780374753,-0.026468113367142165,0.007281125233051133,-0.011210313267219219,0.04025407927301905,0.02036781391204534
2024,4,27,0.04069443800852479,0.012542532562143549,0.04375388451492945,0.07550076882124857,0.03136842163928555,0.08641862442542947,-0.0017060166327884652,0.07001161283762891,0.03106452978987173,0.008935189240766528,-0.007031301282098945,0.008802205819297138,0.05632631533264165,-0.02851875450221708,-0.006814689185180467,-0.009504828560167544,0.043268158651330824,0.026091201585142
2024,4,6,0.03193205496823737,0.0049179183270855464,0.036312537636093545,0.0712917218797735,0.01348180452222758,0.07742935245444471,-0.00886502310633941,0.05669006749917682,0.025986482706527703,0.00817752100413105,-0.006828167901273718,0.007162025837919028,0.0540431009067206,-0.027869880164820615,0.009160112988156666,-0.011949989839498243,0.039486052110601966,0.020976275967505842
2024,5,11,0.047964934303353246,0.019879475797234702,0.04981307241208288,0.07854295107979548,0.048760888993967244,0.10195307474509119,0.00707134729044312,0.07286988418872498,0.030598905652999164,0.00908781477756504,-0.0061513285830097075,0.008513156899260022,0.0578199189829256,-0.03024280797765666,-0.009594227343767914,-0.007097968846117242,0.0427777768189026,0.028112866140395987
2024,5,18,0.05288669427428738,0.02558363994178836,0.053725840820960435,0.08151400590225832,0.05924832230323873,0.1100920855937213,0.012843160593320135,0.07420821623794716,0.03487511844280644,0.009303634189610666,-0.005439035065803344,0.008319679478830944,0.05880785075063688,-0.031735692676644556,-0.010647562906793695,-0.0071370205982899115,0.04333241448782443,0.02936737350260965
2024,5,25,0.055232082200908694,0.027753329105038693,0.05481709010630853,0.08071704770009025,0.06830826342407192,0.11390474101402481,0.01858578532387778,0.0687597906191495,0.038934242783681405,0.009231797170914602,-0.005409120153060831,0.0077296270649327425,0.059110042358428316,-0.030935095169842386,-0.010260681336885513,-0.0073284763282454035,0.04345143473804214,0.030895817203720144
2024,5,4,0.04419562322590109,0.01752320750009373,0.04607240302324733,0.07781443411473554,0.03902461552980507,0.09619306720566256,0.0026848337274054668,0.07051202949221991,0.02885307887359323,0.009177444177191463,-0.005766370142430199,0.008180749394575804,0.05718886975047943,-0.029890370615938022,-0.010194138832186006,-0.005917051699169229,0.042443340920478745,0.027335540750620835
2024,6,1,0.057633055853724136,0.031022640946882785,0.05678719812989619,0.07889343418338379,0.07675966785446775,0.11625290730879478,0.02319574364068533,0.0652766397912865,0.04515304162234646,0.0085437430465094,-0.006355842290290181,0.005819522475294381,0.057341310365412124,-0.03162145861975241,-0.028074439791411776,-0.008235445097563243,0.048964590517511564,0.03283591631607874
2024,6,15,0.06086732299231623,0.03165351584573339,0.06316590081398732,0.07782469335942488,0.08567853441818762,0.12520870259133132,0.02095390985036749,0.07917893548630195,0.037990646415682505,0.008889682913312047,-0.006271466141524407,0.007657539160989879,0.06125418216135414,-0.035966843909973734,-0.0375138235951592,-0.00808876709302897,0.05311433021528522,0.031849928304923614
2024,6,22,0.060871873279375155,0.031199803738832577,0.06397030730928233,0.07274685206957399,0.08700776680334643,0.12463498612276469,0.021689809246776104,0.07541690688204628,0.04310494792384412,0.00931940760709793,-0.004912210091676195,0.009018539322734442,0.06042194486787378,-0.034896409041468734,-0.034785007600253826,-0.00826634440766294,0.053069780854464677,0.033766328171653814
2024,6,29,0.05878730210471872,0.029353797337799525,0.06044681078156211,0.06759692341028689,0.08672607834501855,0.11854059640361547,0.021637809852432133,0.06919973756013076,0.047692415816707356,0.010770122616827749,-0.004456497525188063,0.010057708809583676,0.06119625647355176,-0.03232671055003755,-0.0358683341573699,-0.009521960831176068,0.05966115759362056,0.03989173401668822
2024,6,8,0.059827347229001626,0.031183547549757717,0.06085322695227813,0.0795364230256217,0.08027227411454385,0.12158404286687707,0.01982662441250116,0.07649958127960099,0.04343118698163595,0.008988604799791355,-0.0061823348638871956,0.006955513213333431,0.0593805738604003,-0.03497689018054606,-0.03429930809660631,-0.008226886057296934,0.05185757966654814,0.033771130055612275
2024,7,13,0.057366125674302104,0.030176608862226617,0.05766032286655487,0.06625664876859982,0.08226719178044406,0.11302681654822067,0.02108964569114824,0.07275704027449859,0.04083824040882522,0.008170591477805411,-0.0043119477826875086,0.005321586935222555,0.06024731970753994,-0.036560858307495336,-0.04172057012809638,-0.009612818478183849,0.05284119586970237,0.03996661092586962
2024,7,20,0.05982493681063228,0.028599712330861893,0.06260828925476636,0.06833934080564319,0.08516946569355821,0.1179018502687319,0.021385044760259486,0.08165240945199281,0.035181280422069694,0.009582977909944779,-0.0044012081037310136,0.008316885049309386,0.060759307347397984,-0.03613702235496574,-0.03732978746163418,-0.008979201309182394,0.05645607280618936,0.03994752529437795
2024,7,27,0.05994812552294748,0.026480453090468092,0.06308189921908691,0.06959169782887065,0.08636287608604909,0.11540751011981687,0.022879592149982253,0.08269396260898021,0.033374730476995795,0.009844509061592621,-0.005310755137980516,0.008621419148183707,0.06142879252127931,-0.03478483647369057,-0.03580604154832845,-0.007752892407363543,0.056707148754451264,0.03676161676664247
2024,7,6,0.05277715875053368,0.02674260963262154,0.05356847550287913,0.06184652355727249,0.07497372503036837,0.1092202323106175,0.02430558368524105,0.05237326935970055,0.040141045232738204,0.00746689648406651,-0.006995893034820511,0.006014225746715285,0.058688684716395434,-0.037929212379768096,-0.04102632391455119,-0.00969780821676458,0.048071705929829234,0.03687107578041404
2024,8,10,0.05696470963456246,0.022622852882983713,0.06380437578518205,0.07208096106051065,0.07485126022908406,0.10186867249517118,0.020814133084952724,0.08186165503491805,0.0383091131979425,0.011768348534171302,-0.003862278313329748,0.013074340762464942,0.06500183899230816,-0.03517520814705499,-0.039291145452268195,-0.003492226741067528,0.05788173275749231,0.04559896928840357
2024,8,17,0.052801778444433456,0.01826466716325137,0.060915942846036186,0.07284111980368868,0.061907713930855035,0.08468334565612312,0.01624525237826213,0.08589468378575327,0.03881466353877783,0.012327527865669374,-0.004307171700432488,0.014113088936102747,0.0657338113370649,-0.03483050798587317,-0.036829266449957876,-0.004099812130750502,0.05944613934271059,0.04502228248414086
2024,8,24,0.04632594554520986,0.013595780415805558,0.054099785664984745,0.07081658356322595,0.04526552701468245,0.0634357866574915,0.009111788367879514,0.08612202488163057,0.04263831036873511,0.011556371100050589,-0.004802778545803799,0.012505898706779206,0.06576331415890113,-0.0354133160469714,-0.03594833585096102,-0.005969567363419137,0.059483731942044704,0.04478000960178741
2024,8,3,0.058785717633611734,0.024714088968676773,0.062420646667831425,0.07313908129837965,0.08084111208249278,0.11213439995364749,0.021560943666896204,0.0802324899143434,0.03770397792738378,0.010635260405012392,-0.0043391661973468665,0.009367121184513216,0.064619400210425,-0.03548567596894947,-0.04251322350252418,-0.00499894834122061,0.0581079214921949,0.045290530864693146
2024,8,31,0.041721393877832025,0.014153220126027488,0.04973815956427563,0.06923111733217757,0.033004822855267735,0.04502844538244655,0.007581462432068031,0.08286586804175711,0.04558303670225827,0.01039843664849216,-0.0037002593120489813,0.011156484221567009,0.06420291590339233,-0.03596887332072318,-0.03789570810160592,-0.00622697067803768,0.06137513115068227,0.04246607927589929
2024,9,14,0.042810315181755376,0.014178848043003844,0.05265706326676245,0.07842903489115782,0.018432456575939504,0.03896950462280513,0.0019611772347882805,0.09526509074632838,0.055834040487685144,0.009076477542591332,-0.006070042881523463,0.009746704571535147,0.06481225730121265,-0.03973000581182362,-0.04129272301117404,-0.010136085018893737,0.06009944021580571,0.04559429048804886
2024,9,21,0.044663692863170956,0.014252487763022126,0.055123008915188176,0.08333354601843834,0.01621853770470394,0.041559179761063936,0.0022042951909624353,0.10215687553261099,0.05263766770788303,0.010161640842694108,-0.006241000145489228,0.011595738098943986,0.06747468098002174,-0.03874680855454826,-0.03821050668173975,-0.009772182466602275,0.06204502201953632,0.04201499614263615
2024,9,28,0.04404644869986063,0.015059546005206315,0.055007444430175356,0.08400047303759428,0.010403531719079373,0.03976091229242362,0.0002414077597876485,0.10221452973612433,0.05624125768894084,0.011057134961974802,-0.005121760268123721,0.011720485618823773,0.06706029591276441,-0.0402956639374743,-0.04878063770523966,-0.010845006279188718,0.06636651755808542,0.04494061402974037
2024,9,7,0.04236482504114569,0.01441813176031026,0.051105368598303835,0.07445198340024772,0.023561435788812535,0.03940732792122703,0.008129788352078116,0.08230026796852119,0.05689985233417927,0.009991090165182959,-0.005792583669465889,0.010983459293646636,0.06514783206971142,-0.038681352508710076,-0.039932917348181385,-0.007883128713833787,0.059491637531476016,0.04741068058427955
2025,1,11,0.01191233767194455,-0.004784862359688669,0.005347791030826832,0.08509850422616849,-0.04850266601184772,-0.04506392715525398,-0.014314338133040727,0.07037159032706009,0.045232987063872576,0.00684008747508047,-0.00459420379779818,-0.00019345012870120026,0.07590897306523847,-0.04742537721944473,-0.03205693669804244,-0.008755453760046605,0.05176635935292806,0.04052665262468169
2025,1,18,0.014617376830314388,-0.005609304299631135,0.009841809342475916,0.09062043435064449,-0.04951832710272286,-0.04595057421484572,-0.013444157247921584,0.08228141302285086,0.04229779795137456,0.007132221261108018,-0.005289831621578034,0.002212107156124077,0.0788227574771121,-0.049366586299259496,-0.03239216630167441,-0.007580084190894287,0.05951687769547087,0.03851347158262075
2025,1,25,0.013384517876777524,-0.007008653692393119,0.006673905886937392,0.09054802782247107,-0.04968709319821607,-0.05118822809340173,-0.013703010919284497,0.081838944581061,0.042400336682355766,0.005433856230607548,-0.007310870627061816,-0.0006895048247979041,0.07773287984560229,-0.05014609794524372,-0.040069140271600245,-0.00812404080226592,0.05688357197466565,0.039120320855677404
2025,1,4,0.0033731610914735644,-0.005633195329444174,-0.007411844540139323,0.06974377826325484,-0.05016119338351166,-0.053156142024291975,-0.014122168811246838,0.0466765837559151,0.03726309502116143,0.007314608675199619,-0.0056391846763683695,0.0019899778888758934,0.07719311618528146,-0.047028059358814045,-0.03882611115705048,-0.008812847046108296,0.06127148949977124,0.03982348674017966
2025,10,11,0.035194512901004504,0.0052383953693933005,0.03775005054184666,0.09769655061943028,-0.023599926171653407,-0.00439897282169599,-0.00411181374555647,0.10651651643303683,0.06064813773716393,0.002118537961765643,-0.015114447750124715,-0.004556786032340443,0.07788014639476781,-0.06890033321613764,-0.08063053543887677,-0.014401643078846504,0.06847138875710934,0.04613236583967262
2025,10,18,0.03564488483357531,0.005968793288322338,0.03780614887128686,0.10010700358159097,-0.025399907391040366,-0.008374616593180617,-0.0028790461447611992,0.11084494178180537,0.0584233450325935,0.0019292775141763752,-0.015548627009450589,-0.0051806280229964585,0.07858984718863726,-0.06850437463189918,-0.08077051736870411,-0.013687769597446109,0.06985777418370298,0.045098841393660605
2025,10,25,0.034480600626928926,0.005132964500494053,0.03645267796063201,0.10025750473638095,-0.029503731694577984,-0.011280060007506698,-0.004555905368326507,0.11086325197679736,0.05916822918030573,0.0023052308184017267,-0.015443931450019432,-0.005296603006956668,0.07921424285105783,-0.06766521454190133,-0.07812998834247054,-0.0142710542849952,0.07039975621146444,0.04557571337571331
2025,10,4,0.035817386153510045,0.005988610600526245,0.037502495663378044,0.09731871446291507,-0.020569029700486907,-0.0010249636611758817,-0.0044393594554144045,0.10822698703435418,0.05827862200468048,0.0028543767801014752,-0.014465530571087237,-0.004440246006202853,0.07893620454671191,-0.06775945545840922,-0.08185380060685621,-0.014433494610856412,0.07094895960742531,0.04527747797064263
2025,11,1,0.03164545095236626,0.0039065996598570685,0.03368642073860606,0.10135771453162556,-0.03825382190658888,-0.020409233316221465,-0.009257218313137194,0.10918329348498279,0.06859656856823504,0.0014767681706824298,-0.016113881613291192,-0.005194982745895915,0.07902650099147701,-0.0703274748546211,-0.083109175690527,-0.016191046932049313,0.06856243014388075,0.0502272540978268
2025,11,15,0.029447225761979334,0.004602163284715521,0.03098885363237902,0.1034352764898343,-0.044945572819497626,-0.02698564915971846,-0.012751427307518548,0.10930745274503706,0.07232381979078495,0.00323621309456823,-0.015853706893416253,-0.0009176623861254507,0.08457031527786518,-0.07201059852805536,-0.07995203183353095,-0.016390035237664802,0.07592633181053365,0.04401106256581011
2025,11,22,0.02699811994227952,0.0032463015172445875,0.026554629288202403,0.10119610176297456,-0.048290896997118304,-0.03445086897336136,-0.014065074008405731,0.10030031308105403,0.08491264522774489,0.0058471011028149444,-0.01573983136311985,-0.0006354479445214167,0.08522997022987089,-0.06893588638013803,-0.08047965198546458,-0.01689457416975748,0.08164970593043108,0.05254885389549502
2025,11,29,0.0220409649083233,0.0017407391146433415,0.019348062407880118,0.09794444337935704,-0.0567295771520302,-0.04254796456941634,-0.011627174073622903,0.08342385835944177,0.08359792557838319,-0.0006049593873729275,-0.01623721158649649,-0.005782222403793891,0.07827690854620073,-0.07788169667872391,-0.08324977638542475,-0.013872284534401924,0.04719928849344135,0.04924253776904619
2025,11,8,0.030009858932714017,0.003902255680767075,0.031219251212984522,0.102538753283415,-0.04244818017072172,-0.02477572624644897,-0.012541647476471796,0.10971775836344921,0.07183631157589154,0.0016906414837050132,-0.015664068867680125,-0.0037707524161753048,0.08126203687029565,-0.07093432790769427,-0.08296235712473687,-0.017813222194003275,0.07107045058514938,0.051095247060538806
2025,12,13,0.02377980904319066,-0.0017738139974620148,0.019567188464568952,0.10129260378784943,-0.048840972162362606,-0.04325678136007438,-0.01993946213319553,0.10855638537373213,0.0776227999581145,0.0013686119622235982,-0.01598379425335361,-0.0044828675810355545,0.08145712053681753,-0.07415354552243725,-0.0792713778207671,-0.01695429494972278,0.06951702093611267,0.05020115712364248
2025,12,20,0.013983916731761026,-0.004947743921995262,0.0037182529261232666,0.08779724841086378,-0.05882635058408214,-0.05788267875390396,-0.022885515011851765,0.08556735260007486,0.07768250734263393,0.0009359613013528723,-0.01604545923995626,-0.004776487409984598,0.08145712053681753,-0.07554726210138052,-0.0792713778207671,-0.017413618961845678,0.06951702093611267,0.05063515360499826
2025,12,27,-0.00823168399811769,-0.020355478363134227,-0.01961072295360422,0.0682440851050301,-0.08587671854772394,-0.09186624862393844,-0.03210646415023455,0.049689772650745034,0.05851068126713166,3.2537307843583108e-6,-0.016575352902672313,-0.006701386554188615,0.08095308510563637,-0.07631408921541205,-0.0792713778207671,-0.01741742709165217,0.06951702093611267,0.05136195702247659
2025,12,6,0.024289202760220174,-0.001185965115769072,0.02413078349484543,0.10106290237190185,-0.051168042082471055,-0.041910815748492425,-0.018930029679278593,0.10565988127023496,0.0813232233308685,0.0015837048271938325,-0.015821388997580454,-0.0044828675810355545,0.08075800143911471,-0.07264680807037438,-0.0792713778207671,-0.016642304703711197,0.06982086883369676,0.049940896958324155
2025,2,1,0.014341177606972177,-0.00684673075300557,0.008256863149408877,0.09181837714207419,-0.04983848979994843,-0.03770498415467749,-0.014586278546449671,0.07976719621508277,0.03676451639368028,0.0055711144608081575,-0.006976503844828619,-0.00029379205417257026,0.07799324869571689,-0.052100266527614236,-0.04777599183270609,-0.008655395296002899,0.06470666245254009,0.03715490518087261
2025,2,15,0.01516266005131639,-0.009924658204849779,0.011220829132047472,0.09233834230962801,-0.047818737607944084,-0.03958388541546032,-0.014053692039736831,0.0826404779440828,0.0385539606948726,0.00512140739489797,-0.008359126706180997,0.0005866431569312436,0.07855396147648674,-0.05594875002244226,-0.051672147186467066,-0.010022048224754165,0.06887209295654784,0.02933954516986259
2025,2,22,0.016508994601821314,-0.008884251293944434,0.011688482838629222,0.09348377188851176,-0.04566721918147054,-0.03931523152645522,-0.013318791269503971,0.08282701654813507,0.045028686101091786,0.004549877812919378,-0.009852915424985786,-0.001393759484267676,0.07809477712280288,-0.05724245743968359,-0.05789410334286205,-0.009653258033039402,0.06626107913023938,0.03500773015563263
2025,2,8,0.01560617308759138,-0.00771535593342243,0.011536117543389901,0.0924175224034749,-0.04881276029021786,-0.037906768827543735,-0.013859987188465817,0.08412256415213792,0.036268034923025105,0.006034357214804942,-0.00731041768280194,0.0017678486216281541,0.07814260833034026,-0.05439420735406908,-0.049527075193506076,-0.008870240332169987,0.06890070427541661,0.03441230759666691
2025,3,1,0.020742322583985562,-0.005809479616359137,0.016730582874989297,0.09644586440271397,-0.0376577858274999,-0.02385674575273966,-0.011111695511994757,0.0872806129654744,0.039323176037939334,0.00566103141198826,-0.00911154124203517,-0.0003023156574524233,0.07854241710379561,-0.056217847574424606,-0.058162094588321445,-0.007312550483249081,0.06845687246566667,0.03706255140871639
2025,3,15,0.025025115741041715,-0.002030240739844924,0.020799122010415783,0.09769631290446723,-0.02749134014669541,-0.01967347692340715,-0.007045361270528572,0.09263442158755897,0.04245649376736127,0.0056441400694322574,-0.009424913657399059,-0.0015110185523141695,0.07871871331358715,-0.05584335770440685,-0.06001926566752247,-0.008000964886928474,0.07134638988724129,0.03678401409517673
2025,3,22,0.027994001617051678,0.0004968594825349726,0.025284222163838743,0.0998284697908367,-0.025244029457130668,-0.018009134226559698,-0.003711744355634039,0.09737094374098665,0.04311334391223465,0.006500125250379574,-0.00861102678360004,-0.00004944541202656083,0.08064514894925745,-0.05653498806972235,-0.05908824936308976,-0.006582193639368739,0.07256057466296761,0.03558971586146065
2025,3,29,0.029785008225820198,0.0017745642220736713,0.02884087372860411,0.09866075071035829,-0.02035724058659727,-0.01797332703272858,-0.001884371628808612,0.09975082768756294,0.04616135724233028,0.007799917427270708,-0.0069342463587601655,0.0024227890467658497,0.08153405303873984,-0.05476403271174568,-0.06868615375858711,-0.00584478044660619,0.08558854561689544,0.04038864756832106
2025,3,8,0.023128066317721352,-0.0036498542519179944,0.01824721291190734,0.09641425291568728,-0.030754063294632816,-0.02135868867030566,-0.00888069023134741,0.09072060914014646,0.040161223500866816,0.005317790628400543,-0.008973506854352942,-0.0007300001737637896,0.07807633906057676,-0.05535064568542203,-0.05686538071325553,-0.007568611322071317,0.06991672568986806,0.03636718038026787
2025,4,12,0.03288102674986604,0.0033879155904861236,0.03205289691163005,0.09566964702321967,-0.010662754105947525,0.002187688687092626,-0.0032542018146745066,0.10000534671142502,0.04333013144614384,0.006516919058035642,-0.010838684522306186,0.0010941244447981724,0.07802814872007713,-0.05580212363786474,-0.06496142114732151,-0.009165852229298443,0.076222372806388,0.03615117147294411
2025,4,19,0.032156505300150684,0.003346847526196406,0.031998929797073306,0.08784950881214026,-0.009157706617037742,0.002336000771307134,-0.0047515687673814755,0.09903240911573441,0.04403684205116143,0.0034433285296024962,-0.01327028428876842,-0.0008134146695573108,0.06942399890559003,-0.05976926932136584,-0.06917883357106958,-0.01211170358493463,0.07195050085700672,0.03404924172507995
2025,4,26,0.03515064115598632,0.006339740476481781,0.03465869890530571,0.0894762714339894,-0.0029278377885046947,0.0033303126572525876,-0.0028222956476416927,0.10507105125460203,0.04756662534067324,0.003614083906428922,-0.012994734738106972,0.000012925072141234395,0.07017278898859702,-0.06077070969577203,-0.08287267050808356,-0.010649152837297837,0.07738365512912271,0.04232272080883415
2025,4,5,0.030814359284212056,0.004489177332012373,0.031808281029074514,0.08971653758857667,-0.01405237958114025,0.0007626714712245519,-0.007478960510295729,0.09942005148158461,0.04402180703666603,0.007149443002456568,-0.0072129054223672995,0.0028514347776655846,0.07223108978946402,-0.05382466797669383,-0.062083577666493084,-0.010454522691815682,0.08138618807231879,0.038954562559025296
2025,5,10,0.04249892359834062,0.012160949599133497,0.04173171988290214,0.09069653236598407,0.016426838383145625,0.030716563299382438,0.000703455796989827,0.10711032334161064,0.04712270836172583,0.0038715901017647436,-0.013611955281075727,0.0007315678717985108,0.06990660880161581,-0.060621777502213314,-0.0748434656084418,-0.013440274697195997,0.07616178041729738,0.04446229585642203
2025,5,17,0.047951178535936334,0.017441965598179676,0.04698799935479503,0.09211687775687838,0.029540431356717134,0.03782138761832199,0.006628758028848436,0.10971296823859089,0.053698839158642375,0.004531779416002912,-0.013379081264606407,0.0017929237978917545,0.06928898537714256,-0.059671937149467946,-0.07678842825152532,-0.013369859738447287,0.07781233230519513,0.047862273945256106
2025,5,24,0.05022424540044623,0.019782767531750567,0.04866021035230239,0.09177979393007663,0.035914288569912634,0.042056652037407716,0.013311665141238826,0.10329180640231939,0.055477663306016334,0.004412554502651211,-0.01313939468933123,0.001806574766592739,0.07005480546877418,-0.0614395209185602,-0.07602027092140295,-0.012693432451332254,0.0770303912127619,0.047147452772343
2025,5,3,0.03912583951594417,0.010800793454331714,0.0384899865327204,0.09024751969596512,0.006592690097464882,0.02368426683900471,-0.004033190901468031,0.10591164801931763,0.04903310914593351,0.004298345187647268,-0.01228372781438869,0.0008548392584615261,0.06952770329725122,-0.060392950063480666,-0.07684603166591464,-0.012570644026776101,0.07696703164617791,0.04724503869475116
2025,5,31,0.05368037165899975,0.024699852559664226,0.05173245844301033,0.09334785857305272,0.042355581946446286,0.043878885458205064,0.0200566180808448,0.10091230068901469,0.06170773633528692,0.004721623456827917,-0.012531377656239684,0.0009897007171466576,0.07166391044946163,-0.06405438200169966,-0.09362280504280951,-0.011482912766711206,0.08378531485363983,0.04892720376843607
2025,6,14,0.05531625429091891,0.02328263933641117,0.054505508340917386,0.08940067846359745,0.053115818199902076,0.06659706250945763,0.016961050605652117,0.10027866185389689,0.05142863889192606,0.003526930638342307,-0.014444454154477926,-0.0007106405107543123,0.07267287760871244,-0.06657308744902823,-0.0903755653696372,-0.01213587805941918,0.07357466608779384,0.0450656349959726
2025,6,21,0.05560129300415162,0.02274928375045815,0.054739447800572494,0.08576955097012129,0.05599443089629452,0.06670622092026335,0.017860895384357534,0.09783000550625642,0.05486270376990676,0.0041777251955879,-0.013228632772257498,0.000039978104951599036,0.07322903751340193,-0.06416230497807351,-0.08725683213615476,-0.01216232646003157,0.07475855998595904,0.04529128011254557
2025,6,28,0.05319989298214711,0.019872919340373718,0.052143337755503616,0.08243476082524515,0.055686016247473935,0.058032539570366026,0.01962012776336919,0.0921352652658729,0.05499574404244867,0.005262757124396611,-0.013756454150369857,0.0019248315428199714,0.07578256307204456,-0.06185344750384847,-0.0909688195187639,-0.011550352514543838,0.08157069430529429,0.046966426943844786
2025,6,7,0.05503062043104556,0.023769114192453644,0.05515876286352683,0.09164823121538235,0.04652949018557884,0.06273041549711866,0.017160562599324303,0.09840334840416975,0.05744459767789256,0.004338285376097595,-0.01340378615672877,0.001449119278576605,0.07133631263572804,-0.06670807166676851,-0.0873926736637578,-0.010988654793897434,0.07316797575503786,0.04735596554211208
2025,7,12,0.050130174388593574,0.019291010865639224,0.049811986221008686,0.07583988796810326,0.048069951104927844,0.05942138426133248,0.0179412471673146,0.09215481268581671,0.03650818826817814,0.0012518333470696863,-0.014920379943825779,-0.002163314335691169,0.06985233668667656,-0.06872974169417989,-0.09023021516357166,-0.012790753315430448,0.07177804213786976,0.03577854949929549
2025,7,19,0.052196426458539724,0.018460573815731518,0.05318544464933672,0.07817479921108905,0.05117367593695188,0.0628619895170428,0.01784778204897708,0.10039668599692275,0.03225855856598758,0.002210679216705591,-0.01430912406769047,-0.0007927475038941312,0.07056176588235341,-0.06820969371671581,-0.08738446594186933,-0.012568434602854728,0.07456996871611943,0.03718232216216166
2025,7,26,0.05233933990217232,0.017706195507969147,0.053028351907428384,0.07899763330068987,0.05193953635360549,0.060735796904668016,0.017830722756321027,0.10180510740477633,0.03386581242630404,0.002444684213050108,-0.013895609693343802,-0.0011290780434657366,0.07076604824176846,-0.06739850008899795,-0.08565770564181008,-0.012896456409490553,0.07513474345588755,0.037458913538407135
2025,7,5,0.04680633279732338,0.019380048794750193,0.045340112301315294,0.072853393169926,0.0420772741667772,0.051728056100576625,0.023318502293919074,0.07586027987547062,0.03659278422859402,0.0018134674480354551,-0.014147663169456037,-0.0017817386035615668,0.06970799351231682,-0.06874275750141934,-0.09308677313633962,-0.010818267814253657,0.07121409109658572,0.03356887377097273
2025,8,16,0.044084867331187993,0.009652380437242147,0.044255032390756455,0.08111722476386207,0.03290048431570902,0.046233177331862496,0.007766145770572663,0.09515709140239381,0.03698425115714232,0.0037405358876321237,-0.012811733161683603,-0.002147511806261604,0.07385069373033581,-0.06259850432062142,-0.07275626058898399,-0.012580775554341339,0.06846704747260635,0.04334701648227912
2025,8,2,0.050570264570946266,0.015175019690201852,0.0506538783116941,0.08205778681644182,0.04634168731717225,0.06910406599849916,0.015672376297307,0.09229631793087445,0.03229469374760496,0.0026198957096708053,-0.013677333003798364,-0.0020671368003484236,0.07339700234216573,-0.06816391500613994,-0.08211946221217392,-0.010941283313785077,0.06984122054649711,0.04014518124305111
2025,8,23,0.038032747162684455,0.0061491451438278055,0.03867632014660183,0.07890419957223127,0.01635403453436024,0.025975825080698955,0.0005690877626198798,0.09660827977964925,0.04141387402409191,0.003399409782988805,-0.012151017133870234,-0.00254565900432413,0.07373068190236598,-0.06309588797288646,-0.07105018852469824,-0.014376964915070345,0.06962909022003783,0.043693964225023585
2025,8,30,0.03303202042448361,0.005359189838216372,0.03347197076105801,0.07734041486630838,0.0026795487378494798,0.006098180952495591,-0.0008089704715021906,0.0938426261781693,0.043121038968057634,0.0019295417373692558,-0.0123538919325904,-0.004619485152635883,0.07228043044835664,-0.06492413320593782,-0.0743364272827346,-0.014472135575882228,0.07206572314282034,0.040199196055047404
2025,8,9,0.04835074992748667,0.012369214401727557,0.05040293537439089,0.08077054639301218,0.04176713375765373,0.0615824037466044,0.012310980773642122,0.09447056885797545,0.03330213976226459,0.003314636603852783,-0.013941209375325614,-0.000044013396731434895,0.0735871162078181,-0.06666065701756618,-0.07664082900607139,-0.012030967640140333,0.07017634268912976,0.04081769428086601
2025,9,13,0.03529960754853989,0.007043263884480178,0.03809720967753982,0.08925512220295118,-0.009421905038731304,0.007084147824830911,-0.0021153589246797333,0.10019023048671061,0.05039830410674373,0.0017709030591888109,-0.013106326338182095,-0.0044017583769642155,0.07550246725508214,-0.06621452009083639,-0.07136805073357166,-0.014095056294064712,0.06504298574471656,0.04021847703516124
2025,9,20,0.03690149952848043,0.007449388390017964,0.03935802339000194,0.09432921559694418,-0.013193929315152508,0.008766745228672601,-0.0031170165766070124,0.10654920193880213,0.051189500147434064,0.0025782725731717804,-0.012967319496888674,-0.0037370917485733957,0.07826344107606253,-0.06672385513970247,-0.06929972481076041,-0.014927631995412471,0.0663887553950453,0.040654232475091145
2025,9,27,0.03622087287033304,0.00665262948541101,0.03928327600879089,0.09583019407420479,-0.017075167318701734,0.007387798493483588,-0.0039130330098329225,0.1050177524458864,0.05328081836477527,0.003353735040380057,-0.013426285531222604,-0.003567193357214893,0.07867387902465373,-0.06644354367625671,-0.07919146974022406,-0.014779420888584305,0.06912769961441678,0.04195730772096429
2025,9,6,0.034395286711252915,0.00711698911373837,0.03510206400084792,0.08512396158957491,-0.006025155750222777,0.004760787291262725,0.004765354121545551,0.0867778955051961,0.050572326605651474,0.0022061137076900827,-0.013007327992201834,-0.004548529261568457,0.075705359994656,-0.06685434378579402,-0.0725587881262093,-0.011318193271452004,0.06408102025500928,0.04114053573622889
2026,1,10,0.00345356105001815,-0.015790950477709176,-0.006513826980766635,0.0894999531137779,-0.07581941335453346,-0.08640129897715931,-0.02459150179473646,0.08242253167096192,0.059235975007544406,-0.001386096551770577,-0.015405382074301088,-0.011681059197546584,0.08025396600793355,-0.0732830176126934,-0.07038713325956758,-0.018930848827138802,0.06355161114443009,0.05441533453291192
2026,1,17,0.004835921531360476,-0.01807488526134582,-0.005891618763342099,0.09443188858279572,-0.07824382282549591,-0.08911029216115329,-0.02611609181223984,0.09278824193556279,0.059279535955491625,-0.0023802714947638304,-0.017534656181597774,-0.013025229876291733,0.08258532343277336,-0.07655772766024393,-0.07241213853283857,-0.02012653617908855,0.06979206041629649,0.05535658809009947
2026,1,24,0.0017957439417186638,-0.020992216624768467,-0.008151440260376619,0.09286114915370702,-0.08531312127843271,-0.09723362262573243,-0.029678399893124485,0.09072197774252966,0.06348126465253467,-0.005836258975917441,-0.0210467947975288,-0.01504739265124777,0.0800163315262774,-0.08386918404995447,-0.08276486439216335,-0.023941235070092826,0.06557075909910925,0.06002916574548833
2026,1,3,-0.008331808335121815,-0.021268763538597635,-0.019658916648613634,0.07308144828392593,-0.08262905904859086,-0.09734234810805065,-0.02468007031792263,0.05133561790639041,0.046233039048479974,-0.0009955279695719188,-0.017224075200222955,-0.009642940608321937,0.08057017383580911,-0.07696104205764343,-0.07800342095053137,-0.018375843640377476,0.06740637027751917,0.05348209421420358
2026,1,31,-0.0002580361368360595,-0.02422681151216488,-0.0074786789562504286,0.09236890169286682,-0.08686255659768949,-0.0994151769622762,-0.03004182338163852,0.08645040728558828,0.060634311724620193,-0.008626661916522393,-0.02404879597373122,-0.015533176429853301,0.07853671184820477,-0.08714671598741575,-0.10499694507462054,-0.02395789313024055,0.07124252741063453,0.0608298519779098
2026,2,14,0.005143631272402915,-0.02556240213653327,-0.0023626852046181313,0.09598951613199147,-0.076744798889678,-0.03951504326091826,-0.04370462918994655,0.08087250566610305,0.05798990587858066,-0.004622126237615709,-0.023719937529685486,-0.012568569085459003,0.08215830288673986,-0.08332974385868008,-0.05160831310125524,-0.03937936990850033,0.067143099522609,0.0486168352259686
2026,2,21,0.005380682229691347,-0.027864015207911375,-0.0003957076540367366,0.09686568287272412,-0.07502994394850471,-0.037961174678799336,-0.044834007021983924,0.07968325840600121,0.06272756552755276,-0.006272437230148475,-0.02849656147974211,-0.013096923096308277,0.08143330944123828,-0.08503679065465908,-0.056638550247959385,-0.04085639748496328,0.06318663206263508,0.05256213407821275
2026,2,28,0.008335250712286246,-0.022088306673304303,0.005253079071326772,0.09775466689218582,-0.07150676471361772,-0.032945720234177855,-0.04402962374066044,0.08279675338627035,0.06862540399019013,-0.006404880836646698,-0.025102082073417242,-0.011417922032045835,0.07983443201191953,-0.0882588044546827,-0.06658987223991375,-0.039904512190084174,0.06407186944966603,0.06612558601735352
2026,2,7,0.003966955092464586,-0.02432534347133619,-0.002334413618508391,0.095196946500401,-0.08033243574335647,-0.03995852260894772,-0.045411036885586564,0.07957541644132382,0.05753124917299757,-0.0052848149818414125,-0.023626254383115053,-0.011665330512060867,0.08088638166368445,-0.08423027908525904,-0.0514295697709527,-0.04010885888664928,0.06445380845410287,0.05550195076799258
2026,3,14,0.014636885130984822,-0.017664871962335793,0.01079059306529917,0.10152720958858996,-0.05894813319212577,0.022443147043051948,-0.03922453961093164,0.06306581127079225,0.05431883034329377,-0.004458443381014199,-0.0247826668955341,-0.011203968347472615,0.08250047233924929,-0.08561990585230972,-0.020966505320364925,-0.03986149210305279,0.04242968473007669,0.04854951871849145
2026,3,21,0.01760335224430687,-0.01474915950142941,0.013420668038342631,0.10478764052576217,-0.05284773609603721,0.025776384774543137,-0.035879073833051334,0.06865367294875613,0.051142185798054074,-0.0036048104535755243,-0.023587049824221662,-0.011538929547123877,0.08554071002359587,-0.08266426000812144,-0.018488001309310498,-0.03843098932469868,0.04447643937486068,0.04355301851459292
2026,3,28,0.01937569733757072,-0.01409358569121566,0.016910366285118217,0.10516857794399881,-0.0482051722484782,0.026404080343175096,-0.03370244066815575,0.07020930153043703,0.05370184406996836,-0.0023231666529357486,-0.022521382840972937,-0.009131537299754577,0.08795840650153908,-0.08112448454648746,-0.027537075511965825,-0.037347774210739204,0.056698327489400624,0.04786758159322613
2026,3,7,0.01120635244113255,-0.019692074125125525,0.007660175164350358,0.10076955210323013,-0.0617440691176091,0.023139752229738075,-0.044019833870885594,0.058765954685343846,0.05055140656880508,-0.00627610960654279,-0.024731630643688773,-0.010983217797377542,0.08237577425030973,-0.08468533975798564,-0.015604073784297734,-0.04235979307431459,0.038666581994591054,0.046672548647337386
2026,4,11,0.0220756350867517,-0.013709103689373836,0.02299512702527884,0.1037145563066757,-0.03969985766066053,0.0613740304382524,-0.026364173005202884,0.045593260444402706,0.04411977781353671,-0.003991354688379856,-0.027632927985497657,-0.007678044696735831,0.08596986858410682,-0.08328822849362194,-0.01008071603492311,-0.03204697922051247,0.02300992086110676,0.03693437197706673
2026,4,18,0.02653443142601053,-0.01011835655137383,0.02500590099487754,0.10698696542715336,-0.03372438394391597,0.06459875040642094,-0.02375575302309263,0.05406318313846903,0.048698124565834666,-0.002024154106284426,-0.026497029363956037,-0.007585946124227583,0.08831598562556486,-0.08302373296619214,-0.011445520426321631,-0.030927700789533885,0.027972720542010387,0.03867247430880494
2026,4,25,0.028342527227277925,-0.009145807443984966,0.026811784831751284,0.10832313666199456,-0.029898725581800623,0.06735749653024437,-0.022532397298259843,0.05572365066510798,0.051066270857228035,-0.003006826014297914,-0.02820604483141609,-0.007586567778303799,0.08877791164221582,-0.08630096441083202,-0.02350328065654539,-0.030164077159763658,0.029124226707160528,0.045793798807794994
2026,4,4,0.018659782660877422,-0.017127241121634773,0.0179217575164643,0.10299833510496748,-0.04717124022650698,0.06211864578112625,-0.02838226569499558,0.037131344742594496,0.039502728594269065,-0.004670916907844824,-0.028446512776393984,-0.010597232451567296,0.08534252603435188,-0.08517450542472016,-0.005191074542330476,-0.03115083496862381,0.020470773107039486,0.03447237323934105
2026,5,16,0.037342512714734655,0.0004729636744875698,0.032154147723872706,0.10874746798464341,-0.0030241757863360696,0.11043170294316451,-0.008537166913428429,0.035571217640659736,0.047351978149568597,-0.005785177896518778,-0.03004757446619921,-0.012573201325572714,0.08570626046487839,-0.09049712619884964,-0.009460305148142889,-0.028385605612058717,0.00530519994731371,0.041567222201631004
2026,5,2,0.030654054496195515,-0.005727729124578751,0.028937942989712306,0.10817464138943045,-0.023282943886815843,0.10117932343772473,-0.016641356628258053,0.03408662223606651,0.03959447872072053,-0.003940489542628822,-0.028519542241063123,-0.008396018586009246,0.08722487966574688,-0.08867279577112464,-0.004988518208772441,-0.025053958642035745,0.0067255468002596075,0.03788345557031736
2026,5,23,0.03888153897254876,0.0026000541442523506,0.02814528943133654,0.1082188928402874,0.0035386073963072917,0.11520588366927131,-0.0010216496599585456,0.027839011839582817,0.04290308299440149,-0.006618259361917067,-0.030017814679640042,-0.018061489724102597,0.08628304543543819,-0.09208587536081814,-0.00819243612693088,-0.026884813023267284,0.003241119742753762,0.03467551844089645
2026,5,30,0.04180311476659071,0.006195403466964011,0.03197833393791827,0.10784624316486657,0.011068604603558407,0.11664630743673987,0.007180505658797909,0.023796158954241253,0.04452934727552216,-0.006829042236113914,-0.030708126370626254,-0.018141556046475382,0.08597632900537167,-0.0936701850464472,-0.026149004344269478,-0.024231520761633818,0.00836936836466684,0.0318890414628894
2026,5,9,0.03367781688578786,-0.003204098567053393,0.029584213916761026,0.10907010034503384,-0.015651428044697102,0.10348959425297144,-0.011993530908982253,0.03651480283143371,0.03989679949537184,-0.0047069609560626,-0.02870489958339495,-0.01103291481210733,0.08804450503524897,-0.09098660342106757,-0.007364463971698432,-0.02601153075069429,0.007122693691878679,0.03729537190088106
2026,6,13,0.045003743657004325,0.008337338538589423,0.03860254808215324,0.10222992116440355,0.022138064958795667,0.11346606336244025,-0.0020795094063569275,0.055421846579968514,0.04396629088844772,-0.006502014922596389,-0.029125084510022603,-0.016112164174010957,0.08533756381057844,-0.09589618340370809,-0.04691614992646387,-0.0309878908129948,0.0297068181345177,0.03766420194998732
2026,6,20,0.045186135931782,0.009743716739189612,0.037048507631564975,0.10026586638162804,0.024467591629546703,0.11158633738302237,0.0007691332940074069,0.05237974985207283,0.04488147317449931,-0.005951044315098186,-0.026003880620365738,-0.01709314863401945,0.08753941342970362,-0.09400515787225572,-0.045641615447170825,-0.029084839070224633,0.030310355353070362,0.035391526049345146
2026,6,27,0.0438658036174131,0.0059101439807123235,0.03537196250756369,0.0982092332066784,0.023818165723989093,0.10481246854132453,0.002918341383651768,0.048321508444347794,0.04597103157986959,-0.003814671003725567,-0.02747195888096543,-0.014317725097170997,0.091354701456978,-0.09201909675208186,-0.047591996233621314,-0.028086751109928754,0.038722908282785795,0.038015382980213674
2026,6,6,0.04451211145527778,0.00691320600060874,0.038019891075608214,0.10559529218438701,0.017581496024236865,0.10892191003043439,-0.0009522047953454127,0.053163123934593326,0.04758403866314609,-0.0058909941509750485,-0.02996118843447637,-0.015149346359773719,0.08510447921656894,-0.09410982685158786,-0.04456147789832288,-0.028922062304574614,0.02892517170655351,0.037575898020520526
2026,7,11,0.032334902398590826,0.0008878063884771858,0.016411208372520747,0.0792274727828497,0.015171782261944378,0.0899409794115189,-0.005414190233844818,0.036616251336868855,0.030321491710230575,-0.01605411865291284,-0.03299767701141654,-0.03451093151100049,0.07319647005927798,-0.0998706754542168,-0.06193083304211544,-0.03591491581245243,0.017463950735678857,0.029642354788443903
2026,7,18,0.04304996087006274,0.004494130324682377,0.03632599858025287,0.09438479736530203,0.020719209509133307,0.10394791468232256,0.002066488940401401,0.049602797829386036,0.04168251130324063,-0.006684284261942008,-0.028028231969726147,-0.017120598001998277,0.08656384369346481,-0.09703745389547846,-0.04928742401375241,-0.028193455020486535,0.024895943721654712,0.04652934741223014
2026,7,25,0.042977191660411806,0.004072266387254997,0.036256570688016465,0.09472494606608373,0.020509695722343624,0.10255882601037025,0.00022357806017980764,0.05288068557930181,0.04285277247760444,-0.006660031251802034,-0.02728809181348113,-0.017372027854233085,0.08629163191162914,-0.09714953546905347,-0.04687718197120638,-0.0303292481002998,0.027288968299190808,0.04637251326273528
2026,7,4,0.035302897465244065,0.003620568905978727,0.02318323795363675,0.08322821806513447,0.011479633938120903,0.0918699117057038,0.003606441551319284,0.0295426924376212,0.03437047581208352,-0.009373655727362373,-0.029628054094502865,-0.02323998405075811,0.0799497439227963,-0.0977060439421249,-0.05586512241510222,-0.03033513182898695,0.025917676920095944,0.03136470600170416
2026,8,1,0.040770664593001715,0.0019354824554778105,0.03131120446014202,0.09596041865726757,0.01874326580361485,0.11418455255836779,-0.0025742758629931917,0.04135942095835432,0.03886599968237481,-0.00691024279749064,-0.026682407632325322,-0.020799916370187188,0.08712130967271947,-0.09428818412084994,-0.04031845177606086,-0.029007249809470226,0.02002733969122983,0.046662845774136485
2026,8,15,0.03228195165723968,-0.0044115942143230225,0.022808362642037228,0.08680208963740665,0.00586654795931052,0.09061841594597086,-0.010565343189061327,0.041802011430347674,0.03496303830893566,-0.007737832761520402,-0.026626645018089423,-0.022917946131588707,0.0794626407019936,-0.08818843989927627,-0.0315999208042802,-0.030730738761363008,0.016288297789746276,0.04134230274329043
2026,8,8,0.03930592821335943,-0.0010510424028271625,0.029722157677330774,0.09511741576448163,0.014334796277455153,0.10759652980896273,-0.004088970916943491,0.043450081105349314,0.038652013466248025,-0.005481477921456035,-0.027123803161117288,-0.020072705029805626,0.08774996297954574,-0.09262771337353237,-0.033974098663955954,-0.02826852043448813,0.020280713996670086,0.04612389710148679
