year,month,day_endofweek,cityid,bg_posts,bg_posts_ss30,bg_posts_ss55,bg_posts_ss60,bg_posts_ss65,bg_posts_ss70,bg_posts_jz1,bg_posts_jzgrp12,bg_posts_jz2,bg_posts_jz3,bg_posts_jzgrp345,bg_posts_jz4,bg_posts_jz5
2020,1,10,1,.,.,.,.,.,.,.,.,.,.,.,.,.
2020,1,10,2,.,.,.,.,.,.,.,.,.,.,.,.,.
2020,1,10,3,.,.,.,.,.,.,.,.,.,.,.,.,.
2020,1,10,4,.,.,.,.,.,.,.,.,.,.,.,.,.
2020,1,10,5,.,.,.,.,.,.,.,.,.,.,.,.,.
2020,1,10,6,.,.,.,.,.,.,.,.,.,.,.,.,.
2020,1,10,7,.,.,.,.,.,.,.,.,.,.,.,.,.
2020,1,10,8,.,.,.,.,.,.,.,.,.,.,.,.,.
2020,1,10,9,.,.,.,.,.,.,.,.,.,.,.,.,.
2020,1,10,10,.,.,.,.,.,.,.,.,.,.,.,.,.
2020,1,10,11,.,.,.,.,.,.,.,.,.,.,.,.,.
2020,1,10,12,.,.,.,.,.,.,.,.,.,.,.,.,.
2020,1,10,13,.,.,.,.,.,.,.,.,.,.,.,.,.
2020,1,10,14,.,.,.,.,.,.,.,.,.,.,.,.,.
2020,1,10,15,.,.,.,.,.,.,.,.,.,.,.,.,.
2020,1,10,16,.,.,.,.,.,.,.,.,.,.,.,.,.
2020,1,10,17,.,.,.,.,.,.,.,.,.,.,.,.,.
2020,1,10,18,.,.,.,.,.,.,.,.,.,.,.,.,.
2020,1,10,19,.,.,.,.,.,.,.,.,.,.,.,.,.
2020,1,10,20,.,.,.,.,.,.,.,.,.,.,.,.,.
2020,1,10,21,.,.,.,.,.,.,.,.,.,.,.,.,.
2020,1,10,22,.,.,.,.,.,.,.,.,.,.,.,.,.
2020,1,10,23,.,.,.,.,.,.,.,.,.,.,.,.,.
2020,1,10,24,.,.,.,.,.,.,.,.,.,.,.,.,.
2020,1,10,25,.,.,.,.,.,.,.,.,.,.,.,.,.
2020,1,10,26,.,.,.,.,.,.,.,.,.,.,.,.,.
2020,1,10,27,.,.,.,.,.,.,.,.,.,.,.,.,.
2020,1,10,28,.,.,.,.,.,.,.,.,.,.,.,.,.
2020,1,10,29,.,.,.,.,.,.,.,.,.,.,.,.,.
2020,1,10,30,.,.,.,.,.,.,.,.,.,.,.,.,.
2020,1,10,31,.,.,.,.,.,.,.,.,.,.,.,.,.
2020,1,10,32,.,.,.,.,.,.,.,.,.,.,.,.,.
2020,1,10,33,.,.,.,.,.,.,.,.,.,.,.,.,.
2020,1,10,34,.,.,.,.,.,.,.,.,.,.,.,.,.
2020,1,10,35,.,.,.,.,.,.,.,.,.,.,.,.,.
2020,1,10,36,.,.,.,.,.,.,.,.,.,.,.,.,.
2020,1,10,37,.,.,.,.,.,.,.,.,.,.,.,.,.
2020,1,10,38,.,.,.,.,.,.,.,.,.,.,.,.,.
2020,1,10,39,.,.,.,.,.,.,.,.,.,.,.,.,.
2020,1,10,40,.,.,.,.,.,.,.,.,.,.,.,.,.
2020,1,10,41,.,.,.,.,.,.,.,.,.,.,.,.,.
2020,1,10,42,.,.,.,.,.,.,.,.,.,.,.,.,.
2020,1,10,43,.,.,.,.,.,.,.,.,.,.,.,.,.
2020,1,10,44,.,.,.,.,.,.,.,.,.,.,.,.,.
2020,1,10,45,.,.,.,.,.,.,.,.,.,.,.,.,.
2020,1,10,46,.,.,.,.,.,.,.,.,.,.,.,.,.
2020,1,10,47,.,.,.,.,.,.,.,.,.,.,.,.,.
2020,1,10,48,.,.,.,.,.,.,.,.,.,.,.,.,.
2020,1,10,49,.,.,.,.,.,.,.,.,.,.,.,.,.
2020,1,10,50,.,.,.,.,.,.,.,.,.,.,.,.,.
2020,1,10,51,.,.,.,.,.,.,.,.,.,.,.,.,.
2020,1,10,52,.,.,.,.,.,.,.,.,.,.,.,.,.
2020,1,10,53,.,.,.,.,.,.,.,.,.,.,.,.,.
2020,1,17,1,.,.,.,.,.,.,.,.,.,.,.,.,.
2020,1,17,2,.,.,.,.,.,.,.,.,.,.,.,.,.
2020,1,17,3,.,.,.,.,.,.,.,.,.,.,.,.,.
2020,1,17,4,.,.,.,.,.,.,.,.,.,.,.,.,.
2020,1,17,5,.,.,.,.,.,.,.,.,.,.,.,.,.
2020,1,17,6,.,.,.,.,.,.,.,.,.,.,.,.,.
2020,1,17,7,.,.,.,.,.,.,.,.,.,.,.,.,.
2020,1,17,8,.,.,.,.,.,.,.,.,.,.,.,.,.
2020,1,17,9,.,.,.,.,.,.,.,.,.,.,.,.,.
2020,1,17,10,.,.,.,.,.,.,.,.,.,.,.,.,.
2020,1,17,11,.,.,.,.,.,.,.,.,.,.,.,.,.
2020,1,17,12,.,.,.,.,.,.,.,.,.,.,.,.,.
2020,1,17,13,.,.,.,.,.,.,.,.,.,.,.,.,.
2020,1,17,14,.,.,.,.,.,.,.,.,.,.,.,.,.
2020,1,17,15,.,.,.,.,.,.,.,.,.,.,.,.,.
2020,1,17,16,.,.,.,.,.,.,.,.,.,.,.,.,.
2020,1,17,17,.,.,.,.,.,.,.,.,.,.,.,.,.
2020,1,17,18,.,.,.,.,.,.,.,.,.,.,.,.,.
2020,1,17,19,.,.,.,.,.,.,.,.,.,.,.,.,.
2020,1,17,20,.,.,.,.,.,.,.,.,.,.,.,.,.
2020,1,17,21,.,.,.,.,.,.,.,.,.,.,.,.,.
2020,1,17,22,.,.,.,.,.,.,.,.,.,.,.,.,.
2020,1,17,23,.,.,.,.,.,.,.,.,.,.,.,.,.
2020,1,17,24,.,.,.,.,.,.,.,.,.,.,.,.,.
2020,1,17,25,.,.,.,.,.,.,.,.,.,.,.,.,.
2020,1,17,26,.,.,.,.,.,.,.,.,.,.,.,.,.
2020,1,17,27,.,.,.,.,.,.,.,.,.,.,.,.,.
2020,1,17,28,.,.,.,.,.,.,.,.,.,.,.,.,.
2020,1,17,29,.,.,.,.,.,.,.,.,.,.,.,.,.
2020,1,17,30,.,.,.,.,.,.,.,.,.,.,.,.,.
2020,1,17,31,.,.,.,.,.,.,.,.,.,.,.,.,.
2020,1,17,32,.,.,.,.,.,.,.,.,.,.,.,.,.
2020,1,17,33,.,.,.,.,.,.,.,.,.,.,.,.,.
2020,1,17,34,.,.,.,.,.,.,.,.,.,.,.,.,.
2020,1,17,35,.,.,.,.,.,.,.,.,.,.,.,.,.
2020,1,17,36,.,.,.,.,.,.,.,.,.,.,.,.,.
2020,1,17,37,.,.,.,.,.,.,.,.,.,.,.,.,.
2020,1,17,38,.,.,.,.,.,.,.,.,.,.,.,.,.
2020,1,17,39,.,.,.,.,.,.,.,.,.,.,.,.,.
2020,1,17,40,.,.,.,.,.,.,.,.,.,.,.,.,.
2020,1,17,41,.,.,.,.,.,.,.,.,.,.,.,.,.
2020,1,17,42,.,.,.,.,.,.,.,.,.,.,.,.,.
2020,1,17,43,.,.,.,.,.,.,.,.,.,.,.,.,.
2020,1,17,44,.,.,.,.,.,.,.,.,.,.,.,.,.
2020,1,17,45,.,.,.,.,.,.,.,.,.,.,.,.,.
2020,1,17,46,.,.,.,.,.,.,.,.,.,.,.,.,.
2020,1,17,47,.,.,.,.,.,.,.,.,.,.,.,.,.
2020,1,17,48,.,.,.,.,.,.,.,.,.,.,.,.,.
2020,1,17,49,.,.,.,.,.,.,.,.,.,.,.,.,.
2020,1,17,50,.,.,.,.,.,.,.,.,.,.,.,.,.
2020,1,17,51,.,.,.,.,.,.,.,.,.,.,.,.,.
2020,1,17,52,.,.,.,.,.,.,.,.,.,.,.,.,.
2020,1,17,53,.,.,.,.,.,.,.,.,.,.,.,.,.
2020,1,24,1,.,.,.,.,.,.,.,.,.,.,.,.,.
2020,1,24,2,.,.,.,.,.,.,.,.,.,.,.,.,.
2020,1,24,3,.,.,.,.,.,.,.,.,.,.,.,.,.
2020,1,24,4,.,.,.,.,.,.,.,.,.,.,.,.,.
2020,1,24,5,.,.,.,.,.,.,.,.,.,.,.,.,.
2020,1,24,6,.,.,.,.,.,.,.,.,.,.,.,.,.
2020,1,24,7,.,.,.,.,.,.,.,.,.,.,.,.,.
2020,1,24,8,.,.,.,.,.,.,.,.,.,.,.,.,.
2020,1,24,9,.,.,.,.,.,.,.,.,.,.,.,.,.
2020,1,24,10,.,.,.,.,.,.,.,.,.,.,.,.,.
2020,1,24,11,.,.,.,.,.,.,.,.,.,.,.,.,.
2020,1,24,12,.,.,.,.,.,.,.,.,.,.,.,.,.
2020,1,24,13,.,.,.,.,.,.,.,.,.,.,.,.,.
2020,1,24,14,.,.,.,.,.,.,.,.,.,.,.,.,.
2020,1,24,15,.,.,.,.,.,.,.,.,.,.,.,.,.
2020,1,24,16,.,.,.,.,.,.,.,.,.,.,.,.,.
2020,1,24,17,.,.,.,.,.,.,.,.,.,.,.,.,.
2020,1,24,18,.,.,.,.,.,.,.,.,.,.,.,.,.
2020,1,24,19,.,.,.,.,.,.,.,.,.,.,.,.,.
2020,1,24,20,.,.,.,.,.,.,.,.,.,.,.,.,.
2020,1,24,21,.,.,.,.,.,.,.,.,.,.,.,.,.
2020,1,24,22,.,.,.,.,.,.,.,.,.,.,.,.,.
2020,1,24,23,.,.,.,.,.,.,.,.,.,.,.,.,.
2020,1,24,24,.,.,.,.,.,.,.,.,.,.,.,.,.
2020,1,24,25,.,.,.,.,.,.,.,.,.,.,.,.,.
2020,1,24,26,.,.,.,.,.,.,.,.,.,.,.,.,.
2020,1,24,27,.,.,.,.,.,.,.,.,.,.,.,.,.
2020,1,24,28,.,.,.,.,.,.,.,.,.,.,.,.,.
2020,1,24,29,.,.,.,.,.,.,.,.,.,.,.,.,.
2020,1,24,30,.,.,.,.,.,.,.,.,.,.,.,.,.
2020,1,24,31,.,.,.,.,.,.,.,.,.,.,.,.,.
2020,1,24,32,.,.,.,.,.,.,.,.,.,.,.,.,.
2020,1,24,33,.,.,.,.,.,.,.,.,.,.,.,.,.
2020,1,24,34,.,.,.,.,.,.,.,.,.,.,.,.,.
2020,1,24,35,.,.,.,.,.,.,.,.,.,.,.,.,.
2020,1,24,36,.,.,.,.,.,.,.,.,.,.,.,.,.
2020,1,24,37,.,.,.,.,.,.,.,.,.,.,.,.,.
2020,1,24,38,.,.,.,.,.,.,.,.,.,.,.,.,.
2020,1,24,39,.,.,.,.,.,.,.,.,.,.,.,.,.
2020,1,24,40,.,.,.,.,.,.,.,.,.,.,.,.,.
2020,1,24,41,.,.,.,.,.,.,.,.,.,.,.,.,.
2020,1,24,42,.,.,.,.,.,.,.,.,.,.,.,.,.
2020,1,24,43,.,.,.,.,.,.,.,.,.,.,.,.,.
2020,1,24,44,.,.,.,.,.,.,.,.,.,.,.,.,.
2020,1,24,45,.,.,.,.,.,.,.,.,.,.,.,.,.
2020,1,24,46,.,.,.,.,.,.,.,.,.,.,.,.,.
2020,1,24,47,.,.,.,.,.,.,.,.,.,.,.,.,.
2020,1,24,48,.,.,.,.,.,.,.,.,.,.,.,.,.
2020,1,24,49,.,.,.,.,.,.,.,.,.,.,.,.,.
2020,1,24,50,.,.,.,.,.,.,.,.,.,.,.,.,.
2020,1,24,51,.,.,.,.,.,.,.,.,.,.,.,.,.
2020,1,24,52,.,.,.,.,.,.,.,.,.,.,.,.,.
2020,1,24,53,.,.,.,.,.,.,.,.,.,.,.,.,.
2020,1,31,1,.,.,.,.,.,.,.,.,.,.,.,.,.
2020,1,31,2,.,.,.,.,.,.,.,.,.,.,.,.,.
2020,1,31,3,.,.,.,.,.,.,.,.,.,.,.,.,.
2020,1,31,4,.,.,.,.,.,.,.,.,.,.,.,.,.
2020,1,31,5,.,.,.,.,.,.,.,.,.,.,.,.,.
2020,1,31,6,.,.,.,.,.,.,.,.,.,.,.,.,.
2020,1,31,7,.,.,.,.,.,.,.,.,.,.,.,.,.
2020,1,31,8,.,.,.,.,.,.,.,.,.,.,.,.,.
2020,1,31,9,.,.,.,.,.,.,.,.,.,.,.,.,.
2020,1,31,10,.,.,.,.,.,.,.,.,.,.,.,.,.
2020,1,31,11,.,.,.,.,.,.,.,.,.,.,.,.,.
2020,1,31,12,.,.,.,.,.,.,.,.,.,.,.,.,.
2020,1,31,13,.,.,.,.,.,.,.,.,.,.,.,.,.
2020,1,31,14,.,.,.,.,.,.,.,.,.,.,.,.,.
2020,1,31,15,.,.,.,.,.,.,.,.,.,.,.,.,.
2020,1,31,16,.,.,.,.,.,.,.,.,.,.,.,.,.
2020,1,31,17,.,.,.,.,.,.,.,.,.,.,.,.,.
2020,1,31,18,.,.,.,.,.,.,.,.,.,.,.,.,.
2020,1,31,19,.,.,.,.,.,.,.,.,.,.,.,.,.
2020,1,31,20,.,.,.,.,.,.,.,.,.,.,.,.,.
2020,1,31,21,.,.,.,.,.,.,.,.,.,.,.,.,.
2020,1,31,22,.,.,.,.,.,.,.,.,.,.,.,.,.
2020,1,31,23,.,.,.,.,.,.,.,.,.,.,.,.,.
2020,1,31,24,.,.,.,.,.,.,.,.,.,.,.,.,.
2020,1,31,25,.,.,.,.,.,.,.,.,.,.,.,.,.
2020,1,31,26,.,.,.,.,.,.,.,.,.,.,.,.,.
2020,1,31,27,.,.,.,.,.,.,.,.,.,.,.,.,.
2020,1,31,28,.,.,.,.,.,.,.,.,.,.,.,.,.
2020,1,31,29,.,.,.,.,.,.,.,.,.,.,.,.,.
2020,1,31,30,.,.,.,.,.,.,.,.,.,.,.,.,.
2020,1,31,31,.,.,.,.,.,.,.,.,.,.,.,.,.
2020,1,31,32,.,.,.,.,.,.,.,.,.,.,.,.,.
2020,1,31,33,.,.,.,.,.,.,.,.,.,.,.,.,.
2020,1,31,34,.,.,.,.,.,.,.,.,.,.,.,.,.
2020,1,31,35,.,.,.,.,.,.,.,.,.,.,.,.,.
2020,1,31,36,.,.,.,.,.,.,.,.,.,.,.,.,.
2020,1,31,37,.,.,.,.,.,.,.,.,.,.,.,.,.
2020,1,31,38,.,.,.,.,.,.,.,.,.,.,.,.,.
2020,1,31,39,.,.,.,.,.,.,.,.,.,.,.,.,.
2020,1,31,40,.,.,.,.,.,.,.,.,.,.,.,.,.
2020,1,31,41,.,.,.,.,.,.,.,.,.,.,.,.,.
2020,1,31,42,.,.,.,.,.,.,.,.,.,.,.,.,.
2020,1,31,43,.,.,.,.,.,.,.,.,.,.,.,.,.
2020,1,31,44,.,.,.,.,.,.,.,.,.,.,.,.,.
2020,1,31,45,.,.,.,.,.,.,.,.,.,.,.,.,.
2020,1,31,46,.,.,.,.,.,.,.,.,.,.,.,.,.
2020,1,31,47,.,.,.,.,.,.,.,.,.,.,.,.,.
2020,1,31,48,.,.,.,.,.,.,.,.,.,.,.,.,.
2020,1,31,49,.,.,.,.,.,.,.,.,.,.,.,.,.
2020,1,31,50,.,.,.,.,.,.,.,.,.,.,.,.,.
2020,1,31,51,.,.,.,.,.,.,.,.,.,.,.,.,.
2020,1,31,52,.,.,.,.,.,.,.,.,.,.,.,.,.
2020,1,31,53,.,.,.,.,.,.,.,.,.,.,.,.,.
2020,2,7,1,.,.,.,.,.,.,.,.,.,.,.,.,.
2020,2,7,2,.,.,.,.,.,.,.,.,.,.,.,.,.
2020,2,7,3,.,.,.,.,.,.,.,.,.,.,.,.,.
2020,2,7,4,.,.,.,.,.,.,.,.,.,.,.,.,.
2020,2,7,5,.,.,.,.,.,.,.,.,.,.,.,.,.
2020,2,7,6,.,.,.,.,.,.,.,.,.,.,.,.,.
2020,2,7,7,.,.,.,.,.,.,.,.,.,.,.,.,.
2020,2,7,8,.,.,.,.,.,.,.,.,.,.,.,.,.
2020,2,7,9,.,.,.,.,.,.,.,.,.,.,.,.,.
2020,2,7,10,.,.,.,.,.,.,.,.,.,.,.,.,.
2020,2,7,11,.,.,.,.,.,.,.,.,.,.,.,.,.
2020,2,7,12,.,.,.,.,.,.,.,.,.,.,.,.,.
2020,2,7,13,.,.,.,.,.,.,.,.,.,.,.,.,.
2020,2,7,14,.,.,.,.,.,.,.,.,.,.,.,.,.
2020,2,7,15,.,.,.,.,.,.,.,.,.,.,.,.,.
2020,2,7,16,.,.,.,.,.,.,.,.,.,.,.,.,.
2020,2,7,17,.,.,.,.,.,.,.,.,.,.,.,.,.
2020,2,7,18,.,.,.,.,.,.,.,.,.,.,.,.,.
2020,2,7,19,.,.,.,.,.,.,.,.,.,.,.,.,.
2020,2,7,20,.,.,.,.,.,.,.,.,.,.,.,.,.
2020,2,7,21,.,.,.,.,.,.,.,.,.,.,.,.,.
2020,2,7,22,.,.,.,.,.,.,.,.,.,.,.,.,.
2020,2,7,23,.,.,.,.,.,.,.,.,.,.,.,.,.
2020,2,7,24,.,.,.,.,.,.,.,.,.,.,.,.,.
2020,2,7,25,.,.,.,.,.,.,.,.,.,.,.,.,.
2020,2,7,26,.,.,.,.,.,.,.,.,.,.,.,.,.
2020,2,7,27,.,.,.,.,.,.,.,.,.,.,.,.,.
2020,2,7,28,.,.,.,.,.,.,.,.,.,.,.,.,.
2020,2,7,29,.,.,.,.,.,.,.,.,.,.,.,.,.
2020,2,7,30,.,.,.,.,.,.,.,.,.,.,.,.,.
2020,2,7,31,.,.,.,.,.,.,.,.,.,.,.,.,.
2020,2,7,32,.,.,.,.,.,.,.,.,.,.,.,.,.
2020,2,7,33,.,.,.,.,.,.,.,.,.,.,.,.,.
2020,2,7,34,.,.,.,.,.,.,.,.,.,.,.,.,.
2020,2,7,35,.,.,.,.,.,.,.,.,.,.,.,.,.
2020,2,7,36,.,.,.,.,.,.,.,.,.,.,.,.,.
2020,2,7,37,.,.,.,.,.,.,.,.,.,.,.,.,.
2020,2,7,38,.,.,.,.,.,.,.,.,.,.,.,.,.
2020,2,7,39,.,.,.,.,.,.,.,.,.,.,.,.,.
2020,2,7,40,.,.,.,.,.,.,.,.,.,.,.,.,.
2020,2,7,41,.,.,.,.,.,.,.,.,.,.,.,.,.
2020,2,7,42,.,.,.,.,.,.,.,.,.,.,.,.,.
2020,2,7,43,.,.,.,.,.,.,.,.,.,.,.,.,.
2020,2,7,44,.,.,.,.,.,.,.,.,.,.,.,.,.
2020,2,7,45,.,.,.,.,.,.,.,.,.,.,.,.,.
2020,2,7,46,.,.,.,.,.,.,.,.,.,.,.,.,.
2020,2,7,47,.,.,.,.,.,.,.,.,.,.,.,.,.
2020,2,7,48,.,.,.,.,.,.,.,.,.,.,.,.,.
2020,2,7,49,.,.,.,.,.,.,.,.,.,.,.,.,.
2020,2,7,50,.,.,.,.,.,.,.,.,.,.,.,.,.
2020,2,7,51,.,.,.,.,.,.,.,.,.,.,.,.,.
2020,2,7,52,.,.,.,.,.,.,.,.,.,.,.,.,.
2020,2,7,53,.,.,.,.,.,.,.,.,.,.,.,.,.
2020,2,14,1,.,.,.,.,.,.,.,.,.,.,.,.,.
2020,2,14,2,.,.,.,.,.,.,.,.,.,.,.,.,.
2020,2,14,3,.,.,.,.,.,.,.,.,.,.,.,.,.
2020,2,14,4,.,.,.,.,.,.,.,.,.,.,.,.,.
2020,2,14,5,.,.,.,.,.,.,.,.,.,.,.,.,.
2020,2,14,6,.,.,.,.,.,.,.,.,.,.,.,.,.
2020,2,14,7,.,.,.,.,.,.,.,.,.,.,.,.,.
2020,2,14,8,.,.,.,.,.,.,.,.,.,.,.,.,.
2020,2,14,9,.,.,.,.,.,.,.,.,.,.,.,.,.
2020,2,14,10,.,.,.,.,.,.,.,.,.,.,.,.,.
2020,2,14,11,.,.,.,.,.,.,.,.,.,.,.,.,.
2020,2,14,12,.,.,.,.,.,.,.,.,.,.,.,.,.
2020,2,14,13,.,.,.,.,.,.,.,.,.,.,.,.,.
2020,2,14,14,.,.,.,.,.,.,.,.,.,.,.,.,.
2020,2,14,15,.,.,.,.,.,.,.,.,.,.,.,.,.
2020,2,14,16,.,.,.,.,.,.,.,.,.,.,.,.,.
2020,2,14,17,.,.,.,.,.,.,.,.,.,.,.,.,.
2020,2,14,18,.,.,.,.,.,.,.,.,.,.,.,.,.
2020,2,14,19,.,.,.,.,.,.,.,.,.,.,.,.,.
2020,2,14,20,.,.,.,.,.,.,.,.,.,.,.,.,.
2020,2,14,21,.,.,.,.,.,.,.,.,.,.,.,.,.
2020,2,14,22,.,.,.,.,.,.,.,.,.,.,.,.,.
2020,2,14,23,.,.,.,.,.,.,.,.,.,.,.,.,.
2020,2,14,24,.,.,.,.,.,.,.,.,.,.,.,.,.
2020,2,14,25,.,.,.,.,.,.,.,.,.,.,.,.,.
2020,2,14,26,.,.,.,.,.,.,.,.,.,.,.,.,.
2020,2,14,27,.,.,.,.,.,.,.,.,.,.,.,.,.
2020,2,14,28,.,.,.,.,.,.,.,.,.,.,.,.,.
2020,2,14,29,.,.,.,.,.,.,.,.,.,.,.,.,.
2020,2,14,30,.,.,.,.,.,.,.,.,.,.,.,.,.
2020,2,14,31,.,.,.,.,.,.,.,.,.,.,.,.,.
2020,2,14,32,.,.,.,.,.,.,.,.,.,.,.,.,.
2020,2,14,33,.,.,.,.,.,.,.,.,.,.,.,.,.
2020,2,14,34,.,.,.,.,.,.,.,.,.,.,.,.,.
2020,2,14,35,.,.,.,.,.,.,.,.,.,.,.,.,.
2020,2,14,36,.,.,.,.,.,.,.,.,.,.,.,.,.
2020,2,14,37,.,.,.,.,.,.,.,.,.,.,.,.,.
2020,2,14,38,.,.,.,.,.,.,.,.,.,.,.,.,.
2020,2,14,39,.,.,.,.,.,.,.,.,.,.,.,.,.
2020,2,14,40,.,.,.,.,.,.,.,.,.,.,.,.,.
2020,2,14,41,.,.,.,.,.,.,.,.,.,.,.,.,.
2020,2,14,42,.,.,.,.,.,.,.,.,.,.,.,.,.
2020,2,14,43,.,.,.,.,.,.,.,.,.,.,.,.,.
2020,2,14,44,.,.,.,.,.,.,.,.,.,.,.,.,.
2020,2,14,45,.,.,.,.,.,.,.,.,.,.,.,.,.
2020,2,14,46,.,.,.,.,.,.,.,.,.,.,.,.,.
2020,2,14,47,.,.,.,.,.,.,.,.,.,.,.,.,.
2020,2,14,48,.,.,.,.,.,.,.,.,.,.,.,.,.
2020,2,14,49,.,.,.,.,.,.,.,.,.,.,.,.,.
2020,2,14,50,.,.,.,.,.,.,.,.,.,.,.,.,.
2020,2,14,51,.,.,.,.,.,.,.,.,.,.,.,.,.
2020,2,14,52,.,.,.,.,.,.,.,.,.,.,.,.,.
2020,2,14,53,.,.,.,.,.,.,.,.,.,.,.,.,.
2020,2,21,1,.,.,.,.,.,.,.,.,.,.,.,.,.
2020,2,21,2,.,.,.,.,.,.,.,.,.,.,.,.,.
2020,2,21,3,.,.,.,.,.,.,.,.,.,.,.,.,.
2020,2,21,4,.,.,.,.,.,.,.,.,.,.,.,.,.
2020,2,21,5,.,.,.,.,.,.,.,.,.,.,.,.,.
2020,2,21,6,.,.,.,.,.,.,.,.,.,.,.,.,.
2020,2,21,7,.,.,.,.,.,.,.,.,.,.,.,.,.
2020,2,21,8,.,.,.,.,.,.,.,.,.,.,.,.,.
2020,2,21,9,.,.,.,.,.,.,.,.,.,.,.,.,.
2020,2,21,10,.,.,.,.,.,.,.,.,.,.,.,.,.
2020,2,21,11,.,.,.,.,.,.,.,.,.,.,.,.,.
2020,2,21,12,.,.,.,.,.,.,.,.,.,.,.,.,.
2020,2,21,13,.,.,.,.,.,.,.,.,.,.,.,.,.
2020,2,21,14,.,.,.,.,.,.,.,.,.,.,.,.,.
2020,2,21,15,.,.,.,.,.,.,.,.,.,.,.,.,.
2020,2,21,16,.,.,.,.,.,.,.,.,.,.,.,.,.
2020,2,21,17,.,.,.,.,.,.,.,.,.,.,.,.,.
2020,2,21,18,.,.,.,.,.,.,.,.,.,.,.,.,.
2020,2,21,19,.,.,.,.,.,.,.,.,.,.,.,.,.
2020,2,21,20,.,.,.,.,.,.,.,.,.,.,.,.,.
2020,2,21,21,.,.,.,.,.,.,.,.,.,.,.,.,.
2020,2,21,22,.,.,.,.,.,.,.,.,.,.,.,.,.
2020,2,21,23,.,.,.,.,.,.,.,.,.,.,.,.,.
2020,2,21,24,.,.,.,.,.,.,.,.,.,.,.,.,.
2020,2,21,25,.,.,.,.,.,.,.,.,.,.,.,.,.
2020,2,21,26,.,.,.,.,.,.,.,.,.,.,.,.,.
2020,2,21,27,.,.,.,.,.,.,.,.,.,.,.,.,.
2020,2,21,28,.,.,.,.,.,.,.,.,.,.,.,.,.
2020,2,21,29,.,.,.,.,.,.,.,.,.,.,.,.,.
2020,2,21,30,.,.,.,.,.,.,.,.,.,.,.,.,.
2020,2,21,31,.,.,.,.,.,.,.,.,.,.,.,.,.
2020,2,21,32,.,.,.,.,.,.,.,.,.,.,.,.,.
2020,2,21,33,.,.,.,.,.,.,.,.,.,.,.,.,.
2020,2,21,34,.,.,.,.,.,.,.,.,.,.,.,.,.
2020,2,21,35,.,.,.,.,.,.,.,.,.,.,.,.,.
2020,2,21,36,.,.,.,.,.,.,.,.,.,.,.,.,.
2020,2,21,37,.,.,.,.,.,.,.,.,.,.,.,.,.
2020,2,21,38,.,.,.,.,.,.,.,.,.,.,.,.,.
2020,2,21,39,.,.,.,.,.,.,.,.,.,.,.,.,.
2020,2,21,40,.,.,.,.,.,.,.,.,.,.,.,.,.
2020,2,21,41,.,.,.,.,.,.,.,.,.,.,.,.,.
2020,2,21,42,.,.,.,.,.,.,.,.,.,.,.,.,.
2020,2,21,43,.,.,.,.,.,.,.,.,.,.,.,.,.
2020,2,21,44,.,.,.,.,.,.,.,.,.,.,.,.,.
2020,2,21,45,.,.,.,.,.,.,.,.,.,.,.,.,.
2020,2,21,46,.,.,.,.,.,.,.,.,.,.,.,.,.
2020,2,21,47,.,.,.,.,.,.,.,.,.,.,.,.,.
2020,2,21,48,.,.,.,.,.,.,.,.,.,.,.,.,.
2020,2,21,49,.,.,.,.,.,.,.,.,.,.,.,.,.
2020,2,21,50,.,.,.,.,.,.,.,.,.,.,.,.,.
2020,2,21,51,.,.,.,.,.,.,.,.,.,.,.,.,.
2020,2,21,52,.,.,.,.,.,.,.,.,.,.,.,.,.
2020,2,21,53,.,.,.,.,.,.,.,.,.,.,.,.,.
2020,2,28,1,.,.,.,.,.,.,.,.,.,.,.,.,.
2020,2,28,2,.,.,.,.,.,.,.,.,.,.,.,.,.
2020,2,28,3,.,.,.,.,.,.,.,.,.,.,.,.,.
2020,2,28,4,.,.,.,.,.,.,.,.,.,.,.,.,.
2020,2,28,5,.,.,.,.,.,.,.,.,.,.,.,.,.
2020,2,28,6,.,.,.,.,.,.,.,.,.,.,.,.,.
2020,2,28,7,.,.,.,.,.,.,.,.,.,.,.,.,.
2020,2,28,8,.,.,.,.,.,.,.,.,.,.,.,.,.
2020,2,28,9,.,.,.,.,.,.,.,.,.,.,.,.,.
2020,2,28,10,.,.,.,.,.,.,.,.,.,.,.,.,.
2020,2,28,11,.,.,.,.,.,.,.,.,.,.,.,.,.
2020,2,28,12,.,.,.,.,.,.,.,.,.,.,.,.,.
2020,2,28,13,.,.,.,.,.,.,.,.,.,.,.,.,.
2020,2,28,14,.,.,.,.,.,.,.,.,.,.,.,.,.
2020,2,28,15,.,.,.,.,.,.,.,.,.,.,.,.,.
2020,2,28,16,.,.,.,.,.,.,.,.,.,.,.,.,.
2020,2,28,17,.,.,.,.,.,.,.,.,.,.,.,.,.
2020,2,28,18,.,.,.,.,.,.,.,.,.,.,.,.,.
2020,2,28,19,.,.,.,.,.,.,.,.,.,.,.,.,.
2020,2,28,20,.,.,.,.,.,.,.,.,.,.,.,.,.
2020,2,28,21,.,.,.,.,.,.,.,.,.,.,.,.,.
2020,2,28,22,.,.,.,.,.,.,.,.,.,.,.,.,.
2020,2,28,23,.,.,.,.,.,.,.,.,.,.,.,.,.
2020,2,28,24,.,.,.,.,.,.,.,.,.,.,.,.,.
2020,2,28,25,.,.,.,.,.,.,.,.,.,.,.,.,.
2020,2,28,26,.,.,.,.,.,.,.,.,.,.,.,.,.
2020,2,28,27,.,.,.,.,.,.,.,.,.,.,.,.,.
2020,2,28,28,.,.,.,.,.,.,.,.,.,.,.,.,.
2020,2,28,29,.,.,.,.,.,.,.,.,.,.,.,.,.
2020,2,28,30,.,.,.,.,.,.,.,.,.,.,.,.,.
2020,2,28,31,.,.,.,.,.,.,.,.,.,.,.,.,.
2020,2,28,32,.,.,.,.,.,.,.,.,.,.,.,.,.
2020,2,28,33,.,.,.,.,.,.,.,.,.,.,.,.,.
2020,2,28,34,.,.,.,.,.,.,.,.,.,.,.,.,.
2020,2,28,35,.,.,.,.,.,.,.,.,.,.,.,.,.
2020,2,28,36,.,.,.,.,.,.,.,.,.,.,.,.,.
2020,2,28,37,.,.,.,.,.,.,.,.,.,.,.,.,.
2020,2,28,38,.,.,.,.,.,.,.,.,.,.,.,.,.
2020,2,28,39,.,.,.,.,.,.,.,.,.,.,.,.,.
2020,2,28,40,.,.,.,.,.,.,.,.,.,.,.,.,.
2020,2,28,41,.,.,.,.,.,.,.,.,.,.,.,.,.
2020,2,28,42,.,.,.,.,.,.,.,.,.,.,.,.,.
2020,2,28,43,.,.,.,.,.,.,.,.,.,.,.,.,.
2020,2,28,44,.,.,.,.,.,.,.,.,.,.,.,.,.
2020,2,28,45,.,.,.,.,.,.,.,.,.,.,.,.,.
2020,2,28,46,.,.,.,.,.,.,.,.,.,.,.,.,.
2020,2,28,47,.,.,.,.,.,.,.,.,.,.,.,.,.
2020,2,28,48,.,.,.,.,.,.,.,.,.,.,.,.,.
2020,2,28,49,.,.,.,.,.,.,.,.,.,.,.,.,.
2020,2,28,50,.,.,.,.,.,.,.,.,.,.,.,.,.
2020,2,28,51,.,.,.,.,.,.,.,.,.,.,.,.,.
2020,2,28,52,.,.,.,.,.,.,.,.,.,.,.,.,.
2020,2,28,53,.,.,.,.,.,.,.,.,.,.,.,.,.
2020,3,6,1,.,.,.,.,.,.,.,.,.,.,.,.,.
2020,3,6,2,.,.,.,.,.,.,.,.,.,.,.,.,.
2020,3,6,3,.,.,.,.,.,.,.,.,.,.,.,.,.
2020,3,6,4,.,.,.,.,.,.,.,.,.,.,.,.,.
2020,3,6,5,.,.,.,.,.,.,.,.,.,.,.,.,.
2020,3,6,6,.,.,.,.,.,.,.,.,.,.,.,.,.
2020,3,6,7,.,.,.,.,.,.,.,.,.,.,.,.,.
2020,3,6,8,.,.,.,.,.,.,.,.,.,.,.,.,.
2020,3,6,9,.,.,.,.,.,.,.,.,.,.,.,.,.
2020,3,6,10,.,.,.,.,.,.,.,.,.,.,.,.,.
2020,3,6,11,.,.,.,.,.,.,.,.,.,.,.,.,.
2020,3,6,12,.,.,.,.,.,.,.,.,.,.,.,.,.
2020,3,6,13,.,.,.,.,.,.,.,.,.,.,.,.,.
2020,3,6,14,.,.,.,.,.,.,.,.,.,.,.,.,.
2020,3,6,15,.,.,.,.,.,.,.,.,.,.,.,.,.
2020,3,6,16,.,.,.,.,.,.,.,.,.,.,.,.,.
2020,3,6,17,.,.,.,.,.,.,.,.,.,.,.,.,.
2020,3,6,18,.,.,.,.,.,.,.,.,.,.,.,.,.
2020,3,6,19,.,.,.,.,.,.,.,.,.,.,.,.,.
2020,3,6,20,.,.,.,.,.,.,.,.,.,.,.,.,.
2020,3,6,21,.,.,.,.,.,.,.,.,.,.,.,.,.
2020,3,6,22,.,.,.,.,.,.,.,.,.,.,.,.,.
2020,3,6,23,.,.,.,.,.,.,.,.,.,.,.,.,.
2020,3,6,24,.,.,.,.,.,.,.,.,.,.,.,.,.
2020,3,6,25,.,.,.,.,.,.,.,.,.,.,.,.,.
2020,3,6,26,.,.,.,.,.,.,.,.,.,.,.,.,.
2020,3,6,27,.,.,.,.,.,.,.,.,.,.,.,.,.
2020,3,6,28,.,.,.,.,.,.,.,.,.,.,.,.,.
2020,3,6,29,.,.,.,.,.,.,.,.,.,.,.,.,.
2020,3,6,30,.,.,.,.,.,.,.,.,.,.,.,.,.
2020,3,6,31,.,.,.,.,.,.,.,.,.,.,.,.,.
2020,3,6,32,.,.,.,.,.,.,.,.,.,.,.,.,.
2020,3,6,33,.,.,.,.,.,.,.,.,.,.,.,.,.
2020,3,6,34,.,.,.,.,.,.,.,.,.,.,.,.,.
2020,3,6,35,.,.,.,.,.,.,.,.,.,.,.,.,.
2020,3,6,36,.,.,.,.,.,.,.,.,.,.,.,.,.
2020,3,6,37,.,.,.,.,.,.,.,.,.,.,.,.,.
2020,3,6,38,.,.,.,.,.,.,.,.,.,.,.,.,.
2020,3,6,39,.,.,.,.,.,.,.,.,.,.,.,.,.
2020,3,6,40,.,.,.,.,.,.,.,.,.,.,.,.,.
2020,3,6,41,.,.,.,.,.,.,.,.,.,.,.,.,.
2020,3,6,42,.,.,.,.,.,.,.,.,.,.,.,.,.
2020,3,6,43,.,.,.,.,.,.,.,.,.,.,.,.,.
2020,3,6,44,.,.,.,.,.,.,.,.,.,.,.,.,.
2020,3,6,45,.,.,.,.,.,.,.,.,.,.,.,.,.
2020,3,6,46,.,.,.,.,.,.,.,.,.,.,.,.,.
2020,3,6,47,.,.,.,.,.,.,.,.,.,.,.,.,.
2020,3,6,48,.,.,.,.,.,.,.,.,.,.,.,.,.
2020,3,6,49,.,.,.,.,.,.,.,.,.,.,.,.,.
2020,3,6,50,.,.,.,.,.,.,.,.,.,.,.,.,.
2020,3,6,51,.,.,.,.,.,.,.,.,.,.,.,.,.
2020,3,6,52,.,.,.,.,.,.,.,.,.,.,.,.,.
2020,3,6,53,.,.,.,.,.,.,.,.,.,.,.,.,.
2020,3,13,1,.,.,.,.,.,.,.,.,.,.,.,.,.
2020,3,13,2,.,.,.,.,.,.,.,.,.,.,.,.,.
2020,3,13,3,.,.,.,.,.,.,.,.,.,.,.,.,.
2020,3,13,4,.,.,.,.,.,.,.,.,.,.,.,.,.
2020,3,13,5,.,.,.,.,.,.,.,.,.,.,.,.,.
2020,3,13,6,.,.,.,.,.,.,.,.,.,.,.,.,.
2020,3,13,7,.,.,.,.,.,.,.,.,.,.,.,.,.
2020,3,13,8,.,.,.,.,.,.,.,.,.,.,.,.,.
2020,3,13,9,.,.,.,.,.,.,.,.,.,.,.,.,.
2020,3,13,10,.,.,.,.,.,.,.,.,.,.,.,.,.
2020,3,13,11,.,.,.,.,.,.,.,.,.,.,.,.,.
2020,3,13,12,.,.,.,.,.,.,.,.,.,.,.,.,.
2020,3,13,13,.,.,.,.,.,.,.,.,.,.,.,.,.
2020,3,13,14,.,.,.,.,.,.,.,.,.,.,.,.,.
2020,3,13,15,.,.,.,.,.,.,.,.,.,.,.,.,.
2020,3,13,16,.,.,.,.,.,.,.,.,.,.,.,.,.
2020,3,13,17,.,.,.,.,.,.,.,.,.,.,.,.,.
2020,3,13,18,.,.,.,.,.,.,.,.,.,.,.,.,.
2020,3,13,19,.,.,.,.,.,.,.,.,.,.,.,.,.
2020,3,13,20,.,.,.,.,.,.,.,.,.,.,.,.,.
2020,3,13,21,.,.,.,.,.,.,.,.,.,.,.,.,.
2020,3,13,22,.,.,.,.,.,.,.,.,.,.,.,.,.
2020,3,13,23,.,.,.,.,.,.,.,.,.,.,.,.,.
2020,3,13,24,.,.,.,.,.,.,.,.,.,.,.,.,.
2020,3,13,25,.,.,.,.,.,.,.,.,.,.,.,.,.
2020,3,13,26,.,.,.,.,.,.,.,.,.,.,.,.,.
2020,3,13,27,.,.,.,.,.,.,.,.,.,.,.,.,.
2020,3,13,28,.,.,.,.,.,.,.,.,.,.,.,.,.
2020,3,13,29,.,.,.,.,.,.,.,.,.,.,.,.,.
2020,3,13,30,.,.,.,.,.,.,.,.,.,.,.,.,.
2020,3,13,31,.,.,.,.,.,.,.,.,.,.,.,.,.
2020,3,13,32,.,.,.,.,.,.,.,.,.,.,.,.,.
2020,3,13,33,.,.,.,.,.,.,.,.,.,.,.,.,.
2020,3,13,34,.,.,.,.,.,.,.,.,.,.,.,.,.
2020,3,13,35,.,.,.,.,.,.,.,.,.,.,.,.,.
2020,3,13,36,.,.,.,.,.,.,.,.,.,.,.,.,.
2020,3,13,37,.,.,.,.,.,.,.,.,.,.,.,.,.
2020,3,13,38,.,.,.,.,.,.,.,.,.,.,.,.,.
2020,3,13,39,.,.,.,.,.,.,.,.,.,.,.,.,.
2020,3,13,40,.,.,.,.,.,.,.,.,.,.,.,.,.
2020,3,13,41,.,.,.,.,.,.,.,.,.,.,.,.,.
2020,3,13,42,.,.,.,.,.,.,.,.,.,.,.,.,.
2020,3,13,43,.,.,.,.,.,.,.,.,.,.,.,.,.
2020,3,13,44,.,.,.,.,.,.,.,.,.,.,.,.,.
2020,3,13,45,.,.,.,.,.,.,.,.,.,.,.,.,.
2020,3,13,46,.,.,.,.,.,.,.,.,.,.,.,.,.
2020,3,13,47,.,.,.,.,.,.,.,.,.,.,.,.,.
2020,3,13,48,.,.,.,.,.,.,.,.,.,.,.,.,.
2020,3,13,49,.,.,.,.,.,.,.,.,.,.,.,.,.
2020,3,13,50,.,.,.,.,.,.,.,.,.,.,.,.,.
2020,3,13,51,.,.,.,.,.,.,.,.,.,.,.,.,.
2020,3,13,52,.,.,.,.,.,.,.,.,.,.,.,.,.
2020,3,13,53,.,.,.,.,.,.,.,.,.,.,.,.,.
2020,3,20,1,.,.,.,.,.,.,.,.,.,.,.,.,.
2020,3,20,2,.,.,.,.,.,.,.,.,.,.,.,.,.
2020,3,20,3,.,.,.,.,.,.,.,.,.,.,.,.,.
2020,3,20,4,.,.,.,.,.,.,.,.,.,.,.,.,.
2020,3,20,5,.,.,.,.,.,.,.,.,.,.,.,.,.
2020,3,20,6,.,.,.,.,.,.,.,.,.,.,.,.,.
2020,3,20,7,.,.,.,.,.,.,.,.,.,.,.,.,.
2020,3,20,8,.,.,.,.,.,.,.,.,.,.,.,.,.
2020,3,20,9,.,.,.,.,.,.,.,.,.,.,.,.,.
2020,3,20,10,.,.,.,.,.,.,.,.,.,.,.,.,.
2020,3,20,11,.,.,.,.,.,.,.,.,.,.,.,.,.
2020,3,20,12,.,.,.,.,.,.,.,.,.,.,.,.,.
2020,3,20,13,.,.,.,.,.,.,.,.,.,.,.,.,.
2020,3,20,14,.,.,.,.,.,.,.,.,.,.,.,.,.
2020,3,20,15,.,.,.,.,.,.,.,.,.,.,.,.,.
2020,3,20,16,.,.,.,.,.,.,.,.,.,.,.,.,.
2020,3,20,17,.,.,.,.,.,.,.,.,.,.,.,.,.
2020,3,20,18,.,.,.,.,.,.,.,.,.,.,.,.,.
2020,3,20,19,.,.,.,.,.,.,.,.,.,.,.,.,.
2020,3,20,20,.,.,.,.,.,.,.,.,.,.,.,.,.
2020,3,20,21,.,.,.,.,.,.,.,.,.,.,.,.,.
2020,3,20,22,.,.,.,.,.,.,.,.,.,.,.,.,.
2020,3,20,23,.,.,.,.,.,.,.,.,.,.,.,.,.
2020,3,20,24,.,.,.,.,.,.,.,.,.,.,.,.,.
2020,3,20,25,.,.,.,.,.,.,.,.,.,.,.,.,.
2020,3,20,26,.,.,.,.,.,.,.,.,.,.,.,.,.
2020,3,20,27,.,.,.,.,.,.,.,.,.,.,.,.,.
2020,3,20,28,.,.,.,.,.,.,.,.,.,.,.,.,.
2020,3,20,29,.,.,.,.,.,.,.,.,.,.,.,.,.
2020,3,20,30,.,.,.,.,.,.,.,.,.,.,.,.,.
2020,3,20,31,.,.,.,.,.,.,.,.,.,.,.,.,.
2020,3,20,32,.,.,.,.,.,.,.,.,.,.,.,.,.
2020,3,20,33,.,.,.,.,.,.,.,.,.,.,.,.,.
2020,3,20,34,.,.,.,.,.,.,.,.,.,.,.,.,.
2020,3,20,35,.,.,.,.,.,.,.,.,.,.,.,.,.
2020,3,20,36,.,.,.,.,.,.,.,.,.,.,.,.,.
2020,3,20,37,.,.,.,.,.,.,.,.,.,.,.,.,.
2020,3,20,38,.,.,.,.,.,.,.,.,.,.,.,.,.
2020,3,20,39,.,.,.,.,.,.,.,.,.,.,.,.,.
2020,3,20,40,.,.,.,.,.,.,.,.,.,.,.,.,.
2020,3,20,41,.,.,.,.,.,.,.,.,.,.,.,.,.
2020,3,20,42,.,.,.,.,.,.,.,.,.,.,.,.,.
2020,3,20,43,.,.,.,.,.,.,.,.,.,.,.,.,.
2020,3,20,44,.,.,.,.,.,.,.,.,.,.,.,.,.
2020,3,20,45,.,.,.,.,.,.,.,.,.,.,.,.,.
2020,3,20,46,.,.,.,.,.,.,.,.,.,.,.,.,.
2020,3,20,47,.,.,.,.,.,.,.,.,.,.,.,.,.
2020,3,20,48,.,.,.,.,.,.,.,.,.,.,.,.,.
2020,3,20,49,.,.,.,.,.,.,.,.,.,.,.,.,.
2020,3,20,50,.,.,.,.,.,.,.,.,.,.,.,.,.
2020,3,20,51,.,.,.,.,.,.,.,.,.,.,.,.,.
2020,3,20,52,.,.,.,.,.,.,.,.,.,.,.,.,.
2020,3,20,53,.,.,.,.,.,.,.,.,.,.,.,.,.
2020,3,27,1,.,.,.,.,.,.,.,.,.,.,.,.,.
2020,3,27,2,.,.,.,.,.,.,.,.,.,.,.,.,.
2020,3,27,3,.,.,.,.,.,.,.,.,.,.,.,.,.
2020,3,27,4,.,.,.,.,.,.,.,.,.,.,.,.,.
2020,3,27,5,.,.,.,.,.,.,.,.,.,.,.,.,.
2020,3,27,6,.,.,.,.,.,.,.,.,.,.,.,.,.
2020,3,27,7,.,.,.,.,.,.,.,.,.,.,.,.,.
2020,3,27,8,.,.,.,.,.,.,.,.,.,.,.,.,.
2020,3,27,9,.,.,.,.,.,.,.,.,.,.,.,.,.
2020,3,27,10,.,.,.,.,.,.,.,.,.,.,.,.,.
2020,3,27,11,.,.,.,.,.,.,.,.,.,.,.,.,.
2020,3,27,12,.,.,.,.,.,.,.,.,.,.,.,.,.
2020,3,27,13,.,.,.,.,.,.,.,.,.,.,.,.,.
2020,3,27,14,.,.,.,.,.,.,.,.,.,.,.,.,.
2020,3,27,15,.,.,.,.,.,.,.,.,.,.,.,.,.
2020,3,27,16,.,.,.,.,.,.,.,.,.,.,.,.,.
2020,3,27,17,.,.,.,.,.,.,.,.,.,.,.,.,.
2020,3,27,18,.,.,.,.,.,.,.,.,.,.,.,.,.
2020,3,27,19,.,.,.,.,.,.,.,.,.,.,.,.,.
2020,3,27,20,.,.,.,.,.,.,.,.,.,.,.,.,.
2020,3,27,21,.,.,.,.,.,.,.,.,.,.,.,.,.
2020,3,27,22,.,.,.,.,.,.,.,.,.,.,.,.,.
2020,3,27,23,.,.,.,.,.,.,.,.,.,.,.,.,.
2020,3,27,24,.,.,.,.,.,.,.,.,.,.,.,.,.
2020,3,27,25,.,.,.,.,.,.,.,.,.,.,.,.,.
2020,3,27,26,.,.,.,.,.,.,.,.,.,.,.,.,.
2020,3,27,27,.,.,.,.,.,.,.,.,.,.,.,.,.
2020,3,27,28,.,.,.,.,.,.,.,.,.,.,.,.,.
2020,3,27,29,.,.,.,.,.,.,.,.,.,.,.,.,.
2020,3,27,30,.,.,.,.,.,.,.,.,.,.,.,.,.
2020,3,27,31,.,.,.,.,.,.,.,.,.,.,.,.,.
2020,3,27,32,.,.,.,.,.,.,.,.,.,.,.,.,.
2020,3,27,33,.,.,.,.,.,.,.,.,.,.,.,.,.
2020,3,27,34,.,.,.,.,.,.,.,.,.,.,.,.,.
2020,3,27,35,.,.,.,.,.,.,.,.,.,.,.,.,.
2020,3,27,36,.,.,.,.,.,.,.,.,.,.,.,.,.
2020,3,27,37,.,.,.,.,.,.,.,.,.,.,.,.,.
2020,3,27,38,.,.,.,.,.,.,.,.,.,.,.,.,.
2020,3,27,39,.,.,.,.,.,.,.,.,.,.,.,.,.
2020,3,27,40,.,.,.,.,.,.,.,.,.,.,.,.,.
2020,3,27,41,.,.,.,.,.,.,.,.,.,.,.,.,.
2020,3,27,42,.,.,.,.,.,.,.,.,.,.,.,.,.
2020,3,27,43,.,.,.,.,.,.,.,.,.,.,.,.,.
2020,3,27,44,.,.,.,.,.,.,.,.,.,.,.,.,.
2020,3,27,45,.,.,.,.,.,.,.,.,.,.,.,.,.
2020,3,27,46,.,.,.,.,.,.,.,.,.,.,.,.,.
2020,3,27,47,.,.,.,.,.,.,.,.,.,.,.,.,.
2020,3,27,48,.,.,.,.,.,.,.,.,.,.,.,.,.
2020,3,27,49,.,.,.,.,.,.,.,.,.,.,.,.,.
2020,3,27,50,.,.,.,.,.,.,.,.,.,.,.,.,.
2020,3,27,51,.,.,.,.,.,.,.,.,.,.,.,.,.
2020,3,27,52,.,.,.,.,.,.,.,.,.,.,.,.,.
2020,3,27,53,.,.,.,.,.,.,.,.,.,.,.,.,.
2020,4,3,1,.,.,.,.,.,.,.,.,.,.,.,.,.
2020,4,3,2,.,.,.,.,.,.,.,.,.,.,.,.,.
2020,4,3,3,.,.,.,.,.,.,.,.,.,.,.,.,.
2020,4,3,4,.,.,.,.,.,.,.,.,.,.,.,.,.
2020,4,3,5,.,.,.,.,.,.,.,.,.,.,.,.,.
2020,4,3,6,.,.,.,.,.,.,.,.,.,.,.,.,.
2020,4,3,7,.,.,.,.,.,.,.,.,.,.,.,.,.
2020,4,3,8,.,.,.,.,.,.,.,.,.,.,.,.,.
2020,4,3,9,.,.,.,.,.,.,.,.,.,.,.,.,.
2020,4,3,10,.,.,.,.,.,.,.,.,.,.,.,.,.
2020,4,3,11,.,.,.,.,.,.,.,.,.,.,.,.,.
2020,4,3,12,.,.,.,.,.,.,.,.,.,.,.,.,.
2020,4,3,13,.,.,.,.,.,.,.,.,.,.,.,.,.
2020,4,3,14,.,.,.,.,.,.,.,.,.,.,.,.,.
2020,4,3,15,.,.,.,.,.,.,.,.,.,.,.,.,.
2020,4,3,16,.,.,.,.,.,.,.,.,.,.,.,.,.
2020,4,3,17,.,.,.,.,.,.,.,.,.,.,.,.,.
2020,4,3,18,.,.,.,.,.,.,.,.,.,.,.,.,.
2020,4,3,19,.,.,.,.,.,.,.,.,.,.,.,.,.
2020,4,3,20,.,.,.,.,.,.,.,.,.,.,.,.,.
2020,4,3,21,.,.,.,.,.,.,.,.,.,.,.,.,.
2020,4,3,22,.,.,.,.,.,.,.,.,.,.,.,.,.
2020,4,3,23,.,.,.,.,.,.,.,.,.,.,.,.,.
2020,4,3,24,.,.,.,.,.,.,.,.,.,.,.,.,.
2020,4,3,25,.,.,.,.,.,.,.,.,.,.,.,.,.
2020,4,3,26,.,.,.,.,.,.,.,.,.,.,.,.,.
2020,4,3,27,.,.,.,.,.,.,.,.,.,.,.,.,.
2020,4,3,28,.,.,.,.,.,.,.,.,.,.,.,.,.
2020,4,3,29,.,.,.,.,.,.,.,.,.,.,.,.,.
2020,4,3,30,.,.,.,.,.,.,.,.,.,.,.,.,.
2020,4,3,31,.,.,.,.,.,.,.,.,.,.,.,.,.
2020,4,3,32,.,.,.,.,.,.,.,.,.,.,.,.,.
2020,4,3,33,.,.,.,.,.,.,.,.,.,.,.,.,.
2020,4,3,34,.,.,.,.,.,.,.,.,.,.,.,.,.
2020,4,3,35,.,.,.,.,.,.,.,.,.,.,.,.,.
2020,4,3,36,.,.,.,.,.,.,.,.,.,.,.,.,.
2020,4,3,37,.,.,.,.,.,.,.,.,.,.,.,.,.
2020,4,3,38,.,.,.,.,.,.,.,.,.,.,.,.,.
2020,4,3,39,.,.,.,.,.,.,.,.,.,.,.,.,.
2020,4,3,40,.,.,.,.,.,.,.,.,.,.,.,.,.
2020,4,3,41,.,.,.,.,.,.,.,.,.,.,.,.,.
2020,4,3,42,.,.,.,.,.,.,.,.,.,.,.,.,.
2020,4,3,43,.,.,.,.,.,.,.,.,.,.,.,.,.
2020,4,3,44,.,.,.,.,.,.,.,.,.,.,.,.,.
2020,4,3,45,.,.,.,.,.,.,.,.,.,.,.,.,.
2020,4,3,46,.,.,.,.,.,.,.,.,.,.,.,.,.
2020,4,3,47,.,.,.,.,.,.,.,.,.,.,.,.,.
2020,4,3,48,.,.,.,.,.,.,.,.,.,.,.,.,.
2020,4,3,49,.,.,.,.,.,.,.,.,.,.,.,.,.
2020,4,3,50,.,.,.,.,.,.,.,.,.,.,.,.,.
2020,4,3,51,.,.,.,.,.,.,.,.,.,.,.,.,.
2020,4,3,52,.,.,.,.,.,.,.,.,.,.,.,.,.
2020,4,3,53,.,.,.,.,.,.,.,.,.,.,.,.,.
2020,4,10,1,.,.,.,.,.,.,.,.,.,.,.,.,.
2020,4,10,2,.,.,.,.,.,.,.,.,.,.,.,.,.
2020,4,10,3,.,.,.,.,.,.,.,.,.,.,.,.,.
2020,4,10,4,.,.,.,.,.,.,.,.,.,.,.,.,.
2020,4,10,5,.,.,.,.,.,.,.,.,.,.,.,.,.
2020,4,10,6,.,.,.,.,.,.,.,.,.,.,.,.,.
2020,4,10,7,.,.,.,.,.,.,.,.,.,.,.,.,.
2020,4,10,8,.,.,.,.,.,.,.,.,.,.,.,.,.
2020,4,10,9,.,.,.,.,.,.,.,.,.,.,.,.,.
2020,4,10,10,.,.,.,.,.,.,.,.,.,.,.,.,.
2020,4,10,11,.,.,.,.,.,.,.,.,.,.,.,.,.
2020,4,10,12,.,.,.,.,.,.,.,.,.,.,.,.,.
2020,4,10,13,.,.,.,.,.,.,.,.,.,.,.,.,.
2020,4,10,14,.,.,.,.,.,.,.,.,.,.,.,.,.
2020,4,10,15,.,.,.,.,.,.,.,.,.,.,.,.,.
2020,4,10,16,.,.,.,.,.,.,.,.,.,.,.,.,.
2020,4,10,17,.,.,.,.,.,.,.,.,.,.,.,.,.
2020,4,10,18,.,.,.,.,.,.,.,.,.,.,.,.,.
2020,4,10,19,.,.,.,.,.,.,.,.,.,.,.,.,.
2020,4,10,20,.,.,.,.,.,.,.,.,.,.,.,.,.
2020,4,10,21,.,.,.,.,.,.,.,.,.,.,.,.,.
2020,4,10,22,.,.,.,.,.,.,.,.,.,.,.,.,.
2020,4,10,23,.,.,.,.,.,.,.,.,.,.,.,.,.
2020,4,10,24,.,.,.,.,.,.,.,.,.,.,.,.,.
2020,4,10,25,.,.,.,.,.,.,.,.,.,.,.,.,.
2020,4,10,26,.,.,.,.,.,.,.,.,.,.,.,.,.
2020,4,10,27,.,.,.,.,.,.,.,.,.,.,.,.,.
2020,4,10,28,.,.,.,.,.,.,.,.,.,.,.,.,.
2020,4,10,29,.,.,.,.,.,.,.,.,.,.,.,.,.
2020,4,10,30,.,.,.,.,.,.,.,.,.,.,.,.,.
2020,4,10,31,.,.,.,.,.,.,.,.,.,.,.,.,.
2020,4,10,32,.,.,.,.,.,.,.,.,.,.,.,.,.
2020,4,10,33,.,.,.,.,.,.,.,.,.,.,.,.,.
2020,4,10,34,.,.,.,.,.,.,.,.,.,.,.,.,.
2020,4,10,35,.,.,.,.,.,.,.,.,.,.,.,.,.
2020,4,10,36,.,.,.,.,.,.,.,.,.,.,.,.,.
2020,4,10,37,.,.,.,.,.,.,.,.,.,.,.,.,.
2020,4,10,38,.,.,.,.,.,.,.,.,.,.,.,.,.
2020,4,10,39,.,.,.,.,.,.,.,.,.,.,.,.,.
2020,4,10,40,.,.,.,.,.,.,.,.,.,.,.,.,.
2020,4,10,41,.,.,.,.,.,.,.,.,.,.,.,.,.
2020,4,10,42,.,.,.,.,.,.,.,.,.,.,.,.,.
2020,4,10,43,.,.,.,.,.,.,.,.,.,.,.,.,.
2020,4,10,44,.,.,.,.,.,.,.,.,.,.,.,.,.
2020,4,10,45,.,.,.,.,.,.,.,.,.,.,.,.,.
2020,4,10,46,.,.,.,.,.,.,.,.,.,.,.,.,.
2020,4,10,47,.,.,.,.,.,.,.,.,.,.,.,.,.
2020,4,10,48,.,.,.,.,.,.,.,.,.,.,.,.,.
2020,4,10,49,.,.,.,.,.,.,.,.,.,.,.,.,.
2020,4,10,50,.,.,.,.,.,.,.,.,.,.,.,.,.
2020,4,10,51,.,.,.,.,.,.,.,.,.,.,.,.,.
2020,4,10,52,.,.,.,.,.,.,.,.,.,.,.,.,.
2020,4,10,53,.,.,.,.,.,.,.,.,.,.,.,.,.
2020,4,17,1,.,.,.,.,.,.,.,.,.,.,.,.,.
2020,4,17,2,.,.,.,.,.,.,.,.,.,.,.,.,.
2020,4,17,3,.,.,.,.,.,.,.,.,.,.,.,.,.
2020,4,17,4,.,.,.,.,.,.,.,.,.,.,.,.,.
2020,4,17,5,.,.,.,.,.,.,.,.,.,.,.,.,.
2020,4,17,6,.,.,.,.,.,.,.,.,.,.,.,.,.
2020,4,17,7,.,.,.,.,.,.,.,.,.,.,.,.,.
2020,4,17,8,.,.,.,.,.,.,.,.,.,.,.,.,.
2020,4,17,9,.,.,.,.,.,.,.,.,.,.,.,.,.
2020,4,17,10,.,.,.,.,.,.,.,.,.,.,.,.,.
2020,4,17,11,.,.,.,.,.,.,.,.,.,.,.,.,.
2020,4,17,12,.,.,.,.,.,.,.,.,.,.,.,.,.
2020,4,17,13,.,.,.,.,.,.,.,.,.,.,.,.,.
2020,4,17,14,.,.,.,.,.,.,.,.,.,.,.,.,.
2020,4,17,15,.,.,.,.,.,.,.,.,.,.,.,.,.
2020,4,17,16,.,.,.,.,.,.,.,.,.,.,.,.,.
2020,4,17,17,.,.,.,.,.,.,.,.,.,.,.,.,.
2020,4,17,18,.,.,.,.,.,.,.,.,.,.,.,.,.
2020,4,17,19,.,.,.,.,.,.,.,.,.,.,.,.,.
2020,4,17,20,.,.,.,.,.,.,.,.,.,.,.,.,.
2020,4,17,21,.,.,.,.,.,.,.,.,.,.,.,.,.
2020,4,17,22,.,.,.,.,.,.,.,.,.,.,.,.,.
2020,4,17,23,.,.,.,.,.,.,.,.,.,.,.,.,.
2020,4,17,24,.,.,.,.,.,.,.,.,.,.,.,.,.
2020,4,17,25,.,.,.,.,.,.,.,.,.,.,.,.,.
2020,4,17,26,.,.,.,.,.,.,.,.,.,.,.,.,.
2020,4,17,27,.,.,.,.,.,.,.,.,.,.,.,.,.
2020,4,17,28,.,.,.,.,.,.,.,.,.,.,.,.,.
2020,4,17,29,.,.,.,.,.,.,.,.,.,.,.,.,.
2020,4,17,30,.,.,.,.,.,.,.,.,.,.,.,.,.
2020,4,17,31,.,.,.,.,.,.,.,.,.,.,.,.,.
2020,4,17,32,.,.,.,.,.,.,.,.,.,.,.,.,.
2020,4,17,33,.,.,.,.,.,.,.,.,.,.,.,.,.
2020,4,17,34,.,.,.,.,.,.,.,.,.,.,.,.,.
2020,4,17,35,.,.,.,.,.,.,.,.,.,.,.,.,.
2020,4,17,36,.,.,.,.,.,.,.,.,.,.,.,.,.
2020,4,17,37,.,.,.,.,.,.,.,.,.,.,.,.,.
2020,4,17,38,.,.,.,.,.,.,.,.,.,.,.,.,.
2020,4,17,39,.,.,.,.,.,.,.,.,.,.,.,.,.
2020,4,17,40,.,.,.,.,.,.,.,.,.,.,.,.,.
2020,4,17,41,.,.,.,.,.,.,.,.,.,.,.,.,.
2020,4,17,42,.,.,.,.,.,.,.,.,.,.,.,.,.
2020,4,17,43,.,.,.,.,.,.,.,.,.,.,.,.,.
2020,4,17,44,.,.,.,.,.,.,.,.,.,.,.,.,.
2020,4,17,45,.,.,.,.,.,.,.,.,.,.,.,.,.
2020,4,17,46,.,.,.,.,.,.,.,.,.,.,.,.,.
2020,4,17,47,.,.,.,.,.,.,.,.,.,.,.,.,.
2020,4,17,48,.,.,.,.,.,.,.,.,.,.,.,.,.
2020,4,17,49,.,.,.,.,.,.,.,.,.,.,.,.,.
2020,4,17,50,.,.,.,.,.,.,.,.,.,.,.,.,.
2020,4,17,51,.,.,.,.,.,.,.,.,.,.,.,.,.
2020,4,17,52,.,.,.,.,.,.,.,.,.,.,.,.,.
2020,4,17,53,.,.,.,.,.,.,.,.,.,.,.,.,.
2020,4,24,1,.,.,.,.,.,.,.,.,.,.,.,.,.
2020,4,24,2,.,.,.,.,.,.,.,.,.,.,.,.,.
2020,4,24,3,.,.,.,.,.,.,.,.,.,.,.,.,.
2020,4,24,4,.,.,.,.,.,.,.,.,.,.,.,.,.
2020,4,24,5,.,.,.,.,.,.,.,.,.,.,.,.,.
2020,4,24,6,.,.,.,.,.,.,.,.,.,.,.,.,.
2020,4,24,7,.,.,.,.,.,.,.,.,.,.,.,.,.
2020,4,24,8,.,.,.,.,.,.,.,.,.,.,.,.,.
2020,4,24,9,.,.,.,.,.,.,.,.,.,.,.,.,.
2020,4,24,10,.,.,.,.,.,.,.,.,.,.,.,.,.
2020,4,24,11,.,.,.,.,.,.,.,.,.,.,.,.,.
2020,4,24,12,.,.,.,.,.,.,.,.,.,.,.,.,.
2020,4,24,13,.,.,.,.,.,.,.,.,.,.,.,.,.
2020,4,24,14,.,.,.,.,.,.,.,.,.,.,.,.,.
2020,4,24,15,.,.,.,.,.,.,.,.,.,.,.,.,.
2020,4,24,16,.,.,.,.,.,.,.,.,.,.,.,.,.
2020,4,24,17,.,.,.,.,.,.,.,.,.,.,.,.,.
2020,4,24,18,.,.,.,.,.,.,.,.,.,.,.,.,.
2020,4,24,19,.,.,.,.,.,.,.,.,.,.,.,.,.
2020,4,24,20,.,.,.,.,.,.,.,.,.,.,.,.,.
2020,4,24,21,.,.,.,.,.,.,.,.,.,.,.,.,.
2020,4,24,22,.,.,.,.,.,.,.,.,.,.,.,.,.
2020,4,24,23,.,.,.,.,.,.,.,.,.,.,.,.,.
2020,4,24,24,.,.,.,.,.,.,.,.,.,.,.,.,.
2020,4,24,25,.,.,.,.,.,.,.,.,.,.,.,.,.
2020,4,24,26,.,.,.,.,.,.,.,.,.,.,.,.,.
2020,4,24,27,.,.,.,.,.,.,.,.,.,.,.,.,.
2020,4,24,28,.,.,.,.,.,.,.,.,.,.,.,.,.
2020,4,24,29,.,.,.,.,.,.,.,.,.,.,.,.,.
2020,4,24,30,.,.,.,.,.,.,.,.,.,.,.,.,.
2020,4,24,31,.,.,.,.,.,.,.,.,.,.,.,.,.
2020,4,24,32,.,.,.,.,.,.,.,.,.,.,.,.,.
2020,4,24,33,.,.,.,.,.,.,.,.,.,.,.,.,.
2020,4,24,34,.,.,.,.,.,.,.,.,.,.,.,.,.
2020,4,24,35,.,.,.,.,.,.,.,.,.,.,.,.,.
2020,4,24,36,.,.,.,.,.,.,.,.,.,.,.,.,.
2020,4,24,37,.,.,.,.,.,.,.,.,.,.,.,.,.
2020,4,24,38,.,.,.,.,.,.,.,.,.,.,.,.,.
2020,4,24,39,.,.,.,.,.,.,.,.,.,.,.,.,.
2020,4,24,40,.,.,.,.,.,.,.,.,.,.,.,.,.
2020,4,24,41,.,.,.,.,.,.,.,.,.,.,.,.,.
2020,4,24,42,.,.,.,.,.,.,.,.,.,.,.,.,.
2020,4,24,43,.,.,.,.,.,.,.,.,.,.,.,.,.
2020,4,24,44,.,.,.,.,.,.,.,.,.,.,.,.,.
2020,4,24,45,.,.,.,.,.,.,.,.,.,.,.,.,.
2020,4,24,46,.,.,.,.,.,.,.,.,.,.,.,.,.
2020,4,24,47,.,.,.,.,.,.,.,.,.,.,.,.,.
2020,4,24,48,.,.,.,.,.,.,.,.,.,.,.,.,.
2020,4,24,49,.,.,.,.,.,.,.,.,.,.,.,.,.
2020,4,24,50,.,.,.,.,.,.,.,.,.,.,.,.,.
2020,4,24,51,.,.,.,.,.,.,.,.,.,.,.,.,.
2020,4,24,52,.,.,.,.,.,.,.,.,.,.,.,.,.
2020,4,24,53,.,.,.,.,.,.,.,.,.,.,.,.,.
2020,5,1,1,.,.,.,.,.,.,.,.,.,.,.,.,.
2020,5,1,2,.,.,.,.,.,.,.,.,.,.,.,.,.
2020,5,1,3,.,.,.,.,.,.,.,.,.,.,.,.,.
2020,5,1,4,.,.,.,.,.,.,.,.,.,.,.,.,.
2020,5,1,5,.,.,.,.,.,.,.,.,.,.,.,.,.
2020,5,1,6,.,.,.,.,.,.,.,.,.,.,.,.,.
2020,5,1,7,.,.,.,.,.,.,.,.,.,.,.,.,.
2020,5,1,8,.,.,.,.,.,.,.,.,.,.,.,.,.
2020,5,1,9,.,.,.,.,.,.,.,.,.,.,.,.,.
2020,5,1,10,.,.,.,.,.,.,.,.,.,.,.,.,.
2020,5,1,11,.,.,.,.,.,.,.,.,.,.,.,.,.
2020,5,1,12,.,.,.,.,.,.,.,.,.,.,.,.,.
2020,5,1,13,.,.,.,.,.,.,.,.,.,.,.,.,.
2020,5,1,14,.,.,.,.,.,.,.,.,.,.,.,.,.
2020,5,1,15,.,.,.,.,.,.,.,.,.,.,.,.,.
2020,5,1,16,.,.,.,.,.,.,.,.,.,.,.,.,.
2020,5,1,17,.,.,.,.,.,.,.,.,.,.,.,.,.
2020,5,1,18,.,.,.,.,.,.,.,.,.,.,.,.,.
2020,5,1,19,.,.,.,.,.,.,.,.,.,.,.,.,.
2020,5,1,20,.,.,.,.,.,.,.,.,.,.,.,.,.
2020,5,1,21,.,.,.,.,.,.,.,.,.,.,.,.,.
2020,5,1,22,.,.,.,.,.,.,.,.,.,.,.,.,.
2020,5,1,23,.,.,.,.,.,.,.,.,.,.,.,.,.
2020,5,1,24,.,.,.,.,.,.,.,.,.,.,.,.,.
2020,5,1,25,.,.,.,.,.,.,.,.,.,.,.,.,.
2020,5,1,26,.,.,.,.,.,.,.,.,.,.,.,.,.
2020,5,1,27,.,.,.,.,.,.,.,.,.,.,.,.,.
2020,5,1,28,.,.,.,.,.,.,.,.,.,.,.,.,.
2020,5,1,29,.,.,.,.,.,.,.,.,.,.,.,.,.
2020,5,1,30,.,.,.,.,.,.,.,.,.,.,.,.,.
2020,5,1,31,.,.,.,.,.,.,.,.,.,.,.,.,.
2020,5,1,32,.,.,.,.,.,.,.,.,.,.,.,.,.
2020,5,1,33,.,.,.,.,.,.,.,.,.,.,.,.,.
2020,5,1,34,.,.,.,.,.,.,.,.,.,.,.,.,.
2020,5,1,35,.,.,.,.,.,.,.,.,.,.,.,.,.
2020,5,1,36,.,.,.,.,.,.,.,.,.,.,.,.,.
2020,5,1,37,.,.,.,.,.,.,.,.,.,.,.,.,.
2020,5,1,38,.,.,.,.,.,.,.,.,.,.,.,.,.
2020,5,1,39,.,.,.,.,.,.,.,.,.,.,.,.,.
2020,5,1,40,.,.,.,.,.,.,.,.,.,.,.,.,.
2020,5,1,41,.,.,.,.,.,.,.,.,.,.,.,.,.
2020,5,1,42,.,.,.,.,.,.,.,.,.,.,.,.,.
2020,5,1,43,.,.,.,.,.,.,.,.,.,.,.,.,.
2020,5,1,44,.,.,.,.,.,.,.,.,.,.,.,.,.
2020,5,1,45,.,.,.,.,.,.,.,.,.,.,.,.,.
2020,5,1,46,.,.,.,.,.,.,.,.,.,.,.,.,.
2020,5,1,47,.,.,.,.,.,.,.,.,.,.,.,.,.
2020,5,1,48,.,.,.,.,.,.,.,.,.,.,.,.,.
2020,5,1,49,.,.,.,.,.,.,.,.,.,.,.,.,.
2020,5,1,50,.,.,.,.,.,.,.,.,.,.,.,.,.
2020,5,1,51,.,.,.,.,.,.,.,.,.,.,.,.,.
2020,5,1,52,.,.,.,.,.,.,.,.,.,.,.,.,.
2020,5,1,53,.,.,.,.,.,.,.,.,.,.,.,.,.
2020,5,8,1,.,.,.,.,.,.,.,.,.,.,.,.,.
2020,5,8,2,.,.,.,.,.,.,.,.,.,.,.,.,.
2020,5,8,3,.,.,.,.,.,.,.,.,.,.,.,.,.
2020,5,8,4,.,.,.,.,.,.,.,.,.,.,.,.,.
2020,5,8,5,.,.,.,.,.,.,.,.,.,.,.,.,.
2020,5,8,6,.,.,.,.,.,.,.,.,.,.,.,.,.
2020,5,8,7,.,.,.,.,.,.,.,.,.,.,.,.,.
2020,5,8,8,.,.,.,.,.,.,.,.,.,.,.,.,.
2020,5,8,9,.,.,.,.,.,.,.,.,.,.,.,.,.
2020,5,8,10,.,.,.,.,.,.,.,.,.,.,.,.,.
2020,5,8,11,.,.,.,.,.,.,.,.,.,.,.,.,.
2020,5,8,12,.,.,.,.,.,.,.,.,.,.,.,.,.
2020,5,8,13,.,.,.,.,.,.,.,.,.,.,.,.,.
2020,5,8,14,.,.,.,.,.,.,.,.,.,.,.,.,.
2020,5,8,15,.,.,.,.,.,.,.,.,.,.,.,.,.
2020,5,8,16,.,.,.,.,.,.,.,.,.,.,.,.,.
2020,5,8,17,.,.,.,.,.,.,.,.,.,.,.,.,.
2020,5,8,18,.,.,.,.,.,.,.,.,.,.,.,.,.
2020,5,8,19,.,.,.,.,.,.,.,.,.,.,.,.,.
2020,5,8,20,.,.,.,.,.,.,.,.,.,.,.,.,.
2020,5,8,21,.,.,.,.,.,.,.,.,.,.,.,.,.
2020,5,8,22,.,.,.,.,.,.,.,.,.,.,.,.,.
2020,5,8,23,.,.,.,.,.,.,.,.,.,.,.,.,.
2020,5,8,24,.,.,.,.,.,.,.,.,.,.,.,.,.
2020,5,8,25,.,.,.,.,.,.,.,.,.,.,.,.,.
2020,5,8,26,.,.,.,.,.,.,.,.,.,.,.,.,.
2020,5,8,27,.,.,.,.,.,.,.,.,.,.,.,.,.
2020,5,8,28,.,.,.,.,.,.,.,.,.,.,.,.,.
2020,5,8,29,.,.,.,.,.,.,.,.,.,.,.,.,.
2020,5,8,30,.,.,.,.,.,.,.,.,.,.,.,.,.
2020,5,8,31,.,.,.,.,.,.,.,.,.,.,.,.,.
2020,5,8,32,.,.,.,.,.,.,.,.,.,.,.,.,.
2020,5,8,33,.,.,.,.,.,.,.,.,.,.,.,.,.
2020,5,8,34,.,.,.,.,.,.,.,.,.,.,.,.,.
2020,5,8,35,.,.,.,.,.,.,.,.,.,.,.,.,.
2020,5,8,36,.,.,.,.,.,.,.,.,.,.,.,.,.
2020,5,8,37,.,.,.,.,.,.,.,.,.,.,.,.,.
2020,5,8,38,.,.,.,.,.,.,.,.,.,.,.,.,.
2020,5,8,39,.,.,.,.,.,.,.,.,.,.,.,.,.
2020,5,8,40,.,.,.,.,.,.,.,.,.,.,.,.,.
2020,5,8,41,.,.,.,.,.,.,.,.,.,.,.,.,.
2020,5,8,42,.,.,.,.,.,.,.,.,.,.,.,.,.
2020,5,8,43,.,.,.,.,.,.,.,.,.,.,.,.,.
2020,5,8,44,.,.,.,.,.,.,.,.,.,.,.,.,.
2020,5,8,45,.,.,.,.,.,.,.,.,.,.,.,.,.
2020,5,8,46,.,.,.,.,.,.,.,.,.,.,.,.,.
2020,5,8,47,.,.,.,.,.,.,.,.,.,.,.,.,.
2020,5,8,48,.,.,.,.,.,.,.,.,.,.,.,.,.
2020,5,8,49,.,.,.,.,.,.,.,.,.,.,.,.,.
2020,5,8,50,.,.,.,.,.,.,.,.,.,.,.,.,.
2020,5,8,51,.,.,.,.,.,.,.,.,.,.,.,.,.
2020,5,8,52,.,.,.,.,.,.,.,.,.,.,.,.,.
2020,5,8,53,.,.,.,.,.,.,.,.,.,.,.,.,.
2020,5,15,1,.,.,.,.,.,.,.,.,.,.,.,.,.
2020,5,15,2,.,.,.,.,.,.,.,.,.,.,.,.,.
2020,5,15,3,.,.,.,.,.,.,.,.,.,.,.,.,.
2020,5,15,4,.,.,.,.,.,.,.,.,.,.,.,.,.
2020,5,15,5,.,.,.,.,.,.,.,.,.,.,.,.,.
2020,5,15,6,.,.,.,.,.,.,.,.,.,.,.,.,.
2020,5,15,7,.,.,.,.,.,.,.,.,.,.,.,.,.
2020,5,15,8,.,.,.,.,.,.,.,.,.,.,.,.,.
2020,5,15,9,.,.,.,.,.,.,.,.,.,.,.,.,.
2020,5,15,10,.,.,.,.,.,.,.,.,.,.,.,.,.
2020,5,15,11,.,.,.,.,.,.,.,.,.,.,.,.,.
2020,5,15,12,.,.,.,.,.,.,.,.,.,.,.,.,.
2020,5,15,13,.,.,.,.,.,.,.,.,.,.,.,.,.
2020,5,15,14,.,.,.,.,.,.,.,.,.,.,.,.,.
2020,5,15,15,.,.,.,.,.,.,.,.,.,.,.,.,.
2020,5,15,16,.,.,.,.,.,.,.,.,.,.,.,.,.
2020,5,15,17,.,.,.,.,.,.,.,.,.,.,.,.,.
2020,5,15,18,.,.,.,.,.,.,.,.,.,.,.,.,.
2020,5,15,19,.,.,.,.,.,.,.,.,.,.,.,.,.
2020,5,15,20,.,.,.,.,.,.,.,.,.,.,.,.,.
2020,5,15,21,.,.,.,.,.,.,.,.,.,.,.,.,.
2020,5,15,22,.,.,.,.,.,.,.,.,.,.,.,.,.
2020,5,15,23,.,.,.,.,.,.,.,.,.,.,.,.,.
2020,5,15,24,.,.,.,.,.,.,.,.,.,.,.,.,.
2020,5,15,25,.,.,.,.,.,.,.,.,.,.,.,.,.
2020,5,15,26,.,.,.,.,.,.,.,.,.,.,.,.,.
2020,5,15,27,.,.,.,.,.,.,.,.,.,.,.,.,.
2020,5,15,28,.,.,.,.,.,.,.,.,.,.,.,.,.
2020,5,15,29,.,.,.,.,.,.,.,.,.,.,.,.,.
2020,5,15,30,.,.,.,.,.,.,.,.,.,.,.,.,.
2020,5,15,31,.,.,.,.,.,.,.,.,.,.,.,.,.
2020,5,15,32,.,.,.,.,.,.,.,.,.,.,.,.,.
2020,5,15,33,.,.,.,.,.,.,.,.,.,.,.,.,.
2020,5,15,34,.,.,.,.,.,.,.,.,.,.,.,.,.
2020,5,15,35,.,.,.,.,.,.,.,.,.,.,.,.,.
2020,5,15,36,.,.,.,.,.,.,.,.,.,.,.,.,.
2020,5,15,37,.,.,.,.,.,.,.,.,.,.,.,.,.
2020,5,15,38,.,.,.,.,.,.,.,.,.,.,.,.,.
2020,5,15,39,.,.,.,.,.,.,.,.,.,.,.,.,.
2020,5,15,40,.,.,.,.,.,.,.,.,.,.,.,.,.
2020,5,15,41,.,.,.,.,.,.,.,.,.,.,.,.,.
2020,5,15,42,.,.,.,.,.,.,.,.,.,.,.,.,.
2020,5,15,43,.,.,.,.,.,.,.,.,.,.,.,.,.
2020,5,15,44,.,.,.,.,.,.,.,.,.,.,.,.,.
2020,5,15,45,.,.,.,.,.,.,.,.,.,.,.,.,.
2020,5,15,46,.,.,.,.,.,.,.,.,.,.,.,.,.
2020,5,15,47,.,.,.,.,.,.,.,.,.,.,.,.,.
2020,5,15,48,.,.,.,.,.,.,.,.,.,.,.,.,.
2020,5,15,49,.,.,.,.,.,.,.,.,.,.,.,.,.
2020,5,15,50,.,.,.,.,.,.,.,.,.,.,.,.,.
2020,5,15,51,.,.,.,.,.,.,.,.,.,.,.,.,.
2020,5,15,52,.,.,.,.,.,.,.,.,.,.,.,.,.
2020,5,15,53,.,.,.,.,.,.,.,.,.,.,.,.,.
2020,5,22,1,.,.,.,.,.,.,.,.,.,.,.,.,.
2020,5,22,2,.,.,.,.,.,.,.,.,.,.,.,.,.
2020,5,22,3,.,.,.,.,.,.,.,.,.,.,.,.,.
2020,5,22,4,.,.,.,.,.,.,.,.,.,.,.,.,.
2020,5,22,5,.,.,.,.,.,.,.,.,.,.,.,.,.
2020,5,22,6,.,.,.,.,.,.,.,.,.,.,.,.,.
2020,5,22,7,.,.,.,.,.,.,.,.,.,.,.,.,.
2020,5,22,8,.,.,.,.,.,.,.,.,.,.,.,.,.
2020,5,22,9,.,.,.,.,.,.,.,.,.,.,.,.,.
2020,5,22,10,.,.,.,.,.,.,.,.,.,.,.,.,.
2020,5,22,11,.,.,.,.,.,.,.,.,.,.,.,.,.
2020,5,22,12,.,.,.,.,.,.,.,.,.,.,.,.,.
2020,5,22,13,.,.,.,.,.,.,.,.,.,.,.,.,.
2020,5,22,14,.,.,.,.,.,.,.,.,.,.,.,.,.
2020,5,22,15,.,.,.,.,.,.,.,.,.,.,.,.,.
2020,5,22,16,.,.,.,.,.,.,.,.,.,.,.,.,.
2020,5,22,17,.,.,.,.,.,.,.,.,.,.,.,.,.
2020,5,22,18,.,.,.,.,.,.,.,.,.,.,.,.,.
2020,5,22,19,.,.,.,.,.,.,.,.,.,.,.,.,.
2020,5,22,20,.,.,.,.,.,.,.,.,.,.,.,.,.
2020,5,22,21,.,.,.,.,.,.,.,.,.,.,.,.,.
2020,5,22,22,.,.,.,.,.,.,.,.,.,.,.,.,.
2020,5,22,23,.,.,.,.,.,.,.,.,.,.,.,.,.
2020,5,22,24,.,.,.,.,.,.,.,.,.,.,.,.,.
2020,5,22,25,.,.,.,.,.,.,.,.,.,.,.,.,.
2020,5,22,26,.,.,.,.,.,.,.,.,.,.,.,.,.
2020,5,22,27,.,.,.,.,.,.,.,.,.,.,.,.,.
2020,5,22,28,.,.,.,.,.,.,.,.,.,.,.,.,.
2020,5,22,29,.,.,.,.,.,.,.,.,.,.,.,.,.
2020,5,22,30,.,.,.,.,.,.,.,.,.,.,.,.,.
2020,5,22,31,.,.,.,.,.,.,.,.,.,.,.,.,.
2020,5,22,32,.,.,.,.,.,.,.,.,.,.,.,.,.
2020,5,22,33,.,.,.,.,.,.,.,.,.,.,.,.,.
2020,5,22,34,.,.,.,.,.,.,.,.,.,.,.,.,.
2020,5,22,35,.,.,.,.,.,.,.,.,.,.,.,.,.
2020,5,22,36,.,.,.,.,.,.,.,.,.,.,.,.,.
2020,5,22,37,.,.,.,.,.,.,.,.,.,.,.,.,.
2020,5,22,38,.,.,.,.,.,.,.,.,.,.,.,.,.
2020,5,22,39,.,.,.,.,.,.,.,.,.,.,.,.,.
2020,5,22,40,.,.,.,.,.,.,.,.,.,.,.,.,.
2020,5,22,41,.,.,.,.,.,.,.,.,.,.,.,.,.
2020,5,22,42,.,.,.,.,.,.,.,.,.,.,.,.,.
2020,5,22,43,.,.,.,.,.,.,.,.,.,.,.,.,.
2020,5,22,44,.,.,.,.,.,.,.,.,.,.,.,.,.
2020,5,22,45,.,.,.,.,.,.,.,.,.,.,.,.,.
2020,5,22,46,.,.,.,.,.,.,.,.,.,.,.,.,.
2020,5,22,47,.,.,.,.,.,.,.,.,.,.,.,.,.
2020,5,22,48,.,.,.,.,.,.,.,.,.,.,.,.,.
2020,5,22,49,.,.,.,.,.,.,.,.,.,.,.,.,.
2020,5,22,50,.,.,.,.,.,.,.,.,.,.,.,.,.
2020,5,22,51,.,.,.,.,.,.,.,.,.,.,.,.,.
2020,5,22,52,.,.,.,.,.,.,.,.,.,.,.,.,.
2020,5,22,53,.,.,.,.,.,.,.,.,.,.,.,.,.
2020,5,29,1,.,.,.,.,.,.,.,.,.,.,.,.,.
2020,5,29,2,.,.,.,.,.,.,.,.,.,.,.,.,.
2020,5,29,3,.,.,.,.,.,.,.,.,.,.,.,.,.
2020,5,29,4,.,.,.,.,.,.,.,.,.,.,.,.,.
2020,5,29,5,.,.,.,.,.,.,.,.,.,.,.,.,.
2020,5,29,6,.,.,.,.,.,.,.,.,.,.,.,.,.
2020,5,29,7,.,.,.,.,.,.,.,.,.,.,.,.,.
2020,5,29,8,.,.,.,.,.,.,.,.,.,.,.,.,.
2020,5,29,9,.,.,.,.,.,.,.,.,.,.,.,.,.
2020,5,29,10,.,.,.,.,.,.,.,.,.,.,.,.,.
2020,5,29,11,.,.,.,.,.,.,.,.,.,.,.,.,.
2020,5,29,12,.,.,.,.,.,.,.,.,.,.,.,.,.
2020,5,29,13,.,.,.,.,.,.,.,.,.,.,.,.,.
2020,5,29,14,.,.,.,.,.,.,.,.,.,.,.,.,.
2020,5,29,15,.,.,.,.,.,.,.,.,.,.,.,.,.
2020,5,29,16,.,.,.,.,.,.,.,.,.,.,.,.,.
2020,5,29,17,.,.,.,.,.,.,.,.,.,.,.,.,.
2020,5,29,18,.,.,.,.,.,.,.,.,.,.,.,.,.
2020,5,29,19,.,.,.,.,.,.,.,.,.,.,.,.,.
2020,5,29,20,.,.,.,.,.,.,.,.,.,.,.,.,.
2020,5,29,21,.,.,.,.,.,.,.,.,.,.,.,.,.
2020,5,29,22,.,.,.,.,.,.,.,.,.,.,.,.,.
2020,5,29,23,.,.,.,.,.,.,.,.,.,.,.,.,.
2020,5,29,24,.,.,.,.,.,.,.,.,.,.,.,.,.
2020,5,29,25,.,.,.,.,.,.,.,.,.,.,.,.,.
2020,5,29,26,.,.,.,.,.,.,.,.,.,.,.,.,.
2020,5,29,27,.,.,.,.,.,.,.,.,.,.,.,.,.
2020,5,29,28,.,.,.,.,.,.,.,.,.,.,.,.,.
2020,5,29,29,.,.,.,.,.,.,.,.,.,.,.,.,.
2020,5,29,30,.,.,.,.,.,.,.,.,.,.,.,.,.
2020,5,29,31,.,.,.,.,.,.,.,.,.,.,.,.,.
2020,5,29,32,.,.,.,.,.,.,.,.,.,.,.,.,.
2020,5,29,33,.,.,.,.,.,.,.,.,.,.,.,.,.
2020,5,29,34,.,.,.,.,.,.,.,.,.,.,.,.,.
2020,5,29,35,.,.,.,.,.,.,.,.,.,.,.,.,.
2020,5,29,36,.,.,.,.,.,.,.,.,.,.,.,.,.
2020,5,29,37,.,.,.,.,.,.,.,.,.,.,.,.,.
2020,5,29,38,.,.,.,.,.,.,.,.,.,.,.,.,.
2020,5,29,39,.,.,.,.,.,.,.,.,.,.,.,.,.
2020,5,29,40,.,.,.,.,.,.,.,.,.,.,.,.,.
2020,5,29,41,.,.,.,.,.,.,.,.,.,.,.,.,.
2020,5,29,42,.,.,.,.,.,.,.,.,.,.,.,.,.
2020,5,29,43,.,.,.,.,.,.,.,.,.,.,.,.,.
2020,5,29,44,.,.,.,.,.,.,.,.,.,.,.,.,.
2020,5,29,45,.,.,.,.,.,.,.,.,.,.,.,.,.
2020,5,29,46,.,.,.,.,.,.,.,.,.,.,.,.,.
2020,5,29,47,.,.,.,.,.,.,.,.,.,.,.,.,.
2020,5,29,48,.,.,.,.,.,.,.,.,.,.,.,.,.
2020,5,29,49,.,.,.,.,.,.,.,.,.,.,.,.,.
2020,5,29,50,.,.,.,.,.,.,.,.,.,.,.,.,.
2020,5,29,51,.,.,.,.,.,.,.,.,.,.,.,.,.
2020,5,29,52,.,.,.,.,.,.,.,.,.,.,.,.,.
2020,5,29,53,.,.,.,.,.,.,.,.,.,.,.,.,.
2020,6,5,1,.,.,.,.,.,.,.,.,.,.,.,.,.
2020,6,5,2,.,.,.,.,.,.,.,.,.,.,.,.,.
2020,6,5,3,.,.,.,.,.,.,.,.,.,.,.,.,.
2020,6,5,4,.,.,.,.,.,.,.,.,.,.,.,.,.
2020,6,5,5,.,.,.,.,.,.,.,.,.,.,.,.,.
2020,6,5,6,.,.,.,.,.,.,.,.,.,.,.,.,.
2020,6,5,7,.,.,.,.,.,.,.,.,.,.,.,.,.
2020,6,5,8,.,.,.,.,.,.,.,.,.,.,.,.,.
2020,6,5,9,.,.,.,.,.,.,.,.,.,.,.,.,.
2020,6,5,10,.,.,.,.,.,.,.,.,.,.,.,.,.
2020,6,5,11,.,.,.,.,.,.,.,.,.,.,.,.,.
2020,6,5,12,.,.,.,.,.,.,.,.,.,.,.,.,.
2020,6,5,13,.,.,.,.,.,.,.,.,.,.,.,.,.
2020,6,5,14,.,.,.,.,.,.,.,.,.,.,.,.,.
2020,6,5,15,.,.,.,.,.,.,.,.,.,.,.,.,.
2020,6,5,16,.,.,.,.,.,.,.,.,.,.,.,.,.
2020,6,5,17,.,.,.,.,.,.,.,.,.,.,.,.,.
2020,6,5,18,.,.,.,.,.,.,.,.,.,.,.,.,.
2020,6,5,19,.,.,.,.,.,.,.,.,.,.,.,.,.
2020,6,5,20,.,.,.,.,.,.,.,.,.,.,.,.,.
2020,6,5,21,.,.,.,.,.,.,.,.,.,.,.,.,.
2020,6,5,22,.,.,.,.,.,.,.,.,.,.,.,.,.
2020,6,5,23,.,.,.,.,.,.,.,.,.,.,.,.,.
2020,6,5,24,.,.,.,.,.,.,.,.,.,.,.,.,.
2020,6,5,25,.,.,.,.,.,.,.,.,.,.,.,.,.
2020,6,5,26,.,.,.,.,.,.,.,.,.,.,.,.,.
2020,6,5,27,.,.,.,.,.,.,.,.,.,.,.,.,.
2020,6,5,28,.,.,.,.,.,.,.,.,.,.,.,.,.
2020,6,5,29,.,.,.,.,.,.,.,.,.,.,.,.,.
2020,6,5,30,.,.,.,.,.,.,.,.,.,.,.,.,.
2020,6,5,31,.,.,.,.,.,.,.,.,.,.,.,.,.
2020,6,5,32,.,.,.,.,.,.,.,.,.,.,.,.,.
2020,6,5,33,.,.,.,.,.,.,.,.,.,.,.,.,.
2020,6,5,34,.,.,.,.,.,.,.,.,.,.,.,.,.
2020,6,5,35,.,.,.,.,.,.,.,.,.,.,.,.,.
2020,6,5,36,.,.,.,.,.,.,.,.,.,.,.,.,.
2020,6,5,37,.,.,.,.,.,.,.,.,.,.,.,.,.
2020,6,5,38,.,.,.,.,.,.,.,.,.,.,.,.,.
2020,6,5,39,.,.,.,.,.,.,.,.,.,.,.,.,.
2020,6,5,40,.,.,.,.,.,.,.,.,.,.,.,.,.
2020,6,5,41,.,.,.,.,.,.,.,.,.,.,.,.,.
2020,6,5,42,.,.,.,.,.,.,.,.,.,.,.,.,.
2020,6,5,43,.,.,.,.,.,.,.,.,.,.,.,.,.
2020,6,5,44,.,.,.,.,.,.,.,.,.,.,.,.,.
2020,6,5,45,.,.,.,.,.,.,.,.,.,.,.,.,.
2020,6,5,46,.,.,.,.,.,.,.,.,.,.,.,.,.
2020,6,5,47,.,.,.,.,.,.,.,.,.,.,.,.,.
2020,6,5,48,.,.,.,.,.,.,.,.,.,.,.,.,.
2020,6,5,49,.,.,.,.,.,.,.,.,.,.,.,.,.
2020,6,5,50,.,.,.,.,.,.,.,.,.,.,.,.,.
2020,6,5,51,.,.,.,.,.,.,.,.,.,.,.,.,.
2020,6,5,52,.,.,.,.,.,.,.,.,.,.,.,.,.
2020,6,5,53,.,.,.,.,.,.,.,.,.,.,.,.,.
2020,6,12,1,.,.,.,.,.,.,.,.,.,.,.,.,.
2020,6,12,2,.,.,.,.,.,.,.,.,.,.,.,.,.
2020,6,12,3,.,.,.,.,.,.,.,.,.,.,.,.,.
2020,6,12,4,.,.,.,.,.,.,.,.,.,.,.,.,.
2020,6,12,5,.,.,.,.,.,.,.,.,.,.,.,.,.
2020,6,12,6,.,.,.,.,.,.,.,.,.,.,.,.,.
2020,6,12,7,.,.,.,.,.,.,.,.,.,.,.,.,.
2020,6,12,8,.,.,.,.,.,.,.,.,.,.,.,.,.
2020,6,12,9,.,.,.,.,.,.,.,.,.,.,.,.,.
2020,6,12,10,.,.,.,.,.,.,.,.,.,.,.,.,.
2020,6,12,11,.,.,.,.,.,.,.,.,.,.,.,.,.
2020,6,12,12,.,.,.,.,.,.,.,.,.,.,.,.,.
2020,6,12,13,.,.,.,.,.,.,.,.,.,.,.,.,.
2020,6,12,14,.,.,.,.,.,.,.,.,.,.,.,.,.
2020,6,12,15,.,.,.,.,.,.,.,.,.,.,.,.,.
2020,6,12,16,.,.,.,.,.,.,.,.,.,.,.,.,.
2020,6,12,17,.,.,.,.,.,.,.,.,.,.,.,.,.
2020,6,12,18,.,.,.,.,.,.,.,.,.,.,.,.,.
2020,6,12,19,.,.,.,.,.,.,.,.,.,.,.,.,.
2020,6,12,20,.,.,.,.,.,.,.,.,.,.,.,.,.
2020,6,12,21,.,.,.,.,.,.,.,.,.,.,.,.,.
2020,6,12,22,.,.,.,.,.,.,.,.,.,.,.,.,.
2020,6,12,23,.,.,.,.,.,.,.,.,.,.,.,.,.
2020,6,12,24,.,.,.,.,.,.,.,.,.,.,.,.,.
2020,6,12,25,.,.,.,.,.,.,.,.,.,.,.,.,.
2020,6,12,26,.,.,.,.,.,.,.,.,.,.,.,.,.
2020,6,12,27,.,.,.,.,.,.,.,.,.,.,.,.,.
2020,6,12,28,.,.,.,.,.,.,.,.,.,.,.,.,.
2020,6,12,29,.,.,.,.,.,.,.,.,.,.,.,.,.
2020,6,12,30,.,.,.,.,.,.,.,.,.,.,.,.,.
2020,6,12,31,.,.,.,.,.,.,.,.,.,.,.,.,.
2020,6,12,32,.,.,.,.,.,.,.,.,.,.,.,.,.
2020,6,12,33,.,.,.,.,.,.,.,.,.,.,.,.,.
2020,6,12,34,.,.,.,.,.,.,.,.,.,.,.,.,.
2020,6,12,35,.,.,.,.,.,.,.,.,.,.,.,.,.
2020,6,12,36,.,.,.,.,.,.,.,.,.,.,.,.,.
2020,6,12,37,.,.,.,.,.,.,.,.,.,.,.,.,.
2020,6,12,38,.,.,.,.,.,.,.,.,.,.,.,.,.
2020,6,12,39,.,.,.,.,.,.,.,.,.,.,.,.,.
2020,6,12,40,.,.,.,.,.,.,.,.,.,.,.,.,.
2020,6,12,41,.,.,.,.,.,.,.,.,.,.,.,.,.
2020,6,12,42,.,.,.,.,.,.,.,.,.,.,.,.,.
2020,6,12,43,.,.,.,.,.,.,.,.,.,.,.,.,.
2020,6,12,44,.,.,.,.,.,.,.,.,.,.,.,.,.
2020,6,12,45,.,.,.,.,.,.,.,.,.,.,.,.,.
2020,6,12,46,.,.,.,.,.,.,.,.,.,.,.,.,.
2020,6,12,47,.,.,.,.,.,.,.,.,.,.,.,.,.
2020,6,12,48,.,.,.,.,.,.,.,.,.,.,.,.,.
2020,6,12,49,.,.,.,.,.,.,.,.,.,.,.,.,.
2020,6,12,50,.,.,.,.,.,.,.,.,.,.,.,.,.
2020,6,12,51,.,.,.,.,.,.,.,.,.,.,.,.,.
2020,6,12,52,.,.,.,.,.,.,.,.,.,.,.,.,.
2020,6,12,53,.,.,.,.,.,.,.,.,.,.,.,.,.
2020,6,19,1,.,.,.,.,.,.,.,.,.,.,.,.,.
2020,6,19,2,.,.,.,.,.,.,.,.,.,.,.,.,.
2020,6,19,3,.,.,.,.,.,.,.,.,.,.,.,.,.
2020,6,19,4,.,.,.,.,.,.,.,.,.,.,.,.,.
2020,6,19,5,.,.,.,.,.,.,.,.,.,.,.,.,.
2020,6,19,6,.,.,.,.,.,.,.,.,.,.,.,.,.
2020,6,19,7,.,.,.,.,.,.,.,.,.,.,.,.,.
2020,6,19,8,.,.,.,.,.,.,.,.,.,.,.,.,.
2020,6,19,9,.,.,.,.,.,.,.,.,.,.,.,.,.
2020,6,19,10,.,.,.,.,.,.,.,.,.,.,.,.,.
2020,6,19,11,.,.,.,.,.,.,.,.,.,.,.,.,.
2020,6,19,12,.,.,.,.,.,.,.,.,.,.,.,.,.
2020,6,19,13,.,.,.,.,.,.,.,.,.,.,.,.,.
2020,6,19,14,.,.,.,.,.,.,.,.,.,.,.,.,.
2020,6,19,15,.,.,.,.,.,.,.,.,.,.,.,.,.
2020,6,19,16,.,.,.,.,.,.,.,.,.,.,.,.,.
2020,6,19,17,.,.,.,.,.,.,.,.,.,.,.,.,.
2020,6,19,18,.,.,.,.,.,.,.,.,.,.,.,.,.
2020,6,19,19,.,.,.,.,.,.,.,.,.,.,.,.,.
2020,6,19,20,.,.,.,.,.,.,.,.,.,.,.,.,.
2020,6,19,21,.,.,.,.,.,.,.,.,.,.,.,.,.
2020,6,19,22,.,.,.,.,.,.,.,.,.,.,.,.,.
2020,6,19,23,.,.,.,.,.,.,.,.,.,.,.,.,.
2020,6,19,24,.,.,.,.,.,.,.,.,.,.,.,.,.
2020,6,19,25,.,.,.,.,.,.,.,.,.,.,.,.,.
2020,6,19,26,.,.,.,.,.,.,.,.,.,.,.,.,.
2020,6,19,27,.,.,.,.,.,.,.,.,.,.,.,.,.
2020,6,19,28,.,.,.,.,.,.,.,.,.,.,.,.,.
2020,6,19,29,.,.,.,.,.,.,.,.,.,.,.,.,.
2020,6,19,30,.,.,.,.,.,.,.,.,.,.,.,.,.
2020,6,19,31,.,.,.,.,.,.,.,.,.,.,.,.,.
2020,6,19,32,.,.,.,.,.,.,.,.,.,.,.,.,.
2020,6,19,33,.,.,.,.,.,.,.,.,.,.,.,.,.
2020,6,19,34,.,.,.,.,.,.,.,.,.,.,.,.,.
2020,6,19,35,.,.,.,.,.,.,.,.,.,.,.,.,.
2020,6,19,36,.,.,.,.,.,.,.,.,.,.,.,.,.
2020,6,19,37,.,.,.,.,.,.,.,.,.,.,.,.,.
2020,6,19,38,.,.,.,.,.,.,.,.,.,.,.,.,.
2020,6,19,39,.,.,.,.,.,.,.,.,.,.,.,.,.
2020,6,19,40,.,.,.,.,.,.,.,.,.,.,.,.,.
2020,6,19,41,.,.,.,.,.,.,.,.,.,.,.,.,.
2020,6,19,42,.,.,.,.,.,.,.,.,.,.,.,.,.
2020,6,19,43,.,.,.,.,.,.,.,.,.,.,.,.,.
2020,6,19,44,.,.,.,.,.,.,.,.,.,.,.,.,.
2020,6,19,45,.,.,.,.,.,.,.,.,.,.,.,.,.
2020,6,19,46,.,.,.,.,.,.,.,.,.,.,.,.,.
2020,6,19,47,.,.,.,.,.,.,.,.,.,.,.,.,.
2020,6,19,48,.,.,.,.,.,.,.,.,.,.,.,.,.
2020,6,19,49,.,.,.,.,.,.,.,.,.,.,.,.,.
2020,6,19,50,.,.,.,.,.,.,.,.,.,.,.,.,.
2020,6,19,51,.,.,.,.,.,.,.,.,.,.,.,.,.
2020,6,19,52,.,.,.,.,.,.,.,.,.,.,.,.,.
2020,6,19,53,.,.,.,.,.,.,.,.,.,.,.,.,.
2020,6,26,1,.,.,.,.,.,.,.,.,.,.,.,.,.
2020,6,26,2,.,.,.,.,.,.,.,.,.,.,.,.,.
2020,6,26,3,.,.,.,.,.,.,.,.,.,.,.,.,.
2020,6,26,4,.,.,.,.,.,.,.,.,.,.,.,.,.
2020,6,26,5,.,.,.,.,.,.,.,.,.,.,.,.,.
2020,6,26,6,.,.,.,.,.,.,.,.,.,.,.,.,.
2020,6,26,7,.,.,.,.,.,.,.,.,.,.,.,.,.
2020,6,26,8,.,.,.,.,.,.,.,.,.,.,.,.,.
2020,6,26,9,.,.,.,.,.,.,.,.,.,.,.,.,.
2020,6,26,10,.,.,.,.,.,.,.,.,.,.,.,.,.
2020,6,26,11,.,.,.,.,.,.,.,.,.,.,.,.,.
2020,6,26,12,.,.,.,.,.,.,.,.,.,.,.,.,.
2020,6,26,13,.,.,.,.,.,.,.,.,.,.,.,.,.
2020,6,26,14,.,.,.,.,.,.,.,.,.,.,.,.,.
2020,6,26,15,.,.,.,.,.,.,.,.,.,.,.,.,.
2020,6,26,16,.,.,.,.,.,.,.,.,.,.,.,.,.
2020,6,26,17,.,.,.,.,.,.,.,.,.,.,.,.,.
2020,6,26,18,.,.,.,.,.,.,.,.,.,.,.,.,.
2020,6,26,19,.,.,.,.,.,.,.,.,.,.,.,.,.
2020,6,26,20,.,.,.,.,.,.,.,.,.,.,.,.,.
2020,6,26,21,.,.,.,.,.,.,.,.,.,.,.,.,.
2020,6,26,22,.,.,.,.,.,.,.,.,.,.,.,.,.
2020,6,26,23,.,.,.,.,.,.,.,.,.,.,.,.,.
2020,6,26,24,.,.,.,.,.,.,.,.,.,.,.,.,.
2020,6,26,25,.,.,.,.,.,.,.,.,.,.,.,.,.
2020,6,26,26,.,.,.,.,.,.,.,.,.,.,.,.,.
2020,6,26,27,.,.,.,.,.,.,.,.,.,.,.,.,.
2020,6,26,28,.,.,.,.,.,.,.,.,.,.,.,.,.
2020,6,26,29,.,.,.,.,.,.,.,.,.,.,.,.,.
2020,6,26,30,.,.,.,.,.,.,.,.,.,.,.,.,.
2020,6,26,31,.,.,.,.,.,.,.,.,.,.,.,.,.
2020,6,26,32,.,.,.,.,.,.,.,.,.,.,.,.,.
2020,6,26,33,.,.,.,.,.,.,.,.,.,.,.,.,.
2020,6,26,34,.,.,.,.,.,.,.,.,.,.,.,.,.
2020,6,26,35,.,.,.,.,.,.,.,.,.,.,.,.,.
2020,6,26,36,.,.,.,.,.,.,.,.,.,.,.,.,.
2020,6,26,37,.,.,.,.,.,.,.,.,.,.,.,.,.
2020,6,26,38,.,.,.,.,.,.,.,.,.,.,.,.,.
2020,6,26,39,.,.,.,.,.,.,.,.,.,.,.,.,.
2020,6,26,40,.,.,.,.,.,.,.,.,.,.,.,.,.
2020,6,26,41,.,.,.,.,.,.,.,.,.,.,.,.,.
2020,6,26,42,.,.,.,.,.,.,.,.,.,.,.,.,.
2020,6,26,43,.,.,.,.,.,.,.,.,.,.,.,.,.
2020,6,26,44,.,.,.,.,.,.,.,.,.,.,.,.,.
2020,6,26,45,.,.,.,.,.,.,.,.,.,.,.,.,.
2020,6,26,46,.,.,.,.,.,.,.,.,.,.,.,.,.
2020,6,26,47,.,.,.,.,.,.,.,.,.,.,.,.,.
2020,6,26,48,.,.,.,.,.,.,.,.,.,.,.,.,.
2020,6,26,49,.,.,.,.,.,.,.,.,.,.,.,.,.
2020,6,26,50,.,.,.,.,.,.,.,.,.,.,.,.,.
2020,6,26,51,.,.,.,.,.,.,.,.,.,.,.,.,.
2020,6,26,52,.,.,.,.,.,.,.,.,.,.,.,.,.
2020,6,26,53,.,.,.,.,.,.,.,.,.,.,.,.,.
2020,7,3,1,.,.,.,.,.,.,.,.,.,.,.,.,.
2020,7,3,2,.,.,.,.,.,.,.,.,.,.,.,.,.
2020,7,3,3,.,.,.,.,.,.,.,.,.,.,.,.,.
2020,7,3,4,.,.,.,.,.,.,.,.,.,.,.,.,.
2020,7,3,5,.,.,.,.,.,.,.,.,.,.,.,.,.
2020,7,3,6,.,.,.,.,.,.,.,.,.,.,.,.,.
2020,7,3,7,.,.,.,.,.,.,.,.,.,.,.,.,.
2020,7,3,8,.,.,.,.,.,.,.,.,.,.,.,.,.
2020,7,3,9,.,.,.,.,.,.,.,.,.,.,.,.,.
2020,7,3,10,.,.,.,.,.,.,.,.,.,.,.,.,.
2020,7,3,11,.,.,.,.,.,.,.,.,.,.,.,.,.
2020,7,3,12,.,.,.,.,.,.,.,.,.,.,.,.,.
2020,7,3,13,.,.,.,.,.,.,.,.,.,.,.,.,.
2020,7,3,14,.,.,.,.,.,.,.,.,.,.,.,.,.
2020,7,3,15,.,.,.,.,.,.,.,.,.,.,.,.,.
2020,7,3,16,.,.,.,.,.,.,.,.,.,.,.,.,.
2020,7,3,17,.,.,.,.,.,.,.,.,.,.,.,.,.
2020,7,3,18,.,.,.,.,.,.,.,.,.,.,.,.,.
2020,7,3,19,.,.,.,.,.,.,.,.,.,.,.,.,.
2020,7,3,20,.,.,.,.,.,.,.,.,.,.,.,.,.
2020,7,3,21,.,.,.,.,.,.,.,.,.,.,.,.,.
2020,7,3,22,.,.,.,.,.,.,.,.,.,.,.,.,.
2020,7,3,23,.,.,.,.,.,.,.,.,.,.,.,.,.
2020,7,3,24,.,.,.,.,.,.,.,.,.,.,.,.,.
2020,7,3,25,.,.,.,.,.,.,.,.,.,.,.,.,.
2020,7,3,26,.,.,.,.,.,.,.,.,.,.,.,.,.
2020,7,3,27,.,.,.,.,.,.,.,.,.,.,.,.,.
2020,7,3,28,.,.,.,.,.,.,.,.,.,.,.,.,.
2020,7,3,29,.,.,.,.,.,.,.,.,.,.,.,.,.
2020,7,3,30,.,.,.,.,.,.,.,.,.,.,.,.,.
2020,7,3,31,.,.,.,.,.,.,.,.,.,.,.,.,.
2020,7,3,32,.,.,.,.,.,.,.,.,.,.,.,.,.
2020,7,3,33,.,.,.,.,.,.,.,.,.,.,.,.,.
2020,7,3,34,.,.,.,.,.,.,.,.,.,.,.,.,.
2020,7,3,35,.,.,.,.,.,.,.,.,.,.,.,.,.
2020,7,3,36,.,.,.,.,.,.,.,.,.,.,.,.,.
2020,7,3,37,.,.,.,.,.,.,.,.,.,.,.,.,.
2020,7,3,38,.,.,.,.,.,.,.,.,.,.,.,.,.
2020,7,3,39,.,.,.,.,.,.,.,.,.,.,.,.,.
2020,7,3,40,.,.,.,.,.,.,.,.,.,.,.,.,.
2020,7,3,41,.,.,.,.,.,.,.,.,.,.,.,.,.
2020,7,3,42,.,.,.,.,.,.,.,.,.,.,.,.,.
2020,7,3,43,.,.,.,.,.,.,.,.,.,.,.,.,.
2020,7,3,44,.,.,.,.,.,.,.,.,.,.,.,.,.
2020,7,3,45,.,.,.,.,.,.,.,.,.,.,.,.,.
2020,7,3,46,.,.,.,.,.,.,.,.,.,.,.,.,.
2020,7,3,47,.,.,.,.,.,.,.,.,.,.,.,.,.
2020,7,3,48,.,.,.,.,.,.,.,.,.,.,.,.,.
2020,7,3,49,.,.,.,.,.,.,.,.,.,.,.,.,.
2020,7,3,50,.,.,.,.,.,.,.,.,.,.,.,.,.
2020,7,3,51,.,.,.,.,.,.,.,.,.,.,.,.,.
2020,7,3,52,.,.,.,.,.,.,.,.,.,.,.,.,.
2020,7,3,53,.,.,.,.,.,.,.,.,.,.,.,.,.
2020,7,10,1,.,.,.,.,.,.,.,.,.,.,.,.,.
2020,7,10,2,.,.,.,.,.,.,.,.,.,.,.,.,.
2020,7,10,3,.,.,.,.,.,.,.,.,.,.,.,.,.
2020,7,10,4,.,.,.,.,.,.,.,.,.,.,.,.,.
2020,7,10,5,.,.,.,.,.,.,.,.,.,.,.,.,.
2020,7,10,6,.,.,.,.,.,.,.,.,.,.,.,.,.
2020,7,10,7,.,.,.,.,.,.,.,.,.,.,.,.,.
2020,7,10,8,.,.,.,.,.,.,.,.,.,.,.,.,.
2020,7,10,9,.,.,.,.,.,.,.,.,.,.,.,.,.
2020,7,10,10,.,.,.,.,.,.,.,.,.,.,.,.,.
2020,7,10,11,.,.,.,.,.,.,.,.,.,.,.,.,.
2020,7,10,12,.,.,.,.,.,.,.,.,.,.,.,.,.
2020,7,10,13,.,.,.,.,.,.,.,.,.,.,.,.,.
2020,7,10,14,.,.,.,.,.,.,.,.,.,.,.,.,.
2020,7,10,15,.,.,.,.,.,.,.,.,.,.,.,.,.
2020,7,10,16,.,.,.,.,.,.,.,.,.,.,.,.,.
2020,7,10,17,.,.,.,.,.,.,.,.,.,.,.,.,.
2020,7,10,18,.,.,.,.,.,.,.,.,.,.,.,.,.
2020,7,10,19,.,.,.,.,.,.,.,.,.,.,.,.,.
2020,7,10,20,.,.,.,.,.,.,.,.,.,.,.,.,.
2020,7,10,21,.,.,.,.,.,.,.,.,.,.,.,.,.
2020,7,10,22,.,.,.,.,.,.,.,.,.,.,.,.,.
2020,7,10,23,.,.,.,.,.,.,.,.,.,.,.,.,.
2020,7,10,24,.,.,.,.,.,.,.,.,.,.,.,.,.
2020,7,10,25,.,.,.,.,.,.,.,.,.,.,.,.,.
2020,7,10,26,.,.,.,.,.,.,.,.,.,.,.,.,.
2020,7,10,27,.,.,.,.,.,.,.,.,.,.,.,.,.
2020,7,10,28,.,.,.,.,.,.,.,.,.,.,.,.,.
2020,7,10,29,.,.,.,.,.,.,.,.,.,.,.,.,.
2020,7,10,30,.,.,.,.,.,.,.,.,.,.,.,.,.
2020,7,10,31,.,.,.,.,.,.,.,.,.,.,.,.,.
2020,7,10,32,.,.,.,.,.,.,.,.,.,.,.,.,.
2020,7,10,33,.,.,.,.,.,.,.,.,.,.,.,.,.
2020,7,10,34,.,.,.,.,.,.,.,.,.,.,.,.,.
2020,7,10,35,.,.,.,.,.,.,.,.,.,.,.,.,.
2020,7,10,36,.,.,.,.,.,.,.,.,.,.,.,.,.
2020,7,10,37,.,.,.,.,.,.,.,.,.,.,.,.,.
2020,7,10,38,.,.,.,.,.,.,.,.,.,.,.,.,.
2020,7,10,39,.,.,.,.,.,.,.,.,.,.,.,.,.
2020,7,10,40,.,.,.,.,.,.,.,.,.,.,.,.,.
2020,7,10,41,.,.,.,.,.,.,.,.,.,.,.,.,.
2020,7,10,42,.,.,.,.,.,.,.,.,.,.,.,.,.
2020,7,10,43,.,.,.,.,.,.,.,.,.,.,.,.,.
2020,7,10,44,.,.,.,.,.,.,.,.,.,.,.,.,.
2020,7,10,45,.,.,.,.,.,.,.,.,.,.,.,.,.
2020,7,10,46,.,.,.,.,.,.,.,.,.,.,.,.,.
2020,7,10,47,.,.,.,.,.,.,.,.,.,.,.,.,.
2020,7,10,48,.,.,.,.,.,.,.,.,.,.,.,.,.
2020,7,10,49,.,.,.,.,.,.,.,.,.,.,.,.,.
2020,7,10,50,.,.,.,.,.,.,.,.,.,.,.,.,.
2020,7,10,51,.,.,.,.,.,.,.,.,.,.,.,.,.
2020,7,10,52,.,.,.,.,.,.,.,.,.,.,.,.,.
2020,7,10,53,.,.,.,.,.,.,.,.,.,.,.,.,.
2020,7,17,1,.,.,.,.,.,.,.,.,.,.,.,.,.
2020,7,17,2,.,.,.,.,.,.,.,.,.,.,.,.,.
2020,7,17,3,.,.,.,.,.,.,.,.,.,.,.,.,.
2020,7,17,4,.,.,.,.,.,.,.,.,.,.,.,.,.
2020,7,17,5,.,.,.,.,.,.,.,.,.,.,.,.,.
2020,7,17,6,.,.,.,.,.,.,.,.,.,.,.,.,.
2020,7,17,7,.,.,.,.,.,.,.,.,.,.,.,.,.
2020,7,17,8,.,.,.,.,.,.,.,.,.,.,.,.,.
2020,7,17,9,.,.,.,.,.,.,.,.,.,.,.,.,.
2020,7,17,10,.,.,.,.,.,.,.,.,.,.,.,.,.
2020,7,17,11,.,.,.,.,.,.,.,.,.,.,.,.,.
2020,7,17,12,.,.,.,.,.,.,.,.,.,.,.,.,.
2020,7,17,13,.,.,.,.,.,.,.,.,.,.,.,.,.
2020,7,17,14,.,.,.,.,.,.,.,.,.,.,.,.,.
2020,7,17,15,.,.,.,.,.,.,.,.,.,.,.,.,.
2020,7,17,16,.,.,.,.,.,.,.,.,.,.,.,.,.
2020,7,17,17,.,.,.,.,.,.,.,.,.,.,.,.,.
2020,7,17,18,.,.,.,.,.,.,.,.,.,.,.,.,.
2020,7,17,19,.,.,.,.,.,.,.,.,.,.,.,.,.
2020,7,17,20,.,.,.,.,.,.,.,.,.,.,.,.,.
2020,7,17,21,.,.,.,.,.,.,.,.,.,.,.,.,.
2020,7,17,22,.,.,.,.,.,.,.,.,.,.,.,.,.
2020,7,17,23,.,.,.,.,.,.,.,.,.,.,.,.,.
2020,7,17,24,.,.,.,.,.,.,.,.,.,.,.,.,.
2020,7,17,25,.,.,.,.,.,.,.,.,.,.,.,.,.
2020,7,17,26,.,.,.,.,.,.,.,.,.,.,.,.,.
2020,7,17,27,.,.,.,.,.,.,.,.,.,.,.,.,.
2020,7,17,28,.,.,.,.,.,.,.,.,.,.,.,.,.
2020,7,17,29,.,.,.,.,.,.,.,.,.,.,.,.,.
2020,7,17,30,.,.,.,.,.,.,.,.,.,.,.,.,.
2020,7,17,31,.,.,.,.,.,.,.,.,.,.,.,.,.
2020,7,17,32,.,.,.,.,.,.,.,.,.,.,.,.,.
2020,7,17,33,.,.,.,.,.,.,.,.,.,.,.,.,.
2020,7,17,34,.,.,.,.,.,.,.,.,.,.,.,.,.
2020,7,17,35,.,.,.,.,.,.,.,.,.,.,.,.,.
2020,7,17,36,.,.,.,.,.,.,.,.,.,.,.,.,.
2020,7,17,37,.,.,.,.,.,.,.,.,.,.,.,.,.
2020,7,17,38,.,.,.,.,.,.,.,.,.,.,.,.,.
2020,7,17,39,.,.,.,.,.,.,.,.,.,.,.,.,.
2020,7,17,40,.,.,.,.,.,.,.,.,.,.,.,.,.
2020,7,17,41,.,.,.,.,.,.,.,.,.,.,.,.,.
2020,7,17,42,.,.,.,.,.,.,.,.,.,.,.,.,.
2020,7,17,43,.,.,.,.,.,.,.,.,.,.,.,.,.
2020,7,17,44,.,.,.,.,.,.,.,.,.,.,.,.,.
2020,7,17,45,.,.,.,.,.,.,.,.,.,.,.,.,.
2020,7,17,46,.,.,.,.,.,.,.,.,.,.,.,.,.
2020,7,17,47,.,.,.,.,.,.,.,.,.,.,.,.,.
2020,7,17,48,.,.,.,.,.,.,.,.,.,.,.,.,.
2020,7,17,49,.,.,.,.,.,.,.,.,.,.,.,.,.
2020,7,17,50,.,.,.,.,.,.,.,.,.,.,.,.,.
2020,7,17,51,.,.,.,.,.,.,.,.,.,.,.,.,.
2020,7,17,52,.,.,.,.,.,.,.,.,.,.,.,.,.
2020,7,17,53,.,.,.,.,.,.,.,.,.,.,.,.,.
2020,7,24,1,.,.,.,.,.,.,.,.,.,.,.,.,.
2020,7,24,2,.,.,.,.,.,.,.,.,.,.,.,.,.
2020,7,24,3,.,.,.,.,.,.,.,.,.,.,.,.,.
2020,7,24,4,.,.,.,.,.,.,.,.,.,.,.,.,.
2020,7,24,5,.,.,.,.,.,.,.,.,.,.,.,.,.
2020,7,24,6,.,.,.,.,.,.,.,.,.,.,.,.,.
2020,7,24,7,.,.,.,.,.,.,.,.,.,.,.,.,.
2020,7,24,8,.,.,.,.,.,.,.,.,.,.,.,.,.
2020,7,24,9,.,.,.,.,.,.,.,.,.,.,.,.,.
2020,7,24,10,.,.,.,.,.,.,.,.,.,.,.,.,.
2020,7,24,11,.,.,.,.,.,.,.,.,.,.,.,.,.
2020,7,24,12,.,.,.,.,.,.,.,.,.,.,.,.,.
2020,7,24,13,.,.,.,.,.,.,.,.,.,.,.,.,.
2020,7,24,14,.,.,.,.,.,.,.,.,.,.,.,.,.
2020,7,24,15,.,.,.,.,.,.,.,.,.,.,.,.,.
2020,7,24,16,.,.,.,.,.,.,.,.,.,.,.,.,.
2020,7,24,17,.,.,.,.,.,.,.,.,.,.,.,.,.
2020,7,24,18,.,.,.,.,.,.,.,.,.,.,.,.,.
2020,7,24,19,.,.,.,.,.,.,.,.,.,.,.,.,.
2020,7,24,20,.,.,.,.,.,.,.,.,.,.,.,.,.
2020,7,24,21,.,.,.,.,.,.,.,.,.,.,.,.,.
2020,7,24,22,.,.,.,.,.,.,.,.,.,.,.,.,.
2020,7,24,23,.,.,.,.,.,.,.,.,.,.,.,.,.
2020,7,24,24,.,.,.,.,.,.,.,.,.,.,.,.,.
2020,7,24,25,.,.,.,.,.,.,.,.,.,.,.,.,.
2020,7,24,26,.,.,.,.,.,.,.,.,.,.,.,.,.
2020,7,24,27,.,.,.,.,.,.,.,.,.,.,.,.,.
2020,7,24,28,.,.,.,.,.,.,.,.,.,.,.,.,.
2020,7,24,29,.,.,.,.,.,.,.,.,.,.,.,.,.
2020,7,24,30,.,.,.,.,.,.,.,.,.,.,.,.,.
2020,7,24,31,.,.,.,.,.,.,.,.,.,.,.,.,.
2020,7,24,32,.,.,.,.,.,.,.,.,.,.,.,.,.
2020,7,24,33,.,.,.,.,.,.,.,.,.,.,.,.,.
2020,7,24,34,.,.,.,.,.,.,.,.,.,.,.,.,.
2020,7,24,35,.,.,.,.,.,.,.,.,.,.,.,.,.
2020,7,24,36,.,.,.,.,.,.,.,.,.,.,.,.,.
2020,7,24,37,.,.,.,.,.,.,.,.,.,.,.,.,.
2020,7,24,38,.,.,.,.,.,.,.,.,.,.,.,.,.
2020,7,24,39,.,.,.,.,.,.,.,.,.,.,.,.,.
2020,7,24,40,.,.,.,.,.,.,.,.,.,.,.,.,.
2020,7,24,41,.,.,.,.,.,.,.,.,.,.,.,.,.
2020,7,24,42,.,.,.,.,.,.,.,.,.,.,.,.,.
2020,7,24,43,.,.,.,.,.,.,.,.,.,.,.,.,.
2020,7,24,44,.,.,.,.,.,.,.,.,.,.,.,.,.
2020,7,24,45,.,.,.,.,.,.,.,.,.,.,.,.,.
2020,7,24,46,.,.,.,.,.,.,.,.,.,.,.,.,.
2020,7,24,47,.,.,.,.,.,.,.,.,.,.,.,.,.
2020,7,24,48,.,.,.,.,.,.,.,.,.,.,.,.,.
2020,7,24,49,.,.,.,.,.,.,.,.,.,.,.,.,.
2020,7,24,50,.,.,.,.,.,.,.,.,.,.,.,.,.
2020,7,24,51,.,.,.,.,.,.,.,.,.,.,.,.,.
2020,7,24,52,.,.,.,.,.,.,.,.,.,.,.,.,.
2020,7,24,53,.,.,.,.,.,.,.,.,.,.,.,.,.
2020,7,31,1,.,.,.,.,.,.,.,.,.,.,.,.,.
2020,7,31,2,.,.,.,.,.,.,.,.,.,.,.,.,.
2020,7,31,3,.,.,.,.,.,.,.,.,.,.,.,.,.
2020,7,31,4,.,.,.,.,.,.,.,.,.,.,.,.,.
2020,7,31,5,.,.,.,.,.,.,.,.,.,.,.,.,.
2020,7,31,6,.,.,.,.,.,.,.,.,.,.,.,.,.
2020,7,31,7,.,.,.,.,.,.,.,.,.,.,.,.,.
2020,7,31,8,.,.,.,.,.,.,.,.,.,.,.,.,.
2020,7,31,9,.,.,.,.,.,.,.,.,.,.,.,.,.
2020,7,31,10,.,.,.,.,.,.,.,.,.,.,.,.,.
2020,7,31,11,.,.,.,.,.,.,.,.,.,.,.,.,.
2020,7,31,12,.,.,.,.,.,.,.,.,.,.,.,.,.
2020,7,31,13,.,.,.,.,.,.,.,.,.,.,.,.,.
2020,7,31,14,.,.,.,.,.,.,.,.,.,.,.,.,.
2020,7,31,15,.,.,.,.,.,.,.,.,.,.,.,.,.
2020,7,31,16,.,.,.,.,.,.,.,.,.,.,.,.,.
2020,7,31,17,.,.,.,.,.,.,.,.,.,.,.,.,.
2020,7,31,18,.,.,.,.,.,.,.,.,.,.,.,.,.
2020,7,31,19,.,.,.,.,.,.,.,.,.,.,.,.,.
2020,7,31,20,.,.,.,.,.,.,.,.,.,.,.,.,.
2020,7,31,21,.,.,.,.,.,.,.,.,.,.,.,.,.
2020,7,31,22,.,.,.,.,.,.,.,.,.,.,.,.,.
2020,7,31,23,.,.,.,.,.,.,.,.,.,.,.,.,.
2020,7,31,24,.,.,.,.,.,.,.,.,.,.,.,.,.
2020,7,31,25,.,.,.,.,.,.,.,.,.,.,.,.,.
2020,7,31,26,.,.,.,.,.,.,.,.,.,.,.,.,.
2020,7,31,27,.,.,.,.,.,.,.,.,.,.,.,.,.
2020,7,31,28,.,.,.,.,.,.,.,.,.,.,.,.,.
2020,7,31,29,.,.,.,.,.,.,.,.,.,.,.,.,.
2020,7,31,30,.,.,.,.,.,.,.,.,.,.,.,.,.
2020,7,31,31,.,.,.,.,.,.,.,.,.,.,.,.,.
2020,7,31,32,.,.,.,.,.,.,.,.,.,.,.,.,.
2020,7,31,33,.,.,.,.,.,.,.,.,.,.,.,.,.
2020,7,31,34,.,.,.,.,.,.,.,.,.,.,.,.,.
2020,7,31,35,.,.,.,.,.,.,.,.,.,.,.,.,.
2020,7,31,36,.,.,.,.,.,.,.,.,.,.,.,.,.
2020,7,31,37,.,.,.,.,.,.,.,.,.,.,.,.,.
2020,7,31,38,.,.,.,.,.,.,.,.,.,.,.,.,.
2020,7,31,39,.,.,.,.,.,.,.,.,.,.,.,.,.
2020,7,31,40,.,.,.,.,.,.,.,.,.,.,.,.,.
2020,7,31,41,.,.,.,.,.,.,.,.,.,.,.,.,.
2020,7,31,42,.,.,.,.,.,.,.,.,.,.,.,.,.
2020,7,31,43,.,.,.,.,.,.,.,.,.,.,.,.,.
2020,7,31,44,.,.,.,.,.,.,.,.,.,.,.,.,.
2020,7,31,45,.,.,.,.,.,.,.,.,.,.,.,.,.
2020,7,31,46,.,.,.,.,.,.,.,.,.,.,.,.,.
2020,7,31,47,.,.,.,.,.,.,.,.,.,.,.,.,.
2020,7,31,48,.,.,.,.,.,.,.,.,.,.,.,.,.
2020,7,31,49,.,.,.,.,.,.,.,.,.,.,.,.,.
2020,7,31,50,.,.,.,.,.,.,.,.,.,.,.,.,.
2020,7,31,51,.,.,.,.,.,.,.,.,.,.,.,.,.
2020,7,31,52,.,.,.,.,.,.,.,.,.,.,.,.,.
2020,7,31,53,.,.,.,.,.,.,.,.,.,.,.,.,.
2020,8,7,1,.,.,.,.,.,.,.,.,.,.,.,.,.
2020,8,7,2,.,.,.,.,.,.,.,.,.,.,.,.,.
2020,8,7,3,.,.,.,.,.,.,.,.,.,.,.,.,.
2020,8,7,4,.,.,.,.,.,.,.,.,.,.,.,.,.
2020,8,7,5,.,.,.,.,.,.,.,.,.,.,.,.,.
2020,8,7,6,.,.,.,.,.,.,.,.,.,.,.,.,.
2020,8,7,7,.,.,.,.,.,.,.,.,.,.,.,.,.
2020,8,7,8,.,.,.,.,.,.,.,.,.,.,.,.,.
2020,8,7,9,.,.,.,.,.,.,.,.,.,.,.,.,.
2020,8,7,10,.,.,.,.,.,.,.,.,.,.,.,.,.
2020,8,7,11,.,.,.,.,.,.,.,.,.,.,.,.,.
2020,8,7,12,.,.,.,.,.,.,.,.,.,.,.,.,.
2020,8,7,13,.,.,.,.,.,.,.,.,.,.,.,.,.
2020,8,7,14,.,.,.,.,.,.,.,.,.,.,.,.,.
2020,8,7,15,.,.,.,.,.,.,.,.,.,.,.,.,.
2020,8,7,16,.,.,.,.,.,.,.,.,.,.,.,.,.
2020,8,7,17,.,.,.,.,.,.,.,.,.,.,.,.,.
2020,8,7,18,.,.,.,.,.,.,.,.,.,.,.,.,.
2020,8,7,19,.,.,.,.,.,.,.,.,.,.,.,.,.
2020,8,7,20,.,.,.,.,.,.,.,.,.,.,.,.,.
2020,8,7,21,.,.,.,.,.,.,.,.,.,.,.,.,.
2020,8,7,22,.,.,.,.,.,.,.,.,.,.,.,.,.
2020,8,7,23,.,.,.,.,.,.,.,.,.,.,.,.,.
2020,8,7,24,.,.,.,.,.,.,.,.,.,.,.,.,.
2020,8,7,25,.,.,.,.,.,.,.,.,.,.,.,.,.
2020,8,7,26,.,.,.,.,.,.,.,.,.,.,.,.,.
2020,8,7,27,.,.,.,.,.,.,.,.,.,.,.,.,.
2020,8,7,28,.,.,.,.,.,.,.,.,.,.,.,.,.
2020,8,7,29,.,.,.,.,.,.,.,.,.,.,.,.,.
2020,8,7,30,.,.,.,.,.,.,.,.,.,.,.,.,.
2020,8,7,31,.,.,.,.,.,.,.,.,.,.,.,.,.
2020,8,7,32,.,.,.,.,.,.,.,.,.,.,.,.,.
2020,8,7,33,.,.,.,.,.,.,.,.,.,.,.,.,.
2020,8,7,34,.,.,.,.,.,.,.,.,.,.,.,.,.
2020,8,7,35,.,.,.,.,.,.,.,.,.,.,.,.,.
2020,8,7,36,.,.,.,.,.,.,.,.,.,.,.,.,.
2020,8,7,37,.,.,.,.,.,.,.,.,.,.,.,.,.
2020,8,7,38,.,.,.,.,.,.,.,.,.,.,.,.,.
2020,8,7,39,.,.,.,.,.,.,.,.,.,.,.,.,.
2020,8,7,40,.,.,.,.,.,.,.,.,.,.,.,.,.
2020,8,7,41,.,.,.,.,.,.,.,.,.,.,.,.,.
2020,8,7,42,.,.,.,.,.,.,.,.,.,.,.,.,.
2020,8,7,43,.,.,.,.,.,.,.,.,.,.,.,.,.
2020,8,7,44,.,.,.,.,.,.,.,.,.,.,.,.,.
2020,8,7,45,.,.,.,.,.,.,.,.,.,.,.,.,.
2020,8,7,46,.,.,.,.,.,.,.,.,.,.,.,.,.
2020,8,7,47,.,.,.,.,.,.,.,.,.,.,.,.,.
2020,8,7,48,.,.,.,.,.,.,.,.,.,.,.,.,.
2020,8,7,49,.,.,.,.,.,.,.,.,.,.,.,.,.
2020,8,7,50,.,.,.,.,.,.,.,.,.,.,.,.,.
2020,8,7,51,.,.,.,.,.,.,.,.,.,.,.,.,.
2020,8,7,52,.,.,.,.,.,.,.,.,.,.,.,.,.
2020,8,7,53,.,.,.,.,.,.,.,.,.,.,.,.,.
2020,8,14,1,.,.,.,.,.,.,.,.,.,.,.,.,.
2020,8,14,2,.,.,.,.,.,.,.,.,.,.,.,.,.
2020,8,14,3,.,.,.,.,.,.,.,.,.,.,.,.,.
2020,8,14,4,.,.,.,.,.,.,.,.,.,.,.,.,.
2020,8,14,5,.,.,.,.,.,.,.,.,.,.,.,.,.
2020,8,14,6,.,.,.,.,.,.,.,.,.,.,.,.,.
2020,8,14,7,.,.,.,.,.,.,.,.,.,.,.,.,.
2020,8,14,8,.,.,.,.,.,.,.,.,.,.,.,.,.
2020,8,14,9,.,.,.,.,.,.,.,.,.,.,.,.,.
2020,8,14,10,.,.,.,.,.,.,.,.,.,.,.,.,.
2020,8,14,11,.,.,.,.,.,.,.,.,.,.,.,.,.
2020,8,14,12,.,.,.,.,.,.,.,.,.,.,.,.,.
2020,8,14,13,.,.,.,.,.,.,.,.,.,.,.,.,.
2020,8,14,14,.,.,.,.,.,.,.,.,.,.,.,.,.
2020,8,14,15,.,.,.,.,.,.,.,.,.,.,.,.,.
2020,8,14,16,.,.,.,.,.,.,.,.,.,.,.,.,.
2020,8,14,17,.,.,.,.,.,.,.,.,.,.,.,.,.
2020,8,14,18,.,.,.,.,.,.,.,.,.,.,.,.,.
2020,8,14,19,.,.,.,.,.,.,.,.,.,.,.,.,.
2020,8,14,20,.,.,.,.,.,.,.,.,.,.,.,.,.
2020,8,14,21,.,.,.,.,.,.,.,.,.,.,.,.,.
2020,8,14,22,.,.,.,.,.,.,.,.,.,.,.,.,.
2020,8,14,23,.,.,.,.,.,.,.,.,.,.,.,.,.
2020,8,14,24,.,.,.,.,.,.,.,.,.,.,.,.,.
2020,8,14,25,.,.,.,.,.,.,.,.,.,.,.,.,.
2020,8,14,26,.,.,.,.,.,.,.,.,.,.,.,.,.
2020,8,14,27,.,.,.,.,.,.,.,.,.,.,.,.,.
2020,8,14,28,.,.,.,.,.,.,.,.,.,.,.,.,.
2020,8,14,29,.,.,.,.,.,.,.,.,.,.,.,.,.
2020,8,14,30,.,.,.,.,.,.,.,.,.,.,.,.,.
2020,8,14,31,.,.,.,.,.,.,.,.,.,.,.,.,.
2020,8,14,32,.,.,.,.,.,.,.,.,.,.,.,.,.
2020,8,14,33,.,.,.,.,.,.,.,.,.,.,.,.,.
2020,8,14,34,.,.,.,.,.,.,.,.,.,.,.,.,.
2020,8,14,35,.,.,.,.,.,.,.,.,.,.,.,.,.
2020,8,14,36,.,.,.,.,.,.,.,.,.,.,.,.,.
2020,8,14,37,.,.,.,.,.,.,.,.,.,.,.,.,.
2020,8,14,38,.,.,.,.,.,.,.,.,.,.,.,.,.
2020,8,14,39,.,.,.,.,.,.,.,.,.,.,.,.,.
2020,8,14,40,.,.,.,.,.,.,.,.,.,.,.,.,.
2020,8,14,41,.,.,.,.,.,.,.,.,.,.,.,.,.
2020,8,14,42,.,.,.,.,.,.,.,.,.,.,.,.,.
2020,8,14,43,.,.,.,.,.,.,.,.,.,.,.,.,.
2020,8,14,44,.,.,.,.,.,.,.,.,.,.,.,.,.
2020,8,14,45,.,.,.,.,.,.,.,.,.,.,.,.,.
2020,8,14,46,.,.,.,.,.,.,.,.,.,.,.,.,.
2020,8,14,47,.,.,.,.,.,.,.,.,.,.,.,.,.
2020,8,14,48,.,.,.,.,.,.,.,.,.,.,.,.,.
2020,8,14,49,.,.,.,.,.,.,.,.,.,.,.,.,.
2020,8,14,50,.,.,.,.,.,.,.,.,.,.,.,.,.
2020,8,14,51,.,.,.,.,.,.,.,.,.,.,.,.,.
2020,8,14,52,.,.,.,.,.,.,.,.,.,.,.,.,.
2020,8,14,53,.,.,.,.,.,.,.,.,.,.,.,.,.
2020,8,21,1,.,.,.,.,.,.,.,.,.,.,.,.,.
2020,8,21,2,.,.,.,.,.,.,.,.,.,.,.,.,.
2020,8,21,3,.,.,.,.,.,.,.,.,.,.,.,.,.
2020,8,21,4,.,.,.,.,.,.,.,.,.,.,.,.,.
2020,8,21,5,.,.,.,.,.,.,.,.,.,.,.,.,.
2020,8,21,6,.,.,.,.,.,.,.,.,.,.,.,.,.
2020,8,21,7,.,.,.,.,.,.,.,.,.,.,.,.,.
2020,8,21,8,.,.,.,.,.,.,.,.,.,.,.,.,.
2020,8,21,9,.,.,.,.,.,.,.,.,.,.,.,.,.
2020,8,21,10,.,.,.,.,.,.,.,.,.,.,.,.,.
2020,8,21,11,.,.,.,.,.,.,.,.,.,.,.,.,.
2020,8,21,12,.,.,.,.,.,.,.,.,.,.,.,.,.
2020,8,21,13,.,.,.,.,.,.,.,.,.,.,.,.,.
2020,8,21,14,.,.,.,.,.,.,.,.,.,.,.,.,.
2020,8,21,15,.,.,.,.,.,.,.,.,.,.,.,.,.
2020,8,21,16,.,.,.,.,.,.,.,.,.,.,.,.,.
2020,8,21,17,.,.,.,.,.,.,.,.,.,.,.,.,.
2020,8,21,18,.,.,.,.,.,.,.,.,.,.,.,.,.
2020,8,21,19,.,.,.,.,.,.,.,.,.,.,.,.,.
2020,8,21,20,.,.,.,.,.,.,.,.,.,.,.,.,.
2020,8,21,21,.,.,.,.,.,.,.,.,.,.,.,.,.
2020,8,21,22,.,.,.,.,.,.,.,.,.,.,.,.,.
2020,8,21,23,.,.,.,.,.,.,.,.,.,.,.,.,.
2020,8,21,24,.,.,.,.,.,.,.,.,.,.,.,.,.
2020,8,21,25,.,.,.,.,.,.,.,.,.,.,.,.,.
2020,8,21,26,.,.,.,.,.,.,.,.,.,.,.,.,.
2020,8,21,27,.,.,.,.,.,.,.,.,.,.,.,.,.
2020,8,21,28,.,.,.,.,.,.,.,.,.,.,.,.,.
2020,8,21,29,.,.,.,.,.,.,.,.,.,.,.,.,.
2020,8,21,30,.,.,.,.,.,.,.,.,.,.,.,.,.
2020,8,21,31,.,.,.,.,.,.,.,.,.,.,.,.,.
2020,8,21,32,.,.,.,.,.,.,.,.,.,.,.,.,.
2020,8,21,33,.,.,.,.,.,.,.,.,.,.,.,.,.
2020,8,21,34,.,.,.,.,.,.,.,.,.,.,.,.,.
2020,8,21,35,.,.,.,.,.,.,.,.,.,.,.,.,.
2020,8,21,36,.,.,.,.,.,.,.,.,.,.,.,.,.
2020,8,21,37,.,.,.,.,.,.,.,.,.,.,.,.,.
2020,8,21,38,.,.,.,.,.,.,.,.,.,.,.,.,.
2020,8,21,39,.,.,.,.,.,.,.,.,.,.,.,.,.
2020,8,21,40,.,.,.,.,.,.,.,.,.,.,.,.,.
2020,8,21,41,.,.,.,.,.,.,.,.,.,.,.,.,.
2020,8,21,42,.,.,.,.,.,.,.,.,.,.,.,.,.
2020,8,21,43,.,.,.,.,.,.,.,.,.,.,.,.,.
2020,8,21,44,.,.,.,.,.,.,.,.,.,.,.,.,.
2020,8,21,45,.,.,.,.,.,.,.,.,.,.,.,.,.
2020,8,21,46,.,.,.,.,.,.,.,.,.,.,.,.,.
2020,8,21,47,.,.,.,.,.,.,.,.,.,.,.,.,.
2020,8,21,48,.,.,.,.,.,.,.,.,.,.,.,.,.
2020,8,21,49,.,.,.,.,.,.,.,.,.,.,.,.,.
2020,8,21,50,.,.,.,.,.,.,.,.,.,.,.,.,.
2020,8,21,51,.,.,.,.,.,.,.,.,.,.,.,.,.
2020,8,21,52,.,.,.,.,.,.,.,.,.,.,.,.,.
2020,8,21,53,.,.,.,.,.,.,.,.,.,.,.,.,.
2020,8,28,1,.,.,.,.,.,.,.,.,.,.,.,.,.
2020,8,28,2,.,.,.,.,.,.,.,.,.,.,.,.,.
2020,8,28,3,.,.,.,.,.,.,.,.,.,.,.,.,.
2020,8,28,4,.,.,.,.,.,.,.,.,.,.,.,.,.
2020,8,28,5,.,.,.,.,.,.,.,.,.,.,.,.,.
2020,8,28,6,.,.,.,.,.,.,.,.,.,.,.,.,.
2020,8,28,7,.,.,.,.,.,.,.,.,.,.,.,.,.
2020,8,28,8,.,.,.,.,.,.,.,.,.,.,.,.,.
2020,8,28,9,.,.,.,.,.,.,.,.,.,.,.,.,.
2020,8,28,10,.,.,.,.,.,.,.,.,.,.,.,.,.
2020,8,28,11,.,.,.,.,.,.,.,.,.,.,.,.,.
2020,8,28,12,.,.,.,.,.,.,.,.,.,.,.,.,.
2020,8,28,13,.,.,.,.,.,.,.,.,.,.,.,.,.
2020,8,28,14,.,.,.,.,.,.,.,.,.,.,.,.,.
2020,8,28,15,.,.,.,.,.,.,.,.,.,.,.,.,.
2020,8,28,16,.,.,.,.,.,.,.,.,.,.,.,.,.
2020,8,28,17,.,.,.,.,.,.,.,.,.,.,.,.,.
2020,8,28,18,.,.,.,.,.,.,.,.,.,.,.,.,.
2020,8,28,19,.,.,.,.,.,.,.,.,.,.,.,.,.
2020,8,28,20,.,.,.,.,.,.,.,.,.,.,.,.,.
2020,8,28,21,.,.,.,.,.,.,.,.,.,.,.,.,.
2020,8,28,22,.,.,.,.,.,.,.,.,.,.,.,.,.
2020,8,28,23,.,.,.,.,.,.,.,.,.,.,.,.,.
2020,8,28,24,.,.,.,.,.,.,.,.,.,.,.,.,.
2020,8,28,25,.,.,.,.,.,.,.,.,.,.,.,.,.
2020,8,28,26,.,.,.,.,.,.,.,.,.,.,.,.,.
2020,8,28,27,.,.,.,.,.,.,.,.,.,.,.,.,.
2020,8,28,28,.,.,.,.,.,.,.,.,.,.,.,.,.
2020,8,28,29,.,.,.,.,.,.,.,.,.,.,.,.,.
2020,8,28,30,.,.,.,.,.,.,.,.,.,.,.,.,.
2020,8,28,31,.,.,.,.,.,.,.,.,.,.,.,.,.
2020,8,28,32,.,.,.,.,.,.,.,.,.,.,.,.,.
2020,8,28,33,.,.,.,.,.,.,.,.,.,.,.,.,.
2020,8,28,34,.,.,.,.,.,.,.,.,.,.,.,.,.
2020,8,28,35,.,.,.,.,.,.,.,.,.,.,.,.,.
2020,8,28,36,.,.,.,.,.,.,.,.,.,.,.,.,.
2020,8,28,37,.,.,.,.,.,.,.,.,.,.,.,.,.
2020,8,28,38,.,.,.,.,.,.,.,.,.,.,.,.,.
2020,8,28,39,.,.,.,.,.,.,.,.,.,.,.,.,.
2020,8,28,40,.,.,.,.,.,.,.,.,.,.,.,.,.
2020,8,28,41,.,.,.,.,.,.,.,.,.,.,.,.,.
2020,8,28,42,.,.,.,.,.,.,.,.,.,.,.,.,.
2020,8,28,43,.,.,.,.,.,.,.,.,.,.,.,.,.
2020,8,28,44,.,.,.,.,.,.,.,.,.,.,.,.,.
2020,8,28,45,.,.,.,.,.,.,.,.,.,.,.,.,.
2020,8,28,46,.,.,.,.,.,.,.,.,.,.,.,.,.
2020,8,28,47,.,.,.,.,.,.,.,.,.,.,.,.,.
2020,8,28,48,.,.,.,.,.,.,.,.,.,.,.,.,.
2020,8,28,49,.,.,.,.,.,.,.,.,.,.,.,.,.
2020,8,28,50,.,.,.,.,.,.,.,.,.,.,.,.,.
2020,8,28,51,.,.,.,.,.,.,.,.,.,.,.,.,.
2020,8,28,52,.,.,.,.,.,.,.,.,.,.,.,.,.
2020,8,28,53,.,.,.,.,.,.,.,.,.,.,.,.,.
2020,9,4,1,.,.,.,.,.,.,.,.,.,.,.,.,.
2020,9,4,2,.,.,.,.,.,.,.,.,.,.,.,.,.
2020,9,4,3,.,.,.,.,.,.,.,.,.,.,.,.,.
2020,9,4,4,.,.,.,.,.,.,.,.,.,.,.,.,.
2020,9,4,5,.,.,.,.,.,.,.,.,.,.,.,.,.
2020,9,4,6,.,.,.,.,.,.,.,.,.,.,.,.,.
2020,9,4,7,.,.,.,.,.,.,.,.,.,.,.,.,.
2020,9,4,8,.,.,.,.,.,.,.,.,.,.,.,.,.
2020,9,4,9,.,.,.,.,.,.,.,.,.,.,.,.,.
2020,9,4,10,.,.,.,.,.,.,.,.,.,.,.,.,.
2020,9,4,11,.,.,.,.,.,.,.,.,.,.,.,.,.
2020,9,4,12,.,.,.,.,.,.,.,.,.,.,.,.,.
2020,9,4,13,.,.,.,.,.,.,.,.,.,.,.,.,.
2020,9,4,14,.,.,.,.,.,.,.,.,.,.,.,.,.
2020,9,4,15,.,.,.,.,.,.,.,.,.,.,.,.,.
2020,9,4,16,.,.,.,.,.,.,.,.,.,.,.,.,.
2020,9,4,17,.,.,.,.,.,.,.,.,.,.,.,.,.
2020,9,4,18,.,.,.,.,.,.,.,.,.,.,.,.,.
2020,9,4,19,.,.,.,.,.,.,.,.,.,.,.,.,.
2020,9,4,20,.,.,.,.,.,.,.,.,.,.,.,.,.
2020,9,4,21,.,.,.,.,.,.,.,.,.,.,.,.,.
2020,9,4,22,.,.,.,.,.,.,.,.,.,.,.,.,.
2020,9,4,23,.,.,.,.,.,.,.,.,.,.,.,.,.
2020,9,4,24,.,.,.,.,.,.,.,.,.,.,.,.,.
2020,9,4,25,.,.,.,.,.,.,.,.,.,.,.,.,.
2020,9,4,26,.,.,.,.,.,.,.,.,.,.,.,.,.
2020,9,4,27,.,.,.,.,.,.,.,.,.,.,.,.,.
2020,9,4,28,.,.,.,.,.,.,.,.,.,.,.,.,.
2020,9,4,29,.,.,.,.,.,.,.,.,.,.,.,.,.
2020,9,4,30,.,.,.,.,.,.,.,.,.,.,.,.,.
2020,9,4,31,.,.,.,.,.,.,.,.,.,.,.,.,.
2020,9,4,32,.,.,.,.,.,.,.,.,.,.,.,.,.
2020,9,4,33,.,.,.,.,.,.,.,.,.,.,.,.,.
2020,9,4,34,.,.,.,.,.,.,.,.,.,.,.,.,.
2020,9,4,35,.,.,.,.,.,.,.,.,.,.,.,.,.
2020,9,4,36,.,.,.,.,.,.,.,.,.,.,.,.,.
2020,9,4,37,.,.,.,.,.,.,.,.,.,.,.,.,.
2020,9,4,38,.,.,.,.,.,.,.,.,.,.,.,.,.
2020,9,4,39,.,.,.,.,.,.,.,.,.,.,.,.,.
2020,9,4,40,.,.,.,.,.,.,.,.,.,.,.,.,.
2020,9,4,41,.,.,.,.,.,.,.,.,.,.,.,.,.
2020,9,4,42,.,.,.,.,.,.,.,.,.,.,.,.,.
2020,9,4,43,.,.,.,.,.,.,.,.,.,.,.,.,.
2020,9,4,44,.,.,.,.,.,.,.,.,.,.,.,.,.
2020,9,4,45,.,.,.,.,.,.,.,.,.,.,.,.,.
2020,9,4,46,.,.,.,.,.,.,.,.,.,.,.,.,.
2020,9,4,47,.,.,.,.,.,.,.,.,.,.,.,.,.
2020,9,4,48,.,.,.,.,.,.,.,.,.,.,.,.,.
2020,9,4,49,.,.,.,.,.,.,.,.,.,.,.,.,.
2020,9,4,50,.,.,.,.,.,.,.,.,.,.,.,.,.
2020,9,4,51,.,.,.,.,.,.,.,.,.,.,.,.,.
2020,9,4,52,.,.,.,.,.,.,.,.,.,.,.,.,.
2020,9,4,53,.,.,.,.,.,.,.,.,.,.,.,.,.
2020,9,11,1,.,.,.,.,.,.,.,.,.,.,.,.,.
2020,9,11,2,.,.,.,.,.,.,.,.,.,.,.,.,.
2020,9,11,3,.,.,.,.,.,.,.,.,.,.,.,.,.
2020,9,11,4,.,.,.,.,.,.,.,.,.,.,.,.,.
2020,9,11,5,.,.,.,.,.,.,.,.,.,.,.,.,.
2020,9,11,6,.,.,.,.,.,.,.,.,.,.,.,.,.
2020,9,11,7,.,.,.,.,.,.,.,.,.,.,.,.,.
2020,9,11,8,.,.,.,.,.,.,.,.,.,.,.,.,.
2020,9,11,9,.,.,.,.,.,.,.,.,.,.,.,.,.
2020,9,11,10,.,.,.,.,.,.,.,.,.,.,.,.,.
2020,9,11,11,.,.,.,.,.,.,.,.,.,.,.,.,.
2020,9,11,12,.,.,.,.,.,.,.,.,.,.,.,.,.
2020,9,11,13,.,.,.,.,.,.,.,.,.,.,.,.,.
2020,9,11,14,.,.,.,.,.,.,.,.,.,.,.,.,.
2020,9,11,15,.,.,.,.,.,.,.,.,.,.,.,.,.
2020,9,11,16,.,.,.,.,.,.,.,.,.,.,.,.,.
2020,9,11,17,.,.,.,.,.,.,.,.,.,.,.,.,.
2020,9,11,18,.,.,.,.,.,.,.,.,.,.,.,.,.
2020,9,11,19,.,.,.,.,.,.,.,.,.,.,.,.,.
2020,9,11,20,.,.,.,.,.,.,.,.,.,.,.,.,.
2020,9,11,21,.,.,.,.,.,.,.,.,.,.,.,.,.
2020,9,11,22,.,.,.,.,.,.,.,.,.,.,.,.,.
2020,9,11,23,.,.,.,.,.,.,.,.,.,.,.,.,.
2020,9,11,24,.,.,.,.,.,.,.,.,.,.,.,.,.
2020,9,11,25,.,.,.,.,.,.,.,.,.,.,.,.,.
2020,9,11,26,.,.,.,.,.,.,.,.,.,.,.,.,.
2020,9,11,27,.,.,.,.,.,.,.,.,.,.,.,.,.
2020,9,11,28,.,.,.,.,.,.,.,.,.,.,.,.,.
2020,9,11,29,.,.,.,.,.,.,.,.,.,.,.,.,.
2020,9,11,30,.,.,.,.,.,.,.,.,.,.,.,.,.
2020,9,11,31,.,.,.,.,.,.,.,.,.,.,.,.,.
2020,9,11,32,.,.,.,.,.,.,.,.,.,.,.,.,.
2020,9,11,33,.,.,.,.,.,.,.,.,.,.,.,.,.
2020,9,11,34,.,.,.,.,.,.,.,.,.,.,.,.,.
2020,9,11,35,.,.,.,.,.,.,.,.,.,.,.,.,.
2020,9,11,36,.,.,.,.,.,.,.,.,.,.,.,.,.
2020,9,11,37,.,.,.,.,.,.,.,.,.,.,.,.,.
2020,9,11,38,.,.,.,.,.,.,.,.,.,.,.,.,.
2020,9,11,39,.,.,.,.,.,.,.,.,.,.,.,.,.
2020,9,11,40,.,.,.,.,.,.,.,.,.,.,.,.,.
2020,9,11,41,.,.,.,.,.,.,.,.,.,.,.,.,.
2020,9,11,42,.,.,.,.,.,.,.,.,.,.,.,.,.
2020,9,11,43,.,.,.,.,.,.,.,.,.,.,.,.,.
2020,9,11,44,.,.,.,.,.,.,.,.,.,.,.,.,.
2020,9,11,45,.,.,.,.,.,.,.,.,.,.,.,.,.
2020,9,11,46,.,.,.,.,.,.,.,.,.,.,.,.,.
2020,9,11,47,.,.,.,.,.,.,.,.,.,.,.,.,.
2020,9,11,48,.,.,.,.,.,.,.,.,.,.,.,.,.
2020,9,11,49,.,.,.,.,.,.,.,.,.,.,.,.,.
2020,9,11,50,.,.,.,.,.,.,.,.,.,.,.,.,.
2020,9,11,51,.,.,.,.,.,.,.,.,.,.,.,.,.
2020,9,11,52,.,.,.,.,.,.,.,.,.,.,.,.,.
2020,9,11,53,.,.,.,.,.,.,.,.,.,.,.,.,.
2020,9,18,1,.,.,.,.,.,.,.,.,.,.,.,.,.
2020,9,18,2,.,.,.,.,.,.,.,.,.,.,.,.,.
2020,9,18,3,.,.,.,.,.,.,.,.,.,.,.,.,.
2020,9,18,4,.,.,.,.,.,.,.,.,.,.,.,.,.
2020,9,18,5,.,.,.,.,.,.,.,.,.,.,.,.,.
2020,9,18,6,.,.,.,.,.,.,.,.,.,.,.,.,.
2020,9,18,7,.,.,.,.,.,.,.,.,.,.,.,.,.
2020,9,18,8,.,.,.,.,.,.,.,.,.,.,.,.,.
2020,9,18,9,.,.,.,.,.,.,.,.,.,.,.,.,.
2020,9,18,10,.,.,.,.,.,.,.,.,.,.,.,.,.
2020,9,18,11,.,.,.,.,.,.,.,.,.,.,.,.,.
2020,9,18,12,.,.,.,.,.,.,.,.,.,.,.,.,.
2020,9,18,13,.,.,.,.,.,.,.,.,.,.,.,.,.
2020,9,18,14,.,.,.,.,.,.,.,.,.,.,.,.,.
2020,9,18,15,.,.,.,.,.,.,.,.,.,.,.,.,.
2020,9,18,16,.,.,.,.,.,.,.,.,.,.,.,.,.
2020,9,18,17,.,.,.,.,.,.,.,.,.,.,.,.,.
2020,9,18,18,.,.,.,.,.,.,.,.,.,.,.,.,.
2020,9,18,19,.,.,.,.,.,.,.,.,.,.,.,.,.
2020,9,18,20,.,.,.,.,.,.,.,.,.,.,.,.,.
2020,9,18,21,.,.,.,.,.,.,.,.,.,.,.,.,.
2020,9,18,22,.,.,.,.,.,.,.,.,.,.,.,.,.
2020,9,18,23,.,.,.,.,.,.,.,.,.,.,.,.,.
2020,9,18,24,.,.,.,.,.,.,.,.,.,.,.,.,.
2020,9,18,25,.,.,.,.,.,.,.,.,.,.,.,.,.
2020,9,18,26,.,.,.,.,.,.,.,.,.,.,.,.,.
2020,9,18,27,.,.,.,.,.,.,.,.,.,.,.,.,.
2020,9,18,28,.,.,.,.,.,.,.,.,.,.,.,.,.
2020,9,18,29,.,.,.,.,.,.,.,.,.,.,.,.,.
2020,9,18,30,.,.,.,.,.,.,.,.,.,.,.,.,.
2020,9,18,31,.,.,.,.,.,.,.,.,.,.,.,.,.
2020,9,18,32,.,.,.,.,.,.,.,.,.,.,.,.,.
2020,9,18,33,.,.,.,.,.,.,.,.,.,.,.,.,.
2020,9,18,34,.,.,.,.,.,.,.,.,.,.,.,.,.
2020,9,18,35,.,.,.,.,.,.,.,.,.,.,.,.,.
2020,9,18,36,.,.,.,.,.,.,.,.,.,.,.,.,.
2020,9,18,37,.,.,.,.,.,.,.,.,.,.,.,.,.
2020,9,18,38,.,.,.,.,.,.,.,.,.,.,.,.,.
2020,9,18,39,.,.,.,.,.,.,.,.,.,.,.,.,.
2020,9,18,40,.,.,.,.,.,.,.,.,.,.,.,.,.
2020,9,18,41,.,.,.,.,.,.,.,.,.,.,.,.,.
2020,9,18,42,.,.,.,.,.,.,.,.,.,.,.,.,.
2020,9,18,43,.,.,.,.,.,.,.,.,.,.,.,.,.
2020,9,18,44,.,.,.,.,.,.,.,.,.,.,.,.,.
2020,9,18,45,.,.,.,.,.,.,.,.,.,.,.,.,.
2020,9,18,46,.,.,.,.,.,.,.,.,.,.,.,.,.
2020,9,18,47,.,.,.,.,.,.,.,.,.,.,.,.,.
2020,9,18,48,.,.,.,.,.,.,.,.,.,.,.,.,.
2020,9,18,49,.,.,.,.,.,.,.,.,.,.,.,.,.
2020,9,18,50,.,.,.,.,.,.,.,.,.,.,.,.,.
2020,9,18,51,.,.,.,.,.,.,.,.,.,.,.,.,.
2020,9,18,52,.,.,.,.,.,.,.,.,.,.,.,.,.
2020,9,18,53,.,.,.,.,.,.,.,.,.,.,.,.,.
2020,9,25,1,.,.,.,.,.,.,.,.,.,.,.,.,.
2020,9,25,2,.,.,.,.,.,.,.,.,.,.,.,.,.
2020,9,25,3,.,.,.,.,.,.,.,.,.,.,.,.,.
2020,9,25,4,.,.,.,.,.,.,.,.,.,.,.,.,.
2020,9,25,5,.,.,.,.,.,.,.,.,.,.,.,.,.
2020,9,25,6,.,.,.,.,.,.,.,.,.,.,.,.,.
2020,9,25,7,.,.,.,.,.,.,.,.,.,.,.,.,.
2020,9,25,8,.,.,.,.,.,.,.,.,.,.,.,.,.
2020,9,25,9,.,.,.,.,.,.,.,.,.,.,.,.,.
2020,9,25,10,.,.,.,.,.,.,.,.,.,.,.,.,.
2020,9,25,11,.,.,.,.,.,.,.,.,.,.,.,.,.
2020,9,25,12,.,.,.,.,.,.,.,.,.,.,.,.,.
2020,9,25,13,.,.,.,.,.,.,.,.,.,.,.,.,.
2020,9,25,14,.,.,.,.,.,.,.,.,.,.,.,.,.
2020,9,25,15,.,.,.,.,.,.,.,.,.,.,.,.,.
2020,9,25,16,.,.,.,.,.,.,.,.,.,.,.,.,.
2020,9,25,17,.,.,.,.,.,.,.,.,.,.,.,.,.
2020,9,25,18,.,.,.,.,.,.,.,.,.,.,.,.,.
2020,9,25,19,.,.,.,.,.,.,.,.,.,.,.,.,.
2020,9,25,20,.,.,.,.,.,.,.,.,.,.,.,.,.
2020,9,25,21,.,.,.,.,.,.,.,.,.,.,.,.,.
2020,9,25,22,.,.,.,.,.,.,.,.,.,.,.,.,.
2020,9,25,23,.,.,.,.,.,.,.,.,.,.,.,.,.
2020,9,25,24,.,.,.,.,.,.,.,.,.,.,.,.,.
2020,9,25,25,.,.,.,.,.,.,.,.,.,.,.,.,.
2020,9,25,26,.,.,.,.,.,.,.,.,.,.,.,.,.
2020,9,25,27,.,.,.,.,.,.,.,.,.,.,.,.,.
2020,9,25,28,.,.,.,.,.,.,.,.,.,.,.,.,.
2020,9,25,29,.,.,.,.,.,.,.,.,.,.,.,.,.
2020,9,25,30,.,.,.,.,.,.,.,.,.,.,.,.,.
2020,9,25,31,.,.,.,.,.,.,.,.,.,.,.,.,.
2020,9,25,32,.,.,.,.,.,.,.,.,.,.,.,.,.
2020,9,25,33,.,.,.,.,.,.,.,.,.,.,.,.,.
2020,9,25,34,.,.,.,.,.,.,.,.,.,.,.,.,.
2020,9,25,35,.,.,.,.,.,.,.,.,.,.,.,.,.
2020,9,25,36,.,.,.,.,.,.,.,.,.,.,.,.,.
2020,9,25,37,.,.,.,.,.,.,.,.,.,.,.,.,.
2020,9,25,38,.,.,.,.,.,.,.,.,.,.,.,.,.
2020,9,25,39,.,.,.,.,.,.,.,.,.,.,.,.,.
2020,9,25,40,.,.,.,.,.,.,.,.,.,.,.,.,.
2020,9,25,41,.,.,.,.,.,.,.,.,.,.,.,.,.
2020,9,25,42,.,.,.,.,.,.,.,.,.,.,.,.,.
2020,9,25,43,.,.,.,.,.,.,.,.,.,.,.,.,.
2020,9,25,44,.,.,.,.,.,.,.,.,.,.,.,.,.
2020,9,25,45,.,.,.,.,.,.,.,.,.,.,.,.,.
2020,9,25,46,.,.,.,.,.,.,.,.,.,.,.,.,.
2020,9,25,47,.,.,.,.,.,.,.,.,.,.,.,.,.
2020,9,25,48,.,.,.,.,.,.,.,.,.,.,.,.,.
2020,9,25,49,.,.,.,.,.,.,.,.,.,.,.,.,.
2020,9,25,50,.,.,.,.,.,.,.,.,.,.,.,.,.
2020,9,25,51,.,.,.,.,.,.,.,.,.,.,.,.,.
2020,9,25,52,.,.,.,.,.,.,.,.,.,.,.,.,.
2020,9,25,53,.,.,.,.,.,.,.,.,.,.,.,.,.
2020,10,2,1,.,.,.,.,.,.,.,.,.,.,.,.,.
2020,10,2,2,.,.,.,.,.,.,.,.,.,.,.,.,.
2020,10,2,3,.,.,.,.,.,.,.,.,.,.,.,.,.
2020,10,2,4,.,.,.,.,.,.,.,.,.,.,.,.,.
2020,10,2,5,.,.,.,.,.,.,.,.,.,.,.,.,.
2020,10,2,6,.,.,.,.,.,.,.,.,.,.,.,.,.
2020,10,2,7,.,.,.,.,.,.,.,.,.,.,.,.,.
2020,10,2,8,.,.,.,.,.,.,.,.,.,.,.,.,.
2020,10,2,9,.,.,.,.,.,.,.,.,.,.,.,.,.
2020,10,2,10,.,.,.,.,.,.,.,.,.,.,.,.,.
2020,10,2,11,.,.,.,.,.,.,.,.,.,.,.,.,.
2020,10,2,12,.,.,.,.,.,.,.,.,.,.,.,.,.
2020,10,2,13,.,.,.,.,.,.,.,.,.,.,.,.,.
2020,10,2,14,.,.,.,.,.,.,.,.,.,.,.,.,.
2020,10,2,15,.,.,.,.,.,.,.,.,.,.,.,.,.
2020,10,2,16,.,.,.,.,.,.,.,.,.,.,.,.,.
2020,10,2,17,.,.,.,.,.,.,.,.,.,.,.,.,.
2020,10,2,18,.,.,.,.,.,.,.,.,.,.,.,.,.
2020,10,2,19,.,.,.,.,.,.,.,.,.,.,.,.,.
2020,10,2,20,.,.,.,.,.,.,.,.,.,.,.,.,.
2020,10,2,21,.,.,.,.,.,.,.,.,.,.,.,.,.
2020,10,2,22,.,.,.,.,.,.,.,.,.,.,.,.,.
2020,10,2,23,.,.,.,.,.,.,.,.,.,.,.,.,.
2020,10,2,24,.,.,.,.,.,.,.,.,.,.,.,.,.
2020,10,2,25,.,.,.,.,.,.,.,.,.,.,.,.,.
2020,10,2,26,.,.,.,.,.,.,.,.,.,.,.,.,.
2020,10,2,27,.,.,.,.,.,.,.,.,.,.,.,.,.
2020,10,2,28,.,.,.,.,.,.,.,.,.,.,.,.,.
2020,10,2,29,.,.,.,.,.,.,.,.,.,.,.,.,.
2020,10,2,30,.,.,.,.,.,.,.,.,.,.,.,.,.
2020,10,2,31,.,.,.,.,.,.,.,.,.,.,.,.,.
2020,10,2,32,.,.,.,.,.,.,.,.,.,.,.,.,.
2020,10,2,33,.,.,.,.,.,.,.,.,.,.,.,.,.
2020,10,2,34,.,.,.,.,.,.,.,.,.,.,.,.,.
2020,10,2,35,.,.,.,.,.,.,.,.,.,.,.,.,.
2020,10,2,36,.,.,.,.,.,.,.,.,.,.,.,.,.
2020,10,2,37,.,.,.,.,.,.,.,.,.,.,.,.,.
2020,10,2,38,.,.,.,.,.,.,.,.,.,.,.,.,.
2020,10,2,39,.,.,.,.,.,.,.,.,.,.,.,.,.
2020,10,2,40,.,.,.,.,.,.,.,.,.,.,.,.,.
2020,10,2,41,.,.,.,.,.,.,.,.,.,.,.,.,.
2020,10,2,42,.,.,.,.,.,.,.,.,.,.,.,.,.
2020,10,2,43,.,.,.,.,.,.,.,.,.,.,.,.,.
2020,10,2,44,.,.,.,.,.,.,.,.,.,.,.,.,.
2020,10,2,45,.,.,.,.,.,.,.,.,.,.,.,.,.
2020,10,2,46,.,.,.,.,.,.,.,.,.,.,.,.,.
2020,10,2,47,.,.,.,.,.,.,.,.,.,.,.,.,.
2020,10,2,48,.,.,.,.,.,.,.,.,.,.,.,.,.
2020,10,2,49,.,.,.,.,.,.,.,.,.,.,.,.,.
2020,10,2,50,.,.,.,.,.,.,.,.,.,.,.,.,.
2020,10,2,51,.,.,.,.,.,.,.,.,.,.,.,.,.
2020,10,2,52,.,.,.,.,.,.,.,.,.,.,.,.,.
2020,10,2,53,.,.,.,.,.,.,.,.,.,.,.,.,.
2020,10,9,1,.,.,.,.,.,.,.,.,.,.,.,.,.
2020,10,9,2,.,.,.,.,.,.,.,.,.,.,.,.,.
2020,10,9,3,.,.,.,.,.,.,.,.,.,.,.,.,.
2020,10,9,4,.,.,.,.,.,.,.,.,.,.,.,.,.
2020,10,9,5,.,.,.,.,.,.,.,.,.,.,.,.,.
2020,10,9,6,.,.,.,.,.,.,.,.,.,.,.,.,.
2020,10,9,7,.,.,.,.,.,.,.,.,.,.,.,.,.
2020,10,9,8,.,.,.,.,.,.,.,.,.,.,.,.,.
2020,10,9,9,.,.,.,.,.,.,.,.,.,.,.,.,.
2020,10,9,10,.,.,.,.,.,.,.,.,.,.,.,.,.
2020,10,9,11,.,.,.,.,.,.,.,.,.,.,.,.,.
2020,10,9,12,.,.,.,.,.,.,.,.,.,.,.,.,.
2020,10,9,13,.,.,.,.,.,.,.,.,.,.,.,.,.
2020,10,9,14,.,.,.,.,.,.,.,.,.,.,.,.,.
2020,10,9,15,.,.,.,.,.,.,.,.,.,.,.,.,.
2020,10,9,16,.,.,.,.,.,.,.,.,.,.,.,.,.
2020,10,9,17,.,.,.,.,.,.,.,.,.,.,.,.,.
2020,10,9,18,.,.,.,.,.,.,.,.,.,.,.,.,.
2020,10,9,19,.,.,.,.,.,.,.,.,.,.,.,.,.
2020,10,9,20,.,.,.,.,.,.,.,.,.,.,.,.,.
2020,10,9,21,.,.,.,.,.,.,.,.,.,.,.,.,.
2020,10,9,22,.,.,.,.,.,.,.,.,.,.,.,.,.
2020,10,9,23,.,.,.,.,.,.,.,.,.,.,.,.,.
2020,10,9,24,.,.,.,.,.,.,.,.,.,.,.,.,.
2020,10,9,25,.,.,.,.,.,.,.,.,.,.,.,.,.
2020,10,9,26,.,.,.,.,.,.,.,.,.,.,.,.,.
2020,10,9,27,.,.,.,.,.,.,.,.,.,.,.,.,.
2020,10,9,28,.,.,.,.,.,.,.,.,.,.,.,.,.
2020,10,9,29,.,.,.,.,.,.,.,.,.,.,.,.,.
2020,10,9,30,.,.,.,.,.,.,.,.,.,.,.,.,.
2020,10,9,31,.,.,.,.,.,.,.,.,.,.,.,.,.
2020,10,9,32,.,.,.,.,.,.,.,.,.,.,.,.,.
2020,10,9,33,.,.,.,.,.,.,.,.,.,.,.,.,.
2020,10,9,34,.,.,.,.,.,.,.,.,.,.,.,.,.
2020,10,9,35,.,.,.,.,.,.,.,.,.,.,.,.,.
2020,10,9,36,.,.,.,.,.,.,.,.,.,.,.,.,.
2020,10,9,37,.,.,.,.,.,.,.,.,.,.,.,.,.
2020,10,9,38,.,.,.,.,.,.,.,.,.,.,.,.,.
2020,10,9,39,.,.,.,.,.,.,.,.,.,.,.,.,.
2020,10,9,40,.,.,.,.,.,.,.,.,.,.,.,.,.
2020,10,9,41,.,.,.,.,.,.,.,.,.,.,.,.,.
2020,10,9,42,.,.,.,.,.,.,.,.,.,.,.,.,.
2020,10,9,43,.,.,.,.,.,.,.,.,.,.,.,.,.
2020,10,9,44,.,.,.,.,.,.,.,.,.,.,.,.,.
2020,10,9,45,.,.,.,.,.,.,.,.,.,.,.,.,.
2020,10,9,46,.,.,.,.,.,.,.,.,.,.,.,.,.
2020,10,9,47,.,.,.,.,.,.,.,.,.,.,.,.,.
2020,10,9,48,.,.,.,.,.,.,.,.,.,.,.,.,.
2020,10,9,49,.,.,.,.,.,.,.,.,.,.,.,.,.
2020,10,9,50,.,.,.,.,.,.,.,.,.,.,.,.,.
2020,10,9,51,.,.,.,.,.,.,.,.,.,.,.,.,.
2020,10,9,52,.,.,.,.,.,.,.,.,.,.,.,.,.
2020,10,9,53,.,.,.,.,.,.,.,.,.,.,.,.,.
2020,10,16,1,.,.,.,.,.,.,.,.,.,.,.,.,.
2020,10,16,2,.,.,.,.,.,.,.,.,.,.,.,.,.
2020,10,16,3,.,.,.,.,.,.,.,.,.,.,.,.,.
2020,10,16,4,.,.,.,.,.,.,.,.,.,.,.,.,.
2020,10,16,5,.,.,.,.,.,.,.,.,.,.,.,.,.
2020,10,16,6,.,.,.,.,.,.,.,.,.,.,.,.,.
2020,10,16,7,.,.,.,.,.,.,.,.,.,.,.,.,.
2020,10,16,8,.,.,.,.,.,.,.,.,.,.,.,.,.
2020,10,16,9,.,.,.,.,.,.,.,.,.,.,.,.,.
2020,10,16,10,.,.,.,.,.,.,.,.,.,.,.,.,.
2020,10,16,11,.,.,.,.,.,.,.,.,.,.,.,.,.
2020,10,16,12,.,.,.,.,.,.,.,.,.,.,.,.,.
2020,10,16,13,.,.,.,.,.,.,.,.,.,.,.,.,.
2020,10,16,14,.,.,.,.,.,.,.,.,.,.,.,.,.
2020,10,16,15,.,.,.,.,.,.,.,.,.,.,.,.,.
2020,10,16,16,.,.,.,.,.,.,.,.,.,.,.,.,.
2020,10,16,17,.,.,.,.,.,.,.,.,.,.,.,.,.
2020,10,16,18,.,.,.,.,.,.,.,.,.,.,.,.,.
2020,10,16,19,.,.,.,.,.,.,.,.,.,.,.,.,.
2020,10,16,20,.,.,.,.,.,.,.,.,.,.,.,.,.
2020,10,16,21,.,.,.,.,.,.,.,.,.,.,.,.,.
2020,10,16,22,.,.,.,.,.,.,.,.,.,.,.,.,.
2020,10,16,23,.,.,.,.,.,.,.,.,.,.,.,.,.
2020,10,16,24,.,.,.,.,.,.,.,.,.,.,.,.,.
2020,10,16,25,.,.,.,.,.,.,.,.,.,.,.,.,.
2020,10,16,26,.,.,.,.,.,.,.,.,.,.,.,.,.
2020,10,16,27,.,.,.,.,.,.,.,.,.,.,.,.,.
2020,10,16,28,.,.,.,.,.,.,.,.,.,.,.,.,.
2020,10,16,29,.,.,.,.,.,.,.,.,.,.,.,.,.
2020,10,16,30,.,.,.,.,.,.,.,.,.,.,.,.,.
2020,10,16,31,.,.,.,.,.,.,.,.,.,.,.,.,.
2020,10,16,32,.,.,.,.,.,.,.,.,.,.,.,.,.
2020,10,16,33,.,.,.,.,.,.,.,.,.,.,.,.,.
2020,10,16,34,.,.,.,.,.,.,.,.,.,.,.,.,.
2020,10,16,35,.,.,.,.,.,.,.,.,.,.,.,.,.
2020,10,16,36,.,.,.,.,.,.,.,.,.,.,.,.,.
2020,10,16,37,.,.,.,.,.,.,.,.,.,.,.,.,.
2020,10,16,38,.,.,.,.,.,.,.,.,.,.,.,.,.
2020,10,16,39,.,.,.,.,.,.,.,.,.,.,.,.,.
2020,10,16,40,.,.,.,.,.,.,.,.,.,.,.,.,.
2020,10,16,41,.,.,.,.,.,.,.,.,.,.,.,.,.
2020,10,16,42,.,.,.,.,.,.,.,.,.,.,.,.,.
2020,10,16,43,.,.,.,.,.,.,.,.,.,.,.,.,.
2020,10,16,44,.,.,.,.,.,.,.,.,.,.,.,.,.
2020,10,16,45,.,.,.,.,.,.,.,.,.,.,.,.,.
2020,10,16,46,.,.,.,.,.,.,.,.,.,.,.,.,.
2020,10,16,47,.,.,.,.,.,.,.,.,.,.,.,.,.
2020,10,16,48,.,.,.,.,.,.,.,.,.,.,.,.,.
2020,10,16,49,.,.,.,.,.,.,.,.,.,.,.,.,.
2020,10,16,50,.,.,.,.,.,.,.,.,.,.,.,.,.
2020,10,16,51,.,.,.,.,.,.,.,.,.,.,.,.,.
2020,10,16,52,.,.,.,.,.,.,.,.,.,.,.,.,.
2020,10,16,53,.,.,.,.,.,.,.,.,.,.,.,.,.
2020,10,23,1,.,.,.,.,.,.,.,.,.,.,.,.,.
2020,10,23,2,.,.,.,.,.,.,.,.,.,.,.,.,.
2020,10,23,3,.,.,.,.,.,.,.,.,.,.,.,.,.
2020,10,23,4,.,.,.,.,.,.,.,.,.,.,.,.,.
2020,10,23,5,.,.,.,.,.,.,.,.,.,.,.,.,.
2020,10,23,6,.,.,.,.,.,.,.,.,.,.,.,.,.
2020,10,23,7,.,.,.,.,.,.,.,.,.,.,.,.,.
2020,10,23,8,.,.,.,.,.,.,.,.,.,.,.,.,.
2020,10,23,9,.,.,.,.,.,.,.,.,.,.,.,.,.
2020,10,23,10,.,.,.,.,.,.,.,.,.,.,.,.,.
2020,10,23,11,.,.,.,.,.,.,.,.,.,.,.,.,.
2020,10,23,12,.,.,.,.,.,.,.,.,.,.,.,.,.
2020,10,23,13,.,.,.,.,.,.,.,.,.,.,.,.,.
2020,10,23,14,.,.,.,.,.,.,.,.,.,.,.,.,.
2020,10,23,15,.,.,.,.,.,.,.,.,.,.,.,.,.
2020,10,23,16,.,.,.,.,.,.,.,.,.,.,.,.,.
2020,10,23,17,.,.,.,.,.,.,.,.,.,.,.,.,.
2020,10,23,18,.,.,.,.,.,.,.,.,.,.,.,.,.
2020,10,23,19,.,.,.,.,.,.,.,.,.,.,.,.,.
2020,10,23,20,.,.,.,.,.,.,.,.,.,.,.,.,.
2020,10,23,21,.,.,.,.,.,.,.,.,.,.,.,.,.
2020,10,23,22,.,.,.,.,.,.,.,.,.,.,.,.,.
2020,10,23,23,.,.,.,.,.,.,.,.,.,.,.,.,.
2020,10,23,24,.,.,.,.,.,.,.,.,.,.,.,.,.
2020,10,23,25,.,.,.,.,.,.,.,.,.,.,.,.,.
2020,10,23,26,.,.,.,.,.,.,.,.,.,.,.,.,.
2020,10,23,27,.,.,.,.,.,.,.,.,.,.,.,.,.
2020,10,23,28,.,.,.,.,.,.,.,.,.,.,.,.,.
2020,10,23,29,.,.,.,.,.,.,.,.,.,.,.,.,.
2020,10,23,30,.,.,.,.,.,.,.,.,.,.,.,.,.
2020,10,23,31,.,.,.,.,.,.,.,.,.,.,.,.,.
2020,10,23,32,.,.,.,.,.,.,.,.,.,.,.,.,.
2020,10,23,33,.,.,.,.,.,.,.,.,.,.,.,.,.
2020,10,23,34,.,.,.,.,.,.,.,.,.,.,.,.,.
2020,10,23,35,.,.,.,.,.,.,.,.,.,.,.,.,.
2020,10,23,36,.,.,.,.,.,.,.,.,.,.,.,.,.
2020,10,23,37,.,.,.,.,.,.,.,.,.,.,.,.,.
2020,10,23,38,.,.,.,.,.,.,.,.,.,.,.,.,.
2020,10,23,39,.,.,.,.,.,.,.,.,.,.,.,.,.
2020,10,23,40,.,.,.,.,.,.,.,.,.,.,.,.,.
2020,10,23,41,.,.,.,.,.,.,.,.,.,.,.,.,.
2020,10,23,42,.,.,.,.,.,.,.,.,.,.,.,.,.
2020,10,23,43,.,.,.,.,.,.,.,.,.,.,.,.,.
2020,10,23,44,.,.,.,.,.,.,.,.,.,.,.,.,.
2020,10,23,45,.,.,.,.,.,.,.,.,.,.,.,.,.
2020,10,23,46,.,.,.,.,.,.,.,.,.,.,.,.,.
2020,10,23,47,.,.,.,.,.,.,.,.,.,.,.,.,.
2020,10,23,48,.,.,.,.,.,.,.,.,.,.,.,.,.
2020,10,23,49,.,.,.,.,.,.,.,.,.,.,.,.,.
2020,10,23,50,.,.,.,.,.,.,.,.,.,.,.,.,.
2020,10,23,51,.,.,.,.,.,.,.,.,.,.,.,.,.
2020,10,23,52,.,.,.,.,.,.,.,.,.,.,.,.,.
2020,10,23,53,.,.,.,.,.,.,.,.,.,.,.,.,.
2020,10,30,1,.,.,.,.,.,.,.,.,.,.,.,.,.
2020,10,30,2,.,.,.,.,.,.,.,.,.,.,.,.,.
2020,10,30,3,.,.,.,.,.,.,.,.,.,.,.,.,.
2020,10,30,4,.,.,.,.,.,.,.,.,.,.,.,.,.
2020,10,30,5,.,.,.,.,.,.,.,.,.,.,.,.,.
2020,10,30,6,.,.,.,.,.,.,.,.,.,.,.,.,.
2020,10,30,7,.,.,.,.,.,.,.,.,.,.,.,.,.
2020,10,30,8,.,.,.,.,.,.,.,.,.,.,.,.,.
2020,10,30,9,.,.,.,.,.,.,.,.,.,.,.,.,.
2020,10,30,10,.,.,.,.,.,.,.,.,.,.,.,.,.
2020,10,30,11,.,.,.,.,.,.,.,.,.,.,.,.,.
2020,10,30,12,.,.,.,.,.,.,.,.,.,.,.,.,.
2020,10,30,13,.,.,.,.,.,.,.,.,.,.,.,.,.
2020,10,30,14,.,.,.,.,.,.,.,.,.,.,.,.,.
2020,10,30,15,.,.,.,.,.,.,.,.,.,.,.,.,.
2020,10,30,16,.,.,.,.,.,.,.,.,.,.,.,.,.
2020,10,30,17,.,.,.,.,.,.,.,.,.,.,.,.,.
2020,10,30,18,.,.,.,.,.,.,.,.,.,.,.,.,.
2020,10,30,19,.,.,.,.,.,.,.,.,.,.,.,.,.
2020,10,30,20,.,.,.,.,.,.,.,.,.,.,.,.,.
2020,10,30,21,.,.,.,.,.,.,.,.,.,.,.,.,.
2020,10,30,22,.,.,.,.,.,.,.,.,.,.,.,.,.
2020,10,30,23,.,.,.,.,.,.,.,.,.,.,.,.,.
2020,10,30,24,.,.,.,.,.,.,.,.,.,.,.,.,.
2020,10,30,25,.,.,.,.,.,.,.,.,.,.,.,.,.
2020,10,30,26,.,.,.,.,.,.,.,.,.,.,.,.,.
2020,10,30,27,.,.,.,.,.,.,.,.,.,.,.,.,.
2020,10,30,28,.,.,.,.,.,.,.,.,.,.,.,.,.
2020,10,30,29,.,.,.,.,.,.,.,.,.,.,.,.,.
2020,10,30,30,.,.,.,.,.,.,.,.,.,.,.,.,.
2020,10,30,31,.,.,.,.,.,.,.,.,.,.,.,.,.
2020,10,30,32,.,.,.,.,.,.,.,.,.,.,.,.,.
2020,10,30,33,.,.,.,.,.,.,.,.,.,.,.,.,.
2020,10,30,34,.,.,.,.,.,.,.,.,.,.,.,.,.
2020,10,30,35,.,.,.,.,.,.,.,.,.,.,.,.,.
2020,10,30,36,.,.,.,.,.,.,.,.,.,.,.,.,.
2020,10,30,37,.,.,.,.,.,.,.,.,.,.,.,.,.
2020,10,30,38,.,.,.,.,.,.,.,.,.,.,.,.,.
2020,10,30,39,.,.,.,.,.,.,.,.,.,.,.,.,.
2020,10,30,40,.,.,.,.,.,.,.,.,.,.,.,.,.
2020,10,30,41,.,.,.,.,.,.,.,.,.,.,.,.,.
2020,10,30,42,.,.,.,.,.,.,.,.,.,.,.,.,.
2020,10,30,43,.,.,.,.,.,.,.,.,.,.,.,.,.
2020,10,30,44,.,.,.,.,.,.,.,.,.,.,.,.,.
2020,10,30,45,.,.,.,.,.,.,.,.,.,.,.,.,.
2020,10,30,46,.,.,.,.,.,.,.,.,.,.,.,.,.
2020,10,30,47,.,.,.,.,.,.,.,.,.,.,.,.,.
2020,10,30,48,.,.,.,.,.,.,.,.,.,.,.,.,.
2020,10,30,49,.,.,.,.,.,.,.,.,.,.,.,.,.
2020,10,30,50,.,.,.,.,.,.,.,.,.,.,.,.,.
2020,10,30,51,.,.,.,.,.,.,.,.,.,.,.,.,.
2020,10,30,52,.,.,.,.,.,.,.,.,.,.,.,.,.
2020,10,30,53,.,.,.,.,.,.,.,.,.,.,.,.,.
2020,11,6,1,.,.,.,.,.,.,.,.,.,.,.,.,.
2020,11,6,2,.,.,.,.,.,.,.,.,.,.,.,.,.
2020,11,6,3,.,.,.,.,.,.,.,.,.,.,.,.,.
2020,11,6,4,.,.,.,.,.,.,.,.,.,.,.,.,.
2020,11,6,5,.,.,.,.,.,.,.,.,.,.,.,.,.
2020,11,6,6,.,.,.,.,.,.,.,.,.,.,.,.,.
2020,11,6,7,.,.,.,.,.,.,.,.,.,.,.,.,.
2020,11,6,8,.,.,.,.,.,.,.,.,.,.,.,.,.
2020,11,6,9,.,.,.,.,.,.,.,.,.,.,.,.,.
2020,11,6,10,.,.,.,.,.,.,.,.,.,.,.,.,.
2020,11,6,11,.,.,.,.,.,.,.,.,.,.,.,.,.
2020,11,6,12,.,.,.,.,.,.,.,.,.,.,.,.,.
2020,11,6,13,.,.,.,.,.,.,.,.,.,.,.,.,.
2020,11,6,14,.,.,.,.,.,.,.,.,.,.,.,.,.
2020,11,6,15,.,.,.,.,.,.,.,.,.,.,.,.,.
2020,11,6,16,.,.,.,.,.,.,.,.,.,.,.,.,.
2020,11,6,17,.,.,.,.,.,.,.,.,.,.,.,.,.
2020,11,6,18,.,.,.,.,.,.,.,.,.,.,.,.,.
2020,11,6,19,.,.,.,.,.,.,.,.,.,.,.,.,.
2020,11,6,20,.,.,.,.,.,.,.,.,.,.,.,.,.
2020,11,6,21,.,.,.,.,.,.,.,.,.,.,.,.,.
2020,11,6,22,.,.,.,.,.,.,.,.,.,.,.,.,.
2020,11,6,23,.,.,.,.,.,.,.,.,.,.,.,.,.
2020,11,6,24,.,.,.,.,.,.,.,.,.,.,.,.,.
2020,11,6,25,.,.,.,.,.,.,.,.,.,.,.,.,.
2020,11,6,26,.,.,.,.,.,.,.,.,.,.,.,.,.
2020,11,6,27,.,.,.,.,.,.,.,.,.,.,.,.,.
2020,11,6,28,.,.,.,.,.,.,.,.,.,.,.,.,.
2020,11,6,29,.,.,.,.,.,.,.,.,.,.,.,.,.
2020,11,6,30,.,.,.,.,.,.,.,.,.,.,.,.,.
2020,11,6,31,.,.,.,.,.,.,.,.,.,.,.,.,.
2020,11,6,32,.,.,.,.,.,.,.,.,.,.,.,.,.
2020,11,6,33,.,.,.,.,.,.,.,.,.,.,.,.,.
2020,11,6,34,.,.,.,.,.,.,.,.,.,.,.,.,.
2020,11,6,35,.,.,.,.,.,.,.,.,.,.,.,.,.
2020,11,6,36,.,.,.,.,.,.,.,.,.,.,.,.,.
2020,11,6,37,.,.,.,.,.,.,.,.,.,.,.,.,.
2020,11,6,38,.,.,.,.,.,.,.,.,.,.,.,.,.
2020,11,6,39,.,.,.,.,.,.,.,.,.,.,.,.,.
2020,11,6,40,.,.,.,.,.,.,.,.,.,.,.,.,.
2020,11,6,41,.,.,.,.,.,.,.,.,.,.,.,.,.
2020,11,6,42,.,.,.,.,.,.,.,.,.,.,.,.,.
2020,11,6,43,.,.,.,.,.,.,.,.,.,.,.,.,.
2020,11,6,44,.,.,.,.,.,.,.,.,.,.,.,.,.
2020,11,6,45,.,.,.,.,.,.,.,.,.,.,.,.,.
2020,11,6,46,.,.,.,.,.,.,.,.,.,.,.,.,.
2020,11,6,47,.,.,.,.,.,.,.,.,.,.,.,.,.
2020,11,6,48,.,.,.,.,.,.,.,.,.,.,.,.,.
2020,11,6,49,.,.,.,.,.,.,.,.,.,.,.,.,.
2020,11,6,50,.,.,.,.,.,.,.,.,.,.,.,.,.
2020,11,6,51,.,.,.,.,.,.,.,.,.,.,.,.,.
2020,11,6,52,.,.,.,.,.,.,.,.,.,.,.,.,.
2020,11,6,53,.,.,.,.,.,.,.,.,.,.,.,.,.
2020,11,13,1,.,.,.,.,.,.,.,.,.,.,.,.,.
2020,11,13,2,.,.,.,.,.,.,.,.,.,.,.,.,.
2020,11,13,3,.,.,.,.,.,.,.,.,.,.,.,.,.
2020,11,13,4,.,.,.,.,.,.,.,.,.,.,.,.,.
2020,11,13,5,.,.,.,.,.,.,.,.,.,.,.,.,.
2020,11,13,6,.,.,.,.,.,.,.,.,.,.,.,.,.
2020,11,13,7,.,.,.,.,.,.,.,.,.,.,.,.,.
2020,11,13,8,.,.,.,.,.,.,.,.,.,.,.,.,.
2020,11,13,9,.,.,.,.,.,.,.,.,.,.,.,.,.
2020,11,13,10,.,.,.,.,.,.,.,.,.,.,.,.,.
2020,11,13,11,.,.,.,.,.,.,.,.,.,.,.,.,.
2020,11,13,12,.,.,.,.,.,.,.,.,.,.,.,.,.
2020,11,13,13,.,.,.,.,.,.,.,.,.,.,.,.,.
2020,11,13,14,.,.,.,.,.,.,.,.,.,.,.,.,.
2020,11,13,15,.,.,.,.,.,.,.,.,.,.,.,.,.
2020,11,13,16,.,.,.,.,.,.,.,.,.,.,.,.,.
2020,11,13,17,.,.,.,.,.,.,.,.,.,.,.,.,.
2020,11,13,18,.,.,.,.,.,.,.,.,.,.,.,.,.
2020,11,13,19,.,.,.,.,.,.,.,.,.,.,.,.,.
2020,11,13,20,.,.,.,.,.,.,.,.,.,.,.,.,.
2020,11,13,21,.,.,.,.,.,.,.,.,.,.,.,.,.
2020,11,13,22,.,.,.,.,.,.,.,.,.,.,.,.,.
2020,11,13,23,.,.,.,.,.,.,.,.,.,.,.,.,.
2020,11,13,24,.,.,.,.,.,.,.,.,.,.,.,.,.
2020,11,13,25,.,.,.,.,.,.,.,.,.,.,.,.,.
2020,11,13,26,.,.,.,.,.,.,.,.,.,.,.,.,.
2020,11,13,27,.,.,.,.,.,.,.,.,.,.,.,.,.
2020,11,13,28,.,.,.,.,.,.,.,.,.,.,.,.,.
2020,11,13,29,.,.,.,.,.,.,.,.,.,.,.,.,.
2020,11,13,30,.,.,.,.,.,.,.,.,.,.,.,.,.
2020,11,13,31,.,.,.,.,.,.,.,.,.,.,.,.,.
2020,11,13,32,.,.,.,.,.,.,.,.,.,.,.,.,.
2020,11,13,33,.,.,.,.,.,.,.,.,.,.,.,.,.
2020,11,13,34,.,.,.,.,.,.,.,.,.,.,.,.,.
2020,11,13,35,.,.,.,.,.,.,.,.,.,.,.,.,.
2020,11,13,36,.,.,.,.,.,.,.,.,.,.,.,.,.
2020,11,13,37,.,.,.,.,.,.,.,.,.,.,.,.,.
2020,11,13,38,.,.,.,.,.,.,.,.,.,.,.,.,.
2020,11,13,39,.,.,.,.,.,.,.,.,.,.,.,.,.
2020,11,13,40,.,.,.,.,.,.,.,.,.,.,.,.,.
2020,11,13,41,.,.,.,.,.,.,.,.,.,.,.,.,.
2020,11,13,42,.,.,.,.,.,.,.,.,.,.,.,.,.
2020,11,13,43,.,.,.,.,.,.,.,.,.,.,.,.,.
2020,11,13,44,.,.,.,.,.,.,.,.,.,.,.,.,.
2020,11,13,45,.,.,.,.,.,.,.,.,.,.,.,.,.
2020,11,13,46,.,.,.,.,.,.,.,.,.,.,.,.,.
2020,11,13,47,.,.,.,.,.,.,.,.,.,.,.,.,.
2020,11,13,48,.,.,.,.,.,.,.,.,.,.,.,.,.
2020,11,13,49,.,.,.,.,.,.,.,.,.,.,.,.,.
2020,11,13,50,.,.,.,.,.,.,.,.,.,.,.,.,.
2020,11,13,51,.,.,.,.,.,.,.,.,.,.,.,.,.
2020,11,13,52,.,.,.,.,.,.,.,.,.,.,.,.,.
2020,11,13,53,.,.,.,.,.,.,.,.,.,.,.,.,.
2020,11,20,1,.,.,.,.,.,.,.,.,.,.,.,.,.
2020,11,20,2,.,.,.,.,.,.,.,.,.,.,.,.,.
2020,11,20,3,.,.,.,.,.,.,.,.,.,.,.,.,.
2020,11,20,4,.,.,.,.,.,.,.,.,.,.,.,.,.
2020,11,20,5,.,.,.,.,.,.,.,.,.,.,.,.,.
2020,11,20,6,.,.,.,.,.,.,.,.,.,.,.,.,.
2020,11,20,7,.,.,.,.,.,.,.,.,.,.,.,.,.
2020,11,20,8,.,.,.,.,.,.,.,.,.,.,.,.,.
2020,11,20,9,.,.,.,.,.,.,.,.,.,.,.,.,.
2020,11,20,10,.,.,.,.,.,.,.,.,.,.,.,.,.
2020,11,20,11,.,.,.,.,.,.,.,.,.,.,.,.,.
2020,11,20,12,.,.,.,.,.,.,.,.,.,.,.,.,.
2020,11,20,13,.,.,.,.,.,.,.,.,.,.,.,.,.
2020,11,20,14,.,.,.,.,.,.,.,.,.,.,.,.,.
2020,11,20,15,.,.,.,.,.,.,.,.,.,.,.,.,.
2020,11,20,16,.,.,.,.,.,.,.,.,.,.,.,.,.
2020,11,20,17,.,.,.,.,.,.,.,.,.,.,.,.,.
2020,11,20,18,.,.,.,.,.,.,.,.,.,.,.,.,.
2020,11,20,19,.,.,.,.,.,.,.,.,.,.,.,.,.
2020,11,20,20,.,.,.,.,.,.,.,.,.,.,.,.,.
2020,11,20,21,.,.,.,.,.,.,.,.,.,.,.,.,.
2020,11,20,22,.,.,.,.,.,.,.,.,.,.,.,.,.
2020,11,20,23,.,.,.,.,.,.,.,.,.,.,.,.,.
2020,11,20,24,.,.,.,.,.,.,.,.,.,.,.,.,.
2020,11,20,25,.,.,.,.,.,.,.,.,.,.,.,.,.
2020,11,20,26,.,.,.,.,.,.,.,.,.,.,.,.,.
2020,11,20,27,.,.,.,.,.,.,.,.,.,.,.,.,.
2020,11,20,28,.,.,.,.,.,.,.,.,.,.,.,.,.
2020,11,20,29,.,.,.,.,.,.,.,.,.,.,.,.,.
2020,11,20,30,.,.,.,.,.,.,.,.,.,.,.,.,.
2020,11,20,31,.,.,.,.,.,.,.,.,.,.,.,.,.
2020,11,20,32,.,.,.,.,.,.,.,.,.,.,.,.,.
2020,11,20,33,.,.,.,.,.,.,.,.,.,.,.,.,.
2020,11,20,34,.,.,.,.,.,.,.,.,.,.,.,.,.
2020,11,20,35,.,.,.,.,.,.,.,.,.,.,.,.,.
2020,11,20,36,.,.,.,.,.,.,.,.,.,.,.,.,.
2020,11,20,37,.,.,.,.,.,.,.,.,.,.,.,.,.
2020,11,20,38,.,.,.,.,.,.,.,.,.,.,.,.,.
2020,11,20,39,.,.,.,.,.,.,.,.,.,.,.,.,.
2020,11,20,40,.,.,.,.,.,.,.,.,.,.,.,.,.
2020,11,20,41,.,.,.,.,.,.,.,.,.,.,.,.,.
2020,11,20,42,.,.,.,.,.,.,.,.,.,.,.,.,.
2020,11,20,43,.,.,.,.,.,.,.,.,.,.,.,.,.
2020,11,20,44,.,.,.,.,.,.,.,.,.,.,.,.,.
2020,11,20,45,.,.,.,.,.,.,.,.,.,.,.,.,.
2020,11,20,46,.,.,.,.,.,.,.,.,.,.,.,.,.
2020,11,20,47,.,.,.,.,.,.,.,.,.,.,.,.,.
2020,11,20,48,.,.,.,.,.,.,.,.,.,.,.,.,.
2020,11,20,49,.,.,.,.,.,.,.,.,.,.,.,.,.
2020,11,20,50,.,.,.,.,.,.,.,.,.,.,.,.,.
2020,11,20,51,.,.,.,.,.,.,.,.,.,.,.,.,.
2020,11,20,52,.,.,.,.,.,.,.,.,.,.,.,.,.
2020,11,20,53,.,.,.,.,.,.,.,.,.,.,.,.,.
2020,11,27,1,.,.,.,.,.,.,.,.,.,.,.,.,.
2020,11,27,2,.,.,.,.,.,.,.,.,.,.,.,.,.
2020,11,27,3,.,.,.,.,.,.,.,.,.,.,.,.,.
2020,11,27,4,.,.,.,.,.,.,.,.,.,.,.,.,.
2020,11,27,5,.,.,.,.,.,.,.,.,.,.,.,.,.
2020,11,27,6,.,.,.,.,.,.,.,.,.,.,.,.,.
2020,11,27,7,.,.,.,.,.,.,.,.,.,.,.,.,.
2020,11,27,8,.,.,.,.,.,.,.,.,.,.,.,.,.
2020,11,27,9,.,.,.,.,.,.,.,.,.,.,.,.,.
2020,11,27,10,.,.,.,.,.,.,.,.,.,.,.,.,.
2020,11,27,11,.,.,.,.,.,.,.,.,.,.,.,.,.
2020,11,27,12,.,.,.,.,.,.,.,.,.,.,.,.,.
2020,11,27,13,.,.,.,.,.,.,.,.,.,.,.,.,.
2020,11,27,14,.,.,.,.,.,.,.,.,.,.,.,.,.
2020,11,27,15,.,.,.,.,.,.,.,.,.,.,.,.,.
2020,11,27,16,.,.,.,.,.,.,.,.,.,.,.,.,.
2020,11,27,17,.,.,.,.,.,.,.,.,.,.,.,.,.
2020,11,27,18,.,.,.,.,.,.,.,.,.,.,.,.,.
2020,11,27,19,.,.,.,.,.,.,.,.,.,.,.,.,.
2020,11,27,20,.,.,.,.,.,.,.,.,.,.,.,.,.
2020,11,27,21,.,.,.,.,.,.,.,.,.,.,.,.,.
2020,11,27,22,.,.,.,.,.,.,.,.,.,.,.,.,.
2020,11,27,23,.,.,.,.,.,.,.,.,.,.,.,.,.
2020,11,27,24,.,.,.,.,.,.,.,.,.,.,.,.,.
2020,11,27,25,.,.,.,.,.,.,.,.,.,.,.,.,.
2020,11,27,26,.,.,.,.,.,.,.,.,.,.,.,.,.
2020,11,27,27,.,.,.,.,.,.,.,.,.,.,.,.,.
2020,11,27,28,.,.,.,.,.,.,.,.,.,.,.,.,.
2020,11,27,29,.,.,.,.,.,.,.,.,.,.,.,.,.
2020,11,27,30,.,.,.,.,.,.,.,.,.,.,.,.,.
2020,11,27,31,.,.,.,.,.,.,.,.,.,.,.,.,.
2020,11,27,32,.,.,.,.,.,.,.,.,.,.,.,.,.
2020,11,27,33,.,.,.,.,.,.,.,.,.,.,.,.,.
2020,11,27,34,.,.,.,.,.,.,.,.,.,.,.,.,.
2020,11,27,35,.,.,.,.,.,.,.,.,.,.,.,.,.
2020,11,27,36,.,.,.,.,.,.,.,.,.,.,.,.,.
2020,11,27,37,.,.,.,.,.,.,.,.,.,.,.,.,.
2020,11,27,38,.,.,.,.,.,.,.,.,.,.,.,.,.
2020,11,27,39,.,.,.,.,.,.,.,.,.,.,.,.,.
2020,11,27,40,.,.,.,.,.,.,.,.,.,.,.,.,.
2020,11,27,41,.,.,.,.,.,.,.,.,.,.,.,.,.
2020,11,27,42,.,.,.,.,.,.,.,.,.,.,.,.,.
2020,11,27,43,.,.,.,.,.,.,.,.,.,.,.,.,.
2020,11,27,44,.,.,.,.,.,.,.,.,.,.,.,.,.
2020,11,27,45,.,.,.,.,.,.,.,.,.,.,.,.,.
2020,11,27,46,.,.,.,.,.,.,.,.,.,.,.,.,.
2020,11,27,47,.,.,.,.,.,.,.,.,.,.,.,.,.
2020,11,27,48,.,.,.,.,.,.,.,.,.,.,.,.,.
2020,11,27,49,.,.,.,.,.,.,.,.,.,.,.,.,.
2020,11,27,50,.,.,.,.,.,.,.,.,.,.,.,.,.
2020,11,27,51,.,.,.,.,.,.,.,.,.,.,.,.,.
2020,11,27,52,.,.,.,.,.,.,.,.,.,.,.,.,.
2020,11,27,53,.,.,.,.,.,.,.,.,.,.,.,.,.
2020,12,4,1,.,.,.,.,.,.,.,.,.,.,.,.,.
2020,12,4,2,.,.,.,.,.,.,.,.,.,.,.,.,.
2020,12,4,3,.,.,.,.,.,.,.,.,.,.,.,.,.
2020,12,4,4,.,.,.,.,.,.,.,.,.,.,.,.,.
2020,12,4,5,.,.,.,.,.,.,.,.,.,.,.,.,.
2020,12,4,6,.,.,.,.,.,.,.,.,.,.,.,.,.
2020,12,4,7,.,.,.,.,.,.,.,.,.,.,.,.,.
2020,12,4,8,.,.,.,.,.,.,.,.,.,.,.,.,.
2020,12,4,9,.,.,.,.,.,.,.,.,.,.,.,.,.
2020,12,4,10,.,.,.,.,.,.,.,.,.,.,.,.,.
2020,12,4,11,.,.,.,.,.,.,.,.,.,.,.,.,.
2020,12,4,12,.,.,.,.,.,.,.,.,.,.,.,.,.
2020,12,4,13,.,.,.,.,.,.,.,.,.,.,.,.,.
2020,12,4,14,.,.,.,.,.,.,.,.,.,.,.,.,.
2020,12,4,15,.,.,.,.,.,.,.,.,.,.,.,.,.
2020,12,4,16,.,.,.,.,.,.,.,.,.,.,.,.,.
2020,12,4,17,.,.,.,.,.,.,.,.,.,.,.,.,.
2020,12,4,18,.,.,.,.,.,.,.,.,.,.,.,.,.
2020,12,4,19,.,.,.,.,.,.,.,.,.,.,.,.,.
2020,12,4,20,.,.,.,.,.,.,.,.,.,.,.,.,.
2020,12,4,21,.,.,.,.,.,.,.,.,.,.,.,.,.
2020,12,4,22,.,.,.,.,.,.,.,.,.,.,.,.,.
2020,12,4,23,.,.,.,.,.,.,.,.,.,.,.,.,.
2020,12,4,24,.,.,.,.,.,.,.,.,.,.,.,.,.
2020,12,4,25,.,.,.,.,.,.,.,.,.,.,.,.,.
2020,12,4,26,.,.,.,.,.,.,.,.,.,.,.,.,.
2020,12,4,27,.,.,.,.,.,.,.,.,.,.,.,.,.
2020,12,4,28,.,.,.,.,.,.,.,.,.,.,.,.,.
2020,12,4,29,.,.,.,.,.,.,.,.,.,.,.,.,.
2020,12,4,30,.,.,.,.,.,.,.,.,.,.,.,.,.
2020,12,4,31,.,.,.,.,.,.,.,.,.,.,.,.,.
2020,12,4,32,.,.,.,.,.,.,.,.,.,.,.,.,.
2020,12,4,33,.,.,.,.,.,.,.,.,.,.,.,.,.
2020,12,4,34,.,.,.,.,.,.,.,.,.,.,.,.,.
2020,12,4,35,.,.,.,.,.,.,.,.,.,.,.,.,.
2020,12,4,36,.,.,.,.,.,.,.,.,.,.,.,.,.
2020,12,4,37,.,.,.,.,.,.,.,.,.,.,.,.,.
2020,12,4,38,.,.,.,.,.,.,.,.,.,.,.,.,.
2020,12,4,39,.,.,.,.,.,.,.,.,.,.,.,.,.
2020,12,4,40,.,.,.,.,.,.,.,.,.,.,.,.,.
2020,12,4,41,.,.,.,.,.,.,.,.,.,.,.,.,.
2020,12,4,42,.,.,.,.,.,.,.,.,.,.,.,.,.
2020,12,4,43,.,.,.,.,.,.,.,.,.,.,.,.,.
2020,12,4,44,.,.,.,.,.,.,.,.,.,.,.,.,.
2020,12,4,45,.,.,.,.,.,.,.,.,.,.,.,.,.
2020,12,4,46,.,.,.,.,.,.,.,.,.,.,.,.,.
2020,12,4,47,.,.,.,.,.,.,.,.,.,.,.,.,.
2020,12,4,48,.,.,.,.,.,.,.,.,.,.,.,.,.
2020,12,4,49,.,.,.,.,.,.,.,.,.,.,.,.,.
2020,12,4,50,.,.,.,.,.,.,.,.,.,.,.,.,.
2020,12,4,51,.,.,.,.,.,.,.,.,.,.,.,.,.
2020,12,4,52,.,.,.,.,.,.,.,.,.,.,.,.,.
2020,12,4,53,.,.,.,.,.,.,.,.,.,.,.,.,.
2020,12,11,1,.,.,.,.,.,.,.,.,.,.,.,.,.
2020,12,11,2,.,.,.,.,.,.,.,.,.,.,.,.,.
2020,12,11,3,.,.,.,.,.,.,.,.,.,.,.,.,.
2020,12,11,4,.,.,.,.,.,.,.,.,.,.,.,.,.
2020,12,11,5,.,.,.,.,.,.,.,.,.,.,.,.,.
2020,12,11,6,.,.,.,.,.,.,.,.,.,.,.,.,.
2020,12,11,7,.,.,.,.,.,.,.,.,.,.,.,.,.
2020,12,11,8,.,.,.,.,.,.,.,.,.,.,.,.,.
2020,12,11,9,.,.,.,.,.,.,.,.,.,.,.,.,.
2020,12,11,10,.,.,.,.,.,.,.,.,.,.,.,.,.
2020,12,11,11,.,.,.,.,.,.,.,.,.,.,.,.,.
2020,12,11,12,.,.,.,.,.,.,.,.,.,.,.,.,.
2020,12,11,13,.,.,.,.,.,.,.,.,.,.,.,.,.
2020,12,11,14,.,.,.,.,.,.,.,.,.,.,.,.,.
2020,12,11,15,.,.,.,.,.,.,.,.,.,.,.,.,.
2020,12,11,16,.,.,.,.,.,.,.,.,.,.,.,.,.
2020,12,11,17,.,.,.,.,.,.,.,.,.,.,.,.,.
2020,12,11,18,.,.,.,.,.,.,.,.,.,.,.,.,.
2020,12,11,19,.,.,.,.,.,.,.,.,.,.,.,.,.
2020,12,11,20,.,.,.,.,.,.,.,.,.,.,.,.,.
2020,12,11,21,.,.,.,.,.,.,.,.,.,.,.,.,.
2020,12,11,22,.,.,.,.,.,.,.,.,.,.,.,.,.
2020,12,11,23,.,.,.,.,.,.,.,.,.,.,.,.,.
2020,12,11,24,.,.,.,.,.,.,.,.,.,.,.,.,.
2020,12,11,25,.,.,.,.,.,.,.,.,.,.,.,.,.
2020,12,11,26,.,.,.,.,.,.,.,.,.,.,.,.,.
2020,12,11,27,.,.,.,.,.,.,.,.,.,.,.,.,.
2020,12,11,28,.,.,.,.,.,.,.,.,.,.,.,.,.
2020,12,11,29,.,.,.,.,.,.,.,.,.,.,.,.,.
2020,12,11,30,.,.,.,.,.,.,.,.,.,.,.,.,.
2020,12,11,31,.,.,.,.,.,.,.,.,.,.,.,.,.
2020,12,11,32,.,.,.,.,.,.,.,.,.,.,.,.,.
2020,12,11,33,.,.,.,.,.,.,.,.,.,.,.,.,.
2020,12,11,34,.,.,.,.,.,.,.,.,.,.,.,.,.
2020,12,11,35,.,.,.,.,.,.,.,.,.,.,.,.,.
2020,12,11,36,.,.,.,.,.,.,.,.,.,.,.,.,.
2020,12,11,37,.,.,.,.,.,.,.,.,.,.,.,.,.
2020,12,11,38,.,.,.,.,.,.,.,.,.,.,.,.,.
2020,12,11,39,.,.,.,.,.,.,.,.,.,.,.,.,.
2020,12,11,40,.,.,.,.,.,.,.,.,.,.,.,.,.
2020,12,11,41,.,.,.,.,.,.,.,.,.,.,.,.,.
2020,12,11,42,.,.,.,.,.,.,.,.,.,.,.,.,.
2020,12,11,43,.,.,.,.,.,.,.,.,.,.,.,.,.
2020,12,11,44,.,.,.,.,.,.,.,.,.,.,.,.,.
2020,12,11,45,.,.,.,.,.,.,.,.,.,.,.,.,.
2020,12,11,46,.,.,.,.,.,.,.,.,.,.,.,.,.
2020,12,11,47,.,.,.,.,.,.,.,.,.,.,.,.,.
2020,12,11,48,.,.,.,.,.,.,.,.,.,.,.,.,.
2020,12,11,49,.,.,.,.,.,.,.,.,.,.,.,.,.
2020,12,11,50,.,.,.,.,.,.,.,.,.,.,.,.,.
2020,12,11,51,.,.,.,.,.,.,.,.,.,.,.,.,.
2020,12,11,52,.,.,.,.,.,.,.,.,.,.,.,.,.
2020,12,11,53,.,.,.,.,.,.,.,.,.,.,.,.,.
2020,12,18,1,.,.,.,.,.,.,.,.,.,.,.,.,.
2020,12,18,2,.,.,.,.,.,.,.,.,.,.,.,.,.
2020,12,18,3,.,.,.,.,.,.,.,.,.,.,.,.,.
2020,12,18,4,.,.,.,.,.,.,.,.,.,.,.,.,.
2020,12,18,5,.,.,.,.,.,.,.,.,.,.,.,.,.
2020,12,18,6,.,.,.,.,.,.,.,.,.,.,.,.,.
2020,12,18,7,.,.,.,.,.,.,.,.,.,.,.,.,.
2020,12,18,8,.,.,.,.,.,.,.,.,.,.,.,.,.
2020,12,18,9,.,.,.,.,.,.,.,.,.,.,.,.,.
2020,12,18,10,.,.,.,.,.,.,.,.,.,.,.,.,.
2020,12,18,11,.,.,.,.,.,.,.,.,.,.,.,.,.
2020,12,18,12,.,.,.,.,.,.,.,.,.,.,.,.,.
2020,12,18,13,.,.,.,.,.,.,.,.,.,.,.,.,.
2020,12,18,14,.,.,.,.,.,.,.,.,.,.,.,.,.
2020,12,18,15,.,.,.,.,.,.,.,.,.,.,.,.,.
2020,12,18,16,.,.,.,.,.,.,.,.,.,.,.,.,.
2020,12,18,17,.,.,.,.,.,.,.,.,.,.,.,.,.
2020,12,18,18,.,.,.,.,.,.,.,.,.,.,.,.,.
2020,12,18,19,.,.,.,.,.,.,.,.,.,.,.,.,.
2020,12,18,20,.,.,.,.,.,.,.,.,.,.,.,.,.
2020,12,18,21,.,.,.,.,.,.,.,.,.,.,.,.,.
2020,12,18,22,.,.,.,.,.,.,.,.,.,.,.,.,.
2020,12,18,23,.,.,.,.,.,.,.,.,.,.,.,.,.
2020,12,18,24,.,.,.,.,.,.,.,.,.,.,.,.,.
2020,12,18,25,.,.,.,.,.,.,.,.,.,.,.,.,.
2020,12,18,26,.,.,.,.,.,.,.,.,.,.,.,.,.
2020,12,18,27,.,.,.,.,.,.,.,.,.,.,.,.,.
2020,12,18,28,.,.,.,.,.,.,.,.,.,.,.,.,.
2020,12,18,29,.,.,.,.,.,.,.,.,.,.,.,.,.
2020,12,18,30,.,.,.,.,.,.,.,.,.,.,.,.,.
2020,12,18,31,.,.,.,.,.,.,.,.,.,.,.,.,.
2020,12,18,32,.,.,.,.,.,.,.,.,.,.,.,.,.
2020,12,18,33,.,.,.,.,.,.,.,.,.,.,.,.,.
2020,12,18,34,.,.,.,.,.,.,.,.,.,.,.,.,.
2020,12,18,35,.,.,.,.,.,.,.,.,.,.,.,.,.
2020,12,18,36,.,.,.,.,.,.,.,.,.,.,.,.,.
2020,12,18,37,.,.,.,.,.,.,.,.,.,.,.,.,.
2020,12,18,38,.,.,.,.,.,.,.,.,.,.,.,.,.
2020,12,18,39,.,.,.,.,.,.,.,.,.,.,.,.,.
2020,12,18,40,.,.,.,.,.,.,.,.,.,.,.,.,.
2020,12,18,41,.,.,.,.,.,.,.,.,.,.,.,.,.
2020,12,18,42,.,.,.,.,.,.,.,.,.,.,.,.,.
2020,12,18,43,.,.,.,.,.,.,.,.,.,.,.,.,.
2020,12,18,44,.,.,.,.,.,.,.,.,.,.,.,.,.
2020,12,18,45,.,.,.,.,.,.,.,.,.,.,.,.,.
2020,12,18,46,.,.,.,.,.,.,.,.,.,.,.,.,.
2020,12,18,47,.,.,.,.,.,.,.,.,.,.,.,.,.
2020,12,18,48,.,.,.,.,.,.,.,.,.,.,.,.,.
2020,12,18,49,.,.,.,.,.,.,.,.,.,.,.,.,.
2020,12,18,50,.,.,.,.,.,.,.,.,.,.,.,.,.
2020,12,18,51,.,.,.,.,.,.,.,.,.,.,.,.,.
2020,12,18,52,.,.,.,.,.,.,.,.,.,.,.,.,.
2020,12,18,53,.,.,.,.,.,.,.,.,.,.,.,.,.
2020,12,25,1,.,.,.,.,.,.,.,.,.,.,.,.,.
2020,12,25,2,.,.,.,.,.,.,.,.,.,.,.,.,.
2020,12,25,3,.,.,.,.,.,.,.,.,.,.,.,.,.
2020,12,25,4,.,.,.,.,.,.,.,.,.,.,.,.,.
2020,12,25,5,.,.,.,.,.,.,.,.,.,.,.,.,.
2020,12,25,6,.,.,.,.,.,.,.,.,.,.,.,.,.
2020,12,25,7,.,.,.,.,.,.,.,.,.,.,.,.,.
2020,12,25,8,.,.,.,.,.,.,.,.,.,.,.,.,.
2020,12,25,9,.,.,.,.,.,.,.,.,.,.,.,.,.
2020,12,25,10,.,.,.,.,.,.,.,.,.,.,.,.,.
2020,12,25,11,.,.,.,.,.,.,.,.,.,.,.,.,.
2020,12,25,12,.,.,.,.,.,.,.,.,.,.,.,.,.
2020,12,25,13,.,.,.,.,.,.,.,.,.,.,.,.,.
2020,12,25,14,.,.,.,.,.,.,.,.,.,.,.,.,.
2020,12,25,15,.,.,.,.,.,.,.,.,.,.,.,.,.
2020,12,25,16,.,.,.,.,.,.,.,.,.,.,.,.,.
2020,12,25,17,.,.,.,.,.,.,.,.,.,.,.,.,.
2020,12,25,18,.,.,.,.,.,.,.,.,.,.,.,.,.
2020,12,25,19,.,.,.,.,.,.,.,.,.,.,.,.,.
2020,12,25,20,.,.,.,.,.,.,.,.,.,.,.,.,.
2020,12,25,21,.,.,.,.,.,.,.,.,.,.,.,.,.
2020,12,25,22,.,.,.,.,.,.,.,.,.,.,.,.,.
2020,12,25,23,.,.,.,.,.,.,.,.,.,.,.,.,.
2020,12,25,24,.,.,.,.,.,.,.,.,.,.,.,.,.
2020,12,25,25,.,.,.,.,.,.,.,.,.,.,.,.,.
2020,12,25,26,.,.,.,.,.,.,.,.,.,.,.,.,.
2020,12,25,27,.,.,.,.,.,.,.,.,.,.,.,.,.
2020,12,25,28,.,.,.,.,.,.,.,.,.,.,.,.,.
2020,12,25,29,.,.,.,.,.,.,.,.,.,.,.,.,.
2020,12,25,30,.,.,.,.,.,.,.,.,.,.,.,.,.
2020,12,25,31,.,.,.,.,.,.,.,.,.,.,.,.,.
2020,12,25,32,.,.,.,.,.,.,.,.,.,.,.,.,.
2020,12,25,33,.,.,.,.,.,.,.,.,.,.,.,.,.
2020,12,25,34,.,.,.,.,.,.,.,.,.,.,.,.,.
2020,12,25,35,.,.,.,.,.,.,.,.,.,.,.,.,.
2020,12,25,36,.,.,.,.,.,.,.,.,.,.,.,.,.
2020,12,25,37,.,.,.,.,.,.,.,.,.,.,.,.,.
2020,12,25,38,.,.,.,.,.,.,.,.,.,.,.,.,.
2020,12,25,39,.,.,.,.,.,.,.,.,.,.,.,.,.
2020,12,25,40,.,.,.,.,.,.,.,.,.,.,.,.,.
2020,12,25,41,.,.,.,.,.,.,.,.,.,.,.,.,.
2020,12,25,42,.,.,.,.,.,.,.,.,.,.,.,.,.
2020,12,25,43,.,.,.,.,.,.,.,.,.,.,.,.,.
2020,12,25,44,.,.,.,.,.,.,.,.,.,.,.,.,.
2020,12,25,45,.,.,.,.,.,.,.,.,.,.,.,.,.
2020,12,25,46,.,.,.,.,.,.,.,.,.,.,.,.,.
2020,12,25,47,.,.,.,.,.,.,.,.,.,.,.,.,.
2020,12,25,48,.,.,.,.,.,.,.,.,.,.,.,.,.
2020,12,25,49,.,.,.,.,.,.,.,.,.,.,.,.,.
2020,12,25,50,.,.,.,.,.,.,.,.,.,.,.,.,.
2020,12,25,51,.,.,.,.,.,.,.,.,.,.,.,.,.
2020,12,25,52,.,.,.,.,.,.,.,.,.,.,.,.,.
2020,12,25,53,.,.,.,.,.,.,.,.,.,.,.,.,.
2021,1,1,1,.,.,.,.,.,.,.,.,.,.,.,.,.
2021,1,1,2,.,.,.,.,.,.,.,.,.,.,.,.,.
2021,1,1,3,.,.,.,.,.,.,.,.,.,.,.,.,.
2021,1,1,4,.,.,.,.,.,.,.,.,.,.,.,.,.
2021,1,1,5,.,.,.,.,.,.,.,.,.,.,.,.,.
2021,1,1,6,.,.,.,.,.,.,.,.,.,.,.,.,.
2021,1,1,7,.,.,.,.,.,.,.,.,.,.,.,.,.
2021,1,1,8,.,.,.,.,.,.,.,.,.,.,.,.,.
2021,1,1,9,.,.,.,.,.,.,.,.,.,.,.,.,.
2021,1,1,10,.,.,.,.,.,.,.,.,.,.,.,.,.
2021,1,1,11,.,.,.,.,.,.,.,.,.,.,.,.,.
2021,1,1,12,.,.,.,.,.,.,.,.,.,.,.,.,.
2021,1,1,13,.,.,.,.,.,.,.,.,.,.,.,.,.
2021,1,1,14,.,.,.,.,.,.,.,.,.,.,.,.,.
2021,1,1,15,.,.,.,.,.,.,.,.,.,.,.,.,.
2021,1,1,16,.,.,.,.,.,.,.,.,.,.,.,.,.
2021,1,1,17,.,.,.,.,.,.,.,.,.,.,.,.,.
2021,1,1,18,.,.,.,.,.,.,.,.,.,.,.,.,.
2021,1,1,19,.,.,.,.,.,.,.,.,.,.,.,.,.
2021,1,1,20,.,.,.,.,.,.,.,.,.,.,.,.,.
2021,1,1,21,.,.,.,.,.,.,.,.,.,.,.,.,.
2021,1,1,22,.,.,.,.,.,.,.,.,.,.,.,.,.
2021,1,1,23,.,.,.,.,.,.,.,.,.,.,.,.,.
2021,1,1,24,.,.,.,.,.,.,.,.,.,.,.,.,.
2021,1,1,25,.,.,.,.,.,.,.,.,.,.,.,.,.
2021,1,1,26,.,.,.,.,.,.,.,.,.,.,.,.,.
2021,1,1,27,.,.,.,.,.,.,.,.,.,.,.,.,.
2021,1,1,28,.,.,.,.,.,.,.,.,.,.,.,.,.
2021,1,1,29,.,.,.,.,.,.,.,.,.,.,.,.,.
2021,1,1,30,.,.,.,.,.,.,.,.,.,.,.,.,.
2021,1,1,31,.,.,.,.,.,.,.,.,.,.,.,.,.
2021,1,1,32,.,.,.,.,.,.,.,.,.,.,.,.,.
2021,1,1,33,.,.,.,.,.,.,.,.,.,.,.,.,.
2021,1,1,34,.,.,.,.,.,.,.,.,.,.,.,.,.
2021,1,1,35,.,.,.,.,.,.,.,.,.,.,.,.,.
2021,1,1,36,.,.,.,.,.,.,.,.,.,.,.,.,.
2021,1,1,37,.,.,.,.,.,.,.,.,.,.,.,.,.
2021,1,1,38,.,.,.,.,.,.,.,.,.,.,.,.,.
2021,1,1,39,.,.,.,.,.,.,.,.,.,.,.,.,.
2021,1,1,40,.,.,.,.,.,.,.,.,.,.,.,.,.
2021,1,1,41,.,.,.,.,.,.,.,.,.,.,.,.,.
2021,1,1,42,.,.,.,.,.,.,.,.,.,.,.,.,.
2021,1,1,43,.,.,.,.,.,.,.,.,.,.,.,.,.
2021,1,1,44,.,.,.,.,.,.,.,.,.,.,.,.,.
2021,1,1,45,.,.,.,.,.,.,.,.,.,.,.,.,.
2021,1,1,46,.,.,.,.,.,.,.,.,.,.,.,.,.
2021,1,1,47,.,.,.,.,.,.,.,.,.,.,.,.,.
2021,1,1,48,.,.,.,.,.,.,.,.,.,.,.,.,.
2021,1,1,49,.,.,.,.,.,.,.,.,.,.,.,.,.
2021,1,1,50,.,.,.,.,.,.,.,.,.,.,.,.,.
2021,1,1,51,.,.,.,.,.,.,.,.,.,.,.,.,.
2021,1,1,52,.,.,.,.,.,.,.,.,.,.,.,.,.
2021,1,1,53,.,.,.,.,.,.,.,.,.,.,.,.,.
2021,1,8,1,.,.,.,.,.,.,.,.,.,.,.,.,.
2021,1,8,2,.,.,.,.,.,.,.,.,.,.,.,.,.
2021,1,8,3,.,.,.,.,.,.,.,.,.,.,.,.,.
2021,1,8,4,.,.,.,.,.,.,.,.,.,.,.,.,.
2021,1,8,5,.,.,.,.,.,.,.,.,.,.,.,.,.
2021,1,8,6,.,.,.,.,.,.,.,.,.,.,.,.,.
2021,1,8,7,.,.,.,.,.,.,.,.,.,.,.,.,.
2021,1,8,8,.,.,.,.,.,.,.,.,.,.,.,.,.
2021,1,8,9,.,.,.,.,.,.,.,.,.,.,.,.,.
2021,1,8,10,.,.,.,.,.,.,.,.,.,.,.,.,.
2021,1,8,11,.,.,.,.,.,.,.,.,.,.,.,.,.
2021,1,8,12,.,.,.,.,.,.,.,.,.,.,.,.,.
2021,1,8,13,.,.,.,.,.,.,.,.,.,.,.,.,.
2021,1,8,14,.,.,.,.,.,.,.,.,.,.,.,.,.
2021,1,8,15,.,.,.,.,.,.,.,.,.,.,.,.,.
2021,1,8,16,.,.,.,.,.,.,.,.,.,.,.,.,.
2021,1,8,17,.,.,.,.,.,.,.,.,.,.,.,.,.
2021,1,8,18,.,.,.,.,.,.,.,.,.,.,.,.,.
2021,1,8,19,.,.,.,.,.,.,.,.,.,.,.,.,.
2021,1,8,20,.,.,.,.,.,.,.,.,.,.,.,.,.
2021,1,8,21,.,.,.,.,.,.,.,.,.,.,.,.,.
2021,1,8,22,.,.,.,.,.,.,.,.,.,.,.,.,.
2021,1,8,23,.,.,.,.,.,.,.,.,.,.,.,.,.
2021,1,8,24,.,.,.,.,.,.,.,.,.,.,.,.,.
2021,1,8,25,.,.,.,.,.,.,.,.,.,.,.,.,.
2021,1,8,26,.,.,.,.,.,.,.,.,.,.,.,.,.
2021,1,8,27,.,.,.,.,.,.,.,.,.,.,.,.,.
2021,1,8,28,.,.,.,.,.,.,.,.,.,.,.,.,.
2021,1,8,29,.,.,.,.,.,.,.,.,.,.,.,.,.
2021,1,8,30,.,.,.,.,.,.,.,.,.,.,.,.,.
2021,1,8,31,.,.,.,.,.,.,.,.,.,.,.,.,.
2021,1,8,32,.,.,.,.,.,.,.,.,.,.,.,.,.
2021,1,8,33,.,.,.,.,.,.,.,.,.,.,.,.,.
2021,1,8,34,.,.,.,.,.,.,.,.,.,.,.,.,.
2021,1,8,35,.,.,.,.,.,.,.,.,.,.,.,.,.
2021,1,8,36,.,.,.,.,.,.,.,.,.,.,.,.,.
2021,1,8,37,.,.,.,.,.,.,.,.,.,.,.,.,.
2021,1,8,38,.,.,.,.,.,.,.,.,.,.,.,.,.
2021,1,8,39,.,.,.,.,.,.,.,.,.,.,.,.,.
2021,1,8,40,.,.,.,.,.,.,.,.,.,.,.,.,.
2021,1,8,41,.,.,.,.,.,.,.,.,.,.,.,.,.
2021,1,8,42,.,.,.,.,.,.,.,.,.,.,.,.,.
2021,1,8,43,.,.,.,.,.,.,.,.,.,.,.,.,.
2021,1,8,44,.,.,.,.,.,.,.,.,.,.,.,.,.
2021,1,8,45,.,.,.,.,.,.,.,.,.,.,.,.,.
2021,1,8,46,.,.,.,.,.,.,.,.,.,.,.,.,.
2021,1,8,47,.,.,.,.,.,.,.,.,.,.,.,.,.
2021,1,8,48,.,.,.,.,.,.,.,.,.,.,.,.,.
2021,1,8,49,.,.,.,.,.,.,.,.,.,.,.,.,.
2021,1,8,50,.,.,.,.,.,.,.,.,.,.,.,.,.
2021,1,8,51,.,.,.,.,.,.,.,.,.,.,.,.,.
2021,1,8,52,.,.,.,.,.,.,.,.,.,.,.,.,.
2021,1,8,53,.,.,.,.,.,.,.,.,.,.,.,.,.
2021,1,15,1,.,.,.,.,.,.,.,.,.,.,.,.,.
2021,1,15,2,.,.,.,.,.,.,.,.,.,.,.,.,.
2021,1,15,3,.,.,.,.,.,.,.,.,.,.,.,.,.
2021,1,15,4,.,.,.,.,.,.,.,.,.,.,.,.,.
2021,1,15,5,.,.,.,.,.,.,.,.,.,.,.,.,.
2021,1,15,6,.,.,.,.,.,.,.,.,.,.,.,.,.
2021,1,15,7,.,.,.,.,.,.,.,.,.,.,.,.,.
2021,1,15,8,.,.,.,.,.,.,.,.,.,.,.,.,.
2021,1,15,9,.,.,.,.,.,.,.,.,.,.,.,.,.
2021,1,15,10,.,.,.,.,.,.,.,.,.,.,.,.,.
2021,1,15,11,.,.,.,.,.,.,.,.,.,.,.,.,.
2021,1,15,12,.,.,.,.,.,.,.,.,.,.,.,.,.
2021,1,15,13,.,.,.,.,.,.,.,.,.,.,.,.,.
2021,1,15,14,.,.,.,.,.,.,.,.,.,.,.,.,.
2021,1,15,15,.,.,.,.,.,.,.,.,.,.,.,.,.
2021,1,15,16,.,.,.,.,.,.,.,.,.,.,.,.,.
2021,1,15,17,.,.,.,.,.,.,.,.,.,.,.,.,.
2021,1,15,18,.,.,.,.,.,.,.,.,.,.,.,.,.
2021,1,15,19,.,.,.,.,.,.,.,.,.,.,.,.,.
2021,1,15,20,.,.,.,.,.,.,.,.,.,.,.,.,.
2021,1,15,21,.,.,.,.,.,.,.,.,.,.,.,.,.
2021,1,15,22,.,.,.,.,.,.,.,.,.,.,.,.,.
2021,1,15,23,.,.,.,.,.,.,.,.,.,.,.,.,.
2021,1,15,24,.,.,.,.,.,.,.,.,.,.,.,.,.
2021,1,15,25,.,.,.,.,.,.,.,.,.,.,.,.,.
2021,1,15,26,.,.,.,.,.,.,.,.,.,.,.,.,.
2021,1,15,27,.,.,.,.,.,.,.,.,.,.,.,.,.
2021,1,15,28,.,.,.,.,.,.,.,.,.,.,.,.,.
2021,1,15,29,.,.,.,.,.,.,.,.,.,.,.,.,.
2021,1,15,30,.,.,.,.,.,.,.,.,.,.,.,.,.
2021,1,15,31,.,.,.,.,.,.,.,.,.,.,.,.,.
2021,1,15,32,.,.,.,.,.,.,.,.,.,.,.,.,.
2021,1,15,33,.,.,.,.,.,.,.,.,.,.,.,.,.
2021,1,15,34,.,.,.,.,.,.,.,.,.,.,.,.,.
2021,1,15,35,.,.,.,.,.,.,.,.,.,.,.,.,.
2021,1,15,36,.,.,.,.,.,.,.,.,.,.,.,.,.
2021,1,15,37,.,.,.,.,.,.,.,.,.,.,.,.,.
2021,1,15,38,.,.,.,.,.,.,.,.,.,.,.,.,.
2021,1,15,39,.,.,.,.,.,.,.,.,.,.,.,.,.
2021,1,15,40,.,.,.,.,.,.,.,.,.,.,.,.,.
2021,1,15,41,.,.,.,.,.,.,.,.,.,.,.,.,.
2021,1,15,42,.,.,.,.,.,.,.,.,.,.,.,.,.
2021,1,15,43,.,.,.,.,.,.,.,.,.,.,.,.,.
2021,1,15,44,.,.,.,.,.,.,.,.,.,.,.,.,.
2021,1,15,45,.,.,.,.,.,.,.,.,.,.,.,.,.
2021,1,15,46,.,.,.,.,.,.,.,.,.,.,.,.,.
2021,1,15,47,.,.,.,.,.,.,.,.,.,.,.,.,.
2021,1,15,48,.,.,.,.,.,.,.,.,.,.,.,.,.
2021,1,15,49,.,.,.,.,.,.,.,.,.,.,.,.,.
2021,1,15,50,.,.,.,.,.,.,.,.,.,.,.,.,.
2021,1,15,51,.,.,.,.,.,.,.,.,.,.,.,.,.
2021,1,15,52,.,.,.,.,.,.,.,.,.,.,.,.,.
2021,1,15,53,.,.,.,.,.,.,.,.,.,.,.,.,.
2021,1,22,1,.,.,.,.,.,.,.,.,.,.,.,.,.
2021,1,22,2,.,.,.,.,.,.,.,.,.,.,.,.,.
2021,1,22,3,.,.,.,.,.,.,.,.,.,.,.,.,.
2021,1,22,4,.,.,.,.,.,.,.,.,.,.,.,.,.
2021,1,22,5,.,.,.,.,.,.,.,.,.,.,.,.,.
2021,1,22,6,.,.,.,.,.,.,.,.,.,.,.,.,.
2021,1,22,7,.,.,.,.,.,.,.,.,.,.,.,.,.
2021,1,22,8,.,.,.,.,.,.,.,.,.,.,.,.,.
2021,1,22,9,.,.,.,.,.,.,.,.,.,.,.,.,.
2021,1,22,10,.,.,.,.,.,.,.,.,.,.,.,.,.
2021,1,22,11,.,.,.,.,.,.,.,.,.,.,.,.,.
2021,1,22,12,.,.,.,.,.,.,.,.,.,.,.,.,.
2021,1,22,13,.,.,.,.,.,.,.,.,.,.,.,.,.
2021,1,22,14,.,.,.,.,.,.,.,.,.,.,.,.,.
2021,1,22,15,.,.,.,.,.,.,.,.,.,.,.,.,.
2021,1,22,16,.,.,.,.,.,.,.,.,.,.,.,.,.
2021,1,22,17,.,.,.,.,.,.,.,.,.,.,.,.,.
2021,1,22,18,.,.,.,.,.,.,.,.,.,.,.,.,.
2021,1,22,19,.,.,.,.,.,.,.,.,.,.,.,.,.
2021,1,22,20,.,.,.,.,.,.,.,.,.,.,.,.,.
2021,1,22,21,.,.,.,.,.,.,.,.,.,.,.,.,.
2021,1,22,22,.,.,.,.,.,.,.,.,.,.,.,.,.
2021,1,22,23,.,.,.,.,.,.,.,.,.,.,.,.,.
2021,1,22,24,.,.,.,.,.,.,.,.,.,.,.,.,.
2021,1,22,25,.,.,.,.,.,.,.,.,.,.,.,.,.
2021,1,22,26,.,.,.,.,.,.,.,.,.,.,.,.,.
2021,1,22,27,.,.,.,.,.,.,.,.,.,.,.,.,.
2021,1,22,28,.,.,.,.,.,.,.,.,.,.,.,.,.
2021,1,22,29,.,.,.,.,.,.,.,.,.,.,.,.,.
2021,1,22,30,.,.,.,.,.,.,.,.,.,.,.,.,.
2021,1,22,31,.,.,.,.,.,.,.,.,.,.,.,.,.
2021,1,22,32,.,.,.,.,.,.,.,.,.,.,.,.,.
2021,1,22,33,.,.,.,.,.,.,.,.,.,.,.,.,.
2021,1,22,34,.,.,.,.,.,.,.,.,.,.,.,.,.
2021,1,22,35,.,.,.,.,.,.,.,.,.,.,.,.,.
2021,1,22,36,.,.,.,.,.,.,.,.,.,.,.,.,.
2021,1,22,37,.,.,.,.,.,.,.,.,.,.,.,.,.
2021,1,22,38,.,.,.,.,.,.,.,.,.,.,.,.,.
2021,1,22,39,.,.,.,.,.,.,.,.,.,.,.,.,.
2021,1,22,40,.,.,.,.,.,.,.,.,.,.,.,.,.
2021,1,22,41,.,.,.,.,.,.,.,.,.,.,.,.,.
2021,1,22,42,.,.,.,.,.,.,.,.,.,.,.,.,.
2021,1,22,43,.,.,.,.,.,.,.,.,.,.,.,.,.
2021,1,22,44,.,.,.,.,.,.,.,.,.,.,.,.,.
2021,1,22,45,.,.,.,.,.,.,.,.,.,.,.,.,.
2021,1,22,46,.,.,.,.,.,.,.,.,.,.,.,.,.
2021,1,22,47,.,.,.,.,.,.,.,.,.,.,.,.,.
2021,1,22,48,.,.,.,.,.,.,.,.,.,.,.,.,.
2021,1,22,49,.,.,.,.,.,.,.,.,.,.,.,.,.
2021,1,22,50,.,.,.,.,.,.,.,.,.,.,.,.,.
2021,1,22,51,.,.,.,.,.,.,.,.,.,.,.,.,.
2021,1,22,52,.,.,.,.,.,.,.,.,.,.,.,.,.
2021,1,22,53,.,.,.,.,.,.,.,.,.,.,.,.,.
2021,1,29,1,.,.,.,.,.,.,.,.,.,.,.,.,.
2021,1,29,2,.,.,.,.,.,.,.,.,.,.,.,.,.
2021,1,29,3,.,.,.,.,.,.,.,.,.,.,.,.,.
2021,1,29,4,.,.,.,.,.,.,.,.,.,.,.,.,.
2021,1,29,5,.,.,.,.,.,.,.,.,.,.,.,.,.
2021,1,29,6,.,.,.,.,.,.,.,.,.,.,.,.,.
2021,1,29,7,.,.,.,.,.,.,.,.,.,.,.,.,.
2021,1,29,8,.,.,.,.,.,.,.,.,.,.,.,.,.
2021,1,29,9,.,.,.,.,.,.,.,.,.,.,.,.,.
2021,1,29,10,.,.,.,.,.,.,.,.,.,.,.,.,.
2021,1,29,11,.,.,.,.,.,.,.,.,.,.,.,.,.
2021,1,29,12,.,.,.,.,.,.,.,.,.,.,.,.,.
2021,1,29,13,.,.,.,.,.,.,.,.,.,.,.,.,.
2021,1,29,14,.,.,.,.,.,.,.,.,.,.,.,.,.
2021,1,29,15,.,.,.,.,.,.,.,.,.,.,.,.,.
2021,1,29,16,.,.,.,.,.,.,.,.,.,.,.,.,.
2021,1,29,17,.,.,.,.,.,.,.,.,.,.,.,.,.
2021,1,29,18,.,.,.,.,.,.,.,.,.,.,.,.,.
2021,1,29,19,.,.,.,.,.,.,.,.,.,.,.,.,.
2021,1,29,20,.,.,.,.,.,.,.,.,.,.,.,.,.
2021,1,29,21,.,.,.,.,.,.,.,.,.,.,.,.,.
2021,1,29,22,.,.,.,.,.,.,.,.,.,.,.,.,.
2021,1,29,23,.,.,.,.,.,.,.,.,.,.,.,.,.
2021,1,29,24,.,.,.,.,.,.,.,.,.,.,.,.,.
2021,1,29,25,.,.,.,.,.,.,.,.,.,.,.,.,.
2021,1,29,26,.,.,.,.,.,.,.,.,.,.,.,.,.
2021,1,29,27,.,.,.,.,.,.,.,.,.,.,.,.,.
2021,1,29,28,.,.,.,.,.,.,.,.,.,.,.,.,.
2021,1,29,29,.,.,.,.,.,.,.,.,.,.,.,.,.
2021,1,29,30,.,.,.,.,.,.,.,.,.,.,.,.,.
2021,1,29,31,.,.,.,.,.,.,.,.,.,.,.,.,.
2021,1,29,32,.,.,.,.,.,.,.,.,.,.,.,.,.
2021,1,29,33,.,.,.,.,.,.,.,.,.,.,.,.,.
2021,1,29,34,.,.,.,.,.,.,.,.,.,.,.,.,.
2021,1,29,35,.,.,.,.,.,.,.,.,.,.,.,.,.
2021,1,29,36,.,.,.,.,.,.,.,.,.,.,.,.,.
2021,1,29,37,.,.,.,.,.,.,.,.,.,.,.,.,.
2021,1,29,38,.,.,.,.,.,.,.,.,.,.,.,.,.
2021,1,29,39,.,.,.,.,.,.,.,.,.,.,.,.,.
2021,1,29,40,.,.,.,.,.,.,.,.,.,.,.,.,.
2021,1,29,41,.,.,.,.,.,.,.,.,.,.,.,.,.
2021,1,29,42,.,.,.,.,.,.,.,.,.,.,.,.,.
2021,1,29,43,.,.,.,.,.,.,.,.,.,.,.,.,.
2021,1,29,44,.,.,.,.,.,.,.,.,.,.,.,.,.
2021,1,29,45,.,.,.,.,.,.,.,.,.,.,.,.,.
2021,1,29,46,.,.,.,.,.,.,.,.,.,.,.,.,.
2021,1,29,47,.,.,.,.,.,.,.,.,.,.,.,.,.
2021,1,29,48,.,.,.,.,.,.,.,.,.,.,.,.,.
2021,1,29,49,.,.,.,.,.,.,.,.,.,.,.,.,.
2021,1,29,50,.,.,.,.,.,.,.,.,.,.,.,.,.
2021,1,29,51,.,.,.,.,.,.,.,.,.,.,.,.,.
2021,1,29,52,.,.,.,.,.,.,.,.,.,.,.,.,.
2021,1,29,53,.,.,.,.,.,.,.,.,.,.,.,.,.
2021,2,5,1,.,.,.,.,.,.,.,.,.,.,.,.,.
2021,2,5,2,.,.,.,.,.,.,.,.,.,.,.,.,.
2021,2,5,3,.,.,.,.,.,.,.,.,.,.,.,.,.
2021,2,5,4,.,.,.,.,.,.,.,.,.,.,.,.,.
2021,2,5,5,.,.,.,.,.,.,.,.,.,.,.,.,.
2021,2,5,6,.,.,.,.,.,.,.,.,.,.,.,.,.
2021,2,5,7,.,.,.,.,.,.,.,.,.,.,.,.,.
2021,2,5,8,.,.,.,.,.,.,.,.,.,.,.,.,.
2021,2,5,9,.,.,.,.,.,.,.,.,.,.,.,.,.
2021,2,5,10,.,.,.,.,.,.,.,.,.,.,.,.,.
2021,2,5,11,.,.,.,.,.,.,.,.,.,.,.,.,.
2021,2,5,12,.,.,.,.,.,.,.,.,.,.,.,.,.
2021,2,5,13,.,.,.,.,.,.,.,.,.,.,.,.,.
2021,2,5,14,.,.,.,.,.,.,.,.,.,.,.,.,.
2021,2,5,15,.,.,.,.,.,.,.,.,.,.,.,.,.
2021,2,5,16,.,.,.,.,.,.,.,.,.,.,.,.,.
2021,2,5,17,.,.,.,.,.,.,.,.,.,.,.,.,.
2021,2,5,18,.,.,.,.,.,.,.,.,.,.,.,.,.
2021,2,5,19,.,.,.,.,.,.,.,.,.,.,.,.,.
2021,2,5,20,.,.,.,.,.,.,.,.,.,.,.,.,.
2021,2,5,21,.,.,.,.,.,.,.,.,.,.,.,.,.
2021,2,5,22,.,.,.,.,.,.,.,.,.,.,.,.,.
2021,2,5,23,.,.,.,.,.,.,.,.,.,.,.,.,.
2021,2,5,24,.,.,.,.,.,.,.,.,.,.,.,.,.
2021,2,5,25,.,.,.,.,.,.,.,.,.,.,.,.,.
2021,2,5,26,.,.,.,.,.,.,.,.,.,.,.,.,.
2021,2,5,27,.,.,.,.,.,.,.,.,.,.,.,.,.
2021,2,5,28,.,.,.,.,.,.,.,.,.,.,.,.,.
2021,2,5,29,.,.,.,.,.,.,.,.,.,.,.,.,.
2021,2,5,30,.,.,.,.,.,.,.,.,.,.,.,.,.
2021,2,5,31,.,.,.,.,.,.,.,.,.,.,.,.,.
2021,2,5,32,.,.,.,.,.,.,.,.,.,.,.,.,.
2021,2,5,33,.,.,.,.,.,.,.,.,.,.,.,.,.
2021,2,5,34,.,.,.,.,.,.,.,.,.,.,.,.,.
2021,2,5,35,.,.,.,.,.,.,.,.,.,.,.,.,.
2021,2,5,36,.,.,.,.,.,.,.,.,.,.,.,.,.
2021,2,5,37,.,.,.,.,.,.,.,.,.,.,.,.,.
2021,2,5,38,.,.,.,.,.,.,.,.,.,.,.,.,.
2021,2,5,39,.,.,.,.,.,.,.,.,.,.,.,.,.
2021,2,5,40,.,.,.,.,.,.,.,.,.,.,.,.,.
2021,2,5,41,.,.,.,.,.,.,.,.,.,.,.,.,.
2021,2,5,42,.,.,.,.,.,.,.,.,.,.,.,.,.
2021,2,5,43,.,.,.,.,.,.,.,.,.,.,.,.,.
2021,2,5,44,.,.,.,.,.,.,.,.,.,.,.,.,.
2021,2,5,45,.,.,.,.,.,.,.,.,.,.,.,.,.
2021,2,5,46,.,.,.,.,.,.,.,.,.,.,.,.,.
2021,2,5,47,.,.,.,.,.,.,.,.,.,.,.,.,.
2021,2,5,48,.,.,.,.,.,.,.,.,.,.,.,.,.
2021,2,5,49,.,.,.,.,.,.,.,.,.,.,.,.,.
2021,2,5,50,.,.,.,.,.,.,.,.,.,.,.,.,.
2021,2,5,51,.,.,.,.,.,.,.,.,.,.,.,.,.
2021,2,5,52,.,.,.,.,.,.,.,.,.,.,.,.,.
2021,2,5,53,.,.,.,.,.,.,.,.,.,.,.,.,.
2021,2,12,1,.,.,.,.,.,.,.,.,.,.,.,.,.
2021,2,12,2,.,.,.,.,.,.,.,.,.,.,.,.,.
2021,2,12,3,.,.,.,.,.,.,.,.,.,.,.,.,.
2021,2,12,4,.,.,.,.,.,.,.,.,.,.,.,.,.
2021,2,12,5,.,.,.,.,.,.,.,.,.,.,.,.,.
2021,2,12,6,.,.,.,.,.,.,.,.,.,.,.,.,.
2021,2,12,7,.,.,.,.,.,.,.,.,.,.,.,.,.
2021,2,12,8,.,.,.,.,.,.,.,.,.,.,.,.,.
2021,2,12,9,.,.,.,.,.,.,.,.,.,.,.,.,.
2021,2,12,10,.,.,.,.,.,.,.,.,.,.,.,.,.
2021,2,12,11,.,.,.,.,.,.,.,.,.,.,.,.,.
2021,2,12,12,.,.,.,.,.,.,.,.,.,.,.,.,.
2021,2,12,13,.,.,.,.,.,.,.,.,.,.,.,.,.
2021,2,12,14,.,.,.,.,.,.,.,.,.,.,.,.,.
2021,2,12,15,.,.,.,.,.,.,.,.,.,.,.,.,.
2021,2,12,16,.,.,.,.,.,.,.,.,.,.,.,.,.
2021,2,12,17,.,.,.,.,.,.,.,.,.,.,.,.,.
2021,2,12,18,.,.,.,.,.,.,.,.,.,.,.,.,.
2021,2,12,19,.,.,.,.,.,.,.,.,.,.,.,.,.
2021,2,12,20,.,.,.,.,.,.,.,.,.,.,.,.,.
2021,2,12,21,.,.,.,.,.,.,.,.,.,.,.,.,.
2021,2,12,22,.,.,.,.,.,.,.,.,.,.,.,.,.
2021,2,12,23,.,.,.,.,.,.,.,.,.,.,.,.,.
2021,2,12,24,.,.,.,.,.,.,.,.,.,.,.,.,.
2021,2,12,25,.,.,.,.,.,.,.,.,.,.,.,.,.
2021,2,12,26,.,.,.,.,.,.,.,.,.,.,.,.,.
2021,2,12,27,.,.,.,.,.,.,.,.,.,.,.,.,.
2021,2,12,28,.,.,.,.,.,.,.,.,.,.,.,.,.
2021,2,12,29,.,.,.,.,.,.,.,.,.,.,.,.,.
2021,2,12,30,.,.,.,.,.,.,.,.,.,.,.,.,.
2021,2,12,31,.,.,.,.,.,.,.,.,.,.,.,.,.
2021,2,12,32,.,.,.,.,.,.,.,.,.,.,.,.,.
2021,2,12,33,.,.,.,.,.,.,.,.,.,.,.,.,.
2021,2,12,34,.,.,.,.,.,.,.,.,.,.,.,.,.
2021,2,12,35,.,.,.,.,.,.,.,.,.,.,.,.,.
2021,2,12,36,.,.,.,.,.,.,.,.,.,.,.,.,.
2021,2,12,37,.,.,.,.,.,.,.,.,.,.,.,.,.
2021,2,12,38,.,.,.,.,.,.,.,.,.,.,.,.,.
2021,2,12,39,.,.,.,.,.,.,.,.,.,.,.,.,.
2021,2,12,40,.,.,.,.,.,.,.,.,.,.,.,.,.
2021,2,12,41,.,.,.,.,.,.,.,.,.,.,.,.,.
2021,2,12,42,.,.,.,.,.,.,.,.,.,.,.,.,.
2021,2,12,43,.,.,.,.,.,.,.,.,.,.,.,.,.
2021,2,12,44,.,.,.,.,.,.,.,.,.,.,.,.,.
2021,2,12,45,.,.,.,.,.,.,.,.,.,.,.,.,.
2021,2,12,46,.,.,.,.,.,.,.,.,.,.,.,.,.
2021,2,12,47,.,.,.,.,.,.,.,.,.,.,.,.,.
2021,2,12,48,.,.,.,.,.,.,.,.,.,.,.,.,.
2021,2,12,49,.,.,.,.,.,.,.,.,.,.,.,.,.
2021,2,12,50,.,.,.,.,.,.,.,.,.,.,.,.,.
2021,2,12,51,.,.,.,.,.,.,.,.,.,.,.,.,.
2021,2,12,52,.,.,.,.,.,.,.,.,.,.,.,.,.
2021,2,12,53,.,.,.,.,.,.,.,.,.,.,.,.,.
2021,2,19,1,.,.,.,.,.,.,.,.,.,.,.,.,.
2021,2,19,2,.,.,.,.,.,.,.,.,.,.,.,.,.
2021,2,19,3,.,.,.,.,.,.,.,.,.,.,.,.,.
2021,2,19,4,.,.,.,.,.,.,.,.,.,.,.,.,.
2021,2,19,5,.,.,.,.,.,.,.,.,.,.,.,.,.
2021,2,19,6,.,.,.,.,.,.,.,.,.,.,.,.,.
2021,2,19,7,.,.,.,.,.,.,.,.,.,.,.,.,.
2021,2,19,8,.,.,.,.,.,.,.,.,.,.,.,.,.
2021,2,19,9,.,.,.,.,.,.,.,.,.,.,.,.,.
2021,2,19,10,.,.,.,.,.,.,.,.,.,.,.,.,.
2021,2,19,11,.,.,.,.,.,.,.,.,.,.,.,.,.
2021,2,19,12,.,.,.,.,.,.,.,.,.,.,.,.,.
2021,2,19,13,.,.,.,.,.,.,.,.,.,.,.,.,.
2021,2,19,14,.,.,.,.,.,.,.,.,.,.,.,.,.
2021,2,19,15,.,.,.,.,.,.,.,.,.,.,.,.,.
2021,2,19,16,.,.,.,.,.,.,.,.,.,.,.,.,.
2021,2,19,17,.,.,.,.,.,.,.,.,.,.,.,.,.
2021,2,19,18,.,.,.,.,.,.,.,.,.,.,.,.,.
2021,2,19,19,.,.,.,.,.,.,.,.,.,.,.,.,.
2021,2,19,20,.,.,.,.,.,.,.,.,.,.,.,.,.
2021,2,19,21,.,.,.,.,.,.,.,.,.,.,.,.,.
2021,2,19,22,.,.,.,.,.,.,.,.,.,.,.,.,.
2021,2,19,23,.,.,.,.,.,.,.,.,.,.,.,.,.
2021,2,19,24,.,.,.,.,.,.,.,.,.,.,.,.,.
2021,2,19,25,.,.,.,.,.,.,.,.,.,.,.,.,.
2021,2,19,26,.,.,.,.,.,.,.,.,.,.,.,.,.
2021,2,19,27,.,.,.,.,.,.,.,.,.,.,.,.,.
2021,2,19,28,.,.,.,.,.,.,.,.,.,.,.,.,.
2021,2,19,29,.,.,.,.,.,.,.,.,.,.,.,.,.
2021,2,19,30,.,.,.,.,.,.,.,.,.,.,.,.,.
2021,2,19,31,.,.,.,.,.,.,.,.,.,.,.,.,.
2021,2,19,32,.,.,.,.,.,.,.,.,.,.,.,.,.
2021,2,19,33,.,.,.,.,.,.,.,.,.,.,.,.,.
2021,2,19,34,.,.,.,.,.,.,.,.,.,.,.,.,.
2021,2,19,35,.,.,.,.,.,.,.,.,.,.,.,.,.
2021,2,19,36,.,.,.,.,.,.,.,.,.,.,.,.,.
2021,2,19,37,.,.,.,.,.,.,.,.,.,.,.,.,.
2021,2,19,38,.,.,.,.,.,.,.,.,.,.,.,.,.
2021,2,19,39,.,.,.,.,.,.,.,.,.,.,.,.,.
2021,2,19,40,.,.,.,.,.,.,.,.,.,.,.,.,.
2021,2,19,41,.,.,.,.,.,.,.,.,.,.,.,.,.
2021,2,19,42,.,.,.,.,.,.,.,.,.,.,.,.,.
2021,2,19,43,.,.,.,.,.,.,.,.,.,.,.,.,.
2021,2,19,44,.,.,.,.,.,.,.,.,.,.,.,.,.
2021,2,19,45,.,.,.,.,.,.,.,.,.,.,.,.,.
2021,2,19,46,.,.,.,.,.,.,.,.,.,.,.,.,.
2021,2,19,47,.,.,.,.,.,.,.,.,.,.,.,.,.
2021,2,19,48,.,.,.,.,.,.,.,.,.,.,.,.,.
2021,2,19,49,.,.,.,.,.,.,.,.,.,.,.,.,.
2021,2,19,50,.,.,.,.,.,.,.,.,.,.,.,.,.
2021,2,19,51,.,.,.,.,.,.,.,.,.,.,.,.,.
2021,2,19,52,.,.,.,.,.,.,.,.,.,.,.,.,.
2021,2,19,53,.,.,.,.,.,.,.,.,.,.,.,.,.
2021,2,26,1,.,.,.,.,.,.,.,.,.,.,.,.,.
2021,2,26,2,.,.,.,.,.,.,.,.,.,.,.,.,.
2021,2,26,3,.,.,.,.,.,.,.,.,.,.,.,.,.
2021,2,26,4,.,.,.,.,.,.,.,.,.,.,.,.,.
2021,2,26,5,.,.,.,.,.,.,.,.,.,.,.,.,.
2021,2,26,6,.,.,.,.,.,.,.,.,.,.,.,.,.
2021,2,26,7,.,.,.,.,.,.,.,.,.,.,.,.,.
2021,2,26,8,.,.,.,.,.,.,.,.,.,.,.,.,.
2021,2,26,9,.,.,.,.,.,.,.,.,.,.,.,.,.
2021,2,26,10,.,.,.,.,.,.,.,.,.,.,.,.,.
2021,2,26,11,.,.,.,.,.,.,.,.,.,.,.,.,.
2021,2,26,12,.,.,.,.,.,.,.,.,.,.,.,.,.
2021,2,26,13,.,.,.,.,.,.,.,.,.,.,.,.,.
2021,2,26,14,.,.,.,.,.,.,.,.,.,.,.,.,.
2021,2,26,15,.,.,.,.,.,.,.,.,.,.,.,.,.
2021,2,26,16,.,.,.,.,.,.,.,.,.,.,.,.,.
2021,2,26,17,.,.,.,.,.,.,.,.,.,.,.,.,.
2021,2,26,18,.,.,.,.,.,.,.,.,.,.,.,.,.
2021,2,26,19,.,.,.,.,.,.,.,.,.,.,.,.,.
2021,2,26,20,.,.,.,.,.,.,.,.,.,.,.,.,.
2021,2,26,21,.,.,.,.,.,.,.,.,.,.,.,.,.
2021,2,26,22,.,.,.,.,.,.,.,.,.,.,.,.,.
2021,2,26,23,.,.,.,.,.,.,.,.,.,.,.,.,.
2021,2,26,24,.,.,.,.,.,.,.,.,.,.,.,.,.
2021,2,26,25,.,.,.,.,.,.,.,.,.,.,.,.,.
2021,2,26,26,.,.,.,.,.,.,.,.,.,.,.,.,.
2021,2,26,27,.,.,.,.,.,.,.,.,.,.,.,.,.
2021,2,26,28,.,.,.,.,.,.,.,.,.,.,.,.,.
2021,2,26,29,.,.,.,.,.,.,.,.,.,.,.,.,.
2021,2,26,30,.,.,.,.,.,.,.,.,.,.,.,.,.
2021,2,26,31,.,.,.,.,.,.,.,.,.,.,.,.,.
2021,2,26,32,.,.,.,.,.,.,.,.,.,.,.,.,.
2021,2,26,33,.,.,.,.,.,.,.,.,.,.,.,.,.
2021,2,26,34,.,.,.,.,.,.,.,.,.,.,.,.,.
2021,2,26,35,.,.,.,.,.,.,.,.,.,.,.,.,.
2021,2,26,36,.,.,.,.,.,.,.,.,.,.,.,.,.
2021,2,26,37,.,.,.,.,.,.,.,.,.,.,.,.,.
2021,2,26,38,.,.,.,.,.,.,.,.,.,.,.,.,.
2021,2,26,39,.,.,.,.,.,.,.,.,.,.,.,.,.
2021,2,26,40,.,.,.,.,.,.,.,.,.,.,.,.,.
2021,2,26,41,.,.,.,.,.,.,.,.,.,.,.,.,.
2021,2,26,42,.,.,.,.,.,.,.,.,.,.,.,.,.
2021,2,26,43,.,.,.,.,.,.,.,.,.,.,.,.,.
2021,2,26,44,.,.,.,.,.,.,.,.,.,.,.,.,.
2021,2,26,45,.,.,.,.,.,.,.,.,.,.,.,.,.
2021,2,26,46,.,.,.,.,.,.,.,.,.,.,.,.,.
2021,2,26,47,.,.,.,.,.,.,.,.,.,.,.,.,.
2021,2,26,48,.,.,.,.,.,.,.,.,.,.,.,.,.
2021,2,26,49,.,.,.,.,.,.,.,.,.,.,.,.,.
2021,2,26,50,.,.,.,.,.,.,.,.,.,.,.,.,.
2021,2,26,51,.,.,.,.,.,.,.,.,.,.,.,.,.
2021,2,26,52,.,.,.,.,.,.,.,.,.,.,.,.,.
2021,2,26,53,.,.,.,.,.,.,.,.,.,.,.,.,.
2021,3,5,1,.,.,.,.,.,.,.,.,.,.,.,.,.
2021,3,5,2,.,.,.,.,.,.,.,.,.,.,.,.,.
2021,3,5,3,.,.,.,.,.,.,.,.,.,.,.,.,.
2021,3,5,4,.,.,.,.,.,.,.,.,.,.,.,.,.
2021,3,5,5,.,.,.,.,.,.,.,.,.,.,.,.,.
2021,3,5,6,.,.,.,.,.,.,.,.,.,.,.,.,.
2021,3,5,7,.,.,.,.,.,.,.,.,.,.,.,.,.
2021,3,5,8,.,.,.,.,.,.,.,.,.,.,.,.,.
2021,3,5,9,.,.,.,.,.,.,.,.,.,.,.,.,.
2021,3,5,10,.,.,.,.,.,.,.,.,.,.,.,.,.
2021,3,5,11,.,.,.,.,.,.,.,.,.,.,.,.,.
2021,3,5,12,.,.,.,.,.,.,.,.,.,.,.,.,.
2021,3,5,13,.,.,.,.,.,.,.,.,.,.,.,.,.
2021,3,5,14,.,.,.,.,.,.,.,.,.,.,.,.,.
2021,3,5,15,.,.,.,.,.,.,.,.,.,.,.,.,.
2021,3,5,16,.,.,.,.,.,.,.,.,.,.,.,.,.
2021,3,5,17,.,.,.,.,.,.,.,.,.,.,.,.,.
2021,3,5,18,.,.,.,.,.,.,.,.,.,.,.,.,.
2021,3,5,19,.,.,.,.,.,.,.,.,.,.,.,.,.
2021,3,5,20,.,.,.,.,.,.,.,.,.,.,.,.,.
2021,3,5,21,.,.,.,.,.,.,.,.,.,.,.,.,.
2021,3,5,22,.,.,.,.,.,.,.,.,.,.,.,.,.
2021,3,5,23,.,.,.,.,.,.,.,.,.,.,.,.,.
2021,3,5,24,.,.,.,.,.,.,.,.,.,.,.,.,.
2021,3,5,25,.,.,.,.,.,.,.,.,.,.,.,.,.
2021,3,5,26,.,.,.,.,.,.,.,.,.,.,.,.,.
2021,3,5,27,.,.,.,.,.,.,.,.,.,.,.,.,.
2021,3,5,28,.,.,.,.,.,.,.,.,.,.,.,.,.
2021,3,5,29,.,.,.,.,.,.,.,.,.,.,.,.,.
2021,3,5,30,.,.,.,.,.,.,.,.,.,.,.,.,.
2021,3,5,31,.,.,.,.,.,.,.,.,.,.,.,.,.
2021,3,5,32,.,.,.,.,.,.,.,.,.,.,.,.,.
2021,3,5,33,.,.,.,.,.,.,.,.,.,.,.,.,.
2021,3,5,34,.,.,.,.,.,.,.,.,.,.,.,.,.
2021,3,5,35,.,.,.,.,.,.,.,.,.,.,.,.,.
2021,3,5,36,.,.,.,.,.,.,.,.,.,.,.,.,.
2021,3,5,37,.,.,.,.,.,.,.,.,.,.,.,.,.
2021,3,5,38,.,.,.,.,.,.,.,.,.,.,.,.,.
2021,3,5,39,.,.,.,.,.,.,.,.,.,.,.,.,.
2021,3,5,40,.,.,.,.,.,.,.,.,.,.,.,.,.
2021,3,5,41,.,.,.,.,.,.,.,.,.,.,.,.,.
2021,3,5,42,.,.,.,.,.,.,.,.,.,.,.,.,.
2021,3,5,43,.,.,.,.,.,.,.,.,.,.,.,.,.
2021,3,5,44,.,.,.,.,.,.,.,.,.,.,.,.,.
2021,3,5,45,.,.,.,.,.,.,.,.,.,.,.,.,.
2021,3,5,46,.,.,.,.,.,.,.,.,.,.,.,.,.
2021,3,5,47,.,.,.,.,.,.,.,.,.,.,.,.,.
2021,3,5,48,.,.,.,.,.,.,.,.,.,.,.,.,.
2021,3,5,49,.,.,.,.,.,.,.,.,.,.,.,.,.
2021,3,5,50,.,.,.,.,.,.,.,.,.,.,.,.,.
2021,3,5,51,.,.,.,.,.,.,.,.,.,.,.,.,.
2021,3,5,52,.,.,.,.,.,.,.,.,.,.,.,.,.
2021,3,5,53,.,.,.,.,.,.,.,.,.,.,.,.,.
2021,3,12,1,.,.,.,.,.,.,.,.,.,.,.,.,.
2021,3,12,2,.,.,.,.,.,.,.,.,.,.,.,.,.
2021,3,12,3,.,.,.,.,.,.,.,.,.,.,.,.,.
2021,3,12,4,.,.,.,.,.,.,.,.,.,.,.,.,.
2021,3,12,5,.,.,.,.,.,.,.,.,.,.,.,.,.
2021,3,12,6,.,.,.,.,.,.,.,.,.,.,.,.,.
2021,3,12,7,.,.,.,.,.,.,.,.,.,.,.,.,.
2021,3,12,8,.,.,.,.,.,.,.,.,.,.,.,.,.
2021,3,12,9,.,.,.,.,.,.,.,.,.,.,.,.,.
2021,3,12,10,.,.,.,.,.,.,.,.,.,.,.,.,.
2021,3,12,11,.,.,.,.,.,.,.,.,.,.,.,.,.
2021,3,12,12,.,.,.,.,.,.,.,.,.,.,.,.,.
2021,3,12,13,.,.,.,.,.,.,.,.,.,.,.,.,.
2021,3,12,14,.,.,.,.,.,.,.,.,.,.,.,.,.
2021,3,12,15,.,.,.,.,.,.,.,.,.,.,.,.,.
2021,3,12,16,.,.,.,.,.,.,.,.,.,.,.,.,.
2021,3,12,17,.,.,.,.,.,.,.,.,.,.,.,.,.
2021,3,12,18,.,.,.,.,.,.,.,.,.,.,.,.,.
2021,3,12,19,.,.,.,.,.,.,.,.,.,.,.,.,.
2021,3,12,20,.,.,.,.,.,.,.,.,.,.,.,.,.
2021,3,12,21,.,.,.,.,.,.,.,.,.,.,.,.,.
2021,3,12,22,.,.,.,.,.,.,.,.,.,.,.,.,.
2021,3,12,23,.,.,.,.,.,.,.,.,.,.,.,.,.
2021,3,12,24,.,.,.,.,.,.,.,.,.,.,.,.,.
2021,3,12,25,.,.,.,.,.,.,.,.,.,.,.,.,.
2021,3,12,26,.,.,.,.,.,.,.,.,.,.,.,.,.
2021,3,12,27,.,.,.,.,.,.,.,.,.,.,.,.,.
2021,3,12,28,.,.,.,.,.,.,.,.,.,.,.,.,.
2021,3,12,29,.,.,.,.,.,.,.,.,.,.,.,.,.
2021,3,12,30,.,.,.,.,.,.,.,.,.,.,.,.,.
2021,3,12,31,.,.,.,.,.,.,.,.,.,.,.,.,.
2021,3,12,32,.,.,.,.,.,.,.,.,.,.,.,.,.
2021,3,12,33,.,.,.,.,.,.,.,.,.,.,.,.,.
2021,3,12,34,.,.,.,.,.,.,.,.,.,.,.,.,.
2021,3,12,35,.,.,.,.,.,.,.,.,.,.,.,.,.
2021,3,12,36,.,.,.,.,.,.,.,.,.,.,.,.,.
2021,3,12,37,.,.,.,.,.,.,.,.,.,.,.,.,.
2021,3,12,38,.,.,.,.,.,.,.,.,.,.,.,.,.
2021,3,12,39,.,.,.,.,.,.,.,.,.,.,.,.,.
2021,3,12,40,.,.,.,.,.,.,.,.,.,.,.,.,.
2021,3,12,41,.,.,.,.,.,.,.,.,.,.,.,.,.
2021,3,12,42,.,.,.,.,.,.,.,.,.,.,.,.,.
2021,3,12,43,.,.,.,.,.,.,.,.,.,.,.,.,.
2021,3,12,44,.,.,.,.,.,.,.,.,.,.,.,.,.
2021,3,12,45,.,.,.,.,.,.,.,.,.,.,.,.,.
2021,3,12,46,.,.,.,.,.,.,.,.,.,.,.,.,.
2021,3,12,47,.,.,.,.,.,.,.,.,.,.,.,.,.
2021,3,12,48,.,.,.,.,.,.,.,.,.,.,.,.,.
2021,3,12,49,.,.,.,.,.,.,.,.,.,.,.,.,.
2021,3,12,50,.,.,.,.,.,.,.,.,.,.,.,.,.
2021,3,12,51,.,.,.,.,.,.,.,.,.,.,.,.,.
2021,3,12,52,.,.,.,.,.,.,.,.,.,.,.,.,.
2021,3,12,53,.,.,.,.,.,.,.,.,.,.,.,.,.
2021,3,19,1,.,.,.,.,.,.,.,.,.,.,.,.,.
2021,3,19,2,.,.,.,.,.,.,.,.,.,.,.,.,.
2021,3,19,3,.,.,.,.,.,.,.,.,.,.,.,.,.
2021,3,19,4,.,.,.,.,.,.,.,.,.,.,.,.,.
2021,3,19,5,.,.,.,.,.,.,.,.,.,.,.,.,.
2021,3,19,6,.,.,.,.,.,.,.,.,.,.,.,.,.
2021,3,19,7,.,.,.,.,.,.,.,.,.,.,.,.,.
2021,3,19,8,.,.,.,.,.,.,.,.,.,.,.,.,.
2021,3,19,9,.,.,.,.,.,.,.,.,.,.,.,.,.
2021,3,19,10,.,.,.,.,.,.,.,.,.,.,.,.,.
2021,3,19,11,.,.,.,.,.,.,.,.,.,.,.,.,.
2021,3,19,12,.,.,.,.,.,.,.,.,.,.,.,.,.
2021,3,19,13,.,.,.,.,.,.,.,.,.,.,.,.,.
2021,3,19,14,.,.,.,.,.,.,.,.,.,.,.,.,.
2021,3,19,15,.,.,.,.,.,.,.,.,.,.,.,.,.
2021,3,19,16,.,.,.,.,.,.,.,.,.,.,.,.,.
2021,3,19,17,.,.,.,.,.,.,.,.,.,.,.,.,.
2021,3,19,18,.,.,.,.,.,.,.,.,.,.,.,.,.
2021,3,19,19,.,.,.,.,.,.,.,.,.,.,.,.,.
2021,3,19,20,.,.,.,.,.,.,.,.,.,.,.,.,.
2021,3,19,21,.,.,.,.,.,.,.,.,.,.,.,.,.
2021,3,19,22,.,.,.,.,.,.,.,.,.,.,.,.,.
2021,3,19,23,.,.,.,.,.,.,.,.,.,.,.,.,.
2021,3,19,24,.,.,.,.,.,.,.,.,.,.,.,.,.
2021,3,19,25,.,.,.,.,.,.,.,.,.,.,.,.,.
2021,3,19,26,.,.,.,.,.,.,.,.,.,.,.,.,.
2021,3,19,27,.,.,.,.,.,.,.,.,.,.,.,.,.
2021,3,19,28,.,.,.,.,.,.,.,.,.,.,.,.,.
2021,3,19,29,.,.,.,.,.,.,.,.,.,.,.,.,.
2021,3,19,30,.,.,.,.,.,.,.,.,.,.,.,.,.
2021,3,19,31,.,.,.,.,.,.,.,.,.,.,.,.,.
2021,3,19,32,.,.,.,.,.,.,.,.,.,.,.,.,.
2021,3,19,33,.,.,.,.,.,.,.,.,.,.,.,.,.
2021,3,19,34,.,.,.,.,.,.,.,.,.,.,.,.,.
2021,3,19,35,.,.,.,.,.,.,.,.,.,.,.,.,.
2021,3,19,36,.,.,.,.,.,.,.,.,.,.,.,.,.
2021,3,19,37,.,.,.,.,.,.,.,.,.,.,.,.,.
2021,3,19,38,.,.,.,.,.,.,.,.,.,.,.,.,.
2021,3,19,39,.,.,.,.,.,.,.,.,.,.,.,.,.
2021,3,19,40,.,.,.,.,.,.,.,.,.,.,.,.,.
2021,3,19,41,.,.,.,.,.,.,.,.,.,.,.,.,.
2021,3,19,42,.,.,.,.,.,.,.,.,.,.,.,.,.
2021,3,19,43,.,.,.,.,.,.,.,.,.,.,.,.,.
2021,3,19,44,.,.,.,.,.,.,.,.,.,.,.,.,.
2021,3,19,45,.,.,.,.,.,.,.,.,.,.,.,.,.
2021,3,19,46,.,.,.,.,.,.,.,.,.,.,.,.,.
2021,3,19,47,.,.,.,.,.,.,.,.,.,.,.,.,.
2021,3,19,48,.,.,.,.,.,.,.,.,.,.,.,.,.
2021,3,19,49,.,.,.,.,.,.,.,.,.,.,.,.,.
2021,3,19,50,.,.,.,.,.,.,.,.,.,.,.,.,.
2021,3,19,51,.,.,.,.,.,.,.,.,.,.,.,.,.
2021,3,19,52,.,.,.,.,.,.,.,.,.,.,.,.,.
2021,3,19,53,.,.,.,.,.,.,.,.,.,.,.,.,.
2021,3,26,1,.,.,.,.,.,.,.,.,.,.,.,.,.
2021,3,26,2,.,.,.,.,.,.,.,.,.,.,.,.,.
2021,3,26,3,.,.,.,.,.,.,.,.,.,.,.,.,.
2021,3,26,4,.,.,.,.,.,.,.,.,.,.,.,.,.
2021,3,26,5,.,.,.,.,.,.,.,.,.,.,.,.,.
2021,3,26,6,.,.,.,.,.,.,.,.,.,.,.,.,.
2021,3,26,7,.,.,.,.,.,.,.,.,.,.,.,.,.
2021,3,26,8,.,.,.,.,.,.,.,.,.,.,.,.,.
2021,3,26,9,.,.,.,.,.,.,.,.,.,.,.,.,.
2021,3,26,10,.,.,.,.,.,.,.,.,.,.,.,.,.
2021,3,26,11,.,.,.,.,.,.,.,.,.,.,.,.,.
2021,3,26,12,.,.,.,.,.,.,.,.,.,.,.,.,.
2021,3,26,13,.,.,.,.,.,.,.,.,.,.,.,.,.
2021,3,26,14,.,.,.,.,.,.,.,.,.,.,.,.,.
2021,3,26,15,.,.,.,.,.,.,.,.,.,.,.,.,.
2021,3,26,16,.,.,.,.,.,.,.,.,.,.,.,.,.
2021,3,26,17,.,.,.,.,.,.,.,.,.,.,.,.,.
2021,3,26,18,.,.,.,.,.,.,.,.,.,.,.,.,.
2021,3,26,19,.,.,.,.,.,.,.,.,.,.,.,.,.
2021,3,26,20,.,.,.,.,.,.,.,.,.,.,.,.,.
2021,3,26,21,.,.,.,.,.,.,.,.,.,.,.,.,.
2021,3,26,22,.,.,.,.,.,.,.,.,.,.,.,.,.
2021,3,26,23,.,.,.,.,.,.,.,.,.,.,.,.,.
2021,3,26,24,.,.,.,.,.,.,.,.,.,.,.,.,.
2021,3,26,25,.,.,.,.,.,.,.,.,.,.,.,.,.
2021,3,26,26,.,.,.,.,.,.,.,.,.,.,.,.,.
2021,3,26,27,.,.,.,.,.,.,.,.,.,.,.,.,.
2021,3,26,28,.,.,.,.,.,.,.,.,.,.,.,.,.
2021,3,26,29,.,.,.,.,.,.,.,.,.,.,.,.,.
2021,3,26,30,.,.,.,.,.,.,.,.,.,.,.,.,.
2021,3,26,31,.,.,.,.,.,.,.,.,.,.,.,.,.
2021,3,26,32,.,.,.,.,.,.,.,.,.,.,.,.,.
2021,3,26,33,.,.,.,.,.,.,.,.,.,.,.,.,.
2021,3,26,34,.,.,.,.,.,.,.,.,.,.,.,.,.
2021,3,26,35,.,.,.,.,.,.,.,.,.,.,.,.,.
2021,3,26,36,.,.,.,.,.,.,.,.,.,.,.,.,.
2021,3,26,37,.,.,.,.,.,.,.,.,.,.,.,.,.
2021,3,26,38,.,.,.,.,.,.,.,.,.,.,.,.,.
2021,3,26,39,.,.,.,.,.,.,.,.,.,.,.,.,.
2021,3,26,40,.,.,.,.,.,.,.,.,.,.,.,.,.
2021,3,26,41,.,.,.,.,.,.,.,.,.,.,.,.,.
2021,3,26,42,.,.,.,.,.,.,.,.,.,.,.,.,.
2021,3,26,43,.,.,.,.,.,.,.,.,.,.,.,.,.
2021,3,26,44,.,.,.,.,.,.,.,.,.,.,.,.,.
2021,3,26,45,.,.,.,.,.,.,.,.,.,.,.,.,.
2021,3,26,46,.,.,.,.,.,.,.,.,.,.,.,.,.
2021,3,26,47,.,.,.,.,.,.,.,.,.,.,.,.,.
2021,3,26,48,.,.,.,.,.,.,.,.,.,.,.,.,.
2021,3,26,49,.,.,.,.,.,.,.,.,.,.,.,.,.
2021,3,26,50,.,.,.,.,.,.,.,.,.,.,.,.,.
2021,3,26,51,.,.,.,.,.,.,.,.,.,.,.,.,.
2021,3,26,52,.,.,.,.,.,.,.,.,.,.,.,.,.
2021,3,26,53,.,.,.,.,.,.,.,.,.,.,.,.,.
2021,4,2,1,.,.,.,.,.,.,.,.,.,.,.,.,.
2021,4,2,2,.,.,.,.,.,.,.,.,.,.,.,.,.
2021,4,2,3,.,.,.,.,.,.,.,.,.,.,.,.,.
2021,4,2,4,.,.,.,.,.,.,.,.,.,.,.,.,.
2021,4,2,5,.,.,.,.,.,.,.,.,.,.,.,.,.
2021,4,2,6,.,.,.,.,.,.,.,.,.,.,.,.,.
2021,4,2,7,.,.,.,.,.,.,.,.,.,.,.,.,.
2021,4,2,8,.,.,.,.,.,.,.,.,.,.,.,.,.
2021,4,2,9,.,.,.,.,.,.,.,.,.,.,.,.,.
2021,4,2,10,.,.,.,.,.,.,.,.,.,.,.,.,.
2021,4,2,11,.,.,.,.,.,.,.,.,.,.,.,.,.
2021,4,2,12,.,.,.,.,.,.,.,.,.,.,.,.,.
2021,4,2,13,.,.,.,.,.,.,.,.,.,.,.,.,.
2021,4,2,14,.,.,.,.,.,.,.,.,.,.,.,.,.
2021,4,2,15,.,.,.,.,.,.,.,.,.,.,.,.,.
2021,4,2,16,.,.,.,.,.,.,.,.,.,.,.,.,.
2021,4,2,17,.,.,.,.,.,.,.,.,.,.,.,.,.
2021,4,2,18,.,.,.,.,.,.,.,.,.,.,.,.,.
2021,4,2,19,.,.,.,.,.,.,.,.,.,.,.,.,.
2021,4,2,20,.,.,.,.,.,.,.,.,.,.,.,.,.
2021,4,2,21,.,.,.,.,.,.,.,.,.,.,.,.,.
2021,4,2,22,.,.,.,.,.,.,.,.,.,.,.,.,.
2021,4,2,23,.,.,.,.,.,.,.,.,.,.,.,.,.
2021,4,2,24,.,.,.,.,.,.,.,.,.,.,.,.,.
2021,4,2,25,.,.,.,.,.,.,.,.,.,.,.,.,.
2021,4,2,26,.,.,.,.,.,.,.,.,.,.,.,.,.
2021,4,2,27,.,.,.,.,.,.,.,.,.,.,.,.,.
2021,4,2,28,.,.,.,.,.,.,.,.,.,.,.,.,.
2021,4,2,29,.,.,.,.,.,.,.,.,.,.,.,.,.
2021,4,2,30,.,.,.,.,.,.,.,.,.,.,.,.,.
2021,4,2,31,.,.,.,.,.,.,.,.,.,.,.,.,.
2021,4,2,32,.,.,.,.,.,.,.,.,.,.,.,.,.
2021,4,2,33,.,.,.,.,.,.,.,.,.,.,.,.,.
2021,4,2,34,.,.,.,.,.,.,.,.,.,.,.,.,.
2021,4,2,35,.,.,.,.,.,.,.,.,.,.,.,.,.
2021,4,2,36,.,.,.,.,.,.,.,.,.,.,.,.,.
2021,4,2,37,.,.,.,.,.,.,.,.,.,.,.,.,.
2021,4,2,38,.,.,.,.,.,.,.,.,.,.,.,.,.
2021,4,2,39,.,.,.,.,.,.,.,.,.,.,.,.,.
2021,4,2,40,.,.,.,.,.,.,.,.,.,.,.,.,.
2021,4,2,41,.,.,.,.,.,.,.,.,.,.,.,.,.
2021,4,2,42,.,.,.,.,.,.,.,.,.,.,.,.,.
2021,4,2,43,.,.,.,.,.,.,.,.,.,.,.,.,.
2021,4,2,44,.,.,.,.,.,.,.,.,.,.,.,.,.
2021,4,2,45,.,.,.,.,.,.,.,.,.,.,.,.,.
2021,4,2,46,.,.,.,.,.,.,.,.,.,.,.,.,.
2021,4,2,47,.,.,.,.,.,.,.,.,.,.,.,.,.
2021,4,2,48,.,.,.,.,.,.,.,.,.,.,.,.,.
2021,4,2,49,.,.,.,.,.,.,.,.,.,.,.,.,.
2021,4,2,50,.,.,.,.,.,.,.,.,.,.,.,.,.
2021,4,2,51,.,.,.,.,.,.,.,.,.,.,.,.,.
2021,4,2,52,.,.,.,.,.,.,.,.,.,.,.,.,.
2021,4,2,53,.,.,.,.,.,.,.,.,.,.,.,.,.
2021,4,9,1,.,.,.,.,.,.,.,.,.,.,.,.,.
2021,4,9,2,.,.,.,.,.,.,.,.,.,.,.,.,.
2021,4,9,3,.,.,.,.,.,.,.,.,.,.,.,.,.
2021,4,9,4,.,.,.,.,.,.,.,.,.,.,.,.,.
2021,4,9,5,.,.,.,.,.,.,.,.,.,.,.,.,.
2021,4,9,6,.,.,.,.,.,.,.,.,.,.,.,.,.
2021,4,9,7,.,.,.,.,.,.,.,.,.,.,.,.,.
2021,4,9,8,.,.,.,.,.,.,.,.,.,.,.,.,.
2021,4,9,9,.,.,.,.,.,.,.,.,.,.,.,.,.
2021,4,9,10,.,.,.,.,.,.,.,.,.,.,.,.,.
2021,4,9,11,.,.,.,.,.,.,.,.,.,.,.,.,.
2021,4,9,12,.,.,.,.,.,.,.,.,.,.,.,.,.
2021,4,9,13,.,.,.,.,.,.,.,.,.,.,.,.,.
2021,4,9,14,.,.,.,.,.,.,.,.,.,.,.,.,.
2021,4,9,15,.,.,.,.,.,.,.,.,.,.,.,.,.
2021,4,9,16,.,.,.,.,.,.,.,.,.,.,.,.,.
2021,4,9,17,.,.,.,.,.,.,.,.,.,.,.,.,.
2021,4,9,18,.,.,.,.,.,.,.,.,.,.,.,.,.
2021,4,9,19,.,.,.,.,.,.,.,.,.,.,.,.,.
2021,4,9,20,.,.,.,.,.,.,.,.,.,.,.,.,.
2021,4,9,21,.,.,.,.,.,.,.,.,.,.,.,.,.
2021,4,9,22,.,.,.,.,.,.,.,.,.,.,.,.,.
2021,4,9,23,.,.,.,.,.,.,.,.,.,.,.,.,.
2021,4,9,24,.,.,.,.,.,.,.,.,.,.,.,.,.
2021,4,9,25,.,.,.,.,.,.,.,.,.,.,.,.,.
2021,4,9,26,.,.,.,.,.,.,.,.,.,.,.,.,.
2021,4,9,27,.,.,.,.,.,.,.,.,.,.,.,.,.
2021,4,9,28,.,.,.,.,.,.,.,.,.,.,.,.,.
2021,4,9,29,.,.,.,.,.,.,.,.,.,.,.,.,.
2021,4,9,30,.,.,.,.,.,.,.,.,.,.,.,.,.
2021,4,9,31,.,.,.,.,.,.,.,.,.,.,.,.,.
2021,4,9,32,.,.,.,.,.,.,.,.,.,.,.,.,.
2021,4,9,33,.,.,.,.,.,.,.,.,.,.,.,.,.
2021,4,9,34,.,.,.,.,.,.,.,.,.,.,.,.,.
2021,4,9,35,.,.,.,.,.,.,.,.,.,.,.,.,.
2021,4,9,36,.,.,.,.,.,.,.,.,.,.,.,.,.
2021,4,9,37,.,.,.,.,.,.,.,.,.,.,.,.,.
2021,4,9,38,.,.,.,.,.,.,.,.,.,.,.,.,.
2021,4,9,39,.,.,.,.,.,.,.,.,.,.,.,.,.
2021,4,9,40,.,.,.,.,.,.,.,.,.,.,.,.,.
2021,4,9,41,.,.,.,.,.,.,.,.,.,.,.,.,.
2021,4,9,42,.,.,.,.,.,.,.,.,.,.,.,.,.
2021,4,9,43,.,.,.,.,.,.,.,.,.,.,.,.,.
2021,4,9,44,.,.,.,.,.,.,.,.,.,.,.,.,.
2021,4,9,45,.,.,.,.,.,.,.,.,.,.,.,.,.
2021,4,9,46,.,.,.,.,.,.,.,.,.,.,.,.,.
2021,4,9,47,.,.,.,.,.,.,.,.,.,.,.,.,.
2021,4,9,48,.,.,.,.,.,.,.,.,.,.,.,.,.
2021,4,9,49,.,.,.,.,.,.,.,.,.,.,.,.,.
2021,4,9,50,.,.,.,.,.,.,.,.,.,.,.,.,.
2021,4,9,51,.,.,.,.,.,.,.,.,.,.,.,.,.
2021,4,9,52,.,.,.,.,.,.,.,.,.,.,.,.,.
2021,4,9,53,.,.,.,.,.,.,.,.,.,.,.,.,.
2021,4,16,1,.,.,.,.,.,.,.,.,.,.,.,.,.
2021,4,16,2,.,.,.,.,.,.,.,.,.,.,.,.,.
2021,4,16,3,.,.,.,.,.,.,.,.,.,.,.,.,.
2021,4,16,4,.,.,.,.,.,.,.,.,.,.,.,.,.
2021,4,16,5,.,.,.,.,.,.,.,.,.,.,.,.,.
2021,4,16,6,.,.,.,.,.,.,.,.,.,.,.,.,.
2021,4,16,7,.,.,.,.,.,.,.,.,.,.,.,.,.
2021,4,16,8,.,.,.,.,.,.,.,.,.,.,.,.,.
2021,4,16,9,.,.,.,.,.,.,.,.,.,.,.,.,.
2021,4,16,10,.,.,.,.,.,.,.,.,.,.,.,.,.
2021,4,16,11,.,.,.,.,.,.,.,.,.,.,.,.,.
2021,4,16,12,.,.,.,.,.,.,.,.,.,.,.,.,.
2021,4,16,13,.,.,.,.,.,.,.,.,.,.,.,.,.
2021,4,16,14,.,.,.,.,.,.,.,.,.,.,.,.,.
2021,4,16,15,.,.,.,.,.,.,.,.,.,.,.,.,.
2021,4,16,16,.,.,.,.,.,.,.,.,.,.,.,.,.
2021,4,16,17,.,.,.,.,.,.,.,.,.,.,.,.,.
2021,4,16,18,.,.,.,.,.,.,.,.,.,.,.,.,.
2021,4,16,19,.,.,.,.,.,.,.,.,.,.,.,.,.
2021,4,16,20,.,.,.,.,.,.,.,.,.,.,.,.,.
2021,4,16,21,.,.,.,.,.,.,.,.,.,.,.,.,.
2021,4,16,22,.,.,.,.,.,.,.,.,.,.,.,.,.
2021,4,16,23,.,.,.,.,.,.,.,.,.,.,.,.,.
2021,4,16,24,.,.,.,.,.,.,.,.,.,.,.,.,.
2021,4,16,25,.,.,.,.,.,.,.,.,.,.,.,.,.
2021,4,16,26,.,.,.,.,.,.,.,.,.,.,.,.,.
2021,4,16,27,.,.,.,.,.,.,.,.,.,.,.,.,.
2021,4,16,28,.,.,.,.,.,.,.,.,.,.,.,.,.
2021,4,16,29,.,.,.,.,.,.,.,.,.,.,.,.,.
2021,4,16,30,.,.,.,.,.,.,.,.,.,.,.,.,.
2021,4,16,31,.,.,.,.,.,.,.,.,.,.,.,.,.
2021,4,16,32,.,.,.,.,.,.,.,.,.,.,.,.,.
2021,4,16,33,.,.,.,.,.,.,.,.,.,.,.,.,.
2021,4,16,34,.,.,.,.,.,.,.,.,.,.,.,.,.
2021,4,16,35,.,.,.,.,.,.,.,.,.,.,.,.,.
2021,4,16,36,.,.,.,.,.,.,.,.,.,.,.,.,.
2021,4,16,37,.,.,.,.,.,.,.,.,.,.,.,.,.
2021,4,16,38,.,.,.,.,.,.,.,.,.,.,.,.,.
2021,4,16,39,.,.,.,.,.,.,.,.,.,.,.,.,.
2021,4,16,40,.,.,.,.,.,.,.,.,.,.,.,.,.
2021,4,16,41,.,.,.,.,.,.,.,.,.,.,.,.,.
2021,4,16,42,.,.,.,.,.,.,.,.,.,.,.,.,.
2021,4,16,43,.,.,.,.,.,.,.,.,.,.,.,.,.
2021,4,16,44,.,.,.,.,.,.,.,.,.,.,.,.,.
2021,4,16,45,.,.,.,.,.,.,.,.,.,.,.,.,.
2021,4,16,46,.,.,.,.,.,.,.,.,.,.,.,.,.
2021,4,16,47,.,.,.,.,.,.,.,.,.,.,.,.,.
2021,4,16,48,.,.,.,.,.,.,.,.,.,.,.,.,.
2021,4,16,49,.,.,.,.,.,.,.,.,.,.,.,.,.
2021,4,16,50,.,.,.,.,.,.,.,.,.,.,.,.,.
2021,4,16,51,.,.,.,.,.,.,.,.,.,.,.,.,.
2021,4,16,52,.,.,.,.,.,.,.,.,.,.,.,.,.
2021,4,16,53,.,.,.,.,.,.,.,.,.,.,.,.,.
2021,4,23,1,.,.,.,.,.,.,.,.,.,.,.,.,.
2021,4,23,2,.,.,.,.,.,.,.,.,.,.,.,.,.
2021,4,23,3,.,.,.,.,.,.,.,.,.,.,.,.,.
2021,4,23,4,.,.,.,.,.,.,.,.,.,.,.,.,.
2021,4,23,5,.,.,.,.,.,.,.,.,.,.,.,.,.
2021,4,23,6,.,.,.,.,.,.,.,.,.,.,.,.,.
2021,4,23,7,.,.,.,.,.,.,.,.,.,.,.,.,.
2021,4,23,8,.,.,.,.,.,.,.,.,.,.,.,.,.
2021,4,23,9,.,.,.,.,.,.,.,.,.,.,.,.,.
2021,4,23,10,.,.,.,.,.,.,.,.,.,.,.,.,.
2021,4,23,11,.,.,.,.,.,.,.,.,.,.,.,.,.
2021,4,23,12,.,.,.,.,.,.,.,.,.,.,.,.,.
2021,4,23,13,.,.,.,.,.,.,.,.,.,.,.,.,.
2021,4,23,14,.,.,.,.,.,.,.,.,.,.,.,.,.
2021,4,23,15,.,.,.,.,.,.,.,.,.,.,.,.,.
2021,4,23,16,.,.,.,.,.,.,.,.,.,.,.,.,.
2021,4,23,17,.,.,.,.,.,.,.,.,.,.,.,.,.
2021,4,23,18,.,.,.,.,.,.,.,.,.,.,.,.,.
2021,4,23,19,.,.,.,.,.,.,.,.,.,.,.,.,.
2021,4,23,20,.,.,.,.,.,.,.,.,.,.,.,.,.
2021,4,23,21,.,.,.,.,.,.,.,.,.,.,.,.,.
2021,4,23,22,.,.,.,.,.,.,.,.,.,.,.,.,.
2021,4,23,23,.,.,.,.,.,.,.,.,.,.,.,.,.
2021,4,23,24,.,.,.,.,.,.,.,.,.,.,.,.,.
2021,4,23,25,.,.,.,.,.,.,.,.,.,.,.,.,.
2021,4,23,26,.,.,.,.,.,.,.,.,.,.,.,.,.
2021,4,23,27,.,.,.,.,.,.,.,.,.,.,.,.,.
2021,4,23,28,.,.,.,.,.,.,.,.,.,.,.,.,.
2021,4,23,29,.,.,.,.,.,.,.,.,.,.,.,.,.
2021,4,23,30,.,.,.,.,.,.,.,.,.,.,.,.,.
2021,4,23,31,.,.,.,.,.,.,.,.,.,.,.,.,.
2021,4,23,32,.,.,.,.,.,.,.,.,.,.,.,.,.
2021,4,23,33,.,.,.,.,.,.,.,.,.,.,.,.,.
2021,4,23,34,.,.,.,.,.,.,.,.,.,.,.,.,.
2021,4,23,35,.,.,.,.,.,.,.,.,.,.,.,.,.
2021,4,23,36,.,.,.,.,.,.,.,.,.,.,.,.,.
2021,4,23,37,.,.,.,.,.,.,.,.,.,.,.,.,.
2021,4,23,38,.,.,.,.,.,.,.,.,.,.,.,.,.
2021,4,23,39,.,.,.,.,.,.,.,.,.,.,.,.,.
2021,4,23,40,.,.,.,.,.,.,.,.,.,.,.,.,.
2021,4,23,41,.,.,.,.,.,.,.,.,.,.,.,.,.
2021,4,23,42,.,.,.,.,.,.,.,.,.,.,.,.,.
2021,4,23,43,.,.,.,.,.,.,.,.,.,.,.,.,.
2021,4,23,44,.,.,.,.,.,.,.,.,.,.,.,.,.
2021,4,23,45,.,.,.,.,.,.,.,.,.,.,.,.,.
2021,4,23,46,.,.,.,.,.,.,.,.,.,.,.,.,.
2021,4,23,47,.,.,.,.,.,.,.,.,.,.,.,.,.
2021,4,23,48,.,.,.,.,.,.,.,.,.,.,.,.,.
2021,4,23,49,.,.,.,.,.,.,.,.,.,.,.,.,.
2021,4,23,50,.,.,.,.,.,.,.,.,.,.,.,.,.
2021,4,23,51,.,.,.,.,.,.,.,.,.,.,.,.,.
2021,4,23,52,.,.,.,.,.,.,.,.,.,.,.,.,.
2021,4,23,53,.,.,.,.,.,.,.,.,.,.,.,.,.
2021,4,30,1,.,.,.,.,.,.,.,.,.,.,.,.,.
2021,4,30,2,.,.,.,.,.,.,.,.,.,.,.,.,.
2021,4,30,3,.,.,.,.,.,.,.,.,.,.,.,.,.
2021,4,30,4,.,.,.,.,.,.,.,.,.,.,.,.,.
2021,4,30,5,.,.,.,.,.,.,.,.,.,.,.,.,.
2021,4,30,6,.,.,.,.,.,.,.,.,.,.,.,.,.
2021,4,30,7,.,.,.,.,.,.,.,.,.,.,.,.,.
2021,4,30,8,.,.,.,.,.,.,.,.,.,.,.,.,.
2021,4,30,9,.,.,.,.,.,.,.,.,.,.,.,.,.
2021,4,30,10,.,.,.,.,.,.,.,.,.,.,.,.,.
2021,4,30,11,.,.,.,.,.,.,.,.,.,.,.,.,.
2021,4,30,12,.,.,.,.,.,.,.,.,.,.,.,.,.
2021,4,30,13,.,.,.,.,.,.,.,.,.,.,.,.,.
2021,4,30,14,.,.,.,.,.,.,.,.,.,.,.,.,.
2021,4,30,15,.,.,.,.,.,.,.,.,.,.,.,.,.
2021,4,30,16,.,.,.,.,.,.,.,.,.,.,.,.,.
2021,4,30,17,.,.,.,.,.,.,.,.,.,.,.,.,.
2021,4,30,18,.,.,.,.,.,.,.,.,.,.,.,.,.
2021,4,30,19,.,.,.,.,.,.,.,.,.,.,.,.,.
2021,4,30,20,.,.,.,.,.,.,.,.,.,.,.,.,.
2021,4,30,21,.,.,.,.,.,.,.,.,.,.,.,.,.
2021,4,30,22,.,.,.,.,.,.,.,.,.,.,.,.,.
2021,4,30,23,.,.,.,.,.,.,.,.,.,.,.,.,.
2021,4,30,24,.,.,.,.,.,.,.,.,.,.,.,.,.
2021,4,30,25,.,.,.,.,.,.,.,.,.,.,.,.,.
2021,4,30,26,.,.,.,.,.,.,.,.,.,.,.,.,.
2021,4,30,27,.,.,.,.,.,.,.,.,.,.,.,.,.
2021,4,30,28,.,.,.,.,.,.,.,.,.,.,.,.,.
2021,4,30,29,.,.,.,.,.,.,.,.,.,.,.,.,.
2021,4,30,30,.,.,.,.,.,.,.,.,.,.,.,.,.
2021,4,30,31,.,.,.,.,.,.,.,.,.,.,.,.,.
2021,4,30,32,.,.,.,.,.,.,.,.,.,.,.,.,.
2021,4,30,33,.,.,.,.,.,.,.,.,.,.,.,.,.
2021,4,30,34,.,.,.,.,.,.,.,.,.,.,.,.,.
2021,4,30,35,.,.,.,.,.,.,.,.,.,.,.,.,.
2021,4,30,36,.,.,.,.,.,.,.,.,.,.,.,.,.
2021,4,30,37,.,.,.,.,.,.,.,.,.,.,.,.,.
2021,4,30,38,.,.,.,.,.,.,.,.,.,.,.,.,.
2021,4,30,39,.,.,.,.,.,.,.,.,.,.,.,.,.
2021,4,30,40,.,.,.,.,.,.,.,.,.,.,.,.,.
2021,4,30,41,.,.,.,.,.,.,.,.,.,.,.,.,.
2021,4,30,42,.,.,.,.,.,.,.,.,.,.,.,.,.
2021,4,30,43,.,.,.,.,.,.,.,.,.,.,.,.,.
2021,4,30,44,.,.,.,.,.,.,.,.,.,.,.,.,.
2021,4,30,45,.,.,.,.,.,.,.,.,.,.,.,.,.
2021,4,30,46,.,.,.,.,.,.,.,.,.,.,.,.,.
2021,4,30,47,.,.,.,.,.,.,.,.,.,.,.,.,.
2021,4,30,48,.,.,.,.,.,.,.,.,.,.,.,.,.
2021,4,30,49,.,.,.,.,.,.,.,.,.,.,.,.,.
2021,4,30,50,.,.,.,.,.,.,.,.,.,.,.,.,.
2021,4,30,51,.,.,.,.,.,.,.,.,.,.,.,.,.
2021,4,30,52,.,.,.,.,.,.,.,.,.,.,.,.,.
2021,4,30,53,.,.,.,.,.,.,.,.,.,.,.,.,.
2021,5,7,1,.,.,.,.,.,.,.,.,.,.,.,.,.
2021,5,7,2,.,.,.,.,.,.,.,.,.,.,.,.,.
2021,5,7,3,.,.,.,.,.,.,.,.,.,.,.,.,.
2021,5,7,4,.,.,.,.,.,.,.,.,.,.,.,.,.
2021,5,7,5,.,.,.,.,.,.,.,.,.,.,.,.,.
2021,5,7,6,.,.,.,.,.,.,.,.,.,.,.,.,.
2021,5,7,7,.,.,.,.,.,.,.,.,.,.,.,.,.
2021,5,7,8,.,.,.,.,.,.,.,.,.,.,.,.,.
2021,5,7,9,.,.,.,.,.,.,.,.,.,.,.,.,.
2021,5,7,10,.,.,.,.,.,.,.,.,.,.,.,.,.
2021,5,7,11,.,.,.,.,.,.,.,.,.,.,.,.,.
2021,5,7,12,.,.,.,.,.,.,.,.,.,.,.,.,.
2021,5,7,13,.,.,.,.,.,.,.,.,.,.,.,.,.
2021,5,7,14,.,.,.,.,.,.,.,.,.,.,.,.,.
2021,5,7,15,.,.,.,.,.,.,.,.,.,.,.,.,.
2021,5,7,16,.,.,.,.,.,.,.,.,.,.,.,.,.
2021,5,7,17,.,.,.,.,.,.,.,.,.,.,.,.,.
2021,5,7,18,.,.,.,.,.,.,.,.,.,.,.,.,.
2021,5,7,19,.,.,.,.,.,.,.,.,.,.,.,.,.
2021,5,7,20,.,.,.,.,.,.,.,.,.,.,.,.,.
2021,5,7,21,.,.,.,.,.,.,.,.,.,.,.,.,.
2021,5,7,22,.,.,.,.,.,.,.,.,.,.,.,.,.
2021,5,7,23,.,.,.,.,.,.,.,.,.,.,.,.,.
2021,5,7,24,.,.,.,.,.,.,.,.,.,.,.,.,.
2021,5,7,25,.,.,.,.,.,.,.,.,.,.,.,.,.
2021,5,7,26,.,.,.,.,.,.,.,.,.,.,.,.,.
2021,5,7,27,.,.,.,.,.,.,.,.,.,.,.,.,.
2021,5,7,28,.,.,.,.,.,.,.,.,.,.,.,.,.
2021,5,7,29,.,.,.,.,.,.,.,.,.,.,.,.,.
2021,5,7,30,.,.,.,.,.,.,.,.,.,.,.,.,.
2021,5,7,31,.,.,.,.,.,.,.,.,.,.,.,.,.
2021,5,7,32,.,.,.,.,.,.,.,.,.,.,.,.,.
2021,5,7,33,.,.,.,.,.,.,.,.,.,.,.,.,.
2021,5,7,34,.,.,.,.,.,.,.,.,.,.,.,.,.
2021,5,7,35,.,.,.,.,.,.,.,.,.,.,.,.,.
2021,5,7,36,.,.,.,.,.,.,.,.,.,.,.,.,.
2021,5,7,37,.,.,.,.,.,.,.,.,.,.,.,.,.
2021,5,7,38,.,.,.,.,.,.,.,.,.,.,.,.,.
2021,5,7,39,.,.,.,.,.,.,.,.,.,.,.,.,.
2021,5,7,40,.,.,.,.,.,.,.,.,.,.,.,.,.
2021,5,7,41,.,.,.,.,.,.,.,.,.,.,.,.,.
2021,5,7,42,.,.,.,.,.,.,.,.,.,.,.,.,.
2021,5,7,43,.,.,.,.,.,.,.,.,.,.,.,.,.
2021,5,7,44,.,.,.,.,.,.,.,.,.,.,.,.,.
2021,5,7,45,.,.,.,.,.,.,.,.,.,.,.,.,.
2021,5,7,46,.,.,.,.,.,.,.,.,.,.,.,.,.
2021,5,7,47,.,.,.,.,.,.,.,.,.,.,.,.,.
2021,5,7,48,.,.,.,.,.,.,.,.,.,.,.,.,.
2021,5,7,49,.,.,.,.,.,.,.,.,.,.,.,.,.
2021,5,7,50,.,.,.,.,.,.,.,.,.,.,.,.,.
2021,5,7,51,.,.,.,.,.,.,.,.,.,.,.,.,.
2021,5,7,52,.,.,.,.,.,.,.,.,.,.,.,.,.
2021,5,7,53,.,.,.,.,.,.,.,.,.,.,.,.,.
2021,5,14,1,.,.,.,.,.,.,.,.,.,.,.,.,.
2021,5,14,2,.,.,.,.,.,.,.,.,.,.,.,.,.
2021,5,14,3,.,.,.,.,.,.,.,.,.,.,.,.,.
2021,5,14,4,.,.,.,.,.,.,.,.,.,.,.,.,.
2021,5,14,5,.,.,.,.,.,.,.,.,.,.,.,.,.
2021,5,14,6,.,.,.,.,.,.,.,.,.,.,.,.,.
2021,5,14,7,.,.,.,.,.,.,.,.,.,.,.,.,.
2021,5,14,8,.,.,.,.,.,.,.,.,.,.,.,.,.
2021,5,14,9,.,.,.,.,.,.,.,.,.,.,.,.,.
2021,5,14,10,.,.,.,.,.,.,.,.,.,.,.,.,.
2021,5,14,11,.,.,.,.,.,.,.,.,.,.,.,.,.
2021,5,14,12,.,.,.,.,.,.,.,.,.,.,.,.,.
2021,5,14,13,.,.,.,.,.,.,.,.,.,.,.,.,.
2021,5,14,14,.,.,.,.,.,.,.,.,.,.,.,.,.
2021,5,14,15,.,.,.,.,.,.,.,.,.,.,.,.,.
2021,5,14,16,.,.,.,.,.,.,.,.,.,.,.,.,.
2021,5,14,17,.,.,.,.,.,.,.,.,.,.,.,.,.
2021,5,14,18,.,.,.,.,.,.,.,.,.,.,.,.,.
2021,5,14,19,.,.,.,.,.,.,.,.,.,.,.,.,.
2021,5,14,20,.,.,.,.,.,.,.,.,.,.,.,.,.
2021,5,14,21,.,.,.,.,.,.,.,.,.,.,.,.,.
2021,5,14,22,.,.,.,.,.,.,.,.,.,.,.,.,.
2021,5,14,23,.,.,.,.,.,.,.,.,.,.,.,.,.
2021,5,14,24,.,.,.,.,.,.,.,.,.,.,.,.,.
2021,5,14,25,.,.,.,.,.,.,.,.,.,.,.,.,.
2021,5,14,26,.,.,.,.,.,.,.,.,.,.,.,.,.
2021,5,14,27,.,.,.,.,.,.,.,.,.,.,.,.,.
2021,5,14,28,.,.,.,.,.,.,.,.,.,.,.,.,.
2021,5,14,29,.,.,.,.,.,.,.,.,.,.,.,.,.
2021,5,14,30,.,.,.,.,.,.,.,.,.,.,.,.,.
2021,5,14,31,.,.,.,.,.,.,.,.,.,.,.,.,.
2021,5,14,32,.,.,.,.,.,.,.,.,.,.,.,.,.
2021,5,14,33,.,.,.,.,.,.,.,.,.,.,.,.,.
2021,5,14,34,.,.,.,.,.,.,.,.,.,.,.,.,.
2021,5,14,35,.,.,.,.,.,.,.,.,.,.,.,.,.
2021,5,14,36,.,.,.,.,.,.,.,.,.,.,.,.,.
2021,5,14,37,.,.,.,.,.,.,.,.,.,.,.,.,.
2021,5,14,38,.,.,.,.,.,.,.,.,.,.,.,.,.
2021,5,14,39,.,.,.,.,.,.,.,.,.,.,.,.,.
2021,5,14,40,.,.,.,.,.,.,.,.,.,.,.,.,.
2021,5,14,41,.,.,.,.,.,.,.,.,.,.,.,.,.
2021,5,14,42,.,.,.,.,.,.,.,.,.,.,.,.,.
2021,5,14,43,.,.,.,.,.,.,.,.,.,.,.,.,.
2021,5,14,44,.,.,.,.,.,.,.,.,.,.,.,.,.
2021,5,14,45,.,.,.,.,.,.,.,.,.,.,.,.,.
2021,5,14,46,.,.,.,.,.,.,.,.,.,.,.,.,.
2021,5,14,47,.,.,.,.,.,.,.,.,.,.,.,.,.
2021,5,14,48,.,.,.,.,.,.,.,.,.,.,.,.,.
2021,5,14,49,.,.,.,.,.,.,.,.,.,.,.,.,.
2021,5,14,50,.,.,.,.,.,.,.,.,.,.,.,.,.
2021,5,14,51,.,.,.,.,.,.,.,.,.,.,.,.,.
2021,5,14,52,.,.,.,.,.,.,.,.,.,.,.,.,.
2021,5,14,53,.,.,.,.,.,.,.,.,.,.,.,.,.
2021,5,21,1,.,.,.,.,.,.,.,.,.,.,.,.,.
2021,5,21,2,.,.,.,.,.,.,.,.,.,.,.,.,.
2021,5,21,3,.,.,.,.,.,.,.,.,.,.,.,.,.
2021,5,21,4,.,.,.,.,.,.,.,.,.,.,.,.,.
2021,5,21,5,.,.,.,.,.,.,.,.,.,.,.,.,.
2021,5,21,6,.,.,.,.,.,.,.,.,.,.,.,.,.
2021,5,21,7,.,.,.,.,.,.,.,.,.,.,.,.,.
2021,5,21,8,.,.,.,.,.,.,.,.,.,.,.,.,.
2021,5,21,9,.,.,.,.,.,.,.,.,.,.,.,.,.
2021,5,21,10,.,.,.,.,.,.,.,.,.,.,.,.,.
2021,5,21,11,.,.,.,.,.,.,.,.,.,.,.,.,.
2021,5,21,12,.,.,.,.,.,.,.,.,.,.,.,.,.
2021,5,21,13,.,.,.,.,.,.,.,.,.,.,.,.,.
2021,5,21,14,.,.,.,.,.,.,.,.,.,.,.,.,.
2021,5,21,15,.,.,.,.,.,.,.,.,.,.,.,.,.
2021,5,21,16,.,.,.,.,.,.,.,.,.,.,.,.,.
2021,5,21,17,.,.,.,.,.,.,.,.,.,.,.,.,.
2021,5,21,18,.,.,.,.,.,.,.,.,.,.,.,.,.
2021,5,21,19,.,.,.,.,.,.,.,.,.,.,.,.,.
2021,5,21,20,.,.,.,.,.,.,.,.,.,.,.,.,.
2021,5,21,21,.,.,.,.,.,.,.,.,.,.,.,.,.
2021,5,21,22,.,.,.,.,.,.,.,.,.,.,.,.,.
2021,5,21,23,.,.,.,.,.,.,.,.,.,.,.,.,.
2021,5,21,24,.,.,.,.,.,.,.,.,.,.,.,.,.
2021,5,21,25,.,.,.,.,.,.,.,.,.,.,.,.,.
2021,5,21,26,.,.,.,.,.,.,.,.,.,.,.,.,.
2021,5,21,27,.,.,.,.,.,.,.,.,.,.,.,.,.
2021,5,21,28,.,.,.,.,.,.,.,.,.,.,.,.,.
2021,5,21,29,.,.,.,.,.,.,.,.,.,.,.,.,.
2021,5,21,30,.,.,.,.,.,.,.,.,.,.,.,.,.
2021,5,21,31,.,.,.,.,.,.,.,.,.,.,.,.,.
2021,5,21,32,.,.,.,.,.,.,.,.,.,.,.,.,.
2021,5,21,33,.,.,.,.,.,.,.,.,.,.,.,.,.
2021,5,21,34,.,.,.,.,.,.,.,.,.,.,.,.,.
2021,5,21,35,.,.,.,.,.,.,.,.,.,.,.,.,.
2021,5,21,36,.,.,.,.,.,.,.,.,.,.,.,.,.
2021,5,21,37,.,.,.,.,.,.,.,.,.,.,.,.,.
2021,5,21,38,.,.,.,.,.,.,.,.,.,.,.,.,.
2021,5,21,39,.,.,.,.,.,.,.,.,.,.,.,.,.
2021,5,21,40,.,.,.,.,.,.,.,.,.,.,.,.,.
2021,5,21,41,.,.,.,.,.,.,.,.,.,.,.,.,.
2021,5,21,42,.,.,.,.,.,.,.,.,.,.,.,.,.
2021,5,21,43,.,.,.,.,.,.,.,.,.,.,.,.,.
2021,5,21,44,.,.,.,.,.,.,.,.,.,.,.,.,.
2021,5,21,45,.,.,.,.,.,.,.,.,.,.,.,.,.
2021,5,21,46,.,.,.,.,.,.,.,.,.,.,.,.,.
2021,5,21,47,.,.,.,.,.,.,.,.,.,.,.,.,.
2021,5,21,48,.,.,.,.,.,.,.,.,.,.,.,.,.
2021,5,21,49,.,.,.,.,.,.,.,.,.,.,.,.,.
2021,5,21,50,.,.,.,.,.,.,.,.,.,.,.,.,.
2021,5,21,51,.,.,.,.,.,.,.,.,.,.,.,.,.
2021,5,21,52,.,.,.,.,.,.,.,.,.,.,.,.,.
2021,5,21,53,.,.,.,.,.,.,.,.,.,.,.,.,.
2021,5,28,1,.,.,.,.,.,.,.,.,.,.,.,.,.
2021,5,28,2,.,.,.,.,.,.,.,.,.,.,.,.,.
2021,5,28,3,.,.,.,.,.,.,.,.,.,.,.,.,.
2021,5,28,4,.,.,.,.,.,.,.,.,.,.,.,.,.
2021,5,28,5,.,.,.,.,.,.,.,.,.,.,.,.,.
2021,5,28,6,.,.,.,.,.,.,.,.,.,.,.,.,.
2021,5,28,7,.,.,.,.,.,.,.,.,.,.,.,.,.
2021,5,28,8,.,.,.,.,.,.,.,.,.,.,.,.,.
2021,5,28,9,.,.,.,.,.,.,.,.,.,.,.,.,.
2021,5,28,10,.,.,.,.,.,.,.,.,.,.,.,.,.
2021,5,28,11,.,.,.,.,.,.,.,.,.,.,.,.,.
2021,5,28,12,.,.,.,.,.,.,.,.,.,.,.,.,.
2021,5,28,13,.,.,.,.,.,.,.,.,.,.,.,.,.
2021,5,28,14,.,.,.,.,.,.,.,.,.,.,.,.,.
2021,5,28,15,.,.,.,.,.,.,.,.,.,.,.,.,.
2021,5,28,16,.,.,.,.,.,.,.,.,.,.,.,.,.
2021,5,28,17,.,.,.,.,.,.,.,.,.,.,.,.,.
2021,5,28,18,.,.,.,.,.,.,.,.,.,.,.,.,.
2021,5,28,19,.,.,.,.,.,.,.,.,.,.,.,.,.
2021,5,28,20,.,.,.,.,.,.,.,.,.,.,.,.,.
2021,5,28,21,.,.,.,.,.,.,.,.,.,.,.,.,.
2021,5,28,22,.,.,.,.,.,.,.,.,.,.,.,.,.
2021,5,28,23,.,.,.,.,.,.,.,.,.,.,.,.,.
2021,5,28,24,.,.,.,.,.,.,.,.,.,.,.,.,.
2021,5,28,25,.,.,.,.,.,.,.,.,.,.,.,.,.
2021,5,28,26,.,.,.,.,.,.,.,.,.,.,.,.,.
2021,5,28,27,.,.,.,.,.,.,.,.,.,.,.,.,.
2021,5,28,28,.,.,.,.,.,.,.,.,.,.,.,.,.
2021,5,28,29,.,.,.,.,.,.,.,.,.,.,.,.,.
2021,5,28,30,.,.,.,.,.,.,.,.,.,.,.,.,.
2021,5,28,31,.,.,.,.,.,.,.,.,.,.,.,.,.
2021,5,28,32,.,.,.,.,.,.,.,.,.,.,.,.,.
2021,5,28,33,.,.,.,.,.,.,.,.,.,.,.,.,.
2021,5,28,34,.,.,.,.,.,.,.,.,.,.,.,.,.
2021,5,28,35,.,.,.,.,.,.,.,.,.,.,.,.,.
2021,5,28,36,.,.,.,.,.,.,.,.,.,.,.,.,.
2021,5,28,37,.,.,.,.,.,.,.,.,.,.,.,.,.
2021,5,28,38,.,.,.,.,.,.,.,.,.,.,.,.,.
2021,5,28,39,.,.,.,.,.,.,.,.,.,.,.,.,.
2021,5,28,40,.,.,.,.,.,.,.,.,.,.,.,.,.
2021,5,28,41,.,.,.,.,.,.,.,.,.,.,.,.,.
2021,5,28,42,.,.,.,.,.,.,.,.,.,.,.,.,.
2021,5,28,43,.,.,.,.,.,.,.,.,.,.,.,.,.
2021,5,28,44,.,.,.,.,.,.,.,.,.,.,.,.,.
2021,5,28,45,.,.,.,.,.,.,.,.,.,.,.,.,.
2021,5,28,46,.,.,.,.,.,.,.,.,.,.,.,.,.
2021,5,28,47,.,.,.,.,.,.,.,.,.,.,.,.,.
2021,5,28,48,.,.,.,.,.,.,.,.,.,.,.,.,.
2021,5,28,49,.,.,.,.,.,.,.,.,.,.,.,.,.
2021,5,28,50,.,.,.,.,.,.,.,.,.,.,.,.,.
2021,5,28,51,.,.,.,.,.,.,.,.,.,.,.,.,.
2021,5,28,52,.,.,.,.,.,.,.,.,.,.,.,.,.
2021,5,28,53,.,.,.,.,.,.,.,.,.,.,.,.,.
2021,6,4,1,.,.,.,.,.,.,.,.,.,.,.,.,.
2021,6,4,2,.,.,.,.,.,.,.,.,.,.,.,.,.
2021,6,4,3,.,.,.,.,.,.,.,.,.,.,.,.,.
2021,6,4,4,.,.,.,.,.,.,.,.,.,.,.,.,.
2021,6,4,5,.,.,.,.,.,.,.,.,.,.,.,.,.
2021,6,4,6,.,.,.,.,.,.,.,.,.,.,.,.,.
2021,6,4,7,.,.,.,.,.,.,.,.,.,.,.,.,.
2021,6,4,8,.,.,.,.,.,.,.,.,.,.,.,.,.
2021,6,4,9,.,.,.,.,.,.,.,.,.,.,.,.,.
2021,6,4,10,.,.,.,.,.,.,.,.,.,.,.,.,.
2021,6,4,11,.,.,.,.,.,.,.,.,.,.,.,.,.
2021,6,4,12,.,.,.,.,.,.,.,.,.,.,.,.,.
2021,6,4,13,.,.,.,.,.,.,.,.,.,.,.,.,.
2021,6,4,14,.,.,.,.,.,.,.,.,.,.,.,.,.
2021,6,4,15,.,.,.,.,.,.,.,.,.,.,.,.,.
2021,6,4,16,.,.,.,.,.,.,.,.,.,.,.,.,.
2021,6,4,17,.,.,.,.,.,.,.,.,.,.,.,.,.
2021,6,4,18,.,.,.,.,.,.,.,.,.,.,.,.,.
2021,6,4,19,.,.,.,.,.,.,.,.,.,.,.,.,.
2021,6,4,20,.,.,.,.,.,.,.,.,.,.,.,.,.
2021,6,4,21,.,.,.,.,.,.,.,.,.,.,.,.,.
2021,6,4,22,.,.,.,.,.,.,.,.,.,.,.,.,.
2021,6,4,23,.,.,.,.,.,.,.,.,.,.,.,.,.
2021,6,4,24,.,.,.,.,.,.,.,.,.,.,.,.,.
2021,6,4,25,.,.,.,.,.,.,.,.,.,.,.,.,.
2021,6,4,26,.,.,.,.,.,.,.,.,.,.,.,.,.
2021,6,4,27,.,.,.,.,.,.,.,.,.,.,.,.,.
2021,6,4,28,.,.,.,.,.,.,.,.,.,.,.,.,.
2021,6,4,29,.,.,.,.,.,.,.,.,.,.,.,.,.
2021,6,4,30,.,.,.,.,.,.,.,.,.,.,.,.,.
2021,6,4,31,.,.,.,.,.,.,.,.,.,.,.,.,.
2021,6,4,32,.,.,.,.,.,.,.,.,.,.,.,.,.
2021,6,4,33,.,.,.,.,.,.,.,.,.,.,.,.,.
2021,6,4,34,.,.,.,.,.,.,.,.,.,.,.,.,.
2021,6,4,35,.,.,.,.,.,.,.,.,.,.,.,.,.
2021,6,4,36,.,.,.,.,.,.,.,.,.,.,.,.,.
2021,6,4,37,.,.,.,.,.,.,.,.,.,.,.,.,.
2021,6,4,38,.,.,.,.,.,.,.,.,.,.,.,.,.
2021,6,4,39,.,.,.,.,.,.,.,.,.,.,.,.,.
2021,6,4,40,.,.,.,.,.,.,.,.,.,.,.,.,.
2021,6,4,41,.,.,.,.,.,.,.,.,.,.,.,.,.
2021,6,4,42,.,.,.,.,.,.,.,.,.,.,.,.,.
2021,6,4,43,.,.,.,.,.,.,.,.,.,.,.,.,.
2021,6,4,44,.,.,.,.,.,.,.,.,.,.,.,.,.
2021,6,4,45,.,.,.,.,.,.,.,.,.,.,.,.,.
2021,6,4,46,.,.,.,.,.,.,.,.,.,.,.,.,.
2021,6,4,47,.,.,.,.,.,.,.,.,.,.,.,.,.
2021,6,4,48,.,.,.,.,.,.,.,.,.,.,.,.,.
2021,6,4,49,.,.,.,.,.,.,.,.,.,.,.,.,.
2021,6,4,50,.,.,.,.,.,.,.,.,.,.,.,.,.
2021,6,4,51,.,.,.,.,.,.,.,.,.,.,.,.,.
2021,6,4,52,.,.,.,.,.,.,.,.,.,.,.,.,.
2021,6,4,53,.,.,.,.,.,.,.,.,.,.,.,.,.
2021,6,11,1,.,.,.,.,.,.,.,.,.,.,.,.,.
2021,6,11,2,.,.,.,.,.,.,.,.,.,.,.,.,.
2021,6,11,3,.,.,.,.,.,.,.,.,.,.,.,.,.
2021,6,11,4,.,.,.,.,.,.,.,.,.,.,.,.,.
2021,6,11,5,.,.,.,.,.,.,.,.,.,.,.,.,.
2021,6,11,6,.,.,.,.,.,.,.,.,.,.,.,.,.
2021,6,11,7,.,.,.,.,.,.,.,.,.,.,.,.,.
2021,6,11,8,.,.,.,.,.,.,.,.,.,.,.,.,.
2021,6,11,9,.,.,.,.,.,.,.,.,.,.,.,.,.
2021,6,11,10,.,.,.,.,.,.,.,.,.,.,.,.,.
2021,6,11,11,.,.,.,.,.,.,.,.,.,.,.,.,.
2021,6,11,12,.,.,.,.,.,.,.,.,.,.,.,.,.
2021,6,11,13,.,.,.,.,.,.,.,.,.,.,.,.,.
2021,6,11,14,.,.,.,.,.,.,.,.,.,.,.,.,.
2021,6,11,15,.,.,.,.,.,.,.,.,.,.,.,.,.
2021,6,11,16,.,.,.,.,.,.,.,.,.,.,.,.,.
2021,6,11,17,.,.,.,.,.,.,.,.,.,.,.,.,.
2021,6,11,18,.,.,.,.,.,.,.,.,.,.,.,.,.
2021,6,11,19,.,.,.,.,.,.,.,.,.,.,.,.,.
2021,6,11,20,.,.,.,.,.,.,.,.,.,.,.,.,.
2021,6,11,21,.,.,.,.,.,.,.,.,.,.,.,.,.
2021,6,11,22,.,.,.,.,.,.,.,.,.,.,.,.,.
2021,6,11,23,.,.,.,.,.,.,.,.,.,.,.,.,.
2021,6,11,24,.,.,.,.,.,.,.,.,.,.,.,.,.
2021,6,11,25,.,.,.,.,.,.,.,.,.,.,.,.,.
2021,6,11,26,.,.,.,.,.,.,.,.,.,.,.,.,.
2021,6,11,27,.,.,.,.,.,.,.,.,.,.,.,.,.
2021,6,11,28,.,.,.,.,.,.,.,.,.,.,.,.,.
2021,6,11,29,.,.,.,.,.,.,.,.,.,.,.,.,.
2021,6,11,30,.,.,.,.,.,.,.,.,.,.,.,.,.
2021,6,11,31,.,.,.,.,.,.,.,.,.,.,.,.,.
2021,6,11,32,.,.,.,.,.,.,.,.,.,.,.,.,.
2021,6,11,33,.,.,.,.,.,.,.,.,.,.,.,.,.
2021,6,11,34,.,.,.,.,.,.,.,.,.,.,.,.,.
2021,6,11,35,.,.,.,.,.,.,.,.,.,.,.,.,.
2021,6,11,36,.,.,.,.,.,.,.,.,.,.,.,.,.
2021,6,11,37,.,.,.,.,.,.,.,.,.,.,.,.,.
2021,6,11,38,.,.,.,.,.,.,.,.,.,.,.,.,.
2021,6,11,39,.,.,.,.,.,.,.,.,.,.,.,.,.
2021,6,11,40,.,.,.,.,.,.,.,.,.,.,.,.,.
2021,6,11,41,.,.,.,.,.,.,.,.,.,.,.,.,.
2021,6,11,42,.,.,.,.,.,.,.,.,.,.,.,.,.
2021,6,11,43,.,.,.,.,.,.,.,.,.,.,.,.,.
2021,6,11,44,.,.,.,.,.,.,.,.,.,.,.,.,.
2021,6,11,45,.,.,.,.,.,.,.,.,.,.,.,.,.
2021,6,11,46,.,.,.,.,.,.,.,.,.,.,.,.,.
2021,6,11,47,.,.,.,.,.,.,.,.,.,.,.,.,.
2021,6,11,48,.,.,.,.,.,.,.,.,.,.,.,.,.
2021,6,11,49,.,.,.,.,.,.,.,.,.,.,.,.,.
2021,6,11,50,.,.,.,.,.,.,.,.,.,.,.,.,.
2021,6,11,51,.,.,.,.,.,.,.,.,.,.,.,.,.
2021,6,11,52,.,.,.,.,.,.,.,.,.,.,.,.,.
2021,6,11,53,.,.,.,.,.,.,.,.,.,.,.,.,.
2021,6,18,1,.,.,.,.,.,.,.,.,.,.,.,.,.
2021,6,18,2,.,.,.,.,.,.,.,.,.,.,.,.,.
2021,6,18,3,.,.,.,.,.,.,.,.,.,.,.,.,.
2021,6,18,4,.,.,.,.,.,.,.,.,.,.,.,.,.
2021,6,18,5,.,.,.,.,.,.,.,.,.,.,.,.,.
2021,6,18,6,.,.,.,.,.,.,.,.,.,.,.,.,.
2021,6,18,7,.,.,.,.,.,.,.,.,.,.,.,.,.
2021,6,18,8,.,.,.,.,.,.,.,.,.,.,.,.,.
2021,6,18,9,.,.,.,.,.,.,.,.,.,.,.,.,.
2021,6,18,10,.,.,.,.,.,.,.,.,.,.,.,.,.
2021,6,18,11,.,.,.,.,.,.,.,.,.,.,.,.,.
2021,6,18,12,.,.,.,.,.,.,.,.,.,.,.,.,.
2021,6,18,13,.,.,.,.,.,.,.,.,.,.,.,.,.
2021,6,18,14,.,.,.,.,.,.,.,.,.,.,.,.,.
2021,6,18,15,.,.,.,.,.,.,.,.,.,.,.,.,.
2021,6,18,16,.,.,.,.,.,.,.,.,.,.,.,.,.
2021,6,18,17,.,.,.,.,.,.,.,.,.,.,.,.,.
2021,6,18,18,.,.,.,.,.,.,.,.,.,.,.,.,.
2021,6,18,19,.,.,.,.,.,.,.,.,.,.,.,.,.
2021,6,18,20,.,.,.,.,.,.,.,.,.,.,.,.,.
2021,6,18,21,.,.,.,.,.,.,.,.,.,.,.,.,.
2021,6,18,22,.,.,.,.,.,.,.,.,.,.,.,.,.
2021,6,18,23,.,.,.,.,.,.,.,.,.,.,.,.,.
2021,6,18,24,.,.,.,.,.,.,.,.,.,.,.,.,.
2021,6,18,25,.,.,.,.,.,.,.,.,.,.,.,.,.
2021,6,18,26,.,.,.,.,.,.,.,.,.,.,.,.,.
2021,6,18,27,.,.,.,.,.,.,.,.,.,.,.,.,.
2021,6,18,28,.,.,.,.,.,.,.,.,.,.,.,.,.
2021,6,18,29,.,.,.,.,.,.,.,.,.,.,.,.,.
2021,6,18,30,.,.,.,.,.,.,.,.,.,.,.,.,.
2021,6,18,31,.,.,.,.,.,.,.,.,.,.,.,.,.
2021,6,18,32,.,.,.,.,.,.,.,.,.,.,.,.,.
2021,6,18,33,.,.,.,.,.,.,.,.,.,.,.,.,.
2021,6,18,34,.,.,.,.,.,.,.,.,.,.,.,.,.
2021,6,18,35,.,.,.,.,.,.,.,.,.,.,.,.,.
2021,6,18,36,.,.,.,.,.,.,.,.,.,.,.,.,.
2021,6,18,37,.,.,.,.,.,.,.,.,.,.,.,.,.
2021,6,18,38,.,.,.,.,.,.,.,.,.,.,.,.,.
2021,6,18,39,.,.,.,.,.,.,.,.,.,.,.,.,.
2021,6,18,40,.,.,.,.,.,.,.,.,.,.,.,.,.
2021,6,18,41,.,.,.,.,.,.,.,.,.,.,.,.,.
2021,6,18,42,.,.,.,.,.,.,.,.,.,.,.,.,.
2021,6,18,43,.,.,.,.,.,.,.,.,.,.,.,.,.
2021,6,18,44,.,.,.,.,.,.,.,.,.,.,.,.,.
2021,6,18,45,.,.,.,.,.,.,.,.,.,.,.,.,.
2021,6,18,46,.,.,.,.,.,.,.,.,.,.,.,.,.
2021,6,18,47,.,.,.,.,.,.,.,.,.,.,.,.,.
2021,6,18,48,.,.,.,.,.,.,.,.,.,.,.,.,.
2021,6,18,49,.,.,.,.,.,.,.,.,.,.,.,.,.
2021,6,18,50,.,.,.,.,.,.,.,.,.,.,.,.,.
2021,6,18,51,.,.,.,.,.,.,.,.,.,.,.,.,.
2021,6,18,52,.,.,.,.,.,.,.,.,.,.,.,.,.
2021,6,18,53,.,.,.,.,.,.,.,.,.,.,.,.,.
2021,6,25,1,.,.,.,.,.,.,.,.,.,.,.,.,.
2021,6,25,2,.,.,.,.,.,.,.,.,.,.,.,.,.
2021,6,25,3,.,.,.,.,.,.,.,.,.,.,.,.,.
2021,6,25,4,.,.,.,.,.,.,.,.,.,.,.,.,.
2021,6,25,5,.,.,.,.,.,.,.,.,.,.,.,.,.
2021,6,25,6,.,.,.,.,.,.,.,.,.,.,.,.,.
2021,6,25,7,.,.,.,.,.,.,.,.,.,.,.,.,.
2021,6,25,8,.,.,.,.,.,.,.,.,.,.,.,.,.
2021,6,25,9,.,.,.,.,.,.,.,.,.,.,.,.,.
2021,6,25,10,.,.,.,.,.,.,.,.,.,.,.,.,.
2021,6,25,11,.,.,.,.,.,.,.,.,.,.,.,.,.
2021,6,25,12,.,.,.,.,.,.,.,.,.,.,.,.,.
2021,6,25,13,.,.,.,.,.,.,.,.,.,.,.,.,.
2021,6,25,14,.,.,.,.,.,.,.,.,.,.,.,.,.
2021,6,25,15,.,.,.,.,.,.,.,.,.,.,.,.,.
2021,6,25,16,.,.,.,.,.,.,.,.,.,.,.,.,.
2021,6,25,17,.,.,.,.,.,.,.,.,.,.,.,.,.
2021,6,25,18,.,.,.,.,.,.,.,.,.,.,.,.,.
2021,6,25,19,.,.,.,.,.,.,.,.,.,.,.,.,.
2021,6,25,20,.,.,.,.,.,.,.,.,.,.,.,.,.
2021,6,25,21,.,.,.,.,.,.,.,.,.,.,.,.,.
2021,6,25,22,.,.,.,.,.,.,.,.,.,.,.,.,.
2021,6,25,23,.,.,.,.,.,.,.,.,.,.,.,.,.
2021,6,25,24,.,.,.,.,.,.,.,.,.,.,.,.,.
2021,6,25,25,.,.,.,.,.,.,.,.,.,.,.,.,.
2021,6,25,26,.,.,.,.,.,.,.,.,.,.,.,.,.
2021,6,25,27,.,.,.,.,.,.,.,.,.,.,.,.,.
2021,6,25,28,.,.,.,.,.,.,.,.,.,.,.,.,.
2021,6,25,29,.,.,.,.,.,.,.,.,.,.,.,.,.
2021,6,25,30,.,.,.,.,.,.,.,.,.,.,.,.,.
2021,6,25,31,.,.,.,.,.,.,.,.,.,.,.,.,.
2021,6,25,32,.,.,.,.,.,.,.,.,.,.,.,.,.
2021,6,25,33,.,.,.,.,.,.,.,.,.,.,.,.,.
2021,6,25,34,.,.,.,.,.,.,.,.,.,.,.,.,.
2021,6,25,35,.,.,.,.,.,.,.,.,.,.,.,.,.
2021,6,25,36,.,.,.,.,.,.,.,.,.,.,.,.,.
2021,6,25,37,.,.,.,.,.,.,.,.,.,.,.,.,.
2021,6,25,38,.,.,.,.,.,.,.,.,.,.,.,.,.
2021,6,25,39,.,.,.,.,.,.,.,.,.,.,.,.,.
2021,6,25,40,.,.,.,.,.,.,.,.,.,.,.,.,.
2021,6,25,41,.,.,.,.,.,.,.,.,.,.,.,.,.
2021,6,25,42,.,.,.,.,.,.,.,.,.,.,.,.,.
2021,6,25,43,.,.,.,.,.,.,.,.,.,.,.,.,.
2021,6,25,44,.,.,.,.,.,.,.,.,.,.,.,.,.
2021,6,25,45,.,.,.,.,.,.,.,.,.,.,.,.,.
2021,6,25,46,.,.,.,.,.,.,.,.,.,.,.,.,.
2021,6,25,47,.,.,.,.,.,.,.,.,.,.,.,.,.
2021,6,25,48,.,.,.,.,.,.,.,.,.,.,.,.,.
2021,6,25,49,.,.,.,.,.,.,.,.,.,.,.,.,.
2021,6,25,50,.,.,.,.,.,.,.,.,.,.,.,.,.
2021,6,25,51,.,.,.,.,.,.,.,.,.,.,.,.,.
2021,6,25,52,.,.,.,.,.,.,.,.,.,.,.,.,.
2021,6,25,53,.,.,.,.,.,.,.,.,.,.,.,.,.
2021,7,2,1,.,.,.,.,.,.,.,.,.,.,.,.,.
2021,7,2,2,.,.,.,.,.,.,.,.,.,.,.,.,.
2021,7,2,3,.,.,.,.,.,.,.,.,.,.,.,.,.
2021,7,2,4,.,.,.,.,.,.,.,.,.,.,.,.,.
2021,7,2,5,.,.,.,.,.,.,.,.,.,.,.,.,.
2021,7,2,6,.,.,.,.,.,.,.,.,.,.,.,.,.
2021,7,2,7,.,.,.,.,.,.,.,.,.,.,.,.,.
2021,7,2,8,.,.,.,.,.,.,.,.,.,.,.,.,.
2021,7,2,9,.,.,.,.,.,.,.,.,.,.,.,.,.
2021,7,2,10,.,.,.,.,.,.,.,.,.,.,.,.,.
2021,7,2,11,.,.,.,.,.,.,.,.,.,.,.,.,.
2021,7,2,12,.,.,.,.,.,.,.,.,.,.,.,.,.
2021,7,2,13,.,.,.,.,.,.,.,.,.,.,.,.,.
2021,7,2,14,.,.,.,.,.,.,.,.,.,.,.,.,.
2021,7,2,15,.,.,.,.,.,.,.,.,.,.,.,.,.
2021,7,2,16,.,.,.,.,.,.,.,.,.,.,.,.,.
2021,7,2,17,.,.,.,.,.,.,.,.,.,.,.,.,.
2021,7,2,18,.,.,.,.,.,.,.,.,.,.,.,.,.
2021,7,2,19,.,.,.,.,.,.,.,.,.,.,.,.,.
2021,7,2,20,.,.,.,.,.,.,.,.,.,.,.,.,.
2021,7,2,21,.,.,.,.,.,.,.,.,.,.,.,.,.
2021,7,2,22,.,.,.,.,.,.,.,.,.,.,.,.,.
2021,7,2,23,.,.,.,.,.,.,.,.,.,.,.,.,.
2021,7,2,24,.,.,.,.,.,.,.,.,.,.,.,.,.
2021,7,2,25,.,.,.,.,.,.,.,.,.,.,.,.,.
2021,7,2,26,.,.,.,.,.,.,.,.,.,.,.,.,.
2021,7,2,27,.,.,.,.,.,.,.,.,.,.,.,.,.
2021,7,2,28,.,.,.,.,.,.,.,.,.,.,.,.,.
2021,7,2,29,.,.,.,.,.,.,.,.,.,.,.,.,.
2021,7,2,30,.,.,.,.,.,.,.,.,.,.,.,.,.
2021,7,2,31,.,.,.,.,.,.,.,.,.,.,.,.,.
2021,7,2,32,.,.,.,.,.,.,.,.,.,.,.,.,.
2021,7,2,33,.,.,.,.,.,.,.,.,.,.,.,.,.
2021,7,2,34,.,.,.,.,.,.,.,.,.,.,.,.,.
2021,7,2,35,.,.,.,.,.,.,.,.,.,.,.,.,.
2021,7,2,36,.,.,.,.,.,.,.,.,.,.,.,.,.
2021,7,2,37,.,.,.,.,.,.,.,.,.,.,.,.,.
2021,7,2,38,.,.,.,.,.,.,.,.,.,.,.,.,.
2021,7,2,39,.,.,.,.,.,.,.,.,.,.,.,.,.
2021,7,2,40,.,.,.,.,.,.,.,.,.,.,.,.,.
2021,7,2,41,.,.,.,.,.,.,.,.,.,.,.,.,.
2021,7,2,42,.,.,.,.,.,.,.,.,.,.,.,.,.
2021,7,2,43,.,.,.,.,.,.,.,.,.,.,.,.,.
2021,7,2,44,.,.,.,.,.,.,.,.,.,.,.,.,.
2021,7,2,45,.,.,.,.,.,.,.,.,.,.,.,.,.
2021,7,2,46,.,.,.,.,.,.,.,.,.,.,.,.,.
2021,7,2,47,.,.,.,.,.,.,.,.,.,.,.,.,.
2021,7,2,48,.,.,.,.,.,.,.,.,.,.,.,.,.
2021,7,2,49,.,.,.,.,.,.,.,.,.,.,.,.,.
2021,7,2,50,.,.,.,.,.,.,.,.,.,.,.,.,.
2021,7,2,51,.,.,.,.,.,.,.,.,.,.,.,.,.
2021,7,2,52,.,.,.,.,.,.,.,.,.,.,.,.,.
2021,7,2,53,.,.,.,.,.,.,.,.,.,.,.,.,.
2021,7,9,1,.,.,.,.,.,.,.,.,.,.,.,.,.
2021,7,9,2,.,.,.,.,.,.,.,.,.,.,.,.,.
2021,7,9,3,.,.,.,.,.,.,.,.,.,.,.,.,.
2021,7,9,4,.,.,.,.,.,.,.,.,.,.,.,.,.
2021,7,9,5,.,.,.,.,.,.,.,.,.,.,.,.,.
2021,7,9,6,.,.,.,.,.,.,.,.,.,.,.,.,.
2021,7,9,7,.,.,.,.,.,.,.,.,.,.,.,.,.
2021,7,9,8,.,.,.,.,.,.,.,.,.,.,.,.,.
2021,7,9,9,.,.,.,.,.,.,.,.,.,.,.,.,.
2021,7,9,10,.,.,.,.,.,.,.,.,.,.,.,.,.
2021,7,9,11,.,.,.,.,.,.,.,.,.,.,.,.,.
2021,7,9,12,.,.,.,.,.,.,.,.,.,.,.,.,.
2021,7,9,13,.,.,.,.,.,.,.,.,.,.,.,.,.
2021,7,9,14,.,.,.,.,.,.,.,.,.,.,.,.,.
2021,7,9,15,.,.,.,.,.,.,.,.,.,.,.,.,.
2021,7,9,16,.,.,.,.,.,.,.,.,.,.,.,.,.
2021,7,9,17,.,.,.,.,.,.,.,.,.,.,.,.,.
2021,7,9,18,.,.,.,.,.,.,.,.,.,.,.,.,.
2021,7,9,19,.,.,.,.,.,.,.,.,.,.,.,.,.
2021,7,9,20,.,.,.,.,.,.,.,.,.,.,.,.,.
2021,7,9,21,.,.,.,.,.,.,.,.,.,.,.,.,.
2021,7,9,22,.,.,.,.,.,.,.,.,.,.,.,.,.
2021,7,9,23,.,.,.,.,.,.,.,.,.,.,.,.,.
2021,7,9,24,.,.,.,.,.,.,.,.,.,.,.,.,.
2021,7,9,25,.,.,.,.,.,.,.,.,.,.,.,.,.
2021,7,9,26,.,.,.,.,.,.,.,.,.,.,.,.,.
2021,7,9,27,.,.,.,.,.,.,.,.,.,.,.,.,.
2021,7,9,28,.,.,.,.,.,.,.,.,.,.,.,.,.
2021,7,9,29,.,.,.,.,.,.,.,.,.,.,.,.,.
2021,7,9,30,.,.,.,.,.,.,.,.,.,.,.,.,.
2021,7,9,31,.,.,.,.,.,.,.,.,.,.,.,.,.
2021,7,9,32,.,.,.,.,.,.,.,.,.,.,.,.,.
2021,7,9,33,.,.,.,.,.,.,.,.,.,.,.,.,.
2021,7,9,34,.,.,.,.,.,.,.,.,.,.,.,.,.
2021,7,9,35,.,.,.,.,.,.,.,.,.,.,.,.,.
2021,7,9,36,.,.,.,.,.,.,.,.,.,.,.,.,.
2021,7,9,37,.,.,.,.,.,.,.,.,.,.,.,.,.
2021,7,9,38,.,.,.,.,.,.,.,.,.,.,.,.,.
2021,7,9,39,.,.,.,.,.,.,.,.,.,.,.,.,.
2021,7,9,40,.,.,.,.,.,.,.,.,.,.,.,.,.
2021,7,9,41,.,.,.,.,.,.,.,.,.,.,.,.,.
2021,7,9,42,.,.,.,.,.,.,.,.,.,.,.,.,.
2021,7,9,43,.,.,.,.,.,.,.,.,.,.,.,.,.
2021,7,9,44,.,.,.,.,.,.,.,.,.,.,.,.,.
2021,7,9,45,.,.,.,.,.,.,.,.,.,.,.,.,.
2021,7,9,46,.,.,.,.,.,.,.,.,.,.,.,.,.
2021,7,9,47,.,.,.,.,.,.,.,.,.,.,.,.,.
2021,7,9,48,.,.,.,.,.,.,.,.,.,.,.,.,.
2021,7,9,49,.,.,.,.,.,.,.,.,.,.,.,.,.
2021,7,9,50,.,.,.,.,.,.,.,.,.,.,.,.,.
2021,7,9,51,.,.,.,.,.,.,.,.,.,.,.,.,.
2021,7,9,52,.,.,.,.,.,.,.,.,.,.,.,.,.
2021,7,9,53,.,.,.,.,.,.,.,.,.,.,.,.,.
2021,7,16,1,.,.,.,.,.,.,.,.,.,.,.,.,.
2021,7,16,2,.,.,.,.,.,.,.,.,.,.,.,.,.
2021,7,16,3,.,.,.,.,.,.,.,.,.,.,.,.,.
2021,7,16,4,.,.,.,.,.,.,.,.,.,.,.,.,.
2021,7,16,5,.,.,.,.,.,.,.,.,.,.,.,.,.
2021,7,16,6,.,.,.,.,.,.,.,.,.,.,.,.,.
2021,7,16,7,.,.,.,.,.,.,.,.,.,.,.,.,.
2021,7,16,8,.,.,.,.,.,.,.,.,.,.,.,.,.
2021,7,16,9,.,.,.,.,.,.,.,.,.,.,.,.,.
2021,7,16,10,.,.,.,.,.,.,.,.,.,.,.,.,.
2021,7,16,11,.,.,.,.,.,.,.,.,.,.,.,.,.
2021,7,16,12,.,.,.,.,.,.,.,.,.,.,.,.,.
2021,7,16,13,.,.,.,.,.,.,.,.,.,.,.,.,.
2021,7,16,14,.,.,.,.,.,.,.,.,.,.,.,.,.
2021,7,16,15,.,.,.,.,.,.,.,.,.,.,.,.,.
2021,7,16,16,.,.,.,.,.,.,.,.,.,.,.,.,.
2021,7,16,17,.,.,.,.,.,.,.,.,.,.,.,.,.
2021,7,16,18,.,.,.,.,.,.,.,.,.,.,.,.,.
2021,7,16,19,.,.,.,.,.,.,.,.,.,.,.,.,.
2021,7,16,20,.,.,.,.,.,.,.,.,.,.,.,.,.
2021,7,16,21,.,.,.,.,.,.,.,.,.,.,.,.,.
2021,7,16,22,.,.,.,.,.,.,.,.,.,.,.,.,.
2021,7,16,23,.,.,.,.,.,.,.,.,.,.,.,.,.
2021,7,16,24,.,.,.,.,.,.,.,.,.,.,.,.,.
2021,7,16,25,.,.,.,.,.,.,.,.,.,.,.,.,.
2021,7,16,26,.,.,.,.,.,.,.,.,.,.,.,.,.
2021,7,16,27,.,.,.,.,.,.,.,.,.,.,.,.,.
2021,7,16,28,.,.,.,.,.,.,.,.,.,.,.,.,.
2021,7,16,29,.,.,.,.,.,.,.,.,.,.,.,.,.
2021,7,16,30,.,.,.,.,.,.,.,.,.,.,.,.,.
2021,7,16,31,.,.,.,.,.,.,.,.,.,.,.,.,.
2021,7,16,32,.,.,.,.,.,.,.,.,.,.,.,.,.
2021,7,16,33,.,.,.,.,.,.,.,.,.,.,.,.,.
2021,7,16,34,.,.,.,.,.,.,.,.,.,.,.,.,.
2021,7,16,35,.,.,.,.,.,.,.,.,.,.,.,.,.
2021,7,16,36,.,.,.,.,.,.,.,.,.,.,.,.,.
2021,7,16,37,.,.,.,.,.,.,.,.,.,.,.,.,.
2021,7,16,38,.,.,.,.,.,.,.,.,.,.,.,.,.
2021,7,16,39,.,.,.,.,.,.,.,.,.,.,.,.,.
2021,7,16,40,.,.,.,.,.,.,.,.,.,.,.,.,.
2021,7,16,41,.,.,.,.,.,.,.,.,.,.,.,.,.
2021,7,16,42,.,.,.,.,.,.,.,.,.,.,.,.,.
2021,7,16,43,.,.,.,.,.,.,.,.,.,.,.,.,.
2021,7,16,44,.,.,.,.,.,.,.,.,.,.,.,.,.
2021,7,16,45,.,.,.,.,.,.,.,.,.,.,.,.,.
2021,7,16,46,.,.,.,.,.,.,.,.,.,.,.,.,.
2021,7,16,47,.,.,.,.,.,.,.,.,.,.,.,.,.
2021,7,16,48,.,.,.,.,.,.,.,.,.,.,.,.,.
2021,7,16,49,.,.,.,.,.,.,.,.,.,.,.,.,.
2021,7,16,50,.,.,.,.,.,.,.,.,.,.,.,.,.
2021,7,16,51,.,.,.,.,.,.,.,.,.,.,.,.,.
2021,7,16,52,.,.,.,.,.,.,.,.,.,.,.,.,.
2021,7,16,53,.,.,.,.,.,.,.,.,.,.,.,.,.
2021,7,23,1,.,.,.,.,.,.,.,.,.,.,.,.,.
2021,7,23,2,.,.,.,.,.,.,.,.,.,.,.,.,.
2021,7,23,3,.,.,.,.,.,.,.,.,.,.,.,.,.
2021,7,23,4,.,.,.,.,.,.,.,.,.,.,.,.,.
2021,7,23,5,.,.,.,.,.,.,.,.,.,.,.,.,.
2021,7,23,6,.,.,.,.,.,.,.,.,.,.,.,.,.
2021,7,23,7,.,.,.,.,.,.,.,.,.,.,.,.,.
2021,7,23,8,.,.,.,.,.,.,.,.,.,.,.,.,.
2021,7,23,9,.,.,.,.,.,.,.,.,.,.,.,.,.
2021,7,23,10,.,.,.,.,.,.,.,.,.,.,.,.,.
2021,7,23,11,.,.,.,.,.,.,.,.,.,.,.,.,.
2021,7,23,12,.,.,.,.,.,.,.,.,.,.,.,.,.
2021,7,23,13,.,.,.,.,.,.,.,.,.,.,.,.,.
2021,7,23,14,.,.,.,.,.,.,.,.,.,.,.,.,.
2021,7,23,15,.,.,.,.,.,.,.,.,.,.,.,.,.
2021,7,23,16,.,.,.,.,.,.,.,.,.,.,.,.,.
2021,7,23,17,.,.,.,.,.,.,.,.,.,.,.,.,.
2021,7,23,18,.,.,.,.,.,.,.,.,.,.,.,.,.
2021,7,23,19,.,.,.,.,.,.,.,.,.,.,.,.,.
2021,7,23,20,.,.,.,.,.,.,.,.,.,.,.,.,.
2021,7,23,21,.,.,.,.,.,.,.,.,.,.,.,.,.
2021,7,23,22,.,.,.,.,.,.,.,.,.,.,.,.,.
2021,7,23,23,.,.,.,.,.,.,.,.,.,.,.,.,.
2021,7,23,24,.,.,.,.,.,.,.,.,.,.,.,.,.
2021,7,23,25,.,.,.,.,.,.,.,.,.,.,.,.,.
2021,7,23,26,.,.,.,.,.,.,.,.,.,.,.,.,.
2021,7,23,27,.,.,.,.,.,.,.,.,.,.,.,.,.
2021,7,23,28,.,.,.,.,.,.,.,.,.,.,.,.,.
2021,7,23,29,.,.,.,.,.,.,.,.,.,.,.,.,.
2021,7,23,30,.,.,.,.,.,.,.,.,.,.,.,.,.
2021,7,23,31,.,.,.,.,.,.,.,.,.,.,.,.,.
2021,7,23,32,.,.,.,.,.,.,.,.,.,.,.,.,.
2021,7,23,33,.,.,.,.,.,.,.,.,.,.,.,.,.
2021,7,23,34,.,.,.,.,.,.,.,.,.,.,.,.,.
2021,7,23,35,.,.,.,.,.,.,.,.,.,.,.,.,.
2021,7,23,36,.,.,.,.,.,.,.,.,.,.,.,.,.
2021,7,23,37,.,.,.,.,.,.,.,.,.,.,.,.,.
2021,7,23,38,.,.,.,.,.,.,.,.,.,.,.,.,.
2021,7,23,39,.,.,.,.,.,.,.,.,.,.,.,.,.
2021,7,23,40,.,.,.,.,.,.,.,.,.,.,.,.,.
2021,7,23,41,.,.,.,.,.,.,.,.,.,.,.,.,.
2021,7,23,42,.,.,.,.,.,.,.,.,.,.,.,.,.
2021,7,23,43,.,.,.,.,.,.,.,.,.,.,.,.,.
2021,7,23,44,.,.,.,.,.,.,.,.,.,.,.,.,.
2021,7,23,45,.,.,.,.,.,.,.,.,.,.,.,.,.
2021,7,23,46,.,.,.,.,.,.,.,.,.,.,.,.,.
2021,7,23,47,.,.,.,.,.,.,.,.,.,.,.,.,.
2021,7,23,48,.,.,.,.,.,.,.,.,.,.,.,.,.
2021,7,23,49,.,.,.,.,.,.,.,.,.,.,.,.,.
2021,7,23,50,.,.,.,.,.,.,.,.,.,.,.,.,.
2021,7,23,51,.,.,.,.,.,.,.,.,.,.,.,.,.
2021,7,23,52,.,.,.,.,.,.,.,.,.,.,.,.,.
2021,7,23,53,.,.,.,.,.,.,.,.,.,.,.,.,.
2021,7,30,1,.,.,.,.,.,.,.,.,.,.,.,.,.
2021,7,30,2,.,.,.,.,.,.,.,.,.,.,.,.,.
2021,7,30,3,.,.,.,.,.,.,.,.,.,.,.,.,.
2021,7,30,4,.,.,.,.,.,.,.,.,.,.,.,.,.
2021,7,30,5,.,.,.,.,.,.,.,.,.,.,.,.,.
2021,7,30,6,.,.,.,.,.,.,.,.,.,.,.,.,.
2021,7,30,7,.,.,.,.,.,.,.,.,.,.,.,.,.
2021,7,30,8,.,.,.,.,.,.,.,.,.,.,.,.,.
2021,7,30,9,.,.,.,.,.,.,.,.,.,.,.,.,.
2021,7,30,10,.,.,.,.,.,.,.,.,.,.,.,.,.
2021,7,30,11,.,.,.,.,.,.,.,.,.,.,.,.,.
2021,7,30,12,.,.,.,.,.,.,.,.,.,.,.,.,.
2021,7,30,13,.,.,.,.,.,.,.,.,.,.,.,.,.
2021,7,30,14,.,.,.,.,.,.,.,.,.,.,.,.,.
2021,7,30,15,.,.,.,.,.,.,.,.,.,.,.,.,.
2021,7,30,16,.,.,.,.,.,.,.,.,.,.,.,.,.
2021,7,30,17,.,.,.,.,.,.,.,.,.,.,.,.,.
2021,7,30,18,.,.,.,.,.,.,.,.,.,.,.,.,.
2021,7,30,19,.,.,.,.,.,.,.,.,.,.,.,.,.
2021,7,30,20,.,.,.,.,.,.,.,.,.,.,.,.,.
2021,7,30,21,.,.,.,.,.,.,.,.,.,.,.,.,.
2021,7,30,22,.,.,.,.,.,.,.,.,.,.,.,.,.
2021,7,30,23,.,.,.,.,.,.,.,.,.,.,.,.,.
2021,7,30,24,.,.,.,.,.,.,.,.,.,.,.,.,.
2021,7,30,25,.,.,.,.,.,.,.,.,.,.,.,.,.
2021,7,30,26,.,.,.,.,.,.,.,.,.,.,.,.,.
2021,7,30,27,.,.,.,.,.,.,.,.,.,.,.,.,.
2021,7,30,28,.,.,.,.,.,.,.,.,.,.,.,.,.
2021,7,30,29,.,.,.,.,.,.,.,.,.,.,.,.,.
2021,7,30,30,.,.,.,.,.,.,.,.,.,.,.,.,.
2021,7,30,31,.,.,.,.,.,.,.,.,.,.,.,.,.
2021,7,30,32,.,.,.,.,.,.,.,.,.,.,.,.,.
2021,7,30,33,.,.,.,.,.,.,.,.,.,.,.,.,.
2021,7,30,34,.,.,.,.,.,.,.,.,.,.,.,.,.
2021,7,30,35,.,.,.,.,.,.,.,.,.,.,.,.,.
2021,7,30,36,.,.,.,.,.,.,.,.,.,.,.,.,.
2021,7,30,37,.,.,.,.,.,.,.,.,.,.,.,.,.
2021,7,30,38,.,.,.,.,.,.,.,.,.,.,.,.,.
2021,7,30,39,.,.,.,.,.,.,.,.,.,.,.,.,.
2021,7,30,40,.,.,.,.,.,.,.,.,.,.,.,.,.
2021,7,30,41,.,.,.,.,.,.,.,.,.,.,.,.,.
2021,7,30,42,.,.,.,.,.,.,.,.,.,.,.,.,.
2021,7,30,43,.,.,.,.,.,.,.,.,.,.,.,.,.
2021,7,30,44,.,.,.,.,.,.,.,.,.,.,.,.,.
2021,7,30,45,.,.,.,.,.,.,.,.,.,.,.,.,.
2021,7,30,46,.,.,.,.,.,.,.,.,.,.,.,.,.
2021,7,30,47,.,.,.,.,.,.,.,.,.,.,.,.,.
2021,7,30,48,.,.,.,.,.,.,.,.,.,.,.,.,.
2021,7,30,49,.,.,.,.,.,.,.,.,.,.,.,.,.
2021,7,30,50,.,.,.,.,.,.,.,.,.,.,.,.,.
2021,7,30,51,.,.,.,.,.,.,.,.,.,.,.,.,.
2021,7,30,52,.,.,.,.,.,.,.,.,.,.,.,.,.
2021,7,30,53,.,.,.,.,.,.,.,.,.,.,.,.,.
2021,8,6,1,.,.,.,.,.,.,.,.,.,.,.,.,.
2021,8,6,2,.,.,.,.,.,.,.,.,.,.,.,.,.
2021,8,6,3,.,.,.,.,.,.,.,.,.,.,.,.,.
2021,8,6,4,.,.,.,.,.,.,.,.,.,.,.,.,.
2021,8,6,5,.,.,.,.,.,.,.,.,.,.,.,.,.
2021,8,6,6,.,.,.,.,.,.,.,.,.,.,.,.,.
2021,8,6,7,.,.,.,.,.,.,.,.,.,.,.,.,.
2021,8,6,8,.,.,.,.,.,.,.,.,.,.,.,.,.
2021,8,6,9,.,.,.,.,.,.,.,.,.,.,.,.,.
2021,8,6,10,.,.,.,.,.,.,.,.,.,.,.,.,.
2021,8,6,11,.,.,.,.,.,.,.,.,.,.,.,.,.
2021,8,6,12,.,.,.,.,.,.,.,.,.,.,.,.,.
2021,8,6,13,.,.,.,.,.,.,.,.,.,.,.,.,.
2021,8,6,14,.,.,.,.,.,.,.,.,.,.,.,.,.
2021,8,6,15,.,.,.,.,.,.,.,.,.,.,.,.,.
2021,8,6,16,.,.,.,.,.,.,.,.,.,.,.,.,.
2021,8,6,17,.,.,.,.,.,.,.,.,.,.,.,.,.
2021,8,6,18,.,.,.,.,.,.,.,.,.,.,.,.,.
2021,8,6,19,.,.,.,.,.,.,.,.,.,.,.,.,.
2021,8,6,20,.,.,.,.,.,.,.,.,.,.,.,.,.
2021,8,6,21,.,.,.,.,.,.,.,.,.,.,.,.,.
2021,8,6,22,.,.,.,.,.,.,.,.,.,.,.,.,.
2021,8,6,23,.,.,.,.,.,.,.,.,.,.,.,.,.
2021,8,6,24,.,.,.,.,.,.,.,.,.,.,.,.,.
2021,8,6,25,.,.,.,.,.,.,.,.,.,.,.,.,.
2021,8,6,26,.,.,.,.,.,.,.,.,.,.,.,.,.
2021,8,6,27,.,.,.,.,.,.,.,.,.,.,.,.,.
2021,8,6,28,.,.,.,.,.,.,.,.,.,.,.,.,.
2021,8,6,29,.,.,.,.,.,.,.,.,.,.,.,.,.
2021,8,6,30,.,.,.,.,.,.,.,.,.,.,.,.,.
2021,8,6,31,.,.,.,.,.,.,.,.,.,.,.,.,.
2021,8,6,32,.,.,.,.,.,.,.,.,.,.,.,.,.
2021,8,6,33,.,.,.,.,.,.,.,.,.,.,.,.,.
2021,8,6,34,.,.,.,.,.,.,.,.,.,.,.,.,.
2021,8,6,35,.,.,.,.,.,.,.,.,.,.,.,.,.
2021,8,6,36,.,.,.,.,.,.,.,.,.,.,.,.,.
2021,8,6,37,.,.,.,.,.,.,.,.,.,.,.,.,.
2021,8,6,38,.,.,.,.,.,.,.,.,.,.,.,.,.
2021,8,6,39,.,.,.,.,.,.,.,.,.,.,.,.,.
2021,8,6,40,.,.,.,.,.,.,.,.,.,.,.,.,.
2021,8,6,41,.,.,.,.,.,.,.,.,.,.,.,.,.
2021,8,6,42,.,.,.,.,.,.,.,.,.,.,.,.,.
2021,8,6,43,.,.,.,.,.,.,.,.,.,.,.,.,.
2021,8,6,44,.,.,.,.,.,.,.,.,.,.,.,.,.
2021,8,6,45,.,.,.,.,.,.,.,.,.,.,.,.,.
2021,8,6,46,.,.,.,.,.,.,.,.,.,.,.,.,.
2021,8,6,47,.,.,.,.,.,.,.,.,.,.,.,.,.
2021,8,6,48,.,.,.,.,.,.,.,.,.,.,.,.,.
2021,8,6,49,.,.,.,.,.,.,.,.,.,.,.,.,.
2021,8,6,50,.,.,.,.,.,.,.,.,.,.,.,.,.
2021,8,6,51,.,.,.,.,.,.,.,.,.,.,.,.,.
2021,8,6,52,.,.,.,.,.,.,.,.,.,.,.,.,.
2021,8,6,53,.,.,.,.,.,.,.,.,.,.,.,.,.
2021,8,13,1,.,.,.,.,.,.,.,.,.,.,.,.,.
2021,8,13,2,.,.,.,.,.,.,.,.,.,.,.,.,.
2021,8,13,3,.,.,.,.,.,.,.,.,.,.,.,.,.
2021,8,13,4,.,.,.,.,.,.,.,.,.,.,.,.,.
2021,8,13,5,.,.,.,.,.,.,.,.,.,.,.,.,.
2021,8,13,6,.,.,.,.,.,.,.,.,.,.,.,.,.
2021,8,13,7,.,.,.,.,.,.,.,.,.,.,.,.,.
2021,8,13,8,.,.,.,.,.,.,.,.,.,.,.,.,.
2021,8,13,9,.,.,.,.,.,.,.,.,.,.,.,.,.
2021,8,13,10,.,.,.,.,.,.,.,.,.,.,.,.,.
2021,8,13,11,.,.,.,.,.,.,.,.,.,.,.,.,.
2021,8,13,12,.,.,.,.,.,.,.,.,.,.,.,.,.
2021,8,13,13,.,.,.,.,.,.,.,.,.,.,.,.,.
2021,8,13,14,.,.,.,.,.,.,.,.,.,.,.,.,.
2021,8,13,15,.,.,.,.,.,.,.,.,.,.,.,.,.
2021,8,13,16,.,.,.,.,.,.,.,.,.,.,.,.,.
2021,8,13,17,.,.,.,.,.,.,.,.,.,.,.,.,.
2021,8,13,18,.,.,.,.,.,.,.,.,.,.,.,.,.
2021,8,13,19,.,.,.,.,.,.,.,.,.,.,.,.,.
2021,8,13,20,.,.,.,.,.,.,.,.,.,.,.,.,.
2021,8,13,21,.,.,.,.,.,.,.,.,.,.,.,.,.
2021,8,13,22,.,.,.,.,.,.,.,.,.,.,.,.,.
2021,8,13,23,.,.,.,.,.,.,.,.,.,.,.,.,.
2021,8,13,24,.,.,.,.,.,.,.,.,.,.,.,.,.
2021,8,13,25,.,.,.,.,.,.,.,.,.,.,.,.,.
2021,8,13,26,.,.,.,.,.,.,.,.,.,.,.,.,.
2021,8,13,27,.,.,.,.,.,.,.,.,.,.,.,.,.
2021,8,13,28,.,.,.,.,.,.,.,.,.,.,.,.,.
2021,8,13,29,.,.,.,.,.,.,.,.,.,.,.,.,.
2021,8,13,30,.,.,.,.,.,.,.,.,.,.,.,.,.
2021,8,13,31,.,.,.,.,.,.,.,.,.,.,.,.,.
2021,8,13,32,.,.,.,.,.,.,.,.,.,.,.,.,.
2021,8,13,33,.,.,.,.,.,.,.,.,.,.,.,.,.
2021,8,13,34,.,.,.,.,.,.,.,.,.,.,.,.,.
2021,8,13,35,.,.,.,.,.,.,.,.,.,.,.,.,.
2021,8,13,36,.,.,.,.,.,.,.,.,.,.,.,.,.
2021,8,13,37,.,.,.,.,.,.,.,.,.,.,.,.,.
2021,8,13,38,.,.,.,.,.,.,.,.,.,.,.,.,.
2021,8,13,39,.,.,.,.,.,.,.,.,.,.,.,.,.
2021,8,13,40,.,.,.,.,.,.,.,.,.,.,.,.,.
2021,8,13,41,.,.,.,.,.,.,.,.,.,.,.,.,.
2021,8,13,42,.,.,.,.,.,.,.,.,.,.,.,.,.
2021,8,13,43,.,.,.,.,.,.,.,.,.,.,.,.,.
2021,8,13,44,.,.,.,.,.,.,.,.,.,.,.,.,.
2021,8,13,45,.,.,.,.,.,.,.,.,.,.,.,.,.
2021,8,13,46,.,.,.,.,.,.,.,.,.,.,.,.,.
2021,8,13,47,.,.,.,.,.,.,.,.,.,.,.,.,.
2021,8,13,48,.,.,.,.,.,.,.,.,.,.,.,.,.
2021,8,13,49,.,.,.,.,.,.,.,.,.,.,.,.,.
2021,8,13,50,.,.,.,.,.,.,.,.,.,.,.,.,.
2021,8,13,51,.,.,.,.,.,.,.,.,.,.,.,.,.
2021,8,13,52,.,.,.,.,.,.,.,.,.,.,.,.,.
2021,8,13,53,.,.,.,.,.,.,.,.,.,.,.,.,.
2021,8,20,1,.,.,.,.,.,.,.,.,.,.,.,.,.
2021,8,20,2,.,.,.,.,.,.,.,.,.,.,.,.,.
2021,8,20,3,.,.,.,.,.,.,.,.,.,.,.,.,.
2021,8,20,4,.,.,.,.,.,.,.,.,.,.,.,.,.
2021,8,20,5,.,.,.,.,.,.,.,.,.,.,.,.,.
2021,8,20,6,.,.,.,.,.,.,.,.,.,.,.,.,.
2021,8,20,7,.,.,.,.,.,.,.,.,.,.,.,.,.
2021,8,20,8,.,.,.,.,.,.,.,.,.,.,.,.,.
2021,8,20,9,.,.,.,.,.,.,.,.,.,.,.,.,.
2021,8,20,10,.,.,.,.,.,.,.,.,.,.,.,.,.
2021,8,20,11,.,.,.,.,.,.,.,.,.,.,.,.,.
2021,8,20,12,.,.,.,.,.,.,.,.,.,.,.,.,.
2021,8,20,13,.,.,.,.,.,.,.,.,.,.,.,.,.
2021,8,20,14,.,.,.,.,.,.,.,.,.,.,.,.,.
2021,8,20,15,.,.,.,.,.,.,.,.,.,.,.,.,.
2021,8,20,16,.,.,.,.,.,.,.,.,.,.,.,.,.
2021,8,20,17,.,.,.,.,.,.,.,.,.,.,.,.,.
2021,8,20,18,.,.,.,.,.,.,.,.,.,.,.,.,.
2021,8,20,19,.,.,.,.,.,.,.,.,.,.,.,.,.
2021,8,20,20,.,.,.,.,.,.,.,.,.,.,.,.,.
2021,8,20,21,.,.,.,.,.,.,.,.,.,.,.,.,.
2021,8,20,22,.,.,.,.,.,.,.,.,.,.,.,.,.
2021,8,20,23,.,.,.,.,.,.,.,.,.,.,.,.,.
2021,8,20,24,.,.,.,.,.,.,.,.,.,.,.,.,.
2021,8,20,25,.,.,.,.,.,.,.,.,.,.,.,.,.
2021,8,20,26,.,.,.,.,.,.,.,.,.,.,.,.,.
2021,8,20,27,.,.,.,.,.,.,.,.,.,.,.,.,.
2021,8,20,28,.,.,.,.,.,.,.,.,.,.,.,.,.
2021,8,20,29,.,.,.,.,.,.,.,.,.,.,.,.,.
2021,8,20,30,.,.,.,.,.,.,.,.,.,.,.,.,.
2021,8,20,31,.,.,.,.,.,.,.,.,.,.,.,.,.
2021,8,20,32,.,.,.,.,.,.,.,.,.,.,.,.,.
2021,8,20,33,.,.,.,.,.,.,.,.,.,.,.,.,.
2021,8,20,34,.,.,.,.,.,.,.,.,.,.,.,.,.
2021,8,20,35,.,.,.,.,.,.,.,.,.,.,.,.,.
2021,8,20,36,.,.,.,.,.,.,.,.,.,.,.,.,.
2021,8,20,37,.,.,.,.,.,.,.,.,.,.,.,.,.
2021,8,20,38,.,.,.,.,.,.,.,.,.,.,.,.,.
2021,8,20,39,.,.,.,.,.,.,.,.,.,.,.,.,.
2021,8,20,40,.,.,.,.,.,.,.,.,.,.,.,.,.
2021,8,20,41,.,.,.,.,.,.,.,.,.,.,.,.,.
2021,8,20,42,.,.,.,.,.,.,.,.,.,.,.,.,.
2021,8,20,43,.,.,.,.,.,.,.,.,.,.,.,.,.
2021,8,20,44,.,.,.,.,.,.,.,.,.,.,.,.,.
2021,8,20,45,.,.,.,.,.,.,.,.,.,.,.,.,.
2021,8,20,46,.,.,.,.,.,.,.,.,.,.,.,.,.
2021,8,20,47,.,.,.,.,.,.,.,.,.,.,.,.,.
2021,8,20,48,.,.,.,.,.,.,.,.,.,.,.,.,.
2021,8,20,49,.,.,.,.,.,.,.,.,.,.,.,.,.
2021,8,20,50,.,.,.,.,.,.,.,.,.,.,.,.,.
2021,8,20,51,.,.,.,.,.,.,.,.,.,.,.,.,.
2021,8,20,52,.,.,.,.,.,.,.,.,.,.,.,.,.
2021,8,20,53,.,.,.,.,.,.,.,.,.,.,.,.,.
2021,8,27,1,.,.,.,.,.,.,.,.,.,.,.,.,.
2021,8,27,2,.,.,.,.,.,.,.,.,.,.,.,.,.
2021,8,27,3,.,.,.,.,.,.,.,.,.,.,.,.,.
2021,8,27,4,.,.,.,.,.,.,.,.,.,.,.,.,.
2021,8,27,5,.,.,.,.,.,.,.,.,.,.,.,.,.
2021,8,27,6,.,.,.,.,.,.,.,.,.,.,.,.,.
2021,8,27,7,.,.,.,.,.,.,.,.,.,.,.,.,.
2021,8,27,8,.,.,.,.,.,.,.,.,.,.,.,.,.
2021,8,27,9,.,.,.,.,.,.,.,.,.,.,.,.,.
2021,8,27,10,.,.,.,.,.,.,.,.,.,.,.,.,.
2021,8,27,11,.,.,.,.,.,.,.,.,.,.,.,.,.
2021,8,27,12,.,.,.,.,.,.,.,.,.,.,.,.,.
2021,8,27,13,.,.,.,.,.,.,.,.,.,.,.,.,.
2021,8,27,14,.,.,.,.,.,.,.,.,.,.,.,.,.
2021,8,27,15,.,.,.,.,.,.,.,.,.,.,.,.,.
2021,8,27,16,.,.,.,.,.,.,.,.,.,.,.,.,.
2021,8,27,17,.,.,.,.,.,.,.,.,.,.,.,.,.
2021,8,27,18,.,.,.,.,.,.,.,.,.,.,.,.,.
2021,8,27,19,.,.,.,.,.,.,.,.,.,.,.,.,.
2021,8,27,20,.,.,.,.,.,.,.,.,.,.,.,.,.
2021,8,27,21,.,.,.,.,.,.,.,.,.,.,.,.,.
2021,8,27,22,.,.,.,.,.,.,.,.,.,.,.,.,.
2021,8,27,23,.,.,.,.,.,.,.,.,.,.,.,.,.
2021,8,27,24,.,.,.,.,.,.,.,.,.,.,.,.,.
2021,8,27,25,.,.,.,.,.,.,.,.,.,.,.,.,.
2021,8,27,26,.,.,.,.,.,.,.,.,.,.,.,.,.
2021,8,27,27,.,.,.,.,.,.,.,.,.,.,.,.,.
2021,8,27,28,.,.,.,.,.,.,.,.,.,.,.,.,.
2021,8,27,29,.,.,.,.,.,.,.,.,.,.,.,.,.
2021,8,27,30,.,.,.,.,.,.,.,.,.,.,.,.,.
2021,8,27,31,.,.,.,.,.,.,.,.,.,.,.,.,.
2021,8,27,32,.,.,.,.,.,.,.,.,.,.,.,.,.
2021,8,27,33,.,.,.,.,.,.,.,.,.,.,.,.,.
2021,8,27,34,.,.,.,.,.,.,.,.,.,.,.,.,.
2021,8,27,35,.,.,.,.,.,.,.,.,.,.,.,.,.
2021,8,27,36,.,.,.,.,.,.,.,.,.,.,.,.,.
2021,8,27,37,.,.,.,.,.,.,.,.,.,.,.,.,.
2021,8,27,38,.,.,.,.,.,.,.,.,.,.,.,.,.
2021,8,27,39,.,.,.,.,.,.,.,.,.,.,.,.,.
2021,8,27,40,.,.,.,.,.,.,.,.,.,.,.,.,.
2021,8,27,41,.,.,.,.,.,.,.,.,.,.,.,.,.
2021,8,27,42,.,.,.,.,.,.,.,.,.,.,.,.,.
2021,8,27,43,.,.,.,.,.,.,.,.,.,.,.,.,.
2021,8,27,44,.,.,.,.,.,.,.,.,.,.,.,.,.
2021,8,27,45,.,.,.,.,.,.,.,.,.,.,.,.,.
2021,8,27,46,.,.,.,.,.,.,.,.,.,.,.,.,.
2021,8,27,47,.,.,.,.,.,.,.,.,.,.,.,.,.
2021,8,27,48,.,.,.,.,.,.,.,.,.,.,.,.,.
2021,8,27,49,.,.,.,.,.,.,.,.,.,.,.,.,.
2021,8,27,50,.,.,.,.,.,.,.,.,.,.,.,.,.
2021,8,27,51,.,.,.,.,.,.,.,.,.,.,.,.,.
2021,8,27,52,.,.,.,.,.,.,.,.,.,.,.,.,.
2021,8,27,53,.,.,.,.,.,.,.,.,.,.,.,.,.
2021,9,3,1,.,.,.,.,.,.,.,.,.,.,.,.,.
2021,9,3,2,.,.,.,.,.,.,.,.,.,.,.,.,.
2021,9,3,3,.,.,.,.,.,.,.,.,.,.,.,.,.
2021,9,3,4,.,.,.,.,.,.,.,.,.,.,.,.,.
2021,9,3,5,.,.,.,.,.,.,.,.,.,.,.,.,.
2021,9,3,6,.,.,.,.,.,.,.,.,.,.,.,.,.
2021,9,3,7,.,.,.,.,.,.,.,.,.,.,.,.,.
2021,9,3,8,.,.,.,.,.,.,.,.,.,.,.,.,.
2021,9,3,9,.,.,.,.,.,.,.,.,.,.,.,.,.
2021,9,3,10,.,.,.,.,.,.,.,.,.,.,.,.,.
2021,9,3,11,.,.,.,.,.,.,.,.,.,.,.,.,.
2021,9,3,12,.,.,.,.,.,.,.,.,.,.,.,.,.
2021,9,3,13,.,.,.,.,.,.,.,.,.,.,.,.,.
2021,9,3,14,.,.,.,.,.,.,.,.,.,.,.,.,.
2021,9,3,15,.,.,.,.,.,.,.,.,.,.,.,.,.
2021,9,3,16,.,.,.,.,.,.,.,.,.,.,.,.,.
2021,9,3,17,.,.,.,.,.,.,.,.,.,.,.,.,.
2021,9,3,18,.,.,.,.,.,.,.,.,.,.,.,.,.
2021,9,3,19,.,.,.,.,.,.,.,.,.,.,.,.,.
2021,9,3,20,.,.,.,.,.,.,.,.,.,.,.,.,.
2021,9,3,21,.,.,.,.,.,.,.,.,.,.,.,.,.
2021,9,3,22,.,.,.,.,.,.,.,.,.,.,.,.,.
2021,9,3,23,.,.,.,.,.,.,.,.,.,.,.,.,.
2021,9,3,24,.,.,.,.,.,.,.,.,.,.,.,.,.
2021,9,3,25,.,.,.,.,.,.,.,.,.,.,.,.,.
2021,9,3,26,.,.,.,.,.,.,.,.,.,.,.,.,.
2021,9,3,27,.,.,.,.,.,.,.,.,.,.,.,.,.
2021,9,3,28,.,.,.,.,.,.,.,.,.,.,.,.,.
2021,9,3,29,.,.,.,.,.,.,.,.,.,.,.,.,.
2021,9,3,30,.,.,.,.,.,.,.,.,.,.,.,.,.
2021,9,3,31,.,.,.,.,.,.,.,.,.,.,.,.,.
2021,9,3,32,.,.,.,.,.,.,.,.,.,.,.,.,.
2021,9,3,33,.,.,.,.,.,.,.,.,.,.,.,.,.
2021,9,3,34,.,.,.,.,.,.,.,.,.,.,.,.,.
2021,9,3,35,.,.,.,.,.,.,.,.,.,.,.,.,.
2021,9,3,36,.,.,.,.,.,.,.,.,.,.,.,.,.
2021,9,3,37,.,.,.,.,.,.,.,.,.,.,.,.,.
2021,9,3,38,.,.,.,.,.,.,.,.,.,.,.,.,.
2021,9,3,39,.,.,.,.,.,.,.,.,.,.,.,.,.
2021,9,3,40,.,.,.,.,.,.,.,.,.,.,.,.,.
2021,9,3,41,.,.,.,.,.,.,.,.,.,.,.,.,.
2021,9,3,42,.,.,.,.,.,.,.,.,.,.,.,.,.
2021,9,3,43,.,.,.,.,.,.,.,.,.,.,.,.,.
2021,9,3,44,.,.,.,.,.,.,.,.,.,.,.,.,.
2021,9,3,45,.,.,.,.,.,.,.,.,.,.,.,.,.
2021,9,3,46,.,.,.,.,.,.,.,.,.,.,.,.,.
2021,9,3,47,.,.,.,.,.,.,.,.,.,.,.,.,.
2021,9,3,48,.,.,.,.,.,.,.,.,.,.,.,.,.
2021,9,3,49,.,.,.,.,.,.,.,.,.,.,.,.,.
2021,9,3,50,.,.,.,.,.,.,.,.,.,.,.,.,.
2021,9,3,51,.,.,.,.,.,.,.,.,.,.,.,.,.
2021,9,3,52,.,.,.,.,.,.,.,.,.,.,.,.,.
2021,9,3,53,.,.,.,.,.,.,.,.,.,.,.,.,.
2021,9,10,1,.,.,.,.,.,.,.,.,.,.,.,.,.
2021,9,10,2,.,.,.,.,.,.,.,.,.,.,.,.,.
2021,9,10,3,.,.,.,.,.,.,.,.,.,.,.,.,.
2021,9,10,4,.,.,.,.,.,.,.,.,.,.,.,.,.
2021,9,10,5,.,.,.,.,.,.,.,.,.,.,.,.,.
2021,9,10,6,.,.,.,.,.,.,.,.,.,.,.,.,.
2021,9,10,7,.,.,.,.,.,.,.,.,.,.,.,.,.
2021,9,10,8,.,.,.,.,.,.,.,.,.,.,.,.,.
2021,9,10,9,.,.,.,.,.,.,.,.,.,.,.,.,.
2021,9,10,10,.,.,.,.,.,.,.,.,.,.,.,.,.
2021,9,10,11,.,.,.,.,.,.,.,.,.,.,.,.,.
2021,9,10,12,.,.,.,.,.,.,.,.,.,.,.,.,.
2021,9,10,13,.,.,.,.,.,.,.,.,.,.,.,.,.
2021,9,10,14,.,.,.,.,.,.,.,.,.,.,.,.,.
2021,9,10,15,.,.,.,.,.,.,.,.,.,.,.,.,.
2021,9,10,16,.,.,.,.,.,.,.,.,.,.,.,.,.
2021,9,10,17,.,.,.,.,.,.,.,.,.,.,.,.,.
2021,9,10,18,.,.,.,.,.,.,.,.,.,.,.,.,.
2021,9,10,19,.,.,.,.,.,.,.,.,.,.,.,.,.
2021,9,10,20,.,.,.,.,.,.,.,.,.,.,.,.,.
2021,9,10,21,.,.,.,.,.,.,.,.,.,.,.,.,.
2021,9,10,22,.,.,.,.,.,.,.,.,.,.,.,.,.
2021,9,10,23,.,.,.,.,.,.,.,.,.,.,.,.,.
2021,9,10,24,.,.,.,.,.,.,.,.,.,.,.,.,.
2021,9,10,25,.,.,.,.,.,.,.,.,.,.,.,.,.
2021,9,10,26,.,.,.,.,.,.,.,.,.,.,.,.,.
2021,9,10,27,.,.,.,.,.,.,.,.,.,.,.,.,.
2021,9,10,28,.,.,.,.,.,.,.,.,.,.,.,.,.
2021,9,10,29,.,.,.,.,.,.,.,.,.,.,.,.,.
2021,9,10,30,.,.,.,.,.,.,.,.,.,.,.,.,.
2021,9,10,31,.,.,.,.,.,.,.,.,.,.,.,.,.
2021,9,10,32,.,.,.,.,.,.,.,.,.,.,.,.,.
2021,9,10,33,.,.,.,.,.,.,.,.,.,.,.,.,.
2021,9,10,34,.,.,.,.,.,.,.,.,.,.,.,.,.
2021,9,10,35,.,.,.,.,.,.,.,.,.,.,.,.,.
2021,9,10,36,.,.,.,.,.,.,.,.,.,.,.,.,.
2021,9,10,37,.,.,.,.,.,.,.,.,.,.,.,.,.
2021,9,10,38,.,.,.,.,.,.,.,.,.,.,.,.,.
2021,9,10,39,.,.,.,.,.,.,.,.,.,.,.,.,.
2021,9,10,40,.,.,.,.,.,.,.,.,.,.,.,.,.
2021,9,10,41,.,.,.,.,.,.,.,.,.,.,.,.,.
2021,9,10,42,.,.,.,.,.,.,.,.,.,.,.,.,.
2021,9,10,43,.,.,.,.,.,.,.,.,.,.,.,.,.
2021,9,10,44,.,.,.,.,.,.,.,.,.,.,.,.,.
2021,9,10,45,.,.,.,.,.,.,.,.,.,.,.,.,.
2021,9,10,46,.,.,.,.,.,.,.,.,.,.,.,.,.
2021,9,10,47,.,.,.,.,.,.,.,.,.,.,.,.,.
2021,9,10,48,.,.,.,.,.,.,.,.,.,.,.,.,.
2021,9,10,49,.,.,.,.,.,.,.,.,.,.,.,.,.
2021,9,10,50,.,.,.,.,.,.,.,.,.,.,.,.,.
2021,9,10,51,.,.,.,.,.,.,.,.,.,.,.,.,.
2021,9,10,52,.,.,.,.,.,.,.,.,.,.,.,.,.
2021,9,10,53,.,.,.,.,.,.,.,.,.,.,.,.,.
2021,9,17,1,.,.,.,.,.,.,.,.,.,.,.,.,.
2021,9,17,2,.,.,.,.,.,.,.,.,.,.,.,.,.
2021,9,17,3,.,.,.,.,.,.,.,.,.,.,.,.,.
2021,9,17,4,.,.,.,.,.,.,.,.,.,.,.,.,.
2021,9,17,5,.,.,.,.,.,.,.,.,.,.,.,.,.
2021,9,17,6,.,.,.,.,.,.,.,.,.,.,.,.,.
2021,9,17,7,.,.,.,.,.,.,.,.,.,.,.,.,.
2021,9,17,8,.,.,.,.,.,.,.,.,.,.,.,.,.
2021,9,17,9,.,.,.,.,.,.,.,.,.,.,.,.,.
2021,9,17,10,.,.,.,.,.,.,.,.,.,.,.,.,.
2021,9,17,11,.,.,.,.,.,.,.,.,.,.,.,.,.
2021,9,17,12,.,.,.,.,.,.,.,.,.,.,.,.,.
2021,9,17,13,.,.,.,.,.,.,.,.,.,.,.,.,.
2021,9,17,14,.,.,.,.,.,.,.,.,.,.,.,.,.
2021,9,17,15,.,.,.,.,.,.,.,.,.,.,.,.,.
2021,9,17,16,.,.,.,.,.,.,.,.,.,.,.,.,.
2021,9,17,17,.,.,.,.,.,.,.,.,.,.,.,.,.
2021,9,17,18,.,.,.,.,.,.,.,.,.,.,.,.,.
2021,9,17,19,.,.,.,.,.,.,.,.,.,.,.,.,.
2021,9,17,20,.,.,.,.,.,.,.,.,.,.,.,.,.
2021,9,17,21,.,.,.,.,.,.,.,.,.,.,.,.,.
2021,9,17,22,.,.,.,.,.,.,.,.,.,.,.,.,.
2021,9,17,23,.,.,.,.,.,.,.,.,.,.,.,.,.
2021,9,17,24,.,.,.,.,.,.,.,.,.,.,.,.,.
2021,9,17,25,.,.,.,.,.,.,.,.,.,.,.,.,.
2021,9,17,26,.,.,.,.,.,.,.,.,.,.,.,.,.
2021,9,17,27,.,.,.,.,.,.,.,.,.,.,.,.,.
2021,9,17,28,.,.,.,.,.,.,.,.,.,.,.,.,.
2021,9,17,29,.,.,.,.,.,.,.,.,.,.,.,.,.
2021,9,17,30,.,.,.,.,.,.,.,.,.,.,.,.,.
2021,9,17,31,.,.,.,.,.,.,.,.,.,.,.,.,.
2021,9,17,32,.,.,.,.,.,.,.,.,.,.,.,.,.
2021,9,17,33,.,.,.,.,.,.,.,.,.,.,.,.,.
2021,9,17,34,.,.,.,.,.,.,.,.,.,.,.,.,.
2021,9,17,35,.,.,.,.,.,.,.,.,.,.,.,.,.
2021,9,17,36,.,.,.,.,.,.,.,.,.,.,.,.,.
2021,9,17,37,.,.,.,.,.,.,.,.,.,.,.,.,.
2021,9,17,38,.,.,.,.,.,.,.,.,.,.,.,.,.
2021,9,17,39,.,.,.,.,.,.,.,.,.,.,.,.,.
2021,9,17,40,.,.,.,.,.,.,.,.,.,.,.,.,.
2021,9,17,41,.,.,.,.,.,.,.,.,.,.,.,.,.
2021,9,17,42,.,.,.,.,.,.,.,.,.,.,.,.,.
2021,9,17,43,.,.,.,.,.,.,.,.,.,.,.,.,.
2021,9,17,44,.,.,.,.,.,.,.,.,.,.,.,.,.
2021,9,17,45,.,.,.,.,.,.,.,.,.,.,.,.,.
2021,9,17,46,.,.,.,.,.,.,.,.,.,.,.,.,.
2021,9,17,47,.,.,.,.,.,.,.,.,.,.,.,.,.
2021,9,17,48,.,.,.,.,.,.,.,.,.,.,.,.,.
2021,9,17,49,.,.,.,.,.,.,.,.,.,.,.,.,.
2021,9,17,50,.,.,.,.,.,.,.,.,.,.,.,.,.
2021,9,17,51,.,.,.,.,.,.,.,.,.,.,.,.,.
2021,9,17,52,.,.,.,.,.,.,.,.,.,.,.,.,.
2021,9,17,53,.,.,.,.,.,.,.,.,.,.,.,.,.
2021,9,24,1,.,.,.,.,.,.,.,.,.,.,.,.,.
2021,9,24,2,.,.,.,.,.,.,.,.,.,.,.,.,.
2021,9,24,3,.,.,.,.,.,.,.,.,.,.,.,.,.
2021,9,24,4,.,.,.,.,.,.,.,.,.,.,.,.,.
2021,9,24,5,.,.,.,.,.,.,.,.,.,.,.,.,.
2021,9,24,6,.,.,.,.,.,.,.,.,.,.,.,.,.
2021,9,24,7,.,.,.,.,.,.,.,.,.,.,.,.,.
2021,9,24,8,.,.,.,.,.,.,.,.,.,.,.,.,.
2021,9,24,9,.,.,.,.,.,.,.,.,.,.,.,.,.
2021,9,24,10,.,.,.,.,.,.,.,.,.,.,.,.,.
2021,9,24,11,.,.,.,.,.,.,.,.,.,.,.,.,.
2021,9,24,12,.,.,.,.,.,.,.,.,.,.,.,.,.
2021,9,24,13,.,.,.,.,.,.,.,.,.,.,.,.,.
2021,9,24,14,.,.,.,.,.,.,.,.,.,.,.,.,.
2021,9,24,15,.,.,.,.,.,.,.,.,.,.,.,.,.
2021,9,24,16,.,.,.,.,.,.,.,.,.,.,.,.,.
2021,9,24,17,.,.,.,.,.,.,.,.,.,.,.,.,.
2021,9,24,18,.,.,.,.,.,.,.,.,.,.,.,.,.
2021,9,24,19,.,.,.,.,.,.,.,.,.,.,.,.,.
2021,9,24,20,.,.,.,.,.,.,.,.,.,.,.,.,.
2021,9,24,21,.,.,.,.,.,.,.,.,.,.,.,.,.
2021,9,24,22,.,.,.,.,.,.,.,.,.,.,.,.,.
2021,9,24,23,.,.,.,.,.,.,.,.,.,.,.,.,.
2021,9,24,24,.,.,.,.,.,.,.,.,.,.,.,.,.
2021,9,24,25,.,.,.,.,.,.,.,.,.,.,.,.,.
2021,9,24,26,.,.,.,.,.,.,.,.,.,.,.,.,.
2021,9,24,27,.,.,.,.,.,.,.,.,.,.,.,.,.
2021,9,24,28,.,.,.,.,.,.,.,.,.,.,.,.,.
2021,9,24,29,.,.,.,.,.,.,.,.,.,.,.,.,.
2021,9,24,30,.,.,.,.,.,.,.,.,.,.,.,.,.
2021,9,24,31,.,.,.,.,.,.,.,.,.,.,.,.,.
2021,9,24,32,.,.,.,.,.,.,.,.,.,.,.,.,.
2021,9,24,33,.,.,.,.,.,.,.,.,.,.,.,.,.
2021,9,24,34,.,.,.,.,.,.,.,.,.,.,.,.,.
2021,9,24,35,.,.,.,.,.,.,.,.,.,.,.,.,.
2021,9,24,36,.,.,.,.,.,.,.,.,.,.,.,.,.
2021,9,24,37,.,.,.,.,.,.,.,.,.,.,.,.,.
2021,9,24,38,.,.,.,.,.,.,.,.,.,.,.,.,.
2021,9,24,39,.,.,.,.,.,.,.,.,.,.,.,.,.
2021,9,24,40,.,.,.,.,.,.,.,.,.,.,.,.,.
2021,9,24,41,.,.,.,.,.,.,.,.,.,.,.,.,.
2021,9,24,42,.,.,.,.,.,.,.,.,.,.,.,.,.
2021,9,24,43,.,.,.,.,.,.,.,.,.,.,.,.,.
2021,9,24,44,.,.,.,.,.,.,.,.,.,.,.,.,.
2021,9,24,45,.,.,.,.,.,.,.,.,.,.,.,.,.
2021,9,24,46,.,.,.,.,.,.,.,.,.,.,.,.,.
2021,9,24,47,.,.,.,.,.,.,.,.,.,.,.,.,.
2021,9,24,48,.,.,.,.,.,.,.,.,.,.,.,.,.
2021,9,24,49,.,.,.,.,.,.,.,.,.,.,.,.,.
2021,9,24,50,.,.,.,.,.,.,.,.,.,.,.,.,.
2021,9,24,51,.,.,.,.,.,.,.,.,.,.,.,.,.
2021,9,24,52,.,.,.,.,.,.,.,.,.,.,.,.,.
2021,9,24,53,.,.,.,.,.,.,.,.,.,.,.,.,.
2021,10,1,1,.,.,.,.,.,.,.,.,.,.,.,.,.
2021,10,1,2,.,.,.,.,.,.,.,.,.,.,.,.,.
2021,10,1,3,.,.,.,.,.,.,.,.,.,.,.,.,.
2021,10,1,4,.,.,.,.,.,.,.,.,.,.,.,.,.
2021,10,1,5,.,.,.,.,.,.,.,.,.,.,.,.,.
2021,10,1,6,.,.,.,.,.,.,.,.,.,.,.,.,.
2021,10,1,7,.,.,.,.,.,.,.,.,.,.,.,.,.
2021,10,1,8,.,.,.,.,.,.,.,.,.,.,.,.,.
2021,10,1,9,.,.,.,.,.,.,.,.,.,.,.,.,.
2021,10,1,10,.,.,.,.,.,.,.,.,.,.,.,.,.
2021,10,1,11,.,.,.,.,.,.,.,.,.,.,.,.,.
2021,10,1,12,.,.,.,.,.,.,.,.,.,.,.,.,.
2021,10,1,13,.,.,.,.,.,.,.,.,.,.,.,.,.
2021,10,1,14,.,.,.,.,.,.,.,.,.,.,.,.,.
2021,10,1,15,.,.,.,.,.,.,.,.,.,.,.,.,.
2021,10,1,16,.,.,.,.,.,.,.,.,.,.,.,.,.
2021,10,1,17,.,.,.,.,.,.,.,.,.,.,.,.,.
2021,10,1,18,.,.,.,.,.,.,.,.,.,.,.,.,.
2021,10,1,19,.,.,.,.,.,.,.,.,.,.,.,.,.
2021,10,1,20,.,.,.,.,.,.,.,.,.,.,.,.,.
2021,10,1,21,.,.,.,.,.,.,.,.,.,.,.,.,.
2021,10,1,22,.,.,.,.,.,.,.,.,.,.,.,.,.
2021,10,1,23,.,.,.,.,.,.,.,.,.,.,.,.,.
2021,10,1,24,.,.,.,.,.,.,.,.,.,.,.,.,.
2021,10,1,25,.,.,.,.,.,.,.,.,.,.,.,.,.
2021,10,1,26,.,.,.,.,.,.,.,.,.,.,.,.,.
2021,10,1,27,.,.,.,.,.,.,.,.,.,.,.,.,.
2021,10,1,28,.,.,.,.,.,.,.,.,.,.,.,.,.
2021,10,1,29,.,.,.,.,.,.,.,.,.,.,.,.,.
2021,10,1,30,.,.,.,.,.,.,.,.,.,.,.,.,.
2021,10,1,31,.,.,.,.,.,.,.,.,.,.,.,.,.
2021,10,1,32,.,.,.,.,.,.,.,.,.,.,.,.,.
2021,10,1,33,.,.,.,.,.,.,.,.,.,.,.,.,.
2021,10,1,34,.,.,.,.,.,.,.,.,.,.,.,.,.
2021,10,1,35,.,.,.,.,.,.,.,.,.,.,.,.,.
2021,10,1,36,.,.,.,.,.,.,.,.,.,.,.,.,.
2021,10,1,37,.,.,.,.,.,.,.,.,.,.,.,.,.
2021,10,1,38,.,.,.,.,.,.,.,.,.,.,.,.,.
2021,10,1,39,.,.,.,.,.,.,.,.,.,.,.,.,.
2021,10,1,40,.,.,.,.,.,.,.,.,.,.,.,.,.
2021,10,1,41,.,.,.,.,.,.,.,.,.,.,.,.,.
2021,10,1,42,.,.,.,.,.,.,.,.,.,.,.,.,.
2021,10,1,43,.,.,.,.,.,.,.,.,.,.,.,.,.
2021,10,1,44,.,.,.,.,.,.,.,.,.,.,.,.,.
2021,10,1,45,.,.,.,.,.,.,.,.,.,.,.,.,.
2021,10,1,46,.,.,.,.,.,.,.,.,.,.,.,.,.
2021,10,1,47,.,.,.,.,.,.,.,.,.,.,.,.,.
2021,10,1,48,.,.,.,.,.,.,.,.,.,.,.,.,.
2021,10,1,49,.,.,.,.,.,.,.,.,.,.,.,.,.
2021,10,1,50,.,.,.,.,.,.,.,.,.,.,.,.,.
2021,10,1,51,.,.,.,.,.,.,.,.,.,.,.,.,.
2021,10,1,52,.,.,.,.,.,.,.,.,.,.,.,.,.
2021,10,1,53,.,.,.,.,.,.,.,.,.,.,.,.,.
2021,10,8,1,.,.,.,.,.,.,.,.,.,.,.,.,.
2021,10,8,2,.,.,.,.,.,.,.,.,.,.,.,.,.
2021,10,8,3,.,.,.,.,.,.,.,.,.,.,.,.,.
2021,10,8,4,.,.,.,.,.,.,.,.,.,.,.,.,.
2021,10,8,5,.,.,.,.,.,.,.,.,.,.,.,.,.
2021,10,8,6,.,.,.,.,.,.,.,.,.,.,.,.,.
2021,10,8,7,.,.,.,.,.,.,.,.,.,.,.,.,.
2021,10,8,8,.,.,.,.,.,.,.,.,.,.,.,.,.
2021,10,8,9,.,.,.,.,.,.,.,.,.,.,.,.,.
2021,10,8,10,.,.,.,.,.,.,.,.,.,.,.,.,.
2021,10,8,11,.,.,.,.,.,.,.,.,.,.,.,.,.
2021,10,8,12,.,.,.,.,.,.,.,.,.,.,.,.,.
2021,10,8,13,.,.,.,.,.,.,.,.,.,.,.,.,.
2021,10,8,14,.,.,.,.,.,.,.,.,.,.,.,.,.
2021,10,8,15,.,.,.,.,.,.,.,.,.,.,.,.,.
2021,10,8,16,.,.,.,.,.,.,.,.,.,.,.,.,.
2021,10,8,17,.,.,.,.,.,.,.,.,.,.,.,.,.
2021,10,8,18,.,.,.,.,.,.,.,.,.,.,.,.,.
2021,10,8,19,.,.,.,.,.,.,.,.,.,.,.,.,.
2021,10,8,20,.,.,.,.,.,.,.,.,.,.,.,.,.
2021,10,8,21,.,.,.,.,.,.,.,.,.,.,.,.,.
2021,10,8,22,.,.,.,.,.,.,.,.,.,.,.,.,.
2021,10,8,23,.,.,.,.,.,.,.,.,.,.,.,.,.
2021,10,8,24,.,.,.,.,.,.,.,.,.,.,.,.,.
2021,10,8,25,.,.,.,.,.,.,.,.,.,.,.,.,.
2021,10,8,26,.,.,.,.,.,.,.,.,.,.,.,.,.
2021,10,8,27,.,.,.,.,.,.,.,.,.,.,.,.,.
2021,10,8,28,.,.,.,.,.,.,.,.,.,.,.,.,.
2021,10,8,29,.,.,.,.,.,.,.,.,.,.,.,.,.
2021,10,8,30,.,.,.,.,.,.,.,.,.,.,.,.,.
2021,10,8,31,.,.,.,.,.,.,.,.,.,.,.,.,.
2021,10,8,32,.,.,.,.,.,.,.,.,.,.,.,.,.
2021,10,8,33,.,.,.,.,.,.,.,.,.,.,.,.,.
2021,10,8,34,.,.,.,.,.,.,.,.,.,.,.,.,.
2021,10,8,35,.,.,.,.,.,.,.,.,.,.,.,.,.
2021,10,8,36,.,.,.,.,.,.,.,.,.,.,.,.,.
2021,10,8,37,.,.,.,.,.,.,.,.,.,.,.,.,.
2021,10,8,38,.,.,.,.,.,.,.,.,.,.,.,.,.
2021,10,8,39,.,.,.,.,.,.,.,.,.,.,.,.,.
2021,10,8,40,.,.,.,.,.,.,.,.,.,.,.,.,.
2021,10,8,41,.,.,.,.,.,.,.,.,.,.,.,.,.
2021,10,8,42,.,.,.,.,.,.,.,.,.,.,.,.,.
2021,10,8,43,.,.,.,.,.,.,.,.,.,.,.,.,.
2021,10,8,44,.,.,.,.,.,.,.,.,.,.,.,.,.
2021,10,8,45,.,.,.,.,.,.,.,.,.,.,.,.,.
2021,10,8,46,.,.,.,.,.,.,.,.,.,.,.,.,.
2021,10,8,47,.,.,.,.,.,.,.,.,.,.,.,.,.
2021,10,8,48,.,.,.,.,.,.,.,.,.,.,.,.,.
2021,10,8,49,.,.,.,.,.,.,.,.,.,.,.,.,.
2021,10,8,50,.,.,.,.,.,.,.,.,.,.,.,.,.
2021,10,8,51,.,.,.,.,.,.,.,.,.,.,.,.,.
2021,10,8,52,.,.,.,.,.,.,.,.,.,.,.,.,.
2021,10,8,53,.,.,.,.,.,.,.,.,.,.,.,.,.
2021,10,15,1,.,.,.,.,.,.,.,.,.,.,.,.,.
2021,10,15,2,.,.,.,.,.,.,.,.,.,.,.,.,.
2021,10,15,3,.,.,.,.,.,.,.,.,.,.,.,.,.
2021,10,15,4,.,.,.,.,.,.,.,.,.,.,.,.,.
2021,10,15,5,.,.,.,.,.,.,.,.,.,.,.,.,.
2021,10,15,6,.,.,.,.,.,.,.,.,.,.,.,.,.
2021,10,15,7,.,.,.,.,.,.,.,.,.,.,.,.,.
2021,10,15,8,.,.,.,.,.,.,.,.,.,.,.,.,.
2021,10,15,9,.,.,.,.,.,.,.,.,.,.,.,.,.
2021,10,15,10,.,.,.,.,.,.,.,.,.,.,.,.,.
2021,10,15,11,.,.,.,.,.,.,.,.,.,.,.,.,.
2021,10,15,12,.,.,.,.,.,.,.,.,.,.,.,.,.
2021,10,15,13,.,.,.,.,.,.,.,.,.,.,.,.,.
2021,10,15,14,.,.,.,.,.,.,.,.,.,.,.,.,.
2021,10,15,15,.,.,.,.,.,.,.,.,.,.,.,.,.
2021,10,15,16,.,.,.,.,.,.,.,.,.,.,.,.,.
2021,10,15,17,.,.,.,.,.,.,.,.,.,.,.,.,.
2021,10,15,18,.,.,.,.,.,.,.,.,.,.,.,.,.
2021,10,15,19,.,.,.,.,.,.,.,.,.,.,.,.,.
2021,10,15,20,.,.,.,.,.,.,.,.,.,.,.,.,.
2021,10,15,21,.,.,.,.,.,.,.,.,.,.,.,.,.
2021,10,15,22,.,.,.,.,.,.,.,.,.,.,.,.,.
2021,10,15,23,.,.,.,.,.,.,.,.,.,.,.,.,.
2021,10,15,24,.,.,.,.,.,.,.,.,.,.,.,.,.
2021,10,15,25,.,.,.,.,.,.,.,.,.,.,.,.,.
2021,10,15,26,.,.,.,.,.,.,.,.,.,.,.,.,.
2021,10,15,27,.,.,.,.,.,.,.,.,.,.,.,.,.
2021,10,15,28,.,.,.,.,.,.,.,.,.,.,.,.,.
2021,10,15,29,.,.,.,.,.,.,.,.,.,.,.,.,.
2021,10,15,30,.,.,.,.,.,.,.,.,.,.,.,.,.
2021,10,15,31,.,.,.,.,.,.,.,.,.,.,.,.,.
2021,10,15,32,.,.,.,.,.,.,.,.,.,.,.,.,.
2021,10,15,33,.,.,.,.,.,.,.,.,.,.,.,.,.
2021,10,15,34,.,.,.,.,.,.,.,.,.,.,.,.,.
2021,10,15,35,.,.,.,.,.,.,.,.,.,.,.,.,.
2021,10,15,36,.,.,.,.,.,.,.,.,.,.,.,.,.
2021,10,15,37,.,.,.,.,.,.,.,.,.,.,.,.,.
2021,10,15,38,.,.,.,.,.,.,.,.,.,.,.,.,.
2021,10,15,39,.,.,.,.,.,.,.,.,.,.,.,.,.
2021,10,15,40,.,.,.,.,.,.,.,.,.,.,.,.,.
2021,10,15,41,.,.,.,.,.,.,.,.,.,.,.,.,.
2021,10,15,42,.,.,.,.,.,.,.,.,.,.,.,.,.
2021,10,15,43,.,.,.,.,.,.,.,.,.,.,.,.,.
2021,10,15,44,.,.,.,.,.,.,.,.,.,.,.,.,.
2021,10,15,45,.,.,.,.,.,.,.,.,.,.,.,.,.
2021,10,15,46,.,.,.,.,.,.,.,.,.,.,.,.,.
2021,10,15,47,.,.,.,.,.,.,.,.,.,.,.,.,.
2021,10,15,48,.,.,.,.,.,.,.,.,.,.,.,.,.
2021,10,15,49,.,.,.,.,.,.,.,.,.,.,.,.,.
2021,10,15,50,.,.,.,.,.,.,.,.,.,.,.,.,.
2021,10,15,51,.,.,.,.,.,.,.,.,.,.,.,.,.
2021,10,15,52,.,.,.,.,.,.,.,.,.,.,.,.,.
2021,10,15,53,.,.,.,.,.,.,.,.,.,.,.,.,.
2021,10,22,1,.,.,.,.,.,.,.,.,.,.,.,.,.
2021,10,22,2,.,.,.,.,.,.,.,.,.,.,.,.,.
2021,10,22,3,.,.,.,.,.,.,.,.,.,.,.,.,.
2021,10,22,4,.,.,.,.,.,.,.,.,.,.,.,.,.
2021,10,22,5,.,.,.,.,.,.,.,.,.,.,.,.,.
2021,10,22,6,.,.,.,.,.,.,.,.,.,.,.,.,.
2021,10,22,7,.,.,.,.,.,.,.,.,.,.,.,.,.
2021,10,22,8,.,.,.,.,.,.,.,.,.,.,.,.,.
2021,10,22,9,.,.,.,.,.,.,.,.,.,.,.,.,.
2021,10,22,10,.,.,.,.,.,.,.,.,.,.,.,.,.
2021,10,22,11,.,.,.,.,.,.,.,.,.,.,.,.,.
2021,10,22,12,.,.,.,.,.,.,.,.,.,.,.,.,.
2021,10,22,13,.,.,.,.,.,.,.,.,.,.,.,.,.
2021,10,22,14,.,.,.,.,.,.,.,.,.,.,.,.,.
2021,10,22,15,.,.,.,.,.,.,.,.,.,.,.,.,.
2021,10,22,16,.,.,.,.,.,.,.,.,.,.,.,.,.
2021,10,22,17,.,.,.,.,.,.,.,.,.,.,.,.,.
2021,10,22,18,.,.,.,.,.,.,.,.,.,.,.,.,.
2021,10,22,19,.,.,.,.,.,.,.,.,.,.,.,.,.
2021,10,22,20,.,.,.,.,.,.,.,.,.,.,.,.,.
2021,10,22,21,.,.,.,.,.,.,.,.,.,.,.,.,.
2021,10,22,22,.,.,.,.,.,.,.,.,.,.,.,.,.
2021,10,22,23,.,.,.,.,.,.,.,.,.,.,.,.,.
2021,10,22,24,.,.,.,.,.,.,.,.,.,.,.,.,.
2021,10,22,25,.,.,.,.,.,.,.,.,.,.,.,.,.
2021,10,22,26,.,.,.,.,.,.,.,.,.,.,.,.,.
2021,10,22,27,.,.,.,.,.,.,.,.,.,.,.,.,.
2021,10,22,28,.,.,.,.,.,.,.,.,.,.,.,.,.
2021,10,22,29,.,.,.,.,.,.,.,.,.,.,.,.,.
2021,10,22,30,.,.,.,.,.,.,.,.,.,.,.,.,.
2021,10,22,31,.,.,.,.,.,.,.,.,.,.,.,.,.
2021,10,22,32,.,.,.,.,.,.,.,.,.,.,.,.,.
2021,10,22,33,.,.,.,.,.,.,.,.,.,.,.,.,.
2021,10,22,34,.,.,.,.,.,.,.,.,.,.,.,.,.
2021,10,22,35,.,.,.,.,.,.,.,.,.,.,.,.,.
2021,10,22,36,.,.,.,.,.,.,.,.,.,.,.,.,.
2021,10,22,37,.,.,.,.,.,.,.,.,.,.,.,.,.
2021,10,22,38,.,.,.,.,.,.,.,.,.,.,.,.,.
2021,10,22,39,.,.,.,.,.,.,.,.,.,.,.,.,.
2021,10,22,40,.,.,.,.,.,.,.,.,.,.,.,.,.
2021,10,22,41,.,.,.,.,.,.,.,.,.,.,.,.,.
2021,10,22,42,.,.,.,.,.,.,.,.,.,.,.,.,.
2021,10,22,43,.,.,.,.,.,.,.,.,.,.,.,.,.
2021,10,22,44,.,.,.,.,.,.,.,.,.,.,.,.,.
2021,10,22,45,.,.,.,.,.,.,.,.,.,.,.,.,.
2021,10,22,46,.,.,.,.,.,.,.,.,.,.,.,.,.
2021,10,22,47,.,.,.,.,.,.,.,.,.,.,.,.,.
2021,10,22,48,.,.,.,.,.,.,.,.,.,.,.,.,.
2021,10,22,49,.,.,.,.,.,.,.,.,.,.,.,.,.
2021,10,22,50,.,.,.,.,.,.,.,.,.,.,.,.,.
2021,10,22,51,.,.,.,.,.,.,.,.,.,.,.,.,.
2021,10,22,52,.,.,.,.,.,.,.,.,.,.,.,.,.
2021,10,22,53,.,.,.,.,.,.,.,.,.,.,.,.,.
2021,10,29,1,.,.,.,.,.,.,.,.,.,.,.,.,.
2021,10,29,2,.,.,.,.,.,.,.,.,.,.,.,.,.
2021,10,29,3,.,.,.,.,.,.,.,.,.,.,.,.,.
2021,10,29,4,.,.,.,.,.,.,.,.,.,.,.,.,.
2021,10,29,5,.,.,.,.,.,.,.,.,.,.,.,.,.
2021,10,29,6,.,.,.,.,.,.,.,.,.,.,.,.,.
2021,10,29,7,.,.,.,.,.,.,.,.,.,.,.,.,.
2021,10,29,8,.,.,.,.,.,.,.,.,.,.,.,.,.
2021,10,29,9,.,.,.,.,.,.,.,.,.,.,.,.,.
2021,10,29,10,.,.,.,.,.,.,.,.,.,.,.,.,.
2021,10,29,11,.,.,.,.,.,.,.,.,.,.,.,.,.
2021,10,29,12,.,.,.,.,.,.,.,.,.,.,.,.,.
2021,10,29,13,.,.,.,.,.,.,.,.,.,.,.,.,.
2021,10,29,14,.,.,.,.,.,.,.,.,.,.,.,.,.
2021,10,29,15,.,.,.,.,.,.,.,.,.,.,.,.,.
2021,10,29,16,.,.,.,.,.,.,.,.,.,.,.,.,.
2021,10,29,17,.,.,.,.,.,.,.,.,.,.,.,.,.
2021,10,29,18,.,.,.,.,.,.,.,.,.,.,.,.,.
2021,10,29,19,.,.,.,.,.,.,.,.,.,.,.,.,.
2021,10,29,20,.,.,.,.,.,.,.,.,.,.,.,.,.
2021,10,29,21,.,.,.,.,.,.,.,.,.,.,.,.,.
2021,10,29,22,.,.,.,.,.,.,.,.,.,.,.,.,.
2021,10,29,23,.,.,.,.,.,.,.,.,.,.,.,.,.
2021,10,29,24,.,.,.,.,.,.,.,.,.,.,.,.,.
2021,10,29,25,.,.,.,.,.,.,.,.,.,.,.,.,.
2021,10,29,26,.,.,.,.,.,.,.,.,.,.,.,.,.
2021,10,29,27,.,.,.,.,.,.,.,.,.,.,.,.,.
2021,10,29,28,.,.,.,.,.,.,.,.,.,.,.,.,.
2021,10,29,29,.,.,.,.,.,.,.,.,.,.,.,.,.
2021,10,29,30,.,.,.,.,.,.,.,.,.,.,.,.,.
2021,10,29,31,.,.,.,.,.,.,.,.,.,.,.,.,.
2021,10,29,32,.,.,.,.,.,.,.,.,.,.,.,.,.
2021,10,29,33,.,.,.,.,.,.,.,.,.,.,.,.,.
2021,10,29,34,.,.,.,.,.,.,.,.,.,.,.,.,.
2021,10,29,35,.,.,.,.,.,.,.,.,.,.,.,.,.
2021,10,29,36,.,.,.,.,.,.,.,.,.,.,.,.,.
2021,10,29,37,.,.,.,.,.,.,.,.,.,.,.,.,.
2021,10,29,38,.,.,.,.,.,.,.,.,.,.,.,.,.
2021,10,29,39,.,.,.,.,.,.,.,.,.,.,.,.,.
2021,10,29,40,.,.,.,.,.,.,.,.,.,.,.,.,.
2021,10,29,41,.,.,.,.,.,.,.,.,.,.,.,.,.
2021,10,29,42,.,.,.,.,.,.,.,.,.,.,.,.,.
2021,10,29,43,.,.,.,.,.,.,.,.,.,.,.,.,.
2021,10,29,44,.,.,.,.,.,.,.,.,.,.,.,.,.
2021,10,29,45,.,.,.,.,.,.,.,.,.,.,.,.,.
2021,10,29,46,.,.,.,.,.,.,.,.,.,.,.,.,.
2021,10,29,47,.,.,.,.,.,.,.,.,.,.,.,.,.
2021,10,29,48,.,.,.,.,.,.,.,.,.,.,.,.,.
2021,10,29,49,.,.,.,.,.,.,.,.,.,.,.,.,.
2021,10,29,50,.,.,.,.,.,.,.,.,.,.,.,.,.
2021,10,29,51,.,.,.,.,.,.,.,.,.,.,.,.,.
2021,10,29,52,.,.,.,.,.,.,.,.,.,.,.,.,.
2021,10,29,53,.,.,.,.,.,.,.,.,.,.,.,.,.
2021,11,5,1,.,.,.,.,.,.,.,.,.,.,.,.,.
2021,11,5,2,.,.,.,.,.,.,.,.,.,.,.,.,.
2021,11,5,3,.,.,.,.,.,.,.,.,.,.,.,.,.
2021,11,5,4,.,.,.,.,.,.,.,.,.,.,.,.,.
2021,11,5,5,.,.,.,.,.,.,.,.,.,.,.,.,.
2021,11,5,6,.,.,.,.,.,.,.,.,.,.,.,.,.
2021,11,5,7,.,.,.,.,.,.,.,.,.,.,.,.,.
2021,11,5,8,.,.,.,.,.,.,.,.,.,.,.,.,.
2021,11,5,9,.,.,.,.,.,.,.,.,.,.,.,.,.
2021,11,5,10,.,.,.,.,.,.,.,.,.,.,.,.,.
2021,11,5,11,.,.,.,.,.,.,.,.,.,.,.,.,.
2021,11,5,12,.,.,.,.,.,.,.,.,.,.,.,.,.
2021,11,5,13,.,.,.,.,.,.,.,.,.,.,.,.,.
2021,11,5,14,.,.,.,.,.,.,.,.,.,.,.,.,.
2021,11,5,15,.,.,.,.,.,.,.,.,.,.,.,.,.
2021,11,5,16,.,.,.,.,.,.,.,.,.,.,.,.,.
2021,11,5,17,.,.,.,.,.,.,.,.,.,.,.,.,.
2021,11,5,18,.,.,.,.,.,.,.,.,.,.,.,.,.
2021,11,5,19,.,.,.,.,.,.,.,.,.,.,.,.,.
2021,11,5,20,.,.,.,.,.,.,.,.,.,.,.,.,.
2021,11,5,21,.,.,.,.,.,.,.,.,.,.,.,.,.
2021,11,5,22,.,.,.,.,.,.,.,.,.,.,.,.,.
2021,11,5,23,.,.,.,.,.,.,.,.,.,.,.,.,.
2021,11,5,24,.,.,.,.,.,.,.,.,.,.,.,.,.
2021,11,5,25,.,.,.,.,.,.,.,.,.,.,.,.,.
2021,11,5,26,.,.,.,.,.,.,.,.,.,.,.,.,.
2021,11,5,27,.,.,.,.,.,.,.,.,.,.,.,.,.
2021,11,5,28,.,.,.,.,.,.,.,.,.,.,.,.,.
2021,11,5,29,.,.,.,.,.,.,.,.,.,.,.,.,.
2021,11,5,30,.,.,.,.,.,.,.,.,.,.,.,.,.
2021,11,5,31,.,.,.,.,.,.,.,.,.,.,.,.,.
2021,11,5,32,.,.,.,.,.,.,.,.,.,.,.,.,.
2021,11,5,33,.,.,.,.,.,.,.,.,.,.,.,.,.
2021,11,5,34,.,.,.,.,.,.,.,.,.,.,.,.,.
2021,11,5,35,.,.,.,.,.,.,.,.,.,.,.,.,.
2021,11,5,36,.,.,.,.,.,.,.,.,.,.,.,.,.
2021,11,5,37,.,.,.,.,.,.,.,.,.,.,.,.,.
2021,11,5,38,.,.,.,.,.,.,.,.,.,.,.,.,.
2021,11,5,39,.,.,.,.,.,.,.,.,.,.,.,.,.
2021,11,5,40,.,.,.,.,.,.,.,.,.,.,.,.,.
2021,11,5,41,.,.,.,.,.,.,.,.,.,.,.,.,.
2021,11,5,42,.,.,.,.,.,.,.,.,.,.,.,.,.
2021,11,5,43,.,.,.,.,.,.,.,.,.,.,.,.,.
2021,11,5,44,.,.,.,.,.,.,.,.,.,.,.,.,.
2021,11,5,45,.,.,.,.,.,.,.,.,.,.,.,.,.
2021,11,5,46,.,.,.,.,.,.,.,.,.,.,.,.,.
2021,11,5,47,.,.,.,.,.,.,.,.,.,.,.,.,.
2021,11,5,48,.,.,.,.,.,.,.,.,.,.,.,.,.
2021,11,5,49,.,.,.,.,.,.,.,.,.,.,.,.,.
2021,11,5,50,.,.,.,.,.,.,.,.,.,.,.,.,.
2021,11,5,51,.,.,.,.,.,.,.,.,.,.,.,.,.
2021,11,5,52,.,.,.,.,.,.,.,.,.,.,.,.,.
2021,11,5,53,.,.,.,.,.,.,.,.,.,.,.,.,.
2021,11,12,1,.,.,.,.,.,.,.,.,.,.,.,.,.
2021,11,12,2,.,.,.,.,.,.,.,.,.,.,.,.,.
2021,11,12,3,.,.,.,.,.,.,.,.,.,.,.,.,.
2021,11,12,4,.,.,.,.,.,.,.,.,.,.,.,.,.
2021,11,12,5,.,.,.,.,.,.,.,.,.,.,.,.,.
2021,11,12,6,.,.,.,.,.,.,.,.,.,.,.,.,.
2021,11,12,7,.,.,.,.,.,.,.,.,.,.,.,.,.
2021,11,12,8,.,.,.,.,.,.,.,.,.,.,.,.,.
2021,11,12,9,.,.,.,.,.,.,.,.,.,.,.,.,.
2021,11,12,10,.,.,.,.,.,.,.,.,.,.,.,.,.
2021,11,12,11,.,.,.,.,.,.,.,.,.,.,.,.,.
2021,11,12,12,.,.,.,.,.,.,.,.,.,.,.,.,.
2021,11,12,13,.,.,.,.,.,.,.,.,.,.,.,.,.
2021,11,12,14,.,.,.,.,.,.,.,.,.,.,.,.,.
2021,11,12,15,.,.,.,.,.,.,.,.,.,.,.,.,.
2021,11,12,16,.,.,.,.,.,.,.,.,.,.,.,.,.
2021,11,12,17,.,.,.,.,.,.,.,.,.,.,.,.,.
2021,11,12,18,.,.,.,.,.,.,.,.,.,.,.,.,.
2021,11,12,19,.,.,.,.,.,.,.,.,.,.,.,.,.
2021,11,12,20,.,.,.,.,.,.,.,.,.,.,.,.,.
2021,11,12,21,.,.,.,.,.,.,.,.,.,.,.,.,.
2021,11,12,22,.,.,.,.,.,.,.,.,.,.,.,.,.
2021,11,12,23,.,.,.,.,.,.,.,.,.,.,.,.,.
2021,11,12,24,.,.,.,.,.,.,.,.,.,.,.,.,.
2021,11,12,25,.,.,.,.,.,.,.,.,.,.,.,.,.
2021,11,12,26,.,.,.,.,.,.,.,.,.,.,.,.,.
2021,11,12,27,.,.,.,.,.,.,.,.,.,.,.,.,.
2021,11,12,28,.,.,.,.,.,.,.,.,.,.,.,.,.
2021,11,12,29,.,.,.,.,.,.,.,.,.,.,.,.,.
2021,11,12,30,.,.,.,.,.,.,.,.,.,.,.,.,.
2021,11,12,31,.,.,.,.,.,.,.,.,.,.,.,.,.
2021,11,12,32,.,.,.,.,.,.,.,.,.,.,.,.,.
2021,11,12,33,.,.,.,.,.,.,.,.,.,.,.,.,.
2021,11,12,34,.,.,.,.,.,.,.,.,.,.,.,.,.
2021,11,12,35,.,.,.,.,.,.,.,.,.,.,.,.,.
2021,11,12,36,.,.,.,.,.,.,.,.,.,.,.,.,.
2021,11,12,37,.,.,.,.,.,.,.,.,.,.,.,.,.
2021,11,12,38,.,.,.,.,.,.,.,.,.,.,.,.,.
2021,11,12,39,.,.,.,.,.,.,.,.,.,.,.,.,.
2021,11,12,40,.,.,.,.,.,.,.,.,.,.,.,.,.
2021,11,12,41,.,.,.,.,.,.,.,.,.,.,.,.,.
2021,11,12,42,.,.,.,.,.,.,.,.,.,.,.,.,.
2021,11,12,43,.,.,.,.,.,.,.,.,.,.,.,.,.
2021,11,12,44,.,.,.,.,.,.,.,.,.,.,.,.,.
2021,11,12,45,.,.,.,.,.,.,.,.,.,.,.,.,.
2021,11,12,46,.,.,.,.,.,.,.,.,.,.,.,.,.
2021,11,12,47,.,.,.,.,.,.,.,.,.,.,.,.,.
2021,11,12,48,.,.,.,.,.,.,.,.,.,.,.,.,.
2021,11,12,49,.,.,.,.,.,.,.,.,.,.,.,.,.
2021,11,12,50,.,.,.,.,.,.,.,.,.,.,.,.,.
2021,11,12,51,.,.,.,.,.,.,.,.,.,.,.,.,.
2021,11,12,52,.,.,.,.,.,.,.,.,.,.,.,.,.
2021,11,12,53,.,.,.,.,.,.,.,.,.,.,.,.,.
2021,11,19,1,.,.,.,.,.,.,.,.,.,.,.,.,.
2021,11,19,2,.,.,.,.,.,.,.,.,.,.,.,.,.
2021,11,19,3,.,.,.,.,.,.,.,.,.,.,.,.,.
2021,11,19,4,.,.,.,.,.,.,.,.,.,.,.,.,.
2021,11,19,5,.,.,.,.,.,.,.,.,.,.,.,.,.
2021,11,19,6,.,.,.,.,.,.,.,.,.,.,.,.,.
2021,11,19,7,.,.,.,.,.,.,.,.,.,.,.,.,.
2021,11,19,8,.,.,.,.,.,.,.,.,.,.,.,.,.
2021,11,19,9,.,.,.,.,.,.,.,.,.,.,.,.,.
2021,11,19,10,.,.,.,.,.,.,.,.,.,.,.,.,.
2021,11,19,11,.,.,.,.,.,.,.,.,.,.,.,.,.
2021,11,19,12,.,.,.,.,.,.,.,.,.,.,.,.,.
2021,11,19,13,.,.,.,.,.,.,.,.,.,.,.,.,.
2021,11,19,14,.,.,.,.,.,.,.,.,.,.,.,.,.
2021,11,19,15,.,.,.,.,.,.,.,.,.,.,.,.,.
2021,11,19,16,.,.,.,.,.,.,.,.,.,.,.,.,.
2021,11,19,17,.,.,.,.,.,.,.,.,.,.,.,.,.
2021,11,19,18,.,.,.,.,.,.,.,.,.,.,.,.,.
2021,11,19,19,.,.,.,.,.,.,.,.,.,.,.,.,.
2021,11,19,20,.,.,.,.,.,.,.,.,.,.,.,.,.
2021,11,19,21,.,.,.,.,.,.,.,.,.,.,.,.,.
2021,11,19,22,.,.,.,.,.,.,.,.,.,.,.,.,.
2021,11,19,23,.,.,.,.,.,.,.,.,.,.,.,.,.
2021,11,19,24,.,.,.,.,.,.,.,.,.,.,.,.,.
2021,11,19,25,.,.,.,.,.,.,.,.,.,.,.,.,.
2021,11,19,26,.,.,.,.,.,.,.,.,.,.,.,.,.
2021,11,19,27,.,.,.,.,.,.,.,.,.,.,.,.,.
2021,11,19,28,.,.,.,.,.,.,.,.,.,.,.,.,.
2021,11,19,29,.,.,.,.,.,.,.,.,.,.,.,.,.
2021,11,19,30,.,.,.,.,.,.,.,.,.,.,.,.,.
2021,11,19,31,.,.,.,.,.,.,.,.,.,.,.,.,.
2021,11,19,32,.,.,.,.,.,.,.,.,.,.,.,.,.
2021,11,19,33,.,.,.,.,.,.,.,.,.,.,.,.,.
2021,11,19,34,.,.,.,.,.,.,.,.,.,.,.,.,.
2021,11,19,35,.,.,.,.,.,.,.,.,.,.,.,.,.
2021,11,19,36,.,.,.,.,.,.,.,.,.,.,.,.,.
2021,11,19,37,.,.,.,.,.,.,.,.,.,.,.,.,.
2021,11,19,38,.,.,.,.,.,.,.,.,.,.,.,.,.
2021,11,19,39,.,.,.,.,.,.,.,.,.,.,.,.,.
2021,11,19,40,.,.,.,.,.,.,.,.,.,.,.,.,.
2021,11,19,41,.,.,.,.,.,.,.,.,.,.,.,.,.
2021,11,19,42,.,.,.,.,.,.,.,.,.,.,.,.,.
2021,11,19,43,.,.,.,.,.,.,.,.,.,.,.,.,.
2021,11,19,44,.,.,.,.,.,.,.,.,.,.,.,.,.
2021,11,19,45,.,.,.,.,.,.,.,.,.,.,.,.,.
2021,11,19,46,.,.,.,.,.,.,.,.,.,.,.,.,.
2021,11,19,47,.,.,.,.,.,.,.,.,.,.,.,.,.
2021,11,19,48,.,.,.,.,.,.,.,.,.,.,.,.,.
2021,11,19,49,.,.,.,.,.,.,.,.,.,.,.,.,.
2021,11,19,50,.,.,.,.,.,.,.,.,.,.,.,.,.
2021,11,19,51,.,.,.,.,.,.,.,.,.,.,.,.,.
2021,11,19,52,.,.,.,.,.,.,.,.,.,.,.,.,.
2021,11,19,53,.,.,.,.,.,.,.,.,.,.,.,.,.
2021,11,26,1,.,.,.,.,.,.,.,.,.,.,.,.,.
2021,11,26,2,.,.,.,.,.,.,.,.,.,.,.,.,.
2021,11,26,3,.,.,.,.,.,.,.,.,.,.,.,.,.
2021,11,26,4,.,.,.,.,.,.,.,.,.,.,.,.,.
2021,11,26,5,.,.,.,.,.,.,.,.,.,.,.,.,.
2021,11,26,6,.,.,.,.,.,.,.,.,.,.,.,.,.
2021,11,26,7,.,.,.,.,.,.,.,.,.,.,.,.,.
2021,11,26,8,.,.,.,.,.,.,.,.,.,.,.,.,.
2021,11,26,9,.,.,.,.,.,.,.,.,.,.,.,.,.
2021,11,26,10,.,.,.,.,.,.,.,.,.,.,.,.,.
2021,11,26,11,.,.,.,.,.,.,.,.,.,.,.,.,.
2021,11,26,12,.,.,.,.,.,.,.,.,.,.,.,.,.
2021,11,26,13,.,.,.,.,.,.,.,.,.,.,.,.,.
2021,11,26,14,.,.,.,.,.,.,.,.,.,.,.,.,.
2021,11,26,15,.,.,.,.,.,.,.,.,.,.,.,.,.
2021,11,26,16,.,.,.,.,.,.,.,.,.,.,.,.,.
2021,11,26,17,.,.,.,.,.,.,.,.,.,.,.,.,.
2021,11,26,18,.,.,.,.,.,.,.,.,.,.,.,.,.
2021,11,26,19,.,.,.,.,.,.,.,.,.,.,.,.,.
2021,11,26,20,.,.,.,.,.,.,.,.,.,.,.,.,.
2021,11,26,21,.,.,.,.,.,.,.,.,.,.,.,.,.
2021,11,26,22,.,.,.,.,.,.,.,.,.,.,.,.,.
2021,11,26,23,.,.,.,.,.,.,.,.,.,.,.,.,.
2021,11,26,24,.,.,.,.,.,.,.,.,.,.,.,.,.
2021,11,26,25,.,.,.,.,.,.,.,.,.,.,.,.,.
2021,11,26,26,.,.,.,.,.,.,.,.,.,.,.,.,.
2021,11,26,27,.,.,.,.,.,.,.,.,.,.,.,.,.
2021,11,26,28,.,.,.,.,.,.,.,.,.,.,.,.,.
2021,11,26,29,.,.,.,.,.,.,.,.,.,.,.,.,.
2021,11,26,30,.,.,.,.,.,.,.,.,.,.,.,.,.
2021,11,26,31,.,.,.,.,.,.,.,.,.,.,.,.,.
2021,11,26,32,.,.,.,.,.,.,.,.,.,.,.,.,.
2021,11,26,33,.,.,.,.,.,.,.,.,.,.,.,.,.
2021,11,26,34,.,.,.,.,.,.,.,.,.,.,.,.,.
2021,11,26,35,.,.,.,.,.,.,.,.,.,.,.,.,.
2021,11,26,36,.,.,.,.,.,.,.,.,.,.,.,.,.
2021,11,26,37,.,.,.,.,.,.,.,.,.,.,.,.,.
2021,11,26,38,.,.,.,.,.,.,.,.,.,.,.,.,.
2021,11,26,39,.,.,.,.,.,.,.,.,.,.,.,.,.
2021,11,26,40,.,.,.,.,.,.,.,.,.,.,.,.,.
2021,11,26,41,.,.,.,.,.,.,.,.,.,.,.,.,.
2021,11,26,42,.,.,.,.,.,.,.,.,.,.,.,.,.
2021,11,26,43,.,.,.,.,.,.,.,.,.,.,.,.,.
2021,11,26,44,.,.,.,.,.,.,.,.,.,.,.,.,.
2021,11,26,45,.,.,.,.,.,.,.,.,.,.,.,.,.
2021,11,26,46,.,.,.,.,.,.,.,.,.,.,.,.,.
2021,11,26,47,.,.,.,.,.,.,.,.,.,.,.,.,.
2021,11,26,48,.,.,.,.,.,.,.,.,.,.,.,.,.
2021,11,26,49,.,.,.,.,.,.,.,.,.,.,.,.,.
2021,11,26,50,.,.,.,.,.,.,.,.,.,.,.,.,.
2021,11,26,51,.,.,.,.,.,.,.,.,.,.,.,.,.
2021,11,26,52,.,.,.,.,.,.,.,.,.,.,.,.,.
2021,11,26,53,.,.,.,.,.,.,.,.,.,.,.,.,.
2021,12,3,1,.,.,.,.,.,.,.,.,.,.,.,.,.
2021,12,3,2,.,.,.,.,.,.,.,.,.,.,.,.,.
2021,12,3,3,.,.,.,.,.,.,.,.,.,.,.,.,.
2021,12,3,4,.,.,.,.,.,.,.,.,.,.,.,.,.
2021,12,3,5,.,.,.,.,.,.,.,.,.,.,.,.,.
2021,12,3,6,.,.,.,.,.,.,.,.,.,.,.,.,.
2021,12,3,7,.,.,.,.,.,.,.,.,.,.,.,.,.
2021,12,3,8,.,.,.,.,.,.,.,.,.,.,.,.,.
2021,12,3,9,.,.,.,.,.,.,.,.,.,.,.,.,.
2021,12,3,10,.,.,.,.,.,.,.,.,.,.,.,.,.
2021,12,3,11,.,.,.,.,.,.,.,.,.,.,.,.,.
2021,12,3,12,.,.,.,.,.,.,.,.,.,.,.,.,.
2021,12,3,13,.,.,.,.,.,.,.,.,.,.,.,.,.
2021,12,3,14,.,.,.,.,.,.,.,.,.,.,.,.,.
2021,12,3,15,.,.,.,.,.,.,.,.,.,.,.,.,.
2021,12,3,16,.,.,.,.,.,.,.,.,.,.,.,.,.
2021,12,3,17,.,.,.,.,.,.,.,.,.,.,.,.,.
2021,12,3,18,.,.,.,.,.,.,.,.,.,.,.,.,.
2021,12,3,19,.,.,.,.,.,.,.,.,.,.,.,.,.
2021,12,3,20,.,.,.,.,.,.,.,.,.,.,.,.,.
2021,12,3,21,.,.,.,.,.,.,.,.,.,.,.,.,.
2021,12,3,22,.,.,.,.,.,.,.,.,.,.,.,.,.
2021,12,3,23,.,.,.,.,.,.,.,.,.,.,.,.,.
2021,12,3,24,.,.,.,.,.,.,.,.,.,.,.,.,.
2021,12,3,25,.,.,.,.,.,.,.,.,.,.,.,.,.
2021,12,3,26,.,.,.,.,.,.,.,.,.,.,.,.,.
2021,12,3,27,.,.,.,.,.,.,.,.,.,.,.,.,.
2021,12,3,28,.,.,.,.,.,.,.,.,.,.,.,.,.
2021,12,3,29,.,.,.,.,.,.,.,.,.,.,.,.,.
2021,12,3,30,.,.,.,.,.,.,.,.,.,.,.,.,.
2021,12,3,31,.,.,.,.,.,.,.,.,.,.,.,.,.
2021,12,3,32,.,.,.,.,.,.,.,.,.,.,.,.,.
2021,12,3,33,.,.,.,.,.,.,.,.,.,.,.,.,.
2021,12,3,34,.,.,.,.,.,.,.,.,.,.,.,.,.
2021,12,3,35,.,.,.,.,.,.,.,.,.,.,.,.,.
2021,12,3,36,.,.,.,.,.,.,.,.,.,.,.,.,.
2021,12,3,37,.,.,.,.,.,.,.,.,.,.,.,.,.
2021,12,3,38,.,.,.,.,.,.,.,.,.,.,.,.,.
2021,12,3,39,.,.,.,.,.,.,.,.,.,.,.,.,.
2021,12,3,40,.,.,.,.,.,.,.,.,.,.,.,.,.
2021,12,3,41,.,.,.,.,.,.,.,.,.,.,.,.,.
2021,12,3,42,.,.,.,.,.,.,.,.,.,.,.,.,.
2021,12,3,43,.,.,.,.,.,.,.,.,.,.,.,.,.
2021,12,3,44,.,.,.,.,.,.,.,.,.,.,.,.,.
2021,12,3,45,.,.,.,.,.,.,.,.,.,.,.,.,.
2021,12,3,46,.,.,.,.,.,.,.,.,.,.,.,.,.
2021,12,3,47,.,.,.,.,.,.,.,.,.,.,.,.,.
2021,12,3,48,.,.,.,.,.,.,.,.,.,.,.,.,.
2021,12,3,49,.,.,.,.,.,.,.,.,.,.,.,.,.
2021,12,3,50,.,.,.,.,.,.,.,.,.,.,.,.,.
2021,12,3,51,.,.,.,.,.,.,.,.,.,.,.,.,.
2021,12,3,52,.,.,.,.,.,.,.,.,.,.,.,.,.
2021,12,3,53,.,.,.,.,.,.,.,.,.,.,.,.,.
2021,12,10,1,.,.,.,.,.,.,.,.,.,.,.,.,.
2021,12,10,2,.,.,.,.,.,.,.,.,.,.,.,.,.
2021,12,10,3,.,.,.,.,.,.,.,.,.,.,.,.,.
2021,12,10,4,.,.,.,.,.,.,.,.,.,.,.,.,.
2021,12,10,5,.,.,.,.,.,.,.,.,.,.,.,.,.
2021,12,10,6,.,.,.,.,.,.,.,.,.,.,.,.,.
2021,12,10,7,.,.,.,.,.,.,.,.,.,.,.,.,.
2021,12,10,8,.,.,.,.,.,.,.,.,.,.,.,.,.
2021,12,10,9,.,.,.,.,.,.,.,.,.,.,.,.,.
2021,12,10,10,.,.,.,.,.,.,.,.,.,.,.,.,.
2021,12,10,11,.,.,.,.,.,.,.,.,.,.,.,.,.
2021,12,10,12,.,.,.,.,.,.,.,.,.,.,.,.,.
2021,12,10,13,.,.,.,.,.,.,.,.,.,.,.,.,.
2021,12,10,14,.,.,.,.,.,.,.,.,.,.,.,.,.
2021,12,10,15,.,.,.,.,.,.,.,.,.,.,.,.,.
2021,12,10,16,.,.,.,.,.,.,.,.,.,.,.,.,.
2021,12,10,17,.,.,.,.,.,.,.,.,.,.,.,.,.
2021,12,10,18,.,.,.,.,.,.,.,.,.,.,.,.,.
2021,12,10,19,.,.,.,.,.,.,.,.,.,.,.,.,.
2021,12,10,20,.,.,.,.,.,.,.,.,.,.,.,.,.
2021,12,10,21,.,.,.,.,.,.,.,.,.,.,.,.,.
2021,12,10,22,.,.,.,.,.,.,.,.,.,.,.,.,.
2021,12,10,23,.,.,.,.,.,.,.,.,.,.,.,.,.
2021,12,10,24,.,.,.,.,.,.,.,.,.,.,.,.,.
2021,12,10,25,.,.,.,.,.,.,.,.,.,.,.,.,.
2021,12,10,26,.,.,.,.,.,.,.,.,.,.,.,.,.
2021,12,10,27,.,.,.,.,.,.,.,.,.,.,.,.,.
2021,12,10,28,.,.,.,.,.,.,.,.,.,.,.,.,.
2021,12,10,29,.,.,.,.,.,.,.,.,.,.,.,.,.
2021,12,10,30,.,.,.,.,.,.,.,.,.,.,.,.,.
2021,12,10,31,.,.,.,.,.,.,.,.,.,.,.,.,.
2021,12,10,32,.,.,.,.,.,.,.,.,.,.,.,.,.
2021,12,10,33,.,.,.,.,.,.,.,.,.,.,.,.,.
2021,12,10,34,.,.,.,.,.,.,.,.,.,.,.,.,.
2021,12,10,35,.,.,.,.,.,.,.,.,.,.,.,.,.
2021,12,10,36,.,.,.,.,.,.,.,.,.,.,.,.,.
2021,12,10,37,.,.,.,.,.,.,.,.,.,.,.,.,.
2021,12,10,38,.,.,.,.,.,.,.,.,.,.,.,.,.
2021,12,10,39,.,.,.,.,.,.,.,.,.,.,.,.,.
2021,12,10,40,.,.,.,.,.,.,.,.,.,.,.,.,.
2021,12,10,41,.,.,.,.,.,.,.,.,.,.,.,.,.
2021,12,10,42,.,.,.,.,.,.,.,.,.,.,.,.,.
2021,12,10,43,.,.,.,.,.,.,.,.,.,.,.,.,.
2021,12,10,44,.,.,.,.,.,.,.,.,.,.,.,.,.
2021,12,10,45,.,.,.,.,.,.,.,.,.,.,.,.,.
2021,12,10,46,.,.,.,.,.,.,.,.,.,.,.,.,.
2021,12,10,47,.,.,.,.,.,.,.,.,.,.,.,.,.
2021,12,10,48,.,.,.,.,.,.,.,.,.,.,.,.,.
2021,12,10,49,.,.,.,.,.,.,.,.,.,.,.,.,.
2021,12,10,50,.,.,.,.,.,.,.,.,.,.,.,.,.
2021,12,10,51,.,.,.,.,.,.,.,.,.,.,.,.,.
2021,12,10,52,.,.,.,.,.,.,.,.,.,.,.,.,.
2021,12,10,53,.,.,.,.,.,.,.,.,.,.,.,.,.
2021,12,17,1,.,.,.,.,.,.,.,.,.,.,.,.,.
2021,12,17,2,.,.,.,.,.,.,.,.,.,.,.,.,.
2021,12,17,3,.,.,.,.,.,.,.,.,.,.,.,.,.
2021,12,17,4,.,.,.,.,.,.,.,.,.,.,.,.,.
2021,12,17,5,.,.,.,.,.,.,.,.,.,.,.,.,.
2021,12,17,6,.,.,.,.,.,.,.,.,.,.,.,.,.
2021,12,17,7,.,.,.,.,.,.,.,.,.,.,.,.,.
2021,12,17,8,.,.,.,.,.,.,.,.,.,.,.,.,.
2021,12,17,9,.,.,.,.,.,.,.,.,.,.,.,.,.
2021,12,17,10,.,.,.,.,.,.,.,.,.,.,.,.,.
2021,12,17,11,.,.,.,.,.,.,.,.,.,.,.,.,.
2021,12,17,12,.,.,.,.,.,.,.,.,.,.,.,.,.
2021,12,17,13,.,.,.,.,.,.,.,.,.,.,.,.,.
2021,12,17,14,.,.,.,.,.,.,.,.,.,.,.,.,.
2021,12,17,15,.,.,.,.,.,.,.,.,.,.,.,.,.
2021,12,17,16,.,.,.,.,.,.,.,.,.,.,.,.,.
2021,12,17,17,.,.,.,.,.,.,.,.,.,.,.,.,.
2021,12,17,18,.,.,.,.,.,.,.,.,.,.,.,.,.
2021,12,17,19,.,.,.,.,.,.,.,.,.,.,.,.,.
2021,12,17,20,.,.,.,.,.,.,.,.,.,.,.,.,.
2021,12,17,21,.,.,.,.,.,.,.,.,.,.,.,.,.
2021,12,17,22,.,.,.,.,.,.,.,.,.,.,.,.,.
2021,12,17,23,.,.,.,.,.,.,.,.,.,.,.,.,.
2021,12,17,24,.,.,.,.,.,.,.,.,.,.,.,.,.
2021,12,17,25,.,.,.,.,.,.,.,.,.,.,.,.,.
2021,12,17,26,.,.,.,.,.,.,.,.,.,.,.,.,.
2021,12,17,27,.,.,.,.,.,.,.,.,.,.,.,.,.
2021,12,17,28,.,.,.,.,.,.,.,.,.,.,.,.,.
2021,12,17,29,.,.,.,.,.,.,.,.,.,.,.,.,.
2021,12,17,30,.,.,.,.,.,.,.,.,.,.,.,.,.
2021,12,17,31,.,.,.,.,.,.,.,.,.,.,.,.,.
2021,12,17,32,.,.,.,.,.,.,.,.,.,.,.,.,.
2021,12,17,33,.,.,.,.,.,.,.,.,.,.,.,.,.
2021,12,17,34,.,.,.,.,.,.,.,.,.,.,.,.,.
2021,12,17,35,.,.,.,.,.,.,.,.,.,.,.,.,.
2021,12,17,36,.,.,.,.,.,.,.,.,.,.,.,.,.
2021,12,17,37,.,.,.,.,.,.,.,.,.,.,.,.,.
2021,12,17,38,.,.,.,.,.,.,.,.,.,.,.,.,.
2021,12,17,39,.,.,.,.,.,.,.,.,.,.,.,.,.
2021,12,17,40,.,.,.,.,.,.,.,.,.,.,.,.,.
2021,12,17,41,.,.,.,.,.,.,.,.,.,.,.,.,.
2021,12,17,42,.,.,.,.,.,.,.,.,.,.,.,.,.
2021,12,17,43,.,.,.,.,.,.,.,.,.,.,.,.,.
2021,12,17,44,.,.,.,.,.,.,.,.,.,.,.,.,.
2021,12,17,45,.,.,.,.,.,.,.,.,.,.,.,.,.
2021,12,17,46,.,.,.,.,.,.,.,.,.,.,.,.,.
2021,12,17,47,.,.,.,.,.,.,.,.,.,.,.,.,.
2021,12,17,48,.,.,.,.,.,.,.,.,.,.,.,.,.
2021,12,17,49,.,.,.,.,.,.,.,.,.,.,.,.,.
2021,12,17,50,.,.,.,.,.,.,.,.,.,.,.,.,.
2021,12,17,51,.,.,.,.,.,.,.,.,.,.,.,.,.
2021,12,17,52,.,.,.,.,.,.,.,.,.,.,.,.,.
2021,12,17,53,.,.,.,.,.,.,.,.,.,.,.,.,.
2021,12,24,1,.,.,.,.,.,.,.,.,.,.,.,.,.
2021,12,24,2,.,.,.,.,.,.,.,.,.,.,.,.,.
2021,12,24,3,.,.,.,.,.,.,.,.,.,.,.,.,.
2021,12,24,4,.,.,.,.,.,.,.,.,.,.,.,.,.
2021,12,24,5,.,.,.,.,.,.,.,.,.,.,.,.,.
2021,12,24,6,.,.,.,.,.,.,.,.,.,.,.,.,.
2021,12,24,7,.,.,.,.,.,.,.,.,.,.,.,.,.
2021,12,24,8,.,.,.,.,.,.,.,.,.,.,.,.,.
2021,12,24,9,.,.,.,.,.,.,.,.,.,.,.,.,.
2021,12,24,10,.,.,.,.,.,.,.,.,.,.,.,.,.
2021,12,24,11,.,.,.,.,.,.,.,.,.,.,.,.,.
2021,12,24,12,.,.,.,.,.,.,.,.,.,.,.,.,.
2021,12,24,13,.,.,.,.,.,.,.,.,.,.,.,.,.
2021,12,24,14,.,.,.,.,.,.,.,.,.,.,.,.,.
2021,12,24,15,.,.,.,.,.,.,.,.,.,.,.,.,.
2021,12,24,16,.,.,.,.,.,.,.,.,.,.,.,.,.
2021,12,24,17,.,.,.,.,.,.,.,.,.,.,.,.,.
2021,12,24,18,.,.,.,.,.,.,.,.,.,.,.,.,.
2021,12,24,19,.,.,.,.,.,.,.,.,.,.,.,.,.
2021,12,24,20,.,.,.,.,.,.,.,.,.,.,.,.,.
2021,12,24,21,.,.,.,.,.,.,.,.,.,.,.,.,.
2021,12,24,22,.,.,.,.,.,.,.,.,.,.,.,.,.
2021,12,24,23,.,.,.,.,.,.,.,.,.,.,.,.,.
2021,12,24,24,.,.,.,.,.,.,.,.,.,.,.,.,.
2021,12,24,25,.,.,.,.,.,.,.,.,.,.,.,.,.
2021,12,24,26,.,.,.,.,.,.,.,.,.,.,.,.,.
2021,12,24,27,.,.,.,.,.,.,.,.,.,.,.,.,.
2021,12,24,28,.,.,.,.,.,.,.,.,.,.,.,.,.
2021,12,24,29,.,.,.,.,.,.,.,.,.,.,.,.,.
2021,12,24,30,.,.,.,.,.,.,.,.,.,.,.,.,.
2021,12,24,31,.,.,.,.,.,.,.,.,.,.,.,.,.
2021,12,24,32,.,.,.,.,.,.,.,.,.,.,.,.,.
2021,12,24,33,.,.,.,.,.,.,.,.,.,.,.,.,.
2021,12,24,34,.,.,.,.,.,.,.,.,.,.,.,.,.
2021,12,24,35,.,.,.,.,.,.,.,.,.,.,.,.,.
2021,12,24,36,.,.,.,.,.,.,.,.,.,.,.,.,.
2021,12,24,37,.,.,.,.,.,.,.,.,.,.,.,.,.
2021,12,24,38,.,.,.,.,.,.,.,.,.,.,.,.,.
2021,12,24,39,.,.,.,.,.,.,.,.,.,.,.,.,.
2021,12,24,40,.,.,.,.,.,.,.,.,.,.,.,.,.
2021,12,24,41,.,.,.,.,.,.,.,.,.,.,.,.,.
2021,12,24,42,.,.,.,.,.,.,.,.,.,.,.,.,.
2021,12,24,43,.,.,.,.,.,.,.,.,.,.,.,.,.
2021,12,24,44,.,.,.,.,.,.,.,.,.,.,.,.,.
2021,12,24,45,.,.,.,.,.,.,.,.,.,.,.,.,.
2021,12,24,46,.,.,.,.,.,.,.,.,.,.,.,.,.
2021,12,24,47,.,.,.,.,.,.,.,.,.,.,.,.,.
2021,12,24,48,.,.,.,.,.,.,.,.,.,.,.,.,.
2021,12,24,49,.,.,.,.,.,.,.,.,.,.,.,.,.
2021,12,24,50,.,.,.,.,.,.,.,.,.,.,.,.,.
2021,12,24,51,.,.,.,.,.,.,.,.,.,.,.,.,.
2021,12,24,52,.,.,.,.,.,.,.,.,.,.,.,.,.
2021,12,24,53,.,.,.,.,.,.,.,.,.,.,.,.,.
2021,12,31,1,.,.,.,.,.,.,.,.,.,.,.,.,.
2021,12,31,2,.,.,.,.,.,.,.,.,.,.,.,.,.
2021,12,31,3,.,.,.,.,.,.,.,.,.,.,.,.,.
2021,12,31,4,.,.,.,.,.,.,.,.,.,.,.,.,.
2021,12,31,5,.,.,.,.,.,.,.,.,.,.,.,.,.
2021,12,31,6,.,.,.,.,.,.,.,.,.,.,.,.,.
2021,12,31,7,.,.,.,.,.,.,.,.,.,.,.,.,.
2021,12,31,8,.,.,.,.,.,.,.,.,.,.,.,.,.
2021,12,31,9,.,.,.,.,.,.,.,.,.,.,.,.,.
2021,12,31,10,.,.,.,.,.,.,.,.,.,.,.,.,.
2021,12,31,11,.,.,.,.,.,.,.,.,.,.,.,.,.
2021,12,31,12,.,.,.,.,.,.,.,.,.,.,.,.,.
2021,12,31,13,.,.,.,.,.,.,.,.,.,.,.,.,.
2021,12,31,14,.,.,.,.,.,.,.,.,.,.,.,.,.
2021,12,31,15,.,.,.,.,.,.,.,.,.,.,.,.,.
2021,12,31,16,.,.,.,.,.,.,.,.,.,.,.,.,.
2021,12,31,17,.,.,.,.,.,.,.,.,.,.,.,.,.
2021,12,31,18,.,.,.,.,.,.,.,.,.,.,.,.,.
2021,12,31,19,.,.,.,.,.,.,.,.,.,.,.,.,.
2021,12,31,20,.,.,.,.,.,.,.,.,.,.,.,.,.
2021,12,31,21,.,.,.,.,.,.,.,.,.,.,.,.,.
2021,12,31,22,.,.,.,.,.,.,.,.,.,.,.,.,.
2021,12,31,23,.,.,.,.,.,.,.,.,.,.,.,.,.
2021,12,31,24,.,.,.,.,.,.,.,.,.,.,.,.,.
2021,12,31,25,.,.,.,.,.,.,.,.,.,.,.,.,.
2021,12,31,26,.,.,.,.,.,.,.,.,.,.,.,.,.
2021,12,31,27,.,.,.,.,.,.,.,.,.,.,.,.,.
2021,12,31,28,.,.,.,.,.,.,.,.,.,.,.,.,.
2021,12,31,29,.,.,.,.,.,.,.,.,.,.,.,.,.
2021,12,31,30,.,.,.,.,.,.,.,.,.,.,.,.,.
2021,12,31,31,.,.,.,.,.,.,.,.,.,.,.,.,.
2021,12,31,32,.,.,.,.,.,.,.,.,.,.,.,.,.
2021,12,31,33,.,.,.,.,.,.,.,.,.,.,.,.,.
2021,12,31,34,.,.,.,.,.,.,.,.,.,.,.,.,.
2021,12,31,35,.,.,.,.,.,.,.,.,.,.,.,.,.
2021,12,31,36,.,.,.,.,.,.,.,.,.,.,.,.,.
2021,12,31,37,.,.,.,.,.,.,.,.,.,.,.,.,.
2021,12,31,38,.,.,.,.,.,.,.,.,.,.,.,.,.
2021,12,31,39,.,.,.,.,.,.,.,.,.,.,.,.,.
2021,12,31,40,.,.,.,.,.,.,.,.,.,.,.,.,.
2021,12,31,41,.,.,.,.,.,.,.,.,.,.,.,.,.
2021,12,31,42,.,.,.,.,.,.,.,.,.,.,.,.,.
2021,12,31,43,.,.,.,.,.,.,.,.,.,.,.,.,.
2021,12,31,44,.,.,.,.,.,.,.,.,.,.,.,.,.
2021,12,31,45,.,.,.,.,.,.,.,.,.,.,.,.,.
2021,12,31,46,.,.,.,.,.,.,.,.,.,.,.,.,.
2021,12,31,47,.,.,.,.,.,.,.,.,.,.,.,.,.
2021,12,31,48,.,.,.,.,.,.,.,.,.,.,.,.,.
2021,12,31,49,.,.,.,.,.,.,.,.,.,.,.,.,.
2021,12,31,50,.,.,.,.,.,.,.,.,.,.,.,.,.
2021,12,31,51,.,.,.,.,.,.,.,.,.,.,.,.,.
2021,12,31,52,.,.,.,.,.,.,.,.,.,.,.,.,.
2021,12,31,53,.,.,.,.,.,.,.,.,.,.,.,.,.
2022,1,7,1,.,.,.,.,.,.,.,.,.,.,.,.,.
2022,1,7,2,.,.,.,.,.,.,.,.,.,.,.,.,.
2022,1,7,3,.,.,.,.,.,.,.,.,.,.,.,.,.
2022,1,7,4,.,.,.,.,.,.,.,.,.,.,.,.,.
2022,1,7,5,.,.,.,.,.,.,.,.,.,.,.,.,.
2022,1,7,6,.,.,.,.,.,.,.,.,.,.,.,.,.
2022,1,7,7,.,.,.,.,.,.,.,.,.,.,.,.,.
2022,1,7,8,.,.,.,.,.,.,.,.,.,.,.,.,.
2022,1,7,9,.,.,.,.,.,.,.,.,.,.,.,.,.
2022,1,7,10,.,.,.,.,.,.,.,.,.,.,.,.,.
2022,1,7,11,.,.,.,.,.,.,.,.,.,.,.,.,.
2022,1,7,12,.,.,.,.,.,.,.,.,.,.,.,.,.
2022,1,7,13,.,.,.,.,.,.,.,.,.,.,.,.,.
2022,1,7,14,.,.,.,.,.,.,.,.,.,.,.,.,.
2022,1,7,15,.,.,.,.,.,.,.,.,.,.,.,.,.
2022,1,7,16,.,.,.,.,.,.,.,.,.,.,.,.,.
2022,1,7,17,.,.,.,.,.,.,.,.,.,.,.,.,.
2022,1,7,18,.,.,.,.,.,.,.,.,.,.,.,.,.
2022,1,7,19,.,.,.,.,.,.,.,.,.,.,.,.,.
2022,1,7,20,.,.,.,.,.,.,.,.,.,.,.,.,.
2022,1,7,21,.,.,.,.,.,.,.,.,.,.,.,.,.
2022,1,7,22,.,.,.,.,.,.,.,.,.,.,.,.,.
2022,1,7,23,.,.,.,.,.,.,.,.,.,.,.,.,.
2022,1,7,24,.,.,.,.,.,.,.,.,.,.,.,.,.
2022,1,7,25,.,.,.,.,.,.,.,.,.,.,.,.,.
2022,1,7,26,.,.,.,.,.,.,.,.,.,.,.,.,.
2022,1,7,27,.,.,.,.,.,.,.,.,.,.,.,.,.
2022,1,7,28,.,.,.,.,.,.,.,.,.,.,.,.,.
2022,1,7,29,.,.,.,.,.,.,.,.,.,.,.,.,.
2022,1,7,30,.,.,.,.,.,.,.,.,.,.,.,.,.
2022,1,7,31,.,.,.,.,.,.,.,.,.,.,.,.,.
2022,1,7,32,.,.,.,.,.,.,.,.,.,.,.,.,.
2022,1,7,33,.,.,.,.,.,.,.,.,.,.,.,.,.
2022,1,7,34,.,.,.,.,.,.,.,.,.,.,.,.,.
2022,1,7,35,.,.,.,.,.,.,.,.,.,.,.,.,.
2022,1,7,36,.,.,.,.,.,.,.,.,.,.,.,.,.
2022,1,7,37,.,.,.,.,.,.,.,.,.,.,.,.,.
2022,1,7,38,.,.,.,.,.,.,.,.,.,.,.,.,.
2022,1,7,39,.,.,.,.,.,.,.,.,.,.,.,.,.
2022,1,7,40,.,.,.,.,.,.,.,.,.,.,.,.,.
2022,1,7,41,.,.,.,.,.,.,.,.,.,.,.,.,.
2022,1,7,42,.,.,.,.,.,.,.,.,.,.,.,.,.
2022,1,7,43,.,.,.,.,.,.,.,.,.,.,.,.,.
2022,1,7,44,.,.,.,.,.,.,.,.,.,.,.,.,.
2022,1,7,45,.,.,.,.,.,.,.,.,.,.,.,.,.
2022,1,7,46,.,.,.,.,.,.,.,.,.,.,.,.,.
2022,1,7,47,.,.,.,.,.,.,.,.,.,.,.,.,.
2022,1,7,48,.,.,.,.,.,.,.,.,.,.,.,.,.
2022,1,7,49,.,.,.,.,.,.,.,.,.,.,.,.,.
2022,1,7,50,.,.,.,.,.,.,.,.,.,.,.,.,.
2022,1,7,51,.,.,.,.,.,.,.,.,.,.,.,.,.
2022,1,7,52,.,.,.,.,.,.,.,.,.,.,.,.,.
2022,1,7,53,.,.,.,.,.,.,.,.,.,.,.,.,.
2022,1,14,1,.,.,.,.,.,.,.,.,.,.,.,.,.
2022,1,14,2,.,.,.,.,.,.,.,.,.,.,.,.,.
2022,1,14,3,.,.,.,.,.,.,.,.,.,.,.,.,.
2022,1,14,4,.,.,.,.,.,.,.,.,.,.,.,.,.
2022,1,14,5,.,.,.,.,.,.,.,.,.,.,.,.,.
2022,1,14,6,.,.,.,.,.,.,.,.,.,.,.,.,.
2022,1,14,7,.,.,.,.,.,.,.,.,.,.,.,.,.
2022,1,14,8,.,.,.,.,.,.,.,.,.,.,.,.,.
2022,1,14,9,.,.,.,.,.,.,.,.,.,.,.,.,.
2022,1,14,10,.,.,.,.,.,.,.,.,.,.,.,.,.
2022,1,14,11,.,.,.,.,.,.,.,.,.,.,.,.,.
2022,1,14,12,.,.,.,.,.,.,.,.,.,.,.,.,.
2022,1,14,13,.,.,.,.,.,.,.,.,.,.,.,.,.
2022,1,14,14,.,.,.,.,.,.,.,.,.,.,.,.,.
2022,1,14,15,.,.,.,.,.,.,.,.,.,.,.,.,.
2022,1,14,16,.,.,.,.,.,.,.,.,.,.,.,.,.
2022,1,14,17,.,.,.,.,.,.,.,.,.,.,.,.,.
2022,1,14,18,.,.,.,.,.,.,.,.,.,.,.,.,.
2022,1,14,19,.,.,.,.,.,.,.,.,.,.,.,.,.
2022,1,14,20,.,.,.,.,.,.,.,.,.,.,.,.,.
2022,1,14,21,.,.,.,.,.,.,.,.,.,.,.,.,.
2022,1,14,22,.,.,.,.,.,.,.,.,.,.,.,.,.
2022,1,14,23,.,.,.,.,.,.,.,.,.,.,.,.,.
2022,1,14,24,.,.,.,.,.,.,.,.,.,.,.,.,.
2022,1,14,25,.,.,.,.,.,.,.,.,.,.,.,.,.
2022,1,14,26,.,.,.,.,.,.,.,.,.,.,.,.,.
2022,1,14,27,.,.,.,.,.,.,.,.,.,.,.,.,.
2022,1,14,28,.,.,.,.,.,.,.,.,.,.,.,.,.
2022,1,14,29,.,.,.,.,.,.,.,.,.,.,.,.,.
2022,1,14,30,.,.,.,.,.,.,.,.,.,.,.,.,.
2022,1,14,31,.,.,.,.,.,.,.,.,.,.,.,.,.
2022,1,14,32,.,.,.,.,.,.,.,.,.,.,.,.,.
2022,1,14,33,.,.,.,.,.,.,.,.,.,.,.,.,.
2022,1,14,34,.,.,.,.,.,.,.,.,.,.,.,.,.
2022,1,14,35,.,.,.,.,.,.,.,.,.,.,.,.,.
2022,1,14,36,.,.,.,.,.,.,.,.,.,.,.,.,.
2022,1,14,37,.,.,.,.,.,.,.,.,.,.,.,.,.
2022,1,14,38,.,.,.,.,.,.,.,.,.,.,.,.,.
2022,1,14,39,.,.,.,.,.,.,.,.,.,.,.,.,.
2022,1,14,40,.,.,.,.,.,.,.,.,.,.,.,.,.
2022,1,14,41,.,.,.,.,.,.,.,.,.,.,.,.,.
2022,1,14,42,.,.,.,.,.,.,.,.,.,.,.,.,.
2022,1,14,43,.,.,.,.,.,.,.,.,.,.,.,.,.
2022,1,14,44,.,.,.,.,.,.,.,.,.,.,.,.,.
2022,1,14,45,.,.,.,.,.,.,.,.,.,.,.,.,.
2022,1,14,46,.,.,.,.,.,.,.,.,.,.,.,.,.
2022,1,14,47,.,.,.,.,.,.,.,.,.,.,.,.,.
2022,1,14,48,.,.,.,.,.,.,.,.,.,.,.,.,.
2022,1,14,49,.,.,.,.,.,.,.,.,.,.,.,.,.
2022,1,14,50,.,.,.,.,.,.,.,.,.,.,.,.,.
2022,1,14,51,.,.,.,.,.,.,.,.,.,.,.,.,.
2022,1,14,52,.,.,.,.,.,.,.,.,.,.,.,.,.
2022,1,14,53,.,.,.,.,.,.,.,.,.,.,.,.,.
2022,1,21,1,.,.,.,.,.,.,.,.,.,.,.,.,.
2022,1,21,2,.,.,.,.,.,.,.,.,.,.,.,.,.
2022,1,21,3,.,.,.,.,.,.,.,.,.,.,.,.,.
2022,1,21,4,.,.,.,.,.,.,.,.,.,.,.,.,.
2022,1,21,5,.,.,.,.,.,.,.,.,.,.,.,.,.
2022,1,21,6,.,.,.,.,.,.,.,.,.,.,.,.,.
2022,1,21,7,.,.,.,.,.,.,.,.,.,.,.,.,.
2022,1,21,8,.,.,.,.,.,.,.,.,.,.,.,.,.
2022,1,21,9,.,.,.,.,.,.,.,.,.,.,.,.,.
2022,1,21,10,.,.,.,.,.,.,.,.,.,.,.,.,.
2022,1,21,11,.,.,.,.,.,.,.,.,.,.,.,.,.
2022,1,21,12,.,.,.,.,.,.,.,.,.,.,.,.,.
2022,1,21,13,.,.,.,.,.,.,.,.,.,.,.,.,.
2022,1,21,14,.,.,.,.,.,.,.,.,.,.,.,.,.
2022,1,21,15,.,.,.,.,.,.,.,.,.,.,.,.,.
2022,1,21,16,.,.,.,.,.,.,.,.,.,.,.,.,.
2022,1,21,17,.,.,.,.,.,.,.,.,.,.,.,.,.
2022,1,21,18,.,.,.,.,.,.,.,.,.,.,.,.,.
2022,1,21,19,.,.,.,.,.,.,.,.,.,.,.,.,.
2022,1,21,20,.,.,.,.,.,.,.,.,.,.,.,.,.
2022,1,21,21,.,.,.,.,.,.,.,.,.,.,.,.,.
2022,1,21,22,.,.,.,.,.,.,.,.,.,.,.,.,.
2022,1,21,23,.,.,.,.,.,.,.,.,.,.,.,.,.
2022,1,21,24,.,.,.,.,.,.,.,.,.,.,.,.,.
2022,1,21,25,.,.,.,.,.,.,.,.,.,.,.,.,.
2022,1,21,26,.,.,.,.,.,.,.,.,.,.,.,.,.
2022,1,21,27,.,.,.,.,.,.,.,.,.,.,.,.,.
2022,1,21,28,.,.,.,.,.,.,.,.,.,.,.,.,.
2022,1,21,29,.,.,.,.,.,.,.,.,.,.,.,.,.
2022,1,21,30,.,.,.,.,.,.,.,.,.,.,.,.,.
2022,1,21,31,.,.,.,.,.,.,.,.,.,.,.,.,.
2022,1,21,32,.,.,.,.,.,.,.,.,.,.,.,.,.
2022,1,21,33,.,.,.,.,.,.,.,.,.,.,.,.,.
2022,1,21,34,.,.,.,.,.,.,.,.,.,.,.,.,.
2022,1,21,35,.,.,.,.,.,.,.,.,.,.,.,.,.
2022,1,21,36,.,.,.,.,.,.,.,.,.,.,.,.,.
2022,1,21,37,.,.,.,.,.,.,.,.,.,.,.,.,.
2022,1,21,38,.,.,.,.,.,.,.,.,.,.,.,.,.
2022,1,21,39,.,.,.,.,.,.,.,.,.,.,.,.,.
2022,1,21,40,.,.,.,.,.,.,.,.,.,.,.,.,.
2022,1,21,41,.,.,.,.,.,.,.,.,.,.,.,.,.
2022,1,21,42,.,.,.,.,.,.,.,.,.,.,.,.,.
2022,1,21,43,.,.,.,.,.,.,.,.,.,.,.,.,.
2022,1,21,44,.,.,.,.,.,.,.,.,.,.,.,.,.
2022,1,21,45,.,.,.,.,.,.,.,.,.,.,.,.,.
2022,1,21,46,.,.,.,.,.,.,.,.,.,.,.,.,.
2022,1,21,47,.,.,.,.,.,.,.,.,.,.,.,.,.
2022,1,21,48,.,.,.,.,.,.,.,.,.,.,.,.,.
2022,1,21,49,.,.,.,.,.,.,.,.,.,.,.,.,.
2022,1,21,50,.,.,.,.,.,.,.,.,.,.,.,.,.
2022,1,21,51,.,.,.,.,.,.,.,.,.,.,.,.,.
2022,1,21,52,.,.,.,.,.,.,.,.,.,.,.,.,.
2022,1,21,53,.,.,.,.,.,.,.,.,.,.,.,.,.
2022,1,28,1,.,.,.,.,.,.,.,.,.,.,.,.,.
2022,1,28,2,.,.,.,.,.,.,.,.,.,.,.,.,.
2022,1,28,3,.,.,.,.,.,.,.,.,.,.,.,.,.
2022,1,28,4,.,.,.,.,.,.,.,.,.,.,.,.,.
2022,1,28,5,.,.,.,.,.,.,.,.,.,.,.,.,.
2022,1,28,6,.,.,.,.,.,.,.,.,.,.,.,.,.
2022,1,28,7,.,.,.,.,.,.,.,.,.,.,.,.,.
2022,1,28,8,.,.,.,.,.,.,.,.,.,.,.,.,.
2022,1,28,9,.,.,.,.,.,.,.,.,.,.,.,.,.
2022,1,28,10,.,.,.,.,.,.,.,.,.,.,.,.,.
2022,1,28,11,.,.,.,.,.,.,.,.,.,.,.,.,.
2022,1,28,12,.,.,.,.,.,.,.,.,.,.,.,.,.
2022,1,28,13,.,.,.,.,.,.,.,.,.,.,.,.,.
2022,1,28,14,.,.,.,.,.,.,.,.,.,.,.,.,.
2022,1,28,15,.,.,.,.,.,.,.,.,.,.,.,.,.
2022,1,28,16,.,.,.,.,.,.,.,.,.,.,.,.,.
2022,1,28,17,.,.,.,.,.,.,.,.,.,.,.,.,.
2022,1,28,18,.,.,.,.,.,.,.,.,.,.,.,.,.
2022,1,28,19,.,.,.,.,.,.,.,.,.,.,.,.,.
2022,1,28,20,.,.,.,.,.,.,.,.,.,.,.,.,.
2022,1,28,21,.,.,.,.,.,.,.,.,.,.,.,.,.
2022,1,28,22,.,.,.,.,.,.,.,.,.,.,.,.,.
2022,1,28,23,.,.,.,.,.,.,.,.,.,.,.,.,.
2022,1,28,24,.,.,.,.,.,.,.,.,.,.,.,.,.
2022,1,28,25,.,.,.,.,.,.,.,.,.,.,.,.,.
2022,1,28,26,.,.,.,.,.,.,.,.,.,.,.,.,.
2022,1,28,27,.,.,.,.,.,.,.,.,.,.,.,.,.
2022,1,28,28,.,.,.,.,.,.,.,.,.,.,.,.,.
2022,1,28,29,.,.,.,.,.,.,.,.,.,.,.,.,.
2022,1,28,30,.,.,.,.,.,.,.,.,.,.,.,.,.
2022,1,28,31,.,.,.,.,.,.,.,.,.,.,.,.,.
2022,1,28,32,.,.,.,.,.,.,.,.,.,.,.,.,.
2022,1,28,33,.,.,.,.,.,.,.,.,.,.,.,.,.
2022,1,28,34,.,.,.,.,.,.,.,.,.,.,.,.,.
2022,1,28,35,.,.,.,.,.,.,.,.,.,.,.,.,.
2022,1,28,36,.,.,.,.,.,.,.,.,.,.,.,.,.
2022,1,28,37,.,.,.,.,.,.,.,.,.,.,.,.,.
2022,1,28,38,.,.,.,.,.,.,.,.,.,.,.,.,.
2022,1,28,39,.,.,.,.,.,.,.,.,.,.,.,.,.
2022,1,28,40,.,.,.,.,.,.,.,.,.,.,.,.,.
2022,1,28,41,.,.,.,.,.,.,.,.,.,.,.,.,.
2022,1,28,42,.,.,.,.,.,.,.,.,.,.,.,.,.
2022,1,28,43,.,.,.,.,.,.,.,.,.,.,.,.,.
2022,1,28,44,.,.,.,.,.,.,.,.,.,.,.,.,.
2022,1,28,45,.,.,.,.,.,.,.,.,.,.,.,.,.
2022,1,28,46,.,.,.,.,.,.,.,.,.,.,.,.,.
2022,1,28,47,.,.,.,.,.,.,.,.,.,.,.,.,.
2022,1,28,48,.,.,.,.,.,.,.,.,.,.,.,.,.
2022,1,28,49,.,.,.,.,.,.,.,.,.,.,.,.,.
2022,1,28,50,.,.,.,.,.,.,.,.,.,.,.,.,.
2022,1,28,51,.,.,.,.,.,.,.,.,.,.,.,.,.
2022,1,28,52,.,.,.,.,.,.,.,.,.,.,.,.,.
2022,1,28,53,.,.,.,.,.,.,.,.,.,.,.,.,.
2022,2,4,1,.,.,.,.,.,.,.,.,.,.,.,.,.
2022,2,4,2,.,.,.,.,.,.,.,.,.,.,.,.,.
2022,2,4,3,.,.,.,.,.,.,.,.,.,.,.,.,.
2022,2,4,4,.,.,.,.,.,.,.,.,.,.,.,.,.
2022,2,4,5,.,.,.,.,.,.,.,.,.,.,.,.,.
2022,2,4,6,.,.,.,.,.,.,.,.,.,.,.,.,.
2022,2,4,7,.,.,.,.,.,.,.,.,.,.,.,.,.
2022,2,4,8,.,.,.,.,.,.,.,.,.,.,.,.,.
2022,2,4,9,.,.,.,.,.,.,.,.,.,.,.,.,.
2022,2,4,10,.,.,.,.,.,.,.,.,.,.,.,.,.
2022,2,4,11,.,.,.,.,.,.,.,.,.,.,.,.,.
2022,2,4,12,.,.,.,.,.,.,.,.,.,.,.,.,.
2022,2,4,13,.,.,.,.,.,.,.,.,.,.,.,.,.
2022,2,4,14,.,.,.,.,.,.,.,.,.,.,.,.,.
2022,2,4,15,.,.,.,.,.,.,.,.,.,.,.,.,.
2022,2,4,16,.,.,.,.,.,.,.,.,.,.,.,.,.
2022,2,4,17,.,.,.,.,.,.,.,.,.,.,.,.,.
2022,2,4,18,.,.,.,.,.,.,.,.,.,.,.,.,.
2022,2,4,19,.,.,.,.,.,.,.,.,.,.,.,.,.
2022,2,4,20,.,.,.,.,.,.,.,.,.,.,.,.,.
2022,2,4,21,.,.,.,.,.,.,.,.,.,.,.,.,.
2022,2,4,22,.,.,.,.,.,.,.,.,.,.,.,.,.
2022,2,4,23,.,.,.,.,.,.,.,.,.,.,.,.,.
2022,2,4,24,.,.,.,.,.,.,.,.,.,.,.,.,.
2022,2,4,25,.,.,.,.,.,.,.,.,.,.,.,.,.
2022,2,4,26,.,.,.,.,.,.,.,.,.,.,.,.,.
2022,2,4,27,.,.,.,.,.,.,.,.,.,.,.,.,.
2022,2,4,28,.,.,.,.,.,.,.,.,.,.,.,.,.
2022,2,4,29,.,.,.,.,.,.,.,.,.,.,.,.,.
2022,2,4,30,.,.,.,.,.,.,.,.,.,.,.,.,.
2022,2,4,31,.,.,.,.,.,.,.,.,.,.,.,.,.
2022,2,4,32,.,.,.,.,.,.,.,.,.,.,.,.,.
2022,2,4,33,.,.,.,.,.,.,.,.,.,.,.,.,.
2022,2,4,34,.,.,.,.,.,.,.,.,.,.,.,.,.
2022,2,4,35,.,.,.,.,.,.,.,.,.,.,.,.,.
2022,2,4,36,.,.,.,.,.,.,.,.,.,.,.,.,.
2022,2,4,37,.,.,.,.,.,.,.,.,.,.,.,.,.
2022,2,4,38,.,.,.,.,.,.,.,.,.,.,.,.,.
2022,2,4,39,.,.,.,.,.,.,.,.,.,.,.,.,.
2022,2,4,40,.,.,.,.,.,.,.,.,.,.,.,.,.
2022,2,4,41,.,.,.,.,.,.,.,.,.,.,.,.,.
2022,2,4,42,.,.,.,.,.,.,.,.,.,.,.,.,.
2022,2,4,43,.,.,.,.,.,.,.,.,.,.,.,.,.
2022,2,4,44,.,.,.,.,.,.,.,.,.,.,.,.,.
2022,2,4,45,.,.,.,.,.,.,.,.,.,.,.,.,.
2022,2,4,46,.,.,.,.,.,.,.,.,.,.,.,.,.
2022,2,4,47,.,.,.,.,.,.,.,.,.,.,.,.,.
2022,2,4,48,.,.,.,.,.,.,.,.,.,.,.,.,.
2022,2,4,49,.,.,.,.,.,.,.,.,.,.,.,.,.
2022,2,4,50,.,.,.,.,.,.,.,.,.,.,.,.,.
2022,2,4,51,.,.,.,.,.,.,.,.,.,.,.,.,.
2022,2,4,52,.,.,.,.,.,.,.,.,.,.,.,.,.
2022,2,4,53,.,.,.,.,.,.,.,.,.,.,.,.,.
2022,2,11,1,.,.,.,.,.,.,.,.,.,.,.,.,.
2022,2,11,2,.,.,.,.,.,.,.,.,.,.,.,.,.
2022,2,11,3,.,.,.,.,.,.,.,.,.,.,.,.,.
2022,2,11,4,.,.,.,.,.,.,.,.,.,.,.,.,.
2022,2,11,5,.,.,.,.,.,.,.,.,.,.,.,.,.
2022,2,11,6,.,.,.,.,.,.,.,.,.,.,.,.,.
2022,2,11,7,.,.,.,.,.,.,.,.,.,.,.,.,.
2022,2,11,8,.,.,.,.,.,.,.,.,.,.,.,.,.
2022,2,11,9,.,.,.,.,.,.,.,.,.,.,.,.,.
2022,2,11,10,.,.,.,.,.,.,.,.,.,.,.,.,.
2022,2,11,11,.,.,.,.,.,.,.,.,.,.,.,.,.
2022,2,11,12,.,.,.,.,.,.,.,.,.,.,.,.,.
2022,2,11,13,.,.,.,.,.,.,.,.,.,.,.,.,.
2022,2,11,14,.,.,.,.,.,.,.,.,.,.,.,.,.
2022,2,11,15,.,.,.,.,.,.,.,.,.,.,.,.,.
2022,2,11,16,.,.,.,.,.,.,.,.,.,.,.,.,.
2022,2,11,17,.,.,.,.,.,.,.,.,.,.,.,.,.
2022,2,11,18,.,.,.,.,.,.,.,.,.,.,.,.,.
2022,2,11,19,.,.,.,.,.,.,.,.,.,.,.,.,.
2022,2,11,20,.,.,.,.,.,.,.,.,.,.,.,.,.
2022,2,11,21,.,.,.,.,.,.,.,.,.,.,.,.,.
2022,2,11,22,.,.,.,.,.,.,.,.,.,.,.,.,.
2022,2,11,23,.,.,.,.,.,.,.,.,.,.,.,.,.
2022,2,11,24,.,.,.,.,.,.,.,.,.,.,.,.,.
2022,2,11,25,.,.,.,.,.,.,.,.,.,.,.,.,.
2022,2,11,26,.,.,.,.,.,.,.,.,.,.,.,.,.
2022,2,11,27,.,.,.,.,.,.,.,.,.,.,.,.,.
2022,2,11,28,.,.,.,.,.,.,.,.,.,.,.,.,.
2022,2,11,29,.,.,.,.,.,.,.,.,.,.,.,.,.
2022,2,11,30,.,.,.,.,.,.,.,.,.,.,.,.,.
2022,2,11,31,.,.,.,.,.,.,.,.,.,.,.,.,.
2022,2,11,32,.,.,.,.,.,.,.,.,.,.,.,.,.
2022,2,11,33,.,.,.,.,.,.,.,.,.,.,.,.,.
2022,2,11,34,.,.,.,.,.,.,.,.,.,.,.,.,.
2022,2,11,35,.,.,.,.,.,.,.,.,.,.,.,.,.
2022,2,11,36,.,.,.,.,.,.,.,.,.,.,.,.,.
2022,2,11,37,.,.,.,.,.,.,.,.,.,.,.,.,.
2022,2,11,38,.,.,.,.,.,.,.,.,.,.,.,.,.
2022,2,11,39,.,.,.,.,.,.,.,.,.,.,.,.,.
2022,2,11,40,.,.,.,.,.,.,.,.,.,.,.,.,.
2022,2,11,41,.,.,.,.,.,.,.,.,.,.,.,.,.
2022,2,11,42,.,.,.,.,.,.,.,.,.,.,.,.,.
2022,2,11,43,.,.,.,.,.,.,.,.,.,.,.,.,.
2022,2,11,44,.,.,.,.,.,.,.,.,.,.,.,.,.
2022,2,11,45,.,.,.,.,.,.,.,.,.,.,.,.,.
2022,2,11,46,.,.,.,.,.,.,.,.,.,.,.,.,.
2022,2,11,47,.,.,.,.,.,.,.,.,.,.,.,.,.
2022,2,11,48,.,.,.,.,.,.,.,.,.,.,.,.,.
2022,2,11,49,.,.,.,.,.,.,.,.,.,.,.,.,.
2022,2,11,50,.,.,.,.,.,.,.,.,.,.,.,.,.
2022,2,11,51,.,.,.,.,.,.,.,.,.,.,.,.,.
2022,2,11,52,.,.,.,.,.,.,.,.,.,.,.,.,.
2022,2,11,53,.,.,.,.,.,.,.,.,.,.,.,.,.
2022,2,18,1,.,.,.,.,.,.,.,.,.,.,.,.,.
2022,2,18,2,.,.,.,.,.,.,.,.,.,.,.,.,.
2022,2,18,3,.,.,.,.,.,.,.,.,.,.,.,.,.
2022,2,18,4,.,.,.,.,.,.,.,.,.,.,.,.,.
2022,2,18,5,.,.,.,.,.,.,.,.,.,.,.,.,.
2022,2,18,6,.,.,.,.,.,.,.,.,.,.,.,.,.
2022,2,18,7,.,.,.,.,.,.,.,.,.,.,.,.,.
2022,2,18,8,.,.,.,.,.,.,.,.,.,.,.,.,.
2022,2,18,9,.,.,.,.,.,.,.,.,.,.,.,.,.
2022,2,18,10,.,.,.,.,.,.,.,.,.,.,.,.,.
2022,2,18,11,.,.,.,.,.,.,.,.,.,.,.,.,.
2022,2,18,12,.,.,.,.,.,.,.,.,.,.,.,.,.
2022,2,18,13,.,.,.,.,.,.,.,.,.,.,.,.,.
2022,2,18,14,.,.,.,.,.,.,.,.,.,.,.,.,.
2022,2,18,15,.,.,.,.,.,.,.,.,.,.,.,.,.
2022,2,18,16,.,.,.,.,.,.,.,.,.,.,.,.,.
2022,2,18,17,.,.,.,.,.,.,.,.,.,.,.,.,.
2022,2,18,18,.,.,.,.,.,.,.,.,.,.,.,.,.
2022,2,18,19,.,.,.,.,.,.,.,.,.,.,.,.,.
2022,2,18,20,.,.,.,.,.,.,.,.,.,.,.,.,.
2022,2,18,21,.,.,.,.,.,.,.,.,.,.,.,.,.
2022,2,18,22,.,.,.,.,.,.,.,.,.,.,.,.,.
2022,2,18,23,.,.,.,.,.,.,.,.,.,.,.,.,.
2022,2,18,24,.,.,.,.,.,.,.,.,.,.,.,.,.
2022,2,18,25,.,.,.,.,.,.,.,.,.,.,.,.,.
2022,2,18,26,.,.,.,.,.,.,.,.,.,.,.,.,.
2022,2,18,27,.,.,.,.,.,.,.,.,.,.,.,.,.
2022,2,18,28,.,.,.,.,.,.,.,.,.,.,.,.,.
2022,2,18,29,.,.,.,.,.,.,.,.,.,.,.,.,.
2022,2,18,30,.,.,.,.,.,.,.,.,.,.,.,.,.
2022,2,18,31,.,.,.,.,.,.,.,.,.,.,.,.,.
2022,2,18,32,.,.,.,.,.,.,.,.,.,.,.,.,.
2022,2,18,33,.,.,.,.,.,.,.,.,.,.,.,.,.
2022,2,18,34,.,.,.,.,.,.,.,.,.,.,.,.,.
2022,2,18,35,.,.,.,.,.,.,.,.,.,.,.,.,.
2022,2,18,36,.,.,.,.,.,.,.,.,.,.,.,.,.
2022,2,18,37,.,.,.,.,.,.,.,.,.,.,.,.,.
2022,2,18,38,.,.,.,.,.,.,.,.,.,.,.,.,.
2022,2,18,39,.,.,.,.,.,.,.,.,.,.,.,.,.
2022,2,18,40,.,.,.,.,.,.,.,.,.,.,.,.,.
2022,2,18,41,.,.,.,.,.,.,.,.,.,.,.,.,.
2022,2,18,42,.,.,.,.,.,.,.,.,.,.,.,.,.
2022,2,18,43,.,.,.,.,.,.,.,.,.,.,.,.,.
2022,2,18,44,.,.,.,.,.,.,.,.,.,.,.,.,.
2022,2,18,45,.,.,.,.,.,.,.,.,.,.,.,.,.
2022,2,18,46,.,.,.,.,.,.,.,.,.,.,.,.,.
2022,2,18,47,.,.,.,.,.,.,.,.,.,.,.,.,.
2022,2,18,48,.,.,.,.,.,.,.,.,.,.,.,.,.
2022,2,18,49,.,.,.,.,.,.,.,.,.,.,.,.,.
2022,2,18,50,.,.,.,.,.,.,.,.,.,.,.,.,.
2022,2,18,51,.,.,.,.,.,.,.,.,.,.,.,.,.
2022,2,18,52,.,.,.,.,.,.,.,.,.,.,.,.,.
2022,2,18,53,.,.,.,.,.,.,.,.,.,.,.,.,.
2022,2,25,1,.,.,.,.,.,.,.,.,.,.,.,.,.
2022,2,25,2,.,.,.,.,.,.,.,.,.,.,.,.,.
2022,2,25,3,.,.,.,.,.,.,.,.,.,.,.,.,.
2022,2,25,4,.,.,.,.,.,.,.,.,.,.,.,.,.
2022,2,25,5,.,.,.,.,.,.,.,.,.,.,.,.,.
2022,2,25,6,.,.,.,.,.,.,.,.,.,.,.,.,.
2022,2,25,7,.,.,.,.,.,.,.,.,.,.,.,.,.
2022,2,25,8,.,.,.,.,.,.,.,.,.,.,.,.,.
2022,2,25,9,.,.,.,.,.,.,.,.,.,.,.,.,.
2022,2,25,10,.,.,.,.,.,.,.,.,.,.,.,.,.
2022,2,25,11,.,.,.,.,.,.,.,.,.,.,.,.,.
2022,2,25,12,.,.,.,.,.,.,.,.,.,.,.,.,.
2022,2,25,13,.,.,.,.,.,.,.,.,.,.,.,.,.
2022,2,25,14,.,.,.,.,.,.,.,.,.,.,.,.,.
2022,2,25,15,.,.,.,.,.,.,.,.,.,.,.,.,.
2022,2,25,16,.,.,.,.,.,.,.,.,.,.,.,.,.
2022,2,25,17,.,.,.,.,.,.,.,.,.,.,.,.,.
2022,2,25,18,.,.,.,.,.,.,.,.,.,.,.,.,.
2022,2,25,19,.,.,.,.,.,.,.,.,.,.,.,.,.
2022,2,25,20,.,.,.,.,.,.,.,.,.,.,.,.,.
2022,2,25,21,.,.,.,.,.,.,.,.,.,.,.,.,.
2022,2,25,22,.,.,.,.,.,.,.,.,.,.,.,.,.
2022,2,25,23,.,.,.,.,.,.,.,.,.,.,.,.,.
2022,2,25,24,.,.,.,.,.,.,.,.,.,.,.,.,.
2022,2,25,25,.,.,.,.,.,.,.,.,.,.,.,.,.
2022,2,25,26,.,.,.,.,.,.,.,.,.,.,.,.,.
2022,2,25,27,.,.,.,.,.,.,.,.,.,.,.,.,.
2022,2,25,28,.,.,.,.,.,.,.,.,.,.,.,.,.
2022,2,25,29,.,.,.,.,.,.,.,.,.,.,.,.,.
2022,2,25,30,.,.,.,.,.,.,.,.,.,.,.,.,.
2022,2,25,31,.,.,.,.,.,.,.,.,.,.,.,.,.
2022,2,25,32,.,.,.,.,.,.,.,.,.,.,.,.,.
2022,2,25,33,.,.,.,.,.,.,.,.,.,.,.,.,.
2022,2,25,34,.,.,.,.,.,.,.,.,.,.,.,.,.
2022,2,25,35,.,.,.,.,.,.,.,.,.,.,.,.,.
2022,2,25,36,.,.,.,.,.,.,.,.,.,.,.,.,.
2022,2,25,37,.,.,.,.,.,.,.,.,.,.,.,.,.
2022,2,25,38,.,.,.,.,.,.,.,.,.,.,.,.,.
2022,2,25,39,.,.,.,.,.,.,.,.,.,.,.,.,.
2022,2,25,40,.,.,.,.,.,.,.,.,.,.,.,.,.
2022,2,25,41,.,.,.,.,.,.,.,.,.,.,.,.,.
2022,2,25,42,.,.,.,.,.,.,.,.,.,.,.,.,.
2022,2,25,43,.,.,.,.,.,.,.,.,.,.,.,.,.
2022,2,25,44,.,.,.,.,.,.,.,.,.,.,.,.,.
2022,2,25,45,.,.,.,.,.,.,.,.,.,.,.,.,.
2022,2,25,46,.,.,.,.,.,.,.,.,.,.,.,.,.
2022,2,25,47,.,.,.,.,.,.,.,.,.,.,.,.,.
2022,2,25,48,.,.,.,.,.,.,.,.,.,.,.,.,.
2022,2,25,49,.,.,.,.,.,.,.,.,.,.,.,.,.
2022,2,25,50,.,.,.,.,.,.,.,.,.,.,.,.,.
2022,2,25,51,.,.,.,.,.,.,.,.,.,.,.,.,.
2022,2,25,52,.,.,.,.,.,.,.,.,.,.,.,.,.
2022,2,25,53,.,.,.,.,.,.,.,.,.,.,.,.,.
2022,3,4,1,.,.,.,.,.,.,.,.,.,.,.,.,.
2022,3,4,2,.,.,.,.,.,.,.,.,.,.,.,.,.
2022,3,4,3,.,.,.,.,.,.,.,.,.,.,.,.,.
2022,3,4,4,.,.,.,.,.,.,.,.,.,.,.,.,.
2022,3,4,5,.,.,.,.,.,.,.,.,.,.,.,.,.
2022,3,4,6,.,.,.,.,.,.,.,.,.,.,.,.,.
2022,3,4,7,.,.,.,.,.,.,.,.,.,.,.,.,.
2022,3,4,8,.,.,.,.,.,.,.,.,.,.,.,.,.
2022,3,4,9,.,.,.,.,.,.,.,.,.,.,.,.,.
2022,3,4,10,.,.,.,.,.,.,.,.,.,.,.,.,.
2022,3,4,11,.,.,.,.,.,.,.,.,.,.,.,.,.
2022,3,4,12,.,.,.,.,.,.,.,.,.,.,.,.,.
2022,3,4,13,.,.,.,.,.,.,.,.,.,.,.,.,.
2022,3,4,14,.,.,.,.,.,.,.,.,.,.,.,.,.
2022,3,4,15,.,.,.,.,.,.,.,.,.,.,.,.,.
2022,3,4,16,.,.,.,.,.,.,.,.,.,.,.,.,.
2022,3,4,17,.,.,.,.,.,.,.,.,.,.,.,.,.
2022,3,4,18,.,.,.,.,.,.,.,.,.,.,.,.,.
2022,3,4,19,.,.,.,.,.,.,.,.,.,.,.,.,.
2022,3,4,20,.,.,.,.,.,.,.,.,.,.,.,.,.
2022,3,4,21,.,.,.,.,.,.,.,.,.,.,.,.,.
2022,3,4,22,.,.,.,.,.,.,.,.,.,.,.,.,.
2022,3,4,23,.,.,.,.,.,.,.,.,.,.,.,.,.
2022,3,4,24,.,.,.,.,.,.,.,.,.,.,.,.,.
2022,3,4,25,.,.,.,.,.,.,.,.,.,.,.,.,.
2022,3,4,26,.,.,.,.,.,.,.,.,.,.,.,.,.
2022,3,4,27,.,.,.,.,.,.,.,.,.,.,.,.,.
2022,3,4,28,.,.,.,.,.,.,.,.,.,.,.,.,.
2022,3,4,29,.,.,.,.,.,.,.,.,.,.,.,.,.
2022,3,4,30,.,.,.,.,.,.,.,.,.,.,.,.,.
2022,3,4,31,.,.,.,.,.,.,.,.,.,.,.,.,.
2022,3,4,32,.,.,.,.,.,.,.,.,.,.,.,.,.
2022,3,4,33,.,.,.,.,.,.,.,.,.,.,.,.,.
2022,3,4,34,.,.,.,.,.,.,.,.,.,.,.,.,.
2022,3,4,35,.,.,.,.,.,.,.,.,.,.,.,.,.
2022,3,4,36,.,.,.,.,.,.,.,.,.,.,.,.,.
2022,3,4,37,.,.,.,.,.,.,.,.,.,.,.,.,.
2022,3,4,38,.,.,.,.,.,.,.,.,.,.,.,.,.
2022,3,4,39,.,.,.,.,.,.,.,.,.,.,.,.,.
2022,3,4,40,.,.,.,.,.,.,.,.,.,.,.,.,.
2022,3,4,41,.,.,.,.,.,.,.,.,.,.,.,.,.
2022,3,4,42,.,.,.,.,.,.,.,.,.,.,.,.,.
2022,3,4,43,.,.,.,.,.,.,.,.,.,.,.,.,.
2022,3,4,44,.,.,.,.,.,.,.,.,.,.,.,.,.
2022,3,4,45,.,.,.,.,.,.,.,.,.,.,.,.,.
2022,3,4,46,.,.,.,.,.,.,.,.,.,.,.,.,.
2022,3,4,47,.,.,.,.,.,.,.,.,.,.,.,.,.
2022,3,4,48,.,.,.,.,.,.,.,.,.,.,.,.,.
2022,3,4,49,.,.,.,.,.,.,.,.,.,.,.,.,.
2022,3,4,50,.,.,.,.,.,.,.,.,.,.,.,.,.
2022,3,4,51,.,.,.,.,.,.,.,.,.,.,.,.,.
2022,3,4,52,.,.,.,.,.,.,.,.,.,.,.,.,.
2022,3,4,53,.,.,.,.,.,.,.,.,.,.,.,.,.
2022,3,11,1,.,.,.,.,.,.,.,.,.,.,.,.,.
2022,3,11,2,.,.,.,.,.,.,.,.,.,.,.,.,.
2022,3,11,3,.,.,.,.,.,.,.,.,.,.,.,.,.
2022,3,11,4,.,.,.,.,.,.,.,.,.,.,.,.,.
2022,3,11,5,.,.,.,.,.,.,.,.,.,.,.,.,.
2022,3,11,6,.,.,.,.,.,.,.,.,.,.,.,.,.
2022,3,11,7,.,.,.,.,.,.,.,.,.,.,.,.,.
2022,3,11,8,.,.,.,.,.,.,.,.,.,.,.,.,.
2022,3,11,9,.,.,.,.,.,.,.,.,.,.,.,.,.
2022,3,11,10,.,.,.,.,.,.,.,.,.,.,.,.,.
2022,3,11,11,.,.,.,.,.,.,.,.,.,.,.,.,.
2022,3,11,12,.,.,.,.,.,.,.,.,.,.,.,.,.
2022,3,11,13,.,.,.,.,.,.,.,.,.,.,.,.,.
2022,3,11,14,.,.,.,.,.,.,.,.,.,.,.,.,.
2022,3,11,15,.,.,.,.,.,.,.,.,.,.,.,.,.
2022,3,11,16,.,.,.,.,.,.,.,.,.,.,.,.,.
2022,3,11,17,.,.,.,.,.,.,.,.,.,.,.,.,.
2022,3,11,18,.,.,.,.,.,.,.,.,.,.,.,.,.
2022,3,11,19,.,.,.,.,.,.,.,.,.,.,.,.,.
2022,3,11,20,.,.,.,.,.,.,.,.,.,.,.,.,.
2022,3,11,21,.,.,.,.,.,.,.,.,.,.,.,.,.
2022,3,11,22,.,.,.,.,.,.,.,.,.,.,.,.,.
2022,3,11,23,.,.,.,.,.,.,.,.,.,.,.,.,.
2022,3,11,24,.,.,.,.,.,.,.,.,.,.,.,.,.
2022,3,11,25,.,.,.,.,.,.,.,.,.,.,.,.,.
2022,3,11,26,.,.,.,.,.,.,.,.,.,.,.,.,.
2022,3,11,27,.,.,.,.,.,.,.,.,.,.,.,.,.
2022,3,11,28,.,.,.,.,.,.,.,.,.,.,.,.,.
2022,3,11,29,.,.,.,.,.,.,.,.,.,.,.,.,.
2022,3,11,30,.,.,.,.,.,.,.,.,.,.,.,.,.
2022,3,11,31,.,.,.,.,.,.,.,.,.,.,.,.,.
2022,3,11,32,.,.,.,.,.,.,.,.,.,.,.,.,.
2022,3,11,33,.,.,.,.,.,.,.,.,.,.,.,.,.
2022,3,11,34,.,.,.,.,.,.,.,.,.,.,.,.,.
2022,3,11,35,.,.,.,.,.,.,.,.,.,.,.,.,.
2022,3,11,36,.,.,.,.,.,.,.,.,.,.,.,.,.
2022,3,11,37,.,.,.,.,.,.,.,.,.,.,.,.,.
2022,3,11,38,.,.,.,.,.,.,.,.,.,.,.,.,.
2022,3,11,39,.,.,.,.,.,.,.,.,.,.,.,.,.
2022,3,11,40,.,.,.,.,.,.,.,.,.,.,.,.,.
2022,3,11,41,.,.,.,.,.,.,.,.,.,.,.,.,.
2022,3,11,42,.,.,.,.,.,.,.,.,.,.,.,.,.
2022,3,11,43,.,.,.,.,.,.,.,.,.,.,.,.,.
2022,3,11,44,.,.,.,.,.,.,.,.,.,.,.,.,.
2022,3,11,45,.,.,.,.,.,.,.,.,.,.,.,.,.
2022,3,11,46,.,.,.,.,.,.,.,.,.,.,.,.,.
2022,3,11,47,.,.,.,.,.,.,.,.,.,.,.,.,.
2022,3,11,48,.,.,.,.,.,.,.,.,.,.,.,.,.
2022,3,11,49,.,.,.,.,.,.,.,.,.,.,.,.,.
2022,3,11,50,.,.,.,.,.,.,.,.,.,.,.,.,.
2022,3,11,51,.,.,.,.,.,.,.,.,.,.,.,.,.
2022,3,11,52,.,.,.,.,.,.,.,.,.,.,.,.,.
2022,3,11,53,.,.,.,.,.,.,.,.,.,.,.,.,.
2022,3,18,1,.,.,.,.,.,.,.,.,.,.,.,.,.
2022,3,18,2,.,.,.,.,.,.,.,.,.,.,.,.,.
2022,3,18,3,.,.,.,.,.,.,.,.,.,.,.,.,.
2022,3,18,4,.,.,.,.,.,.,.,.,.,.,.,.,.
2022,3,18,5,.,.,.,.,.,.,.,.,.,.,.,.,.
2022,3,18,6,.,.,.,.,.,.,.,.,.,.,.,.,.
2022,3,18,7,.,.,.,.,.,.,.,.,.,.,.,.,.
2022,3,18,8,.,.,.,.,.,.,.,.,.,.,.,.,.
2022,3,18,9,.,.,.,.,.,.,.,.,.,.,.,.,.
2022,3,18,10,.,.,.,.,.,.,.,.,.,.,.,.,.
2022,3,18,11,.,.,.,.,.,.,.,.,.,.,.,.,.
2022,3,18,12,.,.,.,.,.,.,.,.,.,.,.,.,.
2022,3,18,13,.,.,.,.,.,.,.,.,.,.,.,.,.
2022,3,18,14,.,.,.,.,.,.,.,.,.,.,.,.,.
2022,3,18,15,.,.,.,.,.,.,.,.,.,.,.,.,.
2022,3,18,16,.,.,.,.,.,.,.,.,.,.,.,.,.
2022,3,18,17,.,.,.,.,.,.,.,.,.,.,.,.,.
2022,3,18,18,.,.,.,.,.,.,.,.,.,.,.,.,.
2022,3,18,19,.,.,.,.,.,.,.,.,.,.,.,.,.
2022,3,18,20,.,.,.,.,.,.,.,.,.,.,.,.,.
2022,3,18,21,.,.,.,.,.,.,.,.,.,.,.,.,.
2022,3,18,22,.,.,.,.,.,.,.,.,.,.,.,.,.
2022,3,18,23,.,.,.,.,.,.,.,.,.,.,.,.,.
2022,3,18,24,.,.,.,.,.,.,.,.,.,.,.,.,.
2022,3,18,25,.,.,.,.,.,.,.,.,.,.,.,.,.
2022,3,18,26,.,.,.,.,.,.,.,.,.,.,.,.,.
2022,3,18,27,.,.,.,.,.,.,.,.,.,.,.,.,.
2022,3,18,28,.,.,.,.,.,.,.,.,.,.,.,.,.
2022,3,18,29,.,.,.,.,.,.,.,.,.,.,.,.,.
2022,3,18,30,.,.,.,.,.,.,.,.,.,.,.,.,.
2022,3,18,31,.,.,.,.,.,.,.,.,.,.,.,.,.
2022,3,18,32,.,.,.,.,.,.,.,.,.,.,.,.,.
2022,3,18,33,.,.,.,.,.,.,.,.,.,.,.,.,.
2022,3,18,34,.,.,.,.,.,.,.,.,.,.,.,.,.
2022,3,18,35,.,.,.,.,.,.,.,.,.,.,.,.,.
2022,3,18,36,.,.,.,.,.,.,.,.,.,.,.,.,.
2022,3,18,37,.,.,.,.,.,.,.,.,.,.,.,.,.
2022,3,18,38,.,.,.,.,.,.,.,.,.,.,.,.,.
2022,3,18,39,.,.,.,.,.,.,.,.,.,.,.,.,.
2022,3,18,40,.,.,.,.,.,.,.,.,.,.,.,.,.
2022,3,18,41,.,.,.,.,.,.,.,.,.,.,.,.,.
2022,3,18,42,.,.,.,.,.,.,.,.,.,.,.,.,.
2022,3,18,43,.,.,.,.,.,.,.,.,.,.,.,.,.
2022,3,18,44,.,.,.,.,.,.,.,.,.,.,.,.,.
2022,3,18,45,.,.,.,.,.,.,.,.,.,.,.,.,.
2022,3,18,46,.,.,.,.,.,.,.,.,.,.,.,.,.
2022,3,18,47,.,.,.,.,.,.,.,.,.,.,.,.,.
2022,3,18,48,.,.,.,.,.,.,.,.,.,.,.,.,.
2022,3,18,49,.,.,.,.,.,.,.,.,.,.,.,.,.
2022,3,18,50,.,.,.,.,.,.,.,.,.,.,.,.,.
2022,3,18,51,.,.,.,.,.,.,.,.,.,.,.,.,.
2022,3,18,52,.,.,.,.,.,.,.,.,.,.,.,.,.
2022,3,18,53,.,.,.,.,.,.,.,.,.,.,.,.,.
2022,3,25,1,.,.,.,.,.,.,.,.,.,.,.,.,.
2022,3,25,2,.,.,.,.,.,.,.,.,.,.,.,.,.
2022,3,25,3,.,.,.,.,.,.,.,.,.,.,.,.,.
2022,3,25,4,.,.,.,.,.,.,.,.,.,.,.,.,.
2022,3,25,5,.,.,.,.,.,.,.,.,.,.,.,.,.
2022,3,25,6,.,.,.,.,.,.,.,.,.,.,.,.,.
2022,3,25,7,.,.,.,.,.,.,.,.,.,.,.,.,.
2022,3,25,8,.,.,.,.,.,.,.,.,.,.,.,.,.
2022,3,25,9,.,.,.,.,.,.,.,.,.,.,.,.,.
2022,3,25,10,.,.,.,.,.,.,.,.,.,.,.,.,.
2022,3,25,11,.,.,.,.,.,.,.,.,.,.,.,.,.
2022,3,25,12,.,.,.,.,.,.,.,.,.,.,.,.,.
2022,3,25,13,.,.,.,.,.,.,.,.,.,.,.,.,.
2022,3,25,14,.,.,.,.,.,.,.,.,.,.,.,.,.
2022,3,25,15,.,.,.,.,.,.,.,.,.,.,.,.,.
2022,3,25,16,.,.,.,.,.,.,.,.,.,.,.,.,.
2022,3,25,17,.,.,.,.,.,.,.,.,.,.,.,.,.
2022,3,25,18,.,.,.,.,.,.,.,.,.,.,.,.,.
2022,3,25,19,.,.,.,.,.,.,.,.,.,.,.,.,.
2022,3,25,20,.,.,.,.,.,.,.,.,.,.,.,.,.
2022,3,25,21,.,.,.,.,.,.,.,.,.,.,.,.,.
2022,3,25,22,.,.,.,.,.,.,.,.,.,.,.,.,.
2022,3,25,23,.,.,.,.,.,.,.,.,.,.,.,.,.
2022,3,25,24,.,.,.,.,.,.,.,.,.,.,.,.,.
2022,3,25,25,.,.,.,.,.,.,.,.,.,.,.,.,.
2022,3,25,26,.,.,.,.,.,.,.,.,.,.,.,.,.
2022,3,25,27,.,.,.,.,.,.,.,.,.,.,.,.,.
2022,3,25,28,.,.,.,.,.,.,.,.,.,.,.,.,.
2022,3,25,29,.,.,.,.,.,.,.,.,.,.,.,.,.
2022,3,25,30,.,.,.,.,.,.,.,.,.,.,.,.,.
2022,3,25,31,.,.,.,.,.,.,.,.,.,.,.,.,.
2022,3,25,32,.,.,.,.,.,.,.,.,.,.,.,.,.
2022,3,25,33,.,.,.,.,.,.,.,.,.,.,.,.,.
2022,3,25,34,.,.,.,.,.,.,.,.,.,.,.,.,.
2022,3,25,35,.,.,.,.,.,.,.,.,.,.,.,.,.
2022,3,25,36,.,.,.,.,.,.,.,.,.,.,.,.,.
2022,3,25,37,.,.,.,.,.,.,.,.,.,.,.,.,.
2022,3,25,38,.,.,.,.,.,.,.,.,.,.,.,.,.
2022,3,25,39,.,.,.,.,.,.,.,.,.,.,.,.,.
2022,3,25,40,.,.,.,.,.,.,.,.,.,.,.,.,.
2022,3,25,41,.,.,.,.,.,.,.,.,.,.,.,.,.
2022,3,25,42,.,.,.,.,.,.,.,.,.,.,.,.,.
2022,3,25,43,.,.,.,.,.,.,.,.,.,.,.,.,.
2022,3,25,44,.,.,.,.,.,.,.,.,.,.,.,.,.
2022,3,25,45,.,.,.,.,.,.,.,.,.,.,.,.,.
2022,3,25,46,.,.,.,.,.,.,.,.,.,.,.,.,.
2022,3,25,47,.,.,.,.,.,.,.,.,.,.,.,.,.
2022,3,25,48,.,.,.,.,.,.,.,.,.,.,.,.,.
2022,3,25,49,.,.,.,.,.,.,.,.,.,.,.,.,.
2022,3,25,50,.,.,.,.,.,.,.,.,.,.,.,.,.
2022,3,25,51,.,.,.,.,.,.,.,.,.,.,.,.,.
2022,3,25,52,.,.,.,.,.,.,.,.,.,.,.,.,.
2022,3,25,53,.,.,.,.,.,.,.,.,.,.,.,.,.
2022,4,1,1,.,.,.,.,.,.,.,.,.,.,.,.,.
2022,4,1,2,.,.,.,.,.,.,.,.,.,.,.,.,.
2022,4,1,3,.,.,.,.,.,.,.,.,.,.,.,.,.
2022,4,1,4,.,.,.,.,.,.,.,.,.,.,.,.,.
2022,4,1,5,.,.,.,.,.,.,.,.,.,.,.,.,.
2022,4,1,6,.,.,.,.,.,.,.,.,.,.,.,.,.
2022,4,1,7,.,.,.,.,.,.,.,.,.,.,.,.,.
2022,4,1,8,.,.,.,.,.,.,.,.,.,.,.,.,.
2022,4,1,9,.,.,.,.,.,.,.,.,.,.,.,.,.
2022,4,1,10,.,.,.,.,.,.,.,.,.,.,.,.,.
2022,4,1,11,.,.,.,.,.,.,.,.,.,.,.,.,.
2022,4,1,12,.,.,.,.,.,.,.,.,.,.,.,.,.
2022,4,1,13,.,.,.,.,.,.,.,.,.,.,.,.,.
2022,4,1,14,.,.,.,.,.,.,.,.,.,.,.,.,.
2022,4,1,15,.,.,.,.,.,.,.,.,.,.,.,.,.
2022,4,1,16,.,.,.,.,.,.,.,.,.,.,.,.,.
2022,4,1,17,.,.,.,.,.,.,.,.,.,.,.,.,.
2022,4,1,18,.,.,.,.,.,.,.,.,.,.,.,.,.
2022,4,1,19,.,.,.,.,.,.,.,.,.,.,.,.,.
2022,4,1,20,.,.,.,.,.,.,.,.,.,.,.,.,.
2022,4,1,21,.,.,.,.,.,.,.,.,.,.,.,.,.
2022,4,1,22,.,.,.,.,.,.,.,.,.,.,.,.,.
2022,4,1,23,.,.,.,.,.,.,.,.,.,.,.,.,.
2022,4,1,24,.,.,.,.,.,.,.,.,.,.,.,.,.
2022,4,1,25,.,.,.,.,.,.,.,.,.,.,.,.,.
2022,4,1,26,.,.,.,.,.,.,.,.,.,.,.,.,.
2022,4,1,27,.,.,.,.,.,.,.,.,.,.,.,.,.
2022,4,1,28,.,.,.,.,.,.,.,.,.,.,.,.,.
2022,4,1,29,.,.,.,.,.,.,.,.,.,.,.,.,.
2022,4,1,30,.,.,.,.,.,.,.,.,.,.,.,.,.
2022,4,1,31,.,.,.,.,.,.,.,.,.,.,.,.,.
2022,4,1,32,.,.,.,.,.,.,.,.,.,.,.,.,.
2022,4,1,33,.,.,.,.,.,.,.,.,.,.,.,.,.
2022,4,1,34,.,.,.,.,.,.,.,.,.,.,.,.,.
2022,4,1,35,.,.,.,.,.,.,.,.,.,.,.,.,.
2022,4,1,36,.,.,.,.,.,.,.,.,.,.,.,.,.
2022,4,1,37,.,.,.,.,.,.,.,.,.,.,.,.,.
2022,4,1,38,.,.,.,.,.,.,.,.,.,.,.,.,.
2022,4,1,39,.,.,.,.,.,.,.,.,.,.,.,.,.
2022,4,1,40,.,.,.,.,.,.,.,.,.,.,.,.,.
2022,4,1,41,.,.,.,.,.,.,.,.,.,.,.,.,.
2022,4,1,42,.,.,.,.,.,.,.,.,.,.,.,.,.
2022,4,1,43,.,.,.,.,.,.,.,.,.,.,.,.,.
2022,4,1,44,.,.,.,.,.,.,.,.,.,.,.,.,.
2022,4,1,45,.,.,.,.,.,.,.,.,.,.,.,.,.
2022,4,1,46,.,.,.,.,.,.,.,.,.,.,.,.,.
2022,4,1,47,.,.,.,.,.,.,.,.,.,.,.,.,.
2022,4,1,48,.,.,.,.,.,.,.,.,.,.,.,.,.
2022,4,1,49,.,.,.,.,.,.,.,.,.,.,.,.,.
2022,4,1,50,.,.,.,.,.,.,.,.,.,.,.,.,.
2022,4,1,51,.,.,.,.,.,.,.,.,.,.,.,.,.
2022,4,1,52,.,.,.,.,.,.,.,.,.,.,.,.,.
2022,4,1,53,.,.,.,.,.,.,.,.,.,.,.,.,.
2022,4,8,1,.,.,.,.,.,.,.,.,.,.,.,.,.
2022,4,8,2,.,.,.,.,.,.,.,.,.,.,.,.,.
2022,4,8,3,.,.,.,.,.,.,.,.,.,.,.,.,.
2022,4,8,4,.,.,.,.,.,.,.,.,.,.,.,.,.
2022,4,8,5,.,.,.,.,.,.,.,.,.,.,.,.,.
2022,4,8,6,.,.,.,.,.,.,.,.,.,.,.,.,.
2022,4,8,7,.,.,.,.,.,.,.,.,.,.,.,.,.
2022,4,8,8,.,.,.,.,.,.,.,.,.,.,.,.,.
2022,4,8,9,.,.,.,.,.,.,.,.,.,.,.,.,.
2022,4,8,10,.,.,.,.,.,.,.,.,.,.,.,.,.
2022,4,8,11,.,.,.,.,.,.,.,.,.,.,.,.,.
2022,4,8,12,.,.,.,.,.,.,.,.,.,.,.,.,.
2022,4,8,13,.,.,.,.,.,.,.,.,.,.,.,.,.
2022,4,8,14,.,.,.,.,.,.,.,.,.,.,.,.,.
2022,4,8,15,.,.,.,.,.,.,.,.,.,.,.,.,.
2022,4,8,16,.,.,.,.,.,.,.,.,.,.,.,.,.
2022,4,8,17,.,.,.,.,.,.,.,.,.,.,.,.,.
2022,4,8,18,.,.,.,.,.,.,.,.,.,.,.,.,.
2022,4,8,19,.,.,.,.,.,.,.,.,.,.,.,.,.
2022,4,8,20,.,.,.,.,.,.,.,.,.,.,.,.,.
2022,4,8,21,.,.,.,.,.,.,.,.,.,.,.,.,.
2022,4,8,22,.,.,.,.,.,.,.,.,.,.,.,.,.
2022,4,8,23,.,.,.,.,.,.,.,.,.,.,.,.,.
2022,4,8,24,.,.,.,.,.,.,.,.,.,.,.,.,.
2022,4,8,25,.,.,.,.,.,.,.,.,.,.,.,.,.
2022,4,8,26,.,.,.,.,.,.,.,.,.,.,.,.,.
2022,4,8,27,.,.,.,.,.,.,.,.,.,.,.,.,.
2022,4,8,28,.,.,.,.,.,.,.,.,.,.,.,.,.
2022,4,8,29,.,.,.,.,.,.,.,.,.,.,.,.,.
2022,4,8,30,.,.,.,.,.,.,.,.,.,.,.,.,.
2022,4,8,31,.,.,.,.,.,.,.,.,.,.,.,.,.
2022,4,8,32,.,.,.,.,.,.,.,.,.,.,.,.,.
2022,4,8,33,.,.,.,.,.,.,.,.,.,.,.,.,.
2022,4,8,34,.,.,.,.,.,.,.,.,.,.,.,.,.
2022,4,8,35,.,.,.,.,.,.,.,.,.,.,.,.,.
2022,4,8,36,.,.,.,.,.,.,.,.,.,.,.,.,.
2022,4,8,37,.,.,.,.,.,.,.,.,.,.,.,.,.
2022,4,8,38,.,.,.,.,.,.,.,.,.,.,.,.,.
2022,4,8,39,.,.,.,.,.,.,.,.,.,.,.,.,.
2022,4,8,40,.,.,.,.,.,.,.,.,.,.,.,.,.
2022,4,8,41,.,.,.,.,.,.,.,.,.,.,.,.,.
2022,4,8,42,.,.,.,.,.,.,.,.,.,.,.,.,.
2022,4,8,43,.,.,.,.,.,.,.,.,.,.,.,.,.
2022,4,8,44,.,.,.,.,.,.,.,.,.,.,.,.,.
2022,4,8,45,.,.,.,.,.,.,.,.,.,.,.,.,.
2022,4,8,46,.,.,.,.,.,.,.,.,.,.,.,.,.
2022,4,8,47,.,.,.,.,.,.,.,.,.,.,.,.,.
2022,4,8,48,.,.,.,.,.,.,.,.,.,.,.,.,.
2022,4,8,49,.,.,.,.,.,.,.,.,.,.,.,.,.
2022,4,8,50,.,.,.,.,.,.,.,.,.,.,.,.,.
2022,4,8,51,.,.,.,.,.,.,.,.,.,.,.,.,.
2022,4,8,52,.,.,.,.,.,.,.,.,.,.,.,.,.
2022,4,8,53,.,.,.,.,.,.,.,.,.,.,.,.,.
2022,4,15,1,.,.,.,.,.,.,.,.,.,.,.,.,.
2022,4,15,2,.,.,.,.,.,.,.,.,.,.,.,.,.
2022,4,15,3,.,.,.,.,.,.,.,.,.,.,.,.,.
2022,4,15,4,.,.,.,.,.,.,.,.,.,.,.,.,.
2022,4,15,5,.,.,.,.,.,.,.,.,.,.,.,.,.
2022,4,15,6,.,.,.,.,.,.,.,.,.,.,.,.,.
2022,4,15,7,.,.,.,.,.,.,.,.,.,.,.,.,.
2022,4,15,8,.,.,.,.,.,.,.,.,.,.,.,.,.
2022,4,15,9,.,.,.,.,.,.,.,.,.,.,.,.,.
2022,4,15,10,.,.,.,.,.,.,.,.,.,.,.,.,.
2022,4,15,11,.,.,.,.,.,.,.,.,.,.,.,.,.
2022,4,15,12,.,.,.,.,.,.,.,.,.,.,.,.,.
2022,4,15,13,.,.,.,.,.,.,.,.,.,.,.,.,.
2022,4,15,14,.,.,.,.,.,.,.,.,.,.,.,.,.
2022,4,15,15,.,.,.,.,.,.,.,.,.,.,.,.,.
2022,4,15,16,.,.,.,.,.,.,.,.,.,.,.,.,.
2022,4,15,17,.,.,.,.,.,.,.,.,.,.,.,.,.
2022,4,15,18,.,.,.,.,.,.,.,.,.,.,.,.,.
2022,4,15,19,.,.,.,.,.,.,.,.,.,.,.,.,.
2022,4,15,20,.,.,.,.,.,.,.,.,.,.,.,.,.
2022,4,15,21,.,.,.,.,.,.,.,.,.,.,.,.,.
2022,4,15,22,.,.,.,.,.,.,.,.,.,.,.,.,.
2022,4,15,23,.,.,.,.,.,.,.,.,.,.,.,.,.
2022,4,15,24,.,.,.,.,.,.,.,.,.,.,.,.,.
2022,4,15,25,.,.,.,.,.,.,.,.,.,.,.,.,.
2022,4,15,26,.,.,.,.,.,.,.,.,.,.,.,.,.
2022,4,15,27,.,.,.,.,.,.,.,.,.,.,.,.,.
2022,4,15,28,.,.,.,.,.,.,.,.,.,.,.,.,.
2022,4,15,29,.,.,.,.,.,.,.,.,.,.,.,.,.
2022,4,15,30,.,.,.,.,.,.,.,.,.,.,.,.,.
2022,4,15,31,.,.,.,.,.,.,.,.,.,.,.,.,.
2022,4,15,32,.,.,.,.,.,.,.,.,.,.,.,.,.
2022,4,15,33,.,.,.,.,.,.,.,.,.,.,.,.,.
2022,4,15,34,.,.,.,.,.,.,.,.,.,.,.,.,.
2022,4,15,35,.,.,.,.,.,.,.,.,.,.,.,.,.
2022,4,15,36,.,.,.,.,.,.,.,.,.,.,.,.,.
2022,4,15,37,.,.,.,.,.,.,.,.,.,.,.,.,.
2022,4,15,38,.,.,.,.,.,.,.,.,.,.,.,.,.
2022,4,15,39,.,.,.,.,.,.,.,.,.,.,.,.,.
2022,4,15,40,.,.,.,.,.,.,.,.,.,.,.,.,.
2022,4,15,41,.,.,.,.,.,.,.,.,.,.,.,.,.
2022,4,15,42,.,.,.,.,.,.,.,.,.,.,.,.,.
2022,4,15,43,.,.,.,.,.,.,.,.,.,.,.,.,.
2022,4,15,44,.,.,.,.,.,.,.,.,.,.,.,.,.
2022,4,15,45,.,.,.,.,.,.,.,.,.,.,.,.,.
2022,4,15,46,.,.,.,.,.,.,.,.,.,.,.,.,.
2022,4,15,47,.,.,.,.,.,.,.,.,.,.,.,.,.
2022,4,15,48,.,.,.,.,.,.,.,.,.,.,.,.,.
2022,4,15,49,.,.,.,.,.,.,.,.,.,.,.,.,.
2022,4,15,50,.,.,.,.,.,.,.,.,.,.,.,.,.
2022,4,15,51,.,.,.,.,.,.,.,.,.,.,.,.,.
2022,4,15,52,.,.,.,.,.,.,.,.,.,.,.,.,.
2022,4,15,53,.,.,.,.,.,.,.,.,.,.,.,.,.
2022,4,22,1,.,.,.,.,.,.,.,.,.,.,.,.,.
2022,4,22,2,.,.,.,.,.,.,.,.,.,.,.,.,.
2022,4,22,3,.,.,.,.,.,.,.,.,.,.,.,.,.
2022,4,22,4,.,.,.,.,.,.,.,.,.,.,.,.,.
2022,4,22,5,.,.,.,.,.,.,.,.,.,.,.,.,.
2022,4,22,6,.,.,.,.,.,.,.,.,.,.,.,.,.
2022,4,22,7,.,.,.,.,.,.,.,.,.,.,.,.,.
2022,4,22,8,.,.,.,.,.,.,.,.,.,.,.,.,.
2022,4,22,9,.,.,.,.,.,.,.,.,.,.,.,.,.
2022,4,22,10,.,.,.,.,.,.,.,.,.,.,.,.,.
2022,4,22,11,.,.,.,.,.,.,.,.,.,.,.,.,.
2022,4,22,12,.,.,.,.,.,.,.,.,.,.,.,.,.
2022,4,22,13,.,.,.,.,.,.,.,.,.,.,.,.,.
2022,4,22,14,.,.,.,.,.,.,.,.,.,.,.,.,.
2022,4,22,15,.,.,.,.,.,.,.,.,.,.,.,.,.
2022,4,22,16,.,.,.,.,.,.,.,.,.,.,.,.,.
2022,4,22,17,.,.,.,.,.,.,.,.,.,.,.,.,.
2022,4,22,18,.,.,.,.,.,.,.,.,.,.,.,.,.
2022,4,22,19,.,.,.,.,.,.,.,.,.,.,.,.,.
2022,4,22,20,.,.,.,.,.,.,.,.,.,.,.,.,.
2022,4,22,21,.,.,.,.,.,.,.,.,.,.,.,.,.
2022,4,22,22,.,.,.,.,.,.,.,.,.,.,.,.,.
2022,4,22,23,.,.,.,.,.,.,.,.,.,.,.,.,.
2022,4,22,24,.,.,.,.,.,.,.,.,.,.,.,.,.
2022,4,22,25,.,.,.,.,.,.,.,.,.,.,.,.,.
2022,4,22,26,.,.,.,.,.,.,.,.,.,.,.,.,.
2022,4,22,27,.,.,.,.,.,.,.,.,.,.,.,.,.
2022,4,22,28,.,.,.,.,.,.,.,.,.,.,.,.,.
2022,4,22,29,.,.,.,.,.,.,.,.,.,.,.,.,.
2022,4,22,30,.,.,.,.,.,.,.,.,.,.,.,.,.
2022,4,22,31,.,.,.,.,.,.,.,.,.,.,.,.,.
2022,4,22,32,.,.,.,.,.,.,.,.,.,.,.,.,.
2022,4,22,33,.,.,.,.,.,.,.,.,.,.,.,.,.
2022,4,22,34,.,.,.,.,.,.,.,.,.,.,.,.,.
2022,4,22,35,.,.,.,.,.,.,.,.,.,.,.,.,.
2022,4,22,36,.,.,.,.,.,.,.,.,.,.,.,.,.
2022,4,22,37,.,.,.,.,.,.,.,.,.,.,.,.,.
2022,4,22,38,.,.,.,.,.,.,.,.,.,.,.,.,.
2022,4,22,39,.,.,.,.,.,.,.,.,.,.,.,.,.
2022,4,22,40,.,.,.,.,.,.,.,.,.,.,.,.,.
2022,4,22,41,.,.,.,.,.,.,.,.,.,.,.,.,.
2022,4,22,42,.,.,.,.,.,.,.,.,.,.,.,.,.
2022,4,22,43,.,.,.,.,.,.,.,.,.,.,.,.,.
2022,4,22,44,.,.,.,.,.,.,.,.,.,.,.,.,.
2022,4,22,45,.,.,.,.,.,.,.,.,.,.,.,.,.
2022,4,22,46,.,.,.,.,.,.,.,.,.,.,.,.,.
2022,4,22,47,.,.,.,.,.,.,.,.,.,.,.,.,.
2022,4,22,48,.,.,.,.,.,.,.,.,.,.,.,.,.
2022,4,22,49,.,.,.,.,.,.,.,.,.,.,.,.,.
2022,4,22,50,.,.,.,.,.,.,.,.,.,.,.,.,.
2022,4,22,51,.,.,.,.,.,.,.,.,.,.,.,.,.
2022,4,22,52,.,.,.,.,.,.,.,.,.,.,.,.,.
2022,4,22,53,.,.,.,.,.,.,.,.,.,.,.,.,.
2022,4,29,1,.,.,.,.,.,.,.,.,.,.,.,.,.
2022,4,29,2,.,.,.,.,.,.,.,.,.,.,.,.,.
2022,4,29,3,.,.,.,.,.,.,.,.,.,.,.,.,.
2022,4,29,4,.,.,.,.,.,.,.,.,.,.,.,.,.
2022,4,29,5,.,.,.,.,.,.,.,.,.,.,.,.,.
2022,4,29,6,.,.,.,.,.,.,.,.,.,.,.,.,.
2022,4,29,7,.,.,.,.,.,.,.,.,.,.,.,.,.
2022,4,29,8,.,.,.,.,.,.,.,.,.,.,.,.,.
2022,4,29,9,.,.,.,.,.,.,.,.,.,.,.,.,.
2022,4,29,10,.,.,.,.,.,.,.,.,.,.,.,.,.
2022,4,29,11,.,.,.,.,.,.,.,.,.,.,.,.,.
2022,4,29,12,.,.,.,.,.,.,.,.,.,.,.,.,.
2022,4,29,13,.,.,.,.,.,.,.,.,.,.,.,.,.
2022,4,29,14,.,.,.,.,.,.,.,.,.,.,.,.,.
2022,4,29,15,.,.,.,.,.,.,.,.,.,.,.,.,.
2022,4,29,16,.,.,.,.,.,.,.,.,.,.,.,.,.
2022,4,29,17,.,.,.,.,.,.,.,.,.,.,.,.,.
2022,4,29,18,.,.,.,.,.,.,.,.,.,.,.,.,.
2022,4,29,19,.,.,.,.,.,.,.,.,.,.,.,.,.
2022,4,29,20,.,.,.,.,.,.,.,.,.,.,.,.,.
2022,4,29,21,.,.,.,.,.,.,.,.,.,.,.,.,.
2022,4,29,22,.,.,.,.,.,.,.,.,.,.,.,.,.
2022,4,29,23,.,.,.,.,.,.,.,.,.,.,.,.,.
2022,4,29,24,.,.,.,.,.,.,.,.,.,.,.,.,.
2022,4,29,25,.,.,.,.,.,.,.,.,.,.,.,.,.
2022,4,29,26,.,.,.,.,.,.,.,.,.,.,.,.,.
2022,4,29,27,.,.,.,.,.,.,.,.,.,.,.,.,.
2022,4,29,28,.,.,.,.,.,.,.,.,.,.,.,.,.
2022,4,29,29,.,.,.,.,.,.,.,.,.,.,.,.,.
2022,4,29,30,.,.,.,.,.,.,.,.,.,.,.,.,.
2022,4,29,31,.,.,.,.,.,.,.,.,.,.,.,.,.
2022,4,29,32,.,.,.,.,.,.,.,.,.,.,.,.,.
2022,4,29,33,.,.,.,.,.,.,.,.,.,.,.,.,.
2022,4,29,34,.,.,.,.,.,.,.,.,.,.,.,.,.
2022,4,29,35,.,.,.,.,.,.,.,.,.,.,.,.,.
2022,4,29,36,.,.,.,.,.,.,.,.,.,.,.,.,.
2022,4,29,37,.,.,.,.,.,.,.,.,.,.,.,.,.
2022,4,29,38,.,.,.,.,.,.,.,.,.,.,.,.,.
2022,4,29,39,.,.,.,.,.,.,.,.,.,.,.,.,.
2022,4,29,40,.,.,.,.,.,.,.,.,.,.,.,.,.
2022,4,29,41,.,.,.,.,.,.,.,.,.,.,.,.,.
2022,4,29,42,.,.,.,.,.,.,.,.,.,.,.,.,.
2022,4,29,43,.,.,.,.,.,.,.,.,.,.,.,.,.
2022,4,29,44,.,.,.,.,.,.,.,.,.,.,.,.,.
2022,4,29,45,.,.,.,.,.,.,.,.,.,.,.,.,.
2022,4,29,46,.,.,.,.,.,.,.,.,.,.,.,.,.
2022,4,29,47,.,.,.,.,.,.,.,.,.,.,.,.,.
2022,4,29,48,.,.,.,.,.,.,.,.,.,.,.,.,.
2022,4,29,49,.,.,.,.,.,.,.,.,.,.,.,.,.
2022,4,29,50,.,.,.,.,.,.,.,.,.,.,.,.,.
2022,4,29,51,.,.,.,.,.,.,.,.,.,.,.,.,.
2022,4,29,52,.,.,.,.,.,.,.,.,.,.,.,.,.
2022,4,29,53,.,.,.,.,.,.,.,.,.,.,.,.,.
2022,5,6,1,.,.,.,.,.,.,.,.,.,.,.,.,.
2022,5,6,2,.,.,.,.,.,.,.,.,.,.,.,.,.
2022,5,6,3,.,.,.,.,.,.,.,.,.,.,.,.,.
2022,5,6,4,.,.,.,.,.,.,.,.,.,.,.,.,.
2022,5,6,5,.,.,.,.,.,.,.,.,.,.,.,.,.
2022,5,6,6,.,.,.,.,.,.,.,.,.,.,.,.,.
2022,5,6,7,.,.,.,.,.,.,.,.,.,.,.,.,.
2022,5,6,8,.,.,.,.,.,.,.,.,.,.,.,.,.
2022,5,6,9,.,.,.,.,.,.,.,.,.,.,.,.,.
2022,5,6,10,.,.,.,.,.,.,.,.,.,.,.,.,.
2022,5,6,11,.,.,.,.,.,.,.,.,.,.,.,.,.
2022,5,6,12,.,.,.,.,.,.,.,.,.,.,.,.,.
2022,5,6,13,.,.,.,.,.,.,.,.,.,.,.,.,.
2022,5,6,14,.,.,.,.,.,.,.,.,.,.,.,.,.
2022,5,6,15,.,.,.,.,.,.,.,.,.,.,.,.,.
2022,5,6,16,.,.,.,.,.,.,.,.,.,.,.,.,.
2022,5,6,17,.,.,.,.,.,.,.,.,.,.,.,.,.
2022,5,6,18,.,.,.,.,.,.,.,.,.,.,.,.,.
2022,5,6,19,.,.,.,.,.,.,.,.,.,.,.,.,.
2022,5,6,20,.,.,.,.,.,.,.,.,.,.,.,.,.
2022,5,6,21,.,.,.,.,.,.,.,.,.,.,.,.,.
2022,5,6,22,.,.,.,.,.,.,.,.,.,.,.,.,.
2022,5,6,23,.,.,.,.,.,.,.,.,.,.,.,.,.
2022,5,6,24,.,.,.,.,.,.,.,.,.,.,.,.,.
2022,5,6,25,.,.,.,.,.,.,.,.,.,.,.,.,.
2022,5,6,26,.,.,.,.,.,.,.,.,.,.,.,.,.
2022,5,6,27,.,.,.,.,.,.,.,.,.,.,.,.,.
2022,5,6,28,.,.,.,.,.,.,.,.,.,.,.,.,.
2022,5,6,29,.,.,.,.,.,.,.,.,.,.,.,.,.
2022,5,6,30,.,.,.,.,.,.,.,.,.,.,.,.,.
2022,5,6,31,.,.,.,.,.,.,.,.,.,.,.,.,.
2022,5,6,32,.,.,.,.,.,.,.,.,.,.,.,.,.
2022,5,6,33,.,.,.,.,.,.,.,.,.,.,.,.,.
2022,5,6,34,.,.,.,.,.,.,.,.,.,.,.,.,.
2022,5,6,35,.,.,.,.,.,.,.,.,.,.,.,.,.
2022,5,6,36,.,.,.,.,.,.,.,.,.,.,.,.,.
2022,5,6,37,.,.,.,.,.,.,.,.,.,.,.,.,.
2022,5,6,38,.,.,.,.,.,.,.,.,.,.,.,.,.
2022,5,6,39,.,.,.,.,.,.,.,.,.,.,.,.,.
2022,5,6,40,.,.,.,.,.,.,.,.,.,.,.,.,.
2022,5,6,41,.,.,.,.,.,.,.,.,.,.,.,.,.
2022,5,6,42,.,.,.,.,.,.,.,.,.,.,.,.,.
2022,5,6,43,.,.,.,.,.,.,.,.,.,.,.,.,.
2022,5,6,44,.,.,.,.,.,.,.,.,.,.,.,.,.
2022,5,6,45,.,.,.,.,.,.,.,.,.,.,.,.,.
2022,5,6,46,.,.,.,.,.,.,.,.,.,.,.,.,.
2022,5,6,47,.,.,.,.,.,.,.,.,.,.,.,.,.
2022,5,6,48,.,.,.,.,.,.,.,.,.,.,.,.,.
2022,5,6,49,.,.,.,.,.,.,.,.,.,.,.,.,.
2022,5,6,50,.,.,.,.,.,.,.,.,.,.,.,.,.
2022,5,6,51,.,.,.,.,.,.,.,.,.,.,.,.,.
2022,5,6,52,.,.,.,.,.,.,.,.,.,.,.,.,.
2022,5,6,53,.,.,.,.,.,.,.,.,.,.,.,.,.
2022,5,13,1,.,.,.,.,.,.,.,.,.,.,.,.,.
2022,5,13,2,.,.,.,.,.,.,.,.,.,.,.,.,.
2022,5,13,3,.,.,.,.,.,.,.,.,.,.,.,.,.
2022,5,13,4,.,.,.,.,.,.,.,.,.,.,.,.,.
2022,5,13,5,.,.,.,.,.,.,.,.,.,.,.,.,.
2022,5,13,6,.,.,.,.,.,.,.,.,.,.,.,.,.
2022,5,13,7,.,.,.,.,.,.,.,.,.,.,.,.,.
2022,5,13,8,.,.,.,.,.,.,.,.,.,.,.,.,.
2022,5,13,9,.,.,.,.,.,.,.,.,.,.,.,.,.
2022,5,13,10,.,.,.,.,.,.,.,.,.,.,.,.,.
2022,5,13,11,.,.,.,.,.,.,.,.,.,.,.,.,.
2022,5,13,12,.,.,.,.,.,.,.,.,.,.,.,.,.
2022,5,13,13,.,.,.,.,.,.,.,.,.,.,.,.,.
2022,5,13,14,.,.,.,.,.,.,.,.,.,.,.,.,.
2022,5,13,15,.,.,.,.,.,.,.,.,.,.,.,.,.
2022,5,13,16,.,.,.,.,.,.,.,.,.,.,.,.,.
2022,5,13,17,.,.,.,.,.,.,.,.,.,.,.,.,.
2022,5,13,18,.,.,.,.,.,.,.,.,.,.,.,.,.
2022,5,13,19,.,.,.,.,.,.,.,.,.,.,.,.,.
2022,5,13,20,.,.,.,.,.,.,.,.,.,.,.,.,.
2022,5,13,21,.,.,.,.,.,.,.,.,.,.,.,.,.
2022,5,13,22,.,.,.,.,.,.,.,.,.,.,.,.,.
2022,5,13,23,.,.,.,.,.,.,.,.,.,.,.,.,.
2022,5,13,24,.,.,.,.,.,.,.,.,.,.,.,.,.
2022,5,13,25,.,.,.,.,.,.,.,.,.,.,.,.,.
2022,5,13,26,.,.,.,.,.,.,.,.,.,.,.,.,.
2022,5,13,27,.,.,.,.,.,.,.,.,.,.,.,.,.
2022,5,13,28,.,.,.,.,.,.,.,.,.,.,.,.,.
2022,5,13,29,.,.,.,.,.,.,.,.,.,.,.,.,.
2022,5,13,30,.,.,.,.,.,.,.,.,.,.,.,.,.
2022,5,13,31,.,.,.,.,.,.,.,.,.,.,.,.,.
2022,5,13,32,.,.,.,.,.,.,.,.,.,.,.,.,.
2022,5,13,33,.,.,.,.,.,.,.,.,.,.,.,.,.
2022,5,13,34,.,.,.,.,.,.,.,.,.,.,.,.,.
2022,5,13,35,.,.,.,.,.,.,.,.,.,.,.,.,.
2022,5,13,36,.,.,.,.,.,.,.,.,.,.,.,.,.
2022,5,13,37,.,.,.,.,.,.,.,.,.,.,.,.,.
2022,5,13,38,.,.,.,.,.,.,.,.,.,.,.,.,.
2022,5,13,39,.,.,.,.,.,.,.,.,.,.,.,.,.
2022,5,13,40,.,.,.,.,.,.,.,.,.,.,.,.,.
2022,5,13,41,.,.,.,.,.,.,.,.,.,.,.,.,.
2022,5,13,42,.,.,.,.,.,.,.,.,.,.,.,.,.
2022,5,13,43,.,.,.,.,.,.,.,.,.,.,.,.,.
2022,5,13,44,.,.,.,.,.,.,.,.,.,.,.,.,.
2022,5,13,45,.,.,.,.,.,.,.,.,.,.,.,.,.
2022,5,13,46,.,.,.,.,.,.,.,.,.,.,.,.,.
2022,5,13,47,.,.,.,.,.,.,.,.,.,.,.,.,.
2022,5,13,48,.,.,.,.,.,.,.,.,.,.,.,.,.
2022,5,13,49,.,.,.,.,.,.,.,.,.,.,.,.,.
2022,5,13,50,.,.,.,.,.,.,.,.,.,.,.,.,.
2022,5,13,51,.,.,.,.,.,.,.,.,.,.,.,.,.
2022,5,13,52,.,.,.,.,.,.,.,.,.,.,.,.,.
2022,5,13,53,.,.,.,.,.,.,.,.,.,.,.,.,.
2022,5,20,1,.,.,.,.,.,.,.,.,.,.,.,.,.
2022,5,20,2,.,.,.,.,.,.,.,.,.,.,.,.,.
2022,5,20,3,.,.,.,.,.,.,.,.,.,.,.,.,.
2022,5,20,4,.,.,.,.,.,.,.,.,.,.,.,.,.
2022,5,20,5,.,.,.,.,.,.,.,.,.,.,.,.,.
2022,5,20,6,.,.,.,.,.,.,.,.,.,.,.,.,.
2022,5,20,7,.,.,.,.,.,.,.,.,.,.,.,.,.
2022,5,20,8,.,.,.,.,.,.,.,.,.,.,.,.,.
2022,5,20,9,.,.,.,.,.,.,.,.,.,.,.,.,.
2022,5,20,10,.,.,.,.,.,.,.,.,.,.,.,.,.
2022,5,20,11,.,.,.,.,.,.,.,.,.,.,.,.,.
2022,5,20,12,.,.,.,.,.,.,.,.,.,.,.,.,.
2022,5,20,13,.,.,.,.,.,.,.,.,.,.,.,.,.
2022,5,20,14,.,.,.,.,.,.,.,.,.,.,.,.,.
2022,5,20,15,.,.,.,.,.,.,.,.,.,.,.,.,.
2022,5,20,16,.,.,.,.,.,.,.,.,.,.,.,.,.
2022,5,20,17,.,.,.,.,.,.,.,.,.,.,.,.,.
2022,5,20,18,.,.,.,.,.,.,.,.,.,.,.,.,.
2022,5,20,19,.,.,.,.,.,.,.,.,.,.,.,.,.
2022,5,20,20,.,.,.,.,.,.,.,.,.,.,.,.,.
2022,5,20,21,.,.,.,.,.,.,.,.,.,.,.,.,.
2022,5,20,22,.,.,.,.,.,.,.,.,.,.,.,.,.
2022,5,20,23,.,.,.,.,.,.,.,.,.,.,.,.,.
2022,5,20,24,.,.,.,.,.,.,.,.,.,.,.,.,.
2022,5,20,25,.,.,.,.,.,.,.,.,.,.,.,.,.
2022,5,20,26,.,.,.,.,.,.,.,.,.,.,.,.,.
2022,5,20,27,.,.,.,.,.,.,.,.,.,.,.,.,.
2022,5,20,28,.,.,.,.,.,.,.,.,.,.,.,.,.
2022,5,20,29,.,.,.,.,.,.,.,.,.,.,.,.,.
2022,5,20,30,.,.,.,.,.,.,.,.,.,.,.,.,.
2022,5,20,31,.,.,.,.,.,.,.,.,.,.,.,.,.
2022,5,20,32,.,.,.,.,.,.,.,.,.,.,.,.,.
2022,5,20,33,.,.,.,.,.,.,.,.,.,.,.,.,.
2022,5,20,34,.,.,.,.,.,.,.,.,.,.,.,.,.
2022,5,20,35,.,.,.,.,.,.,.,.,.,.,.,.,.
2022,5,20,36,.,.,.,.,.,.,.,.,.,.,.,.,.
2022,5,20,37,.,.,.,.,.,.,.,.,.,.,.,.,.
2022,5,20,38,.,.,.,.,.,.,.,.,.,.,.,.,.
2022,5,20,39,.,.,.,.,.,.,.,.,.,.,.,.,.
2022,5,20,40,.,.,.,.,.,.,.,.,.,.,.,.,.
2022,5,20,41,.,.,.,.,.,.,.,.,.,.,.,.,.
2022,5,20,42,.,.,.,.,.,.,.,.,.,.,.,.,.
2022,5,20,43,.,.,.,.,.,.,.,.,.,.,.,.,.
2022,5,20,44,.,.,.,.,.,.,.,.,.,.,.,.,.
2022,5,20,45,.,.,.,.,.,.,.,.,.,.,.,.,.
2022,5,20,46,.,.,.,.,.,.,.,.,.,.,.,.,.
2022,5,20,47,.,.,.,.,.,.,.,.,.,.,.,.,.
2022,5,20,48,.,.,.,.,.,.,.,.,.,.,.,.,.
2022,5,20,49,.,.,.,.,.,.,.,.,.,.,.,.,.
2022,5,20,50,.,.,.,.,.,.,.,.,.,.,.,.,.
2022,5,20,51,.,.,.,.,.,.,.,.,.,.,.,.,.
2022,5,20,52,.,.,.,.,.,.,.,.,.,.,.,.,.
2022,5,20,53,.,.,.,.,.,.,.,.,.,.,.,.,.
2022,5,27,1,.,.,.,.,.,.,.,.,.,.,.,.,.
2022,5,27,2,.,.,.,.,.,.,.,.,.,.,.,.,.
2022,5,27,3,.,.,.,.,.,.,.,.,.,.,.,.,.
2022,5,27,4,.,.,.,.,.,.,.,.,.,.,.,.,.
2022,5,27,5,.,.,.,.,.,.,.,.,.,.,.,.,.
2022,5,27,6,.,.,.,.,.,.,.,.,.,.,.,.,.
2022,5,27,7,.,.,.,.,.,.,.,.,.,.,.,.,.
2022,5,27,8,.,.,.,.,.,.,.,.,.,.,.,.,.
2022,5,27,9,.,.,.,.,.,.,.,.,.,.,.,.,.
2022,5,27,10,.,.,.,.,.,.,.,.,.,.,.,.,.
2022,5,27,11,.,.,.,.,.,.,.,.,.,.,.,.,.
2022,5,27,12,.,.,.,.,.,.,.,.,.,.,.,.,.
2022,5,27,13,.,.,.,.,.,.,.,.,.,.,.,.,.
2022,5,27,14,.,.,.,.,.,.,.,.,.,.,.,.,.
2022,5,27,15,.,.,.,.,.,.,.,.,.,.,.,.,.
2022,5,27,16,.,.,.,.,.,.,.,.,.,.,.,.,.
2022,5,27,17,.,.,.,.,.,.,.,.,.,.,.,.,.
2022,5,27,18,.,.,.,.,.,.,.,.,.,.,.,.,.
2022,5,27,19,.,.,.,.,.,.,.,.,.,.,.,.,.
2022,5,27,20,.,.,.,.,.,.,.,.,.,.,.,.,.
2022,5,27,21,.,.,.,.,.,.,.,.,.,.,.,.,.
2022,5,27,22,.,.,.,.,.,.,.,.,.,.,.,.,.
2022,5,27,23,.,.,.,.,.,.,.,.,.,.,.,.,.
2022,5,27,24,.,.,.,.,.,.,.,.,.,.,.,.,.
2022,5,27,25,.,.,.,.,.,.,.,.,.,.,.,.,.
2022,5,27,26,.,.,.,.,.,.,.,.,.,.,.,.,.
2022,5,27,27,.,.,.,.,.,.,.,.,.,.,.,.,.
2022,5,27,28,.,.,.,.,.,.,.,.,.,.,.,.,.
2022,5,27,29,.,.,.,.,.,.,.,.,.,.,.,.,.
2022,5,27,30,.,.,.,.,.,.,.,.,.,.,.,.,.
2022,5,27,31,.,.,.,.,.,.,.,.,.,.,.,.,.
2022,5,27,32,.,.,.,.,.,.,.,.,.,.,.,.,.
2022,5,27,33,.,.,.,.,.,.,.,.,.,.,.,.,.
2022,5,27,34,.,.,.,.,.,.,.,.,.,.,.,.,.
2022,5,27,35,.,.,.,.,.,.,.,.,.,.,.,.,.
2022,5,27,36,.,.,.,.,.,.,.,.,.,.,.,.,.
2022,5,27,37,.,.,.,.,.,.,.,.,.,.,.,.,.
2022,5,27,38,.,.,.,.,.,.,.,.,.,.,.,.,.
2022,5,27,39,.,.,.,.,.,.,.,.,.,.,.,.,.
2022,5,27,40,.,.,.,.,.,.,.,.,.,.,.,.,.
2022,5,27,41,.,.,.,.,.,.,.,.,.,.,.,.,.
2022,5,27,42,.,.,.,.,.,.,.,.,.,.,.,.,.
2022,5,27,43,.,.,.,.,.,.,.,.,.,.,.,.,.
2022,5,27,44,.,.,.,.,.,.,.,.,.,.,.,.,.
2022,5,27,45,.,.,.,.,.,.,.,.,.,.,.,.,.
2022,5,27,46,.,.,.,.,.,.,.,.,.,.,.,.,.
2022,5,27,47,.,.,.,.,.,.,.,.,.,.,.,.,.
2022,5,27,48,.,.,.,.,.,.,.,.,.,.,.,.,.
2022,5,27,49,.,.,.,.,.,.,.,.,.,.,.,.,.
2022,5,27,50,.,.,.,.,.,.,.,.,.,.,.,.,.
2022,5,27,51,.,.,.,.,.,.,.,.,.,.,.,.,.
2022,5,27,52,.,.,.,.,.,.,.,.,.,.,.,.,.
2022,5,27,53,.,.,.,.,.,.,.,.,.,.,.,.,.
2022,6,3,1,.,.,.,.,.,.,.,.,.,.,.,.,.
2022,6,3,2,.,.,.,.,.,.,.,.,.,.,.,.,.
2022,6,3,3,.,.,.,.,.,.,.,.,.,.,.,.,.
2022,6,3,4,.,.,.,.,.,.,.,.,.,.,.,.,.
2022,6,3,5,.,.,.,.,.,.,.,.,.,.,.,.,.
2022,6,3,6,.,.,.,.,.,.,.,.,.,.,.,.,.
2022,6,3,7,.,.,.,.,.,.,.,.,.,.,.,.,.
2022,6,3,8,.,.,.,.,.,.,.,.,.,.,.,.,.
2022,6,3,9,.,.,.,.,.,.,.,.,.,.,.,.,.
2022,6,3,10,.,.,.,.,.,.,.,.,.,.,.,.,.
2022,6,3,11,.,.,.,.,.,.,.,.,.,.,.,.,.
2022,6,3,12,.,.,.,.,.,.,.,.,.,.,.,.,.
2022,6,3,13,.,.,.,.,.,.,.,.,.,.,.,.,.
2022,6,3,14,.,.,.,.,.,.,.,.,.,.,.,.,.
2022,6,3,15,.,.,.,.,.,.,.,.,.,.,.,.,.
2022,6,3,16,.,.,.,.,.,.,.,.,.,.,.,.,.
2022,6,3,17,.,.,.,.,.,.,.,.,.,.,.,.,.
2022,6,3,18,.,.,.,.,.,.,.,.,.,.,.,.,.
2022,6,3,19,.,.,.,.,.,.,.,.,.,.,.,.,.
2022,6,3,20,.,.,.,.,.,.,.,.,.,.,.,.,.
2022,6,3,21,.,.,.,.,.,.,.,.,.,.,.,.,.
2022,6,3,22,.,.,.,.,.,.,.,.,.,.,.,.,.
2022,6,3,23,.,.,.,.,.,.,.,.,.,.,.,.,.
2022,6,3,24,.,.,.,.,.,.,.,.,.,.,.,.,.
2022,6,3,25,.,.,.,.,.,.,.,.,.,.,.,.,.
2022,6,3,26,.,.,.,.,.,.,.,.,.,.,.,.,.
2022,6,3,27,.,.,.,.,.,.,.,.,.,.,.,.,.
2022,6,3,28,.,.,.,.,.,.,.,.,.,.,.,.,.
2022,6,3,29,.,.,.,.,.,.,.,.,.,.,.,.,.
2022,6,3,30,.,.,.,.,.,.,.,.,.,.,.,.,.
2022,6,3,31,.,.,.,.,.,.,.,.,.,.,.,.,.
2022,6,3,32,.,.,.,.,.,.,.,.,.,.,.,.,.
2022,6,3,33,.,.,.,.,.,.,.,.,.,.,.,.,.
2022,6,3,34,.,.,.,.,.,.,.,.,.,.,.,.,.
2022,6,3,35,.,.,.,.,.,.,.,.,.,.,.,.,.
2022,6,3,36,.,.,.,.,.,.,.,.,.,.,.,.,.
2022,6,3,37,.,.,.,.,.,.,.,.,.,.,.,.,.
2022,6,3,38,.,.,.,.,.,.,.,.,.,.,.,.,.
2022,6,3,39,.,.,.,.,.,.,.,.,.,.,.,.,.
2022,6,3,40,.,.,.,.,.,.,.,.,.,.,.,.,.
2022,6,3,41,.,.,.,.,.,.,.,.,.,.,.,.,.
2022,6,3,42,.,.,.,.,.,.,.,.,.,.,.,.,.
2022,6,3,43,.,.,.,.,.,.,.,.,.,.,.,.,.
2022,6,3,44,.,.,.,.,.,.,.,.,.,.,.,.,.
2022,6,3,45,.,.,.,.,.,.,.,.,.,.,.,.,.
2022,6,3,46,.,.,.,.,.,.,.,.,.,.,.,.,.
2022,6,3,47,.,.,.,.,.,.,.,.,.,.,.,.,.
2022,6,3,48,.,.,.,.,.,.,.,.,.,.,.,.,.
2022,6,3,49,.,.,.,.,.,.,.,.,.,.,.,.,.
2022,6,3,50,.,.,.,.,.,.,.,.,.,.,.,.,.
2022,6,3,51,.,.,.,.,.,.,.,.,.,.,.,.,.
2022,6,3,52,.,.,.,.,.,.,.,.,.,.,.,.,.
2022,6,3,53,.,.,.,.,.,.,.,.,.,.,.,.,.
2022,6,10,1,.,.,.,.,.,.,.,.,.,.,.,.,.
2022,6,10,2,.,.,.,.,.,.,.,.,.,.,.,.,.
2022,6,10,3,.,.,.,.,.,.,.,.,.,.,.,.,.
2022,6,10,4,.,.,.,.,.,.,.,.,.,.,.,.,.
2022,6,10,5,.,.,.,.,.,.,.,.,.,.,.,.,.
2022,6,10,6,.,.,.,.,.,.,.,.,.,.,.,.,.
2022,6,10,7,.,.,.,.,.,.,.,.,.,.,.,.,.
2022,6,10,8,.,.,.,.,.,.,.,.,.,.,.,.,.
2022,6,10,9,.,.,.,.,.,.,.,.,.,.,.,.,.
2022,6,10,10,.,.,.,.,.,.,.,.,.,.,.,.,.
2022,6,10,11,.,.,.,.,.,.,.,.,.,.,.,.,.
2022,6,10,12,.,.,.,.,.,.,.,.,.,.,.,.,.
2022,6,10,13,.,.,.,.,.,.,.,.,.,.,.,.,.
2022,6,10,14,.,.,.,.,.,.,.,.,.,.,.,.,.
2022,6,10,15,.,.,.,.,.,.,.,.,.,.,.,.,.
2022,6,10,16,.,.,.,.,.,.,.,.,.,.,.,.,.
2022,6,10,17,.,.,.,.,.,.,.,.,.,.,.,.,.
2022,6,10,18,.,.,.,.,.,.,.,.,.,.,.,.,.
2022,6,10,19,.,.,.,.,.,.,.,.,.,.,.,.,.
2022,6,10,20,.,.,.,.,.,.,.,.,.,.,.,.,.
2022,6,10,21,.,.,.,.,.,.,.,.,.,.,.,.,.
2022,6,10,22,.,.,.,.,.,.,.,.,.,.,.,.,.
2022,6,10,23,.,.,.,.,.,.,.,.,.,.,.,.,.
2022,6,10,24,.,.,.,.,.,.,.,.,.,.,.,.,.
2022,6,10,25,.,.,.,.,.,.,.,.,.,.,.,.,.
2022,6,10,26,.,.,.,.,.,.,.,.,.,.,.,.,.
2022,6,10,27,.,.,.,.,.,.,.,.,.,.,.,.,.
2022,6,10,28,.,.,.,.,.,.,.,.,.,.,.,.,.
2022,6,10,29,.,.,.,.,.,.,.,.,.,.,.,.,.
2022,6,10,30,.,.,.,.,.,.,.,.,.,.,.,.,.
2022,6,10,31,.,.,.,.,.,.,.,.,.,.,.,.,.
2022,6,10,32,.,.,.,.,.,.,.,.,.,.,.,.,.
2022,6,10,33,.,.,.,.,.,.,.,.,.,.,.,.,.
2022,6,10,34,.,.,.,.,.,.,.,.,.,.,.,.,.
2022,6,10,35,.,.,.,.,.,.,.,.,.,.,.,.,.
2022,6,10,36,.,.,.,.,.,.,.,.,.,.,.,.,.
2022,6,10,37,.,.,.,.,.,.,.,.,.,.,.,.,.
2022,6,10,38,.,.,.,.,.,.,.,.,.,.,.,.,.
2022,6,10,39,.,.,.,.,.,.,.,.,.,.,.,.,.
2022,6,10,40,.,.,.,.,.,.,.,.,.,.,.,.,.
2022,6,10,41,.,.,.,.,.,.,.,.,.,.,.,.,.
2022,6,10,42,.,.,.,.,.,.,.,.,.,.,.,.,.
2022,6,10,43,.,.,.,.,.,.,.,.,.,.,.,.,.
2022,6,10,44,.,.,.,.,.,.,.,.,.,.,.,.,.
2022,6,10,45,.,.,.,.,.,.,.,.,.,.,.,.,.
2022,6,10,46,.,.,.,.,.,.,.,.,.,.,.,.,.
2022,6,10,47,.,.,.,.,.,.,.,.,.,.,.,.,.
2022,6,10,48,.,.,.,.,.,.,.,.,.,.,.,.,.
2022,6,10,49,.,.,.,.,.,.,.,.,.,.,.,.,.
2022,6,10,50,.,.,.,.,.,.,.,.,.,.,.,.,.
2022,6,10,51,.,.,.,.,.,.,.,.,.,.,.,.,.
2022,6,10,52,.,.,.,.,.,.,.,.,.,.,.,.,.
2022,6,10,53,.,.,.,.,.,.,.,.,.,.,.,.,.
2022,6,17,1,.,.,.,.,.,.,.,.,.,.,.,.,.
2022,6,17,2,.,.,.,.,.,.,.,.,.,.,.,.,.
2022,6,17,3,.,.,.,.,.,.,.,.,.,.,.,.,.
2022,6,17,4,.,.,.,.,.,.,.,.,.,.,.,.,.
2022,6,17,5,.,.,.,.,.,.,.,.,.,.,.,.,.
2022,6,17,6,.,.,.,.,.,.,.,.,.,.,.,.,.
2022,6,17,7,.,.,.,.,.,.,.,.,.,.,.,.,.
2022,6,17,8,.,.,.,.,.,.,.,.,.,.,.,.,.
2022,6,17,9,.,.,.,.,.,.,.,.,.,.,.,.,.
2022,6,17,10,.,.,.,.,.,.,.,.,.,.,.,.,.
2022,6,17,11,.,.,.,.,.,.,.,.,.,.,.,.,.
2022,6,17,12,.,.,.,.,.,.,.,.,.,.,.,.,.
2022,6,17,13,.,.,.,.,.,.,.,.,.,.,.,.,.
2022,6,17,14,.,.,.,.,.,.,.,.,.,.,.,.,.
2022,6,17,15,.,.,.,.,.,.,.,.,.,.,.,.,.
2022,6,17,16,.,.,.,.,.,.,.,.,.,.,.,.,.
2022,6,17,17,.,.,.,.,.,.,.,.,.,.,.,.,.
2022,6,17,18,.,.,.,.,.,.,.,.,.,.,.,.,.
2022,6,17,19,.,.,.,.,.,.,.,.,.,.,.,.,.
2022,6,17,20,.,.,.,.,.,.,.,.,.,.,.,.,.
2022,6,17,21,.,.,.,.,.,.,.,.,.,.,.,.,.
2022,6,17,22,.,.,.,.,.,.,.,.,.,.,.,.,.
2022,6,17,23,.,.,.,.,.,.,.,.,.,.,.,.,.
2022,6,17,24,.,.,.,.,.,.,.,.,.,.,.,.,.
2022,6,17,25,.,.,.,.,.,.,.,.,.,.,.,.,.
2022,6,17,26,.,.,.,.,.,.,.,.,.,.,.,.,.
2022,6,17,27,.,.,.,.,.,.,.,.,.,.,.,.,.
2022,6,17,28,.,.,.,.,.,.,.,.,.,.,.,.,.
2022,6,17,29,.,.,.,.,.,.,.,.,.,.,.,.,.
2022,6,17,30,.,.,.,.,.,.,.,.,.,.,.,.,.
2022,6,17,31,.,.,.,.,.,.,.,.,.,.,.,.,.
2022,6,17,32,.,.,.,.,.,.,.,.,.,.,.,.,.
2022,6,17,33,.,.,.,.,.,.,.,.,.,.,.,.,.
2022,6,17,34,.,.,.,.,.,.,.,.,.,.,.,.,.
2022,6,17,35,.,.,.,.,.,.,.,.,.,.,.,.,.
2022,6,17,36,.,.,.,.,.,.,.,.,.,.,.,.,.
2022,6,17,37,.,.,.,.,.,.,.,.,.,.,.,.,.
2022,6,17,38,.,.,.,.,.,.,.,.,.,.,.,.,.
2022,6,17,39,.,.,.,.,.,.,.,.,.,.,.,.,.
2022,6,17,40,.,.,.,.,.,.,.,.,.,.,.,.,.
2022,6,17,41,.,.,.,.,.,.,.,.,.,.,.,.,.
2022,6,17,42,.,.,.,.,.,.,.,.,.,.,.,.,.
2022,6,17,43,.,.,.,.,.,.,.,.,.,.,.,.,.
2022,6,17,44,.,.,.,.,.,.,.,.,.,.,.,.,.
2022,6,17,45,.,.,.,.,.,.,.,.,.,.,.,.,.
2022,6,17,46,.,.,.,.,.,.,.,.,.,.,.,.,.
2022,6,17,47,.,.,.,.,.,.,.,.,.,.,.,.,.
2022,6,17,48,.,.,.,.,.,.,.,.,.,.,.,.,.
2022,6,17,49,.,.,.,.,.,.,.,.,.,.,.,.,.
2022,6,17,50,.,.,.,.,.,.,.,.,.,.,.,.,.
2022,6,17,51,.,.,.,.,.,.,.,.,.,.,.,.,.
2022,6,17,52,.,.,.,.,.,.,.,.,.,.,.,.,.
2022,6,17,53,.,.,.,.,.,.,.,.,.,.,.,.,.
2022,6,24,1,.,.,.,.,.,.,.,.,.,.,.,.,.
2022,6,24,2,.,.,.,.,.,.,.,.,.,.,.,.,.
2022,6,24,3,.,.,.,.,.,.,.,.,.,.,.,.,.
2022,6,24,4,.,.,.,.,.,.,.,.,.,.,.,.,.
2022,6,24,5,.,.,.,.,.,.,.,.,.,.,.,.,.
2022,6,24,6,.,.,.,.,.,.,.,.,.,.,.,.,.
2022,6,24,7,.,.,.,.,.,.,.,.,.,.,.,.,.
2022,6,24,8,.,.,.,.,.,.,.,.,.,.,.,.,.
2022,6,24,9,.,.,.,.,.,.,.,.,.,.,.,.,.
2022,6,24,10,.,.,.,.,.,.,.,.,.,.,.,.,.
2022,6,24,11,.,.,.,.,.,.,.,.,.,.,.,.,.
2022,6,24,12,.,.,.,.,.,.,.,.,.,.,.,.,.
2022,6,24,13,.,.,.,.,.,.,.,.,.,.,.,.,.
2022,6,24,14,.,.,.,.,.,.,.,.,.,.,.,.,.
2022,6,24,15,.,.,.,.,.,.,.,.,.,.,.,.,.
2022,6,24,16,.,.,.,.,.,.,.,.,.,.,.,.,.
2022,6,24,17,.,.,.,.,.,.,.,.,.,.,.,.,.
2022,6,24,18,.,.,.,.,.,.,.,.,.,.,.,.,.
2022,6,24,19,.,.,.,.,.,.,.,.,.,.,.,.,.
2022,6,24,20,.,.,.,.,.,.,.,.,.,.,.,.,.
2022,6,24,21,.,.,.,.,.,.,.,.,.,.,.,.,.
2022,6,24,22,.,.,.,.,.,.,.,.,.,.,.,.,.
2022,6,24,23,.,.,.,.,.,.,.,.,.,.,.,.,.
2022,6,24,24,.,.,.,.,.,.,.,.,.,.,.,.,.
2022,6,24,25,.,.,.,.,.,.,.,.,.,.,.,.,.
2022,6,24,26,.,.,.,.,.,.,.,.,.,.,.,.,.
2022,6,24,27,.,.,.,.,.,.,.,.,.,.,.,.,.
2022,6,24,28,.,.,.,.,.,.,.,.,.,.,.,.,.
2022,6,24,29,.,.,.,.,.,.,.,.,.,.,.,.,.
2022,6,24,30,.,.,.,.,.,.,.,.,.,.,.,.,.
2022,6,24,31,.,.,.,.,.,.,.,.,.,.,.,.,.
2022,6,24,32,.,.,.,.,.,.,.,.,.,.,.,.,.
2022,6,24,33,.,.,.,.,.,.,.,.,.,.,.,.,.
2022,6,24,34,.,.,.,.,.,.,.,.,.,.,.,.,.
2022,6,24,35,.,.,.,.,.,.,.,.,.,.,.,.,.
2022,6,24,36,.,.,.,.,.,.,.,.,.,.,.,.,.
2022,6,24,37,.,.,.,.,.,.,.,.,.,.,.,.,.
2022,6,24,38,.,.,.,.,.,.,.,.,.,.,.,.,.
2022,6,24,39,.,.,.,.,.,.,.,.,.,.,.,.,.
2022,6,24,40,.,.,.,.,.,.,.,.,.,.,.,.,.
2022,6,24,41,.,.,.,.,.,.,.,.,.,.,.,.,.
2022,6,24,42,.,.,.,.,.,.,.,.,.,.,.,.,.
2022,6,24,43,.,.,.,.,.,.,.,.,.,.,.,.,.
2022,6,24,44,.,.,.,.,.,.,.,.,.,.,.,.,.
2022,6,24,45,.,.,.,.,.,.,.,.,.,.,.,.,.
2022,6,24,46,.,.,.,.,.,.,.,.,.,.,.,.,.
2022,6,24,47,.,.,.,.,.,.,.,.,.,.,.,.,.
2022,6,24,48,.,.,.,.,.,.,.,.,.,.,.,.,.
2022,6,24,49,.,.,.,.,.,.,.,.,.,.,.,.,.
2022,6,24,50,.,.,.,.,.,.,.,.,.,.,.,.,.
2022,6,24,51,.,.,.,.,.,.,.,.,.,.,.,.,.
2022,6,24,52,.,.,.,.,.,.,.,.,.,.,.,.,.
2022,6,24,53,.,.,.,.,.,.,.,.,.,.,.,.,.
2022,7,1,1,.,.,.,.,.,.,.,.,.,.,.,.,.
2022,7,1,2,.,.,.,.,.,.,.,.,.,.,.,.,.
2022,7,1,3,.,.,.,.,.,.,.,.,.,.,.,.,.
2022,7,1,4,.,.,.,.,.,.,.,.,.,.,.,.,.
2022,7,1,5,.,.,.,.,.,.,.,.,.,.,.,.,.
2022,7,1,6,.,.,.,.,.,.,.,.,.,.,.,.,.
2022,7,1,7,.,.,.,.,.,.,.,.,.,.,.,.,.
2022,7,1,8,.,.,.,.,.,.,.,.,.,.,.,.,.
2022,7,1,9,.,.,.,.,.,.,.,.,.,.,.,.,.
2022,7,1,10,.,.,.,.,.,.,.,.,.,.,.,.,.
2022,7,1,11,.,.,.,.,.,.,.,.,.,.,.,.,.
2022,7,1,12,.,.,.,.,.,.,.,.,.,.,.,.,.
2022,7,1,13,.,.,.,.,.,.,.,.,.,.,.,.,.
2022,7,1,14,.,.,.,.,.,.,.,.,.,.,.,.,.
2022,7,1,15,.,.,.,.,.,.,.,.,.,.,.,.,.
2022,7,1,16,.,.,.,.,.,.,.,.,.,.,.,.,.
2022,7,1,17,.,.,.,.,.,.,.,.,.,.,.,.,.
2022,7,1,18,.,.,.,.,.,.,.,.,.,.,.,.,.
2022,7,1,19,.,.,.,.,.,.,.,.,.,.,.,.,.
2022,7,1,20,.,.,.,.,.,.,.,.,.,.,.,.,.
2022,7,1,21,.,.,.,.,.,.,.,.,.,.,.,.,.
2022,7,1,22,.,.,.,.,.,.,.,.,.,.,.,.,.
2022,7,1,23,.,.,.,.,.,.,.,.,.,.,.,.,.
2022,7,1,24,.,.,.,.,.,.,.,.,.,.,.,.,.
2022,7,1,25,.,.,.,.,.,.,.,.,.,.,.,.,.
2022,7,1,26,.,.,.,.,.,.,.,.,.,.,.,.,.
2022,7,1,27,.,.,.,.,.,.,.,.,.,.,.,.,.
2022,7,1,28,.,.,.,.,.,.,.,.,.,.,.,.,.
2022,7,1,29,.,.,.,.,.,.,.,.,.,.,.,.,.
2022,7,1,30,.,.,.,.,.,.,.,.,.,.,.,.,.
2022,7,1,31,.,.,.,.,.,.,.,.,.,.,.,.,.
2022,7,1,32,.,.,.,.,.,.,.,.,.,.,.,.,.
2022,7,1,33,.,.,.,.,.,.,.,.,.,.,.,.,.
2022,7,1,34,.,.,.,.,.,.,.,.,.,.,.,.,.
2022,7,1,35,.,.,.,.,.,.,.,.,.,.,.,.,.
2022,7,1,36,.,.,.,.,.,.,.,.,.,.,.,.,.
2022,7,1,37,.,.,.,.,.,.,.,.,.,.,.,.,.
2022,7,1,38,.,.,.,.,.,.,.,.,.,.,.,.,.
2022,7,1,39,.,.,.,.,.,.,.,.,.,.,.,.,.
2022,7,1,40,.,.,.,.,.,.,.,.,.,.,.,.,.
2022,7,1,41,.,.,.,.,.,.,.,.,.,.,.,.,.
2022,7,1,42,.,.,.,.,.,.,.,.,.,.,.,.,.
2022,7,1,43,.,.,.,.,.,.,.,.,.,.,.,.,.
2022,7,1,44,.,.,.,.,.,.,.,.,.,.,.,.,.
2022,7,1,45,.,.,.,.,.,.,.,.,.,.,.,.,.
2022,7,1,46,.,.,.,.,.,.,.,.,.,.,.,.,.
2022,7,1,47,.,.,.,.,.,.,.,.,.,.,.,.,.
2022,7,1,48,.,.,.,.,.,.,.,.,.,.,.,.,.
2022,7,1,49,.,.,.,.,.,.,.,.,.,.,.,.,.
2022,7,1,50,.,.,.,.,.,.,.,.,.,.,.,.,.
2022,7,1,51,.,.,.,.,.,.,.,.,.,.,.,.,.
2022,7,1,52,.,.,.,.,.,.,.,.,.,.,.,.,.
2022,7,1,53,.,.,.,.,.,.,.,.,.,.,.,.,.
2022,7,8,1,.,.,.,.,.,.,.,.,.,.,.,.,.
2022,7,8,2,.,.,.,.,.,.,.,.,.,.,.,.,.
2022,7,8,3,.,.,.,.,.,.,.,.,.,.,.,.,.
2022,7,8,4,.,.,.,.,.,.,.,.,.,.,.,.,.
2022,7,8,5,.,.,.,.,.,.,.,.,.,.,.,.,.
2022,7,8,6,.,.,.,.,.,.,.,.,.,.,.,.,.
2022,7,8,7,.,.,.,.,.,.,.,.,.,.,.,.,.
2022,7,8,8,.,.,.,.,.,.,.,.,.,.,.,.,.
2022,7,8,9,.,.,.,.,.,.,.,.,.,.,.,.,.
2022,7,8,10,.,.,.,.,.,.,.,.,.,.,.,.,.
2022,7,8,11,.,.,.,.,.,.,.,.,.,.,.,.,.
2022,7,8,12,.,.,.,.,.,.,.,.,.,.,.,.,.
2022,7,8,13,.,.,.,.,.,.,.,.,.,.,.,.,.
2022,7,8,14,.,.,.,.,.,.,.,.,.,.,.,.,.
2022,7,8,15,.,.,.,.,.,.,.,.,.,.,.,.,.
2022,7,8,16,.,.,.,.,.,.,.,.,.,.,.,.,.
2022,7,8,17,.,.,.,.,.,.,.,.,.,.,.,.,.
2022,7,8,18,.,.,.,.,.,.,.,.,.,.,.,.,.
2022,7,8,19,.,.,.,.,.,.,.,.,.,.,.,.,.
2022,7,8,20,.,.,.,.,.,.,.,.,.,.,.,.,.
2022,7,8,21,.,.,.,.,.,.,.,.,.,.,.,.,.
2022,7,8,22,.,.,.,.,.,.,.,.,.,.,.,.,.
2022,7,8,23,.,.,.,.,.,.,.,.,.,.,.,.,.
2022,7,8,24,.,.,.,.,.,.,.,.,.,.,.,.,.
2022,7,8,25,.,.,.,.,.,.,.,.,.,.,.,.,.
2022,7,8,26,.,.,.,.,.,.,.,.,.,.,.,.,.
2022,7,8,27,.,.,.,.,.,.,.,.,.,.,.,.,.
2022,7,8,28,.,.,.,.,.,.,.,.,.,.,.,.,.
2022,7,8,29,.,.,.,.,.,.,.,.,.,.,.,.,.
2022,7,8,30,.,.,.,.,.,.,.,.,.,.,.,.,.
2022,7,8,31,.,.,.,.,.,.,.,.,.,.,.,.,.
2022,7,8,32,.,.,.,.,.,.,.,.,.,.,.,.,.
2022,7,8,33,.,.,.,.,.,.,.,.,.,.,.,.,.
2022,7,8,34,.,.,.,.,.,.,.,.,.,.,.,.,.
2022,7,8,35,.,.,.,.,.,.,.,.,.,.,.,.,.
2022,7,8,36,.,.,.,.,.,.,.,.,.,.,.,.,.
2022,7,8,37,.,.,.,.,.,.,.,.,.,.,.,.,.
2022,7,8,38,.,.,.,.,.,.,.,.,.,.,.,.,.
2022,7,8,39,.,.,.,.,.,.,.,.,.,.,.,.,.
2022,7,8,40,.,.,.,.,.,.,.,.,.,.,.,.,.
2022,7,8,41,.,.,.,.,.,.,.,.,.,.,.,.,.
2022,7,8,42,.,.,.,.,.,.,.,.,.,.,.,.,.
2022,7,8,43,.,.,.,.,.,.,.,.,.,.,.,.,.
2022,7,8,44,.,.,.,.,.,.,.,.,.,.,.,.,.
2022,7,8,45,.,.,.,.,.,.,.,.,.,.,.,.,.
2022,7,8,46,.,.,.,.,.,.,.,.,.,.,.,.,.
2022,7,8,47,.,.,.,.,.,.,.,.,.,.,.,.,.
2022,7,8,48,.,.,.,.,.,.,.,.,.,.,.,.,.
2022,7,8,49,.,.,.,.,.,.,.,.,.,.,.,.,.
2022,7,8,50,.,.,.,.,.,.,.,.,.,.,.,.,.
2022,7,8,51,.,.,.,.,.,.,.,.,.,.,.,.,.
2022,7,8,52,.,.,.,.,.,.,.,.,.,.,.,.,.
2022,7,8,53,.,.,.,.,.,.,.,.,.,.,.,.,.
2022,7,15,1,.,.,.,.,.,.,.,.,.,.,.,.,.
2022,7,15,2,.,.,.,.,.,.,.,.,.,.,.,.,.
2022,7,15,3,.,.,.,.,.,.,.,.,.,.,.,.,.
2022,7,15,4,.,.,.,.,.,.,.,.,.,.,.,.,.
2022,7,15,5,.,.,.,.,.,.,.,.,.,.,.,.,.
2022,7,15,6,.,.,.,.,.,.,.,.,.,.,.,.,.
2022,7,15,7,.,.,.,.,.,.,.,.,.,.,.,.,.
2022,7,15,8,.,.,.,.,.,.,.,.,.,.,.,.,.
2022,7,15,9,.,.,.,.,.,.,.,.,.,.,.,.,.
2022,7,15,10,.,.,.,.,.,.,.,.,.,.,.,.,.
2022,7,15,11,.,.,.,.,.,.,.,.,.,.,.,.,.
2022,7,15,12,.,.,.,.,.,.,.,.,.,.,.,.,.
2022,7,15,13,.,.,.,.,.,.,.,.,.,.,.,.,.
2022,7,15,14,.,.,.,.,.,.,.,.,.,.,.,.,.
2022,7,15,15,.,.,.,.,.,.,.,.,.,.,.,.,.
2022,7,15,16,.,.,.,.,.,.,.,.,.,.,.,.,.
2022,7,15,17,.,.,.,.,.,.,.,.,.,.,.,.,.
2022,7,15,18,.,.,.,.,.,.,.,.,.,.,.,.,.
2022,7,15,19,.,.,.,.,.,.,.,.,.,.,.,.,.
2022,7,15,20,.,.,.,.,.,.,.,.,.,.,.,.,.
2022,7,15,21,.,.,.,.,.,.,.,.,.,.,.,.,.
2022,7,15,22,.,.,.,.,.,.,.,.,.,.,.,.,.
2022,7,15,23,.,.,.,.,.,.,.,.,.,.,.,.,.
2022,7,15,24,.,.,.,.,.,.,.,.,.,.,.,.,.
2022,7,15,25,.,.,.,.,.,.,.,.,.,.,.,.,.
2022,7,15,26,.,.,.,.,.,.,.,.,.,.,.,.,.
2022,7,15,27,.,.,.,.,.,.,.,.,.,.,.,.,.
2022,7,15,28,.,.,.,.,.,.,.,.,.,.,.,.,.
2022,7,15,29,.,.,.,.,.,.,.,.,.,.,.,.,.
2022,7,15,30,.,.,.,.,.,.,.,.,.,.,.,.,.
2022,7,15,31,.,.,.,.,.,.,.,.,.,.,.,.,.
2022,7,15,32,.,.,.,.,.,.,.,.,.,.,.,.,.
2022,7,15,33,.,.,.,.,.,.,.,.,.,.,.,.,.
2022,7,15,34,.,.,.,.,.,.,.,.,.,.,.,.,.
2022,7,15,35,.,.,.,.,.,.,.,.,.,.,.,.,.
2022,7,15,36,.,.,.,.,.,.,.,.,.,.,.,.,.
2022,7,15,37,.,.,.,.,.,.,.,.,.,.,.,.,.
2022,7,15,38,.,.,.,.,.,.,.,.,.,.,.,.,.
2022,7,15,39,.,.,.,.,.,.,.,.,.,.,.,.,.
2022,7,15,40,.,.,.,.,.,.,.,.,.,.,.,.,.
2022,7,15,41,.,.,.,.,.,.,.,.,.,.,.,.,.
2022,7,15,42,.,.,.,.,.,.,.,.,.,.,.,.,.
2022,7,15,43,.,.,.,.,.,.,.,.,.,.,.,.,.
2022,7,15,44,.,.,.,.,.,.,.,.,.,.,.,.,.
2022,7,15,45,.,.,.,.,.,.,.,.,.,.,.,.,.
2022,7,15,46,.,.,.,.,.,.,.,.,.,.,.,.,.
2022,7,15,47,.,.,.,.,.,.,.,.,.,.,.,.,.
2022,7,15,48,.,.,.,.,.,.,.,.,.,.,.,.,.
2022,7,15,49,.,.,.,.,.,.,.,.,.,.,.,.,.
2022,7,15,50,.,.,.,.,.,.,.,.,.,.,.,.,.
2022,7,15,51,.,.,.,.,.,.,.,.,.,.,.,.,.
2022,7,15,52,.,.,.,.,.,.,.,.,.,.,.,.,.
2022,7,15,53,.,.,.,.,.,.,.,.,.,.,.,.,.
2022,7,22,1,.,.,.,.,.,.,.,.,.,.,.,.,.
2022,7,22,2,.,.,.,.,.,.,.,.,.,.,.,.,.
2022,7,22,3,.,.,.,.,.,.,.,.,.,.,.,.,.
2022,7,22,4,.,.,.,.,.,.,.,.,.,.,.,.,.
2022,7,22,5,.,.,.,.,.,.,.,.,.,.,.,.,.
2022,7,22,6,.,.,.,.,.,.,.,.,.,.,.,.,.
2022,7,22,7,.,.,.,.,.,.,.,.,.,.,.,.,.
2022,7,22,8,.,.,.,.,.,.,.,.,.,.,.,.,.
2022,7,22,9,.,.,.,.,.,.,.,.,.,.,.,.,.
2022,7,22,10,.,.,.,.,.,.,.,.,.,.,.,.,.
2022,7,22,11,.,.,.,.,.,.,.,.,.,.,.,.,.
2022,7,22,12,.,.,.,.,.,.,.,.,.,.,.,.,.
2022,7,22,13,.,.,.,.,.,.,.,.,.,.,.,.,.
2022,7,22,14,.,.,.,.,.,.,.,.,.,.,.,.,.
2022,7,22,15,.,.,.,.,.,.,.,.,.,.,.,.,.
2022,7,22,16,.,.,.,.,.,.,.,.,.,.,.,.,.
2022,7,22,17,.,.,.,.,.,.,.,.,.,.,.,.,.
2022,7,22,18,.,.,.,.,.,.,.,.,.,.,.,.,.
2022,7,22,19,.,.,.,.,.,.,.,.,.,.,.,.,.
2022,7,22,20,.,.,.,.,.,.,.,.,.,.,.,.,.
2022,7,22,21,.,.,.,.,.,.,.,.,.,.,.,.,.
2022,7,22,22,.,.,.,.,.,.,.,.,.,.,.,.,.
2022,7,22,23,.,.,.,.,.,.,.,.,.,.,.,.,.
2022,7,22,24,.,.,.,.,.,.,.,.,.,.,.,.,.
2022,7,22,25,.,.,.,.,.,.,.,.,.,.,.,.,.
2022,7,22,26,.,.,.,.,.,.,.,.,.,.,.,.,.
2022,7,22,27,.,.,.,.,.,.,.,.,.,.,.,.,.
2022,7,22,28,.,.,.,.,.,.,.,.,.,.,.,.,.
2022,7,22,29,.,.,.,.,.,.,.,.,.,.,.,.,.
2022,7,22,30,.,.,.,.,.,.,.,.,.,.,.,.,.
2022,7,22,31,.,.,.,.,.,.,.,.,.,.,.,.,.
2022,7,22,32,.,.,.,.,.,.,.,.,.,.,.,.,.
2022,7,22,33,.,.,.,.,.,.,.,.,.,.,.,.,.
2022,7,22,34,.,.,.,.,.,.,.,.,.,.,.,.,.
2022,7,22,35,.,.,.,.,.,.,.,.,.,.,.,.,.
2022,7,22,36,.,.,.,.,.,.,.,.,.,.,.,.,.
2022,7,22,37,.,.,.,.,.,.,.,.,.,.,.,.,.
2022,7,22,38,.,.,.,.,.,.,.,.,.,.,.,.,.
2022,7,22,39,.,.,.,.,.,.,.,.,.,.,.,.,.
2022,7,22,40,.,.,.,.,.,.,.,.,.,.,.,.,.
2022,7,22,41,.,.,.,.,.,.,.,.,.,.,.,.,.
2022,7,22,42,.,.,.,.,.,.,.,.,.,.,.,.,.
2022,7,22,43,.,.,.,.,.,.,.,.,.,.,.,.,.
2022,7,22,44,.,.,.,.,.,.,.,.,.,.,.,.,.
2022,7,22,45,.,.,.,.,.,.,.,.,.,.,.,.,.
2022,7,22,46,.,.,.,.,.,.,.,.,.,.,.,.,.
2022,7,22,47,.,.,.,.,.,.,.,.,.,.,.,.,.
2022,7,22,48,.,.,.,.,.,.,.,.,.,.,.,.,.
2022,7,22,49,.,.,.,.,.,.,.,.,.,.,.,.,.
2022,7,22,50,.,.,.,.,.,.,.,.,.,.,.,.,.
2022,7,22,51,.,.,.,.,.,.,.,.,.,.,.,.,.
2022,7,22,52,.,.,.,.,.,.,.,.,.,.,.,.,.
2022,7,22,53,.,.,.,.,.,.,.,.,.,.,.,.,.
2022,7,29,1,.,.,.,.,.,.,.,.,.,.,.,.,.
2022,7,29,2,.,.,.,.,.,.,.,.,.,.,.,.,.
2022,7,29,3,.,.,.,.,.,.,.,.,.,.,.,.,.
2022,7,29,4,.,.,.,.,.,.,.,.,.,.,.,.,.
2022,7,29,5,.,.,.,.,.,.,.,.,.,.,.,.,.
2022,7,29,6,.,.,.,.,.,.,.,.,.,.,.,.,.
2022,7,29,7,.,.,.,.,.,.,.,.,.,.,.,.,.
2022,7,29,8,.,.,.,.,.,.,.,.,.,.,.,.,.
2022,7,29,9,.,.,.,.,.,.,.,.,.,.,.,.,.
2022,7,29,10,.,.,.,.,.,.,.,.,.,.,.,.,.
2022,7,29,11,.,.,.,.,.,.,.,.,.,.,.,.,.
2022,7,29,12,.,.,.,.,.,.,.,.,.,.,.,.,.
2022,7,29,13,.,.,.,.,.,.,.,.,.,.,.,.,.
2022,7,29,14,.,.,.,.,.,.,.,.,.,.,.,.,.
2022,7,29,15,.,.,.,.,.,.,.,.,.,.,.,.,.
2022,7,29,16,.,.,.,.,.,.,.,.,.,.,.,.,.
2022,7,29,17,.,.,.,.,.,.,.,.,.,.,.,.,.
2022,7,29,18,.,.,.,.,.,.,.,.,.,.,.,.,.
2022,7,29,19,.,.,.,.,.,.,.,.,.,.,.,.,.
2022,7,29,20,.,.,.,.,.,.,.,.,.,.,.,.,.
2022,7,29,21,.,.,.,.,.,.,.,.,.,.,.,.,.
2022,7,29,22,.,.,.,.,.,.,.,.,.,.,.,.,.
2022,7,29,23,.,.,.,.,.,.,.,.,.,.,.,.,.
2022,7,29,24,.,.,.,.,.,.,.,.,.,.,.,.,.
2022,7,29,25,.,.,.,.,.,.,.,.,.,.,.,.,.
2022,7,29,26,.,.,.,.,.,.,.,.,.,.,.,.,.
2022,7,29,27,.,.,.,.,.,.,.,.,.,.,.,.,.
2022,7,29,28,.,.,.,.,.,.,.,.,.,.,.,.,.
2022,7,29,29,.,.,.,.,.,.,.,.,.,.,.,.,.
2022,7,29,30,.,.,.,.,.,.,.,.,.,.,.,.,.
2022,7,29,31,.,.,.,.,.,.,.,.,.,.,.,.,.
2022,7,29,32,.,.,.,.,.,.,.,.,.,.,.,.,.
2022,7,29,33,.,.,.,.,.,.,.,.,.,.,.,.,.
2022,7,29,34,.,.,.,.,.,.,.,.,.,.,.,.,.
2022,7,29,35,.,.,.,.,.,.,.,.,.,.,.,.,.
2022,7,29,36,.,.,.,.,.,.,.,.,.,.,.,.,.
2022,7,29,37,.,.,.,.,.,.,.,.,.,.,.,.,.
2022,7,29,38,.,.,.,.,.,.,.,.,.,.,.,.,.
2022,7,29,39,.,.,.,.,.,.,.,.,.,.,.,.,.
2022,7,29,40,.,.,.,.,.,.,.,.,.,.,.,.,.
2022,7,29,41,.,.,.,.,.,.,.,.,.,.,.,.,.
2022,7,29,42,.,.,.,.,.,.,.,.,.,.,.,.,.
2022,7,29,43,.,.,.,.,.,.,.,.,.,.,.,.,.
2022,7,29,44,.,.,.,.,.,.,.,.,.,.,.,.,.
2022,7,29,45,.,.,.,.,.,.,.,.,.,.,.,.,.
2022,7,29,46,.,.,.,.,.,.,.,.,.,.,.,.,.
2022,7,29,47,.,.,.,.,.,.,.,.,.,.,.,.,.
2022,7,29,48,.,.,.,.,.,.,.,.,.,.,.,.,.
2022,7,29,49,.,.,.,.,.,.,.,.,.,.,.,.,.
2022,7,29,50,.,.,.,.,.,.,.,.,.,.,.,.,.
2022,7,29,51,.,.,.,.,.,.,.,.,.,.,.,.,.
2022,7,29,52,.,.,.,.,.,.,.,.,.,.,.,.,.
2022,7,29,53,.,.,.,.,.,.,.,.,.,.,.,.,.
2022,8,5,1,.,.,.,.,.,.,.,.,.,.,.,.,.
2022,8,5,2,.,.,.,.,.,.,.,.,.,.,.,.,.
2022,8,5,3,.,.,.,.,.,.,.,.,.,.,.,.,.
2022,8,5,4,.,.,.,.,.,.,.,.,.,.,.,.,.
2022,8,5,5,.,.,.,.,.,.,.,.,.,.,.,.,.
2022,8,5,6,.,.,.,.,.,.,.,.,.,.,.,.,.
2022,8,5,7,.,.,.,.,.,.,.,.,.,.,.,.,.
2022,8,5,8,.,.,.,.,.,.,.,.,.,.,.,.,.
2022,8,5,9,.,.,.,.,.,.,.,.,.,.,.,.,.
2022,8,5,10,.,.,.,.,.,.,.,.,.,.,.,.,.
2022,8,5,11,.,.,.,.,.,.,.,.,.,.,.,.,.
2022,8,5,12,.,.,.,.,.,.,.,.,.,.,.,.,.
2022,8,5,13,.,.,.,.,.,.,.,.,.,.,.,.,.
2022,8,5,14,.,.,.,.,.,.,.,.,.,.,.,.,.
2022,8,5,15,.,.,.,.,.,.,.,.,.,.,.,.,.
2022,8,5,16,.,.,.,.,.,.,.,.,.,.,.,.,.
2022,8,5,17,.,.,.,.,.,.,.,.,.,.,.,.,.
2022,8,5,18,.,.,.,.,.,.,.,.,.,.,.,.,.
2022,8,5,19,.,.,.,.,.,.,.,.,.,.,.,.,.
2022,8,5,20,.,.,.,.,.,.,.,.,.,.,.,.,.
2022,8,5,21,.,.,.,.,.,.,.,.,.,.,.,.,.
2022,8,5,22,.,.,.,.,.,.,.,.,.,.,.,.,.
2022,8,5,23,.,.,.,.,.,.,.,.,.,.,.,.,.
2022,8,5,24,.,.,.,.,.,.,.,.,.,.,.,.,.
2022,8,5,25,.,.,.,.,.,.,.,.,.,.,.,.,.
2022,8,5,26,.,.,.,.,.,.,.,.,.,.,.,.,.
2022,8,5,27,.,.,.,.,.,.,.,.,.,.,.,.,.
2022,8,5,28,.,.,.,.,.,.,.,.,.,.,.,.,.
2022,8,5,29,.,.,.,.,.,.,.,.,.,.,.,.,.
2022,8,5,30,.,.,.,.,.,.,.,.,.,.,.,.,.
2022,8,5,31,.,.,.,.,.,.,.,.,.,.,.,.,.
2022,8,5,32,.,.,.,.,.,.,.,.,.,.,.,.,.
2022,8,5,33,.,.,.,.,.,.,.,.,.,.,.,.,.
2022,8,5,34,.,.,.,.,.,.,.,.,.,.,.,.,.
2022,8,5,35,.,.,.,.,.,.,.,.,.,.,.,.,.
2022,8,5,36,.,.,.,.,.,.,.,.,.,.,.,.,.
2022,8,5,37,.,.,.,.,.,.,.,.,.,.,.,.,.
2022,8,5,38,.,.,.,.,.,.,.,.,.,.,.,.,.
2022,8,5,39,.,.,.,.,.,.,.,.,.,.,.,.,.
2022,8,5,40,.,.,.,.,.,.,.,.,.,.,.,.,.
2022,8,5,41,.,.,.,.,.,.,.,.,.,.,.,.,.
2022,8,5,42,.,.,.,.,.,.,.,.,.,.,.,.,.
2022,8,5,43,.,.,.,.,.,.,.,.,.,.,.,.,.
2022,8,5,44,.,.,.,.,.,.,.,.,.,.,.,.,.
2022,8,5,45,.,.,.,.,.,.,.,.,.,.,.,.,.
2022,8,5,46,.,.,.,.,.,.,.,.,.,.,.,.,.
2022,8,5,47,.,.,.,.,.,.,.,.,.,.,.,.,.
2022,8,5,48,.,.,.,.,.,.,.,.,.,.,.,.,.
2022,8,5,49,.,.,.,.,.,.,.,.,.,.,.,.,.
2022,8,5,50,.,.,.,.,.,.,.,.,.,.,.,.,.
2022,8,5,51,.,.,.,.,.,.,.,.,.,.,.,.,.
2022,8,5,52,.,.,.,.,.,.,.,.,.,.,.,.,.
2022,8,5,53,.,.,.,.,.,.,.,.,.,.,.,.,.
2022,8,12,1,.,.,.,.,.,.,.,.,.,.,.,.,.
2022,8,12,2,.,.,.,.,.,.,.,.,.,.,.,.,.
2022,8,12,3,.,.,.,.,.,.,.,.,.,.,.,.,.
2022,8,12,4,.,.,.,.,.,.,.,.,.,.,.,.,.
2022,8,12,5,.,.,.,.,.,.,.,.,.,.,.,.,.
2022,8,12,6,.,.,.,.,.,.,.,.,.,.,.,.,.
2022,8,12,7,.,.,.,.,.,.,.,.,.,.,.,.,.
2022,8,12,8,.,.,.,.,.,.,.,.,.,.,.,.,.
2022,8,12,9,.,.,.,.,.,.,.,.,.,.,.,.,.
2022,8,12,10,.,.,.,.,.,.,.,.,.,.,.,.,.
2022,8,12,11,.,.,.,.,.,.,.,.,.,.,.,.,.
2022,8,12,12,.,.,.,.,.,.,.,.,.,.,.,.,.
2022,8,12,13,.,.,.,.,.,.,.,.,.,.,.,.,.
2022,8,12,14,.,.,.,.,.,.,.,.,.,.,.,.,.
2022,8,12,15,.,.,.,.,.,.,.,.,.,.,.,.,.
2022,8,12,16,.,.,.,.,.,.,.,.,.,.,.,.,.
2022,8,12,17,.,.,.,.,.,.,.,.,.,.,.,.,.
2022,8,12,18,.,.,.,.,.,.,.,.,.,.,.,.,.
2022,8,12,19,.,.,.,.,.,.,.,.,.,.,.,.,.
2022,8,12,20,.,.,.,.,.,.,.,.,.,.,.,.,.
2022,8,12,21,.,.,.,.,.,.,.,.,.,.,.,.,.
2022,8,12,22,.,.,.,.,.,.,.,.,.,.,.,.,.
2022,8,12,23,.,.,.,.,.,.,.,.,.,.,.,.,.
2022,8,12,24,.,.,.,.,.,.,.,.,.,.,.,.,.
2022,8,12,25,.,.,.,.,.,.,.,.,.,.,.,.,.
2022,8,12,26,.,.,.,.,.,.,.,.,.,.,.,.,.
2022,8,12,27,.,.,.,.,.,.,.,.,.,.,.,.,.
2022,8,12,28,.,.,.,.,.,.,.,.,.,.,.,.,.
2022,8,12,29,.,.,.,.,.,.,.,.,.,.,.,.,.
2022,8,12,30,.,.,.,.,.,.,.,.,.,.,.,.,.
2022,8,12,31,.,.,.,.,.,.,.,.,.,.,.,.,.
2022,8,12,32,.,.,.,.,.,.,.,.,.,.,.,.,.
2022,8,12,33,.,.,.,.,.,.,.,.,.,.,.,.,.
2022,8,12,34,.,.,.,.,.,.,.,.,.,.,.,.,.
2022,8,12,35,.,.,.,.,.,.,.,.,.,.,.,.,.
2022,8,12,36,.,.,.,.,.,.,.,.,.,.,.,.,.
2022,8,12,37,.,.,.,.,.,.,.,.,.,.,.,.,.
2022,8,12,38,.,.,.,.,.,.,.,.,.,.,.,.,.
2022,8,12,39,.,.,.,.,.,.,.,.,.,.,.,.,.
2022,8,12,40,.,.,.,.,.,.,.,.,.,.,.,.,.
2022,8,12,41,.,.,.,.,.,.,.,.,.,.,.,.,.
2022,8,12,42,.,.,.,.,.,.,.,.,.,.,.,.,.
2022,8,12,43,.,.,.,.,.,.,.,.,.,.,.,.,.
2022,8,12,44,.,.,.,.,.,.,.,.,.,.,.,.,.
2022,8,12,45,.,.,.,.,.,.,.,.,.,.,.,.,.
2022,8,12,46,.,.,.,.,.,.,.,.,.,.,.,.,.
2022,8,12,47,.,.,.,.,.,.,.,.,.,.,.,.,.
2022,8,12,48,.,.,.,.,.,.,.,.,.,.,.,.,.
2022,8,12,49,.,.,.,.,.,.,.,.,.,.,.,.,.
2022,8,12,50,.,.,.,.,.,.,.,.,.,.,.,.,.
2022,8,12,51,.,.,.,.,.,.,.,.,.,.,.,.,.
2022,8,12,52,.,.,.,.,.,.,.,.,.,.,.,.,.
2022,8,12,53,.,.,.,.,.,.,.,.,.,.,.,.,.
2022,8,19,1,.,.,.,.,.,.,.,.,.,.,.,.,.
2022,8,19,2,.,.,.,.,.,.,.,.,.,.,.,.,.
2022,8,19,3,.,.,.,.,.,.,.,.,.,.,.,.,.
2022,8,19,4,.,.,.,.,.,.,.,.,.,.,.,.,.
2022,8,19,5,.,.,.,.,.,.,.,.,.,.,.,.,.
2022,8,19,6,.,.,.,.,.,.,.,.,.,.,.,.,.
2022,8,19,7,.,.,.,.,.,.,.,.,.,.,.,.,.
2022,8,19,8,.,.,.,.,.,.,.,.,.,.,.,.,.
2022,8,19,9,.,.,.,.,.,.,.,.,.,.,.,.,.
2022,8,19,10,.,.,.,.,.,.,.,.,.,.,.,.,.
2022,8,19,11,.,.,.,.,.,.,.,.,.,.,.,.,.
2022,8,19,12,.,.,.,.,.,.,.,.,.,.,.,.,.
2022,8,19,13,.,.,.,.,.,.,.,.,.,.,.,.,.
2022,8,19,14,.,.,.,.,.,.,.,.,.,.,.,.,.
2022,8,19,15,.,.,.,.,.,.,.,.,.,.,.,.,.
2022,8,19,16,.,.,.,.,.,.,.,.,.,.,.,.,.
2022,8,19,17,.,.,.,.,.,.,.,.,.,.,.,.,.
2022,8,19,18,.,.,.,.,.,.,.,.,.,.,.,.,.
2022,8,19,19,.,.,.,.,.,.,.,.,.,.,.,.,.
2022,8,19,20,.,.,.,.,.,.,.,.,.,.,.,.,.
2022,8,19,21,.,.,.,.,.,.,.,.,.,.,.,.,.
2022,8,19,22,.,.,.,.,.,.,.,.,.,.,.,.,.
2022,8,19,23,.,.,.,.,.,.,.,.,.,.,.,.,.
2022,8,19,24,.,.,.,.,.,.,.,.,.,.,.,.,.
2022,8,19,25,.,.,.,.,.,.,.,.,.,.,.,.,.
2022,8,19,26,.,.,.,.,.,.,.,.,.,.,.,.,.
2022,8,19,27,.,.,.,.,.,.,.,.,.,.,.,.,.
2022,8,19,28,.,.,.,.,.,.,.,.,.,.,.,.,.
2022,8,19,29,.,.,.,.,.,.,.,.,.,.,.,.,.
2022,8,19,30,.,.,.,.,.,.,.,.,.,.,.,.,.
2022,8,19,31,.,.,.,.,.,.,.,.,.,.,.,.,.
2022,8,19,32,.,.,.,.,.,.,.,.,.,.,.,.,.
2022,8,19,33,.,.,.,.,.,.,.,.,.,.,.,.,.
2022,8,19,34,.,.,.,.,.,.,.,.,.,.,.,.,.
2022,8,19,35,.,.,.,.,.,.,.,.,.,.,.,.,.
2022,8,19,36,.,.,.,.,.,.,.,.,.,.,.,.,.
2022,8,19,37,.,.,.,.,.,.,.,.,.,.,.,.,.
2022,8,19,38,.,.,.,.,.,.,.,.,.,.,.,.,.
2022,8,19,39,.,.,.,.,.,.,.,.,.,.,.,.,.
2022,8,19,40,.,.,.,.,.,.,.,.,.,.,.,.,.
2022,8,19,41,.,.,.,.,.,.,.,.,.,.,.,.,.
2022,8,19,42,.,.,.,.,.,.,.,.,.,.,.,.,.
2022,8,19,43,.,.,.,.,.,.,.,.,.,.,.,.,.
2022,8,19,44,.,.,.,.,.,.,.,.,.,.,.,.,.
2022,8,19,45,.,.,.,.,.,.,.,.,.,.,.,.,.
2022,8,19,46,.,.,.,.,.,.,.,.,.,.,.,.,.
2022,8,19,47,.,.,.,.,.,.,.,.,.,.,.,.,.
2022,8,19,48,.,.,.,.,.,.,.,.,.,.,.,.,.
2022,8,19,49,.,.,.,.,.,.,.,.,.,.,.,.,.
2022,8,19,50,.,.,.,.,.,.,.,.,.,.,.,.,.
2022,8,19,51,.,.,.,.,.,.,.,.,.,.,.,.,.
2022,8,19,52,.,.,.,.,.,.,.,.,.,.,.,.,.
2022,8,19,53,.,.,.,.,.,.,.,.,.,.,.,.,.
2022,8,26,1,.,.,.,.,.,.,.,.,.,.,.,.,.
2022,8,26,2,.,.,.,.,.,.,.,.,.,.,.,.,.
2022,8,26,3,.,.,.,.,.,.,.,.,.,.,.,.,.
2022,8,26,4,.,.,.,.,.,.,.,.,.,.,.,.,.
2022,8,26,5,.,.,.,.,.,.,.,.,.,.,.,.,.
2022,8,26,6,.,.,.,.,.,.,.,.,.,.,.,.,.
2022,8,26,7,.,.,.,.,.,.,.,.,.,.,.,.,.
2022,8,26,8,.,.,.,.,.,.,.,.,.,.,.,.,.
2022,8,26,9,.,.,.,.,.,.,.,.,.,.,.,.,.
2022,8,26,10,.,.,.,.,.,.,.,.,.,.,.,.,.
2022,8,26,11,.,.,.,.,.,.,.,.,.,.,.,.,.
2022,8,26,12,.,.,.,.,.,.,.,.,.,.,.,.,.
2022,8,26,13,.,.,.,.,.,.,.,.,.,.,.,.,.
2022,8,26,14,.,.,.,.,.,.,.,.,.,.,.,.,.
2022,8,26,15,.,.,.,.,.,.,.,.,.,.,.,.,.
2022,8,26,16,.,.,.,.,.,.,.,.,.,.,.,.,.
2022,8,26,17,.,.,.,.,.,.,.,.,.,.,.,.,.
2022,8,26,18,.,.,.,.,.,.,.,.,.,.,.,.,.
2022,8,26,19,.,.,.,.,.,.,.,.,.,.,.,.,.
2022,8,26,20,.,.,.,.,.,.,.,.,.,.,.,.,.
2022,8,26,21,.,.,.,.,.,.,.,.,.,.,.,.,.
2022,8,26,22,.,.,.,.,.,.,.,.,.,.,.,.,.
2022,8,26,23,.,.,.,.,.,.,.,.,.,.,.,.,.
2022,8,26,24,.,.,.,.,.,.,.,.,.,.,.,.,.
2022,8,26,25,.,.,.,.,.,.,.,.,.,.,.,.,.
2022,8,26,26,.,.,.,.,.,.,.,.,.,.,.,.,.
2022,8,26,27,.,.,.,.,.,.,.,.,.,.,.,.,.
2022,8,26,28,.,.,.,.,.,.,.,.,.,.,.,.,.
2022,8,26,29,.,.,.,.,.,.,.,.,.,.,.,.,.
2022,8,26,30,.,.,.,.,.,.,.,.,.,.,.,.,.
2022,8,26,31,.,.,.,.,.,.,.,.,.,.,.,.,.
2022,8,26,32,.,.,.,.,.,.,.,.,.,.,.,.,.
2022,8,26,33,.,.,.,.,.,.,.,.,.,.,.,.,.
2022,8,26,34,.,.,.,.,.,.,.,.,.,.,.,.,.
2022,8,26,35,.,.,.,.,.,.,.,.,.,.,.,.,.
2022,8,26,36,.,.,.,.,.,.,.,.,.,.,.,.,.
2022,8,26,37,.,.,.,.,.,.,.,.,.,.,.,.,.
2022,8,26,38,.,.,.,.,.,.,.,.,.,.,.,.,.
2022,8,26,39,.,.,.,.,.,.,.,.,.,.,.,.,.
2022,8,26,40,.,.,.,.,.,.,.,.,.,.,.,.,.
2022,8,26,41,.,.,.,.,.,.,.,.,.,.,.,.,.
2022,8,26,42,.,.,.,.,.,.,.,.,.,.,.,.,.
2022,8,26,43,.,.,.,.,.,.,.,.,.,.,.,.,.
2022,8,26,44,.,.,.,.,.,.,.,.,.,.,.,.,.
2022,8,26,45,.,.,.,.,.,.,.,.,.,.,.,.,.
2022,8,26,46,.,.,.,.,.,.,.,.,.,.,.,.,.
2022,8,26,47,.,.,.,.,.,.,.,.,.,.,.,.,.
2022,8,26,48,.,.,.,.,.,.,.,.,.,.,.,.,.
2022,8,26,49,.,.,.,.,.,.,.,.,.,.,.,.,.
2022,8,26,50,.,.,.,.,.,.,.,.,.,.,.,.,.
2022,8,26,51,.,.,.,.,.,.,.,.,.,.,.,.,.
2022,8,26,52,.,.,.,.,.,.,.,.,.,.,.,.,.
2022,8,26,53,.,.,.,.,.,.,.,.,.,.,.,.,.
2022,9,2,1,.,.,.,.,.,.,.,.,.,.,.,.,.
2022,9,2,2,.,.,.,.,.,.,.,.,.,.,.,.,.
2022,9,2,3,.,.,.,.,.,.,.,.,.,.,.,.,.
2022,9,2,4,.,.,.,.,.,.,.,.,.,.,.,.,.
2022,9,2,5,.,.,.,.,.,.,.,.,.,.,.,.,.
2022,9,2,6,.,.,.,.,.,.,.,.,.,.,.,.,.
2022,9,2,7,.,.,.,.,.,.,.,.,.,.,.,.,.
2022,9,2,8,.,.,.,.,.,.,.,.,.,.,.,.,.
2022,9,2,9,.,.,.,.,.,.,.,.,.,.,.,.,.
2022,9,2,10,.,.,.,.,.,.,.,.,.,.,.,.,.
2022,9,2,11,.,.,.,.,.,.,.,.,.,.,.,.,.
2022,9,2,12,.,.,.,.,.,.,.,.,.,.,.,.,.
2022,9,2,13,.,.,.,.,.,.,.,.,.,.,.,.,.
2022,9,2,14,.,.,.,.,.,.,.,.,.,.,.,.,.
2022,9,2,15,.,.,.,.,.,.,.,.,.,.,.,.,.
2022,9,2,16,.,.,.,.,.,.,.,.,.,.,.,.,.
2022,9,2,17,.,.,.,.,.,.,.,.,.,.,.,.,.
2022,9,2,18,.,.,.,.,.,.,.,.,.,.,.,.,.
2022,9,2,19,.,.,.,.,.,.,.,.,.,.,.,.,.
2022,9,2,20,.,.,.,.,.,.,.,.,.,.,.,.,.
2022,9,2,21,.,.,.,.,.,.,.,.,.,.,.,.,.
2022,9,2,22,.,.,.,.,.,.,.,.,.,.,.,.,.
2022,9,2,23,.,.,.,.,.,.,.,.,.,.,.,.,.
2022,9,2,24,.,.,.,.,.,.,.,.,.,.,.,.,.
2022,9,2,25,.,.,.,.,.,.,.,.,.,.,.,.,.
2022,9,2,26,.,.,.,.,.,.,.,.,.,.,.,.,.
2022,9,2,27,.,.,.,.,.,.,.,.,.,.,.,.,.
2022,9,2,28,.,.,.,.,.,.,.,.,.,.,.,.,.
2022,9,2,29,.,.,.,.,.,.,.,.,.,.,.,.,.
2022,9,2,30,.,.,.,.,.,.,.,.,.,.,.,.,.
2022,9,2,31,.,.,.,.,.,.,.,.,.,.,.,.,.
2022,9,2,32,.,.,.,.,.,.,.,.,.,.,.,.,.
2022,9,2,33,.,.,.,.,.,.,.,.,.,.,.,.,.
2022,9,2,34,.,.,.,.,.,.,.,.,.,.,.,.,.
2022,9,2,35,.,.,.,.,.,.,.,.,.,.,.,.,.
2022,9,2,36,.,.,.,.,.,.,.,.,.,.,.,.,.
2022,9,2,37,.,.,.,.,.,.,.,.,.,.,.,.,.
2022,9,2,38,.,.,.,.,.,.,.,.,.,.,.,.,.
2022,9,2,39,.,.,.,.,.,.,.,.,.,.,.,.,.
2022,9,2,40,.,.,.,.,.,.,.,.,.,.,.,.,.
2022,9,2,41,.,.,.,.,.,.,.,.,.,.,.,.,.
2022,9,2,42,.,.,.,.,.,.,.,.,.,.,.,.,.
2022,9,2,43,.,.,.,.,.,.,.,.,.,.,.,.,.
2022,9,2,44,.,.,.,.,.,.,.,.,.,.,.,.,.
2022,9,2,45,.,.,.,.,.,.,.,.,.,.,.,.,.
2022,9,2,46,.,.,.,.,.,.,.,.,.,.,.,.,.
2022,9,2,47,.,.,.,.,.,.,.,.,.,.,.,.,.
2022,9,2,48,.,.,.,.,.,.,.,.,.,.,.,.,.
2022,9,2,49,.,.,.,.,.,.,.,.,.,.,.,.,.
2022,9,2,50,.,.,.,.,.,.,.,.,.,.,.,.,.
2022,9,2,51,.,.,.,.,.,.,.,.,.,.,.,.,.
2022,9,2,52,.,.,.,.,.,.,.,.,.,.,.,.,.
2022,9,2,53,.,.,.,.,.,.,.,.,.,.,.,.,.
2022,9,9,1,.,.,.,.,.,.,.,.,.,.,.,.,.
2022,9,9,2,.,.,.,.,.,.,.,.,.,.,.,.,.
2022,9,9,3,.,.,.,.,.,.,.,.,.,.,.,.,.
2022,9,9,4,.,.,.,.,.,.,.,.,.,.,.,.,.
2022,9,9,5,.,.,.,.,.,.,.,.,.,.,.,.,.
2022,9,9,6,.,.,.,.,.,.,.,.,.,.,.,.,.
2022,9,9,7,.,.,.,.,.,.,.,.,.,.,.,.,.
2022,9,9,8,.,.,.,.,.,.,.,.,.,.,.,.,.
2022,9,9,9,.,.,.,.,.,.,.,.,.,.,.,.,.
2022,9,9,10,.,.,.,.,.,.,.,.,.,.,.,.,.
2022,9,9,11,.,.,.,.,.,.,.,.,.,.,.,.,.
2022,9,9,12,.,.,.,.,.,.,.,.,.,.,.,.,.
2022,9,9,13,.,.,.,.,.,.,.,.,.,.,.,.,.
2022,9,9,14,.,.,.,.,.,.,.,.,.,.,.,.,.
2022,9,9,15,.,.,.,.,.,.,.,.,.,.,.,.,.
2022,9,9,16,.,.,.,.,.,.,.,.,.,.,.,.,.
2022,9,9,17,.,.,.,.,.,.,.,.,.,.,.,.,.
2022,9,9,18,.,.,.,.,.,.,.,.,.,.,.,.,.
2022,9,9,19,.,.,.,.,.,.,.,.,.,.,.,.,.
2022,9,9,20,.,.,.,.,.,.,.,.,.,.,.,.,.
2022,9,9,21,.,.,.,.,.,.,.,.,.,.,.,.,.
2022,9,9,22,.,.,.,.,.,.,.,.,.,.,.,.,.
2022,9,9,23,.,.,.,.,.,.,.,.,.,.,.,.,.
2022,9,9,24,.,.,.,.,.,.,.,.,.,.,.,.,.
2022,9,9,25,.,.,.,.,.,.,.,.,.,.,.,.,.
2022,9,9,26,.,.,.,.,.,.,.,.,.,.,.,.,.
2022,9,9,27,.,.,.,.,.,.,.,.,.,.,.,.,.
2022,9,9,28,.,.,.,.,.,.,.,.,.,.,.,.,.
2022,9,9,29,.,.,.,.,.,.,.,.,.,.,.,.,.
2022,9,9,30,.,.,.,.,.,.,.,.,.,.,.,.,.
2022,9,9,31,.,.,.,.,.,.,.,.,.,.,.,.,.
2022,9,9,32,.,.,.,.,.,.,.,.,.,.,.,.,.
2022,9,9,33,.,.,.,.,.,.,.,.,.,.,.,.,.
2022,9,9,34,.,.,.,.,.,.,.,.,.,.,.,.,.
2022,9,9,35,.,.,.,.,.,.,.,.,.,.,.,.,.
2022,9,9,36,.,.,.,.,.,.,.,.,.,.,.,.,.
2022,9,9,37,.,.,.,.,.,.,.,.,.,.,.,.,.
2022,9,9,38,.,.,.,.,.,.,.,.,.,.,.,.,.
2022,9,9,39,.,.,.,.,.,.,.,.,.,.,.,.,.
2022,9,9,40,.,.,.,.,.,.,.,.,.,.,.,.,.
2022,9,9,41,.,.,.,.,.,.,.,.,.,.,.,.,.
2022,9,9,42,.,.,.,.,.,.,.,.,.,.,.,.,.
2022,9,9,43,.,.,.,.,.,.,.,.,.,.,.,.,.
2022,9,9,44,.,.,.,.,.,.,.,.,.,.,.,.,.
2022,9,9,45,.,.,.,.,.,.,.,.,.,.,.,.,.
2022,9,9,46,.,.,.,.,.,.,.,.,.,.,.,.,.
2022,9,9,47,.,.,.,.,.,.,.,.,.,.,.,.,.
2022,9,9,48,.,.,.,.,.,.,.,.,.,.,.,.,.
2022,9,9,49,.,.,.,.,.,.,.,.,.,.,.,.,.
2022,9,9,50,.,.,.,.,.,.,.,.,.,.,.,.,.
2022,9,9,51,.,.,.,.,.,.,.,.,.,.,.,.,.
2022,9,9,52,.,.,.,.,.,.,.,.,.,.,.,.,.
2022,9,9,53,.,.,.,.,.,.,.,.,.,.,.,.,.
2022,9,16,1,.,.,.,.,.,.,.,.,.,.,.,.,.
2022,9,16,2,.,.,.,.,.,.,.,.,.,.,.,.,.
2022,9,16,3,.,.,.,.,.,.,.,.,.,.,.,.,.
2022,9,16,4,.,.,.,.,.,.,.,.,.,.,.,.,.
2022,9,16,5,.,.,.,.,.,.,.,.,.,.,.,.,.
2022,9,16,6,.,.,.,.,.,.,.,.,.,.,.,.,.
2022,9,16,7,.,.,.,.,.,.,.,.,.,.,.,.,.
2022,9,16,8,.,.,.,.,.,.,.,.,.,.,.,.,.
2022,9,16,9,.,.,.,.,.,.,.,.,.,.,.,.,.
2022,9,16,10,.,.,.,.,.,.,.,.,.,.,.,.,.
2022,9,16,11,.,.,.,.,.,.,.,.,.,.,.,.,.
2022,9,16,12,.,.,.,.,.,.,.,.,.,.,.,.,.
2022,9,16,13,.,.,.,.,.,.,.,.,.,.,.,.,.
2022,9,16,14,.,.,.,.,.,.,.,.,.,.,.,.,.
2022,9,16,15,.,.,.,.,.,.,.,.,.,.,.,.,.
2022,9,16,16,.,.,.,.,.,.,.,.,.,.,.,.,.
2022,9,16,17,.,.,.,.,.,.,.,.,.,.,.,.,.
2022,9,16,18,.,.,.,.,.,.,.,.,.,.,.,.,.
2022,9,16,19,.,.,.,.,.,.,.,.,.,.,.,.,.
2022,9,16,20,.,.,.,.,.,.,.,.,.,.,.,.,.
2022,9,16,21,.,.,.,.,.,.,.,.,.,.,.,.,.
2022,9,16,22,.,.,.,.,.,.,.,.,.,.,.,.,.
2022,9,16,23,.,.,.,.,.,.,.,.,.,.,.,.,.
2022,9,16,24,.,.,.,.,.,.,.,.,.,.,.,.,.
2022,9,16,25,.,.,.,.,.,.,.,.,.,.,.,.,.
2022,9,16,26,.,.,.,.,.,.,.,.,.,.,.,.,.
2022,9,16,27,.,.,.,.,.,.,.,.,.,.,.,.,.
2022,9,16,28,.,.,.,.,.,.,.,.,.,.,.,.,.
2022,9,16,29,.,.,.,.,.,.,.,.,.,.,.,.,.
2022,9,16,30,.,.,.,.,.,.,.,.,.,.,.,.,.
2022,9,16,31,.,.,.,.,.,.,.,.,.,.,.,.,.
2022,9,16,32,.,.,.,.,.,.,.,.,.,.,.,.,.
2022,9,16,33,.,.,.,.,.,.,.,.,.,.,.,.,.
2022,9,16,34,.,.,.,.,.,.,.,.,.,.,.,.,.
2022,9,16,35,.,.,.,.,.,.,.,.,.,.,.,.,.
2022,9,16,36,.,.,.,.,.,.,.,.,.,.,.,.,.
2022,9,16,37,.,.,.,.,.,.,.,.,.,.,.,.,.
2022,9,16,38,.,.,.,.,.,.,.,.,.,.,.,.,.
2022,9,16,39,.,.,.,.,.,.,.,.,.,.,.,.,.
2022,9,16,40,.,.,.,.,.,.,.,.,.,.,.,.,.
2022,9,16,41,.,.,.,.,.,.,.,.,.,.,.,.,.
2022,9,16,42,.,.,.,.,.,.,.,.,.,.,.,.,.
2022,9,16,43,.,.,.,.,.,.,.,.,.,.,.,.,.
2022,9,16,44,.,.,.,.,.,.,.,.,.,.,.,.,.
2022,9,16,45,.,.,.,.,.,.,.,.,.,.,.,.,.
2022,9,16,46,.,.,.,.,.,.,.,.,.,.,.,.,.
2022,9,16,47,.,.,.,.,.,.,.,.,.,.,.,.,.
2022,9,16,48,.,.,.,.,.,.,.,.,.,.,.,.,.
2022,9,16,49,.,.,.,.,.,.,.,.,.,.,.,.,.
2022,9,16,50,.,.,.,.,.,.,.,.,.,.,.,.,.
2022,9,16,51,.,.,.,.,.,.,.,.,.,.,.,.,.
2022,9,16,52,.,.,.,.,.,.,.,.,.,.,.,.,.
2022,9,16,53,.,.,.,.,.,.,.,.,.,.,.,.,.
2022,9,23,1,.,.,.,.,.,.,.,.,.,.,.,.,.
2022,9,23,2,.,.,.,.,.,.,.,.,.,.,.,.,.
2022,9,23,3,.,.,.,.,.,.,.,.,.,.,.,.,.
2022,9,23,4,.,.,.,.,.,.,.,.,.,.,.,.,.
2022,9,23,5,.,.,.,.,.,.,.,.,.,.,.,.,.
2022,9,23,6,.,.,.,.,.,.,.,.,.,.,.,.,.
2022,9,23,7,.,.,.,.,.,.,.,.,.,.,.,.,.
2022,9,23,8,.,.,.,.,.,.,.,.,.,.,.,.,.
2022,9,23,9,.,.,.,.,.,.,.,.,.,.,.,.,.
2022,9,23,10,.,.,.,.,.,.,.,.,.,.,.,.,.
2022,9,23,11,.,.,.,.,.,.,.,.,.,.,.,.,.
2022,9,23,12,.,.,.,.,.,.,.,.,.,.,.,.,.
2022,9,23,13,.,.,.,.,.,.,.,.,.,.,.,.,.
2022,9,23,14,.,.,.,.,.,.,.,.,.,.,.,.,.
2022,9,23,15,.,.,.,.,.,.,.,.,.,.,.,.,.
2022,9,23,16,.,.,.,.,.,.,.,.,.,.,.,.,.
2022,9,23,17,.,.,.,.,.,.,.,.,.,.,.,.,.
2022,9,23,18,.,.,.,.,.,.,.,.,.,.,.,.,.
2022,9,23,19,.,.,.,.,.,.,.,.,.,.,.,.,.
2022,9,23,20,.,.,.,.,.,.,.,.,.,.,.,.,.
2022,9,23,21,.,.,.,.,.,.,.,.,.,.,.,.,.
2022,9,23,22,.,.,.,.,.,.,.,.,.,.,.,.,.
2022,9,23,23,.,.,.,.,.,.,.,.,.,.,.,.,.
2022,9,23,24,.,.,.,.,.,.,.,.,.,.,.,.,.
2022,9,23,25,.,.,.,.,.,.,.,.,.,.,.,.,.
2022,9,23,26,.,.,.,.,.,.,.,.,.,.,.,.,.
2022,9,23,27,.,.,.,.,.,.,.,.,.,.,.,.,.
2022,9,23,28,.,.,.,.,.,.,.,.,.,.,.,.,.
2022,9,23,29,.,.,.,.,.,.,.,.,.,.,.,.,.
2022,9,23,30,.,.,.,.,.,.,.,.,.,.,.,.,.
2022,9,23,31,.,.,.,.,.,.,.,.,.,.,.,.,.
2022,9,23,32,.,.,.,.,.,.,.,.,.,.,.,.,.
2022,9,23,33,.,.,.,.,.,.,.,.,.,.,.,.,.
2022,9,23,34,.,.,.,.,.,.,.,.,.,.,.,.,.
2022,9,23,35,.,.,.,.,.,.,.,.,.,.,.,.,.
2022,9,23,36,.,.,.,.,.,.,.,.,.,.,.,.,.
2022,9,23,37,.,.,.,.,.,.,.,.,.,.,.,.,.
2022,9,23,38,.,.,.,.,.,.,.,.,.,.,.,.,.
2022,9,23,39,.,.,.,.,.,.,.,.,.,.,.,.,.
2022,9,23,40,.,.,.,.,.,.,.,.,.,.,.,.,.
2022,9,23,41,.,.,.,.,.,.,.,.,.,.,.,.,.
2022,9,23,42,.,.,.,.,.,.,.,.,.,.,.,.,.
2022,9,23,43,.,.,.,.,.,.,.,.,.,.,.,.,.
2022,9,23,44,.,.,.,.,.,.,.,.,.,.,.,.,.
2022,9,23,45,.,.,.,.,.,.,.,.,.,.,.,.,.
2022,9,23,46,.,.,.,.,.,.,.,.,.,.,.,.,.
2022,9,23,47,.,.,.,.,.,.,.,.,.,.,.,.,.
2022,9,23,48,.,.,.,.,.,.,.,.,.,.,.,.,.
2022,9,23,49,.,.,.,.,.,.,.,.,.,.,.,.,.
2022,9,23,50,.,.,.,.,.,.,.,.,.,.,.,.,.
2022,9,23,51,.,.,.,.,.,.,.,.,.,.,.,.,.
2022,9,23,52,.,.,.,.,.,.,.,.,.,.,.,.,.
2022,9,23,53,.,.,.,.,.,.,.,.,.,.,.,.,.
2022,9,30,1,.,.,.,.,.,.,.,.,.,.,.,.,.
2022,9,30,2,.,.,.,.,.,.,.,.,.,.,.,.,.
2022,9,30,3,.,.,.,.,.,.,.,.,.,.,.,.,.
2022,9,30,4,.,.,.,.,.,.,.,.,.,.,.,.,.
2022,9,30,5,.,.,.,.,.,.,.,.,.,.,.,.,.
2022,9,30,6,.,.,.,.,.,.,.,.,.,.,.,.,.
2022,9,30,7,.,.,.,.,.,.,.,.,.,.,.,.,.
2022,9,30,8,.,.,.,.,.,.,.,.,.,.,.,.,.
2022,9,30,9,.,.,.,.,.,.,.,.,.,.,.,.,.
2022,9,30,10,.,.,.,.,.,.,.,.,.,.,.,.,.
2022,9,30,11,.,.,.,.,.,.,.,.,.,.,.,.,.
2022,9,30,12,.,.,.,.,.,.,.,.,.,.,.,.,.
2022,9,30,13,.,.,.,.,.,.,.,.,.,.,.,.,.
2022,9,30,14,.,.,.,.,.,.,.,.,.,.,.,.,.
2022,9,30,15,.,.,.,.,.,.,.,.,.,.,.,.,.
2022,9,30,16,.,.,.,.,.,.,.,.,.,.,.,.,.
2022,9,30,17,.,.,.,.,.,.,.,.,.,.,.,.,.
2022,9,30,18,.,.,.,.,.,.,.,.,.,.,.,.,.
2022,9,30,19,.,.,.,.,.,.,.,.,.,.,.,.,.
2022,9,30,20,.,.,.,.,.,.,.,.,.,.,.,.,.
2022,9,30,21,.,.,.,.,.,.,.,.,.,.,.,.,.
2022,9,30,22,.,.,.,.,.,.,.,.,.,.,.,.,.
2022,9,30,23,.,.,.,.,.,.,.,.,.,.,.,.,.
2022,9,30,24,.,.,.,.,.,.,.,.,.,.,.,.,.
2022,9,30,25,.,.,.,.,.,.,.,.,.,.,.,.,.
2022,9,30,26,.,.,.,.,.,.,.,.,.,.,.,.,.
2022,9,30,27,.,.,.,.,.,.,.,.,.,.,.,.,.
2022,9,30,28,.,.,.,.,.,.,.,.,.,.,.,.,.
2022,9,30,29,.,.,.,.,.,.,.,.,.,.,.,.,.
2022,9,30,30,.,.,.,.,.,.,.,.,.,.,.,.,.
2022,9,30,31,.,.,.,.,.,.,.,.,.,.,.,.,.
2022,9,30,32,.,.,.,.,.,.,.,.,.,.,.,.,.
2022,9,30,33,.,.,.,.,.,.,.,.,.,.,.,.,.
2022,9,30,34,.,.,.,.,.,.,.,.,.,.,.,.,.
2022,9,30,35,.,.,.,.,.,.,.,.,.,.,.,.,.
2022,9,30,36,.,.,.,.,.,.,.,.,.,.,.,.,.
2022,9,30,37,.,.,.,.,.,.,.,.,.,.,.,.,.
2022,9,30,38,.,.,.,.,.,.,.,.,.,.,.,.,.
2022,9,30,39,.,.,.,.,.,.,.,.,.,.,.,.,.
2022,9,30,40,.,.,.,.,.,.,.,.,.,.,.,.,.
2022,9,30,41,.,.,.,.,.,.,.,.,.,.,.,.,.
2022,9,30,42,.,.,.,.,.,.,.,.,.,.,.,.,.
2022,9,30,43,.,.,.,.,.,.,.,.,.,.,.,.,.
2022,9,30,44,.,.,.,.,.,.,.,.,.,.,.,.,.
2022,9,30,45,.,.,.,.,.,.,.,.,.,.,.,.,.
2022,9,30,46,.,.,.,.,.,.,.,.,.,.,.,.,.
2022,9,30,47,.,.,.,.,.,.,.,.,.,.,.,.,.
2022,9,30,48,.,.,.,.,.,.,.,.,.,.,.,.,.
2022,9,30,49,.,.,.,.,.,.,.,.,.,.,.,.,.
2022,9,30,50,.,.,.,.,.,.,.,.,.,.,.,.,.
2022,9,30,51,.,.,.,.,.,.,.,.,.,.,.,.,.
2022,9,30,52,.,.,.,.,.,.,.,.,.,.,.,.,.
2022,9,30,53,.,.,.,.,.,.,.,.,.,.,.,.,.
2022,10,7,1,.,.,.,.,.,.,.,.,.,.,.,.,.
2022,10,7,2,.,.,.,.,.,.,.,.,.,.,.,.,.
2022,10,7,3,.,.,.,.,.,.,.,.,.,.,.,.,.
2022,10,7,4,.,.,.,.,.,.,.,.,.,.,.,.,.
2022,10,7,5,.,.,.,.,.,.,.,.,.,.,.,.,.
2022,10,7,6,.,.,.,.,.,.,.,.,.,.,.,.,.
2022,10,7,7,.,.,.,.,.,.,.,.,.,.,.,.,.
2022,10,7,8,.,.,.,.,.,.,.,.,.,.,.,.,.
2022,10,7,9,.,.,.,.,.,.,.,.,.,.,.,.,.
2022,10,7,10,.,.,.,.,.,.,.,.,.,.,.,.,.
2022,10,7,11,.,.,.,.,.,.,.,.,.,.,.,.,.
2022,10,7,12,.,.,.,.,.,.,.,.,.,.,.,.,.
2022,10,7,13,.,.,.,.,.,.,.,.,.,.,.,.,.
2022,10,7,14,.,.,.,.,.,.,.,.,.,.,.,.,.
2022,10,7,15,.,.,.,.,.,.,.,.,.,.,.,.,.
2022,10,7,16,.,.,.,.,.,.,.,.,.,.,.,.,.
2022,10,7,17,.,.,.,.,.,.,.,.,.,.,.,.,.
2022,10,7,18,.,.,.,.,.,.,.,.,.,.,.,.,.
2022,10,7,19,.,.,.,.,.,.,.,.,.,.,.,.,.
2022,10,7,20,.,.,.,.,.,.,.,.,.,.,.,.,.
2022,10,7,21,.,.,.,.,.,.,.,.,.,.,.,.,.
2022,10,7,22,.,.,.,.,.,.,.,.,.,.,.,.,.
2022,10,7,23,.,.,.,.,.,.,.,.,.,.,.,.,.
2022,10,7,24,.,.,.,.,.,.,.,.,.,.,.,.,.
2022,10,7,25,.,.,.,.,.,.,.,.,.,.,.,.,.
2022,10,7,26,.,.,.,.,.,.,.,.,.,.,.,.,.
2022,10,7,27,.,.,.,.,.,.,.,.,.,.,.,.,.
2022,10,7,28,.,.,.,.,.,.,.,.,.,.,.,.,.
2022,10,7,29,.,.,.,.,.,.,.,.,.,.,.,.,.
2022,10,7,30,.,.,.,.,.,.,.,.,.,.,.,.,.
2022,10,7,31,.,.,.,.,.,.,.,.,.,.,.,.,.
2022,10,7,32,.,.,.,.,.,.,.,.,.,.,.,.,.
2022,10,7,33,.,.,.,.,.,.,.,.,.,.,.,.,.
2022,10,7,34,.,.,.,.,.,.,.,.,.,.,.,.,.
2022,10,7,35,.,.,.,.,.,.,.,.,.,.,.,.,.
2022,10,7,36,.,.,.,.,.,.,.,.,.,.,.,.,.
2022,10,7,37,.,.,.,.,.,.,.,.,.,.,.,.,.
2022,10,7,38,.,.,.,.,.,.,.,.,.,.,.,.,.
2022,10,7,39,.,.,.,.,.,.,.,.,.,.,.,.,.
2022,10,7,40,.,.,.,.,.,.,.,.,.,.,.,.,.
2022,10,7,41,.,.,.,.,.,.,.,.,.,.,.,.,.
2022,10,7,42,.,.,.,.,.,.,.,.,.,.,.,.,.
2022,10,7,43,.,.,.,.,.,.,.,.,.,.,.,.,.
2022,10,7,44,.,.,.,.,.,.,.,.,.,.,.,.,.
2022,10,7,45,.,.,.,.,.,.,.,.,.,.,.,.,.
2022,10,7,46,.,.,.,.,.,.,.,.,.,.,.,.,.
2022,10,7,47,.,.,.,.,.,.,.,.,.,.,.,.,.
2022,10,7,48,.,.,.,.,.,.,.,.,.,.,.,.,.
2022,10,7,49,.,.,.,.,.,.,.,.,.,.,.,.,.
2022,10,7,50,.,.,.,.,.,.,.,.,.,.,.,.,.
2022,10,7,51,.,.,.,.,.,.,.,.,.,.,.,.,.
2022,10,7,52,.,.,.,.,.,.,.,.,.,.,.,.,.
2022,10,7,53,.,.,.,.,.,.,.,.,.,.,.,.,.
2022,10,14,1,.,.,.,.,.,.,.,.,.,.,.,.,.
2022,10,14,2,.,.,.,.,.,.,.,.,.,.,.,.,.
2022,10,14,3,.,.,.,.,.,.,.,.,.,.,.,.,.
2022,10,14,4,.,.,.,.,.,.,.,.,.,.,.,.,.
2022,10,14,5,.,.,.,.,.,.,.,.,.,.,.,.,.
2022,10,14,6,.,.,.,.,.,.,.,.,.,.,.,.,.
2022,10,14,7,.,.,.,.,.,.,.,.,.,.,.,.,.
2022,10,14,8,.,.,.,.,.,.,.,.,.,.,.,.,.
2022,10,14,9,.,.,.,.,.,.,.,.,.,.,.,.,.
2022,10,14,10,.,.,.,.,.,.,.,.,.,.,.,.,.
2022,10,14,11,.,.,.,.,.,.,.,.,.,.,.,.,.
2022,10,14,12,.,.,.,.,.,.,.,.,.,.,.,.,.
2022,10,14,13,.,.,.,.,.,.,.,.,.,.,.,.,.
2022,10,14,14,.,.,.,.,.,.,.,.,.,.,.,.,.
2022,10,14,15,.,.,.,.,.,.,.,.,.,.,.,.,.
2022,10,14,16,.,.,.,.,.,.,.,.,.,.,.,.,.
2022,10,14,17,.,.,.,.,.,.,.,.,.,.,.,.,.
2022,10,14,18,.,.,.,.,.,.,.,.,.,.,.,.,.
2022,10,14,19,.,.,.,.,.,.,.,.,.,.,.,.,.
2022,10,14,20,.,.,.,.,.,.,.,.,.,.,.,.,.
2022,10,14,21,.,.,.,.,.,.,.,.,.,.,.,.,.
2022,10,14,22,.,.,.,.,.,.,.,.,.,.,.,.,.
2022,10,14,23,.,.,.,.,.,.,.,.,.,.,.,.,.
2022,10,14,24,.,.,.,.,.,.,.,.,.,.,.,.,.
2022,10,14,25,.,.,.,.,.,.,.,.,.,.,.,.,.
2022,10,14,26,.,.,.,.,.,.,.,.,.,.,.,.,.
2022,10,14,27,.,.,.,.,.,.,.,.,.,.,.,.,.
2022,10,14,28,.,.,.,.,.,.,.,.,.,.,.,.,.
2022,10,14,29,.,.,.,.,.,.,.,.,.,.,.,.,.
2022,10,14,30,.,.,.,.,.,.,.,.,.,.,.,.,.
2022,10,14,31,.,.,.,.,.,.,.,.,.,.,.,.,.
2022,10,14,32,.,.,.,.,.,.,.,.,.,.,.,.,.
2022,10,14,33,.,.,.,.,.,.,.,.,.,.,.,.,.
2022,10,14,34,.,.,.,.,.,.,.,.,.,.,.,.,.
2022,10,14,35,.,.,.,.,.,.,.,.,.,.,.,.,.
2022,10,14,36,.,.,.,.,.,.,.,.,.,.,.,.,.
2022,10,14,37,.,.,.,.,.,.,.,.,.,.,.,.,.
2022,10,14,38,.,.,.,.,.,.,.,.,.,.,.,.,.
2022,10,14,39,.,.,.,.,.,.,.,.,.,.,.,.,.
2022,10,14,40,.,.,.,.,.,.,.,.,.,.,.,.,.
2022,10,14,41,.,.,.,.,.,.,.,.,.,.,.,.,.
2022,10,14,42,.,.,.,.,.,.,.,.,.,.,.,.,.
2022,10,14,43,.,.,.,.,.,.,.,.,.,.,.,.,.
2022,10,14,44,.,.,.,.,.,.,.,.,.,.,.,.,.
2022,10,14,45,.,.,.,.,.,.,.,.,.,.,.,.,.
2022,10,14,46,.,.,.,.,.,.,.,.,.,.,.,.,.
2022,10,14,47,.,.,.,.,.,.,.,.,.,.,.,.,.
2022,10,14,48,.,.,.,.,.,.,.,.,.,.,.,.,.
2022,10,14,49,.,.,.,.,.,.,.,.,.,.,.,.,.
2022,10,14,50,.,.,.,.,.,.,.,.,.,.,.,.,.
2022,10,14,51,.,.,.,.,.,.,.,.,.,.,.,.,.
2022,10,14,52,.,.,.,.,.,.,.,.,.,.,.,.,.
2022,10,14,53,.,.,.,.,.,.,.,.,.,.,.,.,.
2022,10,21,1,.,.,.,.,.,.,.,.,.,.,.,.,.
2022,10,21,2,.,.,.,.,.,.,.,.,.,.,.,.,.
2022,10,21,3,.,.,.,.,.,.,.,.,.,.,.,.,.
2022,10,21,4,.,.,.,.,.,.,.,.,.,.,.,.,.
2022,10,21,5,.,.,.,.,.,.,.,.,.,.,.,.,.
2022,10,21,6,.,.,.,.,.,.,.,.,.,.,.,.,.
2022,10,21,7,.,.,.,.,.,.,.,.,.,.,.,.,.
2022,10,21,8,.,.,.,.,.,.,.,.,.,.,.,.,.
2022,10,21,9,.,.,.,.,.,.,.,.,.,.,.,.,.
2022,10,21,10,.,.,.,.,.,.,.,.,.,.,.,.,.
2022,10,21,11,.,.,.,.,.,.,.,.,.,.,.,.,.
2022,10,21,12,.,.,.,.,.,.,.,.,.,.,.,.,.
2022,10,21,13,.,.,.,.,.,.,.,.,.,.,.,.,.
2022,10,21,14,.,.,.,.,.,.,.,.,.,.,.,.,.
2022,10,21,15,.,.,.,.,.,.,.,.,.,.,.,.,.
2022,10,21,16,.,.,.,.,.,.,.,.,.,.,.,.,.
2022,10,21,17,.,.,.,.,.,.,.,.,.,.,.,.,.
2022,10,21,18,.,.,.,.,.,.,.,.,.,.,.,.,.
2022,10,21,19,.,.,.,.,.,.,.,.,.,.,.,.,.
2022,10,21,20,.,.,.,.,.,.,.,.,.,.,.,.,.
2022,10,21,21,.,.,.,.,.,.,.,.,.,.,.,.,.
2022,10,21,22,.,.,.,.,.,.,.,.,.,.,.,.,.
2022,10,21,23,.,.,.,.,.,.,.,.,.,.,.,.,.
2022,10,21,24,.,.,.,.,.,.,.,.,.,.,.,.,.
2022,10,21,25,.,.,.,.,.,.,.,.,.,.,.,.,.
2022,10,21,26,.,.,.,.,.,.,.,.,.,.,.,.,.
2022,10,21,27,.,.,.,.,.,.,.,.,.,.,.,.,.
2022,10,21,28,.,.,.,.,.,.,.,.,.,.,.,.,.
2022,10,21,29,.,.,.,.,.,.,.,.,.,.,.,.,.
2022,10,21,30,.,.,.,.,.,.,.,.,.,.,.,.,.
2022,10,21,31,.,.,.,.,.,.,.,.,.,.,.,.,.
2022,10,21,32,.,.,.,.,.,.,.,.,.,.,.,.,.
2022,10,21,33,.,.,.,.,.,.,.,.,.,.,.,.,.
2022,10,21,34,.,.,.,.,.,.,.,.,.,.,.,.,.
2022,10,21,35,.,.,.,.,.,.,.,.,.,.,.,.,.
2022,10,21,36,.,.,.,.,.,.,.,.,.,.,.,.,.
2022,10,21,37,.,.,.,.,.,.,.,.,.,.,.,.,.
2022,10,21,38,.,.,.,.,.,.,.,.,.,.,.,.,.
2022,10,21,39,.,.,.,.,.,.,.,.,.,.,.,.,.
2022,10,21,40,.,.,.,.,.,.,.,.,.,.,.,.,.
2022,10,21,41,.,.,.,.,.,.,.,.,.,.,.,.,.
2022,10,21,42,.,.,.,.,.,.,.,.,.,.,.,.,.
2022,10,21,43,.,.,.,.,.,.,.,.,.,.,.,.,.
2022,10,21,44,.,.,.,.,.,.,.,.,.,.,.,.,.
2022,10,21,45,.,.,.,.,.,.,.,.,.,.,.,.,.
2022,10,21,46,.,.,.,.,.,.,.,.,.,.,.,.,.
2022,10,21,47,.,.,.,.,.,.,.,.,.,.,.,.,.
2022,10,21,48,.,.,.,.,.,.,.,.,.,.,.,.,.
2022,10,21,49,.,.,.,.,.,.,.,.,.,.,.,.,.
2022,10,21,50,.,.,.,.,.,.,.,.,.,.,.,.,.
2022,10,21,51,.,.,.,.,.,.,.,.,.,.,.,.,.
2022,10,21,52,.,.,.,.,.,.,.,.,.,.,.,.,.
2022,10,21,53,.,.,.,.,.,.,.,.,.,.,.,.,.
2022,10,28,1,.,.,.,.,.,.,.,.,.,.,.,.,.
2022,10,28,2,.,.,.,.,.,.,.,.,.,.,.,.,.
2022,10,28,3,.,.,.,.,.,.,.,.,.,.,.,.,.
2022,10,28,4,.,.,.,.,.,.,.,.,.,.,.,.,.
2022,10,28,5,.,.,.,.,.,.,.,.,.,.,.,.,.
2022,10,28,6,.,.,.,.,.,.,.,.,.,.,.,.,.
2022,10,28,7,.,.,.,.,.,.,.,.,.,.,.,.,.
2022,10,28,8,.,.,.,.,.,.,.,.,.,.,.,.,.
2022,10,28,9,.,.,.,.,.,.,.,.,.,.,.,.,.
2022,10,28,10,.,.,.,.,.,.,.,.,.,.,.,.,.
2022,10,28,11,.,.,.,.,.,.,.,.,.,.,.,.,.
2022,10,28,12,.,.,.,.,.,.,.,.,.,.,.,.,.
2022,10,28,13,.,.,.,.,.,.,.,.,.,.,.,.,.
2022,10,28,14,.,.,.,.,.,.,.,.,.,.,.,.,.
2022,10,28,15,.,.,.,.,.,.,.,.,.,.,.,.,.
2022,10,28,16,.,.,.,.,.,.,.,.,.,.,.,.,.
2022,10,28,17,.,.,.,.,.,.,.,.,.,.,.,.,.
2022,10,28,18,.,.,.,.,.,.,.,.,.,.,.,.,.
2022,10,28,19,.,.,.,.,.,.,.,.,.,.,.,.,.
2022,10,28,20,.,.,.,.,.,.,.,.,.,.,.,.,.
2022,10,28,21,.,.,.,.,.,.,.,.,.,.,.,.,.
2022,10,28,22,.,.,.,.,.,.,.,.,.,.,.,.,.
2022,10,28,23,.,.,.,.,.,.,.,.,.,.,.,.,.
2022,10,28,24,.,.,.,.,.,.,.,.,.,.,.,.,.
2022,10,28,25,.,.,.,.,.,.,.,.,.,.,.,.,.
2022,10,28,26,.,.,.,.,.,.,.,.,.,.,.,.,.
2022,10,28,27,.,.,.,.,.,.,.,.,.,.,.,.,.
2022,10,28,28,.,.,.,.,.,.,.,.,.,.,.,.,.
2022,10,28,29,.,.,.,.,.,.,.,.,.,.,.,.,.
2022,10,28,30,.,.,.,.,.,.,.,.,.,.,.,.,.
2022,10,28,31,.,.,.,.,.,.,.,.,.,.,.,.,.
2022,10,28,32,.,.,.,.,.,.,.,.,.,.,.,.,.
2022,10,28,33,.,.,.,.,.,.,.,.,.,.,.,.,.
2022,10,28,34,.,.,.,.,.,.,.,.,.,.,.,.,.
2022,10,28,35,.,.,.,.,.,.,.,.,.,.,.,.,.
2022,10,28,36,.,.,.,.,.,.,.,.,.,.,.,.,.
2022,10,28,37,.,.,.,.,.,.,.,.,.,.,.,.,.
2022,10,28,38,.,.,.,.,.,.,.,.,.,.,.,.,.
2022,10,28,39,.,.,.,.,.,.,.,.,.,.,.,.,.
2022,10,28,40,.,.,.,.,.,.,.,.,.,.,.,.,.
2022,10,28,41,.,.,.,.,.,.,.,.,.,.,.,.,.
2022,10,28,42,.,.,.,.,.,.,.,.,.,.,.,.,.
2022,10,28,43,.,.,.,.,.,.,.,.,.,.,.,.,.
2022,10,28,44,.,.,.,.,.,.,.,.,.,.,.,.,.
2022,10,28,45,.,.,.,.,.,.,.,.,.,.,.,.,.
2022,10,28,46,.,.,.,.,.,.,.,.,.,.,.,.,.
2022,10,28,47,.,.,.,.,.,.,.,.,.,.,.,.,.
2022,10,28,48,.,.,.,.,.,.,.,.,.,.,.,.,.
2022,10,28,49,.,.,.,.,.,.,.,.,.,.,.,.,.
2022,10,28,50,.,.,.,.,.,.,.,.,.,.,.,.,.
2022,10,28,51,.,.,.,.,.,.,.,.,.,.,.,.,.
2022,10,28,52,.,.,.,.,.,.,.,.,.,.,.,.,.
2022,10,28,53,.,.,.,.,.,.,.,.,.,.,.,.,.
2022,11,4,1,.,.,.,.,.,.,.,.,.,.,.,.,.
2022,11,4,2,.,.,.,.,.,.,.,.,.,.,.,.,.
2022,11,4,3,.,.,.,.,.,.,.,.,.,.,.,.,.
2022,11,4,4,.,.,.,.,.,.,.,.,.,.,.,.,.
2022,11,4,5,.,.,.,.,.,.,.,.,.,.,.,.,.
2022,11,4,6,.,.,.,.,.,.,.,.,.,.,.,.,.
2022,11,4,7,.,.,.,.,.,.,.,.,.,.,.,.,.
2022,11,4,8,.,.,.,.,.,.,.,.,.,.,.,.,.
2022,11,4,9,.,.,.,.,.,.,.,.,.,.,.,.,.
2022,11,4,10,.,.,.,.,.,.,.,.,.,.,.,.,.
2022,11,4,11,.,.,.,.,.,.,.,.,.,.,.,.,.
2022,11,4,12,.,.,.,.,.,.,.,.,.,.,.,.,.
2022,11,4,13,.,.,.,.,.,.,.,.,.,.,.,.,.
2022,11,4,14,.,.,.,.,.,.,.,.,.,.,.,.,.
2022,11,4,15,.,.,.,.,.,.,.,.,.,.,.,.,.
2022,11,4,16,.,.,.,.,.,.,.,.,.,.,.,.,.
2022,11,4,17,.,.,.,.,.,.,.,.,.,.,.,.,.
2022,11,4,18,.,.,.,.,.,.,.,.,.,.,.,.,.
2022,11,4,19,.,.,.,.,.,.,.,.,.,.,.,.,.
2022,11,4,20,.,.,.,.,.,.,.,.,.,.,.,.,.
2022,11,4,21,.,.,.,.,.,.,.,.,.,.,.,.,.
2022,11,4,22,.,.,.,.,.,.,.,.,.,.,.,.,.
2022,11,4,23,.,.,.,.,.,.,.,.,.,.,.,.,.
2022,11,4,24,.,.,.,.,.,.,.,.,.,.,.,.,.
2022,11,4,25,.,.,.,.,.,.,.,.,.,.,.,.,.
2022,11,4,26,.,.,.,.,.,.,.,.,.,.,.,.,.
2022,11,4,27,.,.,.,.,.,.,.,.,.,.,.,.,.
2022,11,4,28,.,.,.,.,.,.,.,.,.,.,.,.,.
2022,11,4,29,.,.,.,.,.,.,.,.,.,.,.,.,.
2022,11,4,30,.,.,.,.,.,.,.,.,.,.,.,.,.
2022,11,4,31,.,.,.,.,.,.,.,.,.,.,.,.,.
2022,11,4,32,.,.,.,.,.,.,.,.,.,.,.,.,.
2022,11,4,33,.,.,.,.,.,.,.,.,.,.,.,.,.
2022,11,4,34,.,.,.,.,.,.,.,.,.,.,.,.,.
2022,11,4,35,.,.,.,.,.,.,.,.,.,.,.,.,.
2022,11,4,36,.,.,.,.,.,.,.,.,.,.,.,.,.
2022,11,4,37,.,.,.,.,.,.,.,.,.,.,.,.,.
2022,11,4,38,.,.,.,.,.,.,.,.,.,.,.,.,.
2022,11,4,39,.,.,.,.,.,.,.,.,.,.,.,.,.
2022,11,4,40,.,.,.,.,.,.,.,.,.,.,.,.,.
2022,11,4,41,.,.,.,.,.,.,.,.,.,.,.,.,.
2022,11,4,42,.,.,.,.,.,.,.,.,.,.,.,.,.
2022,11,4,43,.,.,.,.,.,.,.,.,.,.,.,.,.
2022,11,4,44,.,.,.,.,.,.,.,.,.,.,.,.,.
2022,11,4,45,.,.,.,.,.,.,.,.,.,.,.,.,.
2022,11,4,46,.,.,.,.,.,.,.,.,.,.,.,.,.
2022,11,4,47,.,.,.,.,.,.,.,.,.,.,.,.,.
2022,11,4,48,.,.,.,.,.,.,.,.,.,.,.,.,.
2022,11,4,49,.,.,.,.,.,.,.,.,.,.,.,.,.
2022,11,4,50,.,.,.,.,.,.,.,.,.,.,.,.,.
2022,11,4,51,.,.,.,.,.,.,.,.,.,.,.,.,.
2022,11,4,52,.,.,.,.,.,.,.,.,.,.,.,.,.
2022,11,4,53,.,.,.,.,.,.,.,.,.,.,.,.,.
2022,11,11,1,.,.,.,.,.,.,.,.,.,.,.,.,.
2022,11,11,2,.,.,.,.,.,.,.,.,.,.,.,.,.
2022,11,11,3,.,.,.,.,.,.,.,.,.,.,.,.,.
2022,11,11,4,.,.,.,.,.,.,.,.,.,.,.,.,.
2022,11,11,5,.,.,.,.,.,.,.,.,.,.,.,.,.
2022,11,11,6,.,.,.,.,.,.,.,.,.,.,.,.,.
2022,11,11,7,.,.,.,.,.,.,.,.,.,.,.,.,.
2022,11,11,8,.,.,.,.,.,.,.,.,.,.,.,.,.
2022,11,11,9,.,.,.,.,.,.,.,.,.,.,.,.,.
2022,11,11,10,.,.,.,.,.,.,.,.,.,.,.,.,.
2022,11,11,11,.,.,.,.,.,.,.,.,.,.,.,.,.
2022,11,11,12,.,.,.,.,.,.,.,.,.,.,.,.,.
2022,11,11,13,.,.,.,.,.,.,.,.,.,.,.,.,.
2022,11,11,14,.,.,.,.,.,.,.,.,.,.,.,.,.
2022,11,11,15,.,.,.,.,.,.,.,.,.,.,.,.,.
2022,11,11,16,.,.,.,.,.,.,.,.,.,.,.,.,.
2022,11,11,17,.,.,.,.,.,.,.,.,.,.,.,.,.
2022,11,11,18,.,.,.,.,.,.,.,.,.,.,.,.,.
2022,11,11,19,.,.,.,.,.,.,.,.,.,.,.,.,.
2022,11,11,20,.,.,.,.,.,.,.,.,.,.,.,.,.
2022,11,11,21,.,.,.,.,.,.,.,.,.,.,.,.,.
2022,11,11,22,.,.,.,.,.,.,.,.,.,.,.,.,.
2022,11,11,23,.,.,.,.,.,.,.,.,.,.,.,.,.
2022,11,11,24,.,.,.,.,.,.,.,.,.,.,.,.,.
2022,11,11,25,.,.,.,.,.,.,.,.,.,.,.,.,.
2022,11,11,26,.,.,.,.,.,.,.,.,.,.,.,.,.
2022,11,11,27,.,.,.,.,.,.,.,.,.,.,.,.,.
2022,11,11,28,.,.,.,.,.,.,.,.,.,.,.,.,.
2022,11,11,29,.,.,.,.,.,.,.,.,.,.,.,.,.
2022,11,11,30,.,.,.,.,.,.,.,.,.,.,.,.,.
2022,11,11,31,.,.,.,.,.,.,.,.,.,.,.,.,.
2022,11,11,32,.,.,.,.,.,.,.,.,.,.,.,.,.
2022,11,11,33,.,.,.,.,.,.,.,.,.,.,.,.,.
2022,11,11,34,.,.,.,.,.,.,.,.,.,.,.,.,.
2022,11,11,35,.,.,.,.,.,.,.,.,.,.,.,.,.
2022,11,11,36,.,.,.,.,.,.,.,.,.,.,.,.,.
2022,11,11,37,.,.,.,.,.,.,.,.,.,.,.,.,.
2022,11,11,38,.,.,.,.,.,.,.,.,.,.,.,.,.
2022,11,11,39,.,.,.,.,.,.,.,.,.,.,.,.,.
2022,11,11,40,.,.,.,.,.,.,.,.,.,.,.,.,.
2022,11,11,41,.,.,.,.,.,.,.,.,.,.,.,.,.
2022,11,11,42,.,.,.,.,.,.,.,.,.,.,.,.,.
2022,11,11,43,.,.,.,.,.,.,.,.,.,.,.,.,.
2022,11,11,44,.,.,.,.,.,.,.,.,.,.,.,.,.
2022,11,11,45,.,.,.,.,.,.,.,.,.,.,.,.,.
2022,11,11,46,.,.,.,.,.,.,.,.,.,.,.,.,.
2022,11,11,47,.,.,.,.,.,.,.,.,.,.,.,.,.
2022,11,11,48,.,.,.,.,.,.,.,.,.,.,.,.,.
2022,11,11,49,.,.,.,.,.,.,.,.,.,.,.,.,.
2022,11,11,50,.,.,.,.,.,.,.,.,.,.,.,.,.
2022,11,11,51,.,.,.,.,.,.,.,.,.,.,.,.,.
2022,11,11,52,.,.,.,.,.,.,.,.,.,.,.,.,.
2022,11,11,53,.,.,.,.,.,.,.,.,.,.,.,.,.
2022,11,18,1,.,.,.,.,.,.,.,.,.,.,.,.,.
2022,11,18,2,.,.,.,.,.,.,.,.,.,.,.,.,.
2022,11,18,3,.,.,.,.,.,.,.,.,.,.,.,.,.
2022,11,18,4,.,.,.,.,.,.,.,.,.,.,.,.,.
2022,11,18,5,.,.,.,.,.,.,.,.,.,.,.,.,.
2022,11,18,6,.,.,.,.,.,.,.,.,.,.,.,.,.
2022,11,18,7,.,.,.,.,.,.,.,.,.,.,.,.,.
2022,11,18,8,.,.,.,.,.,.,.,.,.,.,.,.,.
2022,11,18,9,.,.,.,.,.,.,.,.,.,.,.,.,.
2022,11,18,10,.,.,.,.,.,.,.,.,.,.,.,.,.
2022,11,18,11,.,.,.,.,.,.,.,.,.,.,.,.,.
2022,11,18,12,.,.,.,.,.,.,.,.,.,.,.,.,.
2022,11,18,13,.,.,.,.,.,.,.,.,.,.,.,.,.
2022,11,18,14,.,.,.,.,.,.,.,.,.,.,.,.,.
2022,11,18,15,.,.,.,.,.,.,.,.,.,.,.,.,.
2022,11,18,16,.,.,.,.,.,.,.,.,.,.,.,.,.
2022,11,18,17,.,.,.,.,.,.,.,.,.,.,.,.,.
2022,11,18,18,.,.,.,.,.,.,.,.,.,.,.,.,.
2022,11,18,19,.,.,.,.,.,.,.,.,.,.,.,.,.
2022,11,18,20,.,.,.,.,.,.,.,.,.,.,.,.,.
2022,11,18,21,.,.,.,.,.,.,.,.,.,.,.,.,.
2022,11,18,22,.,.,.,.,.,.,.,.,.,.,.,.,.
2022,11,18,23,.,.,.,.,.,.,.,.,.,.,.,.,.
2022,11,18,24,.,.,.,.,.,.,.,.,.,.,.,.,.
2022,11,18,25,.,.,.,.,.,.,.,.,.,.,.,.,.
2022,11,18,26,.,.,.,.,.,.,.,.,.,.,.,.,.
2022,11,18,27,.,.,.,.,.,.,.,.,.,.,.,.,.
2022,11,18,28,.,.,.,.,.,.,.,.,.,.,.,.,.
2022,11,18,29,.,.,.,.,.,.,.,.,.,.,.,.,.
2022,11,18,30,.,.,.,.,.,.,.,.,.,.,.,.,.
2022,11,18,31,.,.,.,.,.,.,.,.,.,.,.,.,.
2022,11,18,32,.,.,.,.,.,.,.,.,.,.,.,.,.
2022,11,18,33,.,.,.,.,.,.,.,.,.,.,.,.,.
2022,11,18,34,.,.,.,.,.,.,.,.,.,.,.,.,.
2022,11,18,35,.,.,.,.,.,.,.,.,.,.,.,.,.
2022,11,18,36,.,.,.,.,.,.,.,.,.,.,.,.,.
2022,11,18,37,.,.,.,.,.,.,.,.,.,.,.,.,.
2022,11,18,38,.,.,.,.,.,.,.,.,.,.,.,.,.
2022,11,18,39,.,.,.,.,.,.,.,.,.,.,.,.,.
2022,11,18,40,.,.,.,.,.,.,.,.,.,.,.,.,.
2022,11,18,41,.,.,.,.,.,.,.,.,.,.,.,.,.
2022,11,18,42,.,.,.,.,.,.,.,.,.,.,.,.,.
2022,11,18,43,.,.,.,.,.,.,.,.,.,.,.,.,.
2022,11,18,44,.,.,.,.,.,.,.,.,.,.,.,.,.
2022,11,18,45,.,.,.,.,.,.,.,.,.,.,.,.,.
2022,11,18,46,.,.,.,.,.,.,.,.,.,.,.,.,.
2022,11,18,47,.,.,.,.,.,.,.,.,.,.,.,.,.
2022,11,18,48,.,.,.,.,.,.,.,.,.,.,.,.,.
2022,11,18,49,.,.,.,.,.,.,.,.,.,.,.,.,.
2022,11,18,50,.,.,.,.,.,.,.,.,.,.,.,.,.
2022,11,18,51,.,.,.,.,.,.,.,.,.,.,.,.,.
2022,11,18,52,.,.,.,.,.,.,.,.,.,.,.,.,.
2022,11,18,53,.,.,.,.,.,.,.,.,.,.,.,.,.
2022,11,25,1,.,.,.,.,.,.,.,.,.,.,.,.,.
2022,11,25,2,.,.,.,.,.,.,.,.,.,.,.,.,.
2022,11,25,3,.,.,.,.,.,.,.,.,.,.,.,.,.
2022,11,25,4,.,.,.,.,.,.,.,.,.,.,.,.,.
2022,11,25,5,.,.,.,.,.,.,.,.,.,.,.,.,.
2022,11,25,6,.,.,.,.,.,.,.,.,.,.,.,.,.
2022,11,25,7,.,.,.,.,.,.,.,.,.,.,.,.,.
2022,11,25,8,.,.,.,.,.,.,.,.,.,.,.,.,.
2022,11,25,9,.,.,.,.,.,.,.,.,.,.,.,.,.
2022,11,25,10,.,.,.,.,.,.,.,.,.,.,.,.,.
2022,11,25,11,.,.,.,.,.,.,.,.,.,.,.,.,.
2022,11,25,12,.,.,.,.,.,.,.,.,.,.,.,.,.
2022,11,25,13,.,.,.,.,.,.,.,.,.,.,.,.,.
2022,11,25,14,.,.,.,.,.,.,.,.,.,.,.,.,.
2022,11,25,15,.,.,.,.,.,.,.,.,.,.,.,.,.
2022,11,25,16,.,.,.,.,.,.,.,.,.,.,.,.,.
2022,11,25,17,.,.,.,.,.,.,.,.,.,.,.,.,.
2022,11,25,18,.,.,.,.,.,.,.,.,.,.,.,.,.
2022,11,25,19,.,.,.,.,.,.,.,.,.,.,.,.,.
2022,11,25,20,.,.,.,.,.,.,.,.,.,.,.,.,.
2022,11,25,21,.,.,.,.,.,.,.,.,.,.,.,.,.
2022,11,25,22,.,.,.,.,.,.,.,.,.,.,.,.,.
2022,11,25,23,.,.,.,.,.,.,.,.,.,.,.,.,.
2022,11,25,24,.,.,.,.,.,.,.,.,.,.,.,.,.
2022,11,25,25,.,.,.,.,.,.,.,.,.,.,.,.,.
2022,11,25,26,.,.,.,.,.,.,.,.,.,.,.,.,.
2022,11,25,27,.,.,.,.,.,.,.,.,.,.,.,.,.
2022,11,25,28,.,.,.,.,.,.,.,.,.,.,.,.,.
2022,11,25,29,.,.,.,.,.,.,.,.,.,.,.,.,.
2022,11,25,30,.,.,.,.,.,.,.,.,.,.,.,.,.
2022,11,25,31,.,.,.,.,.,.,.,.,.,.,.,.,.
2022,11,25,32,.,.,.,.,.,.,.,.,.,.,.,.,.
2022,11,25,33,.,.,.,.,.,.,.,.,.,.,.,.,.
2022,11,25,34,.,.,.,.,.,.,.,.,.,.,.,.,.
2022,11,25,35,.,.,.,.,.,.,.,.,.,.,.,.,.
2022,11,25,36,.,.,.,.,.,.,.,.,.,.,.,.,.
2022,11,25,37,.,.,.,.,.,.,.,.,.,.,.,.,.
2022,11,25,38,.,.,.,.,.,.,.,.,.,.,.,.,.
2022,11,25,39,.,.,.,.,.,.,.,.,.,.,.,.,.
2022,11,25,40,.,.,.,.,.,.,.,.,.,.,.,.,.
2022,11,25,41,.,.,.,.,.,.,.,.,.,.,.,.,.
2022,11,25,42,.,.,.,.,.,.,.,.,.,.,.,.,.
2022,11,25,43,.,.,.,.,.,.,.,.,.,.,.,.,.
2022,11,25,44,.,.,.,.,.,.,.,.,.,.,.,.,.
2022,11,25,45,.,.,.,.,.,.,.,.,.,.,.,.,.
2022,11,25,46,.,.,.,.,.,.,.,.,.,.,.,.,.
2022,11,25,47,.,.,.,.,.,.,.,.,.,.,.,.,.
2022,11,25,48,.,.,.,.,.,.,.,.,.,.,.,.,.
2022,11,25,49,.,.,.,.,.,.,.,.,.,.,.,.,.
2022,11,25,50,.,.,.,.,.,.,.,.,.,.,.,.,.
2022,11,25,51,.,.,.,.,.,.,.,.,.,.,.,.,.
2022,11,25,52,.,.,.,.,.,.,.,.,.,.,.,.,.
2022,11,25,53,.,.,.,.,.,.,.,.,.,.,.,.,.
2022,12,2,1,.,.,.,.,.,.,.,.,.,.,.,.,.
2022,12,2,2,.,.,.,.,.,.,.,.,.,.,.,.,.
2022,12,2,3,.,.,.,.,.,.,.,.,.,.,.,.,.
2022,12,2,4,.,.,.,.,.,.,.,.,.,.,.,.,.
2022,12,2,5,.,.,.,.,.,.,.,.,.,.,.,.,.
2022,12,2,6,.,.,.,.,.,.,.,.,.,.,.,.,.
2022,12,2,7,.,.,.,.,.,.,.,.,.,.,.,.,.
2022,12,2,8,.,.,.,.,.,.,.,.,.,.,.,.,.
2022,12,2,9,.,.,.,.,.,.,.,.,.,.,.,.,.
2022,12,2,10,.,.,.,.,.,.,.,.,.,.,.,.,.
2022,12,2,11,.,.,.,.,.,.,.,.,.,.,.,.,.
2022,12,2,12,.,.,.,.,.,.,.,.,.,.,.,.,.
2022,12,2,13,.,.,.,.,.,.,.,.,.,.,.,.,.
2022,12,2,14,.,.,.,.,.,.,.,.,.,.,.,.,.
2022,12,2,15,.,.,.,.,.,.,.,.,.,.,.,.,.
2022,12,2,16,.,.,.,.,.,.,.,.,.,.,.,.,.
2022,12,2,17,.,.,.,.,.,.,.,.,.,.,.,.,.
2022,12,2,18,.,.,.,.,.,.,.,.,.,.,.,.,.
2022,12,2,19,.,.,.,.,.,.,.,.,.,.,.,.,.
2022,12,2,20,.,.,.,.,.,.,.,.,.,.,.,.,.
2022,12,2,21,.,.,.,.,.,.,.,.,.,.,.,.,.
2022,12,2,22,.,.,.,.,.,.,.,.,.,.,.,.,.
2022,12,2,23,.,.,.,.,.,.,.,.,.,.,.,.,.
2022,12,2,24,.,.,.,.,.,.,.,.,.,.,.,.,.
2022,12,2,25,.,.,.,.,.,.,.,.,.,.,.,.,.
2022,12,2,26,.,.,.,.,.,.,.,.,.,.,.,.,.
2022,12,2,27,.,.,.,.,.,.,.,.,.,.,.,.,.
2022,12,2,28,.,.,.,.,.,.,.,.,.,.,.,.,.
2022,12,2,29,.,.,.,.,.,.,.,.,.,.,.,.,.
2022,12,2,30,.,.,.,.,.,.,.,.,.,.,.,.,.
2022,12,2,31,.,.,.,.,.,.,.,.,.,.,.,.,.
2022,12,2,32,.,.,.,.,.,.,.,.,.,.,.,.,.
2022,12,2,33,.,.,.,.,.,.,.,.,.,.,.,.,.
2022,12,2,34,.,.,.,.,.,.,.,.,.,.,.,.,.
2022,12,2,35,.,.,.,.,.,.,.,.,.,.,.,.,.
2022,12,2,36,.,.,.,.,.,.,.,.,.,.,.,.,.
2022,12,2,37,.,.,.,.,.,.,.,.,.,.,.,.,.
2022,12,2,38,.,.,.,.,.,.,.,.,.,.,.,.,.
2022,12,2,39,.,.,.,.,.,.,.,.,.,.,.,.,.
2022,12,2,40,.,.,.,.,.,.,.,.,.,.,.,.,.
2022,12,2,41,.,.,.,.,.,.,.,.,.,.,.,.,.
2022,12,2,42,.,.,.,.,.,.,.,.,.,.,.,.,.
2022,12,2,43,.,.,.,.,.,.,.,.,.,.,.,.,.
2022,12,2,44,.,.,.,.,.,.,.,.,.,.,.,.,.
2022,12,2,45,.,.,.,.,.,.,.,.,.,.,.,.,.
2022,12,2,46,.,.,.,.,.,.,.,.,.,.,.,.,.
2022,12,2,47,.,.,.,.,.,.,.,.,.,.,.,.,.
2022,12,2,48,.,.,.,.,.,.,.,.,.,.,.,.,.
2022,12,2,49,.,.,.,.,.,.,.,.,.,.,.,.,.
2022,12,2,50,.,.,.,.,.,.,.,.,.,.,.,.,.
2022,12,2,51,.,.,.,.,.,.,.,.,.,.,.,.,.
2022,12,2,52,.,.,.,.,.,.,.,.,.,.,.,.,.
2022,12,2,53,.,.,.,.,.,.,.,.,.,.,.,.,.
2022,12,9,1,.,.,.,.,.,.,.,.,.,.,.,.,.
2022,12,9,2,.,.,.,.,.,.,.,.,.,.,.,.,.
2022,12,9,3,.,.,.,.,.,.,.,.,.,.,.,.,.
2022,12,9,4,.,.,.,.,.,.,.,.,.,.,.,.,.
2022,12,9,5,.,.,.,.,.,.,.,.,.,.,.,.,.
2022,12,9,6,.,.,.,.,.,.,.,.,.,.,.,.,.
2022,12,9,7,.,.,.,.,.,.,.,.,.,.,.,.,.
2022,12,9,8,.,.,.,.,.,.,.,.,.,.,.,.,.
2022,12,9,9,.,.,.,.,.,.,.,.,.,.,.,.,.
2022,12,9,10,.,.,.,.,.,.,.,.,.,.,.,.,.
2022,12,9,11,.,.,.,.,.,.,.,.,.,.,.,.,.
2022,12,9,12,.,.,.,.,.,.,.,.,.,.,.,.,.
2022,12,9,13,.,.,.,.,.,.,.,.,.,.,.,.,.
2022,12,9,14,.,.,.,.,.,.,.,.,.,.,.,.,.
2022,12,9,15,.,.,.,.,.,.,.,.,.,.,.,.,.
2022,12,9,16,.,.,.,.,.,.,.,.,.,.,.,.,.
2022,12,9,17,.,.,.,.,.,.,.,.,.,.,.,.,.
2022,12,9,18,.,.,.,.,.,.,.,.,.,.,.,.,.
2022,12,9,19,.,.,.,.,.,.,.,.,.,.,.,.,.
2022,12,9,20,.,.,.,.,.,.,.,.,.,.,.,.,.
2022,12,9,21,.,.,.,.,.,.,.,.,.,.,.,.,.
2022,12,9,22,.,.,.,.,.,.,.,.,.,.,.,.,.
2022,12,9,23,.,.,.,.,.,.,.,.,.,.,.,.,.
2022,12,9,24,.,.,.,.,.,.,.,.,.,.,.,.,.
2022,12,9,25,.,.,.,.,.,.,.,.,.,.,.,.,.
2022,12,9,26,.,.,.,.,.,.,.,.,.,.,.,.,.
2022,12,9,27,.,.,.,.,.,.,.,.,.,.,.,.,.
2022,12,9,28,.,.,.,.,.,.,.,.,.,.,.,.,.
2022,12,9,29,.,.,.,.,.,.,.,.,.,.,.,.,.
2022,12,9,30,.,.,.,.,.,.,.,.,.,.,.,.,.
2022,12,9,31,.,.,.,.,.,.,.,.,.,.,.,.,.
2022,12,9,32,.,.,.,.,.,.,.,.,.,.,.,.,.
2022,12,9,33,.,.,.,.,.,.,.,.,.,.,.,.,.
2022,12,9,34,.,.,.,.,.,.,.,.,.,.,.,.,.
2022,12,9,35,.,.,.,.,.,.,.,.,.,.,.,.,.
2022,12,9,36,.,.,.,.,.,.,.,.,.,.,.,.,.
2022,12,9,37,.,.,.,.,.,.,.,.,.,.,.,.,.
2022,12,9,38,.,.,.,.,.,.,.,.,.,.,.,.,.
2022,12,9,39,.,.,.,.,.,.,.,.,.,.,.,.,.
2022,12,9,40,.,.,.,.,.,.,.,.,.,.,.,.,.
2022,12,9,41,.,.,.,.,.,.,.,.,.,.,.,.,.
2022,12,9,42,.,.,.,.,.,.,.,.,.,.,.,.,.
2022,12,9,43,.,.,.,.,.,.,.,.,.,.,.,.,.
2022,12,9,44,.,.,.,.,.,.,.,.,.,.,.,.,.
2022,12,9,45,.,.,.,.,.,.,.,.,.,.,.,.,.
2022,12,9,46,.,.,.,.,.,.,.,.,.,.,.,.,.
2022,12,9,47,.,.,.,.,.,.,.,.,.,.,.,.,.
2022,12,9,48,.,.,.,.,.,.,.,.,.,.,.,.,.
2022,12,9,49,.,.,.,.,.,.,.,.,.,.,.,.,.
2022,12,9,50,.,.,.,.,.,.,.,.,.,.,.,.,.
2022,12,9,51,.,.,.,.,.,.,.,.,.,.,.,.,.
2022,12,9,52,.,.,.,.,.,.,.,.,.,.,.,.,.
2022,12,9,53,.,.,.,.,.,.,.,.,.,.,.,.,.
2022,12,16,1,.,.,.,.,.,.,.,.,.,.,.,.,.
2022,12,16,2,.,.,.,.,.,.,.,.,.,.,.,.,.
2022,12,16,3,.,.,.,.,.,.,.,.,.,.,.,.,.
2022,12,16,4,.,.,.,.,.,.,.,.,.,.,.,.,.
2022,12,16,5,.,.,.,.,.,.,.,.,.,.,.,.,.
2022,12,16,6,.,.,.,.,.,.,.,.,.,.,.,.,.
2022,12,16,7,.,.,.,.,.,.,.,.,.,.,.,.,.
2022,12,16,8,.,.,.,.,.,.,.,.,.,.,.,.,.
2022,12,16,9,.,.,.,.,.,.,.,.,.,.,.,.,.
2022,12,16,10,.,.,.,.,.,.,.,.,.,.,.,.,.
2022,12,16,11,.,.,.,.,.,.,.,.,.,.,.,.,.
2022,12,16,12,.,.,.,.,.,.,.,.,.,.,.,.,.
2022,12,16,13,.,.,.,.,.,.,.,.,.,.,.,.,.
2022,12,16,14,.,.,.,.,.,.,.,.,.,.,.,.,.
2022,12,16,15,.,.,.,.,.,.,.,.,.,.,.,.,.
2022,12,16,16,.,.,.,.,.,.,.,.,.,.,.,.,.
2022,12,16,17,.,.,.,.,.,.,.,.,.,.,.,.,.
2022,12,16,18,.,.,.,.,.,.,.,.,.,.,.,.,.
2022,12,16,19,.,.,.,.,.,.,.,.,.,.,.,.,.
2022,12,16,20,.,.,.,.,.,.,.,.,.,.,.,.,.
2022,12,16,21,.,.,.,.,.,.,.,.,.,.,.,.,.
2022,12,16,22,.,.,.,.,.,.,.,.,.,.,.,.,.
2022,12,16,23,.,.,.,.,.,.,.,.,.,.,.,.,.
2022,12,16,24,.,.,.,.,.,.,.,.,.,.,.,.,.
2022,12,16,25,.,.,.,.,.,.,.,.,.,.,.,.,.
2022,12,16,26,.,.,.,.,.,.,.,.,.,.,.,.,.
2022,12,16,27,.,.,.,.,.,.,.,.,.,.,.,.,.
2022,12,16,28,.,.,.,.,.,.,.,.,.,.,.,.,.
2022,12,16,29,.,.,.,.,.,.,.,.,.,.,.,.,.
2022,12,16,30,.,.,.,.,.,.,.,.,.,.,.,.,.
2022,12,16,31,.,.,.,.,.,.,.,.,.,.,.,.,.
2022,12,16,32,.,.,.,.,.,.,.,.,.,.,.,.,.
2022,12,16,33,.,.,.,.,.,.,.,.,.,.,.,.,.
2022,12,16,34,.,.,.,.,.,.,.,.,.,.,.,.,.
2022,12,16,35,.,.,.,.,.,.,.,.,.,.,.,.,.
2022,12,16,36,.,.,.,.,.,.,.,.,.,.,.,.,.
2022,12,16,37,.,.,.,.,.,.,.,.,.,.,.,.,.
2022,12,16,38,.,.,.,.,.,.,.,.,.,.,.,.,.
2022,12,16,39,.,.,.,.,.,.,.,.,.,.,.,.,.
2022,12,16,40,.,.,.,.,.,.,.,.,.,.,.,.,.
2022,12,16,41,.,.,.,.,.,.,.,.,.,.,.,.,.
2022,12,16,42,.,.,.,.,.,.,.,.,.,.,.,.,.
2022,12,16,43,.,.,.,.,.,.,.,.,.,.,.,.,.
2022,12,16,44,.,.,.,.,.,.,.,.,.,.,.,.,.
2022,12,16,45,.,.,.,.,.,.,.,.,.,.,.,.,.
2022,12,16,46,.,.,.,.,.,.,.,.,.,.,.,.,.
2022,12,16,47,.,.,.,.,.,.,.,.,.,.,.,.,.
2022,12,16,48,.,.,.,.,.,.,.,.,.,.,.,.,.
2022,12,16,49,.,.,.,.,.,.,.,.,.,.,.,.,.
2022,12,16,50,.,.,.,.,.,.,.,.,.,.,.,.,.
2022,12,16,51,.,.,.,.,.,.,.,.,.,.,.,.,.
2022,12,16,52,.,.,.,.,.,.,.,.,.,.,.,.,.
2022,12,16,53,.,.,.,.,.,.,.,.,.,.,.,.,.
2022,12,23,1,.,.,.,.,.,.,.,.,.,.,.,.,.
2022,12,23,2,.,.,.,.,.,.,.,.,.,.,.,.,.
2022,12,23,3,.,.,.,.,.,.,.,.,.,.,.,.,.
2022,12,23,4,.,.,.,.,.,.,.,.,.,.,.,.,.
2022,12,23,5,.,.,.,.,.,.,.,.,.,.,.,.,.
2022,12,23,6,.,.,.,.,.,.,.,.,.,.,.,.,.
2022,12,23,7,.,.,.,.,.,.,.,.,.,.,.,.,.
2022,12,23,8,.,.,.,.,.,.,.,.,.,.,.,.,.
2022,12,23,9,.,.,.,.,.,.,.,.,.,.,.,.,.
2022,12,23,10,.,.,.,.,.,.,.,.,.,.,.,.,.
2022,12,23,11,.,.,.,.,.,.,.,.,.,.,.,.,.
2022,12,23,12,.,.,.,.,.,.,.,.,.,.,.,.,.
2022,12,23,13,.,.,.,.,.,.,.,.,.,.,.,.,.
2022,12,23,14,.,.,.,.,.,.,.,.,.,.,.,.,.
2022,12,23,15,.,.,.,.,.,.,.,.,.,.,.,.,.
2022,12,23,16,.,.,.,.,.,.,.,.,.,.,.,.,.
2022,12,23,17,.,.,.,.,.,.,.,.,.,.,.,.,.
2022,12,23,18,.,.,.,.,.,.,.,.,.,.,.,.,.
2022,12,23,19,.,.,.,.,.,.,.,.,.,.,.,.,.
2022,12,23,20,.,.,.,.,.,.,.,.,.,.,.,.,.
2022,12,23,21,.,.,.,.,.,.,.,.,.,.,.,.,.
2022,12,23,22,.,.,.,.,.,.,.,.,.,.,.,.,.
2022,12,23,23,.,.,.,.,.,.,.,.,.,.,.,.,.
2022,12,23,24,.,.,.,.,.,.,.,.,.,.,.,.,.
2022,12,23,25,.,.,.,.,.,.,.,.,.,.,.,.,.
2022,12,23,26,.,.,.,.,.,.,.,.,.,.,.,.,.
2022,12,23,27,.,.,.,.,.,.,.,.,.,.,.,.,.
2022,12,23,28,.,.,.,.,.,.,.,.,.,.,.,.,.
2022,12,23,29,.,.,.,.,.,.,.,.,.,.,.,.,.
2022,12,23,30,.,.,.,.,.,.,.,.,.,.,.,.,.
2022,12,23,31,.,.,.,.,.,.,.,.,.,.,.,.,.
2022,12,23,32,.,.,.,.,.,.,.,.,.,.,.,.,.
2022,12,23,33,.,.,.,.,.,.,.,.,.,.,.,.,.
2022,12,23,34,.,.,.,.,.,.,.,.,.,.,.,.,.
2022,12,23,35,.,.,.,.,.,.,.,.,.,.,.,.,.
2022,12,23,36,.,.,.,.,.,.,.,.,.,.,.,.,.
2022,12,23,37,.,.,.,.,.,.,.,.,.,.,.,.,.
2022,12,23,38,.,.,.,.,.,.,.,.,.,.,.,.,.
2022,12,23,39,.,.,.,.,.,.,.,.,.,.,.,.,.
2022,12,23,40,.,.,.,.,.,.,.,.,.,.,.,.,.
2022,12,23,41,.,.,.,.,.,.,.,.,.,.,.,.,.
2022,12,23,42,.,.,.,.,.,.,.,.,.,.,.,.,.
2022,12,23,43,.,.,.,.,.,.,.,.,.,.,.,.,.
2022,12,23,44,.,.,.,.,.,.,.,.,.,.,.,.,.
2022,12,23,45,.,.,.,.,.,.,.,.,.,.,.,.,.
2022,12,23,46,.,.,.,.,.,.,.,.,.,.,.,.,.
2022,12,23,47,.,.,.,.,.,.,.,.,.,.,.,.,.
2022,12,23,48,.,.,.,.,.,.,.,.,.,.,.,.,.
2022,12,23,49,.,.,.,.,.,.,.,.,.,.,.,.,.
2022,12,23,50,.,.,.,.,.,.,.,.,.,.,.,.,.
2022,12,23,51,.,.,.,.,.,.,.,.,.,.,.,.,.
2022,12,23,52,.,.,.,.,.,.,.,.,.,.,.,.,.
2022,12,23,53,.,.,.,.,.,.,.,.,.,.,.,.,.
2022,12,30,1,.,.,.,.,.,.,.,.,.,.,.,.,.
2022,12,30,2,.,.,.,.,.,.,.,.,.,.,.,.,.
2022,12,30,3,.,.,.,.,.,.,.,.,.,.,.,.,.
2022,12,30,4,.,.,.,.,.,.,.,.,.,.,.,.,.
2022,12,30,5,.,.,.,.,.,.,.,.,.,.,.,.,.
2022,12,30,6,.,.,.,.,.,.,.,.,.,.,.,.,.
2022,12,30,7,.,.,.,.,.,.,.,.,.,.,.,.,.
2022,12,30,8,.,.,.,.,.,.,.,.,.,.,.,.,.
2022,12,30,9,.,.,.,.,.,.,.,.,.,.,.,.,.
2022,12,30,10,.,.,.,.,.,.,.,.,.,.,.,.,.
2022,12,30,11,.,.,.,.,.,.,.,.,.,.,.,.,.
2022,12,30,12,.,.,.,.,.,.,.,.,.,.,.,.,.
2022,12,30,13,.,.,.,.,.,.,.,.,.,.,.,.,.
2022,12,30,14,.,.,.,.,.,.,.,.,.,.,.,.,.
2022,12,30,15,.,.,.,.,.,.,.,.,.,.,.,.,.
2022,12,30,16,.,.,.,.,.,.,.,.,.,.,.,.,.
2022,12,30,17,.,.,.,.,.,.,.,.,.,.,.,.,.
2022,12,30,18,.,.,.,.,.,.,.,.,.,.,.,.,.
2022,12,30,19,.,.,.,.,.,.,.,.,.,.,.,.,.
2022,12,30,20,.,.,.,.,.,.,.,.,.,.,.,.,.
2022,12,30,21,.,.,.,.,.,.,.,.,.,.,.,.,.
2022,12,30,22,.,.,.,.,.,.,.,.,.,.,.,.,.
2022,12,30,23,.,.,.,.,.,.,.,.,.,.,.,.,.
2022,12,30,24,.,.,.,.,.,.,.,.,.,.,.,.,.
2022,12,30,25,.,.,.,.,.,.,.,.,.,.,.,.,.
2022,12,30,26,.,.,.,.,.,.,.,.,.,.,.,.,.
2022,12,30,27,.,.,.,.,.,.,.,.,.,.,.,.,.
2022,12,30,28,.,.,.,.,.,.,.,.,.,.,.,.,.
2022,12,30,29,.,.,.,.,.,.,.,.,.,.,.,.,.
2022,12,30,30,.,.,.,.,.,.,.,.,.,.,.,.,.
2022,12,30,31,.,.,.,.,.,.,.,.,.,.,.,.,.
2022,12,30,32,.,.,.,.,.,.,.,.,.,.,.,.,.
2022,12,30,33,.,.,.,.,.,.,.,.,.,.,.,.,.
2022,12,30,34,.,.,.,.,.,.,.,.,.,.,.,.,.
2022,12,30,35,.,.,.,.,.,.,.,.,.,.,.,.,.
2022,12,30,36,.,.,.,.,.,.,.,.,.,.,.,.,.
2022,12,30,37,.,.,.,.,.,.,.,.,.,.,.,.,.
2022,12,30,38,.,.,.,.,.,.,.,.,.,.,.,.,.
2022,12,30,39,.,.,.,.,.,.,.,.,.,.,.,.,.
2022,12,30,40,.,.,.,.,.,.,.,.,.,.,.,.,.
2022,12,30,41,.,.,.,.,.,.,.,.,.,.,.,.,.
2022,12,30,42,.,.,.,.,.,.,.,.,.,.,.,.,.
2022,12,30,43,.,.,.,.,.,.,.,.,.,.,.,.,.
2022,12,30,44,.,.,.,.,.,.,.,.,.,.,.,.,.
2022,12,30,45,.,.,.,.,.,.,.,.,.,.,.,.,.
2022,12,30,46,.,.,.,.,.,.,.,.,.,.,.,.,.
2022,12,30,47,.,.,.,.,.,.,.,.,.,.,.,.,.
2022,12,30,48,.,.,.,.,.,.,.,.,.,.,.,.,.
2022,12,30,49,.,.,.,.,.,.,.,.,.,.,.,.,.
2022,12,30,50,.,.,.,.,.,.,.,.,.,.,.,.,.
2022,12,30,51,.,.,.,.,.,.,.,.,.,.,.,.,.
2022,12,30,52,.,.,.,.,.,.,.,.,.,.,.,.,.
2022,12,30,53,.,.,.,.,.,.,.,.,.,.,.,.,.
2023,1,6,1,.,.,.,.,.,.,.,.,.,.,.,.,.
2023,1,6,2,.,.,.,.,.,.,.,.,.,.,.,.,.
2023,1,6,3,.,.,.,.,.,.,.,.,.,.,.,.,.
2023,1,6,4,.,.,.,.,.,.,.,.,.,.,.,.,.
2023,1,6,5,.,.,.,.,.,.,.,.,.,.,.,.,.
2023,1,6,6,.,.,.,.,.,.,.,.,.,.,.,.,.
2023,1,6,7,.,.,.,.,.,.,.,.,.,.,.,.,.
2023,1,6,8,.,.,.,.,.,.,.,.,.,.,.,.,.
2023,1,6,9,.,.,.,.,.,.,.,.,.,.,.,.,.
2023,1,6,10,.,.,.,.,.,.,.,.,.,.,.,.,.
2023,1,6,11,.,.,.,.,.,.,.,.,.,.,.,.,.
2023,1,6,12,.,.,.,.,.,.,.,.,.,.,.,.,.
2023,1,6,13,.,.,.,.,.,.,.,.,.,.,.,.,.
2023,1,6,14,.,.,.,.,.,.,.,.,.,.,.,.,.
2023,1,6,15,.,.,.,.,.,.,.,.,.,.,.,.,.
2023,1,6,16,.,.,.,.,.,.,.,.,.,.,.,.,.
2023,1,6,17,.,.,.,.,.,.,.,.,.,.,.,.,.
2023,1,6,18,.,.,.,.,.,.,.,.,.,.,.,.,.
2023,1,6,19,.,.,.,.,.,.,.,.,.,.,.,.,.
2023,1,6,20,.,.,.,.,.,.,.,.,.,.,.,.,.
2023,1,6,21,.,.,.,.,.,.,.,.,.,.,.,.,.
2023,1,6,22,.,.,.,.,.,.,.,.,.,.,.,.,.
2023,1,6,23,.,.,.,.,.,.,.,.,.,.,.,.,.
2023,1,6,24,.,.,.,.,.,.,.,.,.,.,.,.,.
2023,1,6,25,.,.,.,.,.,.,.,.,.,.,.,.,.
2023,1,6,26,.,.,.,.,.,.,.,.,.,.,.,.,.
2023,1,6,27,.,.,.,.,.,.,.,.,.,.,.,.,.
2023,1,6,28,.,.,.,.,.,.,.,.,.,.,.,.,.
2023,1,6,29,.,.,.,.,.,.,.,.,.,.,.,.,.
2023,1,6,30,.,.,.,.,.,.,.,.,.,.,.,.,.
2023,1,6,31,.,.,.,.,.,.,.,.,.,.,.,.,.
2023,1,6,32,.,.,.,.,.,.,.,.,.,.,.,.,.
2023,1,6,33,.,.,.,.,.,.,.,.,.,.,.,.,.
2023,1,6,34,.,.,.,.,.,.,.,.,.,.,.,.,.
2023,1,6,35,.,.,.,.,.,.,.,.,.,.,.,.,.
2023,1,6,36,.,.,.,.,.,.,.,.,.,.,.,.,.
2023,1,6,37,.,.,.,.,.,.,.,.,.,.,.,.,.
2023,1,6,38,.,.,.,.,.,.,.,.,.,.,.,.,.
2023,1,6,39,.,.,.,.,.,.,.,.,.,.,.,.,.
2023,1,6,40,.,.,.,.,.,.,.,.,.,.,.,.,.
2023,1,6,41,.,.,.,.,.,.,.,.,.,.,.,.,.
2023,1,6,42,.,.,.,.,.,.,.,.,.,.,.,.,.
2023,1,6,43,.,.,.,.,.,.,.,.,.,.,.,.,.
2023,1,6,44,.,.,.,.,.,.,.,.,.,.,.,.,.
2023,1,6,45,.,.,.,.,.,.,.,.,.,.,.,.,.
2023,1,6,46,.,.,.,.,.,.,.,.,.,.,.,.,.
2023,1,6,47,.,.,.,.,.,.,.,.,.,.,.,.,.
2023,1,6,48,.,.,.,.,.,.,.,.,.,.,.,.,.
2023,1,6,49,.,.,.,.,.,.,.,.,.,.,.,.,.
2023,1,6,50,.,.,.,.,.,.,.,.,.,.,.,.,.
2023,1,6,51,.,.,.,.,.,.,.,.,.,.,.,.,.
2023,1,6,52,.,.,.,.,.,.,.,.,.,.,.,.,.
2023,1,6,53,.,.,.,.,.,.,.,.,.,.,.,.,.
2023,1,13,1,.,.,.,.,.,.,.,.,.,.,.,.,.
2023,1,13,2,.,.,.,.,.,.,.,.,.,.,.,.,.
2023,1,13,3,.,.,.,.,.,.,.,.,.,.,.,.,.
2023,1,13,4,.,.,.,.,.,.,.,.,.,.,.,.,.
2023,1,13,5,.,.,.,.,.,.,.,.,.,.,.,.,.
2023,1,13,6,.,.,.,.,.,.,.,.,.,.,.,.,.
2023,1,13,7,.,.,.,.,.,.,.,.,.,.,.,.,.
2023,1,13,8,.,.,.,.,.,.,.,.,.,.,.,.,.
2023,1,13,9,.,.,.,.,.,.,.,.,.,.,.,.,.
2023,1,13,10,.,.,.,.,.,.,.,.,.,.,.,.,.
2023,1,13,11,.,.,.,.,.,.,.,.,.,.,.,.,.
2023,1,13,12,.,.,.,.,.,.,.,.,.,.,.,.,.
2023,1,13,13,.,.,.,.,.,.,.,.,.,.,.,.,.
2023,1,13,14,.,.,.,.,.,.,.,.,.,.,.,.,.
2023,1,13,15,.,.,.,.,.,.,.,.,.,.,.,.,.
2023,1,13,16,.,.,.,.,.,.,.,.,.,.,.,.,.
2023,1,13,17,.,.,.,.,.,.,.,.,.,.,.,.,.
2023,1,13,18,.,.,.,.,.,.,.,.,.,.,.,.,.
2023,1,13,19,.,.,.,.,.,.,.,.,.,.,.,.,.
2023,1,13,20,.,.,.,.,.,.,.,.,.,.,.,.,.
2023,1,13,21,.,.,.,.,.,.,.,.,.,.,.,.,.
2023,1,13,22,.,.,.,.,.,.,.,.,.,.,.,.,.
2023,1,13,23,.,.,.,.,.,.,.,.,.,.,.,.,.
2023,1,13,24,.,.,.,.,.,.,.,.,.,.,.,.,.
2023,1,13,25,.,.,.,.,.,.,.,.,.,.,.,.,.
2023,1,13,26,.,.,.,.,.,.,.,.,.,.,.,.,.
2023,1,13,27,.,.,.,.,.,.,.,.,.,.,.,.,.
2023,1,13,28,.,.,.,.,.,.,.,.,.,.,.,.,.
2023,1,13,29,.,.,.,.,.,.,.,.,.,.,.,.,.
2023,1,13,30,.,.,.,.,.,.,.,.,.,.,.,.,.
2023,1,13,31,.,.,.,.,.,.,.,.,.,.,.,.,.
2023,1,13,32,.,.,.,.,.,.,.,.,.,.,.,.,.
2023,1,13,33,.,.,.,.,.,.,.,.,.,.,.,.,.
2023,1,13,34,.,.,.,.,.,.,.,.,.,.,.,.,.
2023,1,13,35,.,.,.,.,.,.,.,.,.,.,.,.,.
2023,1,13,36,.,.,.,.,.,.,.,.,.,.,.,.,.
2023,1,13,37,.,.,.,.,.,.,.,.,.,.,.,.,.
2023,1,13,38,.,.,.,.,.,.,.,.,.,.,.,.,.
2023,1,13,39,.,.,.,.,.,.,.,.,.,.,.,.,.
2023,1,13,40,.,.,.,.,.,.,.,.,.,.,.,.,.
2023,1,13,41,.,.,.,.,.,.,.,.,.,.,.,.,.
2023,1,13,42,.,.,.,.,.,.,.,.,.,.,.,.,.
2023,1,13,43,.,.,.,.,.,.,.,.,.,.,.,.,.
2023,1,13,44,.,.,.,.,.,.,.,.,.,.,.,.,.
2023,1,13,45,.,.,.,.,.,.,.,.,.,.,.,.,.
2023,1,13,46,.,.,.,.,.,.,.,.,.,.,.,.,.
2023,1,13,47,.,.,.,.,.,.,.,.,.,.,.,.,.
2023,1,13,48,.,.,.,.,.,.,.,.,.,.,.,.,.
2023,1,13,49,.,.,.,.,.,.,.,.,.,.,.,.,.
2023,1,13,50,.,.,.,.,.,.,.,.,.,.,.,.,.
2023,1,13,51,.,.,.,.,.,.,.,.,.,.,.,.,.
2023,1,13,52,.,.,.,.,.,.,.,.,.,.,.,.,.
2023,1,13,53,.,.,.,.,.,.,.,.,.,.,.,.,.
2023,1,20,1,.,.,.,.,.,.,.,.,.,.,.,.,.
2023,1,20,2,.,.,.,.,.,.,.,.,.,.,.,.,.
2023,1,20,3,.,.,.,.,.,.,.,.,.,.,.,.,.
2023,1,20,4,.,.,.,.,.,.,.,.,.,.,.,.,.
2023,1,20,5,.,.,.,.,.,.,.,.,.,.,.,.,.
2023,1,20,6,.,.,.,.,.,.,.,.,.,.,.,.,.
2023,1,20,7,.,.,.,.,.,.,.,.,.,.,.,.,.
2023,1,20,8,.,.,.,.,.,.,.,.,.,.,.,.,.
2023,1,20,9,.,.,.,.,.,.,.,.,.,.,.,.,.
2023,1,20,10,.,.,.,.,.,.,.,.,.,.,.,.,.
2023,1,20,11,.,.,.,.,.,.,.,.,.,.,.,.,.
2023,1,20,12,.,.,.,.,.,.,.,.,.,.,.,.,.
2023,1,20,13,.,.,.,.,.,.,.,.,.,.,.,.,.
2023,1,20,14,.,.,.,.,.,.,.,.,.,.,.,.,.
2023,1,20,15,.,.,.,.,.,.,.,.,.,.,.,.,.
2023,1,20,16,.,.,.,.,.,.,.,.,.,.,.,.,.
2023,1,20,17,.,.,.,.,.,.,.,.,.,.,.,.,.
2023,1,20,18,.,.,.,.,.,.,.,.,.,.,.,.,.
2023,1,20,19,.,.,.,.,.,.,.,.,.,.,.,.,.
2023,1,20,20,.,.,.,.,.,.,.,.,.,.,.,.,.
2023,1,20,21,.,.,.,.,.,.,.,.,.,.,.,.,.
2023,1,20,22,.,.,.,.,.,.,.,.,.,.,.,.,.
2023,1,20,23,.,.,.,.,.,.,.,.,.,.,.,.,.
2023,1,20,24,.,.,.,.,.,.,.,.,.,.,.,.,.
2023,1,20,25,.,.,.,.,.,.,.,.,.,.,.,.,.
2023,1,20,26,.,.,.,.,.,.,.,.,.,.,.,.,.
2023,1,20,27,.,.,.,.,.,.,.,.,.,.,.,.,.
2023,1,20,28,.,.,.,.,.,.,.,.,.,.,.,.,.
2023,1,20,29,.,.,.,.,.,.,.,.,.,.,.,.,.
2023,1,20,30,.,.,.,.,.,.,.,.,.,.,.,.,.
2023,1,20,31,.,.,.,.,.,.,.,.,.,.,.,.,.
2023,1,20,32,.,.,.,.,.,.,.,.,.,.,.,.,.
2023,1,20,33,.,.,.,.,.,.,.,.,.,.,.,.,.
2023,1,20,34,.,.,.,.,.,.,.,.,.,.,.,.,.
2023,1,20,35,.,.,.,.,.,.,.,.,.,.,.,.,.
2023,1,20,36,.,.,.,.,.,.,.,.,.,.,.,.,.
2023,1,20,37,.,.,.,.,.,.,.,.,.,.,.,.,.
2023,1,20,38,.,.,.,.,.,.,.,.,.,.,.,.,.
2023,1,20,39,.,.,.,.,.,.,.,.,.,.,.,.,.
2023,1,20,40,.,.,.,.,.,.,.,.,.,.,.,.,.
2023,1,20,41,.,.,.,.,.,.,.,.,.,.,.,.,.
2023,1,20,42,.,.,.,.,.,.,.,.,.,.,.,.,.
2023,1,20,43,.,.,.,.,.,.,.,.,.,.,.,.,.
2023,1,20,44,.,.,.,.,.,.,.,.,.,.,.,.,.
2023,1,20,45,.,.,.,.,.,.,.,.,.,.,.,.,.
2023,1,20,46,.,.,.,.,.,.,.,.,.,.,.,.,.
2023,1,20,47,.,.,.,.,.,.,.,.,.,.,.,.,.
2023,1,20,48,.,.,.,.,.,.,.,.,.,.,.,.,.
2023,1,20,49,.,.,.,.,.,.,.,.,.,.,.,.,.
2023,1,20,50,.,.,.,.,.,.,.,.,.,.,.,.,.
2023,1,20,51,.,.,.,.,.,.,.,.,.,.,.,.,.
2023,1,20,52,.,.,.,.,.,.,.,.,.,.,.,.,.
2023,1,20,53,.,.,.,.,.,.,.,.,.,.,.,.,.
2023,1,27,1,.,.,.,.,.,.,.,.,.,.,.,.,.
2023,1,27,2,.,.,.,.,.,.,.,.,.,.,.,.,.
2023,1,27,3,.,.,.,.,.,.,.,.,.,.,.,.,.
2023,1,27,4,.,.,.,.,.,.,.,.,.,.,.,.,.
2023,1,27,5,.,.,.,.,.,.,.,.,.,.,.,.,.
2023,1,27,6,.,.,.,.,.,.,.,.,.,.,.,.,.
2023,1,27,7,.,.,.,.,.,.,.,.,.,.,.,.,.
2023,1,27,8,.,.,.,.,.,.,.,.,.,.,.,.,.
2023,1,27,9,.,.,.,.,.,.,.,.,.,.,.,.,.
2023,1,27,10,.,.,.,.,.,.,.,.,.,.,.,.,.
2023,1,27,11,.,.,.,.,.,.,.,.,.,.,.,.,.
2023,1,27,12,.,.,.,.,.,.,.,.,.,.,.,.,.
2023,1,27,13,.,.,.,.,.,.,.,.,.,.,.,.,.
2023,1,27,14,.,.,.,.,.,.,.,.,.,.,.,.,.
2023,1,27,15,.,.,.,.,.,.,.,.,.,.,.,.,.
2023,1,27,16,.,.,.,.,.,.,.,.,.,.,.,.,.
2023,1,27,17,.,.,.,.,.,.,.,.,.,.,.,.,.
2023,1,27,18,.,.,.,.,.,.,.,.,.,.,.,.,.
2023,1,27,19,.,.,.,.,.,.,.,.,.,.,.,.,.
2023,1,27,20,.,.,.,.,.,.,.,.,.,.,.,.,.
2023,1,27,21,.,.,.,.,.,.,.,.,.,.,.,.,.
2023,1,27,22,.,.,.,.,.,.,.,.,.,.,.,.,.
2023,1,27,23,.,.,.,.,.,.,.,.,.,.,.,.,.
2023,1,27,24,.,.,.,.,.,.,.,.,.,.,.,.,.
2023,1,27,25,.,.,.,.,.,.,.,.,.,.,.,.,.
2023,1,27,26,.,.,.,.,.,.,.,.,.,.,.,.,.
2023,1,27,27,.,.,.,.,.,.,.,.,.,.,.,.,.
2023,1,27,28,.,.,.,.,.,.,.,.,.,.,.,.,.
2023,1,27,29,.,.,.,.,.,.,.,.,.,.,.,.,.
2023,1,27,30,.,.,.,.,.,.,.,.,.,.,.,.,.
2023,1,27,31,.,.,.,.,.,.,.,.,.,.,.,.,.
2023,1,27,32,.,.,.,.,.,.,.,.,.,.,.,.,.
2023,1,27,33,.,.,.,.,.,.,.,.,.,.,.,.,.
2023,1,27,34,.,.,.,.,.,.,.,.,.,.,.,.,.
2023,1,27,35,.,.,.,.,.,.,.,.,.,.,.,.,.
2023,1,27,36,.,.,.,.,.,.,.,.,.,.,.,.,.
2023,1,27,37,.,.,.,.,.,.,.,.,.,.,.,.,.
2023,1,27,38,.,.,.,.,.,.,.,.,.,.,.,.,.
2023,1,27,39,.,.,.,.,.,.,.,.,.,.,.,.,.
2023,1,27,40,.,.,.,.,.,.,.,.,.,.,.,.,.
2023,1,27,41,.,.,.,.,.,.,.,.,.,.,.,.,.
2023,1,27,42,.,.,.,.,.,.,.,.,.,.,.,.,.
2023,1,27,43,.,.,.,.,.,.,.,.,.,.,.,.,.
2023,1,27,44,.,.,.,.,.,.,.,.,.,.,.,.,.
2023,1,27,45,.,.,.,.,.,.,.,.,.,.,.,.,.
2023,1,27,46,.,.,.,.,.,.,.,.,.,.,.,.,.
2023,1,27,47,.,.,.,.,.,.,.,.,.,.,.,.,.
2023,1,27,48,.,.,.,.,.,.,.,.,.,.,.,.,.
2023,1,27,49,.,.,.,.,.,.,.,.,.,.,.,.,.
2023,1,27,50,.,.,.,.,.,.,.,.,.,.,.,.,.
2023,1,27,51,.,.,.,.,.,.,.,.,.,.,.,.,.
2023,1,27,52,.,.,.,.,.,.,.,.,.,.,.,.,.
2023,1,27,53,.,.,.,.,.,.,.,.,.,.,.,.,.
2023,2,3,1,.,.,.,.,.,.,.,.,.,.,.,.,.
2023,2,3,2,.,.,.,.,.,.,.,.,.,.,.,.,.
2023,2,3,3,.,.,.,.,.,.,.,.,.,.,.,.,.
2023,2,3,4,.,.,.,.,.,.,.,.,.,.,.,.,.
2023,2,3,5,.,.,.,.,.,.,.,.,.,.,.,.,.
2023,2,3,6,.,.,.,.,.,.,.,.,.,.,.,.,.
2023,2,3,7,.,.,.,.,.,.,.,.,.,.,.,.,.
2023,2,3,8,.,.,.,.,.,.,.,.,.,.,.,.,.
2023,2,3,9,.,.,.,.,.,.,.,.,.,.,.,.,.
2023,2,3,10,.,.,.,.,.,.,.,.,.,.,.,.,.
2023,2,3,11,.,.,.,.,.,.,.,.,.,.,.,.,.
2023,2,3,12,.,.,.,.,.,.,.,.,.,.,.,.,.
2023,2,3,13,.,.,.,.,.,.,.,.,.,.,.,.,.
2023,2,3,14,.,.,.,.,.,.,.,.,.,.,.,.,.
2023,2,3,15,.,.,.,.,.,.,.,.,.,.,.,.,.
2023,2,3,16,.,.,.,.,.,.,.,.,.,.,.,.,.
2023,2,3,17,.,.,.,.,.,.,.,.,.,.,.,.,.
2023,2,3,18,.,.,.,.,.,.,.,.,.,.,.,.,.
2023,2,3,19,.,.,.,.,.,.,.,.,.,.,.,.,.
2023,2,3,20,.,.,.,.,.,.,.,.,.,.,.,.,.
2023,2,3,21,.,.,.,.,.,.,.,.,.,.,.,.,.
2023,2,3,22,.,.,.,.,.,.,.,.,.,.,.,.,.
2023,2,3,23,.,.,.,.,.,.,.,.,.,.,.,.,.
2023,2,3,24,.,.,.,.,.,.,.,.,.,.,.,.,.
2023,2,3,25,.,.,.,.,.,.,.,.,.,.,.,.,.
2023,2,3,26,.,.,.,.,.,.,.,.,.,.,.,.,.
2023,2,3,27,.,.,.,.,.,.,.,.,.,.,.,.,.
2023,2,3,28,.,.,.,.,.,.,.,.,.,.,.,.,.
2023,2,3,29,.,.,.,.,.,.,.,.,.,.,.,.,.
2023,2,3,30,.,.,.,.,.,.,.,.,.,.,.,.,.
2023,2,3,31,.,.,.,.,.,.,.,.,.,.,.,.,.
2023,2,3,32,.,.,.,.,.,.,.,.,.,.,.,.,.
2023,2,3,33,.,.,.,.,.,.,.,.,.,.,.,.,.
2023,2,3,34,.,.,.,.,.,.,.,.,.,.,.,.,.
2023,2,3,35,.,.,.,.,.,.,.,.,.,.,.,.,.
2023,2,3,36,.,.,.,.,.,.,.,.,.,.,.,.,.
2023,2,3,37,.,.,.,.,.,.,.,.,.,.,.,.,.
2023,2,3,38,.,.,.,.,.,.,.,.,.,.,.,.,.
2023,2,3,39,.,.,.,.,.,.,.,.,.,.,.,.,.
2023,2,3,40,.,.,.,.,.,.,.,.,.,.,.,.,.
2023,2,3,41,.,.,.,.,.,.,.,.,.,.,.,.,.
2023,2,3,42,.,.,.,.,.,.,.,.,.,.,.,.,.
2023,2,3,43,.,.,.,.,.,.,.,.,.,.,.,.,.
2023,2,3,44,.,.,.,.,.,.,.,.,.,.,.,.,.
2023,2,3,45,.,.,.,.,.,.,.,.,.,.,.,.,.
2023,2,3,46,.,.,.,.,.,.,.,.,.,.,.,.,.
2023,2,3,47,.,.,.,.,.,.,.,.,.,.,.,.,.
2023,2,3,48,.,.,.,.,.,.,.,.,.,.,.,.,.
2023,2,3,49,.,.,.,.,.,.,.,.,.,.,.,.,.
2023,2,3,50,.,.,.,.,.,.,.,.,.,.,.,.,.
2023,2,3,51,.,.,.,.,.,.,.,.,.,.,.,.,.
2023,2,3,52,.,.,.,.,.,.,.,.,.,.,.,.,.
2023,2,3,53,.,.,.,.,.,.,.,.,.,.,.,.,.
2023,2,10,1,.,.,.,.,.,.,.,.,.,.,.,.,.
2023,2,10,2,.,.,.,.,.,.,.,.,.,.,.,.,.
2023,2,10,3,.,.,.,.,.,.,.,.,.,.,.,.,.
2023,2,10,4,.,.,.,.,.,.,.,.,.,.,.,.,.
2023,2,10,5,.,.,.,.,.,.,.,.,.,.,.,.,.
2023,2,10,6,.,.,.,.,.,.,.,.,.,.,.,.,.
2023,2,10,7,.,.,.,.,.,.,.,.,.,.,.,.,.
2023,2,10,8,.,.,.,.,.,.,.,.,.,.,.,.,.
2023,2,10,9,.,.,.,.,.,.,.,.,.,.,.,.,.
2023,2,10,10,.,.,.,.,.,.,.,.,.,.,.,.,.
2023,2,10,11,.,.,.,.,.,.,.,.,.,.,.,.,.
2023,2,10,12,.,.,.,.,.,.,.,.,.,.,.,.,.
2023,2,10,13,.,.,.,.,.,.,.,.,.,.,.,.,.
2023,2,10,14,.,.,.,.,.,.,.,.,.,.,.,.,.
2023,2,10,15,.,.,.,.,.,.,.,.,.,.,.,.,.
2023,2,10,16,.,.,.,.,.,.,.,.,.,.,.,.,.
2023,2,10,17,.,.,.,.,.,.,.,.,.,.,.,.,.
2023,2,10,18,.,.,.,.,.,.,.,.,.,.,.,.,.
2023,2,10,19,.,.,.,.,.,.,.,.,.,.,.,.,.
2023,2,10,20,.,.,.,.,.,.,.,.,.,.,.,.,.
2023,2,10,21,.,.,.,.,.,.,.,.,.,.,.,.,.
2023,2,10,22,.,.,.,.,.,.,.,.,.,.,.,.,.
2023,2,10,23,.,.,.,.,.,.,.,.,.,.,.,.,.
2023,2,10,24,.,.,.,.,.,.,.,.,.,.,.,.,.
2023,2,10,25,.,.,.,.,.,.,.,.,.,.,.,.,.
2023,2,10,26,.,.,.,.,.,.,.,.,.,.,.,.,.
2023,2,10,27,.,.,.,.,.,.,.,.,.,.,.,.,.
2023,2,10,28,.,.,.,.,.,.,.,.,.,.,.,.,.
2023,2,10,29,.,.,.,.,.,.,.,.,.,.,.,.,.
2023,2,10,30,.,.,.,.,.,.,.,.,.,.,.,.,.
2023,2,10,31,.,.,.,.,.,.,.,.,.,.,.,.,.
2023,2,10,32,.,.,.,.,.,.,.,.,.,.,.,.,.
2023,2,10,33,.,.,.,.,.,.,.,.,.,.,.,.,.
2023,2,10,34,.,.,.,.,.,.,.,.,.,.,.,.,.
2023,2,10,35,.,.,.,.,.,.,.,.,.,.,.,.,.
2023,2,10,36,.,.,.,.,.,.,.,.,.,.,.,.,.
2023,2,10,37,.,.,.,.,.,.,.,.,.,.,.,.,.
2023,2,10,38,.,.,.,.,.,.,.,.,.,.,.,.,.
2023,2,10,39,.,.,.,.,.,.,.,.,.,.,.,.,.
2023,2,10,40,.,.,.,.,.,.,.,.,.,.,.,.,.
2023,2,10,41,.,.,.,.,.,.,.,.,.,.,.,.,.
2023,2,10,42,.,.,.,.,.,.,.,.,.,.,.,.,.
2023,2,10,43,.,.,.,.,.,.,.,.,.,.,.,.,.
2023,2,10,44,.,.,.,.,.,.,.,.,.,.,.,.,.
2023,2,10,45,.,.,.,.,.,.,.,.,.,.,.,.,.
2023,2,10,46,.,.,.,.,.,.,.,.,.,.,.,.,.
2023,2,10,47,.,.,.,.,.,.,.,.,.,.,.,.,.
2023,2,10,48,.,.,.,.,.,.,.,.,.,.,.,.,.
2023,2,10,49,.,.,.,.,.,.,.,.,.,.,.,.,.
2023,2,10,50,.,.,.,.,.,.,.,.,.,.,.,.,.
2023,2,10,51,.,.,.,.,.,.,.,.,.,.,.,.,.
2023,2,10,52,.,.,.,.,.,.,.,.,.,.,.,.,.
2023,2,10,53,.,.,.,.,.,.,.,.,.,.,.,.,.
2023,2,17,1,.,.,.,.,.,.,.,.,.,.,.,.,.
2023,2,17,2,.,.,.,.,.,.,.,.,.,.,.,.,.
2023,2,17,3,.,.,.,.,.,.,.,.,.,.,.,.,.
2023,2,17,4,.,.,.,.,.,.,.,.,.,.,.,.,.
2023,2,17,5,.,.,.,.,.,.,.,.,.,.,.,.,.
2023,2,17,6,.,.,.,.,.,.,.,.,.,.,.,.,.
2023,2,17,7,.,.,.,.,.,.,.,.,.,.,.,.,.
2023,2,17,8,.,.,.,.,.,.,.,.,.,.,.,.,.
2023,2,17,9,.,.,.,.,.,.,.,.,.,.,.,.,.
2023,2,17,10,.,.,.,.,.,.,.,.,.,.,.,.,.
2023,2,17,11,.,.,.,.,.,.,.,.,.,.,.,.,.
2023,2,17,12,.,.,.,.,.,.,.,.,.,.,.,.,.
2023,2,17,13,.,.,.,.,.,.,.,.,.,.,.,.,.
2023,2,17,14,.,.,.,.,.,.,.,.,.,.,.,.,.
2023,2,17,15,.,.,.,.,.,.,.,.,.,.,.,.,.
2023,2,17,16,.,.,.,.,.,.,.,.,.,.,.,.,.
2023,2,17,17,.,.,.,.,.,.,.,.,.,.,.,.,.
2023,2,17,18,.,.,.,.,.,.,.,.,.,.,.,.,.
2023,2,17,19,.,.,.,.,.,.,.,.,.,.,.,.,.
2023,2,17,20,.,.,.,.,.,.,.,.,.,.,.,.,.
2023,2,17,21,.,.,.,.,.,.,.,.,.,.,.,.,.
2023,2,17,22,.,.,.,.,.,.,.,.,.,.,.,.,.
2023,2,17,23,.,.,.,.,.,.,.,.,.,.,.,.,.
2023,2,17,24,.,.,.,.,.,.,.,.,.,.,.,.,.
2023,2,17,25,.,.,.,.,.,.,.,.,.,.,.,.,.
2023,2,17,26,.,.,.,.,.,.,.,.,.,.,.,.,.
2023,2,17,27,.,.,.,.,.,.,.,.,.,.,.,.,.
2023,2,17,28,.,.,.,.,.,.,.,.,.,.,.,.,.
2023,2,17,29,.,.,.,.,.,.,.,.,.,.,.,.,.
2023,2,17,30,.,.,.,.,.,.,.,.,.,.,.,.,.
2023,2,17,31,.,.,.,.,.,.,.,.,.,.,.,.,.
2023,2,17,32,.,.,.,.,.,.,.,.,.,.,.,.,.
2023,2,17,33,.,.,.,.,.,.,.,.,.,.,.,.,.
2023,2,17,34,.,.,.,.,.,.,.,.,.,.,.,.,.
2023,2,17,35,.,.,.,.,.,.,.,.,.,.,.,.,.
2023,2,17,36,.,.,.,.,.,.,.,.,.,.,.,.,.
2023,2,17,37,.,.,.,.,.,.,.,.,.,.,.,.,.
2023,2,17,38,.,.,.,.,.,.,.,.,.,.,.,.,.
2023,2,17,39,.,.,.,.,.,.,.,.,.,.,.,.,.
2023,2,17,40,.,.,.,.,.,.,.,.,.,.,.,.,.
2023,2,17,41,.,.,.,.,.,.,.,.,.,.,.,.,.
2023,2,17,42,.,.,.,.,.,.,.,.,.,.,.,.,.
2023,2,17,43,.,.,.,.,.,.,.,.,.,.,.,.,.
2023,2,17,44,.,.,.,.,.,.,.,.,.,.,.,.,.
2023,2,17,45,.,.,.,.,.,.,.,.,.,.,.,.,.
2023,2,17,46,.,.,.,.,.,.,.,.,.,.,.,.,.
2023,2,17,47,.,.,.,.,.,.,.,.,.,.,.,.,.
2023,2,17,48,.,.,.,.,.,.,.,.,.,.,.,.,.
2023,2,17,49,.,.,.,.,.,.,.,.,.,.,.,.,.
2023,2,17,50,.,.,.,.,.,.,.,.,.,.,.,.,.
2023,2,17,51,.,.,.,.,.,.,.,.,.,.,.,.,.
2023,2,17,52,.,.,.,.,.,.,.,.,.,.,.,.,.
2023,2,17,53,.,.,.,.,.,.,.,.,.,.,.,.,.
2023,2,24,1,.,.,.,.,.,.,.,.,.,.,.,.,.
2023,2,24,2,.,.,.,.,.,.,.,.,.,.,.,.,.
2023,2,24,3,.,.,.,.,.,.,.,.,.,.,.,.,.
2023,2,24,4,.,.,.,.,.,.,.,.,.,.,.,.,.
2023,2,24,5,.,.,.,.,.,.,.,.,.,.,.,.,.
2023,2,24,6,.,.,.,.,.,.,.,.,.,.,.,.,.
2023,2,24,7,.,.,.,.,.,.,.,.,.,.,.,.,.
2023,2,24,8,.,.,.,.,.,.,.,.,.,.,.,.,.
2023,2,24,9,.,.,.,.,.,.,.,.,.,.,.,.,.
2023,2,24,10,.,.,.,.,.,.,.,.,.,.,.,.,.
2023,2,24,11,.,.,.,.,.,.,.,.,.,.,.,.,.
2023,2,24,12,.,.,.,.,.,.,.,.,.,.,.,.,.
2023,2,24,13,.,.,.,.,.,.,.,.,.,.,.,.,.
2023,2,24,14,.,.,.,.,.,.,.,.,.,.,.,.,.
2023,2,24,15,.,.,.,.,.,.,.,.,.,.,.,.,.
2023,2,24,16,.,.,.,.,.,.,.,.,.,.,.,.,.
2023,2,24,17,.,.,.,.,.,.,.,.,.,.,.,.,.
2023,2,24,18,.,.,.,.,.,.,.,.,.,.,.,.,.
2023,2,24,19,.,.,.,.,.,.,.,.,.,.,.,.,.
2023,2,24,20,.,.,.,.,.,.,.,.,.,.,.,.,.
2023,2,24,21,.,.,.,.,.,.,.,.,.,.,.,.,.
2023,2,24,22,.,.,.,.,.,.,.,.,.,.,.,.,.
2023,2,24,23,.,.,.,.,.,.,.,.,.,.,.,.,.
2023,2,24,24,.,.,.,.,.,.,.,.,.,.,.,.,.
2023,2,24,25,.,.,.,.,.,.,.,.,.,.,.,.,.
2023,2,24,26,.,.,.,.,.,.,.,.,.,.,.,.,.
2023,2,24,27,.,.,.,.,.,.,.,.,.,.,.,.,.
2023,2,24,28,.,.,.,.,.,.,.,.,.,.,.,.,.
2023,2,24,29,.,.,.,.,.,.,.,.,.,.,.,.,.
2023,2,24,30,.,.,.,.,.,.,.,.,.,.,.,.,.
2023,2,24,31,.,.,.,.,.,.,.,.,.,.,.,.,.
2023,2,24,32,.,.,.,.,.,.,.,.,.,.,.,.,.
2023,2,24,33,.,.,.,.,.,.,.,.,.,.,.,.,.
2023,2,24,34,.,.,.,.,.,.,.,.,.,.,.,.,.
2023,2,24,35,.,.,.,.,.,.,.,.,.,.,.,.,.
2023,2,24,36,.,.,.,.,.,.,.,.,.,.,.,.,.
2023,2,24,37,.,.,.,.,.,.,.,.,.,.,.,.,.
2023,2,24,38,.,.,.,.,.,.,.,.,.,.,.,.,.
2023,2,24,39,.,.,.,.,.,.,.,.,.,.,.,.,.
2023,2,24,40,.,.,.,.,.,.,.,.,.,.,.,.,.
2023,2,24,41,.,.,.,.,.,.,.,.,.,.,.,.,.
2023,2,24,42,.,.,.,.,.,.,.,.,.,.,.,.,.
2023,2,24,43,.,.,.,.,.,.,.,.,.,.,.,.,.
2023,2,24,44,.,.,.,.,.,.,.,.,.,.,.,.,.
2023,2,24,45,.,.,.,.,.,.,.,.,.,.,.,.,.
2023,2,24,46,.,.,.,.,.,.,.,.,.,.,.,.,.
2023,2,24,47,.,.,.,.,.,.,.,.,.,.,.,.,.
2023,2,24,48,.,.,.,.,.,.,.,.,.,.,.,.,.
2023,2,24,49,.,.,.,.,.,.,.,.,.,.,.,.,.
2023,2,24,50,.,.,.,.,.,.,.,.,.,.,.,.,.
2023,2,24,51,.,.,.,.,.,.,.,.,.,.,.,.,.
2023,2,24,52,.,.,.,.,.,.,.,.,.,.,.,.,.
2023,2,24,53,.,.,.,.,.,.,.,.,.,.,.,.,.
2023,3,3,1,.,.,.,.,.,.,.,.,.,.,.,.,.
2023,3,3,2,.,.,.,.,.,.,.,.,.,.,.,.,.
2023,3,3,3,.,.,.,.,.,.,.,.,.,.,.,.,.
2023,3,3,4,.,.,.,.,.,.,.,.,.,.,.,.,.
2023,3,3,5,.,.,.,.,.,.,.,.,.,.,.,.,.
2023,3,3,6,.,.,.,.,.,.,.,.,.,.,.,.,.
2023,3,3,7,.,.,.,.,.,.,.,.,.,.,.,.,.
2023,3,3,8,.,.,.,.,.,.,.,.,.,.,.,.,.
2023,3,3,9,.,.,.,.,.,.,.,.,.,.,.,.,.
2023,3,3,10,.,.,.,.,.,.,.,.,.,.,.,.,.
2023,3,3,11,.,.,.,.,.,.,.,.,.,.,.,.,.
2023,3,3,12,.,.,.,.,.,.,.,.,.,.,.,.,.
2023,3,3,13,.,.,.,.,.,.,.,.,.,.,.,.,.
2023,3,3,14,.,.,.,.,.,.,.,.,.,.,.,.,.
2023,3,3,15,.,.,.,.,.,.,.,.,.,.,.,.,.
2023,3,3,16,.,.,.,.,.,.,.,.,.,.,.,.,.
2023,3,3,17,.,.,.,.,.,.,.,.,.,.,.,.,.
2023,3,3,18,.,.,.,.,.,.,.,.,.,.,.,.,.
2023,3,3,19,.,.,.,.,.,.,.,.,.,.,.,.,.
2023,3,3,20,.,.,.,.,.,.,.,.,.,.,.,.,.
2023,3,3,21,.,.,.,.,.,.,.,.,.,.,.,.,.
2023,3,3,22,.,.,.,.,.,.,.,.,.,.,.,.,.
2023,3,3,23,.,.,.,.,.,.,.,.,.,.,.,.,.
2023,3,3,24,.,.,.,.,.,.,.,.,.,.,.,.,.
2023,3,3,25,.,.,.,.,.,.,.,.,.,.,.,.,.
2023,3,3,26,.,.,.,.,.,.,.,.,.,.,.,.,.
2023,3,3,27,.,.,.,.,.,.,.,.,.,.,.,.,.
2023,3,3,28,.,.,.,.,.,.,.,.,.,.,.,.,.
2023,3,3,29,.,.,.,.,.,.,.,.,.,.,.,.,.
2023,3,3,30,.,.,.,.,.,.,.,.,.,.,.,.,.
2023,3,3,31,.,.,.,.,.,.,.,.,.,.,.,.,.
2023,3,3,32,.,.,.,.,.,.,.,.,.,.,.,.,.
2023,3,3,33,.,.,.,.,.,.,.,.,.,.,.,.,.
2023,3,3,34,.,.,.,.,.,.,.,.,.,.,.,.,.
2023,3,3,35,.,.,.,.,.,.,.,.,.,.,.,.,.
2023,3,3,36,.,.,.,.,.,.,.,.,.,.,.,.,.
2023,3,3,37,.,.,.,.,.,.,.,.,.,.,.,.,.
2023,3,3,38,.,.,.,.,.,.,.,.,.,.,.,.,.
2023,3,3,39,.,.,.,.,.,.,.,.,.,.,.,.,.
2023,3,3,40,.,.,.,.,.,.,.,.,.,.,.,.,.
2023,3,3,41,.,.,.,.,.,.,.,.,.,.,.,.,.
2023,3,3,42,.,.,.,.,.,.,.,.,.,.,.,.,.
2023,3,3,43,.,.,.,.,.,.,.,.,.,.,.,.,.
2023,3,3,44,.,.,.,.,.,.,.,.,.,.,.,.,.
2023,3,3,45,.,.,.,.,.,.,.,.,.,.,.,.,.
2023,3,3,46,.,.,.,.,.,.,.,.,.,.,.,.,.
2023,3,3,47,.,.,.,.,.,.,.,.,.,.,.,.,.
2023,3,3,48,.,.,.,.,.,.,.,.,.,.,.,.,.
2023,3,3,49,.,.,.,.,.,.,.,.,.,.,.,.,.
2023,3,3,50,.,.,.,.,.,.,.,.,.,.,.,.,.
2023,3,3,51,.,.,.,.,.,.,.,.,.,.,.,.,.
2023,3,3,52,.,.,.,.,.,.,.,.,.,.,.,.,.
2023,3,3,53,.,.,.,.,.,.,.,.,.,.,.,.,.
2023,3,10,1,.,.,.,.,.,.,.,.,.,.,.,.,.
2023,3,10,2,.,.,.,.,.,.,.,.,.,.,.,.,.
2023,3,10,3,.,.,.,.,.,.,.,.,.,.,.,.,.
2023,3,10,4,.,.,.,.,.,.,.,.,.,.,.,.,.
2023,3,10,5,.,.,.,.,.,.,.,.,.,.,.,.,.
2023,3,10,6,.,.,.,.,.,.,.,.,.,.,.,.,.
2023,3,10,7,.,.,.,.,.,.,.,.,.,.,.,.,.
2023,3,10,8,.,.,.,.,.,.,.,.,.,.,.,.,.
2023,3,10,9,.,.,.,.,.,.,.,.,.,.,.,.,.
2023,3,10,10,.,.,.,.,.,.,.,.,.,.,.,.,.
2023,3,10,11,.,.,.,.,.,.,.,.,.,.,.,.,.
2023,3,10,12,.,.,.,.,.,.,.,.,.,.,.,.,.
2023,3,10,13,.,.,.,.,.,.,.,.,.,.,.,.,.
2023,3,10,14,.,.,.,.,.,.,.,.,.,.,.,.,.
2023,3,10,15,.,.,.,.,.,.,.,.,.,.,.,.,.
2023,3,10,16,.,.,.,.,.,.,.,.,.,.,.,.,.
2023,3,10,17,.,.,.,.,.,.,.,.,.,.,.,.,.
2023,3,10,18,.,.,.,.,.,.,.,.,.,.,.,.,.
2023,3,10,19,.,.,.,.,.,.,.,.,.,.,.,.,.
2023,3,10,20,.,.,.,.,.,.,.,.,.,.,.,.,.
2023,3,10,21,.,.,.,.,.,.,.,.,.,.,.,.,.
2023,3,10,22,.,.,.,.,.,.,.,.,.,.,.,.,.
2023,3,10,23,.,.,.,.,.,.,.,.,.,.,.,.,.
2023,3,10,24,.,.,.,.,.,.,.,.,.,.,.,.,.
2023,3,10,25,.,.,.,.,.,.,.,.,.,.,.,.,.
2023,3,10,26,.,.,.,.,.,.,.,.,.,.,.,.,.
2023,3,10,27,.,.,.,.,.,.,.,.,.,.,.,.,.
2023,3,10,28,.,.,.,.,.,.,.,.,.,.,.,.,.
2023,3,10,29,.,.,.,.,.,.,.,.,.,.,.,.,.
2023,3,10,30,.,.,.,.,.,.,.,.,.,.,.,.,.
2023,3,10,31,.,.,.,.,.,.,.,.,.,.,.,.,.
2023,3,10,32,.,.,.,.,.,.,.,.,.,.,.,.,.
2023,3,10,33,.,.,.,.,.,.,.,.,.,.,.,.,.
2023,3,10,34,.,.,.,.,.,.,.,.,.,.,.,.,.
2023,3,10,35,.,.,.,.,.,.,.,.,.,.,.,.,.
2023,3,10,36,.,.,.,.,.,.,.,.,.,.,.,.,.
2023,3,10,37,.,.,.,.,.,.,.,.,.,.,.,.,.
2023,3,10,38,.,.,.,.,.,.,.,.,.,.,.,.,.
2023,3,10,39,.,.,.,.,.,.,.,.,.,.,.,.,.
2023,3,10,40,.,.,.,.,.,.,.,.,.,.,.,.,.
2023,3,10,41,.,.,.,.,.,.,.,.,.,.,.,.,.
2023,3,10,42,.,.,.,.,.,.,.,.,.,.,.,.,.
2023,3,10,43,.,.,.,.,.,.,.,.,.,.,.,.,.
2023,3,10,44,.,.,.,.,.,.,.,.,.,.,.,.,.
2023,3,10,45,.,.,.,.,.,.,.,.,.,.,.,.,.
2023,3,10,46,.,.,.,.,.,.,.,.,.,.,.,.,.
2023,3,10,47,.,.,.,.,.,.,.,.,.,.,.,.,.
2023,3,10,48,.,.,.,.,.,.,.,.,.,.,.,.,.
2023,3,10,49,.,.,.,.,.,.,.,.,.,.,.,.,.
2023,3,10,50,.,.,.,.,.,.,.,.,.,.,.,.,.
2023,3,10,51,.,.,.,.,.,.,.,.,.,.,.,.,.
2023,3,10,52,.,.,.,.,.,.,.,.,.,.,.,.,.
2023,3,10,53,.,.,.,.,.,.,.,.,.,.,.,.,.
2023,3,17,1,.,.,.,.,.,.,.,.,.,.,.,.,.
2023,3,17,2,.,.,.,.,.,.,.,.,.,.,.,.,.
2023,3,17,3,.,.,.,.,.,.,.,.,.,.,.,.,.
2023,3,17,4,.,.,.,.,.,.,.,.,.,.,.,.,.
2023,3,17,5,.,.,.,.,.,.,.,.,.,.,.,.,.
2023,3,17,6,.,.,.,.,.,.,.,.,.,.,.,.,.
2023,3,17,7,.,.,.,.,.,.,.,.,.,.,.,.,.
2023,3,17,8,.,.,.,.,.,.,.,.,.,.,.,.,.
2023,3,17,9,.,.,.,.,.,.,.,.,.,.,.,.,.
2023,3,17,10,.,.,.,.,.,.,.,.,.,.,.,.,.
2023,3,17,11,.,.,.,.,.,.,.,.,.,.,.,.,.
2023,3,17,12,.,.,.,.,.,.,.,.,.,.,.,.,.
2023,3,17,13,.,.,.,.,.,.,.,.,.,.,.,.,.
2023,3,17,14,.,.,.,.,.,.,.,.,.,.,.,.,.
2023,3,17,15,.,.,.,.,.,.,.,.,.,.,.,.,.
2023,3,17,16,.,.,.,.,.,.,.,.,.,.,.,.,.
2023,3,17,17,.,.,.,.,.,.,.,.,.,.,.,.,.
2023,3,17,18,.,.,.,.,.,.,.,.,.,.,.,.,.
2023,3,17,19,.,.,.,.,.,.,.,.,.,.,.,.,.
2023,3,17,20,.,.,.,.,.,.,.,.,.,.,.,.,.
2023,3,17,21,.,.,.,.,.,.,.,.,.,.,.,.,.
2023,3,17,22,.,.,.,.,.,.,.,.,.,.,.,.,.
2023,3,17,23,.,.,.,.,.,.,.,.,.,.,.,.,.
2023,3,17,24,.,.,.,.,.,.,.,.,.,.,.,.,.
2023,3,17,25,.,.,.,.,.,.,.,.,.,.,.,.,.
2023,3,17,26,.,.,.,.,.,.,.,.,.,.,.,.,.
2023,3,17,27,.,.,.,.,.,.,.,.,.,.,.,.,.
2023,3,17,28,.,.,.,.,.,.,.,.,.,.,.,.,.
2023,3,17,29,.,.,.,.,.,.,.,.,.,.,.,.,.
2023,3,17,30,.,.,.,.,.,.,.,.,.,.,.,.,.
2023,3,17,31,.,.,.,.,.,.,.,.,.,.,.,.,.
2023,3,17,32,.,.,.,.,.,.,.,.,.,.,.,.,.
2023,3,17,33,.,.,.,.,.,.,.,.,.,.,.,.,.
2023,3,17,34,.,.,.,.,.,.,.,.,.,.,.,.,.
2023,3,17,35,.,.,.,.,.,.,.,.,.,.,.,.,.
2023,3,17,36,.,.,.,.,.,.,.,.,.,.,.,.,.
2023,3,17,37,.,.,.,.,.,.,.,.,.,.,.,.,.
2023,3,17,38,.,.,.,.,.,.,.,.,.,.,.,.,.
2023,3,17,39,.,.,.,.,.,.,.,.,.,.,.,.,.
2023,3,17,40,.,.,.,.,.,.,.,.,.,.,.,.,.
2023,3,17,41,.,.,.,.,.,.,.,.,.,.,.,.,.
2023,3,17,42,.,.,.,.,.,.,.,.,.,.,.,.,.
2023,3,17,43,.,.,.,.,.,.,.,.,.,.,.,.,.
2023,3,17,44,.,.,.,.,.,.,.,.,.,.,.,.,.
2023,3,17,45,.,.,.,.,.,.,.,.,.,.,.,.,.
2023,3,17,46,.,.,.,.,.,.,.,.,.,.,.,.,.
2023,3,17,47,.,.,.,.,.,.,.,.,.,.,.,.,.
2023,3,17,48,.,.,.,.,.,.,.,.,.,.,.,.,.
2023,3,17,49,.,.,.,.,.,.,.,.,.,.,.,.,.
2023,3,17,50,.,.,.,.,.,.,.,.,.,.,.,.,.
2023,3,17,51,.,.,.,.,.,.,.,.,.,.,.,.,.
2023,3,17,52,.,.,.,.,.,.,.,.,.,.,.,.,.
2023,3,17,53,.,.,.,.,.,.,.,.,.,.,.,.,.
2023,3,24,1,.,.,.,.,.,.,.,.,.,.,.,.,.
2023,3,24,2,.,.,.,.,.,.,.,.,.,.,.,.,.
2023,3,24,3,.,.,.,.,.,.,.,.,.,.,.,.,.
2023,3,24,4,.,.,.,.,.,.,.,.,.,.,.,.,.
2023,3,24,5,.,.,.,.,.,.,.,.,.,.,.,.,.
2023,3,24,6,.,.,.,.,.,.,.,.,.,.,.,.,.
2023,3,24,7,.,.,.,.,.,.,.,.,.,.,.,.,.
2023,3,24,8,.,.,.,.,.,.,.,.,.,.,.,.,.
2023,3,24,9,.,.,.,.,.,.,.,.,.,.,.,.,.
2023,3,24,10,.,.,.,.,.,.,.,.,.,.,.,.,.
2023,3,24,11,.,.,.,.,.,.,.,.,.,.,.,.,.
2023,3,24,12,.,.,.,.,.,.,.,.,.,.,.,.,.
2023,3,24,13,.,.,.,.,.,.,.,.,.,.,.,.,.
2023,3,24,14,.,.,.,.,.,.,.,.,.,.,.,.,.
2023,3,24,15,.,.,.,.,.,.,.,.,.,.,.,.,.
2023,3,24,16,.,.,.,.,.,.,.,.,.,.,.,.,.
2023,3,24,17,.,.,.,.,.,.,.,.,.,.,.,.,.
2023,3,24,18,.,.,.,.,.,.,.,.,.,.,.,.,.
2023,3,24,19,.,.,.,.,.,.,.,.,.,.,.,.,.
2023,3,24,20,.,.,.,.,.,.,.,.,.,.,.,.,.
2023,3,24,21,.,.,.,.,.,.,.,.,.,.,.,.,.
2023,3,24,22,.,.,.,.,.,.,.,.,.,.,.,.,.
2023,3,24,23,.,.,.,.,.,.,.,.,.,.,.,.,.
2023,3,24,24,.,.,.,.,.,.,.,.,.,.,.,.,.
2023,3,24,25,.,.,.,.,.,.,.,.,.,.,.,.,.
2023,3,24,26,.,.,.,.,.,.,.,.,.,.,.,.,.
2023,3,24,27,.,.,.,.,.,.,.,.,.,.,.,.,.
2023,3,24,28,.,.,.,.,.,.,.,.,.,.,.,.,.
2023,3,24,29,.,.,.,.,.,.,.,.,.,.,.,.,.
2023,3,24,30,.,.,.,.,.,.,.,.,.,.,.,.,.
2023,3,24,31,.,.,.,.,.,.,.,.,.,.,.,.,.
2023,3,24,32,.,.,.,.,.,.,.,.,.,.,.,.,.
2023,3,24,33,.,.,.,.,.,.,.,.,.,.,.,.,.
2023,3,24,34,.,.,.,.,.,.,.,.,.,.,.,.,.
2023,3,24,35,.,.,.,.,.,.,.,.,.,.,.,.,.
2023,3,24,36,.,.,.,.,.,.,.,.,.,.,.,.,.
2023,3,24,37,.,.,.,.,.,.,.,.,.,.,.,.,.
2023,3,24,38,.,.,.,.,.,.,.,.,.,.,.,.,.
2023,3,24,39,.,.,.,.,.,.,.,.,.,.,.,.,.
2023,3,24,40,.,.,.,.,.,.,.,.,.,.,.,.,.
2023,3,24,41,.,.,.,.,.,.,.,.,.,.,.,.,.
2023,3,24,42,.,.,.,.,.,.,.,.,.,.,.,.,.
2023,3,24,43,.,.,.,.,.,.,.,.,.,.,.,.,.
2023,3,24,44,.,.,.,.,.,.,.,.,.,.,.,.,.
2023,3,24,45,.,.,.,.,.,.,.,.,.,.,.,.,.
2023,3,24,46,.,.,.,.,.,.,.,.,.,.,.,.,.
2023,3,24,47,.,.,.,.,.,.,.,.,.,.,.,.,.
2023,3,24,48,.,.,.,.,.,.,.,.,.,.,.,.,.
2023,3,24,49,.,.,.,.,.,.,.,.,.,.,.,.,.
2023,3,24,50,.,.,.,.,.,.,.,.,.,.,.,.,.
2023,3,24,51,.,.,.,.,.,.,.,.,.,.,.,.,.
2023,3,24,52,.,.,.,.,.,.,.,.,.,.,.,.,.
2023,3,24,53,.,.,.,.,.,.,.,.,.,.,.,.,.
2023,3,31,1,.,.,.,.,.,.,.,.,.,.,.,.,.
2023,3,31,2,.,.,.,.,.,.,.,.,.,.,.,.,.
2023,3,31,3,.,.,.,.,.,.,.,.,.,.,.,.,.
2023,3,31,4,.,.,.,.,.,.,.,.,.,.,.,.,.
2023,3,31,5,.,.,.,.,.,.,.,.,.,.,.,.,.
2023,3,31,6,.,.,.,.,.,.,.,.,.,.,.,.,.
2023,3,31,7,.,.,.,.,.,.,.,.,.,.,.,.,.
2023,3,31,8,.,.,.,.,.,.,.,.,.,.,.,.,.
2023,3,31,9,.,.,.,.,.,.,.,.,.,.,.,.,.
2023,3,31,10,.,.,.,.,.,.,.,.,.,.,.,.,.
2023,3,31,11,.,.,.,.,.,.,.,.,.,.,.,.,.
2023,3,31,12,.,.,.,.,.,.,.,.,.,.,.,.,.
2023,3,31,13,.,.,.,.,.,.,.,.,.,.,.,.,.
2023,3,31,14,.,.,.,.,.,.,.,.,.,.,.,.,.
2023,3,31,15,.,.,.,.,.,.,.,.,.,.,.,.,.
2023,3,31,16,.,.,.,.,.,.,.,.,.,.,.,.,.
2023,3,31,17,.,.,.,.,.,.,.,.,.,.,.,.,.
2023,3,31,18,.,.,.,.,.,.,.,.,.,.,.,.,.
2023,3,31,19,.,.,.,.,.,.,.,.,.,.,.,.,.
2023,3,31,20,.,.,.,.,.,.,.,.,.,.,.,.,.
2023,3,31,21,.,.,.,.,.,.,.,.,.,.,.,.,.
2023,3,31,22,.,.,.,.,.,.,.,.,.,.,.,.,.
2023,3,31,23,.,.,.,.,.,.,.,.,.,.,.,.,.
2023,3,31,24,.,.,.,.,.,.,.,.,.,.,.,.,.
2023,3,31,25,.,.,.,.,.,.,.,.,.,.,.,.,.
2023,3,31,26,.,.,.,.,.,.,.,.,.,.,.,.,.
2023,3,31,27,.,.,.,.,.,.,.,.,.,.,.,.,.
2023,3,31,28,.,.,.,.,.,.,.,.,.,.,.,.,.
2023,3,31,29,.,.,.,.,.,.,.,.,.,.,.,.,.
2023,3,31,30,.,.,.,.,.,.,.,.,.,.,.,.,.
2023,3,31,31,.,.,.,.,.,.,.,.,.,.,.,.,.
2023,3,31,32,.,.,.,.,.,.,.,.,.,.,.,.,.
2023,3,31,33,.,.,.,.,.,.,.,.,.,.,.,.,.
2023,3,31,34,.,.,.,.,.,.,.,.,.,.,.,.,.
2023,3,31,35,.,.,.,.,.,.,.,.,.,.,.,.,.
2023,3,31,36,.,.,.,.,.,.,.,.,.,.,.,.,.
2023,3,31,37,.,.,.,.,.,.,.,.,.,.,.,.,.
2023,3,31,38,.,.,.,.,.,.,.,.,.,.,.,.,.
2023,3,31,39,.,.,.,.,.,.,.,.,.,.,.,.,.
2023,3,31,40,.,.,.,.,.,.,.,.,.,.,.,.,.
2023,3,31,41,.,.,.,.,.,.,.,.,.,.,.,.,.
2023,3,31,42,.,.,.,.,.,.,.,.,.,.,.,.,.
2023,3,31,43,.,.,.,.,.,.,.,.,.,.,.,.,.
2023,3,31,44,.,.,.,.,.,.,.,.,.,.,.,.,.
2023,3,31,45,.,.,.,.,.,.,.,.,.,.,.,.,.
2023,3,31,46,.,.,.,.,.,.,.,.,.,.,.,.,.
2023,3,31,47,.,.,.,.,.,.,.,.,.,.,.,.,.
2023,3,31,48,.,.,.,.,.,.,.,.,.,.,.,.,.
2023,3,31,49,.,.,.,.,.,.,.,.,.,.,.,.,.
2023,3,31,50,.,.,.,.,.,.,.,.,.,.,.,.,.
2023,3,31,51,.,.,.,.,.,.,.,.,.,.,.,.,.
2023,3,31,52,.,.,.,.,.,.,.,.,.,.,.,.,.
2023,3,31,53,.,.,.,.,.,.,.,.,.,.,.,.,.
2023,4,7,1,.,.,.,.,.,.,.,.,.,.,.,.,.
2023,4,7,2,.,.,.,.,.,.,.,.,.,.,.,.,.
2023,4,7,3,.,.,.,.,.,.,.,.,.,.,.,.,.
2023,4,7,4,.,.,.,.,.,.,.,.,.,.,.,.,.
2023,4,7,5,.,.,.,.,.,.,.,.,.,.,.,.,.
2023,4,7,6,.,.,.,.,.,.,.,.,.,.,.,.,.
2023,4,7,7,.,.,.,.,.,.,.,.,.,.,.,.,.
2023,4,7,8,.,.,.,.,.,.,.,.,.,.,.,.,.
2023,4,7,9,.,.,.,.,.,.,.,.,.,.,.,.,.
2023,4,7,10,.,.,.,.,.,.,.,.,.,.,.,.,.
2023,4,7,11,.,.,.,.,.,.,.,.,.,.,.,.,.
2023,4,7,12,.,.,.,.,.,.,.,.,.,.,.,.,.
2023,4,7,13,.,.,.,.,.,.,.,.,.,.,.,.,.
2023,4,7,14,.,.,.,.,.,.,.,.,.,.,.,.,.
2023,4,7,15,.,.,.,.,.,.,.,.,.,.,.,.,.
2023,4,7,16,.,.,.,.,.,.,.,.,.,.,.,.,.
2023,4,7,17,.,.,.,.,.,.,.,.,.,.,.,.,.
2023,4,7,18,.,.,.,.,.,.,.,.,.,.,.,.,.
2023,4,7,19,.,.,.,.,.,.,.,.,.,.,.,.,.
2023,4,7,20,.,.,.,.,.,.,.,.,.,.,.,.,.
2023,4,7,21,.,.,.,.,.,.,.,.,.,.,.,.,.
2023,4,7,22,.,.,.,.,.,.,.,.,.,.,.,.,.
2023,4,7,23,.,.,.,.,.,.,.,.,.,.,.,.,.
2023,4,7,24,.,.,.,.,.,.,.,.,.,.,.,.,.
2023,4,7,25,.,.,.,.,.,.,.,.,.,.,.,.,.
2023,4,7,26,.,.,.,.,.,.,.,.,.,.,.,.,.
2023,4,7,27,.,.,.,.,.,.,.,.,.,.,.,.,.
2023,4,7,28,.,.,.,.,.,.,.,.,.,.,.,.,.
2023,4,7,29,.,.,.,.,.,.,.,.,.,.,.,.,.
2023,4,7,30,.,.,.,.,.,.,.,.,.,.,.,.,.
2023,4,7,31,.,.,.,.,.,.,.,.,.,.,.,.,.
2023,4,7,32,.,.,.,.,.,.,.,.,.,.,.,.,.
2023,4,7,33,.,.,.,.,.,.,.,.,.,.,.,.,.
2023,4,7,34,.,.,.,.,.,.,.,.,.,.,.,.,.
2023,4,7,35,.,.,.,.,.,.,.,.,.,.,.,.,.
2023,4,7,36,.,.,.,.,.,.,.,.,.,.,.,.,.
2023,4,7,37,.,.,.,.,.,.,.,.,.,.,.,.,.
2023,4,7,38,.,.,.,.,.,.,.,.,.,.,.,.,.
2023,4,7,39,.,.,.,.,.,.,.,.,.,.,.,.,.
2023,4,7,40,.,.,.,.,.,.,.,.,.,.,.,.,.
2023,4,7,41,.,.,.,.,.,.,.,.,.,.,.,.,.
2023,4,7,42,.,.,.,.,.,.,.,.,.,.,.,.,.
2023,4,7,43,.,.,.,.,.,.,.,.,.,.,.,.,.
2023,4,7,44,.,.,.,.,.,.,.,.,.,.,.,.,.
2023,4,7,45,.,.,.,.,.,.,.,.,.,.,.,.,.
2023,4,7,46,.,.,.,.,.,.,.,.,.,.,.,.,.
2023,4,7,47,.,.,.,.,.,.,.,.,.,.,.,.,.
2023,4,7,48,.,.,.,.,.,.,.,.,.,.,.,.,.
2023,4,7,49,.,.,.,.,.,.,.,.,.,.,.,.,.
2023,4,7,50,.,.,.,.,.,.,.,.,.,.,.,.,.
2023,4,7,51,.,.,.,.,.,.,.,.,.,.,.,.,.
2023,4,7,52,.,.,.,.,.,.,.,.,.,.,.,.,.
2023,4,7,53,.,.,.,.,.,.,.,.,.,.,.,.,.
2023,4,14,1,.,.,.,.,.,.,.,.,.,.,.,.,.
2023,4,14,2,.,.,.,.,.,.,.,.,.,.,.,.,.
2023,4,14,3,.,.,.,.,.,.,.,.,.,.,.,.,.
2023,4,14,4,.,.,.,.,.,.,.,.,.,.,.,.,.
2023,4,14,5,.,.,.,.,.,.,.,.,.,.,.,.,.
2023,4,14,6,.,.,.,.,.,.,.,.,.,.,.,.,.
2023,4,14,7,.,.,.,.,.,.,.,.,.,.,.,.,.
2023,4,14,8,.,.,.,.,.,.,.,.,.,.,.,.,.
2023,4,14,9,.,.,.,.,.,.,.,.,.,.,.,.,.
2023,4,14,10,.,.,.,.,.,.,.,.,.,.,.,.,.
2023,4,14,11,.,.,.,.,.,.,.,.,.,.,.,.,.
2023,4,14,12,.,.,.,.,.,.,.,.,.,.,.,.,.
2023,4,14,13,.,.,.,.,.,.,.,.,.,.,.,.,.
2023,4,14,14,.,.,.,.,.,.,.,.,.,.,.,.,.
2023,4,14,15,.,.,.,.,.,.,.,.,.,.,.,.,.
2023,4,14,16,.,.,.,.,.,.,.,.,.,.,.,.,.
2023,4,14,17,.,.,.,.,.,.,.,.,.,.,.,.,.
2023,4,14,18,.,.,.,.,.,.,.,.,.,.,.,.,.
2023,4,14,19,.,.,.,.,.,.,.,.,.,.,.,.,.
2023,4,14,20,.,.,.,.,.,.,.,.,.,.,.,.,.
2023,4,14,21,.,.,.,.,.,.,.,.,.,.,.,.,.
2023,4,14,22,.,.,.,.,.,.,.,.,.,.,.,.,.
2023,4,14,23,.,.,.,.,.,.,.,.,.,.,.,.,.
2023,4,14,24,.,.,.,.,.,.,.,.,.,.,.,.,.
2023,4,14,25,.,.,.,.,.,.,.,.,.,.,.,.,.
2023,4,14,26,.,.,.,.,.,.,.,.,.,.,.,.,.
2023,4,14,27,.,.,.,.,.,.,.,.,.,.,.,.,.
2023,4,14,28,.,.,.,.,.,.,.,.,.,.,.,.,.
2023,4,14,29,.,.,.,.,.,.,.,.,.,.,.,.,.
2023,4,14,30,.,.,.,.,.,.,.,.,.,.,.,.,.
2023,4,14,31,.,.,.,.,.,.,.,.,.,.,.,.,.
2023,4,14,32,.,.,.,.,.,.,.,.,.,.,.,.,.
2023,4,14,33,.,.,.,.,.,.,.,.,.,.,.,.,.
2023,4,14,34,.,.,.,.,.,.,.,.,.,.,.,.,.
2023,4,14,35,.,.,.,.,.,.,.,.,.,.,.,.,.
2023,4,14,36,.,.,.,.,.,.,.,.,.,.,.,.,.
2023,4,14,37,.,.,.,.,.,.,.,.,.,.,.,.,.
2023,4,14,38,.,.,.,.,.,.,.,.,.,.,.,.,.
2023,4,14,39,.,.,.,.,.,.,.,.,.,.,.,.,.
2023,4,14,40,.,.,.,.,.,.,.,.,.,.,.,.,.
2023,4,14,41,.,.,.,.,.,.,.,.,.,.,.,.,.
2023,4,14,42,.,.,.,.,.,.,.,.,.,.,.,.,.
2023,4,14,43,.,.,.,.,.,.,.,.,.,.,.,.,.
2023,4,14,44,.,.,.,.,.,.,.,.,.,.,.,.,.
2023,4,14,45,.,.,.,.,.,.,.,.,.,.,.,.,.
2023,4,14,46,.,.,.,.,.,.,.,.,.,.,.,.,.
2023,4,14,47,.,.,.,.,.,.,.,.,.,.,.,.,.
2023,4,14,48,.,.,.,.,.,.,.,.,.,.,.,.,.
2023,4,14,49,.,.,.,.,.,.,.,.,.,.,.,.,.
2023,4,14,50,.,.,.,.,.,.,.,.,.,.,.,.,.
2023,4,14,51,.,.,.,.,.,.,.,.,.,.,.,.,.
2023,4,14,52,.,.,.,.,.,.,.,.,.,.,.,.,.
2023,4,14,53,.,.,.,.,.,.,.,.,.,.,.,.,.
2023,4,21,1,.,.,.,.,.,.,.,.,.,.,.,.,.
2023,4,21,2,.,.,.,.,.,.,.,.,.,.,.,.,.
2023,4,21,3,.,.,.,.,.,.,.,.,.,.,.,.,.
2023,4,21,4,.,.,.,.,.,.,.,.,.,.,.,.,.
2023,4,21,5,.,.,.,.,.,.,.,.,.,.,.,.,.
2023,4,21,6,.,.,.,.,.,.,.,.,.,.,.,.,.
2023,4,21,7,.,.,.,.,.,.,.,.,.,.,.,.,.
2023,4,21,8,.,.,.,.,.,.,.,.,.,.,.,.,.
2023,4,21,9,.,.,.,.,.,.,.,.,.,.,.,.,.
2023,4,21,10,.,.,.,.,.,.,.,.,.,.,.,.,.
2023,4,21,11,.,.,.,.,.,.,.,.,.,.,.,.,.
2023,4,21,12,.,.,.,.,.,.,.,.,.,.,.,.,.
2023,4,21,13,.,.,.,.,.,.,.,.,.,.,.,.,.
2023,4,21,14,.,.,.,.,.,.,.,.,.,.,.,.,.
2023,4,21,15,.,.,.,.,.,.,.,.,.,.,.,.,.
2023,4,21,16,.,.,.,.,.,.,.,.,.,.,.,.,.
2023,4,21,17,.,.,.,.,.,.,.,.,.,.,.,.,.
2023,4,21,18,.,.,.,.,.,.,.,.,.,.,.,.,.
2023,4,21,19,.,.,.,.,.,.,.,.,.,.,.,.,.
2023,4,21,20,.,.,.,.,.,.,.,.,.,.,.,.,.
2023,4,21,21,.,.,.,.,.,.,.,.,.,.,.,.,.
2023,4,21,22,.,.,.,.,.,.,.,.,.,.,.,.,.
2023,4,21,23,.,.,.,.,.,.,.,.,.,.,.,.,.
2023,4,21,24,.,.,.,.,.,.,.,.,.,.,.,.,.
2023,4,21,25,.,.,.,.,.,.,.,.,.,.,.,.,.
2023,4,21,26,.,.,.,.,.,.,.,.,.,.,.,.,.
2023,4,21,27,.,.,.,.,.,.,.,.,.,.,.,.,.
2023,4,21,28,.,.,.,.,.,.,.,.,.,.,.,.,.
2023,4,21,29,.,.,.,.,.,.,.,.,.,.,.,.,.
2023,4,21,30,.,.,.,.,.,.,.,.,.,.,.,.,.
2023,4,21,31,.,.,.,.,.,.,.,.,.,.,.,.,.
2023,4,21,32,.,.,.,.,.,.,.,.,.,.,.,.,.
2023,4,21,33,.,.,.,.,.,.,.,.,.,.,.,.,.
2023,4,21,34,.,.,.,.,.,.,.,.,.,.,.,.,.
2023,4,21,35,.,.,.,.,.,.,.,.,.,.,.,.,.
2023,4,21,36,.,.,.,.,.,.,.,.,.,.,.,.,.
2023,4,21,37,.,.,.,.,.,.,.,.,.,.,.,.,.
2023,4,21,38,.,.,.,.,.,.,.,.,.,.,.,.,.
2023,4,21,39,.,.,.,.,.,.,.,.,.,.,.,.,.
2023,4,21,40,.,.,.,.,.,.,.,.,.,.,.,.,.
2023,4,21,41,.,.,.,.,.,.,.,.,.,.,.,.,.
2023,4,21,42,.,.,.,.,.,.,.,.,.,.,.,.,.
2023,4,21,43,.,.,.,.,.,.,.,.,.,.,.,.,.
2023,4,21,44,.,.,.,.,.,.,.,.,.,.,.,.,.
2023,4,21,45,.,.,.,.,.,.,.,.,.,.,.,.,.
2023,4,21,46,.,.,.,.,.,.,.,.,.,.,.,.,.
2023,4,21,47,.,.,.,.,.,.,.,.,.,.,.,.,.
2023,4,21,48,.,.,.,.,.,.,.,.,.,.,.,.,.
2023,4,21,49,.,.,.,.,.,.,.,.,.,.,.,.,.
2023,4,21,50,.,.,.,.,.,.,.,.,.,.,.,.,.
2023,4,21,51,.,.,.,.,.,.,.,.,.,.,.,.,.
2023,4,21,52,.,.,.,.,.,.,.,.,.,.,.,.,.
2023,4,21,53,.,.,.,.,.,.,.,.,.,.,.,.,.
2023,4,28,1,.,.,.,.,.,.,.,.,.,.,.,.,.
2023,4,28,2,.,.,.,.,.,.,.,.,.,.,.,.,.
2023,4,28,3,.,.,.,.,.,.,.,.,.,.,.,.,.
2023,4,28,4,.,.,.,.,.,.,.,.,.,.,.,.,.
2023,4,28,5,.,.,.,.,.,.,.,.,.,.,.,.,.
2023,4,28,6,.,.,.,.,.,.,.,.,.,.,.,.,.
2023,4,28,7,.,.,.,.,.,.,.,.,.,.,.,.,.
2023,4,28,8,.,.,.,.,.,.,.,.,.,.,.,.,.
2023,4,28,9,.,.,.,.,.,.,.,.,.,.,.,.,.
2023,4,28,10,.,.,.,.,.,.,.,.,.,.,.,.,.
2023,4,28,11,.,.,.,.,.,.,.,.,.,.,.,.,.
2023,4,28,12,.,.,.,.,.,.,.,.,.,.,.,.,.
2023,4,28,13,.,.,.,.,.,.,.,.,.,.,.,.,.
2023,4,28,14,.,.,.,.,.,.,.,.,.,.,.,.,.
2023,4,28,15,.,.,.,.,.,.,.,.,.,.,.,.,.
2023,4,28,16,.,.,.,.,.,.,.,.,.,.,.,.,.
2023,4,28,17,.,.,.,.,.,.,.,.,.,.,.,.,.
2023,4,28,18,.,.,.,.,.,.,.,.,.,.,.,.,.
2023,4,28,19,.,.,.,.,.,.,.,.,.,.,.,.,.
2023,4,28,20,.,.,.,.,.,.,.,.,.,.,.,.,.
2023,4,28,21,.,.,.,.,.,.,.,.,.,.,.,.,.
2023,4,28,22,.,.,.,.,.,.,.,.,.,.,.,.,.
2023,4,28,23,.,.,.,.,.,.,.,.,.,.,.,.,.
2023,4,28,24,.,.,.,.,.,.,.,.,.,.,.,.,.
2023,4,28,25,.,.,.,.,.,.,.,.,.,.,.,.,.
2023,4,28,26,.,.,.,.,.,.,.,.,.,.,.,.,.
2023,4,28,27,.,.,.,.,.,.,.,.,.,.,.,.,.
2023,4,28,28,.,.,.,.,.,.,.,.,.,.,.,.,.
2023,4,28,29,.,.,.,.,.,.,.,.,.,.,.,.,.
2023,4,28,30,.,.,.,.,.,.,.,.,.,.,.,.,.
2023,4,28,31,.,.,.,.,.,.,.,.,.,.,.,.,.
2023,4,28,32,.,.,.,.,.,.,.,.,.,.,.,.,.
2023,4,28,33,.,.,.,.,.,.,.,.,.,.,.,.,.
2023,4,28,34,.,.,.,.,.,.,.,.,.,.,.,.,.
2023,4,28,35,.,.,.,.,.,.,.,.,.,.,.,.,.
2023,4,28,36,.,.,.,.,.,.,.,.,.,.,.,.,.
2023,4,28,37,.,.,.,.,.,.,.,.,.,.,.,.,.
2023,4,28,38,.,.,.,.,.,.,.,.,.,.,.,.,.
2023,4,28,39,.,.,.,.,.,.,.,.,.,.,.,.,.
2023,4,28,40,.,.,.,.,.,.,.,.,.,.,.,.,.
2023,4,28,41,.,.,.,.,.,.,.,.,.,.,.,.,.
2023,4,28,42,.,.,.,.,.,.,.,.,.,.,.,.,.
2023,4,28,43,.,.,.,.,.,.,.,.,.,.,.,.,.
2023,4,28,44,.,.,.,.,.,.,.,.,.,.,.,.,.
2023,4,28,45,.,.,.,.,.,.,.,.,.,.,.,.,.
2023,4,28,46,.,.,.,.,.,.,.,.,.,.,.,.,.
2023,4,28,47,.,.,.,.,.,.,.,.,.,.,.,.,.
2023,4,28,48,.,.,.,.,.,.,.,.,.,.,.,.,.
2023,4,28,49,.,.,.,.,.,.,.,.,.,.,.,.,.
2023,4,28,50,.,.,.,.,.,.,.,.,.,.,.,.,.
2023,4,28,51,.,.,.,.,.,.,.,.,.,.,.,.,.
2023,4,28,52,.,.,.,.,.,.,.,.,.,.,.,.,.
2023,4,28,53,.,.,.,.,.,.,.,.,.,.,.,.,.
2023,5,5,1,.,.,.,.,.,.,.,.,.,.,.,.,.
2023,5,5,2,.,.,.,.,.,.,.,.,.,.,.,.,.
2023,5,5,3,.,.,.,.,.,.,.,.,.,.,.,.,.
2023,5,5,4,.,.,.,.,.,.,.,.,.,.,.,.,.
2023,5,5,5,.,.,.,.,.,.,.,.,.,.,.,.,.
2023,5,5,6,.,.,.,.,.,.,.,.,.,.,.,.,.
2023,5,5,7,.,.,.,.,.,.,.,.,.,.,.,.,.
2023,5,5,8,.,.,.,.,.,.,.,.,.,.,.,.,.
2023,5,5,9,.,.,.,.,.,.,.,.,.,.,.,.,.
2023,5,5,10,.,.,.,.,.,.,.,.,.,.,.,.,.
2023,5,5,11,.,.,.,.,.,.,.,.,.,.,.,.,.
2023,5,5,12,.,.,.,.,.,.,.,.,.,.,.,.,.
2023,5,5,13,.,.,.,.,.,.,.,.,.,.,.,.,.
2023,5,5,14,.,.,.,.,.,.,.,.,.,.,.,.,.
2023,5,5,15,.,.,.,.,.,.,.,.,.,.,.,.,.
2023,5,5,16,.,.,.,.,.,.,.,.,.,.,.,.,.
2023,5,5,17,.,.,.,.,.,.,.,.,.,.,.,.,.
2023,5,5,18,.,.,.,.,.,.,.,.,.,.,.,.,.
2023,5,5,19,.,.,.,.,.,.,.,.,.,.,.,.,.
2023,5,5,20,.,.,.,.,.,.,.,.,.,.,.,.,.
2023,5,5,21,.,.,.,.,.,.,.,.,.,.,.,.,.
2023,5,5,22,.,.,.,.,.,.,.,.,.,.,.,.,.
2023,5,5,23,.,.,.,.,.,.,.,.,.,.,.,.,.
2023,5,5,24,.,.,.,.,.,.,.,.,.,.,.,.,.
2023,5,5,25,.,.,.,.,.,.,.,.,.,.,.,.,.
2023,5,5,26,.,.,.,.,.,.,.,.,.,.,.,.,.
2023,5,5,27,.,.,.,.,.,.,.,.,.,.,.,.,.
2023,5,5,28,.,.,.,.,.,.,.,.,.,.,.,.,.
2023,5,5,29,.,.,.,.,.,.,.,.,.,.,.,.,.
2023,5,5,30,.,.,.,.,.,.,.,.,.,.,.,.,.
2023,5,5,31,.,.,.,.,.,.,.,.,.,.,.,.,.
2023,5,5,32,.,.,.,.,.,.,.,.,.,.,.,.,.
2023,5,5,33,.,.,.,.,.,.,.,.,.,.,.,.,.
2023,5,5,34,.,.,.,.,.,.,.,.,.,.,.,.,.
2023,5,5,35,.,.,.,.,.,.,.,.,.,.,.,.,.
2023,5,5,36,.,.,.,.,.,.,.,.,.,.,.,.,.
2023,5,5,37,.,.,.,.,.,.,.,.,.,.,.,.,.
2023,5,5,38,.,.,.,.,.,.,.,.,.,.,.,.,.
2023,5,5,39,.,.,.,.,.,.,.,.,.,.,.,.,.
2023,5,5,40,.,.,.,.,.,.,.,.,.,.,.,.,.
2023,5,5,41,.,.,.,.,.,.,.,.,.,.,.,.,.
2023,5,5,42,.,.,.,.,.,.,.,.,.,.,.,.,.
2023,5,5,43,.,.,.,.,.,.,.,.,.,.,.,.,.
2023,5,5,44,.,.,.,.,.,.,.,.,.,.,.,.,.
2023,5,5,45,.,.,.,.,.,.,.,.,.,.,.,.,.
2023,5,5,46,.,.,.,.,.,.,.,.,.,.,.,.,.
2023,5,5,47,.,.,.,.,.,.,.,.,.,.,.,.,.
2023,5,5,48,.,.,.,.,.,.,.,.,.,.,.,.,.
2023,5,5,49,.,.,.,.,.,.,.,.,.,.,.,.,.
2023,5,5,50,.,.,.,.,.,.,.,.,.,.,.,.,.
2023,5,5,51,.,.,.,.,.,.,.,.,.,.,.,.,.
2023,5,5,52,.,.,.,.,.,.,.,.,.,.,.,.,.
2023,5,5,53,.,.,.,.,.,.,.,.,.,.,.,.,.
2023,5,12,1,.,.,.,.,.,.,.,.,.,.,.,.,.
2023,5,12,2,.,.,.,.,.,.,.,.,.,.,.,.,.
2023,5,12,3,.,.,.,.,.,.,.,.,.,.,.,.,.
2023,5,12,4,.,.,.,.,.,.,.,.,.,.,.,.,.
2023,5,12,5,.,.,.,.,.,.,.,.,.,.,.,.,.
2023,5,12,6,.,.,.,.,.,.,.,.,.,.,.,.,.
2023,5,12,7,.,.,.,.,.,.,.,.,.,.,.,.,.
2023,5,12,8,.,.,.,.,.,.,.,.,.,.,.,.,.
2023,5,12,9,.,.,.,.,.,.,.,.,.,.,.,.,.
2023,5,12,10,.,.,.,.,.,.,.,.,.,.,.,.,.
2023,5,12,11,.,.,.,.,.,.,.,.,.,.,.,.,.
2023,5,12,12,.,.,.,.,.,.,.,.,.,.,.,.,.
2023,5,12,13,.,.,.,.,.,.,.,.,.,.,.,.,.
2023,5,12,14,.,.,.,.,.,.,.,.,.,.,.,.,.
2023,5,12,15,.,.,.,.,.,.,.,.,.,.,.,.,.
2023,5,12,16,.,.,.,.,.,.,.,.,.,.,.,.,.
2023,5,12,17,.,.,.,.,.,.,.,.,.,.,.,.,.
2023,5,12,18,.,.,.,.,.,.,.,.,.,.,.,.,.
2023,5,12,19,.,.,.,.,.,.,.,.,.,.,.,.,.
2023,5,12,20,.,.,.,.,.,.,.,.,.,.,.,.,.
2023,5,12,21,.,.,.,.,.,.,.,.,.,.,.,.,.
2023,5,12,22,.,.,.,.,.,.,.,.,.,.,.,.,.
2023,5,12,23,.,.,.,.,.,.,.,.,.,.,.,.,.
2023,5,12,24,.,.,.,.,.,.,.,.,.,.,.,.,.
2023,5,12,25,.,.,.,.,.,.,.,.,.,.,.,.,.
2023,5,12,26,.,.,.,.,.,.,.,.,.,.,.,.,.
2023,5,12,27,.,.,.,.,.,.,.,.,.,.,.,.,.
2023,5,12,28,.,.,.,.,.,.,.,.,.,.,.,.,.
2023,5,12,29,.,.,.,.,.,.,.,.,.,.,.,.,.
2023,5,12,30,.,.,.,.,.,.,.,.,.,.,.,.,.
2023,5,12,31,.,.,.,.,.,.,.,.,.,.,.,.,.
2023,5,12,32,.,.,.,.,.,.,.,.,.,.,.,.,.
2023,5,12,33,.,.,.,.,.,.,.,.,.,.,.,.,.
2023,5,12,34,.,.,.,.,.,.,.,.,.,.,.,.,.
2023,5,12,35,.,.,.,.,.,.,.,.,.,.,.,.,.
2023,5,12,36,.,.,.,.,.,.,.,.,.,.,.,.,.
2023,5,12,37,.,.,.,.,.,.,.,.,.,.,.,.,.
2023,5,12,38,.,.,.,.,.,.,.,.,.,.,.,.,.
2023,5,12,39,.,.,.,.,.,.,.,.,.,.,.,.,.
2023,5,12,40,.,.,.,.,.,.,.,.,.,.,.,.,.
2023,5,12,41,.,.,.,.,.,.,.,.,.,.,.,.,.
2023,5,12,42,.,.,.,.,.,.,.,.,.,.,.,.,.
2023,5,12,43,.,.,.,.,.,.,.,.,.,.,.,.,.
2023,5,12,44,.,.,.,.,.,.,.,.,.,.,.,.,.
2023,5,12,45,.,.,.,.,.,.,.,.,.,.,.,.,.
2023,5,12,46,.,.,.,.,.,.,.,.,.,.,.,.,.
2023,5,12,47,.,.,.,.,.,.,.,.,.,.,.,.,.
2023,5,12,48,.,.,.,.,.,.,.,.,.,.,.,.,.
2023,5,12,49,.,.,.,.,.,.,.,.,.,.,.,.,.
2023,5,12,50,.,.,.,.,.,.,.,.,.,.,.,.,.
2023,5,12,51,.,.,.,.,.,.,.,.,.,.,.,.,.
2023,5,12,52,.,.,.,.,.,.,.,.,.,.,.,.,.
2023,5,12,53,.,.,.,.,.,.,.,.,.,.,.,.,.
2023,5,19,1,.,.,.,.,.,.,.,.,.,.,.,.,.
2023,5,19,2,.,.,.,.,.,.,.,.,.,.,.,.,.
2023,5,19,3,.,.,.,.,.,.,.,.,.,.,.,.,.
2023,5,19,4,.,.,.,.,.,.,.,.,.,.,.,.,.
2023,5,19,5,.,.,.,.,.,.,.,.,.,.,.,.,.
2023,5,19,6,.,.,.,.,.,.,.,.,.,.,.,.,.
2023,5,19,7,.,.,.,.,.,.,.,.,.,.,.,.,.
2023,5,19,8,.,.,.,.,.,.,.,.,.,.,.,.,.
2023,5,19,9,.,.,.,.,.,.,.,.,.,.,.,.,.
2023,5,19,10,.,.,.,.,.,.,.,.,.,.,.,.,.
2023,5,19,11,.,.,.,.,.,.,.,.,.,.,.,.,.
2023,5,19,12,.,.,.,.,.,.,.,.,.,.,.,.,.
2023,5,19,13,.,.,.,.,.,.,.,.,.,.,.,.,.
2023,5,19,14,.,.,.,.,.,.,.,.,.,.,.,.,.
2023,5,19,15,.,.,.,.,.,.,.,.,.,.,.,.,.
2023,5,19,16,.,.,.,.,.,.,.,.,.,.,.,.,.
2023,5,19,17,.,.,.,.,.,.,.,.,.,.,.,.,.
2023,5,19,18,.,.,.,.,.,.,.,.,.,.,.,.,.
2023,5,19,19,.,.,.,.,.,.,.,.,.,.,.,.,.
2023,5,19,20,.,.,.,.,.,.,.,.,.,.,.,.,.
2023,5,19,21,.,.,.,.,.,.,.,.,.,.,.,.,.
2023,5,19,22,.,.,.,.,.,.,.,.,.,.,.,.,.
2023,5,19,23,.,.,.,.,.,.,.,.,.,.,.,.,.
2023,5,19,24,.,.,.,.,.,.,.,.,.,.,.,.,.
2023,5,19,25,.,.,.,.,.,.,.,.,.,.,.,.,.
2023,5,19,26,.,.,.,.,.,.,.,.,.,.,.,.,.
2023,5,19,27,.,.,.,.,.,.,.,.,.,.,.,.,.
2023,5,19,28,.,.,.,.,.,.,.,.,.,.,.,.,.
2023,5,19,29,.,.,.,.,.,.,.,.,.,.,.,.,.
2023,5,19,30,.,.,.,.,.,.,.,.,.,.,.,.,.
2023,5,19,31,.,.,.,.,.,.,.,.,.,.,.,.,.
2023,5,19,32,.,.,.,.,.,.,.,.,.,.,.,.,.
2023,5,19,33,.,.,.,.,.,.,.,.,.,.,.,.,.
2023,5,19,34,.,.,.,.,.,.,.,.,.,.,.,.,.
2023,5,19,35,.,.,.,.,.,.,.,.,.,.,.,.,.
2023,5,19,36,.,.,.,.,.,.,.,.,.,.,.,.,.
2023,5,19,37,.,.,.,.,.,.,.,.,.,.,.,.,.
2023,5,19,38,.,.,.,.,.,.,.,.,.,.,.,.,.
2023,5,19,39,.,.,.,.,.,.,.,.,.,.,.,.,.
2023,5,19,40,.,.,.,.,.,.,.,.,.,.,.,.,.
2023,5,19,41,.,.,.,.,.,.,.,.,.,.,.,.,.
2023,5,19,42,.,.,.,.,.,.,.,.,.,.,.,.,.
2023,5,19,43,.,.,.,.,.,.,.,.,.,.,.,.,.
2023,5,19,44,.,.,.,.,.,.,.,.,.,.,.,.,.
2023,5,19,45,.,.,.,.,.,.,.,.,.,.,.,.,.
2023,5,19,46,.,.,.,.,.,.,.,.,.,.,.,.,.
2023,5,19,47,.,.,.,.,.,.,.,.,.,.,.,.,.
2023,5,19,48,.,.,.,.,.,.,.,.,.,.,.,.,.
2023,5,19,49,.,.,.,.,.,.,.,.,.,.,.,.,.
2023,5,19,50,.,.,.,.,.,.,.,.,.,.,.,.,.
2023,5,19,51,.,.,.,.,.,.,.,.,.,.,.,.,.
2023,5,19,52,.,.,.,.,.,.,.,.,.,.,.,.,.
2023,5,19,53,.,.,.,.,.,.,.,.,.,.,.,.,.
2023,5,26,1,.,.,.,.,.,.,.,.,.,.,.,.,.
2023,5,26,2,.,.,.,.,.,.,.,.,.,.,.,.,.
2023,5,26,3,.,.,.,.,.,.,.,.,.,.,.,.,.
2023,5,26,4,.,.,.,.,.,.,.,.,.,.,.,.,.
2023,5,26,5,.,.,.,.,.,.,.,.,.,.,.,.,.
2023,5,26,6,.,.,.,.,.,.,.,.,.,.,.,.,.
2023,5,26,7,.,.,.,.,.,.,.,.,.,.,.,.,.
2023,5,26,8,.,.,.,.,.,.,.,.,.,.,.,.,.
2023,5,26,9,.,.,.,.,.,.,.,.,.,.,.,.,.
2023,5,26,10,.,.,.,.,.,.,.,.,.,.,.,.,.
2023,5,26,11,.,.,.,.,.,.,.,.,.,.,.,.,.
2023,5,26,12,.,.,.,.,.,.,.,.,.,.,.,.,.
2023,5,26,13,.,.,.,.,.,.,.,.,.,.,.,.,.
2023,5,26,14,.,.,.,.,.,.,.,.,.,.,.,.,.
2023,5,26,15,.,.,.,.,.,.,.,.,.,.,.,.,.
2023,5,26,16,.,.,.,.,.,.,.,.,.,.,.,.,.
2023,5,26,17,.,.,.,.,.,.,.,.,.,.,.,.,.
2023,5,26,18,.,.,.,.,.,.,.,.,.,.,.,.,.
2023,5,26,19,.,.,.,.,.,.,.,.,.,.,.,.,.
2023,5,26,20,.,.,.,.,.,.,.,.,.,.,.,.,.
2023,5,26,21,.,.,.,.,.,.,.,.,.,.,.,.,.
2023,5,26,22,.,.,.,.,.,.,.,.,.,.,.,.,.
2023,5,26,23,.,.,.,.,.,.,.,.,.,.,.,.,.
2023,5,26,24,.,.,.,.,.,.,.,.,.,.,.,.,.
2023,5,26,25,.,.,.,.,.,.,.,.,.,.,.,.,.
2023,5,26,26,.,.,.,.,.,.,.,.,.,.,.,.,.
2023,5,26,27,.,.,.,.,.,.,.,.,.,.,.,.,.
2023,5,26,28,.,.,.,.,.,.,.,.,.,.,.,.,.
2023,5,26,29,.,.,.,.,.,.,.,.,.,.,.,.,.
2023,5,26,30,.,.,.,.,.,.,.,.,.,.,.,.,.
2023,5,26,31,.,.,.,.,.,.,.,.,.,.,.,.,.
2023,5,26,32,.,.,.,.,.,.,.,.,.,.,.,.,.
2023,5,26,33,.,.,.,.,.,.,.,.,.,.,.,.,.
2023,5,26,34,.,.,.,.,.,.,.,.,.,.,.,.,.
2023,5,26,35,.,.,.,.,.,.,.,.,.,.,.,.,.
2023,5,26,36,.,.,.,.,.,.,.,.,.,.,.,.,.
2023,5,26,37,.,.,.,.,.,.,.,.,.,.,.,.,.
2023,5,26,38,.,.,.,.,.,.,.,.,.,.,.,.,.
2023,5,26,39,.,.,.,.,.,.,.,.,.,.,.,.,.
2023,5,26,40,.,.,.,.,.,.,.,.,.,.,.,.,.
2023,5,26,41,.,.,.,.,.,.,.,.,.,.,.,.,.
2023,5,26,42,.,.,.,.,.,.,.,.,.,.,.,.,.
2023,5,26,43,.,.,.,.,.,.,.,.,.,.,.,.,.
2023,5,26,44,.,.,.,.,.,.,.,.,.,.,.,.,.
2023,5,26,45,.,.,.,.,.,.,.,.,.,.,.,.,.
2023,5,26,46,.,.,.,.,.,.,.,.,.,.,.,.,.
2023,5,26,47,.,.,.,.,.,.,.,.,.,.,.,.,.
2023,5,26,48,.,.,.,.,.,.,.,.,.,.,.,.,.
2023,5,26,49,.,.,.,.,.,.,.,.,.,.,.,.,.
2023,5,26,50,.,.,.,.,.,.,.,.,.,.,.,.,.
2023,5,26,51,.,.,.,.,.,.,.,.,.,.,.,.,.
2023,5,26,52,.,.,.,.,.,.,.,.,.,.,.,.,.
2023,5,26,53,.,.,.,.,.,.,.,.,.,.,.,.,.
2023,6,2,1,.,.,.,.,.,.,.,.,.,.,.,.,.
2023,6,2,2,.,.,.,.,.,.,.,.,.,.,.,.,.
2023,6,2,3,.,.,.,.,.,.,.,.,.,.,.,.,.
2023,6,2,4,.,.,.,.,.,.,.,.,.,.,.,.,.
2023,6,2,5,.,.,.,.,.,.,.,.,.,.,.,.,.
2023,6,2,6,.,.,.,.,.,.,.,.,.,.,.,.,.
2023,6,2,7,.,.,.,.,.,.,.,.,.,.,.,.,.
2023,6,2,8,.,.,.,.,.,.,.,.,.,.,.,.,.
2023,6,2,9,.,.,.,.,.,.,.,.,.,.,.,.,.
2023,6,2,10,.,.,.,.,.,.,.,.,.,.,.,.,.
2023,6,2,11,.,.,.,.,.,.,.,.,.,.,.,.,.
2023,6,2,12,.,.,.,.,.,.,.,.,.,.,.,.,.
2023,6,2,13,.,.,.,.,.,.,.,.,.,.,.,.,.
2023,6,2,14,.,.,.,.,.,.,.,.,.,.,.,.,.
2023,6,2,15,.,.,.,.,.,.,.,.,.,.,.,.,.
2023,6,2,16,.,.,.,.,.,.,.,.,.,.,.,.,.
2023,6,2,17,.,.,.,.,.,.,.,.,.,.,.,.,.
2023,6,2,18,.,.,.,.,.,.,.,.,.,.,.,.,.
2023,6,2,19,.,.,.,.,.,.,.,.,.,.,.,.,.
2023,6,2,20,.,.,.,.,.,.,.,.,.,.,.,.,.
2023,6,2,21,.,.,.,.,.,.,.,.,.,.,.,.,.
2023,6,2,22,.,.,.,.,.,.,.,.,.,.,.,.,.
2023,6,2,23,.,.,.,.,.,.,.,.,.,.,.,.,.
2023,6,2,24,.,.,.,.,.,.,.,.,.,.,.,.,.
2023,6,2,25,.,.,.,.,.,.,.,.,.,.,.,.,.
2023,6,2,26,.,.,.,.,.,.,.,.,.,.,.,.,.
2023,6,2,27,.,.,.,.,.,.,.,.,.,.,.,.,.
2023,6,2,28,.,.,.,.,.,.,.,.,.,.,.,.,.
2023,6,2,29,.,.,.,.,.,.,.,.,.,.,.,.,.
2023,6,2,30,.,.,.,.,.,.,.,.,.,.,.,.,.
2023,6,2,31,.,.,.,.,.,.,.,.,.,.,.,.,.
2023,6,2,32,.,.,.,.,.,.,.,.,.,.,.,.,.
2023,6,2,33,.,.,.,.,.,.,.,.,.,.,.,.,.
2023,6,2,34,.,.,.,.,.,.,.,.,.,.,.,.,.
2023,6,2,35,.,.,.,.,.,.,.,.,.,.,.,.,.
2023,6,2,36,.,.,.,.,.,.,.,.,.,.,.,.,.
2023,6,2,37,.,.,.,.,.,.,.,.,.,.,.,.,.
2023,6,2,38,.,.,.,.,.,.,.,.,.,.,.,.,.
2023,6,2,39,.,.,.,.,.,.,.,.,.,.,.,.,.
2023,6,2,40,.,.,.,.,.,.,.,.,.,.,.,.,.
2023,6,2,41,.,.,.,.,.,.,.,.,.,.,.,.,.
2023,6,2,42,.,.,.,.,.,.,.,.,.,.,.,.,.
2023,6,2,43,.,.,.,.,.,.,.,.,.,.,.,.,.
2023,6,2,44,.,.,.,.,.,.,.,.,.,.,.,.,.
2023,6,2,45,.,.,.,.,.,.,.,.,.,.,.,.,.
2023,6,2,46,.,.,.,.,.,.,.,.,.,.,.,.,.
2023,6,2,47,.,.,.,.,.,.,.,.,.,.,.,.,.
2023,6,2,48,.,.,.,.,.,.,.,.,.,.,.,.,.
2023,6,2,49,.,.,.,.,.,.,.,.,.,.,.,.,.
2023,6,2,50,.,.,.,.,.,.,.,.,.,.,.,.,.
2023,6,2,51,.,.,.,.,.,.,.,.,.,.,.,.,.
2023,6,2,52,.,.,.,.,.,.,.,.,.,.,.,.,.
2023,6,2,53,.,.,.,.,.,.,.,.,.,.,.,.,.
2023,6,9,1,.,.,.,.,.,.,.,.,.,.,.,.,.
2023,6,9,2,.,.,.,.,.,.,.,.,.,.,.,.,.
2023,6,9,3,.,.,.,.,.,.,.,.,.,.,.,.,.
2023,6,9,4,.,.,.,.,.,.,.,.,.,.,.,.,.
2023,6,9,5,.,.,.,.,.,.,.,.,.,.,.,.,.
2023,6,9,6,.,.,.,.,.,.,.,.,.,.,.,.,.
2023,6,9,7,.,.,.,.,.,.,.,.,.,.,.,.,.
2023,6,9,8,.,.,.,.,.,.,.,.,.,.,.,.,.
2023,6,9,9,.,.,.,.,.,.,.,.,.,.,.,.,.
2023,6,9,10,.,.,.,.,.,.,.,.,.,.,.,.,.
2023,6,9,11,.,.,.,.,.,.,.,.,.,.,.,.,.
2023,6,9,12,.,.,.,.,.,.,.,.,.,.,.,.,.
2023,6,9,13,.,.,.,.,.,.,.,.,.,.,.,.,.
2023,6,9,14,.,.,.,.,.,.,.,.,.,.,.,.,.
2023,6,9,15,.,.,.,.,.,.,.,.,.,.,.,.,.
2023,6,9,16,.,.,.,.,.,.,.,.,.,.,.,.,.
2023,6,9,17,.,.,.,.,.,.,.,.,.,.,.,.,.
2023,6,9,18,.,.,.,.,.,.,.,.,.,.,.,.,.
2023,6,9,19,.,.,.,.,.,.,.,.,.,.,.,.,.
2023,6,9,20,.,.,.,.,.,.,.,.,.,.,.,.,.
2023,6,9,21,.,.,.,.,.,.,.,.,.,.,.,.,.
2023,6,9,22,.,.,.,.,.,.,.,.,.,.,.,.,.
2023,6,9,23,.,.,.,.,.,.,.,.,.,.,.,.,.
2023,6,9,24,.,.,.,.,.,.,.,.,.,.,.,.,.
2023,6,9,25,.,.,.,.,.,.,.,.,.,.,.,.,.
2023,6,9,26,.,.,.,.,.,.,.,.,.,.,.,.,.
2023,6,9,27,.,.,.,.,.,.,.,.,.,.,.,.,.
2023,6,9,28,.,.,.,.,.,.,.,.,.,.,.,.,.
2023,6,9,29,.,.,.,.,.,.,.,.,.,.,.,.,.
2023,6,9,30,.,.,.,.,.,.,.,.,.,.,.,.,.
2023,6,9,31,.,.,.,.,.,.,.,.,.,.,.,.,.
2023,6,9,32,.,.,.,.,.,.,.,.,.,.,.,.,.
2023,6,9,33,.,.,.,.,.,.,.,.,.,.,.,.,.
2023,6,9,34,.,.,.,.,.,.,.,.,.,.,.,.,.
2023,6,9,35,.,.,.,.,.,.,.,.,.,.,.,.,.
2023,6,9,36,.,.,.,.,.,.,.,.,.,.,.,.,.
2023,6,9,37,.,.,.,.,.,.,.,.,.,.,.,.,.
2023,6,9,38,.,.,.,.,.,.,.,.,.,.,.,.,.
2023,6,9,39,.,.,.,.,.,.,.,.,.,.,.,.,.
2023,6,9,40,.,.,.,.,.,.,.,.,.,.,.,.,.
2023,6,9,41,.,.,.,.,.,.,.,.,.,.,.,.,.
2023,6,9,42,.,.,.,.,.,.,.,.,.,.,.,.,.
2023,6,9,43,.,.,.,.,.,.,.,.,.,.,.,.,.
2023,6,9,44,.,.,.,.,.,.,.,.,.,.,.,.,.
2023,6,9,45,.,.,.,.,.,.,.,.,.,.,.,.,.
2023,6,9,46,.,.,.,.,.,.,.,.,.,.,.,.,.
2023,6,9,47,.,.,.,.,.,.,.,.,.,.,.,.,.
2023,6,9,48,.,.,.,.,.,.,.,.,.,.,.,.,.
2023,6,9,49,.,.,.,.,.,.,.,.,.,.,.,.,.
2023,6,9,50,.,.,.,.,.,.,.,.,.,.,.,.,.
2023,6,9,51,.,.,.,.,.,.,.,.,.,.,.,.,.
2023,6,9,52,.,.,.,.,.,.,.,.,.,.,.,.,.
2023,6,9,53,.,.,.,.,.,.,.,.,.,.,.,.,.
2023,6,16,1,.,.,.,.,.,.,.,.,.,.,.,.,.
2023,6,16,2,.,.,.,.,.,.,.,.,.,.,.,.,.
2023,6,16,3,.,.,.,.,.,.,.,.,.,.,.,.,.
2023,6,16,4,.,.,.,.,.,.,.,.,.,.,.,.,.
2023,6,16,5,.,.,.,.,.,.,.,.,.,.,.,.,.
2023,6,16,6,.,.,.,.,.,.,.,.,.,.,.,.,.
2023,6,16,7,.,.,.,.,.,.,.,.,.,.,.,.,.
2023,6,16,8,.,.,.,.,.,.,.,.,.,.,.,.,.
2023,6,16,9,.,.,.,.,.,.,.,.,.,.,.,.,.
2023,6,16,10,.,.,.,.,.,.,.,.,.,.,.,.,.
2023,6,16,11,.,.,.,.,.,.,.,.,.,.,.,.,.
2023,6,16,12,.,.,.,.,.,.,.,.,.,.,.,.,.
2023,6,16,13,.,.,.,.,.,.,.,.,.,.,.,.,.
2023,6,16,14,.,.,.,.,.,.,.,.,.,.,.,.,.
2023,6,16,15,.,.,.,.,.,.,.,.,.,.,.,.,.
2023,6,16,16,.,.,.,.,.,.,.,.,.,.,.,.,.
2023,6,16,17,.,.,.,.,.,.,.,.,.,.,.,.,.
2023,6,16,18,.,.,.,.,.,.,.,.,.,.,.,.,.
2023,6,16,19,.,.,.,.,.,.,.,.,.,.,.,.,.
2023,6,16,20,.,.,.,.,.,.,.,.,.,.,.,.,.
2023,6,16,21,.,.,.,.,.,.,.,.,.,.,.,.,.
2023,6,16,22,.,.,.,.,.,.,.,.,.,.,.,.,.
2023,6,16,23,.,.,.,.,.,.,.,.,.,.,.,.,.
2023,6,16,24,.,.,.,.,.,.,.,.,.,.,.,.,.
2023,6,16,25,.,.,.,.,.,.,.,.,.,.,.,.,.
2023,6,16,26,.,.,.,.,.,.,.,.,.,.,.,.,.
2023,6,16,27,.,.,.,.,.,.,.,.,.,.,.,.,.
2023,6,16,28,.,.,.,.,.,.,.,.,.,.,.,.,.
2023,6,16,29,.,.,.,.,.,.,.,.,.,.,.,.,.
2023,6,16,30,.,.,.,.,.,.,.,.,.,.,.,.,.
2023,6,16,31,.,.,.,.,.,.,.,.,.,.,.,.,.
2023,6,16,32,.,.,.,.,.,.,.,.,.,.,.,.,.
2023,6,16,33,.,.,.,.,.,.,.,.,.,.,.,.,.
2023,6,16,34,.,.,.,.,.,.,.,.,.,.,.,.,.
2023,6,16,35,.,.,.,.,.,.,.,.,.,.,.,.,.
2023,6,16,36,.,.,.,.,.,.,.,.,.,.,.,.,.
2023,6,16,37,.,.,.,.,.,.,.,.,.,.,.,.,.
2023,6,16,38,.,.,.,.,.,.,.,.,.,.,.,.,.
2023,6,16,39,.,.,.,.,.,.,.,.,.,.,.,.,.
2023,6,16,40,.,.,.,.,.,.,.,.,.,.,.,.,.
2023,6,16,41,.,.,.,.,.,.,.,.,.,.,.,.,.
2023,6,16,42,.,.,.,.,.,.,.,.,.,.,.,.,.
2023,6,16,43,.,.,.,.,.,.,.,.,.,.,.,.,.
2023,6,16,44,.,.,.,.,.,.,.,.,.,.,.,.,.
2023,6,16,45,.,.,.,.,.,.,.,.,.,.,.,.,.
2023,6,16,46,.,.,.,.,.,.,.,.,.,.,.,.,.
2023,6,16,47,.,.,.,.,.,.,.,.,.,.,.,.,.
2023,6,16,48,.,.,.,.,.,.,.,.,.,.,.,.,.
2023,6,16,49,.,.,.,.,.,.,.,.,.,.,.,.,.
2023,6,16,50,.,.,.,.,.,.,.,.,.,.,.,.,.
2023,6,16,51,.,.,.,.,.,.,.,.,.,.,.,.,.
2023,6,16,52,.,.,.,.,.,.,.,.,.,.,.,.,.
2023,6,16,53,.,.,.,.,.,.,.,.,.,.,.,.,.
2023,6,23,1,.,.,.,.,.,.,.,.,.,.,.,.,.
2023,6,23,2,.,.,.,.,.,.,.,.,.,.,.,.,.
2023,6,23,3,.,.,.,.,.,.,.,.,.,.,.,.,.
2023,6,23,4,.,.,.,.,.,.,.,.,.,.,.,.,.
2023,6,23,5,.,.,.,.,.,.,.,.,.,.,.,.,.
2023,6,23,6,.,.,.,.,.,.,.,.,.,.,.,.,.
2023,6,23,7,.,.,.,.,.,.,.,.,.,.,.,.,.
2023,6,23,8,.,.,.,.,.,.,.,.,.,.,.,.,.
2023,6,23,9,.,.,.,.,.,.,.,.,.,.,.,.,.
2023,6,23,10,.,.,.,.,.,.,.,.,.,.,.,.,.
2023,6,23,11,.,.,.,.,.,.,.,.,.,.,.,.,.
2023,6,23,12,.,.,.,.,.,.,.,.,.,.,.,.,.
2023,6,23,13,.,.,.,.,.,.,.,.,.,.,.,.,.
2023,6,23,14,.,.,.,.,.,.,.,.,.,.,.,.,.
2023,6,23,15,.,.,.,.,.,.,.,.,.,.,.,.,.
2023,6,23,16,.,.,.,.,.,.,.,.,.,.,.,.,.
2023,6,23,17,.,.,.,.,.,.,.,.,.,.,.,.,.
2023,6,23,18,.,.,.,.,.,.,.,.,.,.,.,.,.
2023,6,23,19,.,.,.,.,.,.,.,.,.,.,.,.,.
2023,6,23,20,.,.,.,.,.,.,.,.,.,.,.,.,.
2023,6,23,21,.,.,.,.,.,.,.,.,.,.,.,.,.
2023,6,23,22,.,.,.,.,.,.,.,.,.,.,.,.,.
2023,6,23,23,.,.,.,.,.,.,.,.,.,.,.,.,.
2023,6,23,24,.,.,.,.,.,.,.,.,.,.,.,.,.
2023,6,23,25,.,.,.,.,.,.,.,.,.,.,.,.,.
2023,6,23,26,.,.,.,.,.,.,.,.,.,.,.,.,.
2023,6,23,27,.,.,.,.,.,.,.,.,.,.,.,.,.
2023,6,23,28,.,.,.,.,.,.,.,.,.,.,.,.,.
2023,6,23,29,.,.,.,.,.,.,.,.,.,.,.,.,.
2023,6,23,30,.,.,.,.,.,.,.,.,.,.,.,.,.
2023,6,23,31,.,.,.,.,.,.,.,.,.,.,.,.,.
2023,6,23,32,.,.,.,.,.,.,.,.,.,.,.,.,.
2023,6,23,33,.,.,.,.,.,.,.,.,.,.,.,.,.
2023,6,23,34,.,.,.,.,.,.,.,.,.,.,.,.,.
2023,6,23,35,.,.,.,.,.,.,.,.,.,.,.,.,.
2023,6,23,36,.,.,.,.,.,.,.,.,.,.,.,.,.
2023,6,23,37,.,.,.,.,.,.,.,.,.,.,.,.,.
2023,6,23,38,.,.,.,.,.,.,.,.,.,.,.,.,.
2023,6,23,39,.,.,.,.,.,.,.,.,.,.,.,.,.
2023,6,23,40,.,.,.,.,.,.,.,.,.,.,.,.,.
2023,6,23,41,.,.,.,.,.,.,.,.,.,.,.,.,.
2023,6,23,42,.,.,.,.,.,.,.,.,.,.,.,.,.
2023,6,23,43,.,.,.,.,.,.,.,.,.,.,.,.,.
2023,6,23,44,.,.,.,.,.,.,.,.,.,.,.,.,.
2023,6,23,45,.,.,.,.,.,.,.,.,.,.,.,.,.
2023,6,23,46,.,.,.,.,.,.,.,.,.,.,.,.,.
2023,6,23,47,.,.,.,.,.,.,.,.,.,.,.,.,.
2023,6,23,48,.,.,.,.,.,.,.,.,.,.,.,.,.
2023,6,23,49,.,.,.,.,.,.,.,.,.,.,.,.,.
2023,6,23,50,.,.,.,.,.,.,.,.,.,.,.,.,.
2023,6,23,51,.,.,.,.,.,.,.,.,.,.,.,.,.
2023,6,23,52,.,.,.,.,.,.,.,.,.,.,.,.,.
2023,6,23,53,.,.,.,.,.,.,.,.,.,.,.,.,.
2023,6,30,1,.,.,.,.,.,.,.,.,.,.,.,.,.
2023,6,30,2,.,.,.,.,.,.,.,.,.,.,.,.,.
2023,6,30,3,.,.,.,.,.,.,.,.,.,.,.,.,.
2023,6,30,4,.,.,.,.,.,.,.,.,.,.,.,.,.
2023,6,30,5,.,.,.,.,.,.,.,.,.,.,.,.,.
2023,6,30,6,.,.,.,.,.,.,.,.,.,.,.,.,.
2023,6,30,7,.,.,.,.,.,.,.,.,.,.,.,.,.
2023,6,30,8,.,.,.,.,.,.,.,.,.,.,.,.,.
2023,6,30,9,.,.,.,.,.,.,.,.,.,.,.,.,.
2023,6,30,10,.,.,.,.,.,.,.,.,.,.,.,.,.
2023,6,30,11,.,.,.,.,.,.,.,.,.,.,.,.,.
2023,6,30,12,.,.,.,.,.,.,.,.,.,.,.,.,.
2023,6,30,13,.,.,.,.,.,.,.,.,.,.,.,.,.
2023,6,30,14,.,.,.,.,.,.,.,.,.,.,.,.,.
2023,6,30,15,.,.,.,.,.,.,.,.,.,.,.,.,.
2023,6,30,16,.,.,.,.,.,.,.,.,.,.,.,.,.
2023,6,30,17,.,.,.,.,.,.,.,.,.,.,.,.,.
2023,6,30,18,.,.,.,.,.,.,.,.,.,.,.,.,.
2023,6,30,19,.,.,.,.,.,.,.,.,.,.,.,.,.
2023,6,30,20,.,.,.,.,.,.,.,.,.,.,.,.,.
2023,6,30,21,.,.,.,.,.,.,.,.,.,.,.,.,.
2023,6,30,22,.,.,.,.,.,.,.,.,.,.,.,.,.
2023,6,30,23,.,.,.,.,.,.,.,.,.,.,.,.,.
2023,6,30,24,.,.,.,.,.,.,.,.,.,.,.,.,.
2023,6,30,25,.,.,.,.,.,.,.,.,.,.,.,.,.
2023,6,30,26,.,.,.,.,.,.,.,.,.,.,.,.,.
2023,6,30,27,.,.,.,.,.,.,.,.,.,.,.,.,.
2023,6,30,28,.,.,.,.,.,.,.,.,.,.,.,.,.
2023,6,30,29,.,.,.,.,.,.,.,.,.,.,.,.,.
2023,6,30,30,.,.,.,.,.,.,.,.,.,.,.,.,.
2023,6,30,31,.,.,.,.,.,.,.,.,.,.,.,.,.
2023,6,30,32,.,.,.,.,.,.,.,.,.,.,.,.,.
2023,6,30,33,.,.,.,.,.,.,.,.,.,.,.,.,.
2023,6,30,34,.,.,.,.,.,.,.,.,.,.,.,.,.
2023,6,30,35,.,.,.,.,.,.,.,.,.,.,.,.,.
2023,6,30,36,.,.,.,.,.,.,.,.,.,.,.,.,.
2023,6,30,37,.,.,.,.,.,.,.,.,.,.,.,.,.
2023,6,30,38,.,.,.,.,.,.,.,.,.,.,.,.,.
2023,6,30,39,.,.,.,.,.,.,.,.,.,.,.,.,.
2023,6,30,40,.,.,.,.,.,.,.,.,.,.,.,.,.
2023,6,30,41,.,.,.,.,.,.,.,.,.,.,.,.,.
2023,6,30,42,.,.,.,.,.,.,.,.,.,.,.,.,.
2023,6,30,43,.,.,.,.,.,.,.,.,.,.,.,.,.
2023,6,30,44,.,.,.,.,.,.,.,.,.,.,.,.,.
2023,6,30,45,.,.,.,.,.,.,.,.,.,.,.,.,.
2023,6,30,46,.,.,.,.,.,.,.,.,.,.,.,.,.
2023,6,30,47,.,.,.,.,.,.,.,.,.,.,.,.,.
2023,6,30,48,.,.,.,.,.,.,.,.,.,.,.,.,.
2023,6,30,49,.,.,.,.,.,.,.,.,.,.,.,.,.
2023,6,30,50,.,.,.,.,.,.,.,.,.,.,.,.,.
2023,6,30,51,.,.,.,.,.,.,.,.,.,.,.,.,.
2023,6,30,52,.,.,.,.,.,.,.,.,.,.,.,.,.
2023,6,30,53,.,.,.,.,.,.,.,.,.,.,.,.,.
2023,7,7,1,.,.,.,.,.,.,.,.,.,.,.,.,.
2023,7,7,2,.,.,.,.,.,.,.,.,.,.,.,.,.
2023,7,7,3,.,.,.,.,.,.,.,.,.,.,.,.,.
2023,7,7,4,.,.,.,.,.,.,.,.,.,.,.,.,.
2023,7,7,5,.,.,.,.,.,.,.,.,.,.,.,.,.
2023,7,7,6,.,.,.,.,.,.,.,.,.,.,.,.,.
2023,7,7,7,.,.,.,.,.,.,.,.,.,.,.,.,.
2023,7,7,8,.,.,.,.,.,.,.,.,.,.,.,.,.
2023,7,7,9,.,.,.,.,.,.,.,.,.,.,.,.,.
2023,7,7,10,.,.,.,.,.,.,.,.,.,.,.,.,.
2023,7,7,11,.,.,.,.,.,.,.,.,.,.,.,.,.
2023,7,7,12,.,.,.,.,.,.,.,.,.,.,.,.,.
2023,7,7,13,.,.,.,.,.,.,.,.,.,.,.,.,.
2023,7,7,14,.,.,.,.,.,.,.,.,.,.,.,.,.
2023,7,7,15,.,.,.,.,.,.,.,.,.,.,.,.,.
2023,7,7,16,.,.,.,.,.,.,.,.,.,.,.,.,.
2023,7,7,17,.,.,.,.,.,.,.,.,.,.,.,.,.
2023,7,7,18,.,.,.,.,.,.,.,.,.,.,.,.,.
2023,7,7,19,.,.,.,.,.,.,.,.,.,.,.,.,.
2023,7,7,20,.,.,.,.,.,.,.,.,.,.,.,.,.
2023,7,7,21,.,.,.,.,.,.,.,.,.,.,.,.,.
2023,7,7,22,.,.,.,.,.,.,.,.,.,.,.,.,.
2023,7,7,23,.,.,.,.,.,.,.,.,.,.,.,.,.
2023,7,7,24,.,.,.,.,.,.,.,.,.,.,.,.,.
2023,7,7,25,.,.,.,.,.,.,.,.,.,.,.,.,.
2023,7,7,26,.,.,.,.,.,.,.,.,.,.,.,.,.
2023,7,7,27,.,.,.,.,.,.,.,.,.,.,.,.,.
2023,7,7,28,.,.,.,.,.,.,.,.,.,.,.,.,.
2023,7,7,29,.,.,.,.,.,.,.,.,.,.,.,.,.
2023,7,7,30,.,.,.,.,.,.,.,.,.,.,.,.,.
2023,7,7,31,.,.,.,.,.,.,.,.,.,.,.,.,.
2023,7,7,32,.,.,.,.,.,.,.,.,.,.,.,.,.
2023,7,7,33,.,.,.,.,.,.,.,.,.,.,.,.,.
2023,7,7,34,.,.,.,.,.,.,.,.,.,.,.,.,.
2023,7,7,35,.,.,.,.,.,.,.,.,.,.,.,.,.
2023,7,7,36,.,.,.,.,.,.,.,.,.,.,.,.,.
2023,7,7,37,.,.,.,.,.,.,.,.,.,.,.,.,.
2023,7,7,38,.,.,.,.,.,.,.,.,.,.,.,.,.
2023,7,7,39,.,.,.,.,.,.,.,.,.,.,.,.,.
2023,7,7,40,.,.,.,.,.,.,.,.,.,.,.,.,.
2023,7,7,41,.,.,.,.,.,.,.,.,.,.,.,.,.
2023,7,7,42,.,.,.,.,.,.,.,.,.,.,.,.,.
2023,7,7,43,.,.,.,.,.,.,.,.,.,.,.,.,.
2023,7,7,44,.,.,.,.,.,.,.,.,.,.,.,.,.
2023,7,7,45,.,.,.,.,.,.,.,.,.,.,.,.,.
2023,7,7,46,.,.,.,.,.,.,.,.,.,.,.,.,.
2023,7,7,47,.,.,.,.,.,.,.,.,.,.,.,.,.
2023,7,7,48,.,.,.,.,.,.,.,.,.,.,.,.,.
2023,7,7,49,.,.,.,.,.,.,.,.,.,.,.,.,.
2023,7,7,50,.,.,.,.,.,.,.,.,.,.,.,.,.
2023,7,7,51,.,.,.,.,.,.,.,.,.,.,.,.,.
2023,7,7,52,.,.,.,.,.,.,.,.,.,.,.,.,.
2023,7,7,53,.,.,.,.,.,.,.,.,.,.,.,.,.
2023,7,14,1,.,.,.,.,.,.,.,.,.,.,.,.,.
2023,7,14,2,.,.,.,.,.,.,.,.,.,.,.,.,.
2023,7,14,3,.,.,.,.,.,.,.,.,.,.,.,.,.
2023,7,14,4,.,.,.,.,.,.,.,.,.,.,.,.,.
2023,7,14,5,.,.,.,.,.,.,.,.,.,.,.,.,.
2023,7,14,6,.,.,.,.,.,.,.,.,.,.,.,.,.
2023,7,14,7,.,.,.,.,.,.,.,.,.,.,.,.,.
2023,7,14,8,.,.,.,.,.,.,.,.,.,.,.,.,.
2023,7,14,9,.,.,.,.,.,.,.,.,.,.,.,.,.
2023,7,14,10,.,.,.,.,.,.,.,.,.,.,.,.,.
2023,7,14,11,.,.,.,.,.,.,.,.,.,.,.,.,.
2023,7,14,12,.,.,.,.,.,.,.,.,.,.,.,.,.
2023,7,14,13,.,.,.,.,.,.,.,.,.,.,.,.,.
2023,7,14,14,.,.,.,.,.,.,.,.,.,.,.,.,.
2023,7,14,15,.,.,.,.,.,.,.,.,.,.,.,.,.
2023,7,14,16,.,.,.,.,.,.,.,.,.,.,.,.,.
2023,7,14,17,.,.,.,.,.,.,.,.,.,.,.,.,.
2023,7,14,18,.,.,.,.,.,.,.,.,.,.,.,.,.
2023,7,14,19,.,.,.,.,.,.,.,.,.,.,.,.,.
2023,7,14,20,.,.,.,.,.,.,.,.,.,.,.,.,.
2023,7,14,21,.,.,.,.,.,.,.,.,.,.,.,.,.
2023,7,14,22,.,.,.,.,.,.,.,.,.,.,.,.,.
2023,7,14,23,.,.,.,.,.,.,.,.,.,.,.,.,.
2023,7,14,24,.,.,.,.,.,.,.,.,.,.,.,.,.
2023,7,14,25,.,.,.,.,.,.,.,.,.,.,.,.,.
2023,7,14,26,.,.,.,.,.,.,.,.,.,.,.,.,.
2023,7,14,27,.,.,.,.,.,.,.,.,.,.,.,.,.
2023,7,14,28,.,.,.,.,.,.,.,.,.,.,.,.,.
2023,7,14,29,.,.,.,.,.,.,.,.,.,.,.,.,.
2023,7,14,30,.,.,.,.,.,.,.,.,.,.,.,.,.
2023,7,14,31,.,.,.,.,.,.,.,.,.,.,.,.,.
2023,7,14,32,.,.,.,.,.,.,.,.,.,.,.,.,.
2023,7,14,33,.,.,.,.,.,.,.,.,.,.,.,.,.
2023,7,14,34,.,.,.,.,.,.,.,.,.,.,.,.,.
2023,7,14,35,.,.,.,.,.,.,.,.,.,.,.,.,.
2023,7,14,36,.,.,.,.,.,.,.,.,.,.,.,.,.
2023,7,14,37,.,.,.,.,.,.,.,.,.,.,.,.,.
2023,7,14,38,.,.,.,.,.,.,.,.,.,.,.,.,.
2023,7,14,39,.,.,.,.,.,.,.,.,.,.,.,.,.
2023,7,14,40,.,.,.,.,.,.,.,.,.,.,.,.,.
2023,7,14,41,.,.,.,.,.,.,.,.,.,.,.,.,.
2023,7,14,42,.,.,.,.,.,.,.,.,.,.,.,.,.
2023,7,14,43,.,.,.,.,.,.,.,.,.,.,.,.,.
2023,7,14,44,.,.,.,.,.,.,.,.,.,.,.,.,.
2023,7,14,45,.,.,.,.,.,.,.,.,.,.,.,.,.
2023,7,14,46,.,.,.,.,.,.,.,.,.,.,.,.,.
2023,7,14,47,.,.,.,.,.,.,.,.,.,.,.,.,.
2023,7,14,48,.,.,.,.,.,.,.,.,.,.,.,.,.
2023,7,14,49,.,.,.,.,.,.,.,.,.,.,.,.,.
2023,7,14,50,.,.,.,.,.,.,.,.,.,.,.,.,.
2023,7,14,51,.,.,.,.,.,.,.,.,.,.,.,.,.
2023,7,14,52,.,.,.,.,.,.,.,.,.,.,.,.,.
2023,7,14,53,.,.,.,.,.,.,.,.,.,.,.,.,.
2023,7,21,1,.,.,.,.,.,.,.,.,.,.,.,.,.
2023,7,21,2,.,.,.,.,.,.,.,.,.,.,.,.,.
2023,7,21,3,.,.,.,.,.,.,.,.,.,.,.,.,.
2023,7,21,4,.,.,.,.,.,.,.,.,.,.,.,.,.
2023,7,21,5,.,.,.,.,.,.,.,.,.,.,.,.,.
2023,7,21,6,.,.,.,.,.,.,.,.,.,.,.,.,.
2023,7,21,7,.,.,.,.,.,.,.,.,.,.,.,.,.
2023,7,21,8,.,.,.,.,.,.,.,.,.,.,.,.,.
2023,7,21,9,.,.,.,.,.,.,.,.,.,.,.,.,.
2023,7,21,10,.,.,.,.,.,.,.,.,.,.,.,.,.
2023,7,21,11,.,.,.,.,.,.,.,.,.,.,.,.,.
2023,7,21,12,.,.,.,.,.,.,.,.,.,.,.,.,.
2023,7,21,13,.,.,.,.,.,.,.,.,.,.,.,.,.
2023,7,21,14,.,.,.,.,.,.,.,.,.,.,.,.,.
2023,7,21,15,.,.,.,.,.,.,.,.,.,.,.,.,.
2023,7,21,16,.,.,.,.,.,.,.,.,.,.,.,.,.
2023,7,21,17,.,.,.,.,.,.,.,.,.,.,.,.,.
2023,7,21,18,.,.,.,.,.,.,.,.,.,.,.,.,.
2023,7,21,19,.,.,.,.,.,.,.,.,.,.,.,.,.
2023,7,21,20,.,.,.,.,.,.,.,.,.,.,.,.,.
2023,7,21,21,.,.,.,.,.,.,.,.,.,.,.,.,.
2023,7,21,22,.,.,.,.,.,.,.,.,.,.,.,.,.
2023,7,21,23,.,.,.,.,.,.,.,.,.,.,.,.,.
2023,7,21,24,.,.,.,.,.,.,.,.,.,.,.,.,.
2023,7,21,25,.,.,.,.,.,.,.,.,.,.,.,.,.
2023,7,21,26,.,.,.,.,.,.,.,.,.,.,.,.,.
2023,7,21,27,.,.,.,.,.,.,.,.,.,.,.,.,.
2023,7,21,28,.,.,.,.,.,.,.,.,.,.,.,.,.
2023,7,21,29,.,.,.,.,.,.,.,.,.,.,.,.,.
2023,7,21,30,.,.,.,.,.,.,.,.,.,.,.,.,.
2023,7,21,31,.,.,.,.,.,.,.,.,.,.,.,.,.
2023,7,21,32,.,.,.,.,.,.,.,.,.,.,.,.,.
2023,7,21,33,.,.,.,.,.,.,.,.,.,.,.,.,.
2023,7,21,34,.,.,.,.,.,.,.,.,.,.,.,.,.
2023,7,21,35,.,.,.,.,.,.,.,.,.,.,.,.,.
2023,7,21,36,.,.,.,.,.,.,.,.,.,.,.,.,.
2023,7,21,37,.,.,.,.,.,.,.,.,.,.,.,.,.
2023,7,21,38,.,.,.,.,.,.,.,.,.,.,.,.,.
2023,7,21,39,.,.,.,.,.,.,.,.,.,.,.,.,.
2023,7,21,40,.,.,.,.,.,.,.,.,.,.,.,.,.
2023,7,21,41,.,.,.,.,.,.,.,.,.,.,.,.,.
2023,7,21,42,.,.,.,.,.,.,.,.,.,.,.,.,.
2023,7,21,43,.,.,.,.,.,.,.,.,.,.,.,.,.
2023,7,21,44,.,.,.,.,.,.,.,.,.,.,.,.,.
2023,7,21,45,.,.,.,.,.,.,.,.,.,.,.,.,.
2023,7,21,46,.,.,.,.,.,.,.,.,.,.,.,.,.
2023,7,21,47,.,.,.,.,.,.,.,.,.,.,.,.,.
2023,7,21,48,.,.,.,.,.,.,.,.,.,.,.,.,.
2023,7,21,49,.,.,.,.,.,.,.,.,.,.,.,.,.
2023,7,21,50,.,.,.,.,.,.,.,.,.,.,.,.,.
2023,7,21,51,.,.,.,.,.,.,.,.,.,.,.,.,.
2023,7,21,52,.,.,.,.,.,.,.,.,.,.,.,.,.
2023,7,21,53,.,.,.,.,.,.,.,.,.,.,.,.,.
2023,7,28,1,.,.,.,.,.,.,.,.,.,.,.,.,.
2023,7,28,2,.,.,.,.,.,.,.,.,.,.,.,.,.
2023,7,28,3,.,.,.,.,.,.,.,.,.,.,.,.,.
2023,7,28,4,.,.,.,.,.,.,.,.,.,.,.,.,.
2023,7,28,5,.,.,.,.,.,.,.,.,.,.,.,.,.
2023,7,28,6,.,.,.,.,.,.,.,.,.,.,.,.,.
2023,7,28,7,.,.,.,.,.,.,.,.,.,.,.,.,.
2023,7,28,8,.,.,.,.,.,.,.,.,.,.,.,.,.
2023,7,28,9,.,.,.,.,.,.,.,.,.,.,.,.,.
2023,7,28,10,.,.,.,.,.,.,.,.,.,.,.,.,.
2023,7,28,11,.,.,.,.,.,.,.,.,.,.,.,.,.
2023,7,28,12,.,.,.,.,.,.,.,.,.,.,.,.,.
2023,7,28,13,.,.,.,.,.,.,.,.,.,.,.,.,.
2023,7,28,14,.,.,.,.,.,.,.,.,.,.,.,.,.
2023,7,28,15,.,.,.,.,.,.,.,.,.,.,.,.,.
2023,7,28,16,.,.,.,.,.,.,.,.,.,.,.,.,.
2023,7,28,17,.,.,.,.,.,.,.,.,.,.,.,.,.
2023,7,28,18,.,.,.,.,.,.,.,.,.,.,.,.,.
2023,7,28,19,.,.,.,.,.,.,.,.,.,.,.,.,.
2023,7,28,20,.,.,.,.,.,.,.,.,.,.,.,.,.
2023,7,28,21,.,.,.,.,.,.,.,.,.,.,.,.,.
2023,7,28,22,.,.,.,.,.,.,.,.,.,.,.,.,.
2023,7,28,23,.,.,.,.,.,.,.,.,.,.,.,.,.
2023,7,28,24,.,.,.,.,.,.,.,.,.,.,.,.,.
2023,7,28,25,.,.,.,.,.,.,.,.,.,.,.,.,.
2023,7,28,26,.,.,.,.,.,.,.,.,.,.,.,.,.
2023,7,28,27,.,.,.,.,.,.,.,.,.,.,.,.,.
2023,7,28,28,.,.,.,.,.,.,.,.,.,.,.,.,.
2023,7,28,29,.,.,.,.,.,.,.,.,.,.,.,.,.
2023,7,28,30,.,.,.,.,.,.,.,.,.,.,.,.,.
2023,7,28,31,.,.,.,.,.,.,.,.,.,.,.,.,.
2023,7,28,32,.,.,.,.,.,.,.,.,.,.,.,.,.
2023,7,28,33,.,.,.,.,.,.,.,.,.,.,.,.,.
2023,7,28,34,.,.,.,.,.,.,.,.,.,.,.,.,.
2023,7,28,35,.,.,.,.,.,.,.,.,.,.,.,.,.
2023,7,28,36,.,.,.,.,.,.,.,.,.,.,.,.,.
2023,7,28,37,.,.,.,.,.,.,.,.,.,.,.,.,.
2023,7,28,38,.,.,.,.,.,.,.,.,.,.,.,.,.
2023,7,28,39,.,.,.,.,.,.,.,.,.,.,.,.,.
2023,7,28,40,.,.,.,.,.,.,.,.,.,.,.,.,.
2023,7,28,41,.,.,.,.,.,.,.,.,.,.,.,.,.
2023,7,28,42,.,.,.,.,.,.,.,.,.,.,.,.,.
2023,7,28,43,.,.,.,.,.,.,.,.,.,.,.,.,.
2023,7,28,44,.,.,.,.,.,.,.,.,.,.,.,.,.
2023,7,28,45,.,.,.,.,.,.,.,.,.,.,.,.,.
2023,7,28,46,.,.,.,.,.,.,.,.,.,.,.,.,.
2023,7,28,47,.,.,.,.,.,.,.,.,.,.,.,.,.
2023,7,28,48,.,.,.,.,.,.,.,.,.,.,.,.,.
2023,7,28,49,.,.,.,.,.,.,.,.,.,.,.,.,.
2023,7,28,50,.,.,.,.,.,.,.,.,.,.,.,.,.
2023,7,28,51,.,.,.,.,.,.,.,.,.,.,.,.,.
2023,7,28,52,.,.,.,.,.,.,.,.,.,.,.,.,.
2023,7,28,53,.,.,.,.,.,.,.,.,.,.,.,.,.
2023,8,4,1,.,.,.,.,.,.,.,.,.,.,.,.,.
2023,8,4,2,.,.,.,.,.,.,.,.,.,.,.,.,.
2023,8,4,3,.,.,.,.,.,.,.,.,.,.,.,.,.
2023,8,4,4,.,.,.,.,.,.,.,.,.,.,.,.,.
2023,8,4,5,.,.,.,.,.,.,.,.,.,.,.,.,.
2023,8,4,6,.,.,.,.,.,.,.,.,.,.,.,.,.
2023,8,4,7,.,.,.,.,.,.,.,.,.,.,.,.,.
2023,8,4,8,.,.,.,.,.,.,.,.,.,.,.,.,.
2023,8,4,9,.,.,.,.,.,.,.,.,.,.,.,.,.
2023,8,4,10,.,.,.,.,.,.,.,.,.,.,.,.,.
2023,8,4,11,.,.,.,.,.,.,.,.,.,.,.,.,.
2023,8,4,12,.,.,.,.,.,.,.,.,.,.,.,.,.
2023,8,4,13,.,.,.,.,.,.,.,.,.,.,.,.,.
2023,8,4,14,.,.,.,.,.,.,.,.,.,.,.,.,.
2023,8,4,15,.,.,.,.,.,.,.,.,.,.,.,.,.
2023,8,4,16,.,.,.,.,.,.,.,.,.,.,.,.,.
2023,8,4,17,.,.,.,.,.,.,.,.,.,.,.,.,.
2023,8,4,18,.,.,.,.,.,.,.,.,.,.,.,.,.
2023,8,4,19,.,.,.,.,.,.,.,.,.,.,.,.,.
2023,8,4,20,.,.,.,.,.,.,.,.,.,.,.,.,.
2023,8,4,21,.,.,.,.,.,.,.,.,.,.,.,.,.
2023,8,4,22,.,.,.,.,.,.,.,.,.,.,.,.,.
2023,8,4,23,.,.,.,.,.,.,.,.,.,.,.,.,.
2023,8,4,24,.,.,.,.,.,.,.,.,.,.,.,.,.
2023,8,4,25,.,.,.,.,.,.,.,.,.,.,.,.,.
2023,8,4,26,.,.,.,.,.,.,.,.,.,.,.,.,.
2023,8,4,27,.,.,.,.,.,.,.,.,.,.,.,.,.
2023,8,4,28,.,.,.,.,.,.,.,.,.,.,.,.,.
2023,8,4,29,.,.,.,.,.,.,.,.,.,.,.,.,.
2023,8,4,30,.,.,.,.,.,.,.,.,.,.,.,.,.
2023,8,4,31,.,.,.,.,.,.,.,.,.,.,.,.,.
2023,8,4,32,.,.,.,.,.,.,.,.,.,.,.,.,.
2023,8,4,33,.,.,.,.,.,.,.,.,.,.,.,.,.
2023,8,4,34,.,.,.,.,.,.,.,.,.,.,.,.,.
2023,8,4,35,.,.,.,.,.,.,.,.,.,.,.,.,.
2023,8,4,36,.,.,.,.,.,.,.,.,.,.,.,.,.
2023,8,4,37,.,.,.,.,.,.,.,.,.,.,.,.,.
2023,8,4,38,.,.,.,.,.,.,.,.,.,.,.,.,.
2023,8,4,39,.,.,.,.,.,.,.,.,.,.,.,.,.
2023,8,4,40,.,.,.,.,.,.,.,.,.,.,.,.,.
2023,8,4,41,.,.,.,.,.,.,.,.,.,.,.,.,.
2023,8,4,42,.,.,.,.,.,.,.,.,.,.,.,.,.
2023,8,4,43,.,.,.,.,.,.,.,.,.,.,.,.,.
2023,8,4,44,.,.,.,.,.,.,.,.,.,.,.,.,.
2023,8,4,45,.,.,.,.,.,.,.,.,.,.,.,.,.
2023,8,4,46,.,.,.,.,.,.,.,.,.,.,.,.,.
2023,8,4,47,.,.,.,.,.,.,.,.,.,.,.,.,.
2023,8,4,48,.,.,.,.,.,.,.,.,.,.,.,.,.
2023,8,4,49,.,.,.,.,.,.,.,.,.,.,.,.,.
2023,8,4,50,.,.,.,.,.,.,.,.,.,.,.,.,.
2023,8,4,51,.,.,.,.,.,.,.,.,.,.,.,.,.
2023,8,4,52,.,.,.,.,.,.,.,.,.,.,.,.,.
2023,8,4,53,.,.,.,.,.,.,.,.,.,.,.,.,.
2023,8,11,1,.,.,.,.,.,.,.,.,.,.,.,.,.
2023,8,11,2,.,.,.,.,.,.,.,.,.,.,.,.,.
2023,8,11,3,.,.,.,.,.,.,.,.,.,.,.,.,.
2023,8,11,4,.,.,.,.,.,.,.,.,.,.,.,.,.
2023,8,11,5,.,.,.,.,.,.,.,.,.,.,.,.,.
2023,8,11,6,.,.,.,.,.,.,.,.,.,.,.,.,.
2023,8,11,7,.,.,.,.,.,.,.,.,.,.,.,.,.
2023,8,11,8,.,.,.,.,.,.,.,.,.,.,.,.,.
2023,8,11,9,.,.,.,.,.,.,.,.,.,.,.,.,.
2023,8,11,10,.,.,.,.,.,.,.,.,.,.,.,.,.
2023,8,11,11,.,.,.,.,.,.,.,.,.,.,.,.,.
2023,8,11,12,.,.,.,.,.,.,.,.,.,.,.,.,.
2023,8,11,13,.,.,.,.,.,.,.,.,.,.,.,.,.
2023,8,11,14,.,.,.,.,.,.,.,.,.,.,.,.,.
2023,8,11,15,.,.,.,.,.,.,.,.,.,.,.,.,.
2023,8,11,16,.,.,.,.,.,.,.,.,.,.,.,.,.
2023,8,11,17,.,.,.,.,.,.,.,.,.,.,.,.,.
2023,8,11,18,.,.,.,.,.,.,.,.,.,.,.,.,.
2023,8,11,19,.,.,.,.,.,.,.,.,.,.,.,.,.
2023,8,11,20,.,.,.,.,.,.,.,.,.,.,.,.,.
2023,8,11,21,.,.,.,.,.,.,.,.,.,.,.,.,.
2023,8,11,22,.,.,.,.,.,.,.,.,.,.,.,.,.
2023,8,11,23,.,.,.,.,.,.,.,.,.,.,.,.,.
2023,8,11,24,.,.,.,.,.,.,.,.,.,.,.,.,.
2023,8,11,25,.,.,.,.,.,.,.,.,.,.,.,.,.
2023,8,11,26,.,.,.,.,.,.,.,.,.,.,.,.,.
2023,8,11,27,.,.,.,.,.,.,.,.,.,.,.,.,.
2023,8,11,28,.,.,.,.,.,.,.,.,.,.,.,.,.
2023,8,11,29,.,.,.,.,.,.,.,.,.,.,.,.,.
2023,8,11,30,.,.,.,.,.,.,.,.,.,.,.,.,.
2023,8,11,31,.,.,.,.,.,.,.,.,.,.,.,.,.
2023,8,11,32,.,.,.,.,.,.,.,.,.,.,.,.,.
2023,8,11,33,.,.,.,.,.,.,.,.,.,.,.,.,.
2023,8,11,34,.,.,.,.,.,.,.,.,.,.,.,.,.
2023,8,11,35,.,.,.,.,.,.,.,.,.,.,.,.,.
2023,8,11,36,.,.,.,.,.,.,.,.,.,.,.,.,.
2023,8,11,37,.,.,.,.,.,.,.,.,.,.,.,.,.
2023,8,11,38,.,.,.,.,.,.,.,.,.,.,.,.,.
2023,8,11,39,.,.,.,.,.,.,.,.,.,.,.,.,.
2023,8,11,40,.,.,.,.,.,.,.,.,.,.,.,.,.
2023,8,11,41,.,.,.,.,.,.,.,.,.,.,.,.,.
2023,8,11,42,.,.,.,.,.,.,.,.,.,.,.,.,.
2023,8,11,43,.,.,.,.,.,.,.,.,.,.,.,.,.
2023,8,11,44,.,.,.,.,.,.,.,.,.,.,.,.,.
2023,8,11,45,.,.,.,.,.,.,.,.,.,.,.,.,.
2023,8,11,46,.,.,.,.,.,.,.,.,.,.,.,.,.
2023,8,11,47,.,.,.,.,.,.,.,.,.,.,.,.,.
2023,8,11,48,.,.,.,.,.,.,.,.,.,.,.,.,.
2023,8,11,49,.,.,.,.,.,.,.,.,.,.,.,.,.
2023,8,11,50,.,.,.,.,.,.,.,.,.,.,.,.,.
2023,8,11,51,.,.,.,.,.,.,.,.,.,.,.,.,.
2023,8,11,52,.,.,.,.,.,.,.,.,.,.,.,.,.
2023,8,11,53,.,.,.,.,.,.,.,.,.,.,.,.,.
2023,8,18,1,.,.,.,.,.,.,.,.,.,.,.,.,.
2023,8,18,2,.,.,.,.,.,.,.,.,.,.,.,.,.
2023,8,18,3,.,.,.,.,.,.,.,.,.,.,.,.,.
2023,8,18,4,.,.,.,.,.,.,.,.,.,.,.,.,.
2023,8,18,5,.,.,.,.,.,.,.,.,.,.,.,.,.
2023,8,18,6,.,.,.,.,.,.,.,.,.,.,.,.,.
2023,8,18,7,.,.,.,.,.,.,.,.,.,.,.,.,.
2023,8,18,8,.,.,.,.,.,.,.,.,.,.,.,.,.
2023,8,18,9,.,.,.,.,.,.,.,.,.,.,.,.,.
2023,8,18,10,.,.,.,.,.,.,.,.,.,.,.,.,.
2023,8,18,11,.,.,.,.,.,.,.,.,.,.,.,.,.
2023,8,18,12,.,.,.,.,.,.,.,.,.,.,.,.,.
2023,8,18,13,.,.,.,.,.,.,.,.,.,.,.,.,.
2023,8,18,14,.,.,.,.,.,.,.,.,.,.,.,.,.
2023,8,18,15,.,.,.,.,.,.,.,.,.,.,.,.,.
2023,8,18,16,.,.,.,.,.,.,.,.,.,.,.,.,.
2023,8,18,17,.,.,.,.,.,.,.,.,.,.,.,.,.
2023,8,18,18,.,.,.,.,.,.,.,.,.,.,.,.,.
2023,8,18,19,.,.,.,.,.,.,.,.,.,.,.,.,.
2023,8,18,20,.,.,.,.,.,.,.,.,.,.,.,.,.
2023,8,18,21,.,.,.,.,.,.,.,.,.,.,.,.,.
2023,8,18,22,.,.,.,.,.,.,.,.,.,.,.,.,.
2023,8,18,23,.,.,.,.,.,.,.,.,.,.,.,.,.
2023,8,18,24,.,.,.,.,.,.,.,.,.,.,.,.,.
2023,8,18,25,.,.,.,.,.,.,.,.,.,.,.,.,.
2023,8,18,26,.,.,.,.,.,.,.,.,.,.,.,.,.
2023,8,18,27,.,.,.,.,.,.,.,.,.,.,.,.,.
2023,8,18,28,.,.,.,.,.,.,.,.,.,.,.,.,.
2023,8,18,29,.,.,.,.,.,.,.,.,.,.,.,.,.
2023,8,18,30,.,.,.,.,.,.,.,.,.,.,.,.,.
2023,8,18,31,.,.,.,.,.,.,.,.,.,.,.,.,.
2023,8,18,32,.,.,.,.,.,.,.,.,.,.,.,.,.
2023,8,18,33,.,.,.,.,.,.,.,.,.,.,.,.,.
2023,8,18,34,.,.,.,.,.,.,.,.,.,.,.,.,.
2023,8,18,35,.,.,.,.,.,.,.,.,.,.,.,.,.
2023,8,18,36,.,.,.,.,.,.,.,.,.,.,.,.,.
2023,8,18,37,.,.,.,.,.,.,.,.,.,.,.,.,.
2023,8,18,38,.,.,.,.,.,.,.,.,.,.,.,.,.
2023,8,18,39,.,.,.,.,.,.,.,.,.,.,.,.,.
2023,8,18,40,.,.,.,.,.,.,.,.,.,.,.,.,.
2023,8,18,41,.,.,.,.,.,.,.,.,.,.,.,.,.
2023,8,18,42,.,.,.,.,.,.,.,.,.,.,.,.,.
2023,8,18,43,.,.,.,.,.,.,.,.,.,.,.,.,.
2023,8,18,44,.,.,.,.,.,.,.,.,.,.,.,.,.
2023,8,18,45,.,.,.,.,.,.,.,.,.,.,.,.,.
2023,8,18,46,.,.,.,.,.,.,.,.,.,.,.,.,.
2023,8,18,47,.,.,.,.,.,.,.,.,.,.,.,.,.
2023,8,18,48,.,.,.,.,.,.,.,.,.,.,.,.,.
2023,8,18,49,.,.,.,.,.,.,.,.,.,.,.,.,.
2023,8,18,50,.,.,.,.,.,.,.,.,.,.,.,.,.
2023,8,18,51,.,.,.,.,.,.,.,.,.,.,.,.,.
2023,8,18,52,.,.,.,.,.,.,.,.,.,.,.,.,.
2023,8,18,53,.,.,.,.,.,.,.,.,.,.,.,.,.
2023,8,25,1,.,.,.,.,.,.,.,.,.,.,.,.,.
2023,8,25,2,.,.,.,.,.,.,.,.,.,.,.,.,.
2023,8,25,3,.,.,.,.,.,.,.,.,.,.,.,.,.
2023,8,25,4,.,.,.,.,.,.,.,.,.,.,.,.,.
2023,8,25,5,.,.,.,.,.,.,.,.,.,.,.,.,.
2023,8,25,6,.,.,.,.,.,.,.,.,.,.,.,.,.
2023,8,25,7,.,.,.,.,.,.,.,.,.,.,.,.,.
2023,8,25,8,.,.,.,.,.,.,.,.,.,.,.,.,.
2023,8,25,9,.,.,.,.,.,.,.,.,.,.,.,.,.
2023,8,25,10,.,.,.,.,.,.,.,.,.,.,.,.,.
2023,8,25,11,.,.,.,.,.,.,.,.,.,.,.,.,.
2023,8,25,12,.,.,.,.,.,.,.,.,.,.,.,.,.
2023,8,25,13,.,.,.,.,.,.,.,.,.,.,.,.,.
2023,8,25,14,.,.,.,.,.,.,.,.,.,.,.,.,.
2023,8,25,15,.,.,.,.,.,.,.,.,.,.,.,.,.
2023,8,25,16,.,.,.,.,.,.,.,.,.,.,.,.,.
2023,8,25,17,.,.,.,.,.,.,.,.,.,.,.,.,.
2023,8,25,18,.,.,.,.,.,.,.,.,.,.,.,.,.
2023,8,25,19,.,.,.,.,.,.,.,.,.,.,.,.,.
2023,8,25,20,.,.,.,.,.,.,.,.,.,.,.,.,.
2023,8,25,21,.,.,.,.,.,.,.,.,.,.,.,.,.
2023,8,25,22,.,.,.,.,.,.,.,.,.,.,.,.,.
2023,8,25,23,.,.,.,.,.,.,.,.,.,.,.,.,.
2023,8,25,24,.,.,.,.,.,.,.,.,.,.,.,.,.
2023,8,25,25,.,.,.,.,.,.,.,.,.,.,.,.,.
2023,8,25,26,.,.,.,.,.,.,.,.,.,.,.,.,.
2023,8,25,27,.,.,.,.,.,.,.,.,.,.,.,.,.
2023,8,25,28,.,.,.,.,.,.,.,.,.,.,.,.,.
2023,8,25,29,.,.,.,.,.,.,.,.,.,.,.,.,.
2023,8,25,30,.,.,.,.,.,.,.,.,.,.,.,.,.
2023,8,25,31,.,.,.,.,.,.,.,.,.,.,.,.,.
2023,8,25,32,.,.,.,.,.,.,.,.,.,.,.,.,.
2023,8,25,33,.,.,.,.,.,.,.,.,.,.,.,.,.
2023,8,25,34,.,.,.,.,.,.,.,.,.,.,.,.,.
2023,8,25,35,.,.,.,.,.,.,.,.,.,.,.,.,.
2023,8,25,36,.,.,.,.,.,.,.,.,.,.,.,.,.
2023,8,25,37,.,.,.,.,.,.,.,.,.,.,.,.,.
2023,8,25,38,.,.,.,.,.,.,.,.,.,.,.,.,.
2023,8,25,39,.,.,.,.,.,.,.,.,.,.,.,.,.
2023,8,25,40,.,.,.,.,.,.,.,.,.,.,.,.,.
2023,8,25,41,.,.,.,.,.,.,.,.,.,.,.,.,.
2023,8,25,42,.,.,.,.,.,.,.,.,.,.,.,.,.
2023,8,25,43,.,.,.,.,.,.,.,.,.,.,.,.,.
2023,8,25,44,.,.,.,.,.,.,.,.,.,.,.,.,.
2023,8,25,45,.,.,.,.,.,.,.,.,.,.,.,.,.
2023,8,25,46,.,.,.,.,.,.,.,.,.,.,.,.,.
2023,8,25,47,.,.,.,.,.,.,.,.,.,.,.,.,.
2023,8,25,48,.,.,.,.,.,.,.,.,.,.,.,.,.
2023,8,25,49,.,.,.,.,.,.,.,.,.,.,.,.,.
2023,8,25,50,.,.,.,.,.,.,.,.,.,.,.,.,.
2023,8,25,51,.,.,.,.,.,.,.,.,.,.,.,.,.
2023,8,25,52,.,.,.,.,.,.,.,.,.,.,.,.,.
2023,8,25,53,.,.,.,.,.,.,.,.,.,.,.,.,.
2023,9,1,1,.,.,.,.,.,.,.,.,.,.,.,.,.
2023,9,1,2,.,.,.,.,.,.,.,.,.,.,.,.,.
2023,9,1,3,.,.,.,.,.,.,.,.,.,.,.,.,.
2023,9,1,4,.,.,.,.,.,.,.,.,.,.,.,.,.
2023,9,1,5,.,.,.,.,.,.,.,.,.,.,.,.,.
2023,9,1,6,.,.,.,.,.,.,.,.,.,.,.,.,.
2023,9,1,7,.,.,.,.,.,.,.,.,.,.,.,.,.
2023,9,1,8,.,.,.,.,.,.,.,.,.,.,.,.,.
2023,9,1,9,.,.,.,.,.,.,.,.,.,.,.,.,.
2023,9,1,10,.,.,.,.,.,.,.,.,.,.,.,.,.
2023,9,1,11,.,.,.,.,.,.,.,.,.,.,.,.,.
2023,9,1,12,.,.,.,.,.,.,.,.,.,.,.,.,.
2023,9,1,13,.,.,.,.,.,.,.,.,.,.,.,.,.
2023,9,1,14,.,.,.,.,.,.,.,.,.,.,.,.,.
2023,9,1,15,.,.,.,.,.,.,.,.,.,.,.,.,.
2023,9,1,16,.,.,.,.,.,.,.,.,.,.,.,.,.
2023,9,1,17,.,.,.,.,.,.,.,.,.,.,.,.,.
2023,9,1,18,.,.,.,.,.,.,.,.,.,.,.,.,.
2023,9,1,19,.,.,.,.,.,.,.,.,.,.,.,.,.
2023,9,1,20,.,.,.,.,.,.,.,.,.,.,.,.,.
2023,9,1,21,.,.,.,.,.,.,.,.,.,.,.,.,.
2023,9,1,22,.,.,.,.,.,.,.,.,.,.,.,.,.
2023,9,1,23,.,.,.,.,.,.,.,.,.,.,.,.,.
2023,9,1,24,.,.,.,.,.,.,.,.,.,.,.,.,.
2023,9,1,25,.,.,.,.,.,.,.,.,.,.,.,.,.
2023,9,1,26,.,.,.,.,.,.,.,.,.,.,.,.,.
2023,9,1,27,.,.,.,.,.,.,.,.,.,.,.,.,.
2023,9,1,28,.,.,.,.,.,.,.,.,.,.,.,.,.
2023,9,1,29,.,.,.,.,.,.,.,.,.,.,.,.,.
2023,9,1,30,.,.,.,.,.,.,.,.,.,.,.,.,.
2023,9,1,31,.,.,.,.,.,.,.,.,.,.,.,.,.
2023,9,1,32,.,.,.,.,.,.,.,.,.,.,.,.,.
2023,9,1,33,.,.,.,.,.,.,.,.,.,.,.,.,.
2023,9,1,34,.,.,.,.,.,.,.,.,.,.,.,.,.
2023,9,1,35,.,.,.,.,.,.,.,.,.,.,.,.,.
2023,9,1,36,.,.,.,.,.,.,.,.,.,.,.,.,.
2023,9,1,37,.,.,.,.,.,.,.,.,.,.,.,.,.
2023,9,1,38,.,.,.,.,.,.,.,.,.,.,.,.,.
2023,9,1,39,.,.,.,.,.,.,.,.,.,.,.,.,.
2023,9,1,40,.,.,.,.,.,.,.,.,.,.,.,.,.
2023,9,1,41,.,.,.,.,.,.,.,.,.,.,.,.,.
2023,9,1,42,.,.,.,.,.,.,.,.,.,.,.,.,.
2023,9,1,43,.,.,.,.,.,.,.,.,.,.,.,.,.
2023,9,1,44,.,.,.,.,.,.,.,.,.,.,.,.,.
2023,9,1,45,.,.,.,.,.,.,.,.,.,.,.,.,.
2023,9,1,46,.,.,.,.,.,.,.,.,.,.,.,.,.
2023,9,1,47,.,.,.,.,.,.,.,.,.,.,.,.,.
2023,9,1,48,.,.,.,.,.,.,.,.,.,.,.,.,.
2023,9,1,49,.,.,.,.,.,.,.,.,.,.,.,.,.
2023,9,1,50,.,.,.,.,.,.,.,.,.,.,.,.,.
2023,9,1,51,.,.,.,.,.,.,.,.,.,.,.,.,.
2023,9,1,52,.,.,.,.,.,.,.,.,.,.,.,.,.
2023,9,1,53,.,.,.,.,.,.,.,.,.,.,.,.,.
2023,9,8,1,.,.,.,.,.,.,.,.,.,.,.,.,.
2023,9,8,2,.,.,.,.,.,.,.,.,.,.,.,.,.
2023,9,8,3,.,.,.,.,.,.,.,.,.,.,.,.,.
2023,9,8,4,.,.,.,.,.,.,.,.,.,.,.,.,.
2023,9,8,5,.,.,.,.,.,.,.,.,.,.,.,.,.
2023,9,8,6,.,.,.,.,.,.,.,.,.,.,.,.,.
2023,9,8,7,.,.,.,.,.,.,.,.,.,.,.,.,.
2023,9,8,8,.,.,.,.,.,.,.,.,.,.,.,.,.
2023,9,8,9,.,.,.,.,.,.,.,.,.,.,.,.,.
2023,9,8,10,.,.,.,.,.,.,.,.,.,.,.,.,.
2023,9,8,11,.,.,.,.,.,.,.,.,.,.,.,.,.
2023,9,8,12,.,.,.,.,.,.,.,.,.,.,.,.,.
2023,9,8,13,.,.,.,.,.,.,.,.,.,.,.,.,.
2023,9,8,14,.,.,.,.,.,.,.,.,.,.,.,.,.
2023,9,8,15,.,.,.,.,.,.,.,.,.,.,.,.,.
2023,9,8,16,.,.,.,.,.,.,.,.,.,.,.,.,.
2023,9,8,17,.,.,.,.,.,.,.,.,.,.,.,.,.
2023,9,8,18,.,.,.,.,.,.,.,.,.,.,.,.,.
2023,9,8,19,.,.,.,.,.,.,.,.,.,.,.,.,.
2023,9,8,20,.,.,.,.,.,.,.,.,.,.,.,.,.
2023,9,8,21,.,.,.,.,.,.,.,.,.,.,.,.,.
2023,9,8,22,.,.,.,.,.,.,.,.,.,.,.,.,.
2023,9,8,23,.,.,.,.,.,.,.,.,.,.,.,.,.
2023,9,8,24,.,.,.,.,.,.,.,.,.,.,.,.,.
2023,9,8,25,.,.,.,.,.,.,.,.,.,.,.,.,.
2023,9,8,26,.,.,.,.,.,.,.,.,.,.,.,.,.
2023,9,8,27,.,.,.,.,.,.,.,.,.,.,.,.,.
2023,9,8,28,.,.,.,.,.,.,.,.,.,.,.,.,.
2023,9,8,29,.,.,.,.,.,.,.,.,.,.,.,.,.
2023,9,8,30,.,.,.,.,.,.,.,.,.,.,.,.,.
2023,9,8,31,.,.,.,.,.,.,.,.,.,.,.,.,.
2023,9,8,32,.,.,.,.,.,.,.,.,.,.,.,.,.
2023,9,8,33,.,.,.,.,.,.,.,.,.,.,.,.,.
2023,9,8,34,.,.,.,.,.,.,.,.,.,.,.,.,.
2023,9,8,35,.,.,.,.,.,.,.,.,.,.,.,.,.
2023,9,8,36,.,.,.,.,.,.,.,.,.,.,.,.,.
2023,9,8,37,.,.,.,.,.,.,.,.,.,.,.,.,.
2023,9,8,38,.,.,.,.,.,.,.,.,.,.,.,.,.
2023,9,8,39,.,.,.,.,.,.,.,.,.,.,.,.,.
2023,9,8,40,.,.,.,.,.,.,.,.,.,.,.,.,.
2023,9,8,41,.,.,.,.,.,.,.,.,.,.,.,.,.
2023,9,8,42,.,.,.,.,.,.,.,.,.,.,.,.,.
2023,9,8,43,.,.,.,.,.,.,.,.,.,.,.,.,.
2023,9,8,44,.,.,.,.,.,.,.,.,.,.,.,.,.
2023,9,8,45,.,.,.,.,.,.,.,.,.,.,.,.,.
2023,9,8,46,.,.,.,.,.,.,.,.,.,.,.,.,.
2023,9,8,47,.,.,.,.,.,.,.,.,.,.,.,.,.
2023,9,8,48,.,.,.,.,.,.,.,.,.,.,.,.,.
2023,9,8,49,.,.,.,.,.,.,.,.,.,.,.,.,.
2023,9,8,50,.,.,.,.,.,.,.,.,.,.,.,.,.
2023,9,8,51,.,.,.,.,.,.,.,.,.,.,.,.,.
2023,9,8,52,.,.,.,.,.,.,.,.,.,.,.,.,.
2023,9,8,53,.,.,.,.,.,.,.,.,.,.,.,.,.
2023,9,15,1,.,.,.,.,.,.,.,.,.,.,.,.,.
2023,9,15,2,.,.,.,.,.,.,.,.,.,.,.,.,.
2023,9,15,3,.,.,.,.,.,.,.,.,.,.,.,.,.
2023,9,15,4,.,.,.,.,.,.,.,.,.,.,.,.,.
2023,9,15,5,.,.,.,.,.,.,.,.,.,.,.,.,.
2023,9,15,6,.,.,.,.,.,.,.,.,.,.,.,.,.
2023,9,15,7,.,.,.,.,.,.,.,.,.,.,.,.,.
2023,9,15,8,.,.,.,.,.,.,.,.,.,.,.,.,.
2023,9,15,9,.,.,.,.,.,.,.,.,.,.,.,.,.
2023,9,15,10,.,.,.,.,.,.,.,.,.,.,.,.,.
2023,9,15,11,.,.,.,.,.,.,.,.,.,.,.,.,.
2023,9,15,12,.,.,.,.,.,.,.,.,.,.,.,.,.
2023,9,15,13,.,.,.,.,.,.,.,.,.,.,.,.,.
2023,9,15,14,.,.,.,.,.,.,.,.,.,.,.,.,.
2023,9,15,15,.,.,.,.,.,.,.,.,.,.,.,.,.
2023,9,15,16,.,.,.,.,.,.,.,.,.,.,.,.,.
2023,9,15,17,.,.,.,.,.,.,.,.,.,.,.,.,.
2023,9,15,18,.,.,.,.,.,.,.,.,.,.,.,.,.
2023,9,15,19,.,.,.,.,.,.,.,.,.,.,.,.,.
2023,9,15,20,.,.,.,.,.,.,.,.,.,.,.,.,.
2023,9,15,21,.,.,.,.,.,.,.,.,.,.,.,.,.
2023,9,15,22,.,.,.,.,.,.,.,.,.,.,.,.,.
2023,9,15,23,.,.,.,.,.,.,.,.,.,.,.,.,.
2023,9,15,24,.,.,.,.,.,.,.,.,.,.,.,.,.
2023,9,15,25,.,.,.,.,.,.,.,.,.,.,.,.,.
2023,9,15,26,.,.,.,.,.,.,.,.,.,.,.,.,.
2023,9,15,27,.,.,.,.,.,.,.,.,.,.,.,.,.
2023,9,15,28,.,.,.,.,.,.,.,.,.,.,.,.,.
2023,9,15,29,.,.,.,.,.,.,.,.,.,.,.,.,.
2023,9,15,30,.,.,.,.,.,.,.,.,.,.,.,.,.
2023,9,15,31,.,.,.,.,.,.,.,.,.,.,.,.,.
2023,9,15,32,.,.,.,.,.,.,.,.,.,.,.,.,.
2023,9,15,33,.,.,.,.,.,.,.,.,.,.,.,.,.
2023,9,15,34,.,.,.,.,.,.,.,.,.,.,.,.,.
2023,9,15,35,.,.,.,.,.,.,.,.,.,.,.,.,.
2023,9,15,36,.,.,.,.,.,.,.,.,.,.,.,.,.
2023,9,15,37,.,.,.,.,.,.,.,.,.,.,.,.,.
2023,9,15,38,.,.,.,.,.,.,.,.,.,.,.,.,.
2023,9,15,39,.,.,.,.,.,.,.,.,.,.,.,.,.
2023,9,15,40,.,.,.,.,.,.,.,.,.,.,.,.,.
2023,9,15,41,.,.,.,.,.,.,.,.,.,.,.,.,.
2023,9,15,42,.,.,.,.,.,.,.,.,.,.,.,.,.
2023,9,15,43,.,.,.,.,.,.,.,.,.,.,.,.,.
2023,9,15,44,.,.,.,.,.,.,.,.,.,.,.,.,.
2023,9,15,45,.,.,.,.,.,.,.,.,.,.,.,.,.
2023,9,15,46,.,.,.,.,.,.,.,.,.,.,.,.,.
2023,9,15,47,.,.,.,.,.,.,.,.,.,.,.,.,.
2023,9,15,48,.,.,.,.,.,.,.,.,.,.,.,.,.
2023,9,15,49,.,.,.,.,.,.,.,.,.,.,.,.,.
2023,9,15,50,.,.,.,.,.,.,.,.,.,.,.,.,.
2023,9,15,51,.,.,.,.,.,.,.,.,.,.,.,.,.
2023,9,15,52,.,.,.,.,.,.,.,.,.,.,.,.,.
2023,9,15,53,.,.,.,.,.,.,.,.,.,.,.,.,.
2023,9,22,1,.,.,.,.,.,.,.,.,.,.,.,.,.
2023,9,22,2,.,.,.,.,.,.,.,.,.,.,.,.,.
2023,9,22,3,.,.,.,.,.,.,.,.,.,.,.,.,.
2023,9,22,4,.,.,.,.,.,.,.,.,.,.,.,.,.
2023,9,22,5,.,.,.,.,.,.,.,.,.,.,.,.,.
2023,9,22,6,.,.,.,.,.,.,.,.,.,.,.,.,.
2023,9,22,7,.,.,.,.,.,.,.,.,.,.,.,.,.
2023,9,22,8,.,.,.,.,.,.,.,.,.,.,.,.,.
2023,9,22,9,.,.,.,.,.,.,.,.,.,.,.,.,.
2023,9,22,10,.,.,.,.,.,.,.,.,.,.,.,.,.
2023,9,22,11,.,.,.,.,.,.,.,.,.,.,.,.,.
2023,9,22,12,.,.,.,.,.,.,.,.,.,.,.,.,.
2023,9,22,13,.,.,.,.,.,.,.,.,.,.,.,.,.
2023,9,22,14,.,.,.,.,.,.,.,.,.,.,.,.,.
2023,9,22,15,.,.,.,.,.,.,.,.,.,.,.,.,.
2023,9,22,16,.,.,.,.,.,.,.,.,.,.,.,.,.
2023,9,22,17,.,.,.,.,.,.,.,.,.,.,.,.,.
2023,9,22,18,.,.,.,.,.,.,.,.,.,.,.,.,.
2023,9,22,19,.,.,.,.,.,.,.,.,.,.,.,.,.
2023,9,22,20,.,.,.,.,.,.,.,.,.,.,.,.,.
2023,9,22,21,.,.,.,.,.,.,.,.,.,.,.,.,.
2023,9,22,22,.,.,.,.,.,.,.,.,.,.,.,.,.
2023,9,22,23,.,.,.,.,.,.,.,.,.,.,.,.,.
2023,9,22,24,.,.,.,.,.,.,.,.,.,.,.,.,.
2023,9,22,25,.,.,.,.,.,.,.,.,.,.,.,.,.
2023,9,22,26,.,.,.,.,.,.,.,.,.,.,.,.,.
2023,9,22,27,.,.,.,.,.,.,.,.,.,.,.,.,.
2023,9,22,28,.,.,.,.,.,.,.,.,.,.,.,.,.
2023,9,22,29,.,.,.,.,.,.,.,.,.,.,.,.,.
2023,9,22,30,.,.,.,.,.,.,.,.,.,.,.,.,.
2023,9,22,31,.,.,.,.,.,.,.,.,.,.,.,.,.
2023,9,22,32,.,.,.,.,.,.,.,.,.,.,.,.,.
2023,9,22,33,.,.,.,.,.,.,.,.,.,.,.,.,.
2023,9,22,34,.,.,.,.,.,.,.,.,.,.,.,.,.
2023,9,22,35,.,.,.,.,.,.,.,.,.,.,.,.,.
2023,9,22,36,.,.,.,.,.,.,.,.,.,.,.,.,.
2023,9,22,37,.,.,.,.,.,.,.,.,.,.,.,.,.
2023,9,22,38,.,.,.,.,.,.,.,.,.,.,.,.,.
2023,9,22,39,.,.,.,.,.,.,.,.,.,.,.,.,.
2023,9,22,40,.,.,.,.,.,.,.,.,.,.,.,.,.
2023,9,22,41,.,.,.,.,.,.,.,.,.,.,.,.,.
2023,9,22,42,.,.,.,.,.,.,.,.,.,.,.,.,.
2023,9,22,43,.,.,.,.,.,.,.,.,.,.,.,.,.
2023,9,22,44,.,.,.,.,.,.,.,.,.,.,.,.,.
2023,9,22,45,.,.,.,.,.,.,.,.,.,.,.,.,.
2023,9,22,46,.,.,.,.,.,.,.,.,.,.,.,.,.
2023,9,22,47,.,.,.,.,.,.,.,.,.,.,.,.,.
2023,9,22,48,.,.,.,.,.,.,.,.,.,.,.,.,.
2023,9,22,49,.,.,.,.,.,.,.,.,.,.,.,.,.
2023,9,22,50,.,.,.,.,.,.,.,.,.,.,.,.,.
2023,9,22,51,.,.,.,.,.,.,.,.,.,.,.,.,.
2023,9,22,52,.,.,.,.,.,.,.,.,.,.,.,.,.
2023,9,22,53,.,.,.,.,.,.,.,.,.,.,.,.,.
2023,9,29,1,.,.,.,.,.,.,.,.,.,.,.,.,.
2023,9,29,2,.,.,.,.,.,.,.,.,.,.,.,.,.
2023,9,29,3,.,.,.,.,.,.,.,.,.,.,.,.,.
2023,9,29,4,.,.,.,.,.,.,.,.,.,.,.,.,.
2023,9,29,5,.,.,.,.,.,.,.,.,.,.,.,.,.
2023,9,29,6,.,.,.,.,.,.,.,.,.,.,.,.,.
2023,9,29,7,.,.,.,.,.,.,.,.,.,.,.,.,.
2023,9,29,8,.,.,.,.,.,.,.,.,.,.,.,.,.
2023,9,29,9,.,.,.,.,.,.,.,.,.,.,.,.,.
2023,9,29,10,.,.,.,.,.,.,.,.,.,.,.,.,.
2023,9,29,11,.,.,.,.,.,.,.,.,.,.,.,.,.
2023,9,29,12,.,.,.,.,.,.,.,.,.,.,.,.,.
2023,9,29,13,.,.,.,.,.,.,.,.,.,.,.,.,.
2023,9,29,14,.,.,.,.,.,.,.,.,.,.,.,.,.
2023,9,29,15,.,.,.,.,.,.,.,.,.,.,.,.,.
2023,9,29,16,.,.,.,.,.,.,.,.,.,.,.,.,.
2023,9,29,17,.,.,.,.,.,.,.,.,.,.,.,.,.
2023,9,29,18,.,.,.,.,.,.,.,.,.,.,.,.,.
2023,9,29,19,.,.,.,.,.,.,.,.,.,.,.,.,.
2023,9,29,20,.,.,.,.,.,.,.,.,.,.,.,.,.
2023,9,29,21,.,.,.,.,.,.,.,.,.,.,.,.,.
2023,9,29,22,.,.,.,.,.,.,.,.,.,.,.,.,.
2023,9,29,23,.,.,.,.,.,.,.,.,.,.,.,.,.
2023,9,29,24,.,.,.,.,.,.,.,.,.,.,.,.,.
2023,9,29,25,.,.,.,.,.,.,.,.,.,.,.,.,.
2023,9,29,26,.,.,.,.,.,.,.,.,.,.,.,.,.
2023,9,29,27,.,.,.,.,.,.,.,.,.,.,.,.,.
2023,9,29,28,.,.,.,.,.,.,.,.,.,.,.,.,.
2023,9,29,29,.,.,.,.,.,.,.,.,.,.,.,.,.
2023,9,29,30,.,.,.,.,.,.,.,.,.,.,.,.,.
2023,9,29,31,.,.,.,.,.,.,.,.,.,.,.,.,.
2023,9,29,32,.,.,.,.,.,.,.,.,.,.,.,.,.
2023,9,29,33,.,.,.,.,.,.,.,.,.,.,.,.,.
2023,9,29,34,.,.,.,.,.,.,.,.,.,.,.,.,.
2023,9,29,35,.,.,.,.,.,.,.,.,.,.,.,.,.
2023,9,29,36,.,.,.,.,.,.,.,.,.,.,.,.,.
2023,9,29,37,.,.,.,.,.,.,.,.,.,.,.,.,.
2023,9,29,38,.,.,.,.,.,.,.,.,.,.,.,.,.
2023,9,29,39,.,.,.,.,.,.,.,.,.,.,.,.,.
2023,9,29,40,.,.,.,.,.,.,.,.,.,.,.,.,.
2023,9,29,41,.,.,.,.,.,.,.,.,.,.,.,.,.
2023,9,29,42,.,.,.,.,.,.,.,.,.,.,.,.,.
2023,9,29,43,.,.,.,.,.,.,.,.,.,.,.,.,.
2023,9,29,44,.,.,.,.,.,.,.,.,.,.,.,.,.
2023,9,29,45,.,.,.,.,.,.,.,.,.,.,.,.,.
2023,9,29,46,.,.,.,.,.,.,.,.,.,.,.,.,.
2023,9,29,47,.,.,.,.,.,.,.,.,.,.,.,.,.
2023,9,29,48,.,.,.,.,.,.,.,.,.,.,.,.,.
2023,9,29,49,.,.,.,.,.,.,.,.,.,.,.,.,.
2023,9,29,50,.,.,.,.,.,.,.,.,.,.,.,.,.
2023,9,29,51,.,.,.,.,.,.,.,.,.,.,.,.,.
2023,9,29,52,.,.,.,.,.,.,.,.,.,.,.,.,.
2023,9,29,53,.,.,.,.,.,.,.,.,.,.,.,.,.
2023,10,6,1,.,.,.,.,.,.,.,.,.,.,.,.,.
2023,10,6,2,.,.,.,.,.,.,.,.,.,.,.,.,.
2023,10,6,3,.,.,.,.,.,.,.,.,.,.,.,.,.
2023,10,6,4,.,.,.,.,.,.,.,.,.,.,.,.,.
2023,10,6,5,.,.,.,.,.,.,.,.,.,.,.,.,.
2023,10,6,6,.,.,.,.,.,.,.,.,.,.,.,.,.
2023,10,6,7,.,.,.,.,.,.,.,.,.,.,.,.,.
2023,10,6,8,.,.,.,.,.,.,.,.,.,.,.,.,.
2023,10,6,9,.,.,.,.,.,.,.,.,.,.,.,.,.
2023,10,6,10,.,.,.,.,.,.,.,.,.,.,.,.,.
2023,10,6,11,.,.,.,.,.,.,.,.,.,.,.,.,.
2023,10,6,12,.,.,.,.,.,.,.,.,.,.,.,.,.
2023,10,6,13,.,.,.,.,.,.,.,.,.,.,.,.,.
2023,10,6,14,.,.,.,.,.,.,.,.,.,.,.,.,.
2023,10,6,15,.,.,.,.,.,.,.,.,.,.,.,.,.
2023,10,6,16,.,.,.,.,.,.,.,.,.,.,.,.,.
2023,10,6,17,.,.,.,.,.,.,.,.,.,.,.,.,.
2023,10,6,18,.,.,.,.,.,.,.,.,.,.,.,.,.
2023,10,6,19,.,.,.,.,.,.,.,.,.,.,.,.,.
2023,10,6,20,.,.,.,.,.,.,.,.,.,.,.,.,.
2023,10,6,21,.,.,.,.,.,.,.,.,.,.,.,.,.
2023,10,6,22,.,.,.,.,.,.,.,.,.,.,.,.,.
2023,10,6,23,.,.,.,.,.,.,.,.,.,.,.,.,.
2023,10,6,24,.,.,.,.,.,.,.,.,.,.,.,.,.
2023,10,6,25,.,.,.,.,.,.,.,.,.,.,.,.,.
2023,10,6,26,.,.,.,.,.,.,.,.,.,.,.,.,.
2023,10,6,27,.,.,.,.,.,.,.,.,.,.,.,.,.
2023,10,6,28,.,.,.,.,.,.,.,.,.,.,.,.,.
2023,10,6,29,.,.,.,.,.,.,.,.,.,.,.,.,.
2023,10,6,30,.,.,.,.,.,.,.,.,.,.,.,.,.
2023,10,6,31,.,.,.,.,.,.,.,.,.,.,.,.,.
2023,10,6,32,.,.,.,.,.,.,.,.,.,.,.,.,.
2023,10,6,33,.,.,.,.,.,.,.,.,.,.,.,.,.
2023,10,6,34,.,.,.,.,.,.,.,.,.,.,.,.,.
2023,10,6,35,.,.,.,.,.,.,.,.,.,.,.,.,.
2023,10,6,36,.,.,.,.,.,.,.,.,.,.,.,.,.
2023,10,6,37,.,.,.,.,.,.,.,.,.,.,.,.,.
2023,10,6,38,.,.,.,.,.,.,.,.,.,.,.,.,.
2023,10,6,39,.,.,.,.,.,.,.,.,.,.,.,.,.
2023,10,6,40,.,.,.,.,.,.,.,.,.,.,.,.,.
2023,10,6,41,.,.,.,.,.,.,.,.,.,.,.,.,.
2023,10,6,42,.,.,.,.,.,.,.,.,.,.,.,.,.
2023,10,6,43,.,.,.,.,.,.,.,.,.,.,.,.,.
2023,10,6,44,.,.,.,.,.,.,.,.,.,.,.,.,.
2023,10,6,45,.,.,.,.,.,.,.,.,.,.,.,.,.
2023,10,6,46,.,.,.,.,.,.,.,.,.,.,.,.,.
2023,10,6,47,.,.,.,.,.,.,.,.,.,.,.,.,.
2023,10,6,48,.,.,.,.,.,.,.,.,.,.,.,.,.
2023,10,6,49,.,.,.,.,.,.,.,.,.,.,.,.,.
2023,10,6,50,.,.,.,.,.,.,.,.,.,.,.,.,.
2023,10,6,51,.,.,.,.,.,.,.,.,.,.,.,.,.
2023,10,6,52,.,.,.,.,.,.,.,.,.,.,.,.,.
2023,10,6,53,.,.,.,.,.,.,.,.,.,.,.,.,.
2023,10,13,1,.,.,.,.,.,.,.,.,.,.,.,.,.
2023,10,13,2,.,.,.,.,.,.,.,.,.,.,.,.,.
2023,10,13,3,.,.,.,.,.,.,.,.,.,.,.,.,.
2023,10,13,4,.,.,.,.,.,.,.,.,.,.,.,.,.
2023,10,13,5,.,.,.,.,.,.,.,.,.,.,.,.,.
2023,10,13,6,.,.,.,.,.,.,.,.,.,.,.,.,.
2023,10,13,7,.,.,.,.,.,.,.,.,.,.,.,.,.
2023,10,13,8,.,.,.,.,.,.,.,.,.,.,.,.,.
2023,10,13,9,.,.,.,.,.,.,.,.,.,.,.,.,.
2023,10,13,10,.,.,.,.,.,.,.,.,.,.,.,.,.
2023,10,13,11,.,.,.,.,.,.,.,.,.,.,.,.,.
2023,10,13,12,.,.,.,.,.,.,.,.,.,.,.,.,.
2023,10,13,13,.,.,.,.,.,.,.,.,.,.,.,.,.
2023,10,13,14,.,.,.,.,.,.,.,.,.,.,.,.,.
2023,10,13,15,.,.,.,.,.,.,.,.,.,.,.,.,.
2023,10,13,16,.,.,.,.,.,.,.,.,.,.,.,.,.
2023,10,13,17,.,.,.,.,.,.,.,.,.,.,.,.,.
2023,10,13,18,.,.,.,.,.,.,.,.,.,.,.,.,.
2023,10,13,19,.,.,.,.,.,.,.,.,.,.,.,.,.
2023,10,13,20,.,.,.,.,.,.,.,.,.,.,.,.,.
2023,10,13,21,.,.,.,.,.,.,.,.,.,.,.,.,.
2023,10,13,22,.,.,.,.,.,.,.,.,.,.,.,.,.
2023,10,13,23,.,.,.,.,.,.,.,.,.,.,.,.,.
2023,10,13,24,.,.,.,.,.,.,.,.,.,.,.,.,.
2023,10,13,25,.,.,.,.,.,.,.,.,.,.,.,.,.
2023,10,13,26,.,.,.,.,.,.,.,.,.,.,.,.,.
2023,10,13,27,.,.,.,.,.,.,.,.,.,.,.,.,.
2023,10,13,28,.,.,.,.,.,.,.,.,.,.,.,.,.
2023,10,13,29,.,.,.,.,.,.,.,.,.,.,.,.,.
2023,10,13,30,.,.,.,.,.,.,.,.,.,.,.,.,.
2023,10,13,31,.,.,.,.,.,.,.,.,.,.,.,.,.
2023,10,13,32,.,.,.,.,.,.,.,.,.,.,.,.,.
2023,10,13,33,.,.,.,.,.,.,.,.,.,.,.,.,.
2023,10,13,34,.,.,.,.,.,.,.,.,.,.,.,.,.
2023,10,13,35,.,.,.,.,.,.,.,.,.,.,.,.,.
2023,10,13,36,.,.,.,.,.,.,.,.,.,.,.,.,.
2023,10,13,37,.,.,.,.,.,.,.,.,.,.,.,.,.
2023,10,13,38,.,.,.,.,.,.,.,.,.,.,.,.,.
2023,10,13,39,.,.,.,.,.,.,.,.,.,.,.,.,.
2023,10,13,40,.,.,.,.,.,.,.,.,.,.,.,.,.
2023,10,13,41,.,.,.,.,.,.,.,.,.,.,.,.,.
2023,10,13,42,.,.,.,.,.,.,.,.,.,.,.,.,.
2023,10,13,43,.,.,.,.,.,.,.,.,.,.,.,.,.
2023,10,13,44,.,.,.,.,.,.,.,.,.,.,.,.,.
2023,10,13,45,.,.,.,.,.,.,.,.,.,.,.,.,.
2023,10,13,46,.,.,.,.,.,.,.,.,.,.,.,.,.
2023,10,13,47,.,.,.,.,.,.,.,.,.,.,.,.,.
2023,10,13,48,.,.,.,.,.,.,.,.,.,.,.,.,.
2023,10,13,49,.,.,.,.,.,.,.,.,.,.,.,.,.
2023,10,13,50,.,.,.,.,.,.,.,.,.,.,.,.,.
2023,10,13,51,.,.,.,.,.,.,.,.,.,.,.,.,.
2023,10,13,52,.,.,.,.,.,.,.,.,.,.,.,.,.
2023,10,13,53,.,.,.,.,.,.,.,.,.,.,.,.,.
2023,10,20,1,.,.,.,.,.,.,.,.,.,.,.,.,.
2023,10,20,2,.,.,.,.,.,.,.,.,.,.,.,.,.
2023,10,20,3,.,.,.,.,.,.,.,.,.,.,.,.,.
2023,10,20,4,.,.,.,.,.,.,.,.,.,.,.,.,.
2023,10,20,5,.,.,.,.,.,.,.,.,.,.,.,.,.
2023,10,20,6,.,.,.,.,.,.,.,.,.,.,.,.,.
2023,10,20,7,.,.,.,.,.,.,.,.,.,.,.,.,.
2023,10,20,8,.,.,.,.,.,.,.,.,.,.,.,.,.
2023,10,20,9,.,.,.,.,.,.,.,.,.,.,.,.,.
2023,10,20,10,.,.,.,.,.,.,.,.,.,.,.,.,.
2023,10,20,11,.,.,.,.,.,.,.,.,.,.,.,.,.
2023,10,20,12,.,.,.,.,.,.,.,.,.,.,.,.,.
2023,10,20,13,.,.,.,.,.,.,.,.,.,.,.,.,.
2023,10,20,14,.,.,.,.,.,.,.,.,.,.,.,.,.
2023,10,20,15,.,.,.,.,.,.,.,.,.,.,.,.,.
2023,10,20,16,.,.,.,.,.,.,.,.,.,.,.,.,.
2023,10,20,17,.,.,.,.,.,.,.,.,.,.,.,.,.
2023,10,20,18,.,.,.,.,.,.,.,.,.,.,.,.,.
2023,10,20,19,.,.,.,.,.,.,.,.,.,.,.,.,.
2023,10,20,20,.,.,.,.,.,.,.,.,.,.,.,.,.
2023,10,20,21,.,.,.,.,.,.,.,.,.,.,.,.,.
2023,10,20,22,.,.,.,.,.,.,.,.,.,.,.,.,.
2023,10,20,23,.,.,.,.,.,.,.,.,.,.,.,.,.
2023,10,20,24,.,.,.,.,.,.,.,.,.,.,.,.,.
2023,10,20,25,.,.,.,.,.,.,.,.,.,.,.,.,.
2023,10,20,26,.,.,.,.,.,.,.,.,.,.,.,.,.
2023,10,20,27,.,.,.,.,.,.,.,.,.,.,.,.,.
2023,10,20,28,.,.,.,.,.,.,.,.,.,.,.,.,.
2023,10,20,29,.,.,.,.,.,.,.,.,.,.,.,.,.
2023,10,20,30,.,.,.,.,.,.,.,.,.,.,.,.,.
2023,10,20,31,.,.,.,.,.,.,.,.,.,.,.,.,.
2023,10,20,32,.,.,.,.,.,.,.,.,.,.,.,.,.
2023,10,20,33,.,.,.,.,.,.,.,.,.,.,.,.,.
2023,10,20,34,.,.,.,.,.,.,.,.,.,.,.,.,.
2023,10,20,35,.,.,.,.,.,.,.,.,.,.,.,.,.
2023,10,20,36,.,.,.,.,.,.,.,.,.,.,.,.,.
2023,10,20,37,.,.,.,.,.,.,.,.,.,.,.,.,.
2023,10,20,38,.,.,.,.,.,.,.,.,.,.,.,.,.
2023,10,20,39,.,.,.,.,.,.,.,.,.,.,.,.,.
2023,10,20,40,.,.,.,.,.,.,.,.,.,.,.,.,.
2023,10,20,41,.,.,.,.,.,.,.,.,.,.,.,.,.
2023,10,20,42,.,.,.,.,.,.,.,.,.,.,.,.,.
2023,10,20,43,.,.,.,.,.,.,.,.,.,.,.,.,.
2023,10,20,44,.,.,.,.,.,.,.,.,.,.,.,.,.
2023,10,20,45,.,.,.,.,.,.,.,.,.,.,.,.,.
2023,10,20,46,.,.,.,.,.,.,.,.,.,.,.,.,.
2023,10,20,47,.,.,.,.,.,.,.,.,.,.,.,.,.
2023,10,20,48,.,.,.,.,.,.,.,.,.,.,.,.,.
2023,10,20,49,.,.,.,.,.,.,.,.,.,.,.,.,.
2023,10,20,50,.,.,.,.,.,.,.,.,.,.,.,.,.
2023,10,20,51,.,.,.,.,.,.,.,.,.,.,.,.,.
2023,10,20,52,.,.,.,.,.,.,.,.,.,.,.,.,.
2023,10,20,53,.,.,.,.,.,.,.,.,.,.,.,.,.
2023,10,27,1,.,.,.,.,.,.,.,.,.,.,.,.,.
2023,10,27,2,.,.,.,.,.,.,.,.,.,.,.,.,.
2023,10,27,3,.,.,.,.,.,.,.,.,.,.,.,.,.
2023,10,27,4,.,.,.,.,.,.,.,.,.,.,.,.,.
2023,10,27,5,.,.,.,.,.,.,.,.,.,.,.,.,.
2023,10,27,6,.,.,.,.,.,.,.,.,.,.,.,.,.
2023,10,27,7,.,.,.,.,.,.,.,.,.,.,.,.,.
2023,10,27,8,.,.,.,.,.,.,.,.,.,.,.,.,.
2023,10,27,9,.,.,.,.,.,.,.,.,.,.,.,.,.
2023,10,27,10,.,.,.,.,.,.,.,.,.,.,.,.,.
2023,10,27,11,.,.,.,.,.,.,.,.,.,.,.,.,.
2023,10,27,12,.,.,.,.,.,.,.,.,.,.,.,.,.
2023,10,27,13,.,.,.,.,.,.,.,.,.,.,.,.,.
2023,10,27,14,.,.,.,.,.,.,.,.,.,.,.,.,.
2023,10,27,15,.,.,.,.,.,.,.,.,.,.,.,.,.
2023,10,27,16,.,.,.,.,.,.,.,.,.,.,.,.,.
2023,10,27,17,.,.,.,.,.,.,.,.,.,.,.,.,.
2023,10,27,18,.,.,.,.,.,.,.,.,.,.,.,.,.
2023,10,27,19,.,.,.,.,.,.,.,.,.,.,.,.,.
2023,10,27,20,.,.,.,.,.,.,.,.,.,.,.,.,.
2023,10,27,21,.,.,.,.,.,.,.,.,.,.,.,.,.
2023,10,27,22,.,.,.,.,.,.,.,.,.,.,.,.,.
2023,10,27,23,.,.,.,.,.,.,.,.,.,.,.,.,.
2023,10,27,24,.,.,.,.,.,.,.,.,.,.,.,.,.
2023,10,27,25,.,.,.,.,.,.,.,.,.,.,.,.,.
2023,10,27,26,.,.,.,.,.,.,.,.,.,.,.,.,.
2023,10,27,27,.,.,.,.,.,.,.,.,.,.,.,.,.
2023,10,27,28,.,.,.,.,.,.,.,.,.,.,.,.,.
2023,10,27,29,.,.,.,.,.,.,.,.,.,.,.,.,.
2023,10,27,30,.,.,.,.,.,.,.,.,.,.,.,.,.
2023,10,27,31,.,.,.,.,.,.,.,.,.,.,.,.,.
2023,10,27,32,.,.,.,.,.,.,.,.,.,.,.,.,.
2023,10,27,33,.,.,.,.,.,.,.,.,.,.,.,.,.
2023,10,27,34,.,.,.,.,.,.,.,.,.,.,.,.,.
2023,10,27,35,.,.,.,.,.,.,.,.,.,.,.,.,.
2023,10,27,36,.,.,.,.,.,.,.,.,.,.,.,.,.
2023,10,27,37,.,.,.,.,.,.,.,.,.,.,.,.,.
2023,10,27,38,.,.,.,.,.,.,.,.,.,.,.,.,.
2023,10,27,39,.,.,.,.,.,.,.,.,.,.,.,.,.
2023,10,27,40,.,.,.,.,.,.,.,.,.,.,.,.,.
2023,10,27,41,.,.,.,.,.,.,.,.,.,.,.,.,.
2023,10,27,42,.,.,.,.,.,.,.,.,.,.,.,.,.
2023,10,27,43,.,.,.,.,.,.,.,.,.,.,.,.,.
2023,10,27,44,.,.,.,.,.,.,.,.,.,.,.,.,.
2023,10,27,45,.,.,.,.,.,.,.,.,.,.,.,.,.
2023,10,27,46,.,.,.,.,.,.,.,.,.,.,.,.,.
2023,10,27,47,.,.,.,.,.,.,.,.,.,.,.,.,.
2023,10,27,48,.,.,.,.,.,.,.,.,.,.,.,.,.
2023,10,27,49,.,.,.,.,.,.,.,.,.,.,.,.,.
2023,10,27,50,.,.,.,.,.,.,.,.,.,.,.,.,.
2023,10,27,51,.,.,.,.,.,.,.,.,.,.,.,.,.
2023,10,27,52,.,.,.,.,.,.,.,.,.,.,.,.,.
2023,10,27,53,.,.,.,.,.,.,.,.,.,.,.,.,.
2023,11,3,1,.,.,.,.,.,.,.,.,.,.,.,.,.
2023,11,3,2,.,.,.,.,.,.,.,.,.,.,.,.,.
2023,11,3,3,.,.,.,.,.,.,.,.,.,.,.,.,.
2023,11,3,4,.,.,.,.,.,.,.,.,.,.,.,.,.
2023,11,3,5,.,.,.,.,.,.,.,.,.,.,.,.,.
2023,11,3,6,.,.,.,.,.,.,.,.,.,.,.,.,.
2023,11,3,7,.,.,.,.,.,.,.,.,.,.,.,.,.
2023,11,3,8,.,.,.,.,.,.,.,.,.,.,.,.,.
2023,11,3,9,.,.,.,.,.,.,.,.,.,.,.,.,.
2023,11,3,10,.,.,.,.,.,.,.,.,.,.,.,.,.
2023,11,3,11,.,.,.,.,.,.,.,.,.,.,.,.,.
2023,11,3,12,.,.,.,.,.,.,.,.,.,.,.,.,.
2023,11,3,13,.,.,.,.,.,.,.,.,.,.,.,.,.
2023,11,3,14,.,.,.,.,.,.,.,.,.,.,.,.,.
2023,11,3,15,.,.,.,.,.,.,.,.,.,.,.,.,.
2023,11,3,16,.,.,.,.,.,.,.,.,.,.,.,.,.
2023,11,3,17,.,.,.,.,.,.,.,.,.,.,.,.,.
2023,11,3,18,.,.,.,.,.,.,.,.,.,.,.,.,.
2023,11,3,19,.,.,.,.,.,.,.,.,.,.,.,.,.
2023,11,3,20,.,.,.,.,.,.,.,.,.,.,.,.,.
2023,11,3,21,.,.,.,.,.,.,.,.,.,.,.,.,.
2023,11,3,22,.,.,.,.,.,.,.,.,.,.,.,.,.
2023,11,3,23,.,.,.,.,.,.,.,.,.,.,.,.,.
2023,11,3,24,.,.,.,.,.,.,.,.,.,.,.,.,.
2023,11,3,25,.,.,.,.,.,.,.,.,.,.,.,.,.
2023,11,3,26,.,.,.,.,.,.,.,.,.,.,.,.,.
2023,11,3,27,.,.,.,.,.,.,.,.,.,.,.,.,.
2023,11,3,28,.,.,.,.,.,.,.,.,.,.,.,.,.
2023,11,3,29,.,.,.,.,.,.,.,.,.,.,.,.,.
2023,11,3,30,.,.,.,.,.,.,.,.,.,.,.,.,.
2023,11,3,31,.,.,.,.,.,.,.,.,.,.,.,.,.
2023,11,3,32,.,.,.,.,.,.,.,.,.,.,.,.,.
2023,11,3,33,.,.,.,.,.,.,.,.,.,.,.,.,.
2023,11,3,34,.,.,.,.,.,.,.,.,.,.,.,.,.
2023,11,3,35,.,.,.,.,.,.,.,.,.,.,.,.,.
2023,11,3,36,.,.,.,.,.,.,.,.,.,.,.,.,.
2023,11,3,37,.,.,.,.,.,.,.,.,.,.,.,.,.
2023,11,3,38,.,.,.,.,.,.,.,.,.,.,.,.,.
2023,11,3,39,.,.,.,.,.,.,.,.,.,.,.,.,.
2023,11,3,40,.,.,.,.,.,.,.,.,.,.,.,.,.
2023,11,3,41,.,.,.,.,.,.,.,.,.,.,.,.,.
2023,11,3,42,.,.,.,.,.,.,.,.,.,.,.,.,.
2023,11,3,43,.,.,.,.,.,.,.,.,.,.,.,.,.
2023,11,3,44,.,.,.,.,.,.,.,.,.,.,.,.,.
2023,11,3,45,.,.,.,.,.,.,.,.,.,.,.,.,.
2023,11,3,46,.,.,.,.,.,.,.,.,.,.,.,.,.
2023,11,3,47,.,.,.,.,.,.,.,.,.,.,.,.,.
2023,11,3,48,.,.,.,.,.,.,.,.,.,.,.,.,.
2023,11,3,49,.,.,.,.,.,.,.,.,.,.,.,.,.
2023,11,3,50,.,.,.,.,.,.,.,.,.,.,.,.,.
2023,11,3,51,.,.,.,.,.,.,.,.,.,.,.,.,.
2023,11,3,52,.,.,.,.,.,.,.,.,.,.,.,.,.
2023,11,3,53,.,.,.,.,.,.,.,.,.,.,.,.,.
2023,11,10,1,.,.,.,.,.,.,.,.,.,.,.,.,.
2023,11,10,2,.,.,.,.,.,.,.,.,.,.,.,.,.
2023,11,10,3,.,.,.,.,.,.,.,.,.,.,.,.,.
2023,11,10,4,.,.,.,.,.,.,.,.,.,.,.,.,.
2023,11,10,5,.,.,.,.,.,.,.,.,.,.,.,.,.
2023,11,10,6,.,.,.,.,.,.,.,.,.,.,.,.,.
2023,11,10,7,.,.,.,.,.,.,.,.,.,.,.,.,.
2023,11,10,8,.,.,.,.,.,.,.,.,.,.,.,.,.
2023,11,10,9,.,.,.,.,.,.,.,.,.,.,.,.,.
2023,11,10,10,.,.,.,.,.,.,.,.,.,.,.,.,.
2023,11,10,11,.,.,.,.,.,.,.,.,.,.,.,.,.
2023,11,10,12,.,.,.,.,.,.,.,.,.,.,.,.,.
2023,11,10,13,.,.,.,.,.,.,.,.,.,.,.,.,.
2023,11,10,14,.,.,.,.,.,.,.,.,.,.,.,.,.
2023,11,10,15,.,.,.,.,.,.,.,.,.,.,.,.,.
2023,11,10,16,.,.,.,.,.,.,.,.,.,.,.,.,.
2023,11,10,17,.,.,.,.,.,.,.,.,.,.,.,.,.
2023,11,10,18,.,.,.,.,.,.,.,.,.,.,.,.,.
2023,11,10,19,.,.,.,.,.,.,.,.,.,.,.,.,.
2023,11,10,20,.,.,.,.,.,.,.,.,.,.,.,.,.
2023,11,10,21,.,.,.,.,.,.,.,.,.,.,.,.,.
2023,11,10,22,.,.,.,.,.,.,.,.,.,.,.,.,.
2023,11,10,23,.,.,.,.,.,.,.,.,.,.,.,.,.
2023,11,10,24,.,.,.,.,.,.,.,.,.,.,.,.,.
2023,11,10,25,.,.,.,.,.,.,.,.,.,.,.,.,.
2023,11,10,26,.,.,.,.,.,.,.,.,.,.,.,.,.
2023,11,10,27,.,.,.,.,.,.,.,.,.,.,.,.,.
2023,11,10,28,.,.,.,.,.,.,.,.,.,.,.,.,.
2023,11,10,29,.,.,.,.,.,.,.,.,.,.,.,.,.
2023,11,10,30,.,.,.,.,.,.,.,.,.,.,.,.,.
2023,11,10,31,.,.,.,.,.,.,.,.,.,.,.,.,.
2023,11,10,32,.,.,.,.,.,.,.,.,.,.,.,.,.
2023,11,10,33,.,.,.,.,.,.,.,.,.,.,.,.,.
2023,11,10,34,.,.,.,.,.,.,.,.,.,.,.,.,.
2023,11,10,35,.,.,.,.,.,.,.,.,.,.,.,.,.
2023,11,10,36,.,.,.,.,.,.,.,.,.,.,.,.,.
2023,11,10,37,.,.,.,.,.,.,.,.,.,.,.,.,.
2023,11,10,38,.,.,.,.,.,.,.,.,.,.,.,.,.
2023,11,10,39,.,.,.,.,.,.,.,.,.,.,.,.,.
2023,11,10,40,.,.,.,.,.,.,.,.,.,.,.,.,.
2023,11,10,41,.,.,.,.,.,.,.,.,.,.,.,.,.
2023,11,10,42,.,.,.,.,.,.,.,.,.,.,.,.,.
2023,11,10,43,.,.,.,.,.,.,.,.,.,.,.,.,.
2023,11,10,44,.,.,.,.,.,.,.,.,.,.,.,.,.
2023,11,10,45,.,.,.,.,.,.,.,.,.,.,.,.,.
2023,11,10,46,.,.,.,.,.,.,.,.,.,.,.,.,.
2023,11,10,47,.,.,.,.,.,.,.,.,.,.,.,.,.
2023,11,10,48,.,.,.,.,.,.,.,.,.,.,.,.,.
2023,11,10,49,.,.,.,.,.,.,.,.,.,.,.,.,.
2023,11,10,50,.,.,.,.,.,.,.,.,.,.,.,.,.
2023,11,10,51,.,.,.,.,.,.,.,.,.,.,.,.,.
2023,11,10,52,.,.,.,.,.,.,.,.,.,.,.,.,.
2023,11,10,53,.,.,.,.,.,.,.,.,.,.,.,.,.
2023,11,17,1,.,.,.,.,.,.,.,.,.,.,.,.,.
2023,11,17,2,.,.,.,.,.,.,.,.,.,.,.,.,.
2023,11,17,3,.,.,.,.,.,.,.,.,.,.,.,.,.
2023,11,17,4,.,.,.,.,.,.,.,.,.,.,.,.,.
2023,11,17,5,.,.,.,.,.,.,.,.,.,.,.,.,.
2023,11,17,6,.,.,.,.,.,.,.,.,.,.,.,.,.
2023,11,17,7,.,.,.,.,.,.,.,.,.,.,.,.,.
2023,11,17,8,.,.,.,.,.,.,.,.,.,.,.,.,.
2023,11,17,9,.,.,.,.,.,.,.,.,.,.,.,.,.
2023,11,17,10,.,.,.,.,.,.,.,.,.,.,.,.,.
2023,11,17,11,.,.,.,.,.,.,.,.,.,.,.,.,.
2023,11,17,12,.,.,.,.,.,.,.,.,.,.,.,.,.
2023,11,17,13,.,.,.,.,.,.,.,.,.,.,.,.,.
2023,11,17,14,.,.,.,.,.,.,.,.,.,.,.,.,.
2023,11,17,15,.,.,.,.,.,.,.,.,.,.,.,.,.
2023,11,17,16,.,.,.,.,.,.,.,.,.,.,.,.,.
2023,11,17,17,.,.,.,.,.,.,.,.,.,.,.,.,.
2023,11,17,18,.,.,.,.,.,.,.,.,.,.,.,.,.
2023,11,17,19,.,.,.,.,.,.,.,.,.,.,.,.,.
2023,11,17,20,.,.,.,.,.,.,.,.,.,.,.,.,.
2023,11,17,21,.,.,.,.,.,.,.,.,.,.,.,.,.
2023,11,17,22,.,.,.,.,.,.,.,.,.,.,.,.,.
2023,11,17,23,.,.,.,.,.,.,.,.,.,.,.,.,.
2023,11,17,24,.,.,.,.,.,.,.,.,.,.,.,.,.
2023,11,17,25,.,.,.,.,.,.,.,.,.,.,.,.,.
2023,11,17,26,.,.,.,.,.,.,.,.,.,.,.,.,.
2023,11,17,27,.,.,.,.,.,.,.,.,.,.,.,.,.
2023,11,17,28,.,.,.,.,.,.,.,.,.,.,.,.,.
2023,11,17,29,.,.,.,.,.,.,.,.,.,.,.,.,.
2023,11,17,30,.,.,.,.,.,.,.,.,.,.,.,.,.
2023,11,17,31,.,.,.,.,.,.,.,.,.,.,.,.,.
2023,11,17,32,.,.,.,.,.,.,.,.,.,.,.,.,.
2023,11,17,33,.,.,.,.,.,.,.,.,.,.,.,.,.
2023,11,17,34,.,.,.,.,.,.,.,.,.,.,.,.,.
2023,11,17,35,.,.,.,.,.,.,.,.,.,.,.,.,.
2023,11,17,36,.,.,.,.,.,.,.,.,.,.,.,.,.
2023,11,17,37,.,.,.,.,.,.,.,.,.,.,.,.,.
2023,11,17,38,.,.,.,.,.,.,.,.,.,.,.,.,.
2023,11,17,39,.,.,.,.,.,.,.,.,.,.,.,.,.
2023,11,17,40,.,.,.,.,.,.,.,.,.,.,.,.,.
2023,11,17,41,.,.,.,.,.,.,.,.,.,.,.,.,.
2023,11,17,42,.,.,.,.,.,.,.,.,.,.,.,.,.
2023,11,17,43,.,.,.,.,.,.,.,.,.,.,.,.,.
2023,11,17,44,.,.,.,.,.,.,.,.,.,.,.,.,.
2023,11,17,45,.,.,.,.,.,.,.,.,.,.,.,.,.
2023,11,17,46,.,.,.,.,.,.,.,.,.,.,.,.,.
2023,11,17,47,.,.,.,.,.,.,.,.,.,.,.,.,.
2023,11,17,48,.,.,.,.,.,.,.,.,.,.,.,.,.
2023,11,17,49,.,.,.,.,.,.,.,.,.,.,.,.,.
2023,11,17,50,.,.,.,.,.,.,.,.,.,.,.,.,.
2023,11,17,51,.,.,.,.,.,.,.,.,.,.,.,.,.
2023,11,17,52,.,.,.,.,.,.,.,.,.,.,.,.,.
2023,11,17,53,.,.,.,.,.,.,.,.,.,.,.,.,.
2023,11,24,1,.,.,.,.,.,.,.,.,.,.,.,.,.
2023,11,24,2,.,.,.,.,.,.,.,.,.,.,.,.,.
2023,11,24,3,.,.,.,.,.,.,.,.,.,.,.,.,.
2023,11,24,4,.,.,.,.,.,.,.,.,.,.,.,.,.
2023,11,24,5,.,.,.,.,.,.,.,.,.,.,.,.,.
2023,11,24,6,.,.,.,.,.,.,.,.,.,.,.,.,.
2023,11,24,7,.,.,.,.,.,.,.,.,.,.,.,.,.
2023,11,24,8,.,.,.,.,.,.,.,.,.,.,.,.,.
2023,11,24,9,.,.,.,.,.,.,.,.,.,.,.,.,.
2023,11,24,10,.,.,.,.,.,.,.,.,.,.,.,.,.
2023,11,24,11,.,.,.,.,.,.,.,.,.,.,.,.,.
2023,11,24,12,.,.,.,.,.,.,.,.,.,.,.,.,.
2023,11,24,13,.,.,.,.,.,.,.,.,.,.,.,.,.
2023,11,24,14,.,.,.,.,.,.,.,.,.,.,.,.,.
2023,11,24,15,.,.,.,.,.,.,.,.,.,.,.,.,.
2023,11,24,16,.,.,.,.,.,.,.,.,.,.,.,.,.
2023,11,24,17,.,.,.,.,.,.,.,.,.,.,.,.,.
2023,11,24,18,.,.,.,.,.,.,.,.,.,.,.,.,.
2023,11,24,19,.,.,.,.,.,.,.,.,.,.,.,.,.
2023,11,24,20,.,.,.,.,.,.,.,.,.,.,.,.,.
2023,11,24,21,.,.,.,.,.,.,.,.,.,.,.,.,.
2023,11,24,22,.,.,.,.,.,.,.,.,.,.,.,.,.
2023,11,24,23,.,.,.,.,.,.,.,.,.,.,.,.,.
2023,11,24,24,.,.,.,.,.,.,.,.,.,.,.,.,.
2023,11,24,25,.,.,.,.,.,.,.,.,.,.,.,.,.
2023,11,24,26,.,.,.,.,.,.,.,.,.,.,.,.,.
2023,11,24,27,.,.,.,.,.,.,.,.,.,.,.,.,.
2023,11,24,28,.,.,.,.,.,.,.,.,.,.,.,.,.
2023,11,24,29,.,.,.,.,.,.,.,.,.,.,.,.,.
2023,11,24,30,.,.,.,.,.,.,.,.,.,.,.,.,.
2023,11,24,31,.,.,.,.,.,.,.,.,.,.,.,.,.
2023,11,24,32,.,.,.,.,.,.,.,.,.,.,.,.,.
2023,11,24,33,.,.,.,.,.,.,.,.,.,.,.,.,.
2023,11,24,34,.,.,.,.,.,.,.,.,.,.,.,.,.
2023,11,24,35,.,.,.,.,.,.,.,.,.,.,.,.,.
2023,11,24,36,.,.,.,.,.,.,.,.,.,.,.,.,.
2023,11,24,37,.,.,.,.,.,.,.,.,.,.,.,.,.
2023,11,24,38,.,.,.,.,.,.,.,.,.,.,.,.,.
2023,11,24,39,.,.,.,.,.,.,.,.,.,.,.,.,.
2023,11,24,40,.,.,.,.,.,.,.,.,.,.,.,.,.
2023,11,24,41,.,.,.,.,.,.,.,.,.,.,.,.,.
2023,11,24,42,.,.,.,.,.,.,.,.,.,.,.,.,.
2023,11,24,43,.,.,.,.,.,.,.,.,.,.,.,.,.
2023,11,24,44,.,.,.,.,.,.,.,.,.,.,.,.,.
2023,11,24,45,.,.,.,.,.,.,.,.,.,.,.,.,.
2023,11,24,46,.,.,.,.,.,.,.,.,.,.,.,.,.
2023,11,24,47,.,.,.,.,.,.,.,.,.,.,.,.,.
2023,11,24,48,.,.,.,.,.,.,.,.,.,.,.,.,.
2023,11,24,49,.,.,.,.,.,.,.,.,.,.,.,.,.
2023,11,24,50,.,.,.,.,.,.,.,.,.,.,.,.,.
2023,11,24,51,.,.,.,.,.,.,.,.,.,.,.,.,.
2023,11,24,52,.,.,.,.,.,.,.,.,.,.,.,.,.
2023,11,24,53,.,.,.,.,.,.,.,.,.,.,.,.,.
2023,12,1,1,.,.,.,.,.,.,.,.,.,.,.,.,.
2023,12,1,2,.,.,.,.,.,.,.,.,.,.,.,.,.
2023,12,1,3,.,.,.,.,.,.,.,.,.,.,.,.,.
2023,12,1,4,.,.,.,.,.,.,.,.,.,.,.,.,.
2023,12,1,5,.,.,.,.,.,.,.,.,.,.,.,.,.
2023,12,1,6,.,.,.,.,.,.,.,.,.,.,.,.,.
2023,12,1,7,.,.,.,.,.,.,.,.,.,.,.,.,.
2023,12,1,8,.,.,.,.,.,.,.,.,.,.,.,.,.
2023,12,1,9,.,.,.,.,.,.,.,.,.,.,.,.,.
2023,12,1,10,.,.,.,.,.,.,.,.,.,.,.,.,.
2023,12,1,11,.,.,.,.,.,.,.,.,.,.,.,.,.
2023,12,1,12,.,.,.,.,.,.,.,.,.,.,.,.,.
2023,12,1,13,.,.,.,.,.,.,.,.,.,.,.,.,.
2023,12,1,14,.,.,.,.,.,.,.,.,.,.,.,.,.
2023,12,1,15,.,.,.,.,.,.,.,.,.,.,.,.,.
2023,12,1,16,.,.,.,.,.,.,.,.,.,.,.,.,.
2023,12,1,17,.,.,.,.,.,.,.,.,.,.,.,.,.
2023,12,1,18,.,.,.,.,.,.,.,.,.,.,.,.,.
2023,12,1,19,.,.,.,.,.,.,.,.,.,.,.,.,.
2023,12,1,20,.,.,.,.,.,.,.,.,.,.,.,.,.
2023,12,1,21,.,.,.,.,.,.,.,.,.,.,.,.,.
2023,12,1,22,.,.,.,.,.,.,.,.,.,.,.,.,.
2023,12,1,23,.,.,.,.,.,.,.,.,.,.,.,.,.
2023,12,1,24,.,.,.,.,.,.,.,.,.,.,.,.,.
2023,12,1,25,.,.,.,.,.,.,.,.,.,.,.,.,.
2023,12,1,26,.,.,.,.,.,.,.,.,.,.,.,.,.
2023,12,1,27,.,.,.,.,.,.,.,.,.,.,.,.,.
2023,12,1,28,.,.,.,.,.,.,.,.,.,.,.,.,.
2023,12,1,29,.,.,.,.,.,.,.,.,.,.,.,.,.
2023,12,1,30,.,.,.,.,.,.,.,.,.,.,.,.,.
2023,12,1,31,.,.,.,.,.,.,.,.,.,.,.,.,.
2023,12,1,32,.,.,.,.,.,.,.,.,.,.,.,.,.
2023,12,1,33,.,.,.,.,.,.,.,.,.,.,.,.,.
2023,12,1,34,.,.,.,.,.,.,.,.,.,.,.,.,.
2023,12,1,35,.,.,.,.,.,.,.,.,.,.,.,.,.
2023,12,1,36,.,.,.,.,.,.,.,.,.,.,.,.,.
2023,12,1,37,.,.,.,.,.,.,.,.,.,.,.,.,.
2023,12,1,38,.,.,.,.,.,.,.,.,.,.,.,.,.
2023,12,1,39,.,.,.,.,.,.,.,.,.,.,.,.,.
2023,12,1,40,.,.,.,.,.,.,.,.,.,.,.,.,.
2023,12,1,41,.,.,.,.,.,.,.,.,.,.,.,.,.
2023,12,1,42,.,.,.,.,.,.,.,.,.,.,.,.,.
2023,12,1,43,.,.,.,.,.,.,.,.,.,.,.,.,.
2023,12,1,44,.,.,.,.,.,.,.,.,.,.,.,.,.
2023,12,1,45,.,.,.,.,.,.,.,.,.,.,.,.,.
2023,12,1,46,.,.,.,.,.,.,.,.,.,.,.,.,.
2023,12,1,47,.,.,.,.,.,.,.,.,.,.,.,.,.
2023,12,1,48,.,.,.,.,.,.,.,.,.,.,.,.,.
2023,12,1,49,.,.,.,.,.,.,.,.,.,.,.,.,.
2023,12,1,50,.,.,.,.,.,.,.,.,.,.,.,.,.
2023,12,1,51,.,.,.,.,.,.,.,.,.,.,.,.,.
2023,12,1,52,.,.,.,.,.,.,.,.,.,.,.,.,.
2023,12,1,53,.,.,.,.,.,.,.,.,.,.,.,.,.
2023,12,8,1,.,.,.,.,.,.,.,.,.,.,.,.,.
2023,12,8,2,.,.,.,.,.,.,.,.,.,.,.,.,.
2023,12,8,3,.,.,.,.,.,.,.,.,.,.,.,.,.
2023,12,8,4,.,.,.,.,.,.,.,.,.,.,.,.,.
2023,12,8,5,.,.,.,.,.,.,.,.,.,.,.,.,.
2023,12,8,6,.,.,.,.,.,.,.,.,.,.,.,.,.
2023,12,8,7,.,.,.,.,.,.,.,.,.,.,.,.,.
2023,12,8,8,.,.,.,.,.,.,.,.,.,.,.,.,.
2023,12,8,9,.,.,.,.,.,.,.,.,.,.,.,.,.
2023,12,8,10,.,.,.,.,.,.,.,.,.,.,.,.,.
2023,12,8,11,.,.,.,.,.,.,.,.,.,.,.,.,.
2023,12,8,12,.,.,.,.,.,.,.,.,.,.,.,.,.
2023,12,8,13,.,.,.,.,.,.,.,.,.,.,.,.,.
2023,12,8,14,.,.,.,.,.,.,.,.,.,.,.,.,.
2023,12,8,15,.,.,.,.,.,.,.,.,.,.,.,.,.
2023,12,8,16,.,.,.,.,.,.,.,.,.,.,.,.,.
2023,12,8,17,.,.,.,.,.,.,.,.,.,.,.,.,.
2023,12,8,18,.,.,.,.,.,.,.,.,.,.,.,.,.
2023,12,8,19,.,.,.,.,.,.,.,.,.,.,.,.,.
2023,12,8,20,.,.,.,.,.,.,.,.,.,.,.,.,.
2023,12,8,21,.,.,.,.,.,.,.,.,.,.,.,.,.
2023,12,8,22,.,.,.,.,.,.,.,.,.,.,.,.,.
2023,12,8,23,.,.,.,.,.,.,.,.,.,.,.,.,.
2023,12,8,24,.,.,.,.,.,.,.,.,.,.,.,.,.
2023,12,8,25,.,.,.,.,.,.,.,.,.,.,.,.,.
2023,12,8,26,.,.,.,.,.,.,.,.,.,.,.,.,.
2023,12,8,27,.,.,.,.,.,.,.,.,.,.,.,.,.
2023,12,8,28,.,.,.,.,.,.,.,.,.,.,.,.,.
2023,12,8,29,.,.,.,.,.,.,.,.,.,.,.,.,.
2023,12,8,30,.,.,.,.,.,.,.,.,.,.,.,.,.
2023,12,8,31,.,.,.,.,.,.,.,.,.,.,.,.,.
2023,12,8,32,.,.,.,.,.,.,.,.,.,.,.,.,.
2023,12,8,33,.,.,.,.,.,.,.,.,.,.,.,.,.
2023,12,8,34,.,.,.,.,.,.,.,.,.,.,.,.,.
2023,12,8,35,.,.,.,.,.,.,.,.,.,.,.,.,.
2023,12,8,36,.,.,.,.,.,.,.,.,.,.,.,.,.
2023,12,8,37,.,.,.,.,.,.,.,.,.,.,.,.,.
2023,12,8,38,.,.,.,.,.,.,.,.,.,.,.,.,.
2023,12,8,39,.,.,.,.,.,.,.,.,.,.,.,.,.
2023,12,8,40,.,.,.,.,.,.,.,.,.,.,.,.,.
2023,12,8,41,.,.,.,.,.,.,.,.,.,.,.,.,.
2023,12,8,42,.,.,.,.,.,.,.,.,.,.,.,.,.
2023,12,8,43,.,.,.,.,.,.,.,.,.,.,.,.,.
2023,12,8,44,.,.,.,.,.,.,.,.,.,.,.,.,.
2023,12,8,45,.,.,.,.,.,.,.,.,.,.,.,.,.
2023,12,8,46,.,.,.,.,.,.,.,.,.,.,.,.,.
2023,12,8,47,.,.,.,.,.,.,.,.,.,.,.,.,.
2023,12,8,48,.,.,.,.,.,.,.,.,.,.,.,.,.
2023,12,8,49,.,.,.,.,.,.,.,.,.,.,.,.,.
2023,12,8,50,.,.,.,.,.,.,.,.,.,.,.,.,.
2023,12,8,51,.,.,.,.,.,.,.,.,.,.,.,.,.
2023,12,8,52,.,.,.,.,.,.,.,.,.,.,.,.,.
2023,12,8,53,.,.,.,.,.,.,.,.,.,.,.,.,.
2023,12,15,1,.,.,.,.,.,.,.,.,.,.,.,.,.
2023,12,15,2,.,.,.,.,.,.,.,.,.,.,.,.,.
2023,12,15,3,.,.,.,.,.,.,.,.,.,.,.,.,.
2023,12,15,4,.,.,.,.,.,.,.,.,.,.,.,.,.
2023,12,15,5,.,.,.,.,.,.,.,.,.,.,.,.,.
2023,12,15,6,.,.,.,.,.,.,.,.,.,.,.,.,.
2023,12,15,7,.,.,.,.,.,.,.,.,.,.,.,.,.
2023,12,15,8,.,.,.,.,.,.,.,.,.,.,.,.,.
2023,12,15,9,.,.,.,.,.,.,.,.,.,.,.,.,.
2023,12,15,10,.,.,.,.,.,.,.,.,.,.,.,.,.
2023,12,15,11,.,.,.,.,.,.,.,.,.,.,.,.,.
2023,12,15,12,.,.,.,.,.,.,.,.,.,.,.,.,.
2023,12,15,13,.,.,.,.,.,.,.,.,.,.,.,.,.
2023,12,15,14,.,.,.,.,.,.,.,.,.,.,.,.,.
2023,12,15,15,.,.,.,.,.,.,.,.,.,.,.,.,.
2023,12,15,16,.,.,.,.,.,.,.,.,.,.,.,.,.
2023,12,15,17,.,.,.,.,.,.,.,.,.,.,.,.,.
2023,12,15,18,.,.,.,.,.,.,.,.,.,.,.,.,.
2023,12,15,19,.,.,.,.,.,.,.,.,.,.,.,.,.
2023,12,15,20,.,.,.,.,.,.,.,.,.,.,.,.,.
2023,12,15,21,.,.,.,.,.,.,.,.,.,.,.,.,.
2023,12,15,22,.,.,.,.,.,.,.,.,.,.,.,.,.
2023,12,15,23,.,.,.,.,.,.,.,.,.,.,.,.,.
2023,12,15,24,.,.,.,.,.,.,.,.,.,.,.,.,.
2023,12,15,25,.,.,.,.,.,.,.,.,.,.,.,.,.
2023,12,15,26,.,.,.,.,.,.,.,.,.,.,.,.,.
2023,12,15,27,.,.,.,.,.,.,.,.,.,.,.,.,.
2023,12,15,28,.,.,.,.,.,.,.,.,.,.,.,.,.
2023,12,15,29,.,.,.,.,.,.,.,.,.,.,.,.,.
2023,12,15,30,.,.,.,.,.,.,.,.,.,.,.,.,.
2023,12,15,31,.,.,.,.,.,.,.,.,.,.,.,.,.
2023,12,15,32,.,.,.,.,.,.,.,.,.,.,.,.,.
2023,12,15,33,.,.,.,.,.,.,.,.,.,.,.,.,.
2023,12,15,34,.,.,.,.,.,.,.,.,.,.,.,.,.
2023,12,15,35,.,.,.,.,.,.,.,.,.,.,.,.,.
2023,12,15,36,.,.,.,.,.,.,.,.,.,.,.,.,.
2023,12,15,37,.,.,.,.,.,.,.,.,.,.,.,.,.
2023,12,15,38,.,.,.,.,.,.,.,.,.,.,.,.,.
2023,12,15,39,.,.,.,.,.,.,.,.,.,.,.,.,.
2023,12,15,40,.,.,.,.,.,.,.,.,.,.,.,.,.
2023,12,15,41,.,.,.,.,.,.,.,.,.,.,.,.,.
2023,12,15,42,.,.,.,.,.,.,.,.,.,.,.,.,.
2023,12,15,43,.,.,.,.,.,.,.,.,.,.,.,.,.
2023,12,15,44,.,.,.,.,.,.,.,.,.,.,.,.,.
2023,12,15,45,.,.,.,.,.,.,.,.,.,.,.,.,.
2023,12,15,46,.,.,.,.,.,.,.,.,.,.,.,.,.
2023,12,15,47,.,.,.,.,.,.,.,.,.,.,.,.,.
2023,12,15,48,.,.,.,.,.,.,.,.,.,.,.,.,.
2023,12,15,49,.,.,.,.,.,.,.,.,.,.,.,.,.
2023,12,15,50,.,.,.,.,.,.,.,.,.,.,.,.,.
2023,12,15,51,.,.,.,.,.,.,.,.,.,.,.,.,.
2023,12,15,52,.,.,.,.,.,.,.,.,.,.,.,.,.
2023,12,15,53,.,.,.,.,.,.,.,.,.,.,.,.,.
2023,12,22,1,.,.,.,.,.,.,.,.,.,.,.,.,.
2023,12,22,2,.,.,.,.,.,.,.,.,.,.,.,.,.
2023,12,22,3,.,.,.,.,.,.,.,.,.,.,.,.,.
2023,12,22,4,.,.,.,.,.,.,.,.,.,.,.,.,.
2023,12,22,5,.,.,.,.,.,.,.,.,.,.,.,.,.
2023,12,22,6,.,.,.,.,.,.,.,.,.,.,.,.,.
2023,12,22,7,.,.,.,.,.,.,.,.,.,.,.,.,.
2023,12,22,8,.,.,.,.,.,.,.,.,.,.,.,.,.
2023,12,22,9,.,.,.,.,.,.,.,.,.,.,.,.,.
2023,12,22,10,.,.,.,.,.,.,.,.,.,.,.,.,.
2023,12,22,11,.,.,.,.,.,.,.,.,.,.,.,.,.
2023,12,22,12,.,.,.,.,.,.,.,.,.,.,.,.,.
2023,12,22,13,.,.,.,.,.,.,.,.,.,.,.,.,.
2023,12,22,14,.,.,.,.,.,.,.,.,.,.,.,.,.
2023,12,22,15,.,.,.,.,.,.,.,.,.,.,.,.,.
2023,12,22,16,.,.,.,.,.,.,.,.,.,.,.,.,.
2023,12,22,17,.,.,.,.,.,.,.,.,.,.,.,.,.
2023,12,22,18,.,.,.,.,.,.,.,.,.,.,.,.,.
2023,12,22,19,.,.,.,.,.,.,.,.,.,.,.,.,.
2023,12,22,20,.,.,.,.,.,.,.,.,.,.,.,.,.
2023,12,22,21,.,.,.,.,.,.,.,.,.,.,.,.,.
2023,12,22,22,.,.,.,.,.,.,.,.,.,.,.,.,.
2023,12,22,23,.,.,.,.,.,.,.,.,.,.,.,.,.
2023,12,22,24,.,.,.,.,.,.,.,.,.,.,.,.,.
2023,12,22,25,.,.,.,.,.,.,.,.,.,.,.,.,.
2023,12,22,26,.,.,.,.,.,.,.,.,.,.,.,.,.
2023,12,22,27,.,.,.,.,.,.,.,.,.,.,.,.,.
2023,12,22,28,.,.,.,.,.,.,.,.,.,.,.,.,.
2023,12,22,29,.,.,.,.,.,.,.,.,.,.,.,.,.
2023,12,22,30,.,.,.,.,.,.,.,.,.,.,.,.,.
2023,12,22,31,.,.,.,.,.,.,.,.,.,.,.,.,.
2023,12,22,32,.,.,.,.,.,.,.,.,.,.,.,.,.
2023,12,22,33,.,.,.,.,.,.,.,.,.,.,.,.,.
2023,12,22,34,.,.,.,.,.,.,.,.,.,.,.,.,.
2023,12,22,35,.,.,.,.,.,.,.,.,.,.,.,.,.
2023,12,22,36,.,.,.,.,.,.,.,.,.,.,.,.,.
2023,12,22,37,.,.,.,.,.,.,.,.,.,.,.,.,.
2023,12,22,38,.,.,.,.,.,.,.,.,.,.,.,.,.
2023,12,22,39,.,.,.,.,.,.,.,.,.,.,.,.,.
2023,12,22,40,.,.,.,.,.,.,.,.,.,.,.,.,.
2023,12,22,41,.,.,.,.,.,.,.,.,.,.,.,.,.
2023,12,22,42,.,.,.,.,.,.,.,.,.,.,.,.,.
2023,12,22,43,.,.,.,.,.,.,.,.,.,.,.,.,.
2023,12,22,44,.,.,.,.,.,.,.,.,.,.,.,.,.
2023,12,22,45,.,.,.,.,.,.,.,.,.,.,.,.,.
2023,12,22,46,.,.,.,.,.,.,.,.,.,.,.,.,.
2023,12,22,47,.,.,.,.,.,.,.,.,.,.,.,.,.
2023,12,22,48,.,.,.,.,.,.,.,.,.,.,.,.,.
2023,12,22,49,.,.,.,.,.,.,.,.,.,.,.,.,.
2023,12,22,50,.,.,.,.,.,.,.,.,.,.,.,.,.
2023,12,22,51,.,.,.,.,.,.,.,.,.,.,.,.,.
2023,12,22,52,.,.,.,.,.,.,.,.,.,.,.,.,.
2023,12,22,53,.,.,.,.,.,.,.,.,.,.,.,.,.
2023,12,29,1,.,.,.,.,.,.,.,.,.,.,.,.,.
2023,12,29,2,.,.,.,.,.,.,.,.,.,.,.,.,.
2023,12,29,3,.,.,.,.,.,.,.,.,.,.,.,.,.
2023,12,29,4,.,.,.,.,.,.,.,.,.,.,.,.,.
2023,12,29,5,.,.,.,.,.,.,.,.,.,.,.,.,.
2023,12,29,6,.,.,.,.,.,.,.,.,.,.,.,.,.
2023,12,29,7,.,.,.,.,.,.,.,.,.,.,.,.,.
2023,12,29,8,.,.,.,.,.,.,.,.,.,.,.,.,.
2023,12,29,9,.,.,.,.,.,.,.,.,.,.,.,.,.
2023,12,29,10,.,.,.,.,.,.,.,.,.,.,.,.,.
2023,12,29,11,.,.,.,.,.,.,.,.,.,.,.,.,.
2023,12,29,12,.,.,.,.,.,.,.,.,.,.,.,.,.
2023,12,29,13,.,.,.,.,.,.,.,.,.,.,.,.,.
2023,12,29,14,.,.,.,.,.,.,.,.,.,.,.,.,.
2023,12,29,15,.,.,.,.,.,.,.,.,.,.,.,.,.
2023,12,29,16,.,.,.,.,.,.,.,.,.,.,.,.,.
2023,12,29,17,.,.,.,.,.,.,.,.,.,.,.,.,.
2023,12,29,18,.,.,.,.,.,.,.,.,.,.,.,.,.
2023,12,29,19,.,.,.,.,.,.,.,.,.,.,.,.,.
2023,12,29,20,.,.,.,.,.,.,.,.,.,.,.,.,.
2023,12,29,21,.,.,.,.,.,.,.,.,.,.,.,.,.
2023,12,29,22,.,.,.,.,.,.,.,.,.,.,.,.,.
2023,12,29,23,.,.,.,.,.,.,.,.,.,.,.,.,.
2023,12,29,24,.,.,.,.,.,.,.,.,.,.,.,.,.
2023,12,29,25,.,.,.,.,.,.,.,.,.,.,.,.,.
2023,12,29,26,.,.,.,.,.,.,.,.,.,.,.,.,.
2023,12,29,27,.,.,.,.,.,.,.,.,.,.,.,.,.
2023,12,29,28,.,.,.,.,.,.,.,.,.,.,.,.,.
2023,12,29,29,.,.,.,.,.,.,.,.,.,.,.,.,.
2023,12,29,30,.,.,.,.,.,.,.,.,.,.,.,.,.
2023,12,29,31,.,.,.,.,.,.,.,.,.,.,.,.,.
2023,12,29,32,.,.,.,.,.,.,.,.,.,.,.,.,.
2023,12,29,33,.,.,.,.,.,.,.,.,.,.,.,.,.
2023,12,29,34,.,.,.,.,.,.,.,.,.,.,.,.,.
2023,12,29,35,.,.,.,.,.,.,.,.,.,.,.,.,.
2023,12,29,36,.,.,.,.,.,.,.,.,.,.,.,.,.
2023,12,29,37,.,.,.,.,.,.,.,.,.,.,.,.,.
2023,12,29,38,.,.,.,.,.,.,.,.,.,.,.,.,.
2023,12,29,39,.,.,.,.,.,.,.,.,.,.,.,.,.
2023,12,29,40,.,.,.,.,.,.,.,.,.,.,.,.,.
2023,12,29,41,.,.,.,.,.,.,.,.,.,.,.,.,.
2023,12,29,42,.,.,.,.,.,.,.,.,.,.,.,.,.
2023,12,29,43,.,.,.,.,.,.,.,.,.,.,.,.,.
2023,12,29,44,.,.,.,.,.,.,.,.,.,.,.,.,.
2023,12,29,45,.,.,.,.,.,.,.,.,.,.,.,.,.
2023,12,29,46,.,.,.,.,.,.,.,.,.,.,.,.,.
2023,12,29,47,.,.,.,.,.,.,.,.,.,.,.,.,.
2023,12,29,48,.,.,.,.,.,.,.,.,.,.,.,.,.
2023,12,29,49,.,.,.,.,.,.,.,.,.,.,.,.,.
2023,12,29,50,.,.,.,.,.,.,.,.,.,.,.,.,.
2023,12,29,51,.,.,.,.,.,.,.,.,.,.,.,.,.
2023,12,29,52,.,.,.,.,.,.,.,.,.,.,.,.,.
2023,12,29,53,.,.,.,.,.,.,.,.,.,.,.,.,.
2024,1,5,1,.,.,.,.,.,.,.,.,.,.,.,.,.
2024,1,5,2,.,.,.,.,.,.,.,.,.,.,.,.,.
2024,1,5,3,.,.,.,.,.,.,.,.,.,.,.,.,.
2024,1,5,4,.,.,.,.,.,.,.,.,.,.,.,.,.
2024,1,5,5,.,.,.,.,.,.,.,.,.,.,.,.,.
2024,1,5,6,.,.,.,.,.,.,.,.,.,.,.,.,.
2024,1,5,7,.,.,.,.,.,.,.,.,.,.,.,.,.
2024,1,5,8,.,.,.,.,.,.,.,.,.,.,.,.,.
2024,1,5,9,.,.,.,.,.,.,.,.,.,.,.,.,.
2024,1,5,10,.,.,.,.,.,.,.,.,.,.,.,.,.
2024,1,5,11,.,.,.,.,.,.,.,.,.,.,.,.,.
2024,1,5,12,.,.,.,.,.,.,.,.,.,.,.,.,.
2024,1,5,13,.,.,.,.,.,.,.,.,.,.,.,.,.
2024,1,5,14,.,.,.,.,.,.,.,.,.,.,.,.,.
2024,1,5,15,.,.,.,.,.,.,.,.,.,.,.,.,.
2024,1,5,16,.,.,.,.,.,.,.,.,.,.,.,.,.
2024,1,5,17,.,.,.,.,.,.,.,.,.,.,.,.,.
2024,1,5,18,.,.,.,.,.,.,.,.,.,.,.,.,.
2024,1,5,19,.,.,.,.,.,.,.,.,.,.,.,.,.
2024,1,5,20,.,.,.,.,.,.,.,.,.,.,.,.,.
2024,1,5,21,.,.,.,.,.,.,.,.,.,.,.,.,.
2024,1,5,22,.,.,.,.,.,.,.,.,.,.,.,.,.
2024,1,5,23,.,.,.,.,.,.,.,.,.,.,.,.,.
2024,1,5,24,.,.,.,.,.,.,.,.,.,.,.,.,.
2024,1,5,25,.,.,.,.,.,.,.,.,.,.,.,.,.
2024,1,5,26,.,.,.,.,.,.,.,.,.,.,.,.,.
2024,1,5,27,.,.,.,.,.,.,.,.,.,.,.,.,.
2024,1,5,28,.,.,.,.,.,.,.,.,.,.,.,.,.
2024,1,5,29,.,.,.,.,.,.,.,.,.,.,.,.,.
2024,1,5,30,.,.,.,.,.,.,.,.,.,.,.,.,.
2024,1,5,31,.,.,.,.,.,.,.,.,.,.,.,.,.
2024,1,5,32,.,.,.,.,.,.,.,.,.,.,.,.,.
2024,1,5,33,.,.,.,.,.,.,.,.,.,.,.,.,.
2024,1,5,34,.,.,.,.,.,.,.,.,.,.,.,.,.
2024,1,5,35,.,.,.,.,.,.,.,.,.,.,.,.,.
2024,1,5,36,.,.,.,.,.,.,.,.,.,.,.,.,.
2024,1,5,37,.,.,.,.,.,.,.,.,.,.,.,.,.
2024,1,5,38,.,.,.,.,.,.,.,.,.,.,.,.,.
2024,1,5,39,.,.,.,.,.,.,.,.,.,.,.,.,.
2024,1,5,40,.,.,.,.,.,.,.,.,.,.,.,.,.
2024,1,5,41,.,.,.,.,.,.,.,.,.,.,.,.,.
2024,1,5,42,.,.,.,.,.,.,.,.,.,.,.,.,.
2024,1,5,43,.,.,.,.,.,.,.,.,.,.,.,.,.
2024,1,5,44,.,.,.,.,.,.,.,.,.,.,.,.,.
2024,1,5,45,.,.,.,.,.,.,.,.,.,.,.,.,.
2024,1,5,46,.,.,.,.,.,.,.,.,.,.,.,.,.
2024,1,5,47,.,.,.,.,.,.,.,.,.,.,.,.,.
2024,1,5,48,.,.,.,.,.,.,.,.,.,.,.,.,.
2024,1,5,49,.,.,.,.,.,.,.,.,.,.,.,.,.
2024,1,5,50,.,.,.,.,.,.,.,.,.,.,.,.,.
2024,1,5,51,.,.,.,.,.,.,.,.,.,.,.,.,.
2024,1,5,52,.,.,.,.,.,.,.,.,.,.,.,.,.
2024,1,5,53,.,.,.,.,.,.,.,.,.,.,.,.,.
2024,1,12,1,.,.,.,.,.,.,.,.,.,.,.,.,.
2024,1,12,2,.,.,.,.,.,.,.,.,.,.,.,.,.
2024,1,12,3,.,.,.,.,.,.,.,.,.,.,.,.,.
2024,1,12,4,.,.,.,.,.,.,.,.,.,.,.,.,.
2024,1,12,5,.,.,.,.,.,.,.,.,.,.,.,.,.
2024,1,12,6,.,.,.,.,.,.,.,.,.,.,.,.,.
2024,1,12,7,.,.,.,.,.,.,.,.,.,.,.,.,.
2024,1,12,8,.,.,.,.,.,.,.,.,.,.,.,.,.
2024,1,12,9,.,.,.,.,.,.,.,.,.,.,.,.,.
2024,1,12,10,.,.,.,.,.,.,.,.,.,.,.,.,.
2024,1,12,11,.,.,.,.,.,.,.,.,.,.,.,.,.
2024,1,12,12,.,.,.,.,.,.,.,.,.,.,.,.,.
2024,1,12,13,.,.,.,.,.,.,.,.,.,.,.,.,.
2024,1,12,14,.,.,.,.,.,.,.,.,.,.,.,.,.
2024,1,12,15,.,.,.,.,.,.,.,.,.,.,.,.,.
2024,1,12,16,.,.,.,.,.,.,.,.,.,.,.,.,.
2024,1,12,17,.,.,.,.,.,.,.,.,.,.,.,.,.
2024,1,12,18,.,.,.,.,.,.,.,.,.,.,.,.,.
2024,1,12,19,.,.,.,.,.,.,.,.,.,.,.,.,.
2024,1,12,20,.,.,.,.,.,.,.,.,.,.,.,.,.
2024,1,12,21,.,.,.,.,.,.,.,.,.,.,.,.,.
2024,1,12,22,.,.,.,.,.,.,.,.,.,.,.,.,.
2024,1,12,23,.,.,.,.,.,.,.,.,.,.,.,.,.
2024,1,12,24,.,.,.,.,.,.,.,.,.,.,.,.,.
2024,1,12,25,.,.,.,.,.,.,.,.,.,.,.,.,.
2024,1,12,26,.,.,.,.,.,.,.,.,.,.,.,.,.
2024,1,12,27,.,.,.,.,.,.,.,.,.,.,.,.,.
2024,1,12,28,.,.,.,.,.,.,.,.,.,.,.,.,.
2024,1,12,29,.,.,.,.,.,.,.,.,.,.,.,.,.
2024,1,12,30,.,.,.,.,.,.,.,.,.,.,.,.,.
2024,1,12,31,.,.,.,.,.,.,.,.,.,.,.,.,.
2024,1,12,32,.,.,.,.,.,.,.,.,.,.,.,.,.
2024,1,12,33,.,.,.,.,.,.,.,.,.,.,.,.,.
2024,1,12,34,.,.,.,.,.,.,.,.,.,.,.,.,.
2024,1,12,35,.,.,.,.,.,.,.,.,.,.,.,.,.
2024,1,12,36,.,.,.,.,.,.,.,.,.,.,.,.,.
2024,1,12,37,.,.,.,.,.,.,.,.,.,.,.,.,.
2024,1,12,38,.,.,.,.,.,.,.,.,.,.,.,.,.
2024,1,12,39,.,.,.,.,.,.,.,.,.,.,.,.,.
2024,1,12,40,.,.,.,.,.,.,.,.,.,.,.,.,.
2024,1,12,41,.,.,.,.,.,.,.,.,.,.,.,.,.
2024,1,12,42,.,.,.,.,.,.,.,.,.,.,.,.,.
2024,1,12,43,.,.,.,.,.,.,.,.,.,.,.,.,.
2024,1,12,44,.,.,.,.,.,.,.,.,.,.,.,.,.
2024,1,12,45,.,.,.,.,.,.,.,.,.,.,.,.,.
2024,1,12,46,.,.,.,.,.,.,.,.,.,.,.,.,.
2024,1,12,47,.,.,.,.,.,.,.,.,.,.,.,.,.
2024,1,12,48,.,.,.,.,.,.,.,.,.,.,.,.,.
2024,1,12,49,.,.,.,.,.,.,.,.,.,.,.,.,.
2024,1,12,50,.,.,.,.,.,.,.,.,.,.,.,.,.
2024,1,12,51,.,.,.,.,.,.,.,.,.,.,.,.,.
2024,1,12,52,.,.,.,.,.,.,.,.,.,.,.,.,.
2024,1,12,53,.,.,.,.,.,.,.,.,.,.,.,.,.
2024,1,19,1,.,.,.,.,.,.,.,.,.,.,.,.,.
2024,1,19,2,.,.,.,.,.,.,.,.,.,.,.,.,.
2024,1,19,3,.,.,.,.,.,.,.,.,.,.,.,.,.
2024,1,19,4,.,.,.,.,.,.,.,.,.,.,.,.,.
2024,1,19,5,.,.,.,.,.,.,.,.,.,.,.,.,.
2024,1,19,6,.,.,.,.,.,.,.,.,.,.,.,.,.
2024,1,19,7,.,.,.,.,.,.,.,.,.,.,.,.,.
2024,1,19,8,.,.,.,.,.,.,.,.,.,.,.,.,.
2024,1,19,9,.,.,.,.,.,.,.,.,.,.,.,.,.
2024,1,19,10,.,.,.,.,.,.,.,.,.,.,.,.,.
2024,1,19,11,.,.,.,.,.,.,.,.,.,.,.,.,.
2024,1,19,12,.,.,.,.,.,.,.,.,.,.,.,.,.
2024,1,19,13,.,.,.,.,.,.,.,.,.,.,.,.,.
2024,1,19,14,.,.,.,.,.,.,.,.,.,.,.,.,.
2024,1,19,15,.,.,.,.,.,.,.,.,.,.,.,.,.
2024,1,19,16,.,.,.,.,.,.,.,.,.,.,.,.,.
2024,1,19,17,.,.,.,.,.,.,.,.,.,.,.,.,.
2024,1,19,18,.,.,.,.,.,.,.,.,.,.,.,.,.
2024,1,19,19,.,.,.,.,.,.,.,.,.,.,.,.,.
2024,1,19,20,.,.,.,.,.,.,.,.,.,.,.,.,.
2024,1,19,21,.,.,.,.,.,.,.,.,.,.,.,.,.
2024,1,19,22,.,.,.,.,.,.,.,.,.,.,.,.,.
2024,1,19,23,.,.,.,.,.,.,.,.,.,.,.,.,.
2024,1,19,24,.,.,.,.,.,.,.,.,.,.,.,.,.
2024,1,19,25,.,.,.,.,.,.,.,.,.,.,.,.,.
2024,1,19,26,.,.,.,.,.,.,.,.,.,.,.,.,.
2024,1,19,27,.,.,.,.,.,.,.,.,.,.,.,.,.
2024,1,19,28,.,.,.,.,.,.,.,.,.,.,.,.,.
2024,1,19,29,.,.,.,.,.,.,.,.,.,.,.,.,.
2024,1,19,30,.,.,.,.,.,.,.,.,.,.,.,.,.
2024,1,19,31,.,.,.,.,.,.,.,.,.,.,.,.,.
2024,1,19,32,.,.,.,.,.,.,.,.,.,.,.,.,.
2024,1,19,33,.,.,.,.,.,.,.,.,.,.,.,.,.
2024,1,19,34,.,.,.,.,.,.,.,.,.,.,.,.,.
2024,1,19,35,.,.,.,.,.,.,.,.,.,.,.,.,.
2024,1,19,36,.,.,.,.,.,.,.,.,.,.,.,.,.
2024,1,19,37,.,.,.,.,.,.,.,.,.,.,.,.,.
2024,1,19,38,.,.,.,.,.,.,.,.,.,.,.,.,.
2024,1,19,39,.,.,.,.,.,.,.,.,.,.,.,.,.
2024,1,19,40,.,.,.,.,.,.,.,.,.,.,.,.,.
2024,1,19,41,.,.,.,.,.,.,.,.,.,.,.,.,.
2024,1,19,42,.,.,.,.,.,.,.,.,.,.,.,.,.
2024,1,19,43,.,.,.,.,.,.,.,.,.,.,.,.,.
2024,1,19,44,.,.,.,.,.,.,.,.,.,.,.,.,.
2024,1,19,45,.,.,.,.,.,.,.,.,.,.,.,.,.
2024,1,19,46,.,.,.,.,.,.,.,.,.,.,.,.,.
2024,1,19,47,.,.,.,.,.,.,.,.,.,.,.,.,.
2024,1,19,48,.,.,.,.,.,.,.,.,.,.,.,.,.
2024,1,19,49,.,.,.,.,.,.,.,.,.,.,.,.,.
2024,1,19,50,.,.,.,.,.,.,.,.,.,.,.,.,.
2024,1,19,51,.,.,.,.,.,.,.,.,.,.,.,.,.
2024,1,19,52,.,.,.,.,.,.,.,.,.,.,.,.,.
2024,1,19,53,.,.,.,.,.,.,.,.,.,.,.,.,.
2024,1,26,1,.,.,.,.,.,.,.,.,.,.,.,.,.
2024,1,26,2,.,.,.,.,.,.,.,.,.,.,.,.,.
2024,1,26,3,.,.,.,.,.,.,.,.,.,.,.,.,.
2024,1,26,4,.,.,.,.,.,.,.,.,.,.,.,.,.
2024,1,26,5,.,.,.,.,.,.,.,.,.,.,.,.,.
2024,1,26,6,.,.,.,.,.,.,.,.,.,.,.,.,.
2024,1,26,7,.,.,.,.,.,.,.,.,.,.,.,.,.
2024,1,26,8,.,.,.,.,.,.,.,.,.,.,.,.,.
2024,1,26,9,.,.,.,.,.,.,.,.,.,.,.,.,.
2024,1,26,10,.,.,.,.,.,.,.,.,.,.,.,.,.
2024,1,26,11,.,.,.,.,.,.,.,.,.,.,.,.,.
2024,1,26,12,.,.,.,.,.,.,.,.,.,.,.,.,.
2024,1,26,13,.,.,.,.,.,.,.,.,.,.,.,.,.
2024,1,26,14,.,.,.,.,.,.,.,.,.,.,.,.,.
2024,1,26,15,.,.,.,.,.,.,.,.,.,.,.,.,.
2024,1,26,16,.,.,.,.,.,.,.,.,.,.,.,.,.
2024,1,26,17,.,.,.,.,.,.,.,.,.,.,.,.,.
2024,1,26,18,.,.,.,.,.,.,.,.,.,.,.,.,.
2024,1,26,19,.,.,.,.,.,.,.,.,.,.,.,.,.
2024,1,26,20,.,.,.,.,.,.,.,.,.,.,.,.,.
2024,1,26,21,.,.,.,.,.,.,.,.,.,.,.,.,.
2024,1,26,22,.,.,.,.,.,.,.,.,.,.,.,.,.
2024,1,26,23,.,.,.,.,.,.,.,.,.,.,.,.,.
2024,1,26,24,.,.,.,.,.,.,.,.,.,.,.,.,.
2024,1,26,25,.,.,.,.,.,.,.,.,.,.,.,.,.
2024,1,26,26,.,.,.,.,.,.,.,.,.,.,.,.,.
2024,1,26,27,.,.,.,.,.,.,.,.,.,.,.,.,.
2024,1,26,28,.,.,.,.,.,.,.,.,.,.,.,.,.
2024,1,26,29,.,.,.,.,.,.,.,.,.,.,.,.,.
2024,1,26,30,.,.,.,.,.,.,.,.,.,.,.,.,.
2024,1,26,31,.,.,.,.,.,.,.,.,.,.,.,.,.
2024,1,26,32,.,.,.,.,.,.,.,.,.,.,.,.,.
2024,1,26,33,.,.,.,.,.,.,.,.,.,.,.,.,.
2024,1,26,34,.,.,.,.,.,.,.,.,.,.,.,.,.
2024,1,26,35,.,.,.,.,.,.,.,.,.,.,.,.,.
2024,1,26,36,.,.,.,.,.,.,.,.,.,.,.,.,.
2024,1,26,37,.,.,.,.,.,.,.,.,.,.,.,.,.
2024,1,26,38,.,.,.,.,.,.,.,.,.,.,.,.,.
2024,1,26,39,.,.,.,.,.,.,.,.,.,.,.,.,.
2024,1,26,40,.,.,.,.,.,.,.,.,.,.,.,.,.
2024,1,26,41,.,.,.,.,.,.,.,.,.,.,.,.,.
2024,1,26,42,.,.,.,.,.,.,.,.,.,.,.,.,.
2024,1,26,43,.,.,.,.,.,.,.,.,.,.,.,.,.
2024,1,26,44,.,.,.,.,.,.,.,.,.,.,.,.,.
2024,1,26,45,.,.,.,.,.,.,.,.,.,.,.,.,.
2024,1,26,46,.,.,.,.,.,.,.,.,.,.,.,.,.
2024,1,26,47,.,.,.,.,.,.,.,.,.,.,.,.,.
2024,1,26,48,.,.,.,.,.,.,.,.,.,.,.,.,.
2024,1,26,49,.,.,.,.,.,.,.,.,.,.,.,.,.
2024,1,26,50,.,.,.,.,.,.,.,.,.,.,.,.,.
2024,1,26,51,.,.,.,.,.,.,.,.,.,.,.,.,.
2024,1,26,52,.,.,.,.,.,.,.,.,.,.,.,.,.
2024,1,26,53,.,.,.,.,.,.,.,.,.,.,.,.,.
2024,2,2,1,.,.,.,.,.,.,.,.,.,.,.,.,.
2024,2,2,2,.,.,.,.,.,.,.,.,.,.,.,.,.
2024,2,2,3,.,.,.,.,.,.,.,.,.,.,.,.,.
2024,2,2,4,.,.,.,.,.,.,.,.,.,.,.,.,.
2024,2,2,5,.,.,.,.,.,.,.,.,.,.,.,.,.
2024,2,2,6,.,.,.,.,.,.,.,.,.,.,.,.,.
2024,2,2,7,.,.,.,.,.,.,.,.,.,.,.,.,.
2024,2,2,8,.,.,.,.,.,.,.,.,.,.,.,.,.
2024,2,2,9,.,.,.,.,.,.,.,.,.,.,.,.,.
2024,2,2,10,.,.,.,.,.,.,.,.,.,.,.,.,.
2024,2,2,11,.,.,.,.,.,.,.,.,.,.,.,.,.
2024,2,2,12,.,.,.,.,.,.,.,.,.,.,.,.,.
2024,2,2,13,.,.,.,.,.,.,.,.,.,.,.,.,.
2024,2,2,14,.,.,.,.,.,.,.,.,.,.,.,.,.
2024,2,2,15,.,.,.,.,.,.,.,.,.,.,.,.,.
2024,2,2,16,.,.,.,.,.,.,.,.,.,.,.,.,.
2024,2,2,17,.,.,.,.,.,.,.,.,.,.,.,.,.
2024,2,2,18,.,.,.,.,.,.,.,.,.,.,.,.,.
2024,2,2,19,.,.,.,.,.,.,.,.,.,.,.,.,.
2024,2,2,20,.,.,.,.,.,.,.,.,.,.,.,.,.
2024,2,2,21,.,.,.,.,.,.,.,.,.,.,.,.,.
2024,2,2,22,.,.,.,.,.,.,.,.,.,.,.,.,.
2024,2,2,23,.,.,.,.,.,.,.,.,.,.,.,.,.
2024,2,2,24,.,.,.,.,.,.,.,.,.,.,.,.,.
2024,2,2,25,.,.,.,.,.,.,.,.,.,.,.,.,.
2024,2,2,26,.,.,.,.,.,.,.,.,.,.,.,.,.
2024,2,2,27,.,.,.,.,.,.,.,.,.,.,.,.,.
2024,2,2,28,.,.,.,.,.,.,.,.,.,.,.,.,.
2024,2,2,29,.,.,.,.,.,.,.,.,.,.,.,.,.
2024,2,2,30,.,.,.,.,.,.,.,.,.,.,.,.,.
2024,2,2,31,.,.,.,.,.,.,.,.,.,.,.,.,.
2024,2,2,32,.,.,.,.,.,.,.,.,.,.,.,.,.
2024,2,2,33,.,.,.,.,.,.,.,.,.,.,.,.,.
2024,2,2,34,.,.,.,.,.,.,.,.,.,.,.,.,.
2024,2,2,35,.,.,.,.,.,.,.,.,.,.,.,.,.
2024,2,2,36,.,.,.,.,.,.,.,.,.,.,.,.,.
2024,2,2,37,.,.,.,.,.,.,.,.,.,.,.,.,.
2024,2,2,38,.,.,.,.,.,.,.,.,.,.,.,.,.
2024,2,2,39,.,.,.,.,.,.,.,.,.,.,.,.,.
2024,2,2,40,.,.,.,.,.,.,.,.,.,.,.,.,.
2024,2,2,41,.,.,.,.,.,.,.,.,.,.,.,.,.
2024,2,2,42,.,.,.,.,.,.,.,.,.,.,.,.,.
2024,2,2,43,.,.,.,.,.,.,.,.,.,.,.,.,.
2024,2,2,44,.,.,.,.,.,.,.,.,.,.,.,.,.
2024,2,2,45,.,.,.,.,.,.,.,.,.,.,.,.,.
2024,2,2,46,.,.,.,.,.,.,.,.,.,.,.,.,.
2024,2,2,47,.,.,.,.,.,.,.,.,.,.,.,.,.
2024,2,2,48,.,.,.,.,.,.,.,.,.,.,.,.,.
2024,2,2,49,.,.,.,.,.,.,.,.,.,.,.,.,.
2024,2,2,50,.,.,.,.,.,.,.,.,.,.,.,.,.
2024,2,2,51,.,.,.,.,.,.,.,.,.,.,.,.,.
2024,2,2,52,.,.,.,.,.,.,.,.,.,.,.,.,.
2024,2,2,53,.,.,.,.,.,.,.,.,.,.,.,.,.
2024,2,9,1,.,.,.,.,.,.,.,.,.,.,.,.,.
2024,2,9,2,.,.,.,.,.,.,.,.,.,.,.,.,.
2024,2,9,3,.,.,.,.,.,.,.,.,.,.,.,.,.
2024,2,9,4,.,.,.,.,.,.,.,.,.,.,.,.,.
2024,2,9,5,.,.,.,.,.,.,.,.,.,.,.,.,.
2024,2,9,6,.,.,.,.,.,.,.,.,.,.,.,.,.
2024,2,9,7,.,.,.,.,.,.,.,.,.,.,.,.,.
2024,2,9,8,.,.,.,.,.,.,.,.,.,.,.,.,.
2024,2,9,9,.,.,.,.,.,.,.,.,.,.,.,.,.
2024,2,9,10,.,.,.,.,.,.,.,.,.,.,.,.,.
2024,2,9,11,.,.,.,.,.,.,.,.,.,.,.,.,.
2024,2,9,12,.,.,.,.,.,.,.,.,.,.,.,.,.
2024,2,9,13,.,.,.,.,.,.,.,.,.,.,.,.,.
2024,2,9,14,.,.,.,.,.,.,.,.,.,.,.,.,.
2024,2,9,15,.,.,.,.,.,.,.,.,.,.,.,.,.
2024,2,9,16,.,.,.,.,.,.,.,.,.,.,.,.,.
2024,2,9,17,.,.,.,.,.,.,.,.,.,.,.,.,.
2024,2,9,18,.,.,.,.,.,.,.,.,.,.,.,.,.
2024,2,9,19,.,.,.,.,.,.,.,.,.,.,.,.,.
2024,2,9,20,.,.,.,.,.,.,.,.,.,.,.,.,.
2024,2,9,21,.,.,.,.,.,.,.,.,.,.,.,.,.
2024,2,9,22,.,.,.,.,.,.,.,.,.,.,.,.,.
2024,2,9,23,.,.,.,.,.,.,.,.,.,.,.,.,.
2024,2,9,24,.,.,.,.,.,.,.,.,.,.,.,.,.
2024,2,9,25,.,.,.,.,.,.,.,.,.,.,.,.,.
2024,2,9,26,.,.,.,.,.,.,.,.,.,.,.,.,.
2024,2,9,27,.,.,.,.,.,.,.,.,.,.,.,.,.
2024,2,9,28,.,.,.,.,.,.,.,.,.,.,.,.,.
2024,2,9,29,.,.,.,.,.,.,.,.,.,.,.,.,.
2024,2,9,30,.,.,.,.,.,.,.,.,.,.,.,.,.
2024,2,9,31,.,.,.,.,.,.,.,.,.,.,.,.,.
2024,2,9,32,.,.,.,.,.,.,.,.,.,.,.,.,.
2024,2,9,33,.,.,.,.,.,.,.,.,.,.,.,.,.
2024,2,9,34,.,.,.,.,.,.,.,.,.,.,.,.,.
2024,2,9,35,.,.,.,.,.,.,.,.,.,.,.,.,.
2024,2,9,36,.,.,.,.,.,.,.,.,.,.,.,.,.
2024,2,9,37,.,.,.,.,.,.,.,.,.,.,.,.,.
2024,2,9,38,.,.,.,.,.,.,.,.,.,.,.,.,.
2024,2,9,39,.,.,.,.,.,.,.,.,.,.,.,.,.
2024,2,9,40,.,.,.,.,.,.,.,.,.,.,.,.,.
2024,2,9,41,.,.,.,.,.,.,.,.,.,.,.,.,.
2024,2,9,42,.,.,.,.,.,.,.,.,.,.,.,.,.
2024,2,9,43,.,.,.,.,.,.,.,.,.,.,.,.,.
2024,2,9,44,.,.,.,.,.,.,.,.,.,.,.,.,.
2024,2,9,45,.,.,.,.,.,.,.,.,.,.,.,.,.
2024,2,9,46,.,.,.,.,.,.,.,.,.,.,.,.,.
2024,2,9,47,.,.,.,.,.,.,.,.,.,.,.,.,.
2024,2,9,48,.,.,.,.,.,.,.,.,.,.,.,.,.
2024,2,9,49,.,.,.,.,.,.,.,.,.,.,.,.,.
2024,2,9,50,.,.,.,.,.,.,.,.,.,.,.,.,.
2024,2,9,51,.,.,.,.,.,.,.,.,.,.,.,.,.
2024,2,9,52,.,.,.,.,.,.,.,.,.,.,.,.,.
2024,2,9,53,.,.,.,.,.,.,.,.,.,.,.,.,.
2024,2,16,1,.,.,.,.,.,.,.,.,.,.,.,.,.
2024,2,16,2,.,.,.,.,.,.,.,.,.,.,.,.,.
2024,2,16,3,.,.,.,.,.,.,.,.,.,.,.,.,.
2024,2,16,4,.,.,.,.,.,.,.,.,.,.,.,.,.
2024,2,16,5,.,.,.,.,.,.,.,.,.,.,.,.,.
2024,2,16,6,.,.,.,.,.,.,.,.,.,.,.,.,.
2024,2,16,7,.,.,.,.,.,.,.,.,.,.,.,.,.
2024,2,16,8,.,.,.,.,.,.,.,.,.,.,.,.,.
2024,2,16,9,.,.,.,.,.,.,.,.,.,.,.,.,.
2024,2,16,10,.,.,.,.,.,.,.,.,.,.,.,.,.
2024,2,16,11,.,.,.,.,.,.,.,.,.,.,.,.,.
2024,2,16,12,.,.,.,.,.,.,.,.,.,.,.,.,.
2024,2,16,13,.,.,.,.,.,.,.,.,.,.,.,.,.
2024,2,16,14,.,.,.,.,.,.,.,.,.,.,.,.,.
2024,2,16,15,.,.,.,.,.,.,.,.,.,.,.,.,.
2024,2,16,16,.,.,.,.,.,.,.,.,.,.,.,.,.
2024,2,16,17,.,.,.,.,.,.,.,.,.,.,.,.,.
2024,2,16,18,.,.,.,.,.,.,.,.,.,.,.,.,.
2024,2,16,19,.,.,.,.,.,.,.,.,.,.,.,.,.
2024,2,16,20,.,.,.,.,.,.,.,.,.,.,.,.,.
2024,2,16,21,.,.,.,.,.,.,.,.,.,.,.,.,.
2024,2,16,22,.,.,.,.,.,.,.,.,.,.,.,.,.
2024,2,16,23,.,.,.,.,.,.,.,.,.,.,.,.,.
2024,2,16,24,.,.,.,.,.,.,.,.,.,.,.,.,.
2024,2,16,25,.,.,.,.,.,.,.,.,.,.,.,.,.
2024,2,16,26,.,.,.,.,.,.,.,.,.,.,.,.,.
2024,2,16,27,.,.,.,.,.,.,.,.,.,.,.,.,.
2024,2,16,28,.,.,.,.,.,.,.,.,.,.,.,.,.
2024,2,16,29,.,.,.,.,.,.,.,.,.,.,.,.,.
2024,2,16,30,.,.,.,.,.,.,.,.,.,.,.,.,.
2024,2,16,31,.,.,.,.,.,.,.,.,.,.,.,.,.
2024,2,16,32,.,.,.,.,.,.,.,.,.,.,.,.,.
2024,2,16,33,.,.,.,.,.,.,.,.,.,.,.,.,.
2024,2,16,34,.,.,.,.,.,.,.,.,.,.,.,.,.
2024,2,16,35,.,.,.,.,.,.,.,.,.,.,.,.,.
2024,2,16,36,.,.,.,.,.,.,.,.,.,.,.,.,.
2024,2,16,37,.,.,.,.,.,.,.,.,.,.,.,.,.
2024,2,16,38,.,.,.,.,.,.,.,.,.,.,.,.,.
2024,2,16,39,.,.,.,.,.,.,.,.,.,.,.,.,.
2024,2,16,40,.,.,.,.,.,.,.,.,.,.,.,.,.
2024,2,16,41,.,.,.,.,.,.,.,.,.,.,.,.,.
2024,2,16,42,.,.,.,.,.,.,.,.,.,.,.,.,.
2024,2,16,43,.,.,.,.,.,.,.,.,.,.,.,.,.
2024,2,16,44,.,.,.,.,.,.,.,.,.,.,.,.,.
2024,2,16,45,.,.,.,.,.,.,.,.,.,.,.,.,.
2024,2,16,46,.,.,.,.,.,.,.,.,.,.,.,.,.
2024,2,16,47,.,.,.,.,.,.,.,.,.,.,.,.,.
2024,2,16,48,.,.,.,.,.,.,.,.,.,.,.,.,.
2024,2,16,49,.,.,.,.,.,.,.,.,.,.,.,.,.
2024,2,16,50,.,.,.,.,.,.,.,.,.,.,.,.,.
2024,2,16,51,.,.,.,.,.,.,.,.,.,.,.,.,.
2024,2,16,52,.,.,.,.,.,.,.,.,.,.,.,.,.
2024,2,16,53,.,.,.,.,.,.,.,.,.,.,.,.,.
2024,2,23,1,.,.,.,.,.,.,.,.,.,.,.,.,.
2024,2,23,2,.,.,.,.,.,.,.,.,.,.,.,.,.
2024,2,23,3,.,.,.,.,.,.,.,.,.,.,.,.,.
2024,2,23,4,.,.,.,.,.,.,.,.,.,.,.,.,.
2024,2,23,5,.,.,.,.,.,.,.,.,.,.,.,.,.
2024,2,23,6,.,.,.,.,.,.,.,.,.,.,.,.,.
2024,2,23,7,.,.,.,.,.,.,.,.,.,.,.,.,.
2024,2,23,8,.,.,.,.,.,.,.,.,.,.,.,.,.
2024,2,23,9,.,.,.,.,.,.,.,.,.,.,.,.,.
2024,2,23,10,.,.,.,.,.,.,.,.,.,.,.,.,.
2024,2,23,11,.,.,.,.,.,.,.,.,.,.,.,.,.
2024,2,23,12,.,.,.,.,.,.,.,.,.,.,.,.,.
2024,2,23,13,.,.,.,.,.,.,.,.,.,.,.,.,.
2024,2,23,14,.,.,.,.,.,.,.,.,.,.,.,.,.
2024,2,23,15,.,.,.,.,.,.,.,.,.,.,.,.,.
2024,2,23,16,.,.,.,.,.,.,.,.,.,.,.,.,.
2024,2,23,17,.,.,.,.,.,.,.,.,.,.,.,.,.
2024,2,23,18,.,.,.,.,.,.,.,.,.,.,.,.,.
2024,2,23,19,.,.,.,.,.,.,.,.,.,.,.,.,.
2024,2,23,20,.,.,.,.,.,.,.,.,.,.,.,.,.
2024,2,23,21,.,.,.,.,.,.,.,.,.,.,.,.,.
2024,2,23,22,.,.,.,.,.,.,.,.,.,.,.,.,.
2024,2,23,23,.,.,.,.,.,.,.,.,.,.,.,.,.
2024,2,23,24,.,.,.,.,.,.,.,.,.,.,.,.,.
2024,2,23,25,.,.,.,.,.,.,.,.,.,.,.,.,.
2024,2,23,26,.,.,.,.,.,.,.,.,.,.,.,.,.
2024,2,23,27,.,.,.,.,.,.,.,.,.,.,.,.,.
2024,2,23,28,.,.,.,.,.,.,.,.,.,.,.,.,.
2024,2,23,29,.,.,.,.,.,.,.,.,.,.,.,.,.
2024,2,23,30,.,.,.,.,.,.,.,.,.,.,.,.,.
2024,2,23,31,.,.,.,.,.,.,.,.,.,.,.,.,.
2024,2,23,32,.,.,.,.,.,.,.,.,.,.,.,.,.
2024,2,23,33,.,.,.,.,.,.,.,.,.,.,.,.,.
2024,2,23,34,.,.,.,.,.,.,.,.,.,.,.,.,.
2024,2,23,35,.,.,.,.,.,.,.,.,.,.,.,.,.
2024,2,23,36,.,.,.,.,.,.,.,.,.,.,.,.,.
2024,2,23,37,.,.,.,.,.,.,.,.,.,.,.,.,.
2024,2,23,38,.,.,.,.,.,.,.,.,.,.,.,.,.
2024,2,23,39,.,.,.,.,.,.,.,.,.,.,.,.,.
2024,2,23,40,.,.,.,.,.,.,.,.,.,.,.,.,.
2024,2,23,41,.,.,.,.,.,.,.,.,.,.,.,.,.
2024,2,23,42,.,.,.,.,.,.,.,.,.,.,.,.,.
2024,2,23,43,.,.,.,.,.,.,.,.,.,.,.,.,.
2024,2,23,44,.,.,.,.,.,.,.,.,.,.,.,.,.
2024,2,23,45,.,.,.,.,.,.,.,.,.,.,.,.,.
2024,2,23,46,.,.,.,.,.,.,.,.,.,.,.,.,.
2024,2,23,47,.,.,.,.,.,.,.,.,.,.,.,.,.
2024,2,23,48,.,.,.,.,.,.,.,.,.,.,.,.,.
2024,2,23,49,.,.,.,.,.,.,.,.,.,.,.,.,.
2024,2,23,50,.,.,.,.,.,.,.,.,.,.,.,.,.
2024,2,23,51,.,.,.,.,.,.,.,.,.,.,.,.,.
2024,2,23,52,.,.,.,.,.,.,.,.,.,.,.,.,.
2024,2,23,53,.,.,.,.,.,.,.,.,.,.,.,.,.
2024,3,1,1,.,.,.,.,.,.,.,.,.,.,.,.,.
2024,3,1,2,.,.,.,.,.,.,.,.,.,.,.,.,.
2024,3,1,3,.,.,.,.,.,.,.,.,.,.,.,.,.
2024,3,1,4,.,.,.,.,.,.,.,.,.,.,.,.,.
2024,3,1,5,.,.,.,.,.,.,.,.,.,.,.,.,.
2024,3,1,6,.,.,.,.,.,.,.,.,.,.,.,.,.
2024,3,1,7,.,.,.,.,.,.,.,.,.,.,.,.,.
2024,3,1,8,.,.,.,.,.,.,.,.,.,.,.,.,.
2024,3,1,9,.,.,.,.,.,.,.,.,.,.,.,.,.
2024,3,1,10,.,.,.,.,.,.,.,.,.,.,.,.,.
2024,3,1,11,.,.,.,.,.,.,.,.,.,.,.,.,.
2024,3,1,12,.,.,.,.,.,.,.,.,.,.,.,.,.
2024,3,1,13,.,.,.,.,.,.,.,.,.,.,.,.,.
2024,3,1,14,.,.,.,.,.,.,.,.,.,.,.,.,.
2024,3,1,15,.,.,.,.,.,.,.,.,.,.,.,.,.
2024,3,1,16,.,.,.,.,.,.,.,.,.,.,.,.,.
2024,3,1,17,.,.,.,.,.,.,.,.,.,.,.,.,.
2024,3,1,18,.,.,.,.,.,.,.,.,.,.,.,.,.
2024,3,1,19,.,.,.,.,.,.,.,.,.,.,.,.,.
2024,3,1,20,.,.,.,.,.,.,.,.,.,.,.,.,.
2024,3,1,21,.,.,.,.,.,.,.,.,.,.,.,.,.
2024,3,1,22,.,.,.,.,.,.,.,.,.,.,.,.,.
2024,3,1,23,.,.,.,.,.,.,.,.,.,.,.,.,.
2024,3,1,24,.,.,.,.,.,.,.,.,.,.,.,.,.
2024,3,1,25,.,.,.,.,.,.,.,.,.,.,.,.,.
2024,3,1,26,.,.,.,.,.,.,.,.,.,.,.,.,.
2024,3,1,27,.,.,.,.,.,.,.,.,.,.,.,.,.
2024,3,1,28,.,.,.,.,.,.,.,.,.,.,.,.,.
2024,3,1,29,.,.,.,.,.,.,.,.,.,.,.,.,.
2024,3,1,30,.,.,.,.,.,.,.,.,.,.,.,.,.
2024,3,1,31,.,.,.,.,.,.,.,.,.,.,.,.,.
2024,3,1,32,.,.,.,.,.,.,.,.,.,.,.,.,.
2024,3,1,33,.,.,.,.,.,.,.,.,.,.,.,.,.
2024,3,1,34,.,.,.,.,.,.,.,.,.,.,.,.,.
2024,3,1,35,.,.,.,.,.,.,.,.,.,.,.,.,.
2024,3,1,36,.,.,.,.,.,.,.,.,.,.,.,.,.
2024,3,1,37,.,.,.,.,.,.,.,.,.,.,.,.,.
2024,3,1,38,.,.,.,.,.,.,.,.,.,.,.,.,.
2024,3,1,39,.,.,.,.,.,.,.,.,.,.,.,.,.
2024,3,1,40,.,.,.,.,.,.,.,.,.,.,.,.,.
2024,3,1,41,.,.,.,.,.,.,.,.,.,.,.,.,.
2024,3,1,42,.,.,.,.,.,.,.,.,.,.,.,.,.
2024,3,1,43,.,.,.,.,.,.,.,.,.,.,.,.,.
2024,3,1,44,.,.,.,.,.,.,.,.,.,.,.,.,.
2024,3,1,45,.,.,.,.,.,.,.,.,.,.,.,.,.
2024,3,1,46,.,.,.,.,.,.,.,.,.,.,.,.,.
2024,3,1,47,.,.,.,.,.,.,.,.,.,.,.,.,.
2024,3,1,48,.,.,.,.,.,.,.,.,.,.,.,.,.
2024,3,1,49,.,.,.,.,.,.,.,.,.,.,.,.,.
2024,3,1,50,.,.,.,.,.,.,.,.,.,.,.,.,.
2024,3,1,51,.,.,.,.,.,.,.,.,.,.,.,.,.
2024,3,1,52,.,.,.,.,.,.,.,.,.,.,.,.,.
2024,3,1,53,.,.,.,.,.,.,.,.,.,.,.,.,.
2024,3,8,1,.,.,.,.,.,.,.,.,.,.,.,.,.
2024,3,8,2,.,.,.,.,.,.,.,.,.,.,.,.,.
2024,3,8,3,.,.,.,.,.,.,.,.,.,.,.,.,.
2024,3,8,4,.,.,.,.,.,.,.,.,.,.,.,.,.
2024,3,8,5,.,.,.,.,.,.,.,.,.,.,.,.,.
2024,3,8,6,.,.,.,.,.,.,.,.,.,.,.,.,.
2024,3,8,7,.,.,.,.,.,.,.,.,.,.,.,.,.
2024,3,8,8,.,.,.,.,.,.,.,.,.,.,.,.,.
2024,3,8,9,.,.,.,.,.,.,.,.,.,.,.,.,.
2024,3,8,10,.,.,.,.,.,.,.,.,.,.,.,.,.
2024,3,8,11,.,.,.,.,.,.,.,.,.,.,.,.,.
2024,3,8,12,.,.,.,.,.,.,.,.,.,.,.,.,.
2024,3,8,13,.,.,.,.,.,.,.,.,.,.,.,.,.
2024,3,8,14,.,.,.,.,.,.,.,.,.,.,.,.,.
2024,3,8,15,.,.,.,.,.,.,.,.,.,.,.,.,.
2024,3,8,16,.,.,.,.,.,.,.,.,.,.,.,.,.
2024,3,8,17,.,.,.,.,.,.,.,.,.,.,.,.,.
2024,3,8,18,.,.,.,.,.,.,.,.,.,.,.,.,.
2024,3,8,19,.,.,.,.,.,.,.,.,.,.,.,.,.
2024,3,8,20,.,.,.,.,.,.,.,.,.,.,.,.,.
2024,3,8,21,.,.,.,.,.,.,.,.,.,.,.,.,.
2024,3,8,22,.,.,.,.,.,.,.,.,.,.,.,.,.
2024,3,8,23,.,.,.,.,.,.,.,.,.,.,.,.,.
2024,3,8,24,.,.,.,.,.,.,.,.,.,.,.,.,.
2024,3,8,25,.,.,.,.,.,.,.,.,.,.,.,.,.
2024,3,8,26,.,.,.,.,.,.,.,.,.,.,.,.,.
2024,3,8,27,.,.,.,.,.,.,.,.,.,.,.,.,.
2024,3,8,28,.,.,.,.,.,.,.,.,.,.,.,.,.
2024,3,8,29,.,.,.,.,.,.,.,.,.,.,.,.,.
2024,3,8,30,.,.,.,.,.,.,.,.,.,.,.,.,.
2024,3,8,31,.,.,.,.,.,.,.,.,.,.,.,.,.
2024,3,8,32,.,.,.,.,.,.,.,.,.,.,.,.,.
2024,3,8,33,.,.,.,.,.,.,.,.,.,.,.,.,.
2024,3,8,34,.,.,.,.,.,.,.,.,.,.,.,.,.
2024,3,8,35,.,.,.,.,.,.,.,.,.,.,.,.,.
2024,3,8,36,.,.,.,.,.,.,.,.,.,.,.,.,.
2024,3,8,37,.,.,.,.,.,.,.,.,.,.,.,.,.
2024,3,8,38,.,.,.,.,.,.,.,.,.,.,.,.,.
2024,3,8,39,.,.,.,.,.,.,.,.,.,.,.,.,.
2024,3,8,40,.,.,.,.,.,.,.,.,.,.,.,.,.
2024,3,8,41,.,.,.,.,.,.,.,.,.,.,.,.,.
2024,3,8,42,.,.,.,.,.,.,.,.,.,.,.,.,.
2024,3,8,43,.,.,.,.,.,.,.,.,.,.,.,.,.
2024,3,8,44,.,.,.,.,.,.,.,.,.,.,.,.,.
2024,3,8,45,.,.,.,.,.,.,.,.,.,.,.,.,.
2024,3,8,46,.,.,.,.,.,.,.,.,.,.,.,.,.
2024,3,8,47,.,.,.,.,.,.,.,.,.,.,.,.,.
2024,3,8,48,.,.,.,.,.,.,.,.,.,.,.,.,.
2024,3,8,49,.,.,.,.,.,.,.,.,.,.,.,.,.
2024,3,8,50,.,.,.,.,.,.,.,.,.,.,.,.,.
2024,3,8,51,.,.,.,.,.,.,.,.,.,.,.,.,.
2024,3,8,52,.,.,.,.,.,.,.,.,.,.,.,.,.
2024,3,8,53,.,.,.,.,.,.,.,.,.,.,.,.,.
2024,3,15,1,.,.,.,.,.,.,.,.,.,.,.,.,.
2024,3,15,2,.,.,.,.,.,.,.,.,.,.,.,.,.
2024,3,15,3,.,.,.,.,.,.,.,.,.,.,.,.,.
2024,3,15,4,.,.,.,.,.,.,.,.,.,.,.,.,.
2024,3,15,5,.,.,.,.,.,.,.,.,.,.,.,.,.
2024,3,15,6,.,.,.,.,.,.,.,.,.,.,.,.,.
2024,3,15,7,.,.,.,.,.,.,.,.,.,.,.,.,.
2024,3,15,8,.,.,.,.,.,.,.,.,.,.,.,.,.
2024,3,15,9,.,.,.,.,.,.,.,.,.,.,.,.,.
2024,3,15,10,.,.,.,.,.,.,.,.,.,.,.,.,.
2024,3,15,11,.,.,.,.,.,.,.,.,.,.,.,.,.
2024,3,15,12,.,.,.,.,.,.,.,.,.,.,.,.,.
2024,3,15,13,.,.,.,.,.,.,.,.,.,.,.,.,.
2024,3,15,14,.,.,.,.,.,.,.,.,.,.,.,.,.
2024,3,15,15,.,.,.,.,.,.,.,.,.,.,.,.,.
2024,3,15,16,.,.,.,.,.,.,.,.,.,.,.,.,.
2024,3,15,17,.,.,.,.,.,.,.,.,.,.,.,.,.
2024,3,15,18,.,.,.,.,.,.,.,.,.,.,.,.,.
2024,3,15,19,.,.,.,.,.,.,.,.,.,.,.,.,.
2024,3,15,20,.,.,.,.,.,.,.,.,.,.,.,.,.
2024,3,15,21,.,.,.,.,.,.,.,.,.,.,.,.,.
2024,3,15,22,.,.,.,.,.,.,.,.,.,.,.,.,.
2024,3,15,23,.,.,.,.,.,.,.,.,.,.,.,.,.
2024,3,15,24,.,.,.,.,.,.,.,.,.,.,.,.,.
2024,3,15,25,.,.,.,.,.,.,.,.,.,.,.,.,.
2024,3,15,26,.,.,.,.,.,.,.,.,.,.,.,.,.
2024,3,15,27,.,.,.,.,.,.,.,.,.,.,.,.,.
2024,3,15,28,.,.,.,.,.,.,.,.,.,.,.,.,.
2024,3,15,29,.,.,.,.,.,.,.,.,.,.,.,.,.
2024,3,15,30,.,.,.,.,.,.,.,.,.,.,.,.,.
2024,3,15,31,.,.,.,.,.,.,.,.,.,.,.,.,.
2024,3,15,32,.,.,.,.,.,.,.,.,.,.,.,.,.
2024,3,15,33,.,.,.,.,.,.,.,.,.,.,.,.,.
2024,3,15,34,.,.,.,.,.,.,.,.,.,.,.,.,.
2024,3,15,35,.,.,.,.,.,.,.,.,.,.,.,.,.
2024,3,15,36,.,.,.,.,.,.,.,.,.,.,.,.,.
2024,3,15,37,.,.,.,.,.,.,.,.,.,.,.,.,.
2024,3,15,38,.,.,.,.,.,.,.,.,.,.,.,.,.
2024,3,15,39,.,.,.,.,.,.,.,.,.,.,.,.,.
2024,3,15,40,.,.,.,.,.,.,.,.,.,.,.,.,.
2024,3,15,41,.,.,.,.,.,.,.,.,.,.,.,.,.
2024,3,15,42,.,.,.,.,.,.,.,.,.,.,.,.,.
2024,3,15,43,.,.,.,.,.,.,.,.,.,.,.,.,.
2024,3,15,44,.,.,.,.,.,.,.,.,.,.,.,.,.
2024,3,15,45,.,.,.,.,.,.,.,.,.,.,.,.,.
2024,3,15,46,.,.,.,.,.,.,.,.,.,.,.,.,.
2024,3,15,47,.,.,.,.,.,.,.,.,.,.,.,.,.
2024,3,15,48,.,.,.,.,.,.,.,.,.,.,.,.,.
2024,3,15,49,.,.,.,.,.,.,.,.,.,.,.,.,.
2024,3,15,50,.,.,.,.,.,.,.,.,.,.,.,.,.
2024,3,15,51,.,.,.,.,.,.,.,.,.,.,.,.,.
2024,3,15,52,.,.,.,.,.,.,.,.,.,.,.,.,.
2024,3,15,53,.,.,.,.,.,.,.,.,.,.,.,.,.
2024,3,22,1,.,.,.,.,.,.,.,.,.,.,.,.,.
2024,3,22,2,.,.,.,.,.,.,.,.,.,.,.,.,.
2024,3,22,3,.,.,.,.,.,.,.,.,.,.,.,.,.
2024,3,22,4,.,.,.,.,.,.,.,.,.,.,.,.,.
2024,3,22,5,.,.,.,.,.,.,.,.,.,.,.,.,.
2024,3,22,6,.,.,.,.,.,.,.,.,.,.,.,.,.
2024,3,22,7,.,.,.,.,.,.,.,.,.,.,.,.,.
2024,3,22,8,.,.,.,.,.,.,.,.,.,.,.,.,.
2024,3,22,9,.,.,.,.,.,.,.,.,.,.,.,.,.
2024,3,22,10,.,.,.,.,.,.,.,.,.,.,.,.,.
2024,3,22,11,.,.,.,.,.,.,.,.,.,.,.,.,.
2024,3,22,12,.,.,.,.,.,.,.,.,.,.,.,.,.
2024,3,22,13,.,.,.,.,.,.,.,.,.,.,.,.,.
2024,3,22,14,.,.,.,.,.,.,.,.,.,.,.,.,.
2024,3,22,15,.,.,.,.,.,.,.,.,.,.,.,.,.
2024,3,22,16,.,.,.,.,.,.,.,.,.,.,.,.,.
2024,3,22,17,.,.,.,.,.,.,.,.,.,.,.,.,.
2024,3,22,18,.,.,.,.,.,.,.,.,.,.,.,.,.
2024,3,22,19,.,.,.,.,.,.,.,.,.,.,.,.,.
2024,3,22,20,.,.,.,.,.,.,.,.,.,.,.,.,.
2024,3,22,21,.,.,.,.,.,.,.,.,.,.,.,.,.
2024,3,22,22,.,.,.,.,.,.,.,.,.,.,.,.,.
2024,3,22,23,.,.,.,.,.,.,.,.,.,.,.,.,.
2024,3,22,24,.,.,.,.,.,.,.,.,.,.,.,.,.
2024,3,22,25,.,.,.,.,.,.,.,.,.,.,.,.,.
2024,3,22,26,.,.,.,.,.,.,.,.,.,.,.,.,.
2024,3,22,27,.,.,.,.,.,.,.,.,.,.,.,.,.
2024,3,22,28,.,.,.,.,.,.,.,.,.,.,.,.,.
2024,3,22,29,.,.,.,.,.,.,.,.,.,.,.,.,.
2024,3,22,30,.,.,.,.,.,.,.,.,.,.,.,.,.
2024,3,22,31,.,.,.,.,.,.,.,.,.,.,.,.,.
2024,3,22,32,.,.,.,.,.,.,.,.,.,.,.,.,.
2024,3,22,33,.,.,.,.,.,.,.,.,.,.,.,.,.
2024,3,22,34,.,.,.,.,.,.,.,.,.,.,.,.,.
2024,3,22,35,.,.,.,.,.,.,.,.,.,.,.,.,.
2024,3,22,36,.,.,.,.,.,.,.,.,.,.,.,.,.
2024,3,22,37,.,.,.,.,.,.,.,.,.,.,.,.,.
2024,3,22,38,.,.,.,.,.,.,.,.,.,.,.,.,.
2024,3,22,39,.,.,.,.,.,.,.,.,.,.,.,.,.
2024,3,22,40,.,.,.,.,.,.,.,.,.,.,.,.,.
2024,3,22,41,.,.,.,.,.,.,.,.,.,.,.,.,.
2024,3,22,42,.,.,.,.,.,.,.,.,.,.,.,.,.
2024,3,22,43,.,.,.,.,.,.,.,.,.,.,.,.,.
2024,3,22,44,.,.,.,.,.,.,.,.,.,.,.,.,.
2024,3,22,45,.,.,.,.,.,.,.,.,.,.,.,.,.
2024,3,22,46,.,.,.,.,.,.,.,.,.,.,.,.,.
2024,3,22,47,.,.,.,.,.,.,.,.,.,.,.,.,.
2024,3,22,48,.,.,.,.,.,.,.,.,.,.,.,.,.
2024,3,22,49,.,.,.,.,.,.,.,.,.,.,.,.,.
2024,3,22,50,.,.,.,.,.,.,.,.,.,.,.,.,.
2024,3,22,51,.,.,.,.,.,.,.,.,.,.,.,.,.
2024,3,22,52,.,.,.,.,.,.,.,.,.,.,.,.,.
2024,3,22,53,.,.,.,.,.,.,.,.,.,.,.,.,.
2024,3,29,1,.,.,.,.,.,.,.,.,.,.,.,.,.
2024,3,29,2,.,.,.,.,.,.,.,.,.,.,.,.,.
2024,3,29,3,.,.,.,.,.,.,.,.,.,.,.,.,.
2024,3,29,4,.,.,.,.,.,.,.,.,.,.,.,.,.
2024,3,29,5,.,.,.,.,.,.,.,.,.,.,.,.,.
2024,3,29,6,.,.,.,.,.,.,.,.,.,.,.,.,.
2024,3,29,7,.,.,.,.,.,.,.,.,.,.,.,.,.
2024,3,29,8,.,.,.,.,.,.,.,.,.,.,.,.,.
2024,3,29,9,.,.,.,.,.,.,.,.,.,.,.,.,.
2024,3,29,10,.,.,.,.,.,.,.,.,.,.,.,.,.
2024,3,29,11,.,.,.,.,.,.,.,.,.,.,.,.,.
2024,3,29,12,.,.,.,.,.,.,.,.,.,.,.,.,.
2024,3,29,13,.,.,.,.,.,.,.,.,.,.,.,.,.
2024,3,29,14,.,.,.,.,.,.,.,.,.,.,.,.,.
2024,3,29,15,.,.,.,.,.,.,.,.,.,.,.,.,.
2024,3,29,16,.,.,.,.,.,.,.,.,.,.,.,.,.
2024,3,29,17,.,.,.,.,.,.,.,.,.,.,.,.,.
2024,3,29,18,.,.,.,.,.,.,.,.,.,.,.,.,.
2024,3,29,19,.,.,.,.,.,.,.,.,.,.,.,.,.
2024,3,29,20,.,.,.,.,.,.,.,.,.,.,.,.,.
2024,3,29,21,.,.,.,.,.,.,.,.,.,.,.,.,.
2024,3,29,22,.,.,.,.,.,.,.,.,.,.,.,.,.
2024,3,29,23,.,.,.,.,.,.,.,.,.,.,.,.,.
2024,3,29,24,.,.,.,.,.,.,.,.,.,.,.,.,.
2024,3,29,25,.,.,.,.,.,.,.,.,.,.,.,.,.
2024,3,29,26,.,.,.,.,.,.,.,.,.,.,.,.,.
2024,3,29,27,.,.,.,.,.,.,.,.,.,.,.,.,.
2024,3,29,28,.,.,.,.,.,.,.,.,.,.,.,.,.
2024,3,29,29,.,.,.,.,.,.,.,.,.,.,.,.,.
2024,3,29,30,.,.,.,.,.,.,.,.,.,.,.,.,.
2024,3,29,31,.,.,.,.,.,.,.,.,.,.,.,.,.
2024,3,29,32,.,.,.,.,.,.,.,.,.,.,.,.,.
2024,3,29,33,.,.,.,.,.,.,.,.,.,.,.,.,.
2024,3,29,34,.,.,.,.,.,.,.,.,.,.,.,.,.
2024,3,29,35,.,.,.,.,.,.,.,.,.,.,.,.,.
2024,3,29,36,.,.,.,.,.,.,.,.,.,.,.,.,.
2024,3,29,37,.,.,.,.,.,.,.,.,.,.,.,.,.
2024,3,29,38,.,.,.,.,.,.,.,.,.,.,.,.,.
2024,3,29,39,.,.,.,.,.,.,.,.,.,.,.,.,.
2024,3,29,40,.,.,.,.,.,.,.,.,.,.,.,.,.
2024,3,29,41,.,.,.,.,.,.,.,.,.,.,.,.,.
2024,3,29,42,.,.,.,.,.,.,.,.,.,.,.,.,.
2024,3,29,43,.,.,.,.,.,.,.,.,.,.,.,.,.
2024,3,29,44,.,.,.,.,.,.,.,.,.,.,.,.,.
2024,3,29,45,.,.,.,.,.,.,.,.,.,.,.,.,.
2024,3,29,46,.,.,.,.,.,.,.,.,.,.,.,.,.
2024,3,29,47,.,.,.,.,.,.,.,.,.,.,.,.,.
2024,3,29,48,.,.,.,.,.,.,.,.,.,.,.,.,.
2024,3,29,49,.,.,.,.,.,.,.,.,.,.,.,.,.
2024,3,29,50,.,.,.,.,.,.,.,.,.,.,.,.,.
2024,3,29,51,.,.,.,.,.,.,.,.,.,.,.,.,.
2024,3,29,52,.,.,.,.,.,.,.,.,.,.,.,.,.
2024,3,29,53,.,.,.,.,.,.,.,.,.,.,.,.,.
2024,4,5,1,.,.,.,.,.,.,.,.,.,.,.,.,.
2024,4,5,2,.,.,.,.,.,.,.,.,.,.,.,.,.
2024,4,5,3,.,.,.,.,.,.,.,.,.,.,.,.,.
2024,4,5,4,.,.,.,.,.,.,.,.,.,.,.,.,.
2024,4,5,5,.,.,.,.,.,.,.,.,.,.,.,.,.
2024,4,5,6,.,.,.,.,.,.,.,.,.,.,.,.,.
2024,4,5,7,.,.,.,.,.,.,.,.,.,.,.,.,.
2024,4,5,8,.,.,.,.,.,.,.,.,.,.,.,.,.
2024,4,5,9,.,.,.,.,.,.,.,.,.,.,.,.,.
2024,4,5,10,.,.,.,.,.,.,.,.,.,.,.,.,.
2024,4,5,11,.,.,.,.,.,.,.,.,.,.,.,.,.
2024,4,5,12,.,.,.,.,.,.,.,.,.,.,.,.,.
2024,4,5,13,.,.,.,.,.,.,.,.,.,.,.,.,.
2024,4,5,14,.,.,.,.,.,.,.,.,.,.,.,.,.
2024,4,5,15,.,.,.,.,.,.,.,.,.,.,.,.,.
2024,4,5,16,.,.,.,.,.,.,.,.,.,.,.,.,.
2024,4,5,17,.,.,.,.,.,.,.,.,.,.,.,.,.
2024,4,5,18,.,.,.,.,.,.,.,.,.,.,.,.,.
2024,4,5,19,.,.,.,.,.,.,.,.,.,.,.,.,.
2024,4,5,20,.,.,.,.,.,.,.,.,.,.,.,.,.
2024,4,5,21,.,.,.,.,.,.,.,.,.,.,.,.,.
2024,4,5,22,.,.,.,.,.,.,.,.,.,.,.,.,.
2024,4,5,23,.,.,.,.,.,.,.,.,.,.,.,.,.
2024,4,5,24,.,.,.,.,.,.,.,.,.,.,.,.,.
2024,4,5,25,.,.,.,.,.,.,.,.,.,.,.,.,.
2024,4,5,26,.,.,.,.,.,.,.,.,.,.,.,.,.
2024,4,5,27,.,.,.,.,.,.,.,.,.,.,.,.,.
2024,4,5,28,.,.,.,.,.,.,.,.,.,.,.,.,.
2024,4,5,29,.,.,.,.,.,.,.,.,.,.,.,.,.
2024,4,5,30,.,.,.,.,.,.,.,.,.,.,.,.,.
2024,4,5,31,.,.,.,.,.,.,.,.,.,.,.,.,.
2024,4,5,32,.,.,.,.,.,.,.,.,.,.,.,.,.
2024,4,5,33,.,.,.,.,.,.,.,.,.,.,.,.,.
2024,4,5,34,.,.,.,.,.,.,.,.,.,.,.,.,.
2024,4,5,35,.,.,.,.,.,.,.,.,.,.,.,.,.
2024,4,5,36,.,.,.,.,.,.,.,.,.,.,.,.,.
2024,4,5,37,.,.,.,.,.,.,.,.,.,.,.,.,.
2024,4,5,38,.,.,.,.,.,.,.,.,.,.,.,.,.
2024,4,5,39,.,.,.,.,.,.,.,.,.,.,.,.,.
2024,4,5,40,.,.,.,.,.,.,.,.,.,.,.,.,.
2024,4,5,41,.,.,.,.,.,.,.,.,.,.,.,.,.
2024,4,5,42,.,.,.,.,.,.,.,.,.,.,.,.,.
2024,4,5,43,.,.,.,.,.,.,.,.,.,.,.,.,.
2024,4,5,44,.,.,.,.,.,.,.,.,.,.,.,.,.
2024,4,5,45,.,.,.,.,.,.,.,.,.,.,.,.,.
2024,4,5,46,.,.,.,.,.,.,.,.,.,.,.,.,.
2024,4,5,47,.,.,.,.,.,.,.,.,.,.,.,.,.
2024,4,5,48,.,.,.,.,.,.,.,.,.,.,.,.,.
2024,4,5,49,.,.,.,.,.,.,.,.,.,.,.,.,.
2024,4,5,50,.,.,.,.,.,.,.,.,.,.,.,.,.
2024,4,5,51,.,.,.,.,.,.,.,.,.,.,.,.,.
2024,4,5,52,.,.,.,.,.,.,.,.,.,.,.,.,.
2024,4,5,53,.,.,.,.,.,.,.,.,.,.,.,.,.
2024,4,12,1,.,.,.,.,.,.,.,.,.,.,.,.,.
2024,4,12,2,.,.,.,.,.,.,.,.,.,.,.,.,.
2024,4,12,3,.,.,.,.,.,.,.,.,.,.,.,.,.
2024,4,12,4,.,.,.,.,.,.,.,.,.,.,.,.,.
2024,4,12,5,.,.,.,.,.,.,.,.,.,.,.,.,.
2024,4,12,6,.,.,.,.,.,.,.,.,.,.,.,.,.
2024,4,12,7,.,.,.,.,.,.,.,.,.,.,.,.,.
2024,4,12,8,.,.,.,.,.,.,.,.,.,.,.,.,.
2024,4,12,9,.,.,.,.,.,.,.,.,.,.,.,.,.
2024,4,12,10,.,.,.,.,.,.,.,.,.,.,.,.,.
2024,4,12,11,.,.,.,.,.,.,.,.,.,.,.,.,.
2024,4,12,12,.,.,.,.,.,.,.,.,.,.,.,.,.
2024,4,12,13,.,.,.,.,.,.,.,.,.,.,.,.,.
2024,4,12,14,.,.,.,.,.,.,.,.,.,.,.,.,.
2024,4,12,15,.,.,.,.,.,.,.,.,.,.,.,.,.
2024,4,12,16,.,.,.,.,.,.,.,.,.,.,.,.,.
2024,4,12,17,.,.,.,.,.,.,.,.,.,.,.,.,.
2024,4,12,18,.,.,.,.,.,.,.,.,.,.,.,.,.
2024,4,12,19,.,.,.,.,.,.,.,.,.,.,.,.,.
2024,4,12,20,.,.,.,.,.,.,.,.,.,.,.,.,.
2024,4,12,21,.,.,.,.,.,.,.,.,.,.,.,.,.
2024,4,12,22,.,.,.,.,.,.,.,.,.,.,.,.,.
2024,4,12,23,.,.,.,.,.,.,.,.,.,.,.,.,.
2024,4,12,24,.,.,.,.,.,.,.,.,.,.,.,.,.
2024,4,12,25,.,.,.,.,.,.,.,.,.,.,.,.,.
2024,4,12,26,.,.,.,.,.,.,.,.,.,.,.,.,.
2024,4,12,27,.,.,.,.,.,.,.,.,.,.,.,.,.
2024,4,12,28,.,.,.,.,.,.,.,.,.,.,.,.,.
2024,4,12,29,.,.,.,.,.,.,.,.,.,.,.,.,.
2024,4,12,30,.,.,.,.,.,.,.,.,.,.,.,.,.
2024,4,12,31,.,.,.,.,.,.,.,.,.,.,.,.,.
2024,4,12,32,.,.,.,.,.,.,.,.,.,.,.,.,.
2024,4,12,33,.,.,.,.,.,.,.,.,.,.,.,.,.
2024,4,12,34,.,.,.,.,.,.,.,.,.,.,.,.,.
2024,4,12,35,.,.,.,.,.,.,.,.,.,.,.,.,.
2024,4,12,36,.,.,.,.,.,.,.,.,.,.,.,.,.
2024,4,12,37,.,.,.,.,.,.,.,.,.,.,.,.,.
2024,4,12,38,.,.,.,.,.,.,.,.,.,.,.,.,.
2024,4,12,39,.,.,.,.,.,.,.,.,.,.,.,.,.
2024,4,12,40,.,.,.,.,.,.,.,.,.,.,.,.,.
2024,4,12,41,.,.,.,.,.,.,.,.,.,.,.,.,.
2024,4,12,42,.,.,.,.,.,.,.,.,.,.,.,.,.
2024,4,12,43,.,.,.,.,.,.,.,.,.,.,.,.,.
2024,4,12,44,.,.,.,.,.,.,.,.,.,.,.,.,.
2024,4,12,45,.,.,.,.,.,.,.,.,.,.,.,.,.
2024,4,12,46,.,.,.,.,.,.,.,.,.,.,.,.,.
2024,4,12,47,.,.,.,.,.,.,.,.,.,.,.,.,.
2024,4,12,48,.,.,.,.,.,.,.,.,.,.,.,.,.
2024,4,12,49,.,.,.,.,.,.,.,.,.,.,.,.,.
2024,4,12,50,.,.,.,.,.,.,.,.,.,.,.,.,.
2024,4,12,51,.,.,.,.,.,.,.,.,.,.,.,.,.
2024,4,12,52,.,.,.,.,.,.,.,.,.,.,.,.,.
2024,4,12,53,.,.,.,.,.,.,.,.,.,.,.,.,.
2024,4,19,1,.,.,.,.,.,.,.,.,.,.,.,.,.
2024,4,19,2,.,.,.,.,.,.,.,.,.,.,.,.,.
2024,4,19,3,.,.,.,.,.,.,.,.,.,.,.,.,.
2024,4,19,4,.,.,.,.,.,.,.,.,.,.,.,.,.
2024,4,19,5,.,.,.,.,.,.,.,.,.,.,.,.,.
2024,4,19,6,.,.,.,.,.,.,.,.,.,.,.,.,.
2024,4,19,7,.,.,.,.,.,.,.,.,.,.,.,.,.
2024,4,19,8,.,.,.,.,.,.,.,.,.,.,.,.,.
2024,4,19,9,.,.,.,.,.,.,.,.,.,.,.,.,.
2024,4,19,10,.,.,.,.,.,.,.,.,.,.,.,.,.
2024,4,19,11,.,.,.,.,.,.,.,.,.,.,.,.,.
2024,4,19,12,.,.,.,.,.,.,.,.,.,.,.,.,.
2024,4,19,13,.,.,.,.,.,.,.,.,.,.,.,.,.
2024,4,19,14,.,.,.,.,.,.,.,.,.,.,.,.,.
2024,4,19,15,.,.,.,.,.,.,.,.,.,.,.,.,.
2024,4,19,16,.,.,.,.,.,.,.,.,.,.,.,.,.
2024,4,19,17,.,.,.,.,.,.,.,.,.,.,.,.,.
2024,4,19,18,.,.,.,.,.,.,.,.,.,.,.,.,.
2024,4,19,19,.,.,.,.,.,.,.,.,.,.,.,.,.
2024,4,19,20,.,.,.,.,.,.,.,.,.,.,.,.,.
2024,4,19,21,.,.,.,.,.,.,.,.,.,.,.,.,.
2024,4,19,22,.,.,.,.,.,.,.,.,.,.,.,.,.
2024,4,19,23,.,.,.,.,.,.,.,.,.,.,.,.,.
2024,4,19,24,.,.,.,.,.,.,.,.,.,.,.,.,.
2024,4,19,25,.,.,.,.,.,.,.,.,.,.,.,.,.
2024,4,19,26,.,.,.,.,.,.,.,.,.,.,.,.,.
2024,4,19,27,.,.,.,.,.,.,.,.,.,.,.,.,.
2024,4,19,28,.,.,.,.,.,.,.,.,.,.,.,.,.
2024,4,19,29,.,.,.,.,.,.,.,.,.,.,.,.,.
2024,4,19,30,.,.,.,.,.,.,.,.,.,.,.,.,.
2024,4,19,31,.,.,.,.,.,.,.,.,.,.,.,.,.
2024,4,19,32,.,.,.,.,.,.,.,.,.,.,.,.,.
2024,4,19,33,.,.,.,.,.,.,.,.,.,.,.,.,.
2024,4,19,34,.,.,.,.,.,.,.,.,.,.,.,.,.
2024,4,19,35,.,.,.,.,.,.,.,.,.,.,.,.,.
2024,4,19,36,.,.,.,.,.,.,.,.,.,.,.,.,.
2024,4,19,37,.,.,.,.,.,.,.,.,.,.,.,.,.
2024,4,19,38,.,.,.,.,.,.,.,.,.,.,.,.,.
2024,4,19,39,.,.,.,.,.,.,.,.,.,.,.,.,.
2024,4,19,40,.,.,.,.,.,.,.,.,.,.,.,.,.
2024,4,19,41,.,.,.,.,.,.,.,.,.,.,.,.,.
2024,4,19,42,.,.,.,.,.,.,.,.,.,.,.,.,.
2024,4,19,43,.,.,.,.,.,.,.,.,.,.,.,.,.
2024,4,19,44,.,.,.,.,.,.,.,.,.,.,.,.,.
2024,4,19,45,.,.,.,.,.,.,.,.,.,.,.,.,.
2024,4,19,46,.,.,.,.,.,.,.,.,.,.,.,.,.
2024,4,19,47,.,.,.,.,.,.,.,.,.,.,.,.,.
2024,4,19,48,.,.,.,.,.,.,.,.,.,.,.,.,.
2024,4,19,49,.,.,.,.,.,.,.,.,.,.,.,.,.
2024,4,19,50,.,.,.,.,.,.,.,.,.,.,.,.,.
2024,4,19,51,.,.,.,.,.,.,.,.,.,.,.,.,.
2024,4,19,52,.,.,.,.,.,.,.,.,.,.,.,.,.
2024,4,19,53,.,.,.,.,.,.,.,.,.,.,.,.,.
2024,4,26,1,.,.,.,.,.,.,.,.,.,.,.,.,.
2024,4,26,2,.,.,.,.,.,.,.,.,.,.,.,.,.
2024,4,26,3,.,.,.,.,.,.,.,.,.,.,.,.,.
2024,4,26,4,.,.,.,.,.,.,.,.,.,.,.,.,.
2024,4,26,5,.,.,.,.,.,.,.,.,.,.,.,.,.
2024,4,26,6,.,.,.,.,.,.,.,.,.,.,.,.,.
2024,4,26,7,.,.,.,.,.,.,.,.,.,.,.,.,.
2024,4,26,8,.,.,.,.,.,.,.,.,.,.,.,.,.
2024,4,26,9,.,.,.,.,.,.,.,.,.,.,.,.,.
2024,4,26,10,.,.,.,.,.,.,.,.,.,.,.,.,.
2024,4,26,11,.,.,.,.,.,.,.,.,.,.,.,.,.
2024,4,26,12,.,.,.,.,.,.,.,.,.,.,.,.,.
2024,4,26,13,.,.,.,.,.,.,.,.,.,.,.,.,.
2024,4,26,14,.,.,.,.,.,.,.,.,.,.,.,.,.
2024,4,26,15,.,.,.,.,.,.,.,.,.,.,.,.,.
2024,4,26,16,.,.,.,.,.,.,.,.,.,.,.,.,.
2024,4,26,17,.,.,.,.,.,.,.,.,.,.,.,.,.
2024,4,26,18,.,.,.,.,.,.,.,.,.,.,.,.,.
2024,4,26,19,.,.,.,.,.,.,.,.,.,.,.,.,.
2024,4,26,20,.,.,.,.,.,.,.,.,.,.,.,.,.
2024,4,26,21,.,.,.,.,.,.,.,.,.,.,.,.,.
2024,4,26,22,.,.,.,.,.,.,.,.,.,.,.,.,.
2024,4,26,23,.,.,.,.,.,.,.,.,.,.,.,.,.
2024,4,26,24,.,.,.,.,.,.,.,.,.,.,.,.,.
2024,4,26,25,.,.,.,.,.,.,.,.,.,.,.,.,.
2024,4,26,26,.,.,.,.,.,.,.,.,.,.,.,.,.
2024,4,26,27,.,.,.,.,.,.,.,.,.,.,.,.,.
2024,4,26,28,.,.,.,.,.,.,.,.,.,.,.,.,.
2024,4,26,29,.,.,.,.,.,.,.,.,.,.,.,.,.
2024,4,26,30,.,.,.,.,.,.,.,.,.,.,.,.,.
2024,4,26,31,.,.,.,.,.,.,.,.,.,.,.,.,.
2024,4,26,32,.,.,.,.,.,.,.,.,.,.,.,.,.
2024,4,26,33,.,.,.,.,.,.,.,.,.,.,.,.,.
2024,4,26,34,.,.,.,.,.,.,.,.,.,.,.,.,.
2024,4,26,35,.,.,.,.,.,.,.,.,.,.,.,.,.
2024,4,26,36,.,.,.,.,.,.,.,.,.,.,.,.,.
2024,4,26,37,.,.,.,.,.,.,.,.,.,.,.,.,.
2024,4,26,38,.,.,.,.,.,.,.,.,.,.,.,.,.
2024,4,26,39,.,.,.,.,.,.,.,.,.,.,.,.,.
2024,4,26,40,.,.,.,.,.,.,.,.,.,.,.,.,.
2024,4,26,41,.,.,.,.,.,.,.,.,.,.,.,.,.
2024,4,26,42,.,.,.,.,.,.,.,.,.,.,.,.,.
2024,4,26,43,.,.,.,.,.,.,.,.,.,.,.,.,.
2024,4,26,44,.,.,.,.,.,.,.,.,.,.,.,.,.
2024,4,26,45,.,.,.,.,.,.,.,.,.,.,.,.,.
2024,4,26,46,.,.,.,.,.,.,.,.,.,.,.,.,.
2024,4,26,47,.,.,.,.,.,.,.,.,.,.,.,.,.
2024,4,26,48,.,.,.,.,.,.,.,.,.,.,.,.,.
2024,4,26,49,.,.,.,.,.,.,.,.,.,.,.,.,.
2024,4,26,50,.,.,.,.,.,.,.,.,.,.,.,.,.
2024,4,26,51,.,.,.,.,.,.,.,.,.,.,.,.,.
2024,4,26,52,.,.,.,.,.,.,.,.,.,.,.,.,.
2024,4,26,53,.,.,.,.,.,.,.,.,.,.,.,.,.
2024,5,3,1,.,.,.,.,.,.,.,.,.,.,.,.,.
2024,5,3,2,.,.,.,.,.,.,.,.,.,.,.,.,.
2024,5,3,3,.,.,.,.,.,.,.,.,.,.,.,.,.
2024,5,3,4,.,.,.,.,.,.,.,.,.,.,.,.,.
2024,5,3,5,.,.,.,.,.,.,.,.,.,.,.,.,.
2024,5,3,6,.,.,.,.,.,.,.,.,.,.,.,.,.
2024,5,3,7,.,.,.,.,.,.,.,.,.,.,.,.,.
2024,5,3,8,.,.,.,.,.,.,.,.,.,.,.,.,.
2024,5,3,9,.,.,.,.,.,.,.,.,.,.,.,.,.
2024,5,3,10,.,.,.,.,.,.,.,.,.,.,.,.,.
2024,5,3,11,.,.,.,.,.,.,.,.,.,.,.,.,.
2024,5,3,12,.,.,.,.,.,.,.,.,.,.,.,.,.
2024,5,3,13,.,.,.,.,.,.,.,.,.,.,.,.,.
2024,5,3,14,.,.,.,.,.,.,.,.,.,.,.,.,.
2024,5,3,15,.,.,.,.,.,.,.,.,.,.,.,.,.
2024,5,3,16,.,.,.,.,.,.,.,.,.,.,.,.,.
2024,5,3,17,.,.,.,.,.,.,.,.,.,.,.,.,.
2024,5,3,18,.,.,.,.,.,.,.,.,.,.,.,.,.
2024,5,3,19,.,.,.,.,.,.,.,.,.,.,.,.,.
2024,5,3,20,.,.,.,.,.,.,.,.,.,.,.,.,.
2024,5,3,21,.,.,.,.,.,.,.,.,.,.,.,.,.
2024,5,3,22,.,.,.,.,.,.,.,.,.,.,.,.,.
2024,5,3,23,.,.,.,.,.,.,.,.,.,.,.,.,.
2024,5,3,24,.,.,.,.,.,.,.,.,.,.,.,.,.
2024,5,3,25,.,.,.,.,.,.,.,.,.,.,.,.,.
2024,5,3,26,.,.,.,.,.,.,.,.,.,.,.,.,.
2024,5,3,27,.,.,.,.,.,.,.,.,.,.,.,.,.
2024,5,3,28,.,.,.,.,.,.,.,.,.,.,.,.,.
2024,5,3,29,.,.,.,.,.,.,.,.,.,.,.,.,.
2024,5,3,30,.,.,.,.,.,.,.,.,.,.,.,.,.
2024,5,3,31,.,.,.,.,.,.,.,.,.,.,.,.,.
2024,5,3,32,.,.,.,.,.,.,.,.,.,.,.,.,.
2024,5,3,33,.,.,.,.,.,.,.,.,.,.,.,.,.
2024,5,3,34,.,.,.,.,.,.,.,.,.,.,.,.,.
2024,5,3,35,.,.,.,.,.,.,.,.,.,.,.,.,.
2024,5,3,36,.,.,.,.,.,.,.,.,.,.,.,.,.
2024,5,3,37,.,.,.,.,.,.,.,.,.,.,.,.,.
2024,5,3,38,.,.,.,.,.,.,.,.,.,.,.,.,.
2024,5,3,39,.,.,.,.,.,.,.,.,.,.,.,.,.
2024,5,3,40,.,.,.,.,.,.,.,.,.,.,.,.,.
2024,5,3,41,.,.,.,.,.,.,.,.,.,.,.,.,.
2024,5,3,42,.,.,.,.,.,.,.,.,.,.,.,.,.
2024,5,3,43,.,.,.,.,.,.,.,.,.,.,.,.,.
2024,5,3,44,.,.,.,.,.,.,.,.,.,.,.,.,.
2024,5,3,45,.,.,.,.,.,.,.,.,.,.,.,.,.
2024,5,3,46,.,.,.,.,.,.,.,.,.,.,.,.,.
2024,5,3,47,.,.,.,.,.,.,.,.,.,.,.,.,.
2024,5,3,48,.,.,.,.,.,.,.,.,.,.,.,.,.
2024,5,3,49,.,.,.,.,.,.,.,.,.,.,.,.,.
2024,5,3,50,.,.,.,.,.,.,.,.,.,.,.,.,.
2024,5,3,51,.,.,.,.,.,.,.,.,.,.,.,.,.
2024,5,3,52,.,.,.,.,.,.,.,.,.,.,.,.,.
2024,5,3,53,.,.,.,.,.,.,.,.,.,.,.,.,.
2024,5,10,1,.,.,.,.,.,.,.,.,.,.,.,.,.
2024,5,10,2,.,.,.,.,.,.,.,.,.,.,.,.,.
2024,5,10,3,.,.,.,.,.,.,.,.,.,.,.,.,.
2024,5,10,4,.,.,.,.,.,.,.,.,.,.,.,.,.
2024,5,10,5,.,.,.,.,.,.,.,.,.,.,.,.,.
2024,5,10,6,.,.,.,.,.,.,.,.,.,.,.,.,.
2024,5,10,7,.,.,.,.,.,.,.,.,.,.,.,.,.
2024,5,10,8,.,.,.,.,.,.,.,.,.,.,.,.,.
2024,5,10,9,.,.,.,.,.,.,.,.,.,.,.,.,.
2024,5,10,10,.,.,.,.,.,.,.,.,.,.,.,.,.
2024,5,10,11,.,.,.,.,.,.,.,.,.,.,.,.,.
2024,5,10,12,.,.,.,.,.,.,.,.,.,.,.,.,.
2024,5,10,13,.,.,.,.,.,.,.,.,.,.,.,.,.
2024,5,10,14,.,.,.,.,.,.,.,.,.,.,.,.,.
2024,5,10,15,.,.,.,.,.,.,.,.,.,.,.,.,.
2024,5,10,16,.,.,.,.,.,.,.,.,.,.,.,.,.
2024,5,10,17,.,.,.,.,.,.,.,.,.,.,.,.,.
2024,5,10,18,.,.,.,.,.,.,.,.,.,.,.,.,.
2024,5,10,19,.,.,.,.,.,.,.,.,.,.,.,.,.
2024,5,10,20,.,.,.,.,.,.,.,.,.,.,.,.,.
2024,5,10,21,.,.,.,.,.,.,.,.,.,.,.,.,.
2024,5,10,22,.,.,.,.,.,.,.,.,.,.,.,.,.
2024,5,10,23,.,.,.,.,.,.,.,.,.,.,.,.,.
2024,5,10,24,.,.,.,.,.,.,.,.,.,.,.,.,.
2024,5,10,25,.,.,.,.,.,.,.,.,.,.,.,.,.
2024,5,10,26,.,.,.,.,.,.,.,.,.,.,.,.,.
2024,5,10,27,.,.,.,.,.,.,.,.,.,.,.,.,.
2024,5,10,28,.,.,.,.,.,.,.,.,.,.,.,.,.
2024,5,10,29,.,.,.,.,.,.,.,.,.,.,.,.,.
2024,5,10,30,.,.,.,.,.,.,.,.,.,.,.,.,.
2024,5,10,31,.,.,.,.,.,.,.,.,.,.,.,.,.
2024,5,10,32,.,.,.,.,.,.,.,.,.,.,.,.,.
2024,5,10,33,.,.,.,.,.,.,.,.,.,.,.,.,.
2024,5,10,34,.,.,.,.,.,.,.,.,.,.,.,.,.
2024,5,10,35,.,.,.,.,.,.,.,.,.,.,.,.,.
2024,5,10,36,.,.,.,.,.,.,.,.,.,.,.,.,.
2024,5,10,37,.,.,.,.,.,.,.,.,.,.,.,.,.
2024,5,10,38,.,.,.,.,.,.,.,.,.,.,.,.,.
2024,5,10,39,.,.,.,.,.,.,.,.,.,.,.,.,.
2024,5,10,40,.,.,.,.,.,.,.,.,.,.,.,.,.
2024,5,10,41,.,.,.,.,.,.,.,.,.,.,.,.,.
2024,5,10,42,.,.,.,.,.,.,.,.,.,.,.,.,.
2024,5,10,43,.,.,.,.,.,.,.,.,.,.,.,.,.
2024,5,10,44,.,.,.,.,.,.,.,.,.,.,.,.,.
2024,5,10,45,.,.,.,.,.,.,.,.,.,.,.,.,.
2024,5,10,46,.,.,.,.,.,.,.,.,.,.,.,.,.
2024,5,10,47,.,.,.,.,.,.,.,.,.,.,.,.,.
2024,5,10,48,.,.,.,.,.,.,.,.,.,.,.,.,.
2024,5,10,49,.,.,.,.,.,.,.,.,.,.,.,.,.
2024,5,10,50,.,.,.,.,.,.,.,.,.,.,.,.,.
2024,5,10,51,.,.,.,.,.,.,.,.,.,.,.,.,.
2024,5,10,52,.,.,.,.,.,.,.,.,.,.,.,.,.
2024,5,10,53,.,.,.,.,.,.,.,.,.,.,.,.,.
2024,5,17,1,.,.,.,.,.,.,.,.,.,.,.,.,.
2024,5,17,2,.,.,.,.,.,.,.,.,.,.,.,.,.
2024,5,17,3,.,.,.,.,.,.,.,.,.,.,.,.,.
2024,5,17,4,.,.,.,.,.,.,.,.,.,.,.,.,.
2024,5,17,5,.,.,.,.,.,.,.,.,.,.,.,.,.
2024,5,17,6,.,.,.,.,.,.,.,.,.,.,.,.,.
2024,5,17,7,.,.,.,.,.,.,.,.,.,.,.,.,.
2024,5,17,8,.,.,.,.,.,.,.,.,.,.,.,.,.
2024,5,17,9,.,.,.,.,.,.,.,.,.,.,.,.,.
2024,5,17,10,.,.,.,.,.,.,.,.,.,.,.,.,.
2024,5,17,11,.,.,.,.,.,.,.,.,.,.,.,.,.
2024,5,17,12,.,.,.,.,.,.,.,.,.,.,.,.,.
2024,5,17,13,.,.,.,.,.,.,.,.,.,.,.,.,.
2024,5,17,14,.,.,.,.,.,.,.,.,.,.,.,.,.
2024,5,17,15,.,.,.,.,.,.,.,.,.,.,.,.,.
2024,5,17,16,.,.,.,.,.,.,.,.,.,.,.,.,.
2024,5,17,17,.,.,.,.,.,.,.,.,.,.,.,.,.
2024,5,17,18,.,.,.,.,.,.,.,.,.,.,.,.,.
2024,5,17,19,.,.,.,.,.,.,.,.,.,.,.,.,.
2024,5,17,20,.,.,.,.,.,.,.,.,.,.,.,.,.
2024,5,17,21,.,.,.,.,.,.,.,.,.,.,.,.,.
2024,5,17,22,.,.,.,.,.,.,.,.,.,.,.,.,.
2024,5,17,23,.,.,.,.,.,.,.,.,.,.,.,.,.
2024,5,17,24,.,.,.,.,.,.,.,.,.,.,.,.,.
2024,5,17,25,.,.,.,.,.,.,.,.,.,.,.,.,.
2024,5,17,26,.,.,.,.,.,.,.,.,.,.,.,.,.
2024,5,17,27,.,.,.,.,.,.,.,.,.,.,.,.,.
2024,5,17,28,.,.,.,.,.,.,.,.,.,.,.,.,.
2024,5,17,29,.,.,.,.,.,.,.,.,.,.,.,.,.
2024,5,17,30,.,.,.,.,.,.,.,.,.,.,.,.,.
2024,5,17,31,.,.,.,.,.,.,.,.,.,.,.,.,.
2024,5,17,32,.,.,.,.,.,.,.,.,.,.,.,.,.
2024,5,17,33,.,.,.,.,.,.,.,.,.,.,.,.,.
2024,5,17,34,.,.,.,.,.,.,.,.,.,.,.,.,.
2024,5,17,35,.,.,.,.,.,.,.,.,.,.,.,.,.
2024,5,17,36,.,.,.,.,.,.,.,.,.,.,.,.,.
2024,5,17,37,.,.,.,.,.,.,.,.,.,.,.,.,.
2024,5,17,38,.,.,.,.,.,.,.,.,.,.,.,.,.
2024,5,17,39,.,.,.,.,.,.,.,.,.,.,.,.,.
2024,5,17,40,.,.,.,.,.,.,.,.,.,.,.,.,.
2024,5,17,41,.,.,.,.,.,.,.,.,.,.,.,.,.
2024,5,17,42,.,.,.,.,.,.,.,.,.,.,.,.,.
2024,5,17,43,.,.,.,.,.,.,.,.,.,.,.,.,.
2024,5,17,44,.,.,.,.,.,.,.,.,.,.,.,.,.
2024,5,17,45,.,.,.,.,.,.,.,.,.,.,.,.,.
2024,5,17,46,.,.,.,.,.,.,.,.,.,.,.,.,.
2024,5,17,47,.,.,.,.,.,.,.,.,.,.,.,.,.
2024,5,17,48,.,.,.,.,.,.,.,.,.,.,.,.,.
2024,5,17,49,.,.,.,.,.,.,.,.,.,.,.,.,.
2024,5,17,50,.,.,.,.,.,.,.,.,.,.,.,.,.
2024,5,17,51,.,.,.,.,.,.,.,.,.,.,.,.,.
2024,5,17,52,.,.,.,.,.,.,.,.,.,.,.,.,.
2024,5,17,53,.,.,.,.,.,.,.,.,.,.,.,.,.
2024,5,24,1,.,.,.,.,.,.,.,.,.,.,.,.,.
2024,5,24,2,.,.,.,.,.,.,.,.,.,.,.,.,.
2024,5,24,3,.,.,.,.,.,.,.,.,.,.,.,.,.
2024,5,24,4,.,.,.,.,.,.,.,.,.,.,.,.,.
2024,5,24,5,.,.,.,.,.,.,.,.,.,.,.,.,.
2024,5,24,6,.,.,.,.,.,.,.,.,.,.,.,.,.
2024,5,24,7,.,.,.,.,.,.,.,.,.,.,.,.,.
2024,5,24,8,.,.,.,.,.,.,.,.,.,.,.,.,.
2024,5,24,9,.,.,.,.,.,.,.,.,.,.,.,.,.
2024,5,24,10,.,.,.,.,.,.,.,.,.,.,.,.,.
2024,5,24,11,.,.,.,.,.,.,.,.,.,.,.,.,.
2024,5,24,12,.,.,.,.,.,.,.,.,.,.,.,.,.
2024,5,24,13,.,.,.,.,.,.,.,.,.,.,.,.,.
2024,5,24,14,.,.,.,.,.,.,.,.,.,.,.,.,.
2024,5,24,15,.,.,.,.,.,.,.,.,.,.,.,.,.
2024,5,24,16,.,.,.,.,.,.,.,.,.,.,.,.,.
2024,5,24,17,.,.,.,.,.,.,.,.,.,.,.,.,.
2024,5,24,18,.,.,.,.,.,.,.,.,.,.,.,.,.
2024,5,24,19,.,.,.,.,.,.,.,.,.,.,.,.,.
2024,5,24,20,.,.,.,.,.,.,.,.,.,.,.,.,.
2024,5,24,21,.,.,.,.,.,.,.,.,.,.,.,.,.
2024,5,24,22,.,.,.,.,.,.,.,.,.,.,.,.,.
2024,5,24,23,.,.,.,.,.,.,.,.,.,.,.,.,.
2024,5,24,24,.,.,.,.,.,.,.,.,.,.,.,.,.
2024,5,24,25,.,.,.,.,.,.,.,.,.,.,.,.,.
2024,5,24,26,.,.,.,.,.,.,.,.,.,.,.,.,.
2024,5,24,27,.,.,.,.,.,.,.,.,.,.,.,.,.
2024,5,24,28,.,.,.,.,.,.,.,.,.,.,.,.,.
2024,5,24,29,.,.,.,.,.,.,.,.,.,.,.,.,.
2024,5,24,30,.,.,.,.,.,.,.,.,.,.,.,.,.
2024,5,24,31,.,.,.,.,.,.,.,.,.,.,.,.,.
2024,5,24,32,.,.,.,.,.,.,.,.,.,.,.,.,.
2024,5,24,33,.,.,.,.,.,.,.,.,.,.,.,.,.
2024,5,24,34,.,.,.,.,.,.,.,.,.,.,.,.,.
2024,5,24,35,.,.,.,.,.,.,.,.,.,.,.,.,.
2024,5,24,36,.,.,.,.,.,.,.,.,.,.,.,.,.
2024,5,24,37,.,.,.,.,.,.,.,.,.,.,.,.,.
2024,5,24,38,.,.,.,.,.,.,.,.,.,.,.,.,.
2024,5,24,39,.,.,.,.,.,.,.,.,.,.,.,.,.
2024,5,24,40,.,.,.,.,.,.,.,.,.,.,.,.,.
2024,5,24,41,.,.,.,.,.,.,.,.,.,.,.,.,.
2024,5,24,42,.,.,.,.,.,.,.,.,.,.,.,.,.
2024,5,24,43,.,.,.,.,.,.,.,.,.,.,.,.,.
2024,5,24,44,.,.,.,.,.,.,.,.,.,.,.,.,.
2024,5,24,45,.,.,.,.,.,.,.,.,.,.,.,.,.
2024,5,24,46,.,.,.,.,.,.,.,.,.,.,.,.,.
2024,5,24,47,.,.,.,.,.,.,.,.,.,.,.,.,.
2024,5,24,48,.,.,.,.,.,.,.,.,.,.,.,.,.
2024,5,24,49,.,.,.,.,.,.,.,.,.,.,.,.,.
2024,5,24,50,.,.,.,.,.,.,.,.,.,.,.,.,.
2024,5,24,51,.,.,.,.,.,.,.,.,.,.,.,.,.
2024,5,24,52,.,.,.,.,.,.,.,.,.,.,.,.,.
2024,5,24,53,.,.,.,.,.,.,.,.,.,.,.,.,.
2024,5,31,1,.,.,.,.,.,.,.,.,.,.,.,.,.
2024,5,31,2,.,.,.,.,.,.,.,.,.,.,.,.,.
2024,5,31,3,.,.,.,.,.,.,.,.,.,.,.,.,.
2024,5,31,4,.,.,.,.,.,.,.,.,.,.,.,.,.
2024,5,31,5,.,.,.,.,.,.,.,.,.,.,.,.,.
2024,5,31,6,.,.,.,.,.,.,.,.,.,.,.,.,.
2024,5,31,7,.,.,.,.,.,.,.,.,.,.,.,.,.
2024,5,31,8,.,.,.,.,.,.,.,.,.,.,.,.,.
2024,5,31,9,.,.,.,.,.,.,.,.,.,.,.,.,.
2024,5,31,10,.,.,.,.,.,.,.,.,.,.,.,.,.
2024,5,31,11,.,.,.,.,.,.,.,.,.,.,.,.,.
2024,5,31,12,.,.,.,.,.,.,.,.,.,.,.,.,.
2024,5,31,13,.,.,.,.,.,.,.,.,.,.,.,.,.
2024,5,31,14,.,.,.,.,.,.,.,.,.,.,.,.,.
2024,5,31,15,.,.,.,.,.,.,.,.,.,.,.,.,.
2024,5,31,16,.,.,.,.,.,.,.,.,.,.,.,.,.
2024,5,31,17,.,.,.,.,.,.,.,.,.,.,.,.,.
2024,5,31,18,.,.,.,.,.,.,.,.,.,.,.,.,.
2024,5,31,19,.,.,.,.,.,.,.,.,.,.,.,.,.
2024,5,31,20,.,.,.,.,.,.,.,.,.,.,.,.,.
2024,5,31,21,.,.,.,.,.,.,.,.,.,.,.,.,.
2024,5,31,22,.,.,.,.,.,.,.,.,.,.,.,.,.
2024,5,31,23,.,.,.,.,.,.,.,.,.,.,.,.,.
2024,5,31,24,.,.,.,.,.,.,.,.,.,.,.,.,.
2024,5,31,25,.,.,.,.,.,.,.,.,.,.,.,.,.
2024,5,31,26,.,.,.,.,.,.,.,.,.,.,.,.,.
2024,5,31,27,.,.,.,.,.,.,.,.,.,.,.,.,.
2024,5,31,28,.,.,.,.,.,.,.,.,.,.,.,.,.
2024,5,31,29,.,.,.,.,.,.,.,.,.,.,.,.,.
2024,5,31,30,.,.,.,.,.,.,.,.,.,.,.,.,.
2024,5,31,31,.,.,.,.,.,.,.,.,.,.,.,.,.
2024,5,31,32,.,.,.,.,.,.,.,.,.,.,.,.,.
2024,5,31,33,.,.,.,.,.,.,.,.,.,.,.,.,.
2024,5,31,34,.,.,.,.,.,.,.,.,.,.,.,.,.
2024,5,31,35,.,.,.,.,.,.,.,.,.,.,.,.,.
2024,5,31,36,.,.,.,.,.,.,.,.,.,.,.,.,.
2024,5,31,37,.,.,.,.,.,.,.,.,.,.,.,.,.
2024,5,31,38,.,.,.,.,.,.,.,.,.,.,.,.,.
2024,5,31,39,.,.,.,.,.,.,.,.,.,.,.,.,.
2024,5,31,40,.,.,.,.,.,.,.,.,.,.,.,.,.
2024,5,31,41,.,.,.,.,.,.,.,.,.,.,.,.,.
2024,5,31,42,.,.,.,.,.,.,.,.,.,.,.,.,.
2024,5,31,43,.,.,.,.,.,.,.,.,.,.,.,.,.
2024,5,31,44,.,.,.,.,.,.,.,.,.,.,.,.,.
2024,5,31,45,.,.,.,.,.,.,.,.,.,.,.,.,.
2024,5,31,46,.,.,.,.,.,.,.,.,.,.,.,.,.
2024,5,31,47,.,.,.,.,.,.,.,.,.,.,.,.,.
2024,5,31,48,.,.,.,.,.,.,.,.,.,.,.,.,.
2024,5,31,49,.,.,.,.,.,.,.,.,.,.,.,.,.
2024,5,31,50,.,.,.,.,.,.,.,.,.,.,.,.,.
2024,5,31,51,.,.,.,.,.,.,.,.,.,.,.,.,.
2024,5,31,52,.,.,.,.,.,.,.,.,.,.,.,.,.
2024,5,31,53,.,.,.,.,.,.,.,.,.,.,.,.,.
2024,6,7,1,.,.,.,.,.,.,.,.,.,.,.,.,.
2024,6,7,2,.,.,.,.,.,.,.,.,.,.,.,.,.
2024,6,7,3,.,.,.,.,.,.,.,.,.,.,.,.,.
2024,6,7,4,.,.,.,.,.,.,.,.,.,.,.,.,.
2024,6,7,5,.,.,.,.,.,.,.,.,.,.,.,.,.
2024,6,7,6,.,.,.,.,.,.,.,.,.,.,.,.,.
2024,6,7,7,.,.,.,.,.,.,.,.,.,.,.,.,.
2024,6,7,8,.,.,.,.,.,.,.,.,.,.,.,.,.
2024,6,7,9,.,.,.,.,.,.,.,.,.,.,.,.,.
2024,6,7,10,.,.,.,.,.,.,.,.,.,.,.,.,.
2024,6,7,11,.,.,.,.,.,.,.,.,.,.,.,.,.
2024,6,7,12,.,.,.,.,.,.,.,.,.,.,.,.,.
2024,6,7,13,.,.,.,.,.,.,.,.,.,.,.,.,.
2024,6,7,14,.,.,.,.,.,.,.,.,.,.,.,.,.
2024,6,7,15,.,.,.,.,.,.,.,.,.,.,.,.,.
2024,6,7,16,.,.,.,.,.,.,.,.,.,.,.,.,.
2024,6,7,17,.,.,.,.,.,.,.,.,.,.,.,.,.
2024,6,7,18,.,.,.,.,.,.,.,.,.,.,.,.,.
2024,6,7,19,.,.,.,.,.,.,.,.,.,.,.,.,.
2024,6,7,20,.,.,.,.,.,.,.,.,.,.,.,.,.
2024,6,7,21,.,.,.,.,.,.,.,.,.,.,.,.,.
2024,6,7,22,.,.,.,.,.,.,.,.,.,.,.,.,.
2024,6,7,23,.,.,.,.,.,.,.,.,.,.,.,.,.
2024,6,7,24,.,.,.,.,.,.,.,.,.,.,.,.,.
2024,6,7,25,.,.,.,.,.,.,.,.,.,.,.,.,.
2024,6,7,26,.,.,.,.,.,.,.,.,.,.,.,.,.
2024,6,7,27,.,.,.,.,.,.,.,.,.,.,.,.,.
2024,6,7,28,.,.,.,.,.,.,.,.,.,.,.,.,.
2024,6,7,29,.,.,.,.,.,.,.,.,.,.,.,.,.
2024,6,7,30,.,.,.,.,.,.,.,.,.,.,.,.,.
2024,6,7,31,.,.,.,.,.,.,.,.,.,.,.,.,.
2024,6,7,32,.,.,.,.,.,.,.,.,.,.,.,.,.
2024,6,7,33,.,.,.,.,.,.,.,.,.,.,.,.,.
2024,6,7,34,.,.,.,.,.,.,.,.,.,.,.,.,.
2024,6,7,35,.,.,.,.,.,.,.,.,.,.,.,.,.
2024,6,7,36,.,.,.,.,.,.,.,.,.,.,.,.,.
2024,6,7,37,.,.,.,.,.,.,.,.,.,.,.,.,.
2024,6,7,38,.,.,.,.,.,.,.,.,.,.,.,.,.
2024,6,7,39,.,.,.,.,.,.,.,.,.,.,.,.,.
2024,6,7,40,.,.,.,.,.,.,.,.,.,.,.,.,.
2024,6,7,41,.,.,.,.,.,.,.,.,.,.,.,.,.
2024,6,7,42,.,.,.,.,.,.,.,.,.,.,.,.,.
2024,6,7,43,.,.,.,.,.,.,.,.,.,.,.,.,.
2024,6,7,44,.,.,.,.,.,.,.,.,.,.,.,.,.
2024,6,7,45,.,.,.,.,.,.,.,.,.,.,.,.,.
2024,6,7,46,.,.,.,.,.,.,.,.,.,.,.,.,.
2024,6,7,47,.,.,.,.,.,.,.,.,.,.,.,.,.
2024,6,7,48,.,.,.,.,.,.,.,.,.,.,.,.,.
2024,6,7,49,.,.,.,.,.,.,.,.,.,.,.,.,.
2024,6,7,50,.,.,.,.,.,.,.,.,.,.,.,.,.
2024,6,7,51,.,.,.,.,.,.,.,.,.,.,.,.,.
2024,6,7,52,.,.,.,.,.,.,.,.,.,.,.,.,.
2024,6,7,53,.,.,.,.,.,.,.,.,.,.,.,.,.
2024,6,14,1,.,.,.,.,.,.,.,.,.,.,.,.,.
2024,6,14,2,.,.,.,.,.,.,.,.,.,.,.,.,.
2024,6,14,3,.,.,.,.,.,.,.,.,.,.,.,.,.
2024,6,14,4,.,.,.,.,.,.,.,.,.,.,.,.,.
2024,6,14,5,.,.,.,.,.,.,.,.,.,.,.,.,.
2024,6,14,6,.,.,.,.,.,.,.,.,.,.,.,.,.
2024,6,14,7,.,.,.,.,.,.,.,.,.,.,.,.,.
2024,6,14,8,.,.,.,.,.,.,.,.,.,.,.,.,.
2024,6,14,9,.,.,.,.,.,.,.,.,.,.,.,.,.
2024,6,14,10,.,.,.,.,.,.,.,.,.,.,.,.,.
2024,6,14,11,.,.,.,.,.,.,.,.,.,.,.,.,.
2024,6,14,12,.,.,.,.,.,.,.,.,.,.,.,.,.
2024,6,14,13,.,.,.,.,.,.,.,.,.,.,.,.,.
2024,6,14,14,.,.,.,.,.,.,.,.,.,.,.,.,.
2024,6,14,15,.,.,.,.,.,.,.,.,.,.,.,.,.
2024,6,14,16,.,.,.,.,.,.,.,.,.,.,.,.,.
2024,6,14,17,.,.,.,.,.,.,.,.,.,.,.,.,.
2024,6,14,18,.,.,.,.,.,.,.,.,.,.,.,.,.
2024,6,14,19,.,.,.,.,.,.,.,.,.,.,.,.,.
2024,6,14,20,.,.,.,.,.,.,.,.,.,.,.,.,.
2024,6,14,21,.,.,.,.,.,.,.,.,.,.,.,.,.
2024,6,14,22,.,.,.,.,.,.,.,.,.,.,.,.,.
2024,6,14,23,.,.,.,.,.,.,.,.,.,.,.,.,.
2024,6,14,24,.,.,.,.,.,.,.,.,.,.,.,.,.
2024,6,14,25,.,.,.,.,.,.,.,.,.,.,.,.,.
2024,6,14,26,.,.,.,.,.,.,.,.,.,.,.,.,.
2024,6,14,27,.,.,.,.,.,.,.,.,.,.,.,.,.
2024,6,14,28,.,.,.,.,.,.,.,.,.,.,.,.,.
2024,6,14,29,.,.,.,.,.,.,.,.,.,.,.,.,.
2024,6,14,30,.,.,.,.,.,.,.,.,.,.,.,.,.
2024,6,14,31,.,.,.,.,.,.,.,.,.,.,.,.,.
2024,6,14,32,.,.,.,.,.,.,.,.,.,.,.,.,.
2024,6,14,33,.,.,.,.,.,.,.,.,.,.,.,.,.
2024,6,14,34,.,.,.,.,.,.,.,.,.,.,.,.,.
2024,6,14,35,.,.,.,.,.,.,.,.,.,.,.,.,.
2024,6,14,36,.,.,.,.,.,.,.,.,.,.,.,.,.
2024,6,14,37,.,.,.,.,.,.,.,.,.,.,.,.,.
2024,6,14,38,.,.,.,.,.,.,.,.,.,.,.,.,.
2024,6,14,39,.,.,.,.,.,.,.,.,.,.,.,.,.
2024,6,14,40,.,.,.,.,.,.,.,.,.,.,.,.,.
2024,6,14,41,.,.,.,.,.,.,.,.,.,.,.,.,.
2024,6,14,42,.,.,.,.,.,.,.,.,.,.,.,.,.
2024,6,14,43,.,.,.,.,.,.,.,.,.,.,.,.,.
2024,6,14,44,.,.,.,.,.,.,.,.,.,.,.,.,.
2024,6,14,45,.,.,.,.,.,.,.,.,.,.,.,.,.
2024,6,14,46,.,.,.,.,.,.,.,.,.,.,.,.,.
2024,6,14,47,.,.,.,.,.,.,.,.,.,.,.,.,.
2024,6,14,48,.,.,.,.,.,.,.,.,.,.,.,.,.
2024,6,14,49,.,.,.,.,.,.,.,.,.,.,.,.,.
2024,6,14,50,.,.,.,.,.,.,.,.,.,.,.,.,.
2024,6,14,51,.,.,.,.,.,.,.,.,.,.,.,.,.
2024,6,14,52,.,.,.,.,.,.,.,.,.,.,.,.,.
2024,6,14,53,.,.,.,.,.,.,.,.,.,.,.,.,.
2024,6,21,1,.,.,.,.,.,.,.,.,.,.,.,.,.
2024,6,21,2,.,.,.,.,.,.,.,.,.,.,.,.,.
2024,6,21,3,.,.,.,.,.,.,.,.,.,.,.,.,.
2024,6,21,4,.,.,.,.,.,.,.,.,.,.,.,.,.
2024,6,21,5,.,.,.,.,.,.,.,.,.,.,.,.,.
2024,6,21,6,.,.,.,.,.,.,.,.,.,.,.,.,.
2024,6,21,7,.,.,.,.,.,.,.,.,.,.,.,.,.
2024,6,21,8,.,.,.,.,.,.,.,.,.,.,.,.,.
2024,6,21,9,.,.,.,.,.,.,.,.,.,.,.,.,.
2024,6,21,10,.,.,.,.,.,.,.,.,.,.,.,.,.
2024,6,21,11,.,.,.,.,.,.,.,.,.,.,.,.,.
2024,6,21,12,.,.,.,.,.,.,.,.,.,.,.,.,.
2024,6,21,13,.,.,.,.,.,.,.,.,.,.,.,.,.
2024,6,21,14,.,.,.,.,.,.,.,.,.,.,.,.,.
2024,6,21,15,.,.,.,.,.,.,.,.,.,.,.,.,.
2024,6,21,16,.,.,.,.,.,.,.,.,.,.,.,.,.
2024,6,21,17,.,.,.,.,.,.,.,.,.,.,.,.,.
2024,6,21,18,.,.,.,.,.,.,.,.,.,.,.,.,.
2024,6,21,19,.,.,.,.,.,.,.,.,.,.,.,.,.
2024,6,21,20,.,.,.,.,.,.,.,.,.,.,.,.,.
2024,6,21,21,.,.,.,.,.,.,.,.,.,.,.,.,.
2024,6,21,22,.,.,.,.,.,.,.,.,.,.,.,.,.
2024,6,21,23,.,.,.,.,.,.,.,.,.,.,.,.,.
2024,6,21,24,.,.,.,.,.,.,.,.,.,.,.,.,.
2024,6,21,25,.,.,.,.,.,.,.,.,.,.,.,.,.
2024,6,21,26,.,.,.,.,.,.,.,.,.,.,.,.,.
2024,6,21,27,.,.,.,.,.,.,.,.,.,.,.,.,.
2024,6,21,28,.,.,.,.,.,.,.,.,.,.,.,.,.
2024,6,21,29,.,.,.,.,.,.,.,.,.,.,.,.,.
2024,6,21,30,.,.,.,.,.,.,.,.,.,.,.,.,.
2024,6,21,31,.,.,.,.,.,.,.,.,.,.,.,.,.
2024,6,21,32,.,.,.,.,.,.,.,.,.,.,.,.,.
2024,6,21,33,.,.,.,.,.,.,.,.,.,.,.,.,.
2024,6,21,34,.,.,.,.,.,.,.,.,.,.,.,.,.
2024,6,21,35,.,.,.,.,.,.,.,.,.,.,.,.,.
2024,6,21,36,.,.,.,.,.,.,.,.,.,.,.,.,.
2024,6,21,37,.,.,.,.,.,.,.,.,.,.,.,.,.
2024,6,21,38,.,.,.,.,.,.,.,.,.,.,.,.,.
2024,6,21,39,.,.,.,.,.,.,.,.,.,.,.,.,.
2024,6,21,40,.,.,.,.,.,.,.,.,.,.,.,.,.
2024,6,21,41,.,.,.,.,.,.,.,.,.,.,.,.,.
2024,6,21,42,.,.,.,.,.,.,.,.,.,.,.,.,.
2024,6,21,43,.,.,.,.,.,.,.,.,.,.,.,.,.
2024,6,21,44,.,.,.,.,.,.,.,.,.,.,.,.,.
2024,6,21,45,.,.,.,.,.,.,.,.,.,.,.,.,.
2024,6,21,46,.,.,.,.,.,.,.,.,.,.,.,.,.
2024,6,21,47,.,.,.,.,.,.,.,.,.,.,.,.,.
2024,6,21,48,.,.,.,.,.,.,.,.,.,.,.,.,.
2024,6,21,49,.,.,.,.,.,.,.,.,.,.,.,.,.
2024,6,21,50,.,.,.,.,.,.,.,.,.,.,.,.,.
2024,6,21,51,.,.,.,.,.,.,.,.,.,.,.,.,.
2024,6,21,52,.,.,.,.,.,.,.,.,.,.,.,.,.
2024,6,21,53,.,.,.,.,.,.,.,.,.,.,.,.,.
2024,6,28,1,.,.,.,.,.,.,.,.,.,.,.,.,.
2024,6,28,2,.,.,.,.,.,.,.,.,.,.,.,.,.
2024,6,28,3,.,.,.,.,.,.,.,.,.,.,.,.,.
2024,6,28,4,.,.,.,.,.,.,.,.,.,.,.,.,.
2024,6,28,5,.,.,.,.,.,.,.,.,.,.,.,.,.
2024,6,28,6,.,.,.,.,.,.,.,.,.,.,.,.,.
2024,6,28,7,.,.,.,.,.,.,.,.,.,.,.,.,.
2024,6,28,8,.,.,.,.,.,.,.,.,.,.,.,.,.
2024,6,28,9,.,.,.,.,.,.,.,.,.,.,.,.,.
2024,6,28,10,.,.,.,.,.,.,.,.,.,.,.,.,.
2024,6,28,11,.,.,.,.,.,.,.,.,.,.,.,.,.
2024,6,28,12,.,.,.,.,.,.,.,.,.,.,.,.,.
2024,6,28,13,.,.,.,.,.,.,.,.,.,.,.,.,.
2024,6,28,14,.,.,.,.,.,.,.,.,.,.,.,.,.
2024,6,28,15,.,.,.,.,.,.,.,.,.,.,.,.,.
2024,6,28,16,.,.,.,.,.,.,.,.,.,.,.,.,.
2024,6,28,17,.,.,.,.,.,.,.,.,.,.,.,.,.
2024,6,28,18,.,.,.,.,.,.,.,.,.,.,.,.,.
2024,6,28,19,.,.,.,.,.,.,.,.,.,.,.,.,.
2024,6,28,20,.,.,.,.,.,.,.,.,.,.,.,.,.
2024,6,28,21,.,.,.,.,.,.,.,.,.,.,.,.,.
2024,6,28,22,.,.,.,.,.,.,.,.,.,.,.,.,.
2024,6,28,23,.,.,.,.,.,.,.,.,.,.,.,.,.
2024,6,28,24,.,.,.,.,.,.,.,.,.,.,.,.,.
2024,6,28,25,.,.,.,.,.,.,.,.,.,.,.,.,.
2024,6,28,26,.,.,.,.,.,.,.,.,.,.,.,.,.
2024,6,28,27,.,.,.,.,.,.,.,.,.,.,.,.,.
2024,6,28,28,.,.,.,.,.,.,.,.,.,.,.,.,.
2024,6,28,29,.,.,.,.,.,.,.,.,.,.,.,.,.
2024,6,28,30,.,.,.,.,.,.,.,.,.,.,.,.,.
2024,6,28,31,.,.,.,.,.,.,.,.,.,.,.,.,.
2024,6,28,32,.,.,.,.,.,.,.,.,.,.,.,.,.
2024,6,28,33,.,.,.,.,.,.,.,.,.,.,.,.,.
2024,6,28,34,.,.,.,.,.,.,.,.,.,.,.,.,.
2024,6,28,35,.,.,.,.,.,.,.,.,.,.,.,.,.
2024,6,28,36,.,.,.,.,.,.,.,.,.,.,.,.,.
2024,6,28,37,.,.,.,.,.,.,.,.,.,.,.,.,.
2024,6,28,38,.,.,.,.,.,.,.,.,.,.,.,.,.
2024,6,28,39,.,.,.,.,.,.,.,.,.,.,.,.,.
2024,6,28,40,.,.,.,.,.,.,.,.,.,.,.,.,.
2024,6,28,41,.,.,.,.,.,.,.,.,.,.,.,.,.
2024,6,28,42,.,.,.,.,.,.,.,.,.,.,.,.,.
2024,6,28,43,.,.,.,.,.,.,.,.,.,.,.,.,.
2024,6,28,44,.,.,.,.,.,.,.,.,.,.,.,.,.
2024,6,28,45,.,.,.,.,.,.,.,.,.,.,.,.,.
2024,6,28,46,.,.,.,.,.,.,.,.,.,.,.,.,.
2024,6,28,47,.,.,.,.,.,.,.,.,.,.,.,.,.
2024,6,28,48,.,.,.,.,.,.,.,.,.,.,.,.,.
2024,6,28,49,.,.,.,.,.,.,.,.,.,.,.,.,.
2024,6,28,50,.,.,.,.,.,.,.,.,.,.,.,.,.
2024,6,28,51,.,.,.,.,.,.,.,.,.,.,.,.,.
2024,6,28,52,.,.,.,.,.,.,.,.,.,.,.,.,.
2024,6,28,53,.,.,.,.,.,.,.,.,.,.,.,.,.
2024,7,5,1,.,.,.,.,.,.,.,.,.,.,.,.,.
2024,7,5,2,.,.,.,.,.,.,.,.,.,.,.,.,.
2024,7,5,3,.,.,.,.,.,.,.,.,.,.,.,.,.
2024,7,5,4,.,.,.,.,.,.,.,.,.,.,.,.,.
2024,7,5,5,.,.,.,.,.,.,.,.,.,.,.,.,.
2024,7,5,6,.,.,.,.,.,.,.,.,.,.,.,.,.
2024,7,5,7,.,.,.,.,.,.,.,.,.,.,.,.,.
2024,7,5,8,.,.,.,.,.,.,.,.,.,.,.,.,.
2024,7,5,9,.,.,.,.,.,.,.,.,.,.,.,.,.
2024,7,5,10,.,.,.,.,.,.,.,.,.,.,.,.,.
2024,7,5,11,.,.,.,.,.,.,.,.,.,.,.,.,.
2024,7,5,12,.,.,.,.,.,.,.,.,.,.,.,.,.
2024,7,5,13,.,.,.,.,.,.,.,.,.,.,.,.,.
2024,7,5,14,.,.,.,.,.,.,.,.,.,.,.,.,.
2024,7,5,15,.,.,.,.,.,.,.,.,.,.,.,.,.
2024,7,5,16,.,.,.,.,.,.,.,.,.,.,.,.,.
2024,7,5,17,.,.,.,.,.,.,.,.,.,.,.,.,.
2024,7,5,18,.,.,.,.,.,.,.,.,.,.,.,.,.
2024,7,5,19,.,.,.,.,.,.,.,.,.,.,.,.,.
2024,7,5,20,.,.,.,.,.,.,.,.,.,.,.,.,.
2024,7,5,21,.,.,.,.,.,.,.,.,.,.,.,.,.
2024,7,5,22,.,.,.,.,.,.,.,.,.,.,.,.,.
2024,7,5,23,.,.,.,.,.,.,.,.,.,.,.,.,.
2024,7,5,24,.,.,.,.,.,.,.,.,.,.,.,.,.
2024,7,5,25,.,.,.,.,.,.,.,.,.,.,.,.,.
2024,7,5,26,.,.,.,.,.,.,.,.,.,.,.,.,.
2024,7,5,27,.,.,.,.,.,.,.,.,.,.,.,.,.
2024,7,5,28,.,.,.,.,.,.,.,.,.,.,.,.,.
2024,7,5,29,.,.,.,.,.,.,.,.,.,.,.,.,.
2024,7,5,30,.,.,.,.,.,.,.,.,.,.,.,.,.
2024,7,5,31,.,.,.,.,.,.,.,.,.,.,.,.,.
2024,7,5,32,.,.,.,.,.,.,.,.,.,.,.,.,.
2024,7,5,33,.,.,.,.,.,.,.,.,.,.,.,.,.
2024,7,5,34,.,.,.,.,.,.,.,.,.,.,.,.,.
2024,7,5,35,.,.,.,.,.,.,.,.,.,.,.,.,.
2024,7,5,36,.,.,.,.,.,.,.,.,.,.,.,.,.
2024,7,5,37,.,.,.,.,.,.,.,.,.,.,.,.,.
2024,7,5,38,.,.,.,.,.,.,.,.,.,.,.,.,.
2024,7,5,39,.,.,.,.,.,.,.,.,.,.,.,.,.
2024,7,5,40,.,.,.,.,.,.,.,.,.,.,.,.,.
2024,7,5,41,.,.,.,.,.,.,.,.,.,.,.,.,.
2024,7,5,42,.,.,.,.,.,.,.,.,.,.,.,.,.
2024,7,5,43,.,.,.,.,.,.,.,.,.,.,.,.,.
2024,7,5,44,.,.,.,.,.,.,.,.,.,.,.,.,.
2024,7,5,45,.,.,.,.,.,.,.,.,.,.,.,.,.
2024,7,5,46,.,.,.,.,.,.,.,.,.,.,.,.,.
2024,7,5,47,.,.,.,.,.,.,.,.,.,.,.,.,.
2024,7,5,48,.,.,.,.,.,.,.,.,.,.,.,.,.
2024,7,5,49,.,.,.,.,.,.,.,.,.,.,.,.,.
2024,7,5,50,.,.,.,.,.,.,.,.,.,.,.,.,.
2024,7,5,51,.,.,.,.,.,.,.,.,.,.,.,.,.
2024,7,5,52,.,.,.,.,.,.,.,.,.,.,.,.,.
2024,7,5,53,.,.,.,.,.,.,.,.,.,.,.,.,.
2024,7,12,1,.,.,.,.,.,.,.,.,.,.,.,.,.
2024,7,12,2,.,.,.,.,.,.,.,.,.,.,.,.,.
2024,7,12,3,.,.,.,.,.,.,.,.,.,.,.,.,.
2024,7,12,4,.,.,.,.,.,.,.,.,.,.,.,.,.
2024,7,12,5,.,.,.,.,.,.,.,.,.,.,.,.,.
2024,7,12,6,.,.,.,.,.,.,.,.,.,.,.,.,.
2024,7,12,7,.,.,.,.,.,.,.,.,.,.,.,.,.
2024,7,12,8,.,.,.,.,.,.,.,.,.,.,.,.,.
2024,7,12,9,.,.,.,.,.,.,.,.,.,.,.,.,.
2024,7,12,10,.,.,.,.,.,.,.,.,.,.,.,.,.
2024,7,12,11,.,.,.,.,.,.,.,.,.,.,.,.,.
2024,7,12,12,.,.,.,.,.,.,.,.,.,.,.,.,.
2024,7,12,13,.,.,.,.,.,.,.,.,.,.,.,.,.
2024,7,12,14,.,.,.,.,.,.,.,.,.,.,.,.,.
2024,7,12,15,.,.,.,.,.,.,.,.,.,.,.,.,.
2024,7,12,16,.,.,.,.,.,.,.,.,.,.,.,.,.
2024,7,12,17,.,.,.,.,.,.,.,.,.,.,.,.,.
2024,7,12,18,.,.,.,.,.,.,.,.,.,.,.,.,.
2024,7,12,19,.,.,.,.,.,.,.,.,.,.,.,.,.
2024,7,12,20,.,.,.,.,.,.,.,.,.,.,.,.,.
2024,7,12,21,.,.,.,.,.,.,.,.,.,.,.,.,.
2024,7,12,22,.,.,.,.,.,.,.,.,.,.,.,.,.
2024,7,12,23,.,.,.,.,.,.,.,.,.,.,.,.,.
2024,7,12,24,.,.,.,.,.,.,.,.,.,.,.,.,.
2024,7,12,25,.,.,.,.,.,.,.,.,.,.,.,.,.
2024,7,12,26,.,.,.,.,.,.,.,.,.,.,.,.,.
2024,7,12,27,.,.,.,.,.,.,.,.,.,.,.,.,.
2024,7,12,28,.,.,.,.,.,.,.,.,.,.,.,.,.
2024,7,12,29,.,.,.,.,.,.,.,.,.,.,.,.,.
2024,7,12,30,.,.,.,.,.,.,.,.,.,.,.,.,.
2024,7,12,31,.,.,.,.,.,.,.,.,.,.,.,.,.
2024,7,12,32,.,.,.,.,.,.,.,.,.,.,.,.,.
2024,7,12,33,.,.,.,.,.,.,.,.,.,.,.,.,.
2024,7,12,34,.,.,.,.,.,.,.,.,.,.,.,.,.
2024,7,12,35,.,.,.,.,.,.,.,.,.,.,.,.,.
2024,7,12,36,.,.,.,.,.,.,.,.,.,.,.,.,.
2024,7,12,37,.,.,.,.,.,.,.,.,.,.,.,.,.
2024,7,12,38,.,.,.,.,.,.,.,.,.,.,.,.,.
2024,7,12,39,.,.,.,.,.,.,.,.,.,.,.,.,.
2024,7,12,40,.,.,.,.,.,.,.,.,.,.,.,.,.
2024,7,12,41,.,.,.,.,.,.,.,.,.,.,.,.,.
2024,7,12,42,.,.,.,.,.,.,.,.,.,.,.,.,.
2024,7,12,43,.,.,.,.,.,.,.,.,.,.,.,.,.
2024,7,12,44,.,.,.,.,.,.,.,.,.,.,.,.,.
2024,7,12,45,.,.,.,.,.,.,.,.,.,.,.,.,.
2024,7,12,46,.,.,.,.,.,.,.,.,.,.,.,.,.
2024,7,12,47,.,.,.,.,.,.,.,.,.,.,.,.,.
2024,7,12,48,.,.,.,.,.,.,.,.,.,.,.,.,.
2024,7,12,49,.,.,.,.,.,.,.,.,.,.,.,.,.
2024,7,12,50,.,.,.,.,.,.,.,.,.,.,.,.,.
2024,7,12,51,.,.,.,.,.,.,.,.,.,.,.,.,.
2024,7,12,52,.,.,.,.,.,.,.,.,.,.,.,.,.
2024,7,12,53,.,.,.,.,.,.,.,.,.,.,.,.,.
2024,7,19,1,.,.,.,.,.,.,.,.,.,.,.,.,.
2024,7,19,2,.,.,.,.,.,.,.,.,.,.,.,.,.
2024,7,19,3,.,.,.,.,.,.,.,.,.,.,.,.,.
2024,7,19,4,.,.,.,.,.,.,.,.,.,.,.,.,.
2024,7,19,5,.,.,.,.,.,.,.,.,.,.,.,.,.
2024,7,19,6,.,.,.,.,.,.,.,.,.,.,.,.,.
2024,7,19,7,.,.,.,.,.,.,.,.,.,.,.,.,.
2024,7,19,8,.,.,.,.,.,.,.,.,.,.,.,.,.
2024,7,19,9,.,.,.,.,.,.,.,.,.,.,.,.,.
2024,7,19,10,.,.,.,.,.,.,.,.,.,.,.,.,.
2024,7,19,11,.,.,.,.,.,.,.,.,.,.,.,.,.
2024,7,19,12,.,.,.,.,.,.,.,.,.,.,.,.,.
2024,7,19,13,.,.,.,.,.,.,.,.,.,.,.,.,.
2024,7,19,14,.,.,.,.,.,.,.,.,.,.,.,.,.
2024,7,19,15,.,.,.,.,.,.,.,.,.,.,.,.,.
2024,7,19,16,.,.,.,.,.,.,.,.,.,.,.,.,.
2024,7,19,17,.,.,.,.,.,.,.,.,.,.,.,.,.
2024,7,19,18,.,.,.,.,.,.,.,.,.,.,.,.,.
2024,7,19,19,.,.,.,.,.,.,.,.,.,.,.,.,.
2024,7,19,20,.,.,.,.,.,.,.,.,.,.,.,.,.
2024,7,19,21,.,.,.,.,.,.,.,.,.,.,.,.,.
2024,7,19,22,.,.,.,.,.,.,.,.,.,.,.,.,.
2024,7,19,23,.,.,.,.,.,.,.,.,.,.,.,.,.
2024,7,19,24,.,.,.,.,.,.,.,.,.,.,.,.,.
2024,7,19,25,.,.,.,.,.,.,.,.,.,.,.,.,.
2024,7,19,26,.,.,.,.,.,.,.,.,.,.,.,.,.
2024,7,19,27,.,.,.,.,.,.,.,.,.,.,.,.,.
2024,7,19,28,.,.,.,.,.,.,.,.,.,.,.,.,.
2024,7,19,29,.,.,.,.,.,.,.,.,.,.,.,.,.
2024,7,19,30,.,.,.,.,.,.,.,.,.,.,.,.,.
2024,7,19,31,.,.,.,.,.,.,.,.,.,.,.,.,.
2024,7,19,32,.,.,.,.,.,.,.,.,.,.,.,.,.
2024,7,19,33,.,.,.,.,.,.,.,.,.,.,.,.,.
2024,7,19,34,.,.,.,.,.,.,.,.,.,.,.,.,.
2024,7,19,35,.,.,.,.,.,.,.,.,.,.,.,.,.
2024,7,19,36,.,.,.,.,.,.,.,.,.,.,.,.,.
2024,7,19,37,.,.,.,.,.,.,.,.,.,.,.,.,.
2024,7,19,38,.,.,.,.,.,.,.,.,.,.,.,.,.
2024,7,19,39,.,.,.,.,.,.,.,.,.,.,.,.,.
2024,7,19,40,.,.,.,.,.,.,.,.,.,.,.,.,.
2024,7,19,41,.,.,.,.,.,.,.,.,.,.,.,.,.
2024,7,19,42,.,.,.,.,.,.,.,.,.,.,.,.,.
2024,7,19,43,.,.,.,.,.,.,.,.,.,.,.,.,.
2024,7,19,44,.,.,.,.,.,.,.,.,.,.,.,.,.
2024,7,19,45,.,.,.,.,.,.,.,.,.,.,.,.,.
2024,7,19,46,.,.,.,.,.,.,.,.,.,.,.,.,.
2024,7,19,47,.,.,.,.,.,.,.,.,.,.,.,.,.
2024,7,19,48,.,.,.,.,.,.,.,.,.,.,.,.,.
2024,7,19,49,.,.,.,.,.,.,.,.,.,.,.,.,.
2024,7,19,50,.,.,.,.,.,.,.,.,.,.,.,.,.
2024,7,19,51,.,.,.,.,.,.,.,.,.,.,.,.,.
2024,7,19,52,.,.,.,.,.,.,.,.,.,.,.,.,.
2024,7,19,53,.,.,.,.,.,.,.,.,.,.,.,.,.
2024,7,26,1,.,.,.,.,.,.,.,.,.,.,.,.,.
2024,7,26,2,.,.,.,.,.,.,.,.,.,.,.,.,.
2024,7,26,3,.,.,.,.,.,.,.,.,.,.,.,.,.
2024,7,26,4,.,.,.,.,.,.,.,.,.,.,.,.,.
2024,7,26,5,.,.,.,.,.,.,.,.,.,.,.,.,.
2024,7,26,6,.,.,.,.,.,.,.,.,.,.,.,.,.
2024,7,26,7,.,.,.,.,.,.,.,.,.,.,.,.,.
2024,7,26,8,.,.,.,.,.,.,.,.,.,.,.,.,.
2024,7,26,9,.,.,.,.,.,.,.,.,.,.,.,.,.
2024,7,26,10,.,.,.,.,.,.,.,.,.,.,.,.,.
2024,7,26,11,.,.,.,.,.,.,.,.,.,.,.,.,.
2024,7,26,12,.,.,.,.,.,.,.,.,.,.,.,.,.
2024,7,26,13,.,.,.,.,.,.,.,.,.,.,.,.,.
2024,7,26,14,.,.,.,.,.,.,.,.,.,.,.,.,.
2024,7,26,15,.,.,.,.,.,.,.,.,.,.,.,.,.
2024,7,26,16,.,.,.,.,.,.,.,.,.,.,.,.,.
2024,7,26,17,.,.,.,.,.,.,.,.,.,.,.,.,.
2024,7,26,18,.,.,.,.,.,.,.,.,.,.,.,.,.
2024,7,26,19,.,.,.,.,.,.,.,.,.,.,.,.,.
2024,7,26,20,.,.,.,.,.,.,.,.,.,.,.,.,.
2024,7,26,21,.,.,.,.,.,.,.,.,.,.,.,.,.
2024,7,26,22,.,.,.,.,.,.,.,.,.,.,.,.,.
2024,7,26,23,.,.,.,.,.,.,.,.,.,.,.,.,.
2024,7,26,24,.,.,.,.,.,.,.,.,.,.,.,.,.
2024,7,26,25,.,.,.,.,.,.,.,.,.,.,.,.,.
2024,7,26,26,.,.,.,.,.,.,.,.,.,.,.,.,.
2024,7,26,27,.,.,.,.,.,.,.,.,.,.,.,.,.
2024,7,26,28,.,.,.,.,.,.,.,.,.,.,.,.,.
2024,7,26,29,.,.,.,.,.,.,.,.,.,.,.,.,.
2024,7,26,30,.,.,.,.,.,.,.,.,.,.,.,.,.
2024,7,26,31,.,.,.,.,.,.,.,.,.,.,.,.,.
2024,7,26,32,.,.,.,.,.,.,.,.,.,.,.,.,.
2024,7,26,33,.,.,.,.,.,.,.,.,.,.,.,.,.
2024,7,26,34,.,.,.,.,.,.,.,.,.,.,.,.,.
2024,7,26,35,.,.,.,.,.,.,.,.,.,.,.,.,.
2024,7,26,36,.,.,.,.,.,.,.,.,.,.,.,.,.
2024,7,26,37,.,.,.,.,.,.,.,.,.,.,.,.,.
2024,7,26,38,.,.,.,.,.,.,.,.,.,.,.,.,.
2024,7,26,39,.,.,.,.,.,.,.,.,.,.,.,.,.
2024,7,26,40,.,.,.,.,.,.,.,.,.,.,.,.,.
2024,7,26,41,.,.,.,.,.,.,.,.,.,.,.,.,.
2024,7,26,42,.,.,.,.,.,.,.,.,.,.,.,.,.
2024,7,26,43,.,.,.,.,.,.,.,.,.,.,.,.,.
2024,7,26,44,.,.,.,.,.,.,.,.,.,.,.,.,.
2024,7,26,45,.,.,.,.,.,.,.,.,.,.,.,.,.
2024,7,26,46,.,.,.,.,.,.,.,.,.,.,.,.,.
2024,7,26,47,.,.,.,.,.,.,.,.,.,.,.,.,.
2024,7,26,48,.,.,.,.,.,.,.,.,.,.,.,.,.
2024,7,26,49,.,.,.,.,.,.,.,.,.,.,.,.,.
2024,7,26,50,.,.,.,.,.,.,.,.,.,.,.,.,.
2024,7,26,51,.,.,.,.,.,.,.,.,.,.,.,.,.
2024,7,26,52,.,.,.,.,.,.,.,.,.,.,.,.,.
2024,7,26,53,.,.,.,.,.,.,.,.,.,.,.,.,.
2024,8,2,1,.,.,.,.,.,.,.,.,.,.,.,.,.
2024,8,2,2,.,.,.,.,.,.,.,.,.,.,.,.,.
2024,8,2,3,.,.,.,.,.,.,.,.,.,.,.,.,.
2024,8,2,4,.,.,.,.,.,.,.,.,.,.,.,.,.
2024,8,2,5,.,.,.,.,.,.,.,.,.,.,.,.,.
2024,8,2,6,.,.,.,.,.,.,.,.,.,.,.,.,.
2024,8,2,7,.,.,.,.,.,.,.,.,.,.,.,.,.
2024,8,2,8,.,.,.,.,.,.,.,.,.,.,.,.,.
2024,8,2,9,.,.,.,.,.,.,.,.,.,.,.,.,.
2024,8,2,10,.,.,.,.,.,.,.,.,.,.,.,.,.
2024,8,2,11,.,.,.,.,.,.,.,.,.,.,.,.,.
2024,8,2,12,.,.,.,.,.,.,.,.,.,.,.,.,.
2024,8,2,13,.,.,.,.,.,.,.,.,.,.,.,.,.
2024,8,2,14,.,.,.,.,.,.,.,.,.,.,.,.,.
2024,8,2,15,.,.,.,.,.,.,.,.,.,.,.,.,.
2024,8,2,16,.,.,.,.,.,.,.,.,.,.,.,.,.
2024,8,2,17,.,.,.,.,.,.,.,.,.,.,.,.,.
2024,8,2,18,.,.,.,.,.,.,.,.,.,.,.,.,.
2024,8,2,19,.,.,.,.,.,.,.,.,.,.,.,.,.
2024,8,2,20,.,.,.,.,.,.,.,.,.,.,.,.,.
2024,8,2,21,.,.,.,.,.,.,.,.,.,.,.,.,.
2024,8,2,22,.,.,.,.,.,.,.,.,.,.,.,.,.
2024,8,2,23,.,.,.,.,.,.,.,.,.,.,.,.,.
2024,8,2,24,.,.,.,.,.,.,.,.,.,.,.,.,.
2024,8,2,25,.,.,.,.,.,.,.,.,.,.,.,.,.
2024,8,2,26,.,.,.,.,.,.,.,.,.,.,.,.,.
2024,8,2,27,.,.,.,.,.,.,.,.,.,.,.,.,.
2024,8,2,28,.,.,.,.,.,.,.,.,.,.,.,.,.
2024,8,2,29,.,.,.,.,.,.,.,.,.,.,.,.,.
2024,8,2,30,.,.,.,.,.,.,.,.,.,.,.,.,.
2024,8,2,31,.,.,.,.,.,.,.,.,.,.,.,.,.
2024,8,2,32,.,.,.,.,.,.,.,.,.,.,.,.,.
2024,8,2,33,.,.,.,.,.,.,.,.,.,.,.,.,.
2024,8,2,34,.,.,.,.,.,.,.,.,.,.,.,.,.
2024,8,2,35,.,.,.,.,.,.,.,.,.,.,.,.,.
2024,8,2,36,.,.,.,.,.,.,.,.,.,.,.,.,.
2024,8,2,37,.,.,.,.,.,.,.,.,.,.,.,.,.
2024,8,2,38,.,.,.,.,.,.,.,.,.,.,.,.,.
2024,8,2,39,.,.,.,.,.,.,.,.,.,.,.,.,.
2024,8,2,40,.,.,.,.,.,.,.,.,.,.,.,.,.
2024,8,2,41,.,.,.,.,.,.,.,.,.,.,.,.,.
2024,8,2,42,.,.,.,.,.,.,.,.,.,.,.,.,.
2024,8,2,43,.,.,.,.,.,.,.,.,.,.,.,.,.
2024,8,2,44,.,.,.,.,.,.,.,.,.,.,.,.,.
2024,8,2,45,.,.,.,.,.,.,.,.,.,.,.,.,.
2024,8,2,46,.,.,.,.,.,.,.,.,.,.,.,.,.
2024,8,2,47,.,.,.,.,.,.,.,.,.,.,.,.,.
2024,8,2,48,.,.,.,.,.,.,.,.,.,.,.,.,.
2024,8,2,49,.,.,.,.,.,.,.,.,.,.,.,.,.
2024,8,2,50,.,.,.,.,.,.,.,.,.,.,.,.,.
2024,8,2,51,.,.,.,.,.,.,.,.,.,.,.,.,.
2024,8,2,52,.,.,.,.,.,.,.,.,.,.,.,.,.
2024,8,2,53,.,.,.,.,.,.,.,.,.,.,.,.,.
2024,8,9,1,.,.,.,.,.,.,.,.,.,.,.,.,.
2024,8,9,2,.,.,.,.,.,.,.,.,.,.,.,.,.
2024,8,9,3,.,.,.,.,.,.,.,.,.,.,.,.,.
2024,8,9,4,.,.,.,.,.,.,.,.,.,.,.,.,.
2024,8,9,5,.,.,.,.,.,.,.,.,.,.,.,.,.
2024,8,9,6,.,.,.,.,.,.,.,.,.,.,.,.,.
2024,8,9,7,.,.,.,.,.,.,.,.,.,.,.,.,.
2024,8,9,8,.,.,.,.,.,.,.,.,.,.,.,.,.
2024,8,9,9,.,.,.,.,.,.,.,.,.,.,.,.,.
2024,8,9,10,.,.,.,.,.,.,.,.,.,.,.,.,.
2024,8,9,11,.,.,.,.,.,.,.,.,.,.,.,.,.
2024,8,9,12,.,.,.,.,.,.,.,.,.,.,.,.,.
2024,8,9,13,.,.,.,.,.,.,.,.,.,.,.,.,.
2024,8,9,14,.,.,.,.,.,.,.,.,.,.,.,.,.
2024,8,9,15,.,.,.,.,.,.,.,.,.,.,.,.,.
2024,8,9,16,.,.,.,.,.,.,.,.,.,.,.,.,.
2024,8,9,17,.,.,.,.,.,.,.,.,.,.,.,.,.
2024,8,9,18,.,.,.,.,.,.,.,.,.,.,.,.,.
2024,8,9,19,.,.,.,.,.,.,.,.,.,.,.,.,.
2024,8,9,20,.,.,.,.,.,.,.,.,.,.,.,.,.
2024,8,9,21,.,.,.,.,.,.,.,.,.,.,.,.,.
2024,8,9,22,.,.,.,.,.,.,.,.,.,.,.,.,.
2024,8,9,23,.,.,.,.,.,.,.,.,.,.,.,.,.
2024,8,9,24,.,.,.,.,.,.,.,.,.,.,.,.,.
2024,8,9,25,.,.,.,.,.,.,.,.,.,.,.,.,.
2024,8,9,26,.,.,.,.,.,.,.,.,.,.,.,.,.
2024,8,9,27,.,.,.,.,.,.,.,.,.,.,.,.,.
2024,8,9,28,.,.,.,.,.,.,.,.,.,.,.,.,.
2024,8,9,29,.,.,.,.,.,.,.,.,.,.,.,.,.
2024,8,9,30,.,.,.,.,.,.,.,.,.,.,.,.,.
2024,8,9,31,.,.,.,.,.,.,.,.,.,.,.,.,.
2024,8,9,32,.,.,.,.,.,.,.,.,.,.,.,.,.
2024,8,9,33,.,.,.,.,.,.,.,.,.,.,.,.,.
2024,8,9,34,.,.,.,.,.,.,.,.,.,.,.,.,.
2024,8,9,35,.,.,.,.,.,.,.,.,.,.,.,.,.
2024,8,9,36,.,.,.,.,.,.,.,.,.,.,.,.,.
2024,8,9,37,.,.,.,.,.,.,.,.,.,.,.,.,.
2024,8,9,38,.,.,.,.,.,.,.,.,.,.,.,.,.
2024,8,9,39,.,.,.,.,.,.,.,.,.,.,.,.,.
2024,8,9,40,.,.,.,.,.,.,.,.,.,.,.,.,.
2024,8,9,41,.,.,.,.,.,.,.,.,.,.,.,.,.
2024,8,9,42,.,.,.,.,.,.,.,.,.,.,.,.,.
2024,8,9,43,.,.,.,.,.,.,.,.,.,.,.,.,.
2024,8,9,44,.,.,.,.,.,.,.,.,.,.,.,.,.
2024,8,9,45,.,.,.,.,.,.,.,.,.,.,.,.,.
2024,8,9,46,.,.,.,.,.,.,.,.,.,.,.,.,.
2024,8,9,47,.,.,.,.,.,.,.,.,.,.,.,.,.
2024,8,9,48,.,.,.,.,.,.,.,.,.,.,.,.,.
2024,8,9,49,.,.,.,.,.,.,.,.,.,.,.,.,.
2024,8,9,50,.,.,.,.,.,.,.,.,.,.,.,.,.
2024,8,9,51,.,.,.,.,.,.,.,.,.,.,.,.,.
2024,8,9,52,.,.,.,.,.,.,.,.,.,.,.,.,.
2024,8,9,53,.,.,.,.,.,.,.,.,.,.,.,.,.
2024,8,16,1,.,.,.,.,.,.,.,.,.,.,.,.,.
2024,8,16,2,.,.,.,.,.,.,.,.,.,.,.,.,.
2024,8,16,3,.,.,.,.,.,.,.,.,.,.,.,.,.
2024,8,16,4,.,.,.,.,.,.,.,.,.,.,.,.,.
2024,8,16,5,.,.,.,.,.,.,.,.,.,.,.,.,.
2024,8,16,6,.,.,.,.,.,.,.,.,.,.,.,.,.
2024,8,16,7,.,.,.,.,.,.,.,.,.,.,.,.,.
2024,8,16,8,.,.,.,.,.,.,.,.,.,.,.,.,.
2024,8,16,9,.,.,.,.,.,.,.,.,.,.,.,.,.
2024,8,16,10,.,.,.,.,.,.,.,.,.,.,.,.,.
2024,8,16,11,.,.,.,.,.,.,.,.,.,.,.,.,.
2024,8,16,12,.,.,.,.,.,.,.,.,.,.,.,.,.
2024,8,16,13,.,.,.,.,.,.,.,.,.,.,.,.,.
2024,8,16,14,.,.,.,.,.,.,.,.,.,.,.,.,.
2024,8,16,15,.,.,.,.,.,.,.,.,.,.,.,.,.
2024,8,16,16,.,.,.,.,.,.,.,.,.,.,.,.,.
2024,8,16,17,.,.,.,.,.,.,.,.,.,.,.,.,.
2024,8,16,18,.,.,.,.,.,.,.,.,.,.,.,.,.
2024,8,16,19,.,.,.,.,.,.,.,.,.,.,.,.,.
2024,8,16,20,.,.,.,.,.,.,.,.,.,.,.,.,.
2024,8,16,21,.,.,.,.,.,.,.,.,.,.,.,.,.
2024,8,16,22,.,.,.,.,.,.,.,.,.,.,.,.,.
2024,8,16,23,.,.,.,.,.,.,.,.,.,.,.,.,.
2024,8,16,24,.,.,.,.,.,.,.,.,.,.,.,.,.
2024,8,16,25,.,.,.,.,.,.,.,.,.,.,.,.,.
2024,8,16,26,.,.,.,.,.,.,.,.,.,.,.,.,.
2024,8,16,27,.,.,.,.,.,.,.,.,.,.,.,.,.
2024,8,16,28,.,.,.,.,.,.,.,.,.,.,.,.,.
2024,8,16,29,.,.,.,.,.,.,.,.,.,.,.,.,.
2024,8,16,30,.,.,.,.,.,.,.,.,.,.,.,.,.
2024,8,16,31,.,.,.,.,.,.,.,.,.,.,.,.,.
2024,8,16,32,.,.,.,.,.,.,.,.,.,.,.,.,.
2024,8,16,33,.,.,.,.,.,.,.,.,.,.,.,.,.
2024,8,16,34,.,.,.,.,.,.,.,.,.,.,.,.,.
2024,8,16,35,.,.,.,.,.,.,.,.,.,.,.,.,.
2024,8,16,36,.,.,.,.,.,.,.,.,.,.,.,.,.
2024,8,16,37,.,.,.,.,.,.,.,.,.,.,.,.,.
2024,8,16,38,.,.,.,.,.,.,.,.,.,.,.,.,.
2024,8,16,39,.,.,.,.,.,.,.,.,.,.,.,.,.
2024,8,16,40,.,.,.,.,.,.,.,.,.,.,.,.,.
2024,8,16,41,.,.,.,.,.,.,.,.,.,.,.,.,.
2024,8,16,42,.,.,.,.,.,.,.,.,.,.,.,.,.
2024,8,16,43,.,.,.,.,.,.,.,.,.,.,.,.,.
2024,8,16,44,.,.,.,.,.,.,.,.,.,.,.,.,.
2024,8,16,45,.,.,.,.,.,.,.,.,.,.,.,.,.
2024,8,16,46,.,.,.,.,.,.,.,.,.,.,.,.,.
2024,8,16,47,.,.,.,.,.,.,.,.,.,.,.,.,.
2024,8,16,48,.,.,.,.,.,.,.,.,.,.,.,.,.
2024,8,16,49,.,.,.,.,.,.,.,.,.,.,.,.,.
2024,8,16,50,.,.,.,.,.,.,.,.,.,.,.,.,.
2024,8,16,51,.,.,.,.,.,.,.,.,.,.,.,.,.
2024,8,16,52,.,.,.,.,.,.,.,.,.,.,.,.,.
2024,8,16,53,.,.,.,.,.,.,.,.,.,.,.,.,.
2024,8,23,1,.,.,.,.,.,.,.,.,.,.,.,.,.
2024,8,23,2,.,.,.,.,.,.,.,.,.,.,.,.,.
2024,8,23,3,.,.,.,.,.,.,.,.,.,.,.,.,.
2024,8,23,4,.,.,.,.,.,.,.,.,.,.,.,.,.
2024,8,23,5,.,.,.,.,.,.,.,.,.,.,.,.,.
2024,8,23,6,.,.,.,.,.,.,.,.,.,.,.,.,.
2024,8,23,7,.,.,.,.,.,.,.,.,.,.,.,.,.
2024,8,23,8,.,.,.,.,.,.,.,.,.,.,.,.,.
2024,8,23,9,.,.,.,.,.,.,.,.,.,.,.,.,.
2024,8,23,10,.,.,.,.,.,.,.,.,.,.,.,.,.
2024,8,23,11,.,.,.,.,.,.,.,.,.,.,.,.,.
2024,8,23,12,.,.,.,.,.,.,.,.,.,.,.,.,.
2024,8,23,13,.,.,.,.,.,.,.,.,.,.,.,.,.
2024,8,23,14,.,.,.,.,.,.,.,.,.,.,.,.,.
2024,8,23,15,.,.,.,.,.,.,.,.,.,.,.,.,.
2024,8,23,16,.,.,.,.,.,.,.,.,.,.,.,.,.
2024,8,23,17,.,.,.,.,.,.,.,.,.,.,.,.,.
2024,8,23,18,.,.,.,.,.,.,.,.,.,.,.,.,.
2024,8,23,19,.,.,.,.,.,.,.,.,.,.,.,.,.
2024,8,23,20,.,.,.,.,.,.,.,.,.,.,.,.,.
2024,8,23,21,.,.,.,.,.,.,.,.,.,.,.,.,.
2024,8,23,22,.,.,.,.,.,.,.,.,.,.,.,.,.
2024,8,23,23,.,.,.,.,.,.,.,.,.,.,.,.,.
2024,8,23,24,.,.,.,.,.,.,.,.,.,.,.,.,.
2024,8,23,25,.,.,.,.,.,.,.,.,.,.,.,.,.
2024,8,23,26,.,.,.,.,.,.,.,.,.,.,.,.,.
2024,8,23,27,.,.,.,.,.,.,.,.,.,.,.,.,.
2024,8,23,28,.,.,.,.,.,.,.,.,.,.,.,.,.
2024,8,23,29,.,.,.,.,.,.,.,.,.,.,.,.,.
2024,8,23,30,.,.,.,.,.,.,.,.,.,.,.,.,.
2024,8,23,31,.,.,.,.,.,.,.,.,.,.,.,.,.
2024,8,23,32,.,.,.,.,.,.,.,.,.,.,.,.,.
2024,8,23,33,.,.,.,.,.,.,.,.,.,.,.,.,.
2024,8,23,34,.,.,.,.,.,.,.,.,.,.,.,.,.
2024,8,23,35,.,.,.,.,.,.,.,.,.,.,.,.,.
2024,8,23,36,.,.,.,.,.,.,.,.,.,.,.,.,.
2024,8,23,37,.,.,.,.,.,.,.,.,.,.,.,.,.
2024,8,23,38,.,.,.,.,.,.,.,.,.,.,.,.,.
2024,8,23,39,.,.,.,.,.,.,.,.,.,.,.,.,.
2024,8,23,40,.,.,.,.,.,.,.,.,.,.,.,.,.
2024,8,23,41,.,.,.,.,.,.,.,.,.,.,.,.,.
2024,8,23,42,.,.,.,.,.,.,.,.,.,.,.,.,.
2024,8,23,43,.,.,.,.,.,.,.,.,.,.,.,.,.
2024,8,23,44,.,.,.,.,.,.,.,.,.,.,.,.,.
2024,8,23,45,.,.,.,.,.,.,.,.,.,.,.,.,.
2024,8,23,46,.,.,.,.,.,.,.,.,.,.,.,.,.
2024,8,23,47,.,.,.,.,.,.,.,.,.,.,.,.,.
2024,8,23,48,.,.,.,.,.,.,.,.,.,.,.,.,.
2024,8,23,49,.,.,.,.,.,.,.,.,.,.,.,.,.
2024,8,23,50,.,.,.,.,.,.,.,.,.,.,.,.,.
2024,8,23,51,.,.,.,.,.,.,.,.,.,.,.,.,.
2024,8,23,52,.,.,.,.,.,.,.,.,.,.,.,.,.
2024,8,23,53,.,.,.,.,.,.,.,.,.,.,.,.,.
2024,8,30,1,.,.,.,.,.,.,.,.,.,.,.,.,.
2024,8,30,2,.,.,.,.,.,.,.,.,.,.,.,.,.
2024,8,30,3,.,.,.,.,.,.,.,.,.,.,.,.,.
2024,8,30,4,.,.,.,.,.,.,.,.,.,.,.,.,.
2024,8,30,5,.,.,.,.,.,.,.,.,.,.,.,.,.
2024,8,30,6,.,.,.,.,.,.,.,.,.,.,.,.,.
2024,8,30,7,.,.,.,.,.,.,.,.,.,.,.,.,.
2024,8,30,8,.,.,.,.,.,.,.,.,.,.,.,.,.
2024,8,30,9,.,.,.,.,.,.,.,.,.,.,.,.,.
2024,8,30,10,.,.,.,.,.,.,.,.,.,.,.,.,.
2024,8,30,11,.,.,.,.,.,.,.,.,.,.,.,.,.
2024,8,30,12,.,.,.,.,.,.,.,.,.,.,.,.,.
2024,8,30,13,.,.,.,.,.,.,.,.,.,.,.,.,.
2024,8,30,14,.,.,.,.,.,.,.,.,.,.,.,.,.
2024,8,30,15,.,.,.,.,.,.,.,.,.,.,.,.,.
2024,8,30,16,.,.,.,.,.,.,.,.,.,.,.,.,.
2024,8,30,17,.,.,.,.,.,.,.,.,.,.,.,.,.
2024,8,30,18,.,.,.,.,.,.,.,.,.,.,.,.,.
2024,8,30,19,.,.,.,.,.,.,.,.,.,.,.,.,.
2024,8,30,20,.,.,.,.,.,.,.,.,.,.,.,.,.
2024,8,30,21,.,.,.,.,.,.,.,.,.,.,.,.,.
2024,8,30,22,.,.,.,.,.,.,.,.,.,.,.,.,.
2024,8,30,23,.,.,.,.,.,.,.,.,.,.,.,.,.
2024,8,30,24,.,.,.,.,.,.,.,.,.,.,.,.,.
2024,8,30,25,.,.,.,.,.,.,.,.,.,.,.,.,.
2024,8,30,26,.,.,.,.,.,.,.,.,.,.,.,.,.
2024,8,30,27,.,.,.,.,.,.,.,.,.,.,.,.,.
2024,8,30,28,.,.,.,.,.,.,.,.,.,.,.,.,.
2024,8,30,29,.,.,.,.,.,.,.,.,.,.,.,.,.
2024,8,30,30,.,.,.,.,.,.,.,.,.,.,.,.,.
2024,8,30,31,.,.,.,.,.,.,.,.,.,.,.,.,.
2024,8,30,32,.,.,.,.,.,.,.,.,.,.,.,.,.
2024,8,30,33,.,.,.,.,.,.,.,.,.,.,.,.,.
2024,8,30,34,.,.,.,.,.,.,.,.,.,.,.,.,.
2024,8,30,35,.,.,.,.,.,.,.,.,.,.,.,.,.
2024,8,30,36,.,.,.,.,.,.,.,.,.,.,.,.,.
2024,8,30,37,.,.,.,.,.,.,.,.,.,.,.,.,.
2024,8,30,38,.,.,.,.,.,.,.,.,.,.,.,.,.
2024,8,30,39,.,.,.,.,.,.,.,.,.,.,.,.,.
2024,8,30,40,.,.,.,.,.,.,.,.,.,.,.,.,.
2024,8,30,41,.,.,.,.,.,.,.,.,.,.,.,.,.
2024,8,30,42,.,.,.,.,.,.,.,.,.,.,.,.,.
2024,8,30,43,.,.,.,.,.,.,.,.,.,.,.,.,.
2024,8,30,44,.,.,.,.,.,.,.,.,.,.,.,.,.
2024,8,30,45,.,.,.,.,.,.,.,.,.,.,.,.,.
2024,8,30,46,.,.,.,.,.,.,.,.,.,.,.,.,.
2024,8,30,47,.,.,.,.,.,.,.,.,.,.,.,.,.
2024,8,30,48,.,.,.,.,.,.,.,.,.,.,.,.,.
2024,8,30,49,.,.,.,.,.,.,.,.,.,.,.,.,.
2024,8,30,50,.,.,.,.,.,.,.,.,.,.,.,.,.
2024,8,30,51,.,.,.,.,.,.,.,.,.,.,.,.,.
2024,8,30,52,.,.,.,.,.,.,.,.,.,.,.,.,.
2024,8,30,53,.,.,.,.,.,.,.,.,.,.,.,.,.
2024,9,6,1,.,.,.,.,.,.,.,.,.,.,.,.,.
2024,9,6,2,.,.,.,.,.,.,.,.,.,.,.,.,.
2024,9,6,3,.,.,.,.,.,.,.,.,.,.,.,.,.
2024,9,6,4,.,.,.,.,.,.,.,.,.,.,.,.,.
2024,9,6,5,.,.,.,.,.,.,.,.,.,.,.,.,.
2024,9,6,6,.,.,.,.,.,.,.,.,.,.,.,.,.
2024,9,6,7,.,.,.,.,.,.,.,.,.,.,.,.,.
2024,9,6,8,.,.,.,.,.,.,.,.,.,.,.,.,.
2024,9,6,9,.,.,.,.,.,.,.,.,.,.,.,.,.
2024,9,6,10,.,.,.,.,.,.,.,.,.,.,.,.,.
2024,9,6,11,.,.,.,.,.,.,.,.,.,.,.,.,.
2024,9,6,12,.,.,.,.,.,.,.,.,.,.,.,.,.
2024,9,6,13,.,.,.,.,.,.,.,.,.,.,.,.,.
2024,9,6,14,.,.,.,.,.,.,.,.,.,.,.,.,.
2024,9,6,15,.,.,.,.,.,.,.,.,.,.,.,.,.
2024,9,6,16,.,.,.,.,.,.,.,.,.,.,.,.,.
2024,9,6,17,.,.,.,.,.,.,.,.,.,.,.,.,.
2024,9,6,18,.,.,.,.,.,.,.,.,.,.,.,.,.
2024,9,6,19,.,.,.,.,.,.,.,.,.,.,.,.,.
2024,9,6,20,.,.,.,.,.,.,.,.,.,.,.,.,.
2024,9,6,21,.,.,.,.,.,.,.,.,.,.,.,.,.
2024,9,6,22,.,.,.,.,.,.,.,.,.,.,.,.,.
2024,9,6,23,.,.,.,.,.,.,.,.,.,.,.,.,.
2024,9,6,24,.,.,.,.,.,.,.,.,.,.,.,.,.
2024,9,6,25,.,.,.,.,.,.,.,.,.,.,.,.,.
2024,9,6,26,.,.,.,.,.,.,.,.,.,.,.,.,.
2024,9,6,27,.,.,.,.,.,.,.,.,.,.,.,.,.
2024,9,6,28,.,.,.,.,.,.,.,.,.,.,.,.,.
2024,9,6,29,.,.,.,.,.,.,.,.,.,.,.,.,.
2024,9,6,30,.,.,.,.,.,.,.,.,.,.,.,.,.
2024,9,6,31,.,.,.,.,.,.,.,.,.,.,.,.,.
2024,9,6,32,.,.,.,.,.,.,.,.,.,.,.,.,.
2024,9,6,33,.,.,.,.,.,.,.,.,.,.,.,.,.
2024,9,6,34,.,.,.,.,.,.,.,.,.,.,.,.,.
2024,9,6,35,.,.,.,.,.,.,.,.,.,.,.,.,.
2024,9,6,36,.,.,.,.,.,.,.,.,.,.,.,.,.
2024,9,6,37,.,.,.,.,.,.,.,.,.,.,.,.,.
2024,9,6,38,.,.,.,.,.,.,.,.,.,.,.,.,.
2024,9,6,39,.,.,.,.,.,.,.,.,.,.,.,.,.
2024,9,6,40,.,.,.,.,.,.,.,.,.,.,.,.,.
2024,9,6,41,.,.,.,.,.,.,.,.,.,.,.,.,.
2024,9,6,42,.,.,.,.,.,.,.,.,.,.,.,.,.
2024,9,6,43,.,.,.,.,.,.,.,.,.,.,.,.,.
2024,9,6,44,.,.,.,.,.,.,.,.,.,.,.,.,.
2024,9,6,45,.,.,.,.,.,.,.,.,.,.,.,.,.
2024,9,6,46,.,.,.,.,.,.,.,.,.,.,.,.,.
2024,9,6,47,.,.,.,.,.,.,.,.,.,.,.,.,.
2024,9,6,48,.,.,.,.,.,.,.,.,.,.,.,.,.
2024,9,6,49,.,.,.,.,.,.,.,.,.,.,.,.,.
2024,9,6,50,.,.,.,.,.,.,.,.,.,.,.,.,.
2024,9,6,51,.,.,.,.,.,.,.,.,.,.,.,.,.
2024,9,6,52,.,.,.,.,.,.,.,.,.,.,.,.,.
2024,9,6,53,.,.,.,.,.,.,.,.,.,.,.,.,.
2024,9,13,1,.,.,.,.,.,.,.,.,.,.,.,.,.
2024,9,13,2,.,.,.,.,.,.,.,.,.,.,.,.,.
2024,9,13,3,.,.,.,.,.,.,.,.,.,.,.,.,.
2024,9,13,4,.,.,.,.,.,.,.,.,.,.,.,.,.
2024,9,13,5,.,.,.,.,.,.,.,.,.,.,.,.,.
2024,9,13,6,.,.,.,.,.,.,.,.,.,.,.,.,.
2024,9,13,7,.,.,.,.,.,.,.,.,.,.,.,.,.
2024,9,13,8,.,.,.,.,.,.,.,.,.,.,.,.,.
2024,9,13,9,.,.,.,.,.,.,.,.,.,.,.,.,.
2024,9,13,10,.,.,.,.,.,.,.,.,.,.,.,.,.
2024,9,13,11,.,.,.,.,.,.,.,.,.,.,.,.,.
2024,9,13,12,.,.,.,.,.,.,.,.,.,.,.,.,.
2024,9,13,13,.,.,.,.,.,.,.,.,.,.,.,.,.
2024,9,13,14,.,.,.,.,.,.,.,.,.,.,.,.,.
2024,9,13,15,.,.,.,.,.,.,.,.,.,.,.,.,.
2024,9,13,16,.,.,.,.,.,.,.,.,.,.,.,.,.
2024,9,13,17,.,.,.,.,.,.,.,.,.,.,.,.,.
2024,9,13,18,.,.,.,.,.,.,.,.,.,.,.,.,.
2024,9,13,19,.,.,.,.,.,.,.,.,.,.,.,.,.
2024,9,13,20,.,.,.,.,.,.,.,.,.,.,.,.,.
2024,9,13,21,.,.,.,.,.,.,.,.,.,.,.,.,.
2024,9,13,22,.,.,.,.,.,.,.,.,.,.,.,.,.
2024,9,13,23,.,.,.,.,.,.,.,.,.,.,.,.,.
2024,9,13,24,.,.,.,.,.,.,.,.,.,.,.,.,.
2024,9,13,25,.,.,.,.,.,.,.,.,.,.,.,.,.
2024,9,13,26,.,.,.,.,.,.,.,.,.,.,.,.,.
2024,9,13,27,.,.,.,.,.,.,.,.,.,.,.,.,.
2024,9,13,28,.,.,.,.,.,.,.,.,.,.,.,.,.
2024,9,13,29,.,.,.,.,.,.,.,.,.,.,.,.,.
2024,9,13,30,.,.,.,.,.,.,.,.,.,.,.,.,.
2024,9,13,31,.,.,.,.,.,.,.,.,.,.,.,.,.
2024,9,13,32,.,.,.,.,.,.,.,.,.,.,.,.,.
2024,9,13,33,.,.,.,.,.,.,.,.,.,.,.,.,.
2024,9,13,34,.,.,.,.,.,.,.,.,.,.,.,.,.
2024,9,13,35,.,.,.,.,.,.,.,.,.,.,.,.,.
2024,9,13,36,.,.,.,.,.,.,.,.,.,.,.,.,.
2024,9,13,37,.,.,.,.,.,.,.,.,.,.,.,.,.
2024,9,13,38,.,.,.,.,.,.,.,.,.,.,.,.,.
2024,9,13,39,.,.,.,.,.,.,.,.,.,.,.,.,.
2024,9,13,40,.,.,.,.,.,.,.,.,.,.,.,.,.
2024,9,13,41,.,.,.,.,.,.,.,.,.,.,.,.,.
2024,9,13,42,.,.,.,.,.,.,.,.,.,.,.,.,.
2024,9,13,43,.,.,.,.,.,.,.,.,.,.,.,.,.
2024,9,13,44,.,.,.,.,.,.,.,.,.,.,.,.,.
2024,9,13,45,.,.,.,.,.,.,.,.,.,.,.,.,.
2024,9,13,46,.,.,.,.,.,.,.,.,.,.,.,.,.
2024,9,13,47,.,.,.,.,.,.,.,.,.,.,.,.,.
2024,9,13,48,.,.,.,.,.,.,.,.,.,.,.,.,.
2024,9,13,49,.,.,.,.,.,.,.,.,.,.,.,.,.
2024,9,13,50,.,.,.,.,.,.,.,.,.,.,.,.,.
2024,9,13,51,.,.,.,.,.,.,.,.,.,.,.,.,.
2024,9,13,52,.,.,.,.,.,.,.,.,.,.,.,.,.
2024,9,13,53,.,.,.,.,.,.,.,.,.,.,.,.,.
2024,9,20,1,.,.,.,.,.,.,.,.,.,.,.,.,.
2024,9,20,2,.,.,.,.,.,.,.,.,.,.,.,.,.
2024,9,20,3,.,.,.,.,.,.,.,.,.,.,.,.,.
2024,9,20,4,.,.,.,.,.,.,.,.,.,.,.,.,.
2024,9,20,5,.,.,.,.,.,.,.,.,.,.,.,.,.
2024,9,20,6,.,.,.,.,.,.,.,.,.,.,.,.,.
2024,9,20,7,.,.,.,.,.,.,.,.,.,.,.,.,.
2024,9,20,8,.,.,.,.,.,.,.,.,.,.,.,.,.
2024,9,20,9,.,.,.,.,.,.,.,.,.,.,.,.,.
2024,9,20,10,.,.,.,.,.,.,.,.,.,.,.,.,.
2024,9,20,11,.,.,.,.,.,.,.,.,.,.,.,.,.
2024,9,20,12,.,.,.,.,.,.,.,.,.,.,.,.,.
2024,9,20,13,.,.,.,.,.,.,.,.,.,.,.,.,.
2024,9,20,14,.,.,.,.,.,.,.,.,.,.,.,.,.
2024,9,20,15,.,.,.,.,.,.,.,.,.,.,.,.,.
2024,9,20,16,.,.,.,.,.,.,.,.,.,.,.,.,.
2024,9,20,17,.,.,.,.,.,.,.,.,.,.,.,.,.
2024,9,20,18,.,.,.,.,.,.,.,.,.,.,.,.,.
2024,9,20,19,.,.,.,.,.,.,.,.,.,.,.,.,.
2024,9,20,20,.,.,.,.,.,.,.,.,.,.,.,.,.
2024,9,20,21,.,.,.,.,.,.,.,.,.,.,.,.,.
2024,9,20,22,.,.,.,.,.,.,.,.,.,.,.,.,.
2024,9,20,23,.,.,.,.,.,.,.,.,.,.,.,.,.
2024,9,20,24,.,.,.,.,.,.,.,.,.,.,.,.,.
2024,9,20,25,.,.,.,.,.,.,.,.,.,.,.,.,.
2024,9,20,26,.,.,.,.,.,.,.,.,.,.,.,.,.
2024,9,20,27,.,.,.,.,.,.,.,.,.,.,.,.,.
2024,9,20,28,.,.,.,.,.,.,.,.,.,.,.,.,.
2024,9,20,29,.,.,.,.,.,.,.,.,.,.,.,.,.
2024,9,20,30,.,.,.,.,.,.,.,.,.,.,.,.,.
2024,9,20,31,.,.,.,.,.,.,.,.,.,.,.,.,.
2024,9,20,32,.,.,.,.,.,.,.,.,.,.,.,.,.
2024,9,20,33,.,.,.,.,.,.,.,.,.,.,.,.,.
2024,9,20,34,.,.,.,.,.,.,.,.,.,.,.,.,.
2024,9,20,35,.,.,.,.,.,.,.,.,.,.,.,.,.
2024,9,20,36,.,.,.,.,.,.,.,.,.,.,.,.,.
2024,9,20,37,.,.,.,.,.,.,.,.,.,.,.,.,.
2024,9,20,38,.,.,.,.,.,.,.,.,.,.,.,.,.
2024,9,20,39,.,.,.,.,.,.,.,.,.,.,.,.,.
2024,9,20,40,.,.,.,.,.,.,.,.,.,.,.,.,.
2024,9,20,41,.,.,.,.,.,.,.,.,.,.,.,.,.
2024,9,20,42,.,.,.,.,.,.,.,.,.,.,.,.,.
2024,9,20,43,.,.,.,.,.,.,.,.,.,.,.,.,.
2024,9,20,44,.,.,.,.,.,.,.,.,.,.,.,.,.
2024,9,20,45,.,.,.,.,.,.,.,.,.,.,.,.,.
2024,9,20,46,.,.,.,.,.,.,.,.,.,.,.,.,.
2024,9,20,47,.,.,.,.,.,.,.,.,.,.,.,.,.
2024,9,20,48,.,.,.,.,.,.,.,.,.,.,.,.,.
2024,9,20,49,.,.,.,.,.,.,.,.,.,.,.,.,.
2024,9,20,50,.,.,.,.,.,.,.,.,.,.,.,.,.
2024,9,20,51,.,.,.,.,.,.,.,.,.,.,.,.,.
2024,9,20,52,.,.,.,.,.,.,.,.,.,.,.,.,.
2024,9,20,53,.,.,.,.,.,.,.,.,.,.,.,.,.
2024,9,27,1,.,.,.,.,.,.,.,.,.,.,.,.,.
2024,9,27,2,.,.,.,.,.,.,.,.,.,.,.,.,.
2024,9,27,3,.,.,.,.,.,.,.,.,.,.,.,.,.
2024,9,27,4,.,.,.,.,.,.,.,.,.,.,.,.,.
2024,9,27,5,.,.,.,.,.,.,.,.,.,.,.,.,.
2024,9,27,6,.,.,.,.,.,.,.,.,.,.,.,.,.
2024,9,27,7,.,.,.,.,.,.,.,.,.,.,.,.,.
2024,9,27,8,.,.,.,.,.,.,.,.,.,.,.,.,.
2024,9,27,9,.,.,.,.,.,.,.,.,.,.,.,.,.
2024,9,27,10,.,.,.,.,.,.,.,.,.,.,.,.,.
2024,9,27,11,.,.,.,.,.,.,.,.,.,.,.,.,.
2024,9,27,12,.,.,.,.,.,.,.,.,.,.,.,.,.
2024,9,27,13,.,.,.,.,.,.,.,.,.,.,.,.,.
2024,9,27,14,.,.,.,.,.,.,.,.,.,.,.,.,.
2024,9,27,15,.,.,.,.,.,.,.,.,.,.,.,.,.
2024,9,27,16,.,.,.,.,.,.,.,.,.,.,.,.,.
2024,9,27,17,.,.,.,.,.,.,.,.,.,.,.,.,.
2024,9,27,18,.,.,.,.,.,.,.,.,.,.,.,.,.
2024,9,27,19,.,.,.,.,.,.,.,.,.,.,.,.,.
2024,9,27,20,.,.,.,.,.,.,.,.,.,.,.,.,.
2024,9,27,21,.,.,.,.,.,.,.,.,.,.,.,.,.
2024,9,27,22,.,.,.,.,.,.,.,.,.,.,.,.,.
2024,9,27,23,.,.,.,.,.,.,.,.,.,.,.,.,.
2024,9,27,24,.,.,.,.,.,.,.,.,.,.,.,.,.
2024,9,27,25,.,.,.,.,.,.,.,.,.,.,.,.,.
2024,9,27,26,.,.,.,.,.,.,.,.,.,.,.,.,.
2024,9,27,27,.,.,.,.,.,.,.,.,.,.,.,.,.
2024,9,27,28,.,.,.,.,.,.,.,.,.,.,.,.,.
2024,9,27,29,.,.,.,.,.,.,.,.,.,.,.,.,.
2024,9,27,30,.,.,.,.,.,.,.,.,.,.,.,.,.
2024,9,27,31,.,.,.,.,.,.,.,.,.,.,.,.,.
2024,9,27,32,.,.,.,.,.,.,.,.,.,.,.,.,.
2024,9,27,33,.,.,.,.,.,.,.,.,.,.,.,.,.
2024,9,27,34,.,.,.,.,.,.,.,.,.,.,.,.,.
2024,9,27,35,.,.,.,.,.,.,.,.,.,.,.,.,.
2024,9,27,36,.,.,.,.,.,.,.,.,.,.,.,.,.
2024,9,27,37,.,.,.,.,.,.,.,.,.,.,.,.,.
2024,9,27,38,.,.,.,.,.,.,.,.,.,.,.,.,.
2024,9,27,39,.,.,.,.,.,.,.,.,.,.,.,.,.
2024,9,27,40,.,.,.,.,.,.,.,.,.,.,.,.,.
2024,9,27,41,.,.,.,.,.,.,.,.,.,.,.,.,.
2024,9,27,42,.,.,.,.,.,.,.,.,.,.,.,.,.
2024,9,27,43,.,.,.,.,.,.,.,.,.,.,.,.,.
2024,9,27,44,.,.,.,.,.,.,.,.,.,.,.,.,.
2024,9,27,45,.,.,.,.,.,.,.,.,.,.,.,.,.
2024,9,27,46,.,.,.,.,.,.,.,.,.,.,.,.,.
2024,9,27,47,.,.,.,.,.,.,.,.,.,.,.,.,.
2024,9,27,48,.,.,.,.,.,.,.,.,.,.,.,.,.
2024,9,27,49,.,.,.,.,.,.,.,.,.,.,.,.,.
2024,9,27,50,.,.,.,.,.,.,.,.,.,.,.,.,.
2024,9,27,51,.,.,.,.,.,.,.,.,.,.,.,.,.
2024,9,27,52,.,.,.,.,.,.,.,.,.,.,.,.,.
2024,9,27,53,.,.,.,.,.,.,.,.,.,.,.,.,.
2024,10,4,1,.,.,.,.,.,.,.,.,.,.,.,.,.
2024,10,4,2,.,.,.,.,.,.,.,.,.,.,.,.,.
2024,10,4,3,.,.,.,.,.,.,.,.,.,.,.,.,.
2024,10,4,4,.,.,.,.,.,.,.,.,.,.,.,.,.
2024,10,4,5,.,.,.,.,.,.,.,.,.,.,.,.,.
2024,10,4,6,.,.,.,.,.,.,.,.,.,.,.,.,.
2024,10,4,7,.,.,.,.,.,.,.,.,.,.,.,.,.
2024,10,4,8,.,.,.,.,.,.,.,.,.,.,.,.,.
2024,10,4,9,.,.,.,.,.,.,.,.,.,.,.,.,.
2024,10,4,10,.,.,.,.,.,.,.,.,.,.,.,.,.
2024,10,4,11,.,.,.,.,.,.,.,.,.,.,.,.,.
2024,10,4,12,.,.,.,.,.,.,.,.,.,.,.,.,.
2024,10,4,13,.,.,.,.,.,.,.,.,.,.,.,.,.
2024,10,4,14,.,.,.,.,.,.,.,.,.,.,.,.,.
2024,10,4,15,.,.,.,.,.,.,.,.,.,.,.,.,.
2024,10,4,16,.,.,.,.,.,.,.,.,.,.,.,.,.
2024,10,4,17,.,.,.,.,.,.,.,.,.,.,.,.,.
2024,10,4,18,.,.,.,.,.,.,.,.,.,.,.,.,.
2024,10,4,19,.,.,.,.,.,.,.,.,.,.,.,.,.
2024,10,4,20,.,.,.,.,.,.,.,.,.,.,.,.,.
2024,10,4,21,.,.,.,.,.,.,.,.,.,.,.,.,.
2024,10,4,22,.,.,.,.,.,.,.,.,.,.,.,.,.
2024,10,4,23,.,.,.,.,.,.,.,.,.,.,.,.,.
2024,10,4,24,.,.,.,.,.,.,.,.,.,.,.,.,.
2024,10,4,25,.,.,.,.,.,.,.,.,.,.,.,.,.
2024,10,4,26,.,.,.,.,.,.,.,.,.,.,.,.,.
2024,10,4,27,.,.,.,.,.,.,.,.,.,.,.,.,.
2024,10,4,28,.,.,.,.,.,.,.,.,.,.,.,.,.
2024,10,4,29,.,.,.,.,.,.,.,.,.,.,.,.,.
2024,10,4,30,.,.,.,.,.,.,.,.,.,.,.,.,.
2024,10,4,31,.,.,.,.,.,.,.,.,.,.,.,.,.
2024,10,4,32,.,.,.,.,.,.,.,.,.,.,.,.,.
2024,10,4,33,.,.,.,.,.,.,.,.,.,.,.,.,.
2024,10,4,34,.,.,.,.,.,.,.,.,.,.,.,.,.
2024,10,4,35,.,.,.,.,.,.,.,.,.,.,.,.,.
2024,10,4,36,.,.,.,.,.,.,.,.,.,.,.,.,.
2024,10,4,37,.,.,.,.,.,.,.,.,.,.,.,.,.
2024,10,4,38,.,.,.,.,.,.,.,.,.,.,.,.,.
2024,10,4,39,.,.,.,.,.,.,.,.,.,.,.,.,.
2024,10,4,40,.,.,.,.,.,.,.,.,.,.,.,.,.
2024,10,4,41,.,.,.,.,.,.,.,.,.,.,.,.,.
2024,10,4,42,.,.,.,.,.,.,.,.,.,.,.,.,.
2024,10,4,43,.,.,.,.,.,.,.,.,.,.,.,.,.
2024,10,4,44,.,.,.,.,.,.,.,.,.,.,.,.,.
2024,10,4,45,.,.,.,.,.,.,.,.,.,.,.,.,.
2024,10,4,46,.,.,.,.,.,.,.,.,.,.,.,.,.
2024,10,4,47,.,.,.,.,.,.,.,.,.,.,.,.,.
2024,10,4,48,.,.,.,.,.,.,.,.,.,.,.,.,.
2024,10,4,49,.,.,.,.,.,.,.,.,.,.,.,.,.
2024,10,4,50,.,.,.,.,.,.,.,.,.,.,.,.,.
2024,10,4,51,.,.,.,.,.,.,.,.,.,.,.,.,.
2024,10,4,52,.,.,.,.,.,.,.,.,.,.,.,.,.
2024,10,4,53,.,.,.,.,.,.,.,.,.,.,.,.,.
2024,10,11,1,.,.,.,.,.,.,.,.,.,.,.,.,.
2024,10,11,2,.,.,.,.,.,.,.,.,.,.,.,.,.
2024,10,11,3,.,.,.,.,.,.,.,.,.,.,.,.,.
2024,10,11,4,.,.,.,.,.,.,.,.,.,.,.,.,.
2024,10,11,5,.,.,.,.,.,.,.,.,.,.,.,.,.
2024,10,11,6,.,.,.,.,.,.,.,.,.,.,.,.,.
2024,10,11,7,.,.,.,.,.,.,.,.,.,.,.,.,.
2024,10,11,8,.,.,.,.,.,.,.,.,.,.,.,.,.
2024,10,11,9,.,.,.,.,.,.,.,.,.,.,.,.,.
2024,10,11,10,.,.,.,.,.,.,.,.,.,.,.,.,.
2024,10,11,11,.,.,.,.,.,.,.,.,.,.,.,.,.
2024,10,11,12,.,.,.,.,.,.,.,.,.,.,.,.,.
2024,10,11,13,.,.,.,.,.,.,.,.,.,.,.,.,.
2024,10,11,14,.,.,.,.,.,.,.,.,.,.,.,.,.
2024,10,11,15,.,.,.,.,.,.,.,.,.,.,.,.,.
2024,10,11,16,.,.,.,.,.,.,.,.,.,.,.,.,.
2024,10,11,17,.,.,.,.,.,.,.,.,.,.,.,.,.
2024,10,11,18,.,.,.,.,.,.,.,.,.,.,.,.,.
2024,10,11,19,.,.,.,.,.,.,.,.,.,.,.,.,.
2024,10,11,20,.,.,.,.,.,.,.,.,.,.,.,.,.
2024,10,11,21,.,.,.,.,.,.,.,.,.,.,.,.,.
2024,10,11,22,.,.,.,.,.,.,.,.,.,.,.,.,.
2024,10,11,23,.,.,.,.,.,.,.,.,.,.,.,.,.
2024,10,11,24,.,.,.,.,.,.,.,.,.,.,.,.,.
2024,10,11,25,.,.,.,.,.,.,.,.,.,.,.,.,.
2024,10,11,26,.,.,.,.,.,.,.,.,.,.,.,.,.
2024,10,11,27,.,.,.,.,.,.,.,.,.,.,.,.,.
2024,10,11,28,.,.,.,.,.,.,.,.,.,.,.,.,.
2024,10,11,29,.,.,.,.,.,.,.,.,.,.,.,.,.
2024,10,11,30,.,.,.,.,.,.,.,.,.,.,.,.,.
2024,10,11,31,.,.,.,.,.,.,.,.,.,.,.,.,.
2024,10,11,32,.,.,.,.,.,.,.,.,.,.,.,.,.
2024,10,11,33,.,.,.,.,.,.,.,.,.,.,.,.,.
2024,10,11,34,.,.,.,.,.,.,.,.,.,.,.,.,.
2024,10,11,35,.,.,.,.,.,.,.,.,.,.,.,.,.
2024,10,11,36,.,.,.,.,.,.,.,.,.,.,.,.,.
2024,10,11,37,.,.,.,.,.,.,.,.,.,.,.,.,.
2024,10,11,38,.,.,.,.,.,.,.,.,.,.,.,.,.
2024,10,11,39,.,.,.,.,.,.,.,.,.,.,.,.,.
2024,10,11,40,.,.,.,.,.,.,.,.,.,.,.,.,.
2024,10,11,41,.,.,.,.,.,.,.,.,.,.,.,.,.
2024,10,11,42,.,.,.,.,.,.,.,.,.,.,.,.,.
2024,10,11,43,.,.,.,.,.,.,.,.,.,.,.,.,.
2024,10,11,44,.,.,.,.,.,.,.,.,.,.,.,.,.
2024,10,11,45,.,.,.,.,.,.,.,.,.,.,.,.,.
2024,10,11,46,.,.,.,.,.,.,.,.,.,.,.,.,.
2024,10,11,47,.,.,.,.,.,.,.,.,.,.,.,.,.
2024,10,11,48,.,.,.,.,.,.,.,.,.,.,.,.,.
2024,10,11,49,.,.,.,.,.,.,.,.,.,.,.,.,.
2024,10,11,50,.,.,.,.,.,.,.,.,.,.,.,.,.
2024,10,11,51,.,.,.,.,.,.,.,.,.,.,.,.,.
2024,10,11,52,.,.,.,.,.,.,.,.,.,.,.,.,.
2024,10,11,53,.,.,.,.,.,.,.,.,.,.,.,.,.
2024,10,18,1,.,.,.,.,.,.,.,.,.,.,.,.,.
2024,10,18,2,.,.,.,.,.,.,.,.,.,.,.,.,.
2024,10,18,3,.,.,.,.,.,.,.,.,.,.,.,.,.
2024,10,18,4,.,.,.,.,.,.,.,.,.,.,.,.,.
2024,10,18,5,.,.,.,.,.,.,.,.,.,.,.,.,.
2024,10,18,6,.,.,.,.,.,.,.,.,.,.,.,.,.
2024,10,18,7,.,.,.,.,.,.,.,.,.,.,.,.,.
2024,10,18,8,.,.,.,.,.,.,.,.,.,.,.,.,.
2024,10,18,9,.,.,.,.,.,.,.,.,.,.,.,.,.
2024,10,18,10,.,.,.,.,.,.,.,.,.,.,.,.,.
2024,10,18,11,.,.,.,.,.,.,.,.,.,.,.,.,.
2024,10,18,12,.,.,.,.,.,.,.,.,.,.,.,.,.
2024,10,18,13,.,.,.,.,.,.,.,.,.,.,.,.,.
2024,10,18,14,.,.,.,.,.,.,.,.,.,.,.,.,.
2024,10,18,15,.,.,.,.,.,.,.,.,.,.,.,.,.
2024,10,18,16,.,.,.,.,.,.,.,.,.,.,.,.,.
2024,10,18,17,.,.,.,.,.,.,.,.,.,.,.,.,.
2024,10,18,18,.,.,.,.,.,.,.,.,.,.,.,.,.
2024,10,18,19,.,.,.,.,.,.,.,.,.,.,.,.,.
2024,10,18,20,.,.,.,.,.,.,.,.,.,.,.,.,.
2024,10,18,21,.,.,.,.,.,.,.,.,.,.,.,.,.
2024,10,18,22,.,.,.,.,.,.,.,.,.,.,.,.,.
2024,10,18,23,.,.,.,.,.,.,.,.,.,.,.,.,.
2024,10,18,24,.,.,.,.,.,.,.,.,.,.,.,.,.
2024,10,18,25,.,.,.,.,.,.,.,.,.,.,.,.,.
2024,10,18,26,.,.,.,.,.,.,.,.,.,.,.,.,.
2024,10,18,27,.,.,.,.,.,.,.,.,.,.,.,.,.
2024,10,18,28,.,.,.,.,.,.,.,.,.,.,.,.,.
2024,10,18,29,.,.,.,.,.,.,.,.,.,.,.,.,.
2024,10,18,30,.,.,.,.,.,.,.,.,.,.,.,.,.
2024,10,18,31,.,.,.,.,.,.,.,.,.,.,.,.,.
2024,10,18,32,.,.,.,.,.,.,.,.,.,.,.,.,.
2024,10,18,33,.,.,.,.,.,.,.,.,.,.,.,.,.
2024,10,18,34,.,.,.,.,.,.,.,.,.,.,.,.,.
2024,10,18,35,.,.,.,.,.,.,.,.,.,.,.,.,.
2024,10,18,36,.,.,.,.,.,.,.,.,.,.,.,.,.
2024,10,18,37,.,.,.,.,.,.,.,.,.,.,.,.,.
2024,10,18,38,.,.,.,.,.,.,.,.,.,.,.,.,.
2024,10,18,39,.,.,.,.,.,.,.,.,.,.,.,.,.
2024,10,18,40,.,.,.,.,.,.,.,.,.,.,.,.,.
2024,10,18,41,.,.,.,.,.,.,.,.,.,.,.,.,.
2024,10,18,42,.,.,.,.,.,.,.,.,.,.,.,.,.
2024,10,18,43,.,.,.,.,.,.,.,.,.,.,.,.,.
2024,10,18,44,.,.,.,.,.,.,.,.,.,.,.,.,.
2024,10,18,45,.,.,.,.,.,.,.,.,.,.,.,.,.
2024,10,18,46,.,.,.,.,.,.,.,.,.,.,.,.,.
2024,10,18,47,.,.,.,.,.,.,.,.,.,.,.,.,.
2024,10,18,48,.,.,.,.,.,.,.,.,.,.,.,.,.
2024,10,18,49,.,.,.,.,.,.,.,.,.,.,.,.,.
2024,10,18,50,.,.,.,.,.,.,.,.,.,.,.,.,.
2024,10,18,51,.,.,.,.,.,.,.,.,.,.,.,.,.
2024,10,18,52,.,.,.,.,.,.,.,.,.,.,.,.,.
2024,10,18,53,.,.,.,.,.,.,.,.,.,.,.,.,.
2024,10,25,1,.,.,.,.,.,.,.,.,.,.,.,.,.
2024,10,25,2,.,.,.,.,.,.,.,.,.,.,.,.,.
2024,10,25,3,.,.,.,.,.,.,.,.,.,.,.,.,.
2024,10,25,4,.,.,.,.,.,.,.,.,.,.,.,.,.
2024,10,25,5,.,.,.,.,.,.,.,.,.,.,.,.,.
2024,10,25,6,.,.,.,.,.,.,.,.,.,.,.,.,.
2024,10,25,7,.,.,.,.,.,.,.,.,.,.,.,.,.
2024,10,25,8,.,.,.,.,.,.,.,.,.,.,.,.,.
2024,10,25,9,.,.,.,.,.,.,.,.,.,.,.,.,.
2024,10,25,10,.,.,.,.,.,.,.,.,.,.,.,.,.
2024,10,25,11,.,.,.,.,.,.,.,.,.,.,.,.,.
2024,10,25,12,.,.,.,.,.,.,.,.,.,.,.,.,.
2024,10,25,13,.,.,.,.,.,.,.,.,.,.,.,.,.
2024,10,25,14,.,.,.,.,.,.,.,.,.,.,.,.,.
2024,10,25,15,.,.,.,.,.,.,.,.,.,.,.,.,.
2024,10,25,16,.,.,.,.,.,.,.,.,.,.,.,.,.
2024,10,25,17,.,.,.,.,.,.,.,.,.,.,.,.,.
2024,10,25,18,.,.,.,.,.,.,.,.,.,.,.,.,.
2024,10,25,19,.,.,.,.,.,.,.,.,.,.,.,.,.
2024,10,25,20,.,.,.,.,.,.,.,.,.,.,.,.,.
2024,10,25,21,.,.,.,.,.,.,.,.,.,.,.,.,.
2024,10,25,22,.,.,.,.,.,.,.,.,.,.,.,.,.
2024,10,25,23,.,.,.,.,.,.,.,.,.,.,.,.,.
2024,10,25,24,.,.,.,.,.,.,.,.,.,.,.,.,.
2024,10,25,25,.,.,.,.,.,.,.,.,.,.,.,.,.
2024,10,25,26,.,.,.,.,.,.,.,.,.,.,.,.,.
2024,10,25,27,.,.,.,.,.,.,.,.,.,.,.,.,.
2024,10,25,28,.,.,.,.,.,.,.,.,.,.,.,.,.
2024,10,25,29,.,.,.,.,.,.,.,.,.,.,.,.,.
2024,10,25,30,.,.,.,.,.,.,.,.,.,.,.,.,.
2024,10,25,31,.,.,.,.,.,.,.,.,.,.,.,.,.
2024,10,25,32,.,.,.,.,.,.,.,.,.,.,.,.,.
2024,10,25,33,.,.,.,.,.,.,.,.,.,.,.,.,.
2024,10,25,34,.,.,.,.,.,.,.,.,.,.,.,.,.
2024,10,25,35,.,.,.,.,.,.,.,.,.,.,.,.,.
2024,10,25,36,.,.,.,.,.,.,.,.,.,.,.,.,.
2024,10,25,37,.,.,.,.,.,.,.,.,.,.,.,.,.
2024,10,25,38,.,.,.,.,.,.,.,.,.,.,.,.,.
2024,10,25,39,.,.,.,.,.,.,.,.,.,.,.,.,.
2024,10,25,40,.,.,.,.,.,.,.,.,.,.,.,.,.
2024,10,25,41,.,.,.,.,.,.,.,.,.,.,.,.,.
2024,10,25,42,.,.,.,.,.,.,.,.,.,.,.,.,.
2024,10,25,43,.,.,.,.,.,.,.,.,.,.,.,.,.
2024,10,25,44,.,.,.,.,.,.,.,.,.,.,.,.,.
2024,10,25,45,.,.,.,.,.,.,.,.,.,.,.,.,.
2024,10,25,46,.,.,.,.,.,.,.,.,.,.,.,.,.
2024,10,25,47,.,.,.,.,.,.,.,.,.,.,.,.,.
2024,10,25,48,.,.,.,.,.,.,.,.,.,.,.,.,.
2024,10,25,49,.,.,.,.,.,.,.,.,.,.,.,.,.
2024,10,25,50,.,.,.,.,.,.,.,.,.,.,.,.,.
2024,10,25,51,.,.,.,.,.,.,.,.,.,.,.,.,.
2024,10,25,52,.,.,.,.,.,.,.,.,.,.,.,.,.
2024,10,25,53,.,.,.,.,.,.,.,.,.,.,.,.,.
2024,11,1,1,.,.,.,.,.,.,.,.,.,.,.,.,.
2024,11,1,2,.,.,.,.,.,.,.,.,.,.,.,.,.
2024,11,1,3,.,.,.,.,.,.,.,.,.,.,.,.,.
2024,11,1,4,.,.,.,.,.,.,.,.,.,.,.,.,.
2024,11,1,5,.,.,.,.,.,.,.,.,.,.,.,.,.
2024,11,1,6,.,.,.,.,.,.,.,.,.,.,.,.,.
2024,11,1,7,.,.,.,.,.,.,.,.,.,.,.,.,.
2024,11,1,8,.,.,.,.,.,.,.,.,.,.,.,.,.
2024,11,1,9,.,.,.,.,.,.,.,.,.,.,.,.,.
2024,11,1,10,.,.,.,.,.,.,.,.,.,.,.,.,.
2024,11,1,11,.,.,.,.,.,.,.,.,.,.,.,.,.
2024,11,1,12,.,.,.,.,.,.,.,.,.,.,.,.,.
2024,11,1,13,.,.,.,.,.,.,.,.,.,.,.,.,.
2024,11,1,14,.,.,.,.,.,.,.,.,.,.,.,.,.
2024,11,1,15,.,.,.,.,.,.,.,.,.,.,.,.,.
2024,11,1,16,.,.,.,.,.,.,.,.,.,.,.,.,.
2024,11,1,17,.,.,.,.,.,.,.,.,.,.,.,.,.
2024,11,1,18,.,.,.,.,.,.,.,.,.,.,.,.,.
2024,11,1,19,.,.,.,.,.,.,.,.,.,.,.,.,.
2024,11,1,20,.,.,.,.,.,.,.,.,.,.,.,.,.
2024,11,1,21,.,.,.,.,.,.,.,.,.,.,.,.,.
2024,11,1,22,.,.,.,.,.,.,.,.,.,.,.,.,.
2024,11,1,23,.,.,.,.,.,.,.,.,.,.,.,.,.
2024,11,1,24,.,.,.,.,.,.,.,.,.,.,.,.,.
2024,11,1,25,.,.,.,.,.,.,.,.,.,.,.,.,.
2024,11,1,26,.,.,.,.,.,.,.,.,.,.,.,.,.
2024,11,1,27,.,.,.,.,.,.,.,.,.,.,.,.,.
2024,11,1,28,.,.,.,.,.,.,.,.,.,.,.,.,.
2024,11,1,29,.,.,.,.,.,.,.,.,.,.,.,.,.
2024,11,1,30,.,.,.,.,.,.,.,.,.,.,.,.,.
2024,11,1,31,.,.,.,.,.,.,.,.,.,.,.,.,.
2024,11,1,32,.,.,.,.,.,.,.,.,.,.,.,.,.
2024,11,1,33,.,.,.,.,.,.,.,.,.,.,.,.,.
2024,11,1,34,.,.,.,.,.,.,.,.,.,.,.,.,.
2024,11,1,35,.,.,.,.,.,.,.,.,.,.,.,.,.
2024,11,1,36,.,.,.,.,.,.,.,.,.,.,.,.,.
2024,11,1,37,.,.,.,.,.,.,.,.,.,.,.,.,.
2024,11,1,38,.,.,.,.,.,.,.,.,.,.,.,.,.
2024,11,1,39,.,.,.,.,.,.,.,.,.,.,.,.,.
2024,11,1,40,.,.,.,.,.,.,.,.,.,.,.,.,.
2024,11,1,41,.,.,.,.,.,.,.,.,.,.,.,.,.
2024,11,1,42,.,.,.,.,.,.,.,.,.,.,.,.,.
2024,11,1,43,.,.,.,.,.,.,.,.,.,.,.,.,.
2024,11,1,44,.,.,.,.,.,.,.,.,.,.,.,.,.
2024,11,1,45,.,.,.,.,.,.,.,.,.,.,.,.,.
2024,11,1,46,.,.,.,.,.,.,.,.,.,.,.,.,.
2024,11,1,47,.,.,.,.,.,.,.,.,.,.,.,.,.
2024,11,1,48,.,.,.,.,.,.,.,.,.,.,.,.,.
2024,11,1,49,.,.,.,.,.,.,.,.,.,.,.,.,.
2024,11,1,50,.,.,.,.,.,.,.,.,.,.,.,.,.
2024,11,1,51,.,.,.,.,.,.,.,.,.,.,.,.,.
2024,11,1,52,.,.,.,.,.,.,.,.,.,.,.,.,.
2024,11,1,53,.,.,.,.,.,.,.,.,.,.,.,.,.
2024,11,8,1,.,.,.,.,.,.,.,.,.,.,.,.,.
2024,11,8,2,.,.,.,.,.,.,.,.,.,.,.,.,.
2024,11,8,3,.,.,.,.,.,.,.,.,.,.,.,.,.
2024,11,8,4,.,.,.,.,.,.,.,.,.,.,.,.,.
2024,11,8,5,.,.,.,.,.,.,.,.,.,.,.,.,.
2024,11,8,6,.,.,.,.,.,.,.,.,.,.,.,.,.
2024,11,8,7,.,.,.,.,.,.,.,.,.,.,.,.,.
2024,11,8,8,.,.,.,.,.,.,.,.,.,.,.,.,.
2024,11,8,9,.,.,.,.,.,.,.,.,.,.,.,.,.
2024,11,8,10,.,.,.,.,.,.,.,.,.,.,.,.,.
2024,11,8,11,.,.,.,.,.,.,.,.,.,.,.,.,.
2024,11,8,12,.,.,.,.,.,.,.,.,.,.,.,.,.
2024,11,8,13,.,.,.,.,.,.,.,.,.,.,.,.,.
2024,11,8,14,.,.,.,.,.,.,.,.,.,.,.,.,.
2024,11,8,15,.,.,.,.,.,.,.,.,.,.,.,.,.
2024,11,8,16,.,.,.,.,.,.,.,.,.,.,.,.,.
2024,11,8,17,.,.,.,.,.,.,.,.,.,.,.,.,.
2024,11,8,18,.,.,.,.,.,.,.,.,.,.,.,.,.
2024,11,8,19,.,.,.,.,.,.,.,.,.,.,.,.,.
2024,11,8,20,.,.,.,.,.,.,.,.,.,.,.,.,.
2024,11,8,21,.,.,.,.,.,.,.,.,.,.,.,.,.
2024,11,8,22,.,.,.,.,.,.,.,.,.,.,.,.,.
2024,11,8,23,.,.,.,.,.,.,.,.,.,.,.,.,.
2024,11,8,24,.,.,.,.,.,.,.,.,.,.,.,.,.
2024,11,8,25,.,.,.,.,.,.,.,.,.,.,.,.,.
2024,11,8,26,.,.,.,.,.,.,.,.,.,.,.,.,.
2024,11,8,27,.,.,.,.,.,.,.,.,.,.,.,.,.
2024,11,8,28,.,.,.,.,.,.,.,.,.,.,.,.,.
2024,11,8,29,.,.,.,.,.,.,.,.,.,.,.,.,.
2024,11,8,30,.,.,.,.,.,.,.,.,.,.,.,.,.
2024,11,8,31,.,.,.,.,.,.,.,.,.,.,.,.,.
2024,11,8,32,.,.,.,.,.,.,.,.,.,.,.,.,.
2024,11,8,33,.,.,.,.,.,.,.,.,.,.,.,.,.
2024,11,8,34,.,.,.,.,.,.,.,.,.,.,.,.,.
2024,11,8,35,.,.,.,.,.,.,.,.,.,.,.,.,.
2024,11,8,36,.,.,.,.,.,.,.,.,.,.,.,.,.
2024,11,8,37,.,.,.,.,.,.,.,.,.,.,.,.,.
2024,11,8,38,.,.,.,.,.,.,.,.,.,.,.,.,.
2024,11,8,39,.,.,.,.,.,.,.,.,.,.,.,.,.
2024,11,8,40,.,.,.,.,.,.,.,.,.,.,.,.,.
2024,11,8,41,.,.,.,.,.,.,.,.,.,.,.,.,.
2024,11,8,42,.,.,.,.,.,.,.,.,.,.,.,.,.
2024,11,8,43,.,.,.,.,.,.,.,.,.,.,.,.,.
2024,11,8,44,.,.,.,.,.,.,.,.,.,.,.,.,.
2024,11,8,45,.,.,.,.,.,.,.,.,.,.,.,.,.
2024,11,8,46,.,.,.,.,.,.,.,.,.,.,.,.,.
2024,11,8,47,.,.,.,.,.,.,.,.,.,.,.,.,.
2024,11,8,48,.,.,.,.,.,.,.,.,.,.,.,.,.
2024,11,8,49,.,.,.,.,.,.,.,.,.,.,.,.,.
2024,11,8,50,.,.,.,.,.,.,.,.,.,.,.,.,.
2024,11,8,51,.,.,.,.,.,.,.,.,.,.,.,.,.
2024,11,8,52,.,.,.,.,.,.,.,.,.,.,.,.,.
2024,11,8,53,.,.,.,.,.,.,.,.,.,.,.,.,.
2024,11,15,1,.,.,.,.,.,.,.,.,.,.,.,.,.
2024,11,15,2,.,.,.,.,.,.,.,.,.,.,.,.,.
2024,11,15,3,.,.,.,.,.,.,.,.,.,.,.,.,.
2024,11,15,4,.,.,.,.,.,.,.,.,.,.,.,.,.
2024,11,15,5,.,.,.,.,.,.,.,.,.,.,.,.,.
2024,11,15,6,.,.,.,.,.,.,.,.,.,.,.,.,.
2024,11,15,7,.,.,.,.,.,.,.,.,.,.,.,.,.
2024,11,15,8,.,.,.,.,.,.,.,.,.,.,.,.,.
2024,11,15,9,.,.,.,.,.,.,.,.,.,.,.,.,.
2024,11,15,10,.,.,.,.,.,.,.,.,.,.,.,.,.
2024,11,15,11,.,.,.,.,.,.,.,.,.,.,.,.,.
2024,11,15,12,.,.,.,.,.,.,.,.,.,.,.,.,.
2024,11,15,13,.,.,.,.,.,.,.,.,.,.,.,.,.
2024,11,15,14,.,.,.,.,.,.,.,.,.,.,.,.,.
2024,11,15,15,.,.,.,.,.,.,.,.,.,.,.,.,.
2024,11,15,16,.,.,.,.,.,.,.,.,.,.,.,.,.
2024,11,15,17,.,.,.,.,.,.,.,.,.,.,.,.,.
2024,11,15,18,.,.,.,.,.,.,.,.,.,.,.,.,.
2024,11,15,19,.,.,.,.,.,.,.,.,.,.,.,.,.
2024,11,15,20,.,.,.,.,.,.,.,.,.,.,.,.,.
2024,11,15,21,.,.,.,.,.,.,.,.,.,.,.,.,.
2024,11,15,22,.,.,.,.,.,.,.,.,.,.,.,.,.
2024,11,15,23,.,.,.,.,.,.,.,.,.,.,.,.,.
2024,11,15,24,.,.,.,.,.,.,.,.,.,.,.,.,.
2024,11,15,25,.,.,.,.,.,.,.,.,.,.,.,.,.
2024,11,15,26,.,.,.,.,.,.,.,.,.,.,.,.,.
2024,11,15,27,.,.,.,.,.,.,.,.,.,.,.,.,.
2024,11,15,28,.,.,.,.,.,.,.,.,.,.,.,.,.
2024,11,15,29,.,.,.,.,.,.,.,.,.,.,.,.,.
2024,11,15,30,.,.,.,.,.,.,.,.,.,.,.,.,.
2024,11,15,31,.,.,.,.,.,.,.,.,.,.,.,.,.
2024,11,15,32,.,.,.,.,.,.,.,.,.,.,.,.,.
2024,11,15,33,.,.,.,.,.,.,.,.,.,.,.,.,.
2024,11,15,34,.,.,.,.,.,.,.,.,.,.,.,.,.
2024,11,15,35,.,.,.,.,.,.,.,.,.,.,.,.,.
2024,11,15,36,.,.,.,.,.,.,.,.,.,.,.,.,.
2024,11,15,37,.,.,.,.,.,.,.,.,.,.,.,.,.
2024,11,15,38,.,.,.,.,.,.,.,.,.,.,.,.,.
2024,11,15,39,.,.,.,.,.,.,.,.,.,.,.,.,.
2024,11,15,40,.,.,.,.,.,.,.,.,.,.,.,.,.
2024,11,15,41,.,.,.,.,.,.,.,.,.,.,.,.,.
2024,11,15,42,.,.,.,.,.,.,.,.,.,.,.,.,.
2024,11,15,43,.,.,.,.,.,.,.,.,.,.,.,.,.
2024,11,15,44,.,.,.,.,.,.,.,.,.,.,.,.,.
2024,11,15,45,.,.,.,.,.,.,.,.,.,.,.,.,.
2024,11,15,46,.,.,.,.,.,.,.,.,.,.,.,.,.
2024,11,15,47,.,.,.,.,.,.,.,.,.,.,.,.,.
2024,11,15,48,.,.,.,.,.,.,.,.,.,.,.,.,.
2024,11,15,49,.,.,.,.,.,.,.,.,.,.,.,.,.
2024,11,15,50,.,.,.,.,.,.,.,.,.,.,.,.,.
2024,11,15,51,.,.,.,.,.,.,.,.,.,.,.,.,.
2024,11,15,52,.,.,.,.,.,.,.,.,.,.,.,.,.
2024,11,15,53,.,.,.,.,.,.,.,.,.,.,.,.,.
2024,11,22,1,.,.,.,.,.,.,.,.,.,.,.,.,.
2024,11,22,2,.,.,.,.,.,.,.,.,.,.,.,.,.
2024,11,22,3,.,.,.,.,.,.,.,.,.,.,.,.,.
2024,11,22,4,.,.,.,.,.,.,.,.,.,.,.,.,.
2024,11,22,5,.,.,.,.,.,.,.,.,.,.,.,.,.
2024,11,22,6,.,.,.,.,.,.,.,.,.,.,.,.,.
2024,11,22,7,.,.,.,.,.,.,.,.,.,.,.,.,.
2024,11,22,8,.,.,.,.,.,.,.,.,.,.,.,.,.
2024,11,22,9,.,.,.,.,.,.,.,.,.,.,.,.,.
2024,11,22,10,.,.,.,.,.,.,.,.,.,.,.,.,.
2024,11,22,11,.,.,.,.,.,.,.,.,.,.,.,.,.
2024,11,22,12,.,.,.,.,.,.,.,.,.,.,.,.,.
2024,11,22,13,.,.,.,.,.,.,.,.,.,.,.,.,.
2024,11,22,14,.,.,.,.,.,.,.,.,.,.,.,.,.
2024,11,22,15,.,.,.,.,.,.,.,.,.,.,.,.,.
2024,11,22,16,.,.,.,.,.,.,.,.,.,.,.,.,.
2024,11,22,17,.,.,.,.,.,.,.,.,.,.,.,.,.
2024,11,22,18,.,.,.,.,.,.,.,.,.,.,.,.,.
2024,11,22,19,.,.,.,.,.,.,.,.,.,.,.,.,.
2024,11,22,20,.,.,.,.,.,.,.,.,.,.,.,.,.
2024,11,22,21,.,.,.,.,.,.,.,.,.,.,.,.,.
2024,11,22,22,.,.,.,.,.,.,.,.,.,.,.,.,.
2024,11,22,23,.,.,.,.,.,.,.,.,.,.,.,.,.
2024,11,22,24,.,.,.,.,.,.,.,.,.,.,.,.,.
2024,11,22,25,.,.,.,.,.,.,.,.,.,.,.,.,.
2024,11,22,26,.,.,.,.,.,.,.,.,.,.,.,.,.
2024,11,22,27,.,.,.,.,.,.,.,.,.,.,.,.,.
2024,11,22,28,.,.,.,.,.,.,.,.,.,.,.,.,.
2024,11,22,29,.,.,.,.,.,.,.,.,.,.,.,.,.
2024,11,22,30,.,.,.,.,.,.,.,.,.,.,.,.,.
2024,11,22,31,.,.,.,.,.,.,.,.,.,.,.,.,.
2024,11,22,32,.,.,.,.,.,.,.,.,.,.,.,.,.
2024,11,22,33,.,.,.,.,.,.,.,.,.,.,.,.,.
2024,11,22,34,.,.,.,.,.,.,.,.,.,.,.,.,.
2024,11,22,35,.,.,.,.,.,.,.,.,.,.,.,.,.
2024,11,22,36,.,.,.,.,.,.,.,.,.,.,.,.,.
2024,11,22,37,.,.,.,.,.,.,.,.,.,.,.,.,.
2024,11,22,38,.,.,.,.,.,.,.,.,.,.,.,.,.
2024,11,22,39,.,.,.,.,.,.,.,.,.,.,.,.,.
2024,11,22,40,.,.,.,.,.,.,.,.,.,.,.,.,.
2024,11,22,41,.,.,.,.,.,.,.,.,.,.,.,.,.
2024,11,22,42,.,.,.,.,.,.,.,.,.,.,.,.,.
2024,11,22,43,.,.,.,.,.,.,.,.,.,.,.,.,.
2024,11,22,44,.,.,.,.,.,.,.,.,.,.,.,.,.
2024,11,22,45,.,.,.,.,.,.,.,.,.,.,.,.,.
2024,11,22,46,.,.,.,.,.,.,.,.,.,.,.,.,.
2024,11,22,47,.,.,.,.,.,.,.,.,.,.,.,.,.
2024,11,22,48,.,.,.,.,.,.,.,.,.,.,.,.,.
2024,11,22,49,.,.,.,.,.,.,.,.,.,.,.,.,.
2024,11,22,50,.,.,.,.,.,.,.,.,.,.,.,.,.
2024,11,22,51,.,.,.,.,.,.,.,.,.,.,.,.,.
2024,11,22,52,.,.,.,.,.,.,.,.,.,.,.,.,.
2024,11,22,53,.,.,.,.,.,.,.,.,.,.,.,.,.
2024,11,29,1,.,.,.,.,.,.,.,.,.,.,.,.,.
2024,11,29,2,.,.,.,.,.,.,.,.,.,.,.,.,.
2024,11,29,3,.,.,.,.,.,.,.,.,.,.,.,.,.
2024,11,29,4,.,.,.,.,.,.,.,.,.,.,.,.,.
2024,11,29,5,.,.,.,.,.,.,.,.,.,.,.,.,.
2024,11,29,6,.,.,.,.,.,.,.,.,.,.,.,.,.
2024,11,29,7,.,.,.,.,.,.,.,.,.,.,.,.,.
2024,11,29,8,.,.,.,.,.,.,.,.,.,.,.,.,.
2024,11,29,9,.,.,.,.,.,.,.,.,.,.,.,.,.
2024,11,29,10,.,.,.,.,.,.,.,.,.,.,.,.,.
2024,11,29,11,.,.,.,.,.,.,.,.,.,.,.,.,.
2024,11,29,12,.,.,.,.,.,.,.,.,.,.,.,.,.
2024,11,29,13,.,.,.,.,.,.,.,.,.,.,.,.,.
2024,11,29,14,.,.,.,.,.,.,.,.,.,.,.,.,.
2024,11,29,15,.,.,.,.,.,.,.,.,.,.,.,.,.
2024,11,29,16,.,.,.,.,.,.,.,.,.,.,.,.,.
2024,11,29,17,.,.,.,.,.,.,.,.,.,.,.,.,.
2024,11,29,18,.,.,.,.,.,.,.,.,.,.,.,.,.
2024,11,29,19,.,.,.,.,.,.,.,.,.,.,.,.,.
2024,11,29,20,.,.,.,.,.,.,.,.,.,.,.,.,.
2024,11,29,21,.,.,.,.,.,.,.,.,.,.,.,.,.
2024,11,29,22,.,.,.,.,.,.,.,.,.,.,.,.,.
2024,11,29,23,.,.,.,.,.,.,.,.,.,.,.,.,.
2024,11,29,24,.,.,.,.,.,.,.,.,.,.,.,.,.
2024,11,29,25,.,.,.,.,.,.,.,.,.,.,.,.,.
2024,11,29,26,.,.,.,.,.,.,.,.,.,.,.,.,.
2024,11,29,27,.,.,.,.,.,.,.,.,.,.,.,.,.
2024,11,29,28,.,.,.,.,.,.,.,.,.,.,.,.,.
2024,11,29,29,.,.,.,.,.,.,.,.,.,.,.,.,.
2024,11,29,30,.,.,.,.,.,.,.,.,.,.,.,.,.
2024,11,29,31,.,.,.,.,.,.,.,.,.,.,.,.,.
2024,11,29,32,.,.,.,.,.,.,.,.,.,.,.,.,.
2024,11,29,33,.,.,.,.,.,.,.,.,.,.,.,.,.
2024,11,29,34,.,.,.,.,.,.,.,.,.,.,.,.,.
2024,11,29,35,.,.,.,.,.,.,.,.,.,.,.,.,.
2024,11,29,36,.,.,.,.,.,.,.,.,.,.,.,.,.
2024,11,29,37,.,.,.,.,.,.,.,.,.,.,.,.,.
2024,11,29,38,.,.,.,.,.,.,.,.,.,.,.,.,.
2024,11,29,39,.,.,.,.,.,.,.,.,.,.,.,.,.
2024,11,29,40,.,.,.,.,.,.,.,.,.,.,.,.,.
2024,11,29,41,.,.,.,.,.,.,.,.,.,.,.,.,.
2024,11,29,42,.,.,.,.,.,.,.,.,.,.,.,.,.
2024,11,29,43,.,.,.,.,.,.,.,.,.,.,.,.,.
2024,11,29,44,.,.,.,.,.,.,.,.,.,.,.,.,.
2024,11,29,45,.,.,.,.,.,.,.,.,.,.,.,.,.
2024,11,29,46,.,.,.,.,.,.,.,.,.,.,.,.,.
2024,11,29,47,.,.,.,.,.,.,.,.,.,.,.,.,.
2024,11,29,48,.,.,.,.,.,.,.,.,.,.,.,.,.
2024,11,29,49,.,.,.,.,.,.,.,.,.,.,.,.,.
2024,11,29,50,.,.,.,.,.,.,.,.,.,.,.,.,.
2024,11,29,51,.,.,.,.,.,.,.,.,.,.,.,.,.
2024,11,29,52,.,.,.,.,.,.,.,.,.,.,.,.,.
2024,11,29,53,.,.,.,.,.,.,.,.,.,.,.,.,.
2024,12,6,1,.,.,.,.,.,.,.,.,.,.,.,.,.
2024,12,6,2,.,.,.,.,.,.,.,.,.,.,.,.,.
2024,12,6,3,.,.,.,.,.,.,.,.,.,.,.,.,.
2024,12,6,4,.,.,.,.,.,.,.,.,.,.,.,.,.
2024,12,6,5,.,.,.,.,.,.,.,.,.,.,.,.,.
2024,12,6,6,.,.,.,.,.,.,.,.,.,.,.,.,.
2024,12,6,7,.,.,.,.,.,.,.,.,.,.,.,.,.
2024,12,6,8,.,.,.,.,.,.,.,.,.,.,.,.,.
2024,12,6,9,.,.,.,.,.,.,.,.,.,.,.,.,.
2024,12,6,10,.,.,.,.,.,.,.,.,.,.,.,.,.
2024,12,6,11,.,.,.,.,.,.,.,.,.,.,.,.,.
2024,12,6,12,.,.,.,.,.,.,.,.,.,.,.,.,.
2024,12,6,13,.,.,.,.,.,.,.,.,.,.,.,.,.
2024,12,6,14,.,.,.,.,.,.,.,.,.,.,.,.,.
2024,12,6,15,.,.,.,.,.,.,.,.,.,.,.,.,.
2024,12,6,16,.,.,.,.,.,.,.,.,.,.,.,.,.
2024,12,6,17,.,.,.,.,.,.,.,.,.,.,.,.,.
2024,12,6,18,.,.,.,.,.,.,.,.,.,.,.,.,.
2024,12,6,19,.,.,.,.,.,.,.,.,.,.,.,.,.
2024,12,6,20,.,.,.,.,.,.,.,.,.,.,.,.,.
2024,12,6,21,.,.,.,.,.,.,.,.,.,.,.,.,.
2024,12,6,22,.,.,.,.,.,.,.,.,.,.,.,.,.
2024,12,6,23,.,.,.,.,.,.,.,.,.,.,.,.,.
2024,12,6,24,.,.,.,.,.,.,.,.,.,.,.,.,.
2024,12,6,25,.,.,.,.,.,.,.,.,.,.,.,.,.
2024,12,6,26,.,.,.,.,.,.,.,.,.,.,.,.,.
2024,12,6,27,.,.,.,.,.,.,.,.,.,.,.,.,.
2024,12,6,28,.,.,.,.,.,.,.,.,.,.,.,.,.
2024,12,6,29,.,.,.,.,.,.,.,.,.,.,.,.,.
2024,12,6,30,.,.,.,.,.,.,.,.,.,.,.,.,.
2024,12,6,31,.,.,.,.,.,.,.,.,.,.,.,.,.
2024,12,6,32,.,.,.,.,.,.,.,.,.,.,.,.,.
2024,12,6,33,.,.,.,.,.,.,.,.,.,.,.,.,.
2024,12,6,34,.,.,.,.,.,.,.,.,.,.,.,.,.
2024,12,6,35,.,.,.,.,.,.,.,.,.,.,.,.,.
2024,12,6,36,.,.,.,.,.,.,.,.,.,.,.,.,.
2024,12,6,37,.,.,.,.,.,.,.,.,.,.,.,.,.
2024,12,6,38,.,.,.,.,.,.,.,.,.,.,.,.,.
2024,12,6,39,.,.,.,.,.,.,.,.,.,.,.,.,.
2024,12,6,40,.,.,.,.,.,.,.,.,.,.,.,.,.
2024,12,6,41,.,.,.,.,.,.,.,.,.,.,.,.,.
2024,12,6,42,.,.,.,.,.,.,.,.,.,.,.,.,.
2024,12,6,43,.,.,.,.,.,.,.,.,.,.,.,.,.
2024,12,6,44,.,.,.,.,.,.,.,.,.,.,.,.,.
2024,12,6,45,.,.,.,.,.,.,.,.,.,.,.,.,.
2024,12,6,46,.,.,.,.,.,.,.,.,.,.,.,.,.
2024,12,6,47,.,.,.,.,.,.,.,.,.,.,.,.,.
2024,12,6,48,.,.,.,.,.,.,.,.,.,.,.,.,.
2024,12,6,49,.,.,.,.,.,.,.,.,.,.,.,.,.
2024,12,6,50,.,.,.,.,.,.,.,.,.,.,.,.,.
2024,12,6,51,.,.,.,.,.,.,.,.,.,.,.,.,.
2024,12,6,52,.,.,.,.,.,.,.,.,.,.,.,.,.
2024,12,6,53,.,.,.,.,.,.,.,.,.,.,.,.,.
2024,12,13,1,.,.,.,.,.,.,.,.,.,.,.,.,.
2024,12,13,2,.,.,.,.,.,.,.,.,.,.,.,.,.
2024,12,13,3,.,.,.,.,.,.,.,.,.,.,.,.,.
2024,12,13,4,.,.,.,.,.,.,.,.,.,.,.,.,.
2024,12,13,5,.,.,.,.,.,.,.,.,.,.,.,.,.
2024,12,13,6,.,.,.,.,.,.,.,.,.,.,.,.,.
2024,12,13,7,.,.,.,.,.,.,.,.,.,.,.,.,.
2024,12,13,8,.,.,.,.,.,.,.,.,.,.,.,.,.
2024,12,13,9,.,.,.,.,.,.,.,.,.,.,.,.,.
2024,12,13,10,.,.,.,.,.,.,.,.,.,.,.,.,.
2024,12,13,11,.,.,.,.,.,.,.,.,.,.,.,.,.
2024,12,13,12,.,.,.,.,.,.,.,.,.,.,.,.,.
2024,12,13,13,.,.,.,.,.,.,.,.,.,.,.,.,.
2024,12,13,14,.,.,.,.,.,.,.,.,.,.,.,.,.
2024,12,13,15,.,.,.,.,.,.,.,.,.,.,.,.,.
2024,12,13,16,.,.,.,.,.,.,.,.,.,.,.,.,.
2024,12,13,17,.,.,.,.,.,.,.,.,.,.,.,.,.
2024,12,13,18,.,.,.,.,.,.,.,.,.,.,.,.,.
2024,12,13,19,.,.,.,.,.,.,.,.,.,.,.,.,.
2024,12,13,20,.,.,.,.,.,.,.,.,.,.,.,.,.
2024,12,13,21,.,.,.,.,.,.,.,.,.,.,.,.,.
2024,12,13,22,.,.,.,.,.,.,.,.,.,.,.,.,.
2024,12,13,23,.,.,.,.,.,.,.,.,.,.,.,.,.
2024,12,13,24,.,.,.,.,.,.,.,.,.,.,.,.,.
2024,12,13,25,.,.,.,.,.,.,.,.,.,.,.,.,.
2024,12,13,26,.,.,.,.,.,.,.,.,.,.,.,.,.
2024,12,13,27,.,.,.,.,.,.,.,.,.,.,.,.,.
2024,12,13,28,.,.,.,.,.,.,.,.,.,.,.,.,.
2024,12,13,29,.,.,.,.,.,.,.,.,.,.,.,.,.
2024,12,13,30,.,.,.,.,.,.,.,.,.,.,.,.,.
2024,12,13,31,.,.,.,.,.,.,.,.,.,.,.,.,.
2024,12,13,32,.,.,.,.,.,.,.,.,.,.,.,.,.
2024,12,13,33,.,.,.,.,.,.,.,.,.,.,.,.,.
2024,12,13,34,.,.,.,.,.,.,.,.,.,.,.,.,.
2024,12,13,35,.,.,.,.,.,.,.,.,.,.,.,.,.
2024,12,13,36,.,.,.,.,.,.,.,.,.,.,.,.,.
2024,12,13,37,.,.,.,.,.,.,.,.,.,.,.,.,.
2024,12,13,38,.,.,.,.,.,.,.,.,.,.,.,.,.
2024,12,13,39,.,.,.,.,.,.,.,.,.,.,.,.,.
2024,12,13,40,.,.,.,.,.,.,.,.,.,.,.,.,.
2024,12,13,41,.,.,.,.,.,.,.,.,.,.,.,.,.
2024,12,13,42,.,.,.,.,.,.,.,.,.,.,.,.,.
2024,12,13,43,.,.,.,.,.,.,.,.,.,.,.,.,.
2024,12,13,44,.,.,.,.,.,.,.,.,.,.,.,.,.
2024,12,13,45,.,.,.,.,.,.,.,.,.,.,.,.,.
2024,12,13,46,.,.,.,.,.,.,.,.,.,.,.,.,.
2024,12,13,47,.,.,.,.,.,.,.,.,.,.,.,.,.
2024,12,13,48,.,.,.,.,.,.,.,.,.,.,.,.,.
2024,12,13,49,.,.,.,.,.,.,.,.,.,.,.,.,.
2024,12,13,50,.,.,.,.,.,.,.,.,.,.,.,.,.
2024,12,13,51,.,.,.,.,.,.,.,.,.,.,.,.,.
2024,12,13,52,.,.,.,.,.,.,.,.,.,.,.,.,.
2024,12,13,53,.,.,.,.,.,.,.,.,.,.,.,.,.
2024,12,20,1,.,.,.,.,.,.,.,.,.,.,.,.,.
2024,12,20,2,.,.,.,.,.,.,.,.,.,.,.,.,.
2024,12,20,3,.,.,.,.,.,.,.,.,.,.,.,.,.
2024,12,20,4,.,.,.,.,.,.,.,.,.,.,.,.,.
2024,12,20,5,.,.,.,.,.,.,.,.,.,.,.,.,.
2024,12,20,6,.,.,.,.,.,.,.,.,.,.,.,.,.
2024,12,20,7,.,.,.,.,.,.,.,.,.,.,.,.,.
2024,12,20,8,.,.,.,.,.,.,.,.,.,.,.,.,.
2024,12,20,9,.,.,.,.,.,.,.,.,.,.,.,.,.
2024,12,20,10,.,.,.,.,.,.,.,.,.,.,.,.,.
2024,12,20,11,.,.,.,.,.,.,.,.,.,.,.,.,.
2024,12,20,12,.,.,.,.,.,.,.,.,.,.,.,.,.
2024,12,20,13,.,.,.,.,.,.,.,.,.,.,.,.,.
2024,12,20,14,.,.,.,.,.,.,.,.,.,.,.,.,.
2024,12,20,15,.,.,.,.,.,.,.,.,.,.,.,.,.
2024,12,20,16,.,.,.,.,.,.,.,.,.,.,.,.,.
2024,12,20,17,.,.,.,.,.,.,.,.,.,.,.,.,.
2024,12,20,18,.,.,.,.,.,.,.,.,.,.,.,.,.
2024,12,20,19,.,.,.,.,.,.,.,.,.,.,.,.,.
2024,12,20,20,.,.,.,.,.,.,.,.,.,.,.,.,.
2024,12,20,21,.,.,.,.,.,.,.,.,.,.,.,.,.
2024,12,20,22,.,.,.,.,.,.,.,.,.,.,.,.,.
2024,12,20,23,.,.,.,.,.,.,.,.,.,.,.,.,.
2024,12,20,24,.,.,.,.,.,.,.,.,.,.,.,.,.
2024,12,20,25,.,.,.,.,.,.,.,.,.,.,.,.,.
2024,12,20,26,.,.,.,.,.,.,.,.,.,.,.,.,.
2024,12,20,27,.,.,.,.,.,.,.,.,.,.,.,.,.
2024,12,20,28,.,.,.,.,.,.,.,.,.,.,.,.,.
2024,12,20,29,.,.,.,.,.,.,.,.,.,.,.,.,.
2024,12,20,30,.,.,.,.,.,.,.,.,.,.,.,.,.
2024,12,20,31,.,.,.,.,.,.,.,.,.,.,.,.,.
2024,12,20,32,.,.,.,.,.,.,.,.,.,.,.,.,.
2024,12,20,33,.,.,.,.,.,.,.,.,.,.,.,.,.
2024,12,20,34,.,.,.,.,.,.,.,.,.,.,.,.,.
2024,12,20,35,.,.,.,.,.,.,.,.,.,.,.,.,.
2024,12,20,36,.,.,.,.,.,.,.,.,.,.,.,.,.
2024,12,20,37,.,.,.,.,.,.,.,.,.,.,.,.,.
2024,12,20,38,.,.,.,.,.,.,.,.,.,.,.,.,.
2024,12,20,39,.,.,.,.,.,.,.,.,.,.,.,.,.
2024,12,20,40,.,.,.,.,.,.,.,.,.,.,.,.,.
2024,12,20,41,.,.,.,.,.,.,.,.,.,.,.,.,.
2024,12,20,42,.,.,.,.,.,.,.,.,.,.,.,.,.
2024,12,20,43,.,.,.,.,.,.,.,.,.,.,.,.,.
2024,12,20,44,.,.,.,.,.,.,.,.,.,.,.,.,.
2024,12,20,45,.,.,.,.,.,.,.,.,.,.,.,.,.
2024,12,20,46,.,.,.,.,.,.,.,.,.,.,.,.,.
2024,12,20,47,.,.,.,.,.,.,.,.,.,.,.,.,.
2024,12,20,48,.,.,.,.,.,.,.,.,.,.,.,.,.
2024,12,20,49,.,.,.,.,.,.,.,.,.,.,.,.,.
2024,12,20,50,.,.,.,.,.,.,.,.,.,.,.,.,.
2024,12,20,51,.,.,.,.,.,.,.,.,.,.,.,.,.
2024,12,20,52,.,.,.,.,.,.,.,.,.,.,.,.,.
2024,12,20,53,.,.,.,.,.,.,.,.,.,.,.,.,.
2024,12,27,1,.,.,.,.,.,.,.,.,.,.,.,.,.
2024,12,27,2,.,.,.,.,.,.,.,.,.,.,.,.,.
2024,12,27,3,.,.,.,.,.,.,.,.,.,.,.,.,.
2024,12,27,4,.,.,.,.,.,.,.,.,.,.,.,.,.
2024,12,27,5,.,.,.,.,.,.,.,.,.,.,.,.,.
2024,12,27,6,.,.,.,.,.,.,.,.,.,.,.,.,.
2024,12,27,7,.,.,.,.,.,.,.,.,.,.,.,.,.
2024,12,27,8,.,.,.,.,.,.,.,.,.,.,.,.,.
2024,12,27,9,.,.,.,.,.,.,.,.,.,.,.,.,.
2024,12,27,10,.,.,.,.,.,.,.,.,.,.,.,.,.
2024,12,27,11,.,.,.,.,.,.,.,.,.,.,.,.,.
2024,12,27,12,.,.,.,.,.,.,.,.,.,.,.,.,.
2024,12,27,13,.,.,.,.,.,.,.,.,.,.,.,.,.
2024,12,27,14,.,.,.,.,.,.,.,.,.,.,.,.,.
2024,12,27,15,.,.,.,.,.,.,.,.,.,.,.,.,.
2024,12,27,16,.,.,.,.,.,.,.,.,.,.,.,.,.
2024,12,27,17,.,.,.,.,.,.,.,.,.,.,.,.,.
2024,12,27,18,.,.,.,.,.,.,.,.,.,.,.,.,.
2024,12,27,19,.,.,.,.,.,.,.,.,.,.,.,.,.
2024,12,27,20,.,.,.,.,.,.,.,.,.,.,.,.,.
2024,12,27,21,.,.,.,.,.,.,.,.,.,.,.,.,.
2024,12,27,22,.,.,.,.,.,.,.,.,.,.,.,.,.
2024,12,27,23,.,.,.,.,.,.,.,.,.,.,.,.,.
2024,12,27,24,.,.,.,.,.,.,.,.,.,.,.,.,.
2024,12,27,25,.,.,.,.,.,.,.,.,.,.,.,.,.
2024,12,27,26,.,.,.,.,.,.,.,.,.,.,.,.,.
2024,12,27,27,.,.,.,.,.,.,.,.,.,.,.,.,.
2024,12,27,28,.,.,.,.,.,.,.,.,.,.,.,.,.
2024,12,27,29,.,.,.,.,.,.,.,.,.,.,.,.,.
2024,12,27,30,.,.,.,.,.,.,.,.,.,.,.,.,.
2024,12,27,31,.,.,.,.,.,.,.,.,.,.,.,.,.
2024,12,27,32,.,.,.,.,.,.,.,.,.,.,.,.,.
2024,12,27,33,.,.,.,.,.,.,.,.,.,.,.,.,.
2024,12,27,34,.,.,.,.,.,.,.,.,.,.,.,.,.
2024,12,27,35,.,.,.,.,.,.,.,.,.,.,.,.,.
2024,12,27,36,.,.,.,.,.,.,.,.,.,.,.,.,.
2024,12,27,37,.,.,.,.,.,.,.,.,.,.,.,.,.
2024,12,27,38,.,.,.,.,.,.,.,.,.,.,.,.,.
2024,12,27,39,.,.,.,.,.,.,.,.,.,.,.,.,.
2024,12,27,40,.,.,.,.,.,.,.,.,.,.,.,.,.
2024,12,27,41,.,.,.,.,.,.,.,.,.,.,.,.,.
2024,12,27,42,.,.,.,.,.,.,.,.,.,.,.,.,.
2024,12,27,43,.,.,.,.,.,.,.,.,.,.,.,.,.
2024,12,27,44,.,.,.,.,.,.,.,.,.,.,.,.,.
2024,12,27,45,.,.,.,.,.,.,.,.,.,.,.,.,.
2024,12,27,46,.,.,.,.,.,.,.,.,.,.,.,.,.
2024,12,27,47,.,.,.,.,.,.,.,.,.,.,.,.,.
2024,12,27,48,.,.,.,.,.,.,.,.,.,.,.,.,.
2024,12,27,49,.,.,.,.,.,.,.,.,.,.,.,.,.
2024,12,27,50,.,.,.,.,.,.,.,.,.,.,.,.,.
2024,12,27,51,.,.,.,.,.,.,.,.,.,.,.,.,.
2024,12,27,52,.,.,.,.,.,.,.,.,.,.,.,.,.
2024,12,27,53,.,.,.,.,.,.,.,.,.,.,.,.,.
2025,1,3,1,.,.,.,.,.,.,.,.,.,.,.,.,.
2025,1,3,2,.,.,.,.,.,.,.,.,.,.,.,.,.
2025,1,3,3,.,.,.,.,.,.,.,.,.,.,.,.,.
2025,1,3,4,.,.,.,.,.,.,.,.,.,.,.,.,.
2025,1,3,5,.,.,.,.,.,.,.,.,.,.,.,.,.
2025,1,3,6,.,.,.,.,.,.,.,.,.,.,.,.,.
2025,1,3,7,.,.,.,.,.,.,.,.,.,.,.,.,.
2025,1,3,8,.,.,.,.,.,.,.,.,.,.,.,.,.
2025,1,3,9,.,.,.,.,.,.,.,.,.,.,.,.,.
2025,1,3,10,.,.,.,.,.,.,.,.,.,.,.,.,.
2025,1,3,11,.,.,.,.,.,.,.,.,.,.,.,.,.
2025,1,3,12,.,.,.,.,.,.,.,.,.,.,.,.,.
2025,1,3,13,.,.,.,.,.,.,.,.,.,.,.,.,.
2025,1,3,14,.,.,.,.,.,.,.,.,.,.,.,.,.
2025,1,3,15,.,.,.,.,.,.,.,.,.,.,.,.,.
2025,1,3,16,.,.,.,.,.,.,.,.,.,.,.,.,.
2025,1,3,17,.,.,.,.,.,.,.,.,.,.,.,.,.
2025,1,3,18,.,.,.,.,.,.,.,.,.,.,.,.,.
2025,1,3,19,.,.,.,.,.,.,.,.,.,.,.,.,.
2025,1,3,20,.,.,.,.,.,.,.,.,.,.,.,.,.
2025,1,3,21,.,.,.,.,.,.,.,.,.,.,.,.,.
2025,1,3,22,.,.,.,.,.,.,.,.,.,.,.,.,.
2025,1,3,23,.,.,.,.,.,.,.,.,.,.,.,.,.
2025,1,3,24,.,.,.,.,.,.,.,.,.,.,.,.,.
2025,1,3,25,.,.,.,.,.,.,.,.,.,.,.,.,.
2025,1,3,26,.,.,.,.,.,.,.,.,.,.,.,.,.
2025,1,3,27,.,.,.,.,.,.,.,.,.,.,.,.,.
2025,1,3,28,.,.,.,.,.,.,.,.,.,.,.,.,.
2025,1,3,29,.,.,.,.,.,.,.,.,.,.,.,.,.
2025,1,3,30,.,.,.,.,.,.,.,.,.,.,.,.,.
2025,1,3,31,.,.,.,.,.,.,.,.,.,.,.,.,.
2025,1,3,32,.,.,.,.,.,.,.,.,.,.,.,.,.
2025,1,3,33,.,.,.,.,.,.,.,.,.,.,.,.,.
2025,1,3,34,.,.,.,.,.,.,.,.,.,.,.,.,.
2025,1,3,35,.,.,.,.,.,.,.,.,.,.,.,.,.
2025,1,3,36,.,.,.,.,.,.,.,.,.,.,.,.,.
2025,1,3,37,.,.,.,.,.,.,.,.,.,.,.,.,.
2025,1,3,38,.,.,.,.,.,.,.,.,.,.,.,.,.
2025,1,3,39,.,.,.,.,.,.,.,.,.,.,.,.,.
2025,1,3,40,.,.,.,.,.,.,.,.,.,.,.,.,.
2025,1,3,41,.,.,.,.,.,.,.,.,.,.,.,.,.
2025,1,3,42,.,.,.,.,.,.,.,.,.,.,.,.,.
2025,1,3,43,.,.,.,.,.,.,.,.,.,.,.,.,.
2025,1,3,44,.,.,.,.,.,.,.,.,.,.,.,.,.
2025,1,3,45,.,.,.,.,.,.,.,.,.,.,.,.,.
2025,1,3,46,.,.,.,.,.,.,.,.,.,.,.,.,.
2025,1,3,47,.,.,.,.,.,.,.,.,.,.,.,.,.
2025,1,3,48,.,.,.,.,.,.,.,.,.,.,.,.,.
2025,1,3,49,.,.,.,.,.,.,.,.,.,.,.,.,.
2025,1,3,50,.,.,.,.,.,.,.,.,.,.,.,.,.
2025,1,3,51,.,.,.,.,.,.,.,.,.,.,.,.,.
2025,1,3,52,.,.,.,.,.,.,.,.,.,.,.,.,.
2025,1,3,53,.,.,.,.,.,.,.,.,.,.,.,.,.
2025,1,10,1,.,.,.,.,.,.,.,.,.,.,.,.,.
2025,1,10,2,.,.,.,.,.,.,.,.,.,.,.,.,.
2025,1,10,3,.,.,.,.,.,.,.,.,.,.,.,.,.
2025,1,10,4,.,.,.,.,.,.,.,.,.,.,.,.,.
2025,1,10,5,.,.,.,.,.,.,.,.,.,.,.,.,.
2025,1,10,6,.,.,.,.,.,.,.,.,.,.,.,.,.
2025,1,10,7,.,.,.,.,.,.,.,.,.,.,.,.,.
2025,1,10,8,.,.,.,.,.,.,.,.,.,.,.,.,.
2025,1,10,9,.,.,.,.,.,.,.,.,.,.,.,.,.
2025,1,10,10,.,.,.,.,.,.,.,.,.,.,.,.,.
2025,1,10,11,.,.,.,.,.,.,.,.,.,.,.,.,.
2025,1,10,12,.,.,.,.,.,.,.,.,.,.,.,.,.
2025,1,10,13,.,.,.,.,.,.,.,.,.,.,.,.,.
2025,1,10,14,.,.,.,.,.,.,.,.,.,.,.,.,.
2025,1,10,15,.,.,.,.,.,.,.,.,.,.,.,.,.
2025,1,10,16,.,.,.,.,.,.,.,.,.,.,.,.,.
2025,1,10,17,.,.,.,.,.,.,.,.,.,.,.,.,.
2025,1,10,18,.,.,.,.,.,.,.,.,.,.,.,.,.
2025,1,10,19,.,.,.,.,.,.,.,.,.,.,.,.,.
2025,1,10,20,.,.,.,.,.,.,.,.,.,.,.,.,.
2025,1,10,21,.,.,.,.,.,.,.,.,.,.,.,.,.
2025,1,10,22,.,.,.,.,.,.,.,.,.,.,.,.,.
2025,1,10,23,.,.,.,.,.,.,.,.,.,.,.,.,.
2025,1,10,24,.,.,.,.,.,.,.,.,.,.,.,.,.
2025,1,10,25,.,.,.,.,.,.,.,.,.,.,.,.,.
2025,1,10,26,.,.,.,.,.,.,.,.,.,.,.,.,.
2025,1,10,27,.,.,.,.,.,.,.,.,.,.,.,.,.
2025,1,10,28,.,.,.,.,.,.,.,.,.,.,.,.,.
2025,1,10,29,.,.,.,.,.,.,.,.,.,.,.,.,.
2025,1,10,30,.,.,.,.,.,.,.,.,.,.,.,.,.
2025,1,10,31,.,.,.,.,.,.,.,.,.,.,.,.,.
2025,1,10,32,.,.,.,.,.,.,.,.,.,.,.,.,.
2025,1,10,33,.,.,.,.,.,.,.,.,.,.,.,.,.
2025,1,10,34,.,.,.,.,.,.,.,.,.,.,.,.,.
2025,1,10,35,.,.,.,.,.,.,.,.,.,.,.,.,.
2025,1,10,36,.,.,.,.,.,.,.,.,.,.,.,.,.
2025,1,10,37,.,.,.,.,.,.,.,.,.,.,.,.,.
2025,1,10,38,.,.,.,.,.,.,.,.,.,.,.,.,.
2025,1,10,39,.,.,.,.,.,.,.,.,.,.,.,.,.
2025,1,10,40,.,.,.,.,.,.,.,.,.,.,.,.,.
2025,1,10,41,.,.,.,.,.,.,.,.,.,.,.,.,.
2025,1,10,42,.,.,.,.,.,.,.,.,.,.,.,.,.
2025,1,10,43,.,.,.,.,.,.,.,.,.,.,.,.,.
2025,1,10,44,.,.,.,.,.,.,.,.,.,.,.,.,.
2025,1,10,45,.,.,.,.,.,.,.,.,.,.,.,.,.
2025,1,10,46,.,.,.,.,.,.,.,.,.,.,.,.,.
2025,1,10,47,.,.,.,.,.,.,.,.,.,.,.,.,.
2025,1,10,48,.,.,.,.,.,.,.,.,.,.,.,.,.
2025,1,10,49,.,.,.,.,.,.,.,.,.,.,.,.,.
2025,1,10,50,.,.,.,.,.,.,.,.,.,.,.,.,.
2025,1,10,51,.,.,.,.,.,.,.,.,.,.,.,.,.
2025,1,10,52,.,.,.,.,.,.,.,.,.,.,.,.,.
2025,1,10,53,.,.,.,.,.,.,.,.,.,.,.,.,.
2025,1,17,1,.,.,.,.,.,.,.,.,.,.,.,.,.
2025,1,17,2,.,.,.,.,.,.,.,.,.,.,.,.,.
2025,1,17,3,.,.,.,.,.,.,.,.,.,.,.,.,.
2025,1,17,4,.,.,.,.,.,.,.,.,.,.,.,.,.
2025,1,17,5,.,.,.,.,.,.,.,.,.,.,.,.,.
2025,1,17,6,.,.,.,.,.,.,.,.,.,.,.,.,.
2025,1,17,7,.,.,.,.,.,.,.,.,.,.,.,.,.
2025,1,17,8,.,.,.,.,.,.,.,.,.,.,.,.,.
2025,1,17,9,.,.,.,.,.,.,.,.,.,.,.,.,.
2025,1,17,10,.,.,.,.,.,.,.,.,.,.,.,.,.
2025,1,17,11,.,.,.,.,.,.,.,.,.,.,.,.,.
2025,1,17,12,.,.,.,.,.,.,.,.,.,.,.,.,.
2025,1,17,13,.,.,.,.,.,.,.,.,.,.,.,.,.
2025,1,17,14,.,.,.,.,.,.,.,.,.,.,.,.,.
2025,1,17,15,.,.,.,.,.,.,.,.,.,.,.,.,.
2025,1,17,16,.,.,.,.,.,.,.,.,.,.,.,.,.
2025,1,17,17,.,.,.,.,.,.,.,.,.,.,.,.,.
2025,1,17,18,.,.,.,.,.,.,.,.,.,.,.,.,.
2025,1,17,19,.,.,.,.,.,.,.,.,.,.,.,.,.
2025,1,17,20,.,.,.,.,.,.,.,.,.,.,.,.,.
2025,1,17,21,.,.,.,.,.,.,.,.,.,.,.,.,.
2025,1,17,22,.,.,.,.,.,.,.,.,.,.,.,.,.
2025,1,17,23,.,.,.,.,.,.,.,.,.,.,.,.,.
2025,1,17,24,.,.,.,.,.,.,.,.,.,.,.,.,.
2025,1,17,25,.,.,.,.,.,.,.,.,.,.,.,.,.
2025,1,17,26,.,.,.,.,.,.,.,.,.,.,.,.,.
2025,1,17,27,.,.,.,.,.,.,.,.,.,.,.,.,.
2025,1,17,28,.,.,.,.,.,.,.,.,.,.,.,.,.
2025,1,17,29,.,.,.,.,.,.,.,.,.,.,.,.,.
2025,1,17,30,.,.,.,.,.,.,.,.,.,.,.,.,.
2025,1,17,31,.,.,.,.,.,.,.,.,.,.,.,.,.
2025,1,17,32,.,.,.,.,.,.,.,.,.,.,.,.,.
2025,1,17,33,.,.,.,.,.,.,.,.,.,.,.,.,.
2025,1,17,34,.,.,.,.,.,.,.,.,.,.,.,.,.
2025,1,17,35,.,.,.,.,.,.,.,.,.,.,.,.,.
2025,1,17,36,.,.,.,.,.,.,.,.,.,.,.,.,.
2025,1,17,37,.,.,.,.,.,.,.,.,.,.,.,.,.
2025,1,17,38,.,.,.,.,.,.,.,.,.,.,.,.,.
2025,1,17,39,.,.,.,.,.,.,.,.,.,.,.,.,.
2025,1,17,40,.,.,.,.,.,.,.,.,.,.,.,.,.
2025,1,17,41,.,.,.,.,.,.,.,.,.,.,.,.,.
2025,1,17,42,.,.,.,.,.,.,.,.,.,.,.,.,.
2025,1,17,43,.,.,.,.,.,.,.,.,.,.,.,.,.
2025,1,17,44,.,.,.,.,.,.,.,.,.,.,.,.,.
2025,1,17,45,.,.,.,.,.,.,.,.,.,.,.,.,.
2025,1,17,46,.,.,.,.,.,.,.,.,.,.,.,.,.
2025,1,17,47,.,.,.,.,.,.,.,.,.,.,.,.,.
2025,1,17,48,.,.,.,.,.,.,.,.,.,.,.,.,.
2025,1,17,49,.,.,.,.,.,.,.,.,.,.,.,.,.
2025,1,17,50,.,.,.,.,.,.,.,.,.,.,.,.,.
2025,1,17,51,.,.,.,.,.,.,.,.,.,.,.,.,.
2025,1,17,52,.,.,.,.,.,.,.,.,.,.,.,.,.
2025,1,17,53,.,.,.,.,.,.,.,.,.,.,.,.,.
2025,1,24,1,.,.,.,.,.,.,.,.,.,.,.,.,.
2025,1,24,2,.,.,.,.,.,.,.,.,.,.,.,.,.
2025,1,24,3,.,.,.,.,.,.,.,.,.,.,.,.,.
2025,1,24,4,.,.,.,.,.,.,.,.,.,.,.,.,.
2025,1,24,5,.,.,.,.,.,.,.,.,.,.,.,.,.
2025,1,24,6,.,.,.,.,.,.,.,.,.,.,.,.,.
2025,1,24,7,.,.,.,.,.,.,.,.,.,.,.,.,.
2025,1,24,8,.,.,.,.,.,.,.,.,.,.,.,.,.
2025,1,24,9,.,.,.,.,.,.,.,.,.,.,.,.,.
2025,1,24,10,.,.,.,.,.,.,.,.,.,.,.,.,.
2025,1,24,11,.,.,.,.,.,.,.,.,.,.,.,.,.
2025,1,24,12,.,.,.,.,.,.,.,.,.,.,.,.,.
2025,1,24,13,.,.,.,.,.,.,.,.,.,.,.,.,.
2025,1,24,14,.,.,.,.,.,.,.,.,.,.,.,.,.
2025,1,24,15,.,.,.,.,.,.,.,.,.,.,.,.,.
2025,1,24,16,.,.,.,.,.,.,.,.,.,.,.,.,.
2025,1,24,17,.,.,.,.,.,.,.,.,.,.,.,.,.
2025,1,24,18,.,.,.,.,.,.,.,.,.,.,.,.,.
2025,1,24,19,.,.,.,.,.,.,.,.,.,.,.,.,.
2025,1,24,20,.,.,.,.,.,.,.,.,.,.,.,.,.
2025,1,24,21,.,.,.,.,.,.,.,.,.,.,.,.,.
2025,1,24,22,.,.,.,.,.,.,.,.,.,.,.,.,.
2025,1,24,23,.,.,.,.,.,.,.,.,.,.,.,.,.
2025,1,24,24,.,.,.,.,.,.,.,.,.,.,.,.,.
2025,1,24,25,.,.,.,.,.,.,.,.,.,.,.,.,.
2025,1,24,26,.,.,.,.,.,.,.,.,.,.,.,.,.
2025,1,24,27,.,.,.,.,.,.,.,.,.,.,.,.,.
2025,1,24,28,.,.,.,.,.,.,.,.,.,.,.,.,.
2025,1,24,29,.,.,.,.,.,.,.,.,.,.,.,.,.
2025,1,24,30,.,.,.,.,.,.,.,.,.,.,.,.,.
2025,1,24,31,.,.,.,.,.,.,.,.,.,.,.,.,.
2025,1,24,32,.,.,.,.,.,.,.,.,.,.,.,.,.
2025,1,24,33,.,.,.,.,.,.,.,.,.,.,.,.,.
2025,1,24,34,.,.,.,.,.,.,.,.,.,.,.,.,.
2025,1,24,35,.,.,.,.,.,.,.,.,.,.,.,.,.
2025,1,24,36,.,.,.,.,.,.,.,.,.,.,.,.,.
2025,1,24,37,.,.,.,.,.,.,.,.,.,.,.,.,.
2025,1,24,38,.,.,.,.,.,.,.,.,.,.,.,.,.
2025,1,24,39,.,.,.,.,.,.,.,.,.,.,.,.,.
2025,1,24,40,.,.,.,.,.,.,.,.,.,.,.,.,.
2025,1,24,41,.,.,.,.,.,.,.,.,.,.,.,.,.
2025,1,24,42,.,.,.,.,.,.,.,.,.,.,.,.,.
2025,1,24,43,.,.,.,.,.,.,.,.,.,.,.,.,.
2025,1,24,44,.,.,.,.,.,.,.,.,.,.,.,.,.
2025,1,24,45,.,.,.,.,.,.,.,.,.,.,.,.,.
2025,1,24,46,.,.,.,.,.,.,.,.,.,.,.,.,.
2025,1,24,47,.,.,.,.,.,.,.,.,.,.,.,.,.
2025,1,24,48,.,.,.,.,.,.,.,.,.,.,.,.,.
2025,1,24,49,.,.,.,.,.,.,.,.,.,.,.,.,.
2025,1,24,50,.,.,.,.,.,.,.,.,.,.,.,.,.
2025,1,24,51,.,.,.,.,.,.,.,.,.,.,.,.,.
2025,1,24,52,.,.,.,.,.,.,.,.,.,.,.,.,.
2025,1,24,53,.,.,.,.,.,.,.,.,.,.,.,.,.
2025,1,31,1,.,.,.,.,.,.,.,.,.,.,.,.,.
2025,1,31,2,.,.,.,.,.,.,.,.,.,.,.,.,.
2025,1,31,3,.,.,.,.,.,.,.,.,.,.,.,.,.
2025,1,31,4,.,.,.,.,.,.,.,.,.,.,.,.,.
2025,1,31,5,.,.,.,.,.,.,.,.,.,.,.,.,.
2025,1,31,6,.,.,.,.,.,.,.,.,.,.,.,.,.
2025,1,31,7,.,.,.,.,.,.,.,.,.,.,.,.,.
2025,1,31,8,.,.,.,.,.,.,.,.,.,.,.,.,.
2025,1,31,9,.,.,.,.,.,.,.,.,.,.,.,.,.
2025,1,31,10,.,.,.,.,.,.,.,.,.,.,.,.,.
2025,1,31,11,.,.,.,.,.,.,.,.,.,.,.,.,.
2025,1,31,12,.,.,.,.,.,.,.,.,.,.,.,.,.
2025,1,31,13,.,.,.,.,.,.,.,.,.,.,.,.,.
2025,1,31,14,.,.,.,.,.,.,.,.,.,.,.,.,.
2025,1,31,15,.,.,.,.,.,.,.,.,.,.,.,.,.
2025,1,31,16,.,.,.,.,.,.,.,.,.,.,.,.,.
2025,1,31,17,.,.,.,.,.,.,.,.,.,.,.,.,.
2025,1,31,18,.,.,.,.,.,.,.,.,.,.,.,.,.
2025,1,31,19,.,.,.,.,.,.,.,.,.,.,.,.,.
2025,1,31,20,.,.,.,.,.,.,.,.,.,.,.,.,.
2025,1,31,21,.,.,.,.,.,.,.,.,.,.,.,.,.
2025,1,31,22,.,.,.,.,.,.,.,.,.,.,.,.,.
2025,1,31,23,.,.,.,.,.,.,.,.,.,.,.,.,.
2025,1,31,24,.,.,.,.,.,.,.,.,.,.,.,.,.
2025,1,31,25,.,.,.,.,.,.,.,.,.,.,.,.,.
2025,1,31,26,.,.,.,.,.,.,.,.,.,.,.,.,.
2025,1,31,27,.,.,.,.,.,.,.,.,.,.,.,.,.
2025,1,31,28,.,.,.,.,.,.,.,.,.,.,.,.,.
2025,1,31,29,.,.,.,.,.,.,.,.,.,.,.,.,.
2025,1,31,30,.,.,.,.,.,.,.,.,.,.,.,.,.
2025,1,31,31,.,.,.,.,.,.,.,.,.,.,.,.,.
2025,1,31,32,.,.,.,.,.,.,.,.,.,.,.,.,.
2025,1,31,33,.,.,.,.,.,.,.,.,.,.,.,.,.
2025,1,31,34,.,.,.,.,.,.,.,.,.,.,.,.,.
2025,1,31,35,.,.,.,.,.,.,.,.,.,.,.,.,.
2025,1,31,36,.,.,.,.,.,.,.,.,.,.,.,.,.
2025,1,31,37,.,.,.,.,.,.,.,.,.,.,.,.,.
2025,1,31,38,.,.,.,.,.,.,.,.,.,.,.,.,.
2025,1,31,39,.,.,.,.,.,.,.,.,.,.,.,.,.
2025,1,31,40,.,.,.,.,.,.,.,.,.,.,.,.,.
2025,1,31,41,.,.,.,.,.,.,.,.,.,.,.,.,.
2025,1,31,42,.,.,.,.,.,.,.,.,.,.,.,.,.
2025,1,31,43,.,.,.,.,.,.,.,.,.,.,.,.,.
2025,1,31,44,.,.,.,.,.,.,.,.,.,.,.,.,.
2025,1,31,45,.,.,.,.,.,.,.,.,.,.,.,.,.
2025,1,31,46,.,.,.,.,.,.,.,.,.,.,.,.,.
2025,1,31,47,.,.,.,.,.,.,.,.,.,.,.,.,.
2025,1,31,48,.,.,.,.,.,.,.,.,.,.,.,.,.
2025,1,31,49,.,.,.,.,.,.,.,.,.,.,.,.,.
2025,1,31,50,.,.,.,.,.,.,.,.,.,.,.,.,.
2025,1,31,51,.,.,.,.,.,.,.,.,.,.,.,.,.
2025,1,31,52,.,.,.,.,.,.,.,.,.,.,.,.,.
2025,1,31,53,.,.,.,.,.,.,.,.,.,.,.,.,.
2025,2,7,1,.,.,.,.,.,.,.,.,.,.,.,.,.
2025,2,7,2,.,.,.,.,.,.,.,.,.,.,.,.,.
2025,2,7,3,.,.,.,.,.,.,.,.,.,.,.,.,.
2025,2,7,4,.,.,.,.,.,.,.,.,.,.,.,.,.
2025,2,7,5,.,.,.,.,.,.,.,.,.,.,.,.,.
2025,2,7,6,.,.,.,.,.,.,.,.,.,.,.,.,.
2025,2,7,7,.,.,.,.,.,.,.,.,.,.,.,.,.
2025,2,7,8,.,.,.,.,.,.,.,.,.,.,.,.,.
2025,2,7,9,.,.,.,.,.,.,.,.,.,.,.,.,.
2025,2,7,10,.,.,.,.,.,.,.,.,.,.,.,.,.
2025,2,7,11,.,.,.,.,.,.,.,.,.,.,.,.,.
2025,2,7,12,.,.,.,.,.,.,.,.,.,.,.,.,.
2025,2,7,13,.,.,.,.,.,.,.,.,.,.,.,.,.
2025,2,7,14,.,.,.,.,.,.,.,.,.,.,.,.,.
2025,2,7,15,.,.,.,.,.,.,.,.,.,.,.,.,.
2025,2,7,16,.,.,.,.,.,.,.,.,.,.,.,.,.
2025,2,7,17,.,.,.,.,.,.,.,.,.,.,.,.,.
2025,2,7,18,.,.,.,.,.,.,.,.,.,.,.,.,.
2025,2,7,19,.,.,.,.,.,.,.,.,.,.,.,.,.
2025,2,7,20,.,.,.,.,.,.,.,.,.,.,.,.,.
2025,2,7,21,.,.,.,.,.,.,.,.,.,.,.,.,.
2025,2,7,22,.,.,.,.,.,.,.,.,.,.,.,.,.
2025,2,7,23,.,.,.,.,.,.,.,.,.,.,.,.,.
2025,2,7,24,.,.,.,.,.,.,.,.,.,.,.,.,.
2025,2,7,25,.,.,.,.,.,.,.,.,.,.,.,.,.
2025,2,7,26,.,.,.,.,.,.,.,.,.,.,.,.,.
2025,2,7,27,.,.,.,.,.,.,.,.,.,.,.,.,.
2025,2,7,28,.,.,.,.,.,.,.,.,.,.,.,.,.
2025,2,7,29,.,.,.,.,.,.,.,.,.,.,.,.,.
2025,2,7,30,.,.,.,.,.,.,.,.,.,.,.,.,.
2025,2,7,31,.,.,.,.,.,.,.,.,.,.,.,.,.
2025,2,7,32,.,.,.,.,.,.,.,.,.,.,.,.,.
2025,2,7,33,.,.,.,.,.,.,.,.,.,.,.,.,.
2025,2,7,34,.,.,.,.,.,.,.,.,.,.,.,.,.
2025,2,7,35,.,.,.,.,.,.,.,.,.,.,.,.,.
2025,2,7,36,.,.,.,.,.,.,.,.,.,.,.,.,.
2025,2,7,37,.,.,.,.,.,.,.,.,.,.,.,.,.
2025,2,7,38,.,.,.,.,.,.,.,.,.,.,.,.,.
2025,2,7,39,.,.,.,.,.,.,.,.,.,.,.,.,.
2025,2,7,40,.,.,.,.,.,.,.,.,.,.,.,.,.
2025,2,7,41,.,.,.,.,.,.,.,.,.,.,.,.,.
2025,2,7,42,.,.,.,.,.,.,.,.,.,.,.,.,.
2025,2,7,43,.,.,.,.,.,.,.,.,.,.,.,.,.
2025,2,7,44,.,.,.,.,.,.,.,.,.,.,.,.,.
2025,2,7,45,.,.,.,.,.,.,.,.,.,.,.,.,.
2025,2,7,46,.,.,.,.,.,.,.,.,.,.,.,.,.
2025,2,7,47,.,.,.,.,.,.,.,.,.,.,.,.,.
2025,2,7,48,.,.,.,.,.,.,.,.,.,.,.,.,.
2025,2,7,49,.,.,.,.,.,.,.,.,.,.,.,.,.
2025,2,7,50,.,.,.,.,.,.,.,.,.,.,.,.,.
2025,2,7,51,.,.,.,.,.,.,.,.,.,.,.,.,.
2025,2,7,52,.,.,.,.,.,.,.,.,.,.,.,.,.
2025,2,7,53,.,.,.,.,.,.,.,.,.,.,.,.,.
2025,2,14,1,.,.,.,.,.,.,.,.,.,.,.,.,.
2025,2,14,2,.,.,.,.,.,.,.,.,.,.,.,.,.
2025,2,14,3,.,.,.,.,.,.,.,.,.,.,.,.,.
2025,2,14,4,.,.,.,.,.,.,.,.,.,.,.,.,.
2025,2,14,5,.,.,.,.,.,.,.,.,.,.,.,.,.
2025,2,14,6,.,.,.,.,.,.,.,.,.,.,.,.,.
2025,2,14,7,.,.,.,.,.,.,.,.,.,.,.,.,.
2025,2,14,8,.,.,.,.,.,.,.,.,.,.,.,.,.
2025,2,14,9,.,.,.,.,.,.,.,.,.,.,.,.,.
2025,2,14,10,.,.,.,.,.,.,.,.,.,.,.,.,.
2025,2,14,11,.,.,.,.,.,.,.,.,.,.,.,.,.
2025,2,14,12,.,.,.,.,.,.,.,.,.,.,.,.,.
2025,2,14,13,.,.,.,.,.,.,.,.,.,.,.,.,.
2025,2,14,14,.,.,.,.,.,.,.,.,.,.,.,.,.
2025,2,14,15,.,.,.,.,.,.,.,.,.,.,.,.,.
2025,2,14,16,.,.,.,.,.,.,.,.,.,.,.,.,.
2025,2,14,17,.,.,.,.,.,.,.,.,.,.,.,.,.
2025,2,14,18,.,.,.,.,.,.,.,.,.,.,.,.,.
2025,2,14,19,.,.,.,.,.,.,.,.,.,.,.,.,.
2025,2,14,20,.,.,.,.,.,.,.,.,.,.,.,.,.
2025,2,14,21,.,.,.,.,.,.,.,.,.,.,.,.,.
2025,2,14,22,.,.,.,.,.,.,.,.,.,.,.,.,.
2025,2,14,23,.,.,.,.,.,.,.,.,.,.,.,.,.
2025,2,14,24,.,.,.,.,.,.,.,.,.,.,.,.,.
2025,2,14,25,.,.,.,.,.,.,.,.,.,.,.,.,.
2025,2,14,26,.,.,.,.,.,.,.,.,.,.,.,.,.
2025,2,14,27,.,.,.,.,.,.,.,.,.,.,.,.,.
2025,2,14,28,.,.,.,.,.,.,.,.,.,.,.,.,.
2025,2,14,29,.,.,.,.,.,.,.,.,.,.,.,.,.
2025,2,14,30,.,.,.,.,.,.,.,.,.,.,.,.,.
2025,2,14,31,.,.,.,.,.,.,.,.,.,.,.,.,.
2025,2,14,32,.,.,.,.,.,.,.,.,.,.,.,.,.
2025,2,14,33,.,.,.,.,.,.,.,.,.,.,.,.,.
2025,2,14,34,.,.,.,.,.,.,.,.,.,.,.,.,.
2025,2,14,35,.,.,.,.,.,.,.,.,.,.,.,.,.
2025,2,14,36,.,.,.,.,.,.,.,.,.,.,.,.,.
2025,2,14,37,.,.,.,.,.,.,.,.,.,.,.,.,.
2025,2,14,38,.,.,.,.,.,.,.,.,.,.,.,.,.
2025,2,14,39,.,.,.,.,.,.,.,.,.,.,.,.,.
2025,2,14,40,.,.,.,.,.,.,.,.,.,.,.,.,.
2025,2,14,41,.,.,.,.,.,.,.,.,.,.,.,.,.
2025,2,14,42,.,.,.,.,.,.,.,.,.,.,.,.,.
2025,2,14,43,.,.,.,.,.,.,.,.,.,.,.,.,.
2025,2,14,44,.,.,.,.,.,.,.,.,.,.,.,.,.
2025,2,14,45,.,.,.,.,.,.,.,.,.,.,.,.,.
2025,2,14,46,.,.,.,.,.,.,.,.,.,.,.,.,.
2025,2,14,47,.,.,.,.,.,.,.,.,.,.,.,.,.
2025,2,14,48,.,.,.,.,.,.,.,.,.,.,.,.,.
2025,2,14,49,.,.,.,.,.,.,.,.,.,.,.,.,.
2025,2,14,50,.,.,.,.,.,.,.,.,.,.,.,.,.
2025,2,14,51,.,.,.,.,.,.,.,.,.,.,.,.,.
2025,2,14,52,.,.,.,.,.,.,.,.,.,.,.,.,.
2025,2,14,53,.,.,.,.,.,.,.,.,.,.,.,.,.
2025,2,21,1,.,.,.,.,.,.,.,.,.,.,.,.,.
2025,2,21,2,.,.,.,.,.,.,.,.,.,.,.,.,.
2025,2,21,3,.,.,.,.,.,.,.,.,.,.,.,.,.
2025,2,21,4,.,.,.,.,.,.,.,.,.,.,.,.,.
2025,2,21,5,.,.,.,.,.,.,.,.,.,.,.,.,.
2025,2,21,6,.,.,.,.,.,.,.,.,.,.,.,.,.
2025,2,21,7,.,.,.,.,.,.,.,.,.,.,.,.,.
2025,2,21,8,.,.,.,.,.,.,.,.,.,.,.,.,.
2025,2,21,9,.,.,.,.,.,.,.,.,.,.,.,.,.
2025,2,21,10,.,.,.,.,.,.,.,.,.,.,.,.,.
2025,2,21,11,.,.,.,.,.,.,.,.,.,.,.,.,.
2025,2,21,12,.,.,.,.,.,.,.,.,.,.,.,.,.
2025,2,21,13,.,.,.,.,.,.,.,.,.,.,.,.,.
2025,2,21,14,.,.,.,.,.,.,.,.,.,.,.,.,.
2025,2,21,15,.,.,.,.,.,.,.,.,.,.,.,.,.
2025,2,21,16,.,.,.,.,.,.,.,.,.,.,.,.,.
2025,2,21,17,.,.,.,.,.,.,.,.,.,.,.,.,.
2025,2,21,18,.,.,.,.,.,.,.,.,.,.,.,.,.
2025,2,21,19,.,.,.,.,.,.,.,.,.,.,.,.,.
2025,2,21,20,.,.,.,.,.,.,.,.,.,.,.,.,.
2025,2,21,21,.,.,.,.,.,.,.,.,.,.,.,.,.
2025,2,21,22,.,.,.,.,.,.,.,.,.,.,.,.,.
2025,2,21,23,.,.,.,.,.,.,.,.,.,.,.,.,.
2025,2,21,24,.,.,.,.,.,.,.,.,.,.,.,.,.
2025,2,21,25,.,.,.,.,.,.,.,.,.,.,.,.,.
2025,2,21,26,.,.,.,.,.,.,.,.,.,.,.,.,.
2025,2,21,27,.,.,.,.,.,.,.,.,.,.,.,.,.
2025,2,21,28,.,.,.,.,.,.,.,.,.,.,.,.,.
2025,2,21,29,.,.,.,.,.,.,.,.,.,.,.,.,.
2025,2,21,30,.,.,.,.,.,.,.,.,.,.,.,.,.
2025,2,21,31,.,.,.,.,.,.,.,.,.,.,.,.,.
2025,2,21,32,.,.,.,.,.,.,.,.,.,.,.,.,.
2025,2,21,33,.,.,.,.,.,.,.,.,.,.,.,.,.
2025,2,21,34,.,.,.,.,.,.,.,.,.,.,.,.,.
2025,2,21,35,.,.,.,.,.,.,.,.,.,.,.,.,.
2025,2,21,36,.,.,.,.,.,.,.,.,.,.,.,.,.
2025,2,21,37,.,.,.,.,.,.,.,.,.,.,.,.,.
2025,2,21,38,.,.,.,.,.,.,.,.,.,.,.,.,.
2025,2,21,39,.,.,.,.,.,.,.,.,.,.,.,.,.
2025,2,21,40,.,.,.,.,.,.,.,.,.,.,.,.,.
2025,2,21,41,.,.,.,.,.,.,.,.,.,.,.,.,.
2025,2,21,42,.,.,.,.,.,.,.,.,.,.,.,.,.
2025,2,21,43,.,.,.,.,.,.,.,.,.,.,.,.,.
2025,2,21,44,.,.,.,.,.,.,.,.,.,.,.,.,.
2025,2,21,45,.,.,.,.,.,.,.,.,.,.,.,.,.
2025,2,21,46,.,.,.,.,.,.,.,.,.,.,.,.,.
2025,2,21,47,.,.,.,.,.,.,.,.,.,.,.,.,.
2025,2,21,48,.,.,.,.,.,.,.,.,.,.,.,.,.
2025,2,21,49,.,.,.,.,.,.,.,.,.,.,.,.,.
2025,2,21,50,.,.,.,.,.,.,.,.,.,.,.,.,.
2025,2,21,51,.,.,.,.,.,.,.,.,.,.,.,.,.
2025,2,21,52,.,.,.,.,.,.,.,.,.,.,.,.,.
2025,2,21,53,.,.,.,.,.,.,.,.,.,.,.,.,.
2025,2,28,1,.,.,.,.,.,.,.,.,.,.,.,.,.
2025,2,28,2,.,.,.,.,.,.,.,.,.,.,.,.,.
2025,2,28,3,.,.,.,.,.,.,.,.,.,.,.,.,.
2025,2,28,4,.,.,.,.,.,.,.,.,.,.,.,.,.
2025,2,28,5,.,.,.,.,.,.,.,.,.,.,.,.,.
2025,2,28,6,.,.,.,.,.,.,.,.,.,.,.,.,.
2025,2,28,7,.,.,.,.,.,.,.,.,.,.,.,.,.
2025,2,28,8,.,.,.,.,.,.,.,.,.,.,.,.,.
2025,2,28,9,.,.,.,.,.,.,.,.,.,.,.,.,.
2025,2,28,10,.,.,.,.,.,.,.,.,.,.,.,.,.
2025,2,28,11,.,.,.,.,.,.,.,.,.,.,.,.,.
2025,2,28,12,.,.,.,.,.,.,.,.,.,.,.,.,.
2025,2,28,13,.,.,.,.,.,.,.,.,.,.,.,.,.
2025,2,28,14,.,.,.,.,.,.,.,.,.,.,.,.,.
2025,2,28,15,.,.,.,.,.,.,.,.,.,.,.,.,.
2025,2,28,16,.,.,.,.,.,.,.,.,.,.,.,.,.
2025,2,28,17,.,.,.,.,.,.,.,.,.,.,.,.,.
2025,2,28,18,.,.,.,.,.,.,.,.,.,.,.,.,.
2025,2,28,19,.,.,.,.,.,.,.,.,.,.,.,.,.
2025,2,28,20,.,.,.,.,.,.,.,.,.,.,.,.,.
2025,2,28,21,.,.,.,.,.,.,.,.,.,.,.,.,.
2025,2,28,22,.,.,.,.,.,.,.,.,.,.,.,.,.
2025,2,28,23,.,.,.,.,.,.,.,.,.,.,.,.,.
2025,2,28,24,.,.,.,.,.,.,.,.,.,.,.,.,.
2025,2,28,25,.,.,.,.,.,.,.,.,.,.,.,.,.
2025,2,28,26,.,.,.,.,.,.,.,.,.,.,.,.,.
2025,2,28,27,.,.,.,.,.,.,.,.,.,.,.,.,.
2025,2,28,28,.,.,.,.,.,.,.,.,.,.,.,.,.
2025,2,28,29,.,.,.,.,.,.,.,.,.,.,.,.,.
2025,2,28,30,.,.,.,.,.,.,.,.,.,.,.,.,.
2025,2,28,31,.,.,.,.,.,.,.,.,.,.,.,.,.
2025,2,28,32,.,.,.,.,.,.,.,.,.,.,.,.,.
2025,2,28,33,.,.,.,.,.,.,.,.,.,.,.,.,.
2025,2,28,34,.,.,.,.,.,.,.,.,.,.,.,.,.
2025,2,28,35,.,.,.,.,.,.,.,.,.,.,.,.,.
2025,2,28,36,.,.,.,.,.,.,.,.,.,.,.,.,.
2025,2,28,37,.,.,.,.,.,.,.,.,.,.,.,.,.
2025,2,28,38,.,.,.,.,.,.,.,.,.,.,.,.,.
2025,2,28,39,.,.,.,.,.,.,.,.,.,.,.,.,.
2025,2,28,40,.,.,.,.,.,.,.,.,.,.,.,.,.
2025,2,28,41,.,.,.,.,.,.,.,.,.,.,.,.,.
2025,2,28,42,.,.,.,.,.,.,.,.,.,.,.,.,.
2025,2,28,43,.,.,.,.,.,.,.,.,.,.,.,.,.
2025,2,28,44,.,.,.,.,.,.,.,.,.,.,.,.,.
2025,2,28,45,.,.,.,.,.,.,.,.,.,.,.,.,.
2025,2,28,46,.,.,.,.,.,.,.,.,.,.,.,.,.
2025,2,28,47,.,.,.,.,.,.,.,.,.,.,.,.,.
2025,2,28,48,.,.,.,.,.,.,.,.,.,.,.,.,.
2025,2,28,49,.,.,.,.,.,.,.,.,.,.,.,.,.
2025,2,28,50,.,.,.,.,.,.,.,.,.,.,.,.,.
2025,2,28,51,.,.,.,.,.,.,.,.,.,.,.,.,.
2025,2,28,52,.,.,.,.,.,.,.,.,.,.,.,.,.
2025,2,28,53,.,.,.,.,.,.,.,.,.,.,.,.,.
2025,3,7,1,.,.,.,.,.,.,.,.,.,.,.,.,.
2025,3,7,2,.,.,.,.,.,.,.,.,.,.,.,.,.
2025,3,7,3,.,.,.,.,.,.,.,.,.,.,.,.,.
2025,3,7,4,.,.,.,.,.,.,.,.,.,.,.,.,.
2025,3,7,5,.,.,.,.,.,.,.,.,.,.,.,.,.
2025,3,7,6,.,.,.,.,.,.,.,.,.,.,.,.,.
2025,3,7,7,.,.,.,.,.,.,.,.,.,.,.,.,.
2025,3,7,8,.,.,.,.,.,.,.,.,.,.,.,.,.
2025,3,7,9,.,.,.,.,.,.,.,.,.,.,.,.,.
2025,3,7,10,.,.,.,.,.,.,.,.,.,.,.,.,.
2025,3,7,11,.,.,.,.,.,.,.,.,.,.,.,.,.
2025,3,7,12,.,.,.,.,.,.,.,.,.,.,.,.,.
2025,3,7,13,.,.,.,.,.,.,.,.,.,.,.,.,.
2025,3,7,14,.,.,.,.,.,.,.,.,.,.,.,.,.
2025,3,7,15,.,.,.,.,.,.,.,.,.,.,.,.,.
2025,3,7,16,.,.,.,.,.,.,.,.,.,.,.,.,.
2025,3,7,17,.,.,.,.,.,.,.,.,.,.,.,.,.
2025,3,7,18,.,.,.,.,.,.,.,.,.,.,.,.,.
2025,3,7,19,.,.,.,.,.,.,.,.,.,.,.,.,.
2025,3,7,20,.,.,.,.,.,.,.,.,.,.,.,.,.
2025,3,7,21,.,.,.,.,.,.,.,.,.,.,.,.,.
2025,3,7,22,.,.,.,.,.,.,.,.,.,.,.,.,.
2025,3,7,23,.,.,.,.,.,.,.,.,.,.,.,.,.
2025,3,7,24,.,.,.,.,.,.,.,.,.,.,.,.,.
2025,3,7,25,.,.,.,.,.,.,.,.,.,.,.,.,.
2025,3,7,26,.,.,.,.,.,.,.,.,.,.,.,.,.
2025,3,7,27,.,.,.,.,.,.,.,.,.,.,.,.,.
2025,3,7,28,.,.,.,.,.,.,.,.,.,.,.,.,.
2025,3,7,29,.,.,.,.,.,.,.,.,.,.,.,.,.
2025,3,7,30,.,.,.,.,.,.,.,.,.,.,.,.,.
2025,3,7,31,.,.,.,.,.,.,.,.,.,.,.,.,.
2025,3,7,32,.,.,.,.,.,.,.,.,.,.,.,.,.
2025,3,7,33,.,.,.,.,.,.,.,.,.,.,.,.,.
2025,3,7,34,.,.,.,.,.,.,.,.,.,.,.,.,.
2025,3,7,35,.,.,.,.,.,.,.,.,.,.,.,.,.
2025,3,7,36,.,.,.,.,.,.,.,.,.,.,.,.,.
2025,3,7,37,.,.,.,.,.,.,.,.,.,.,.,.,.
2025,3,7,38,.,.,.,.,.,.,.,.,.,.,.,.,.
2025,3,7,39,.,.,.,.,.,.,.,.,.,.,.,.,.
2025,3,7,40,.,.,.,.,.,.,.,.,.,.,.,.,.
2025,3,7,41,.,.,.,.,.,.,.,.,.,.,.,.,.
2025,3,7,42,.,.,.,.,.,.,.,.,.,.,.,.,.
2025,3,7,43,.,.,.,.,.,.,.,.,.,.,.,.,.
2025,3,7,44,.,.,.,.,.,.,.,.,.,.,.,.,.
2025,3,7,45,.,.,.,.,.,.,.,.,.,.,.,.,.
2025,3,7,46,.,.,.,.,.,.,.,.,.,.,.,.,.
2025,3,7,47,.,.,.,.,.,.,.,.,.,.,.,.,.
2025,3,7,48,.,.,.,.,.,.,.,.,.,.,.,.,.
2025,3,7,49,.,.,.,.,.,.,.,.,.,.,.,.,.
2025,3,7,50,.,.,.,.,.,.,.,.,.,.,.,.,.
2025,3,7,51,.,.,.,.,.,.,.,.,.,.,.,.,.
2025,3,7,52,.,.,.,.,.,.,.,.,.,.,.,.,.
2025,3,7,53,.,.,.,.,.,.,.,.,.,.,.,.,.
2025,3,14,1,.,.,.,.,.,.,.,.,.,.,.,.,.
2025,3,14,2,.,.,.,.,.,.,.,.,.,.,.,.,.
2025,3,14,3,.,.,.,.,.,.,.,.,.,.,.,.,.
2025,3,14,4,.,.,.,.,.,.,.,.,.,.,.,.,.
2025,3,14,5,.,.,.,.,.,.,.,.,.,.,.,.,.
2025,3,14,6,.,.,.,.,.,.,.,.,.,.,.,.,.
2025,3,14,7,.,.,.,.,.,.,.,.,.,.,.,.,.
2025,3,14,8,.,.,.,.,.,.,.,.,.,.,.,.,.
2025,3,14,9,.,.,.,.,.,.,.,.,.,.,.,.,.
2025,3,14,10,.,.,.,.,.,.,.,.,.,.,.,.,.
2025,3,14,11,.,.,.,.,.,.,.,.,.,.,.,.,.
2025,3,14,12,.,.,.,.,.,.,.,.,.,.,.,.,.
2025,3,14,13,.,.,.,.,.,.,.,.,.,.,.,.,.
2025,3,14,14,.,.,.,.,.,.,.,.,.,.,.,.,.
2025,3,14,15,.,.,.,.,.,.,.,.,.,.,.,.,.
2025,3,14,16,.,.,.,.,.,.,.,.,.,.,.,.,.
2025,3,14,17,.,.,.,.,.,.,.,.,.,.,.,.,.
2025,3,14,18,.,.,.,.,.,.,.,.,.,.,.,.,.
2025,3,14,19,.,.,.,.,.,.,.,.,.,.,.,.,.
2025,3,14,20,.,.,.,.,.,.,.,.,.,.,.,.,.
2025,3,14,21,.,.,.,.,.,.,.,.,.,.,.,.,.
2025,3,14,22,.,.,.,.,.,.,.,.,.,.,.,.,.
2025,3,14,23,.,.,.,.,.,.,.,.,.,.,.,.,.
2025,3,14,24,.,.,.,.,.,.,.,.,.,.,.,.,.
2025,3,14,25,.,.,.,.,.,.,.,.,.,.,.,.,.
2025,3,14,26,.,.,.,.,.,.,.,.,.,.,.,.,.
2025,3,14,27,.,.,.,.,.,.,.,.,.,.,.,.,.
2025,3,14,28,.,.,.,.,.,.,.,.,.,.,.,.,.
2025,3,14,29,.,.,.,.,.,.,.,.,.,.,.,.,.
2025,3,14,30,.,.,.,.,.,.,.,.,.,.,.,.,.
2025,3,14,31,.,.,.,.,.,.,.,.,.,.,.,.,.
2025,3,14,32,.,.,.,.,.,.,.,.,.,.,.,.,.
2025,3,14,33,.,.,.,.,.,.,.,.,.,.,.,.,.
2025,3,14,34,.,.,.,.,.,.,.,.,.,.,.,.,.
2025,3,14,35,.,.,.,.,.,.,.,.,.,.,.,.,.
2025,3,14,36,.,.,.,.,.,.,.,.,.,.,.,.,.
2025,3,14,37,.,.,.,.,.,.,.,.,.,.,.,.,.
2025,3,14,38,.,.,.,.,.,.,.,.,.,.,.,.,.
2025,3,14,39,.,.,.,.,.,.,.,.,.,.,.,.,.
2025,3,14,40,.,.,.,.,.,.,.,.,.,.,.,.,.
2025,3,14,41,.,.,.,.,.,.,.,.,.,.,.,.,.
2025,3,14,42,.,.,.,.,.,.,.,.,.,.,.,.,.
2025,3,14,43,.,.,.,.,.,.,.,.,.,.,.,.,.
2025,3,14,44,.,.,.,.,.,.,.,.,.,.,.,.,.
2025,3,14,45,.,.,.,.,.,.,.,.,.,.,.,.,.
2025,3,14,46,.,.,.,.,.,.,.,.,.,.,.,.,.
2025,3,14,47,.,.,.,.,.,.,.,.,.,.,.,.,.
2025,3,14,48,.,.,.,.,.,.,.,.,.,.,.,.,.
2025,3,14,49,.,.,.,.,.,.,.,.,.,.,.,.,.
2025,3,14,50,.,.,.,.,.,.,.,.,.,.,.,.,.
2025,3,14,51,.,.,.,.,.,.,.,.,.,.,.,.,.
2025,3,14,52,.,.,.,.,.,.,.,.,.,.,.,.,.
2025,3,14,53,.,.,.,.,.,.,.,.,.,.,.,.,.
2025,3,21,1,.,.,.,.,.,.,.,.,.,.,.,.,.
2025,3,21,2,.,.,.,.,.,.,.,.,.,.,.,.,.
2025,3,21,3,.,.,.,.,.,.,.,.,.,.,.,.,.
2025,3,21,4,.,.,.,.,.,.,.,.,.,.,.,.,.
2025,3,21,5,.,.,.,.,.,.,.,.,.,.,.,.,.
2025,3,21,6,.,.,.,.,.,.,.,.,.,.,.,.,.
2025,3,21,7,.,.,.,.,.,.,.,.,.,.,.,.,.
2025,3,21,8,.,.,.,.,.,.,.,.,.,.,.,.,.
2025,3,21,9,.,.,.,.,.,.,.,.,.,.,.,.,.
2025,3,21,10,.,.,.,.,.,.,.,.,.,.,.,.,.
2025,3,21,11,.,.,.,.,.,.,.,.,.,.,.,.,.
2025,3,21,12,.,.,.,.,.,.,.,.,.,.,.,.,.
2025,3,21,13,.,.,.,.,.,.,.,.,.,.,.,.,.
2025,3,21,14,.,.,.,.,.,.,.,.,.,.,.,.,.
2025,3,21,15,.,.,.,.,.,.,.,.,.,.,.,.,.
2025,3,21,16,.,.,.,.,.,.,.,.,.,.,.,.,.
2025,3,21,17,.,.,.,.,.,.,.,.,.,.,.,.,.
2025,3,21,18,.,.,.,.,.,.,.,.,.,.,.,.,.
2025,3,21,19,.,.,.,.,.,.,.,.,.,.,.,.,.
2025,3,21,20,.,.,.,.,.,.,.,.,.,.,.,.,.
2025,3,21,21,.,.,.,.,.,.,.,.,.,.,.,.,.
2025,3,21,22,.,.,.,.,.,.,.,.,.,.,.,.,.
2025,3,21,23,.,.,.,.,.,.,.,.,.,.,.,.,.
2025,3,21,24,.,.,.,.,.,.,.,.,.,.,.,.,.
2025,3,21,25,.,.,.,.,.,.,.,.,.,.,.,.,.
2025,3,21,26,.,.,.,.,.,.,.,.,.,.,.,.,.
2025,3,21,27,.,.,.,.,.,.,.,.,.,.,.,.,.
2025,3,21,28,.,.,.,.,.,.,.,.,.,.,.,.,.
2025,3,21,29,.,.,.,.,.,.,.,.,.,.,.,.,.
2025,3,21,30,.,.,.,.,.,.,.,.,.,.,.,.,.
2025,3,21,31,.,.,.,.,.,.,.,.,.,.,.,.,.
2025,3,21,32,.,.,.,.,.,.,.,.,.,.,.,.,.
2025,3,21,33,.,.,.,.,.,.,.,.,.,.,.,.,.
2025,3,21,34,.,.,.,.,.,.,.,.,.,.,.,.,.
2025,3,21,35,.,.,.,.,.,.,.,.,.,.,.,.,.
2025,3,21,36,.,.,.,.,.,.,.,.,.,.,.,.,.
2025,3,21,37,.,.,.,.,.,.,.,.,.,.,.,.,.
2025,3,21,38,.,.,.,.,.,.,.,.,.,.,.,.,.
2025,3,21,39,.,.,.,.,.,.,.,.,.,.,.,.,.
2025,3,21,40,.,.,.,.,.,.,.,.,.,.,.,.,.
2025,3,21,41,.,.,.,.,.,.,.,.,.,.,.,.,.
2025,3,21,42,.,.,.,.,.,.,.,.,.,.,.,.,.
2025,3,21,43,.,.,.,.,.,.,.,.,.,.,.,.,.
2025,3,21,44,.,.,.,.,.,.,.,.,.,.,.,.,.
2025,3,21,45,.,.,.,.,.,.,.,.,.,.,.,.,.
2025,3,21,46,.,.,.,.,.,.,.,.,.,.,.,.,.
2025,3,21,47,.,.,.,.,.,.,.,.,.,.,.,.,.
2025,3,21,48,.,.,.,.,.,.,.,.,.,.,.,.,.
2025,3,21,49,.,.,.,.,.,.,.,.,.,.,.,.,.
2025,3,21,50,.,.,.,.,.,.,.,.,.,.,.,.,.
2025,3,21,51,.,.,.,.,.,.,.,.,.,.,.,.,.
2025,3,21,52,.,.,.,.,.,.,.,.,.,.,.,.,.
2025,3,21,53,.,.,.,.,.,.,.,.,.,.,.,.,.
2025,3,28,1,.,.,.,.,.,.,.,.,.,.,.,.,.
2025,3,28,2,.,.,.,.,.,.,.,.,.,.,.,.,.
2025,3,28,3,.,.,.,.,.,.,.,.,.,.,.,.,.
2025,3,28,4,.,.,.,.,.,.,.,.,.,.,.,.,.
2025,3,28,5,.,.,.,.,.,.,.,.,.,.,.,.,.
2025,3,28,6,.,.,.,.,.,.,.,.,.,.,.,.,.
2025,3,28,7,.,.,.,.,.,.,.,.,.,.,.,.,.
2025,3,28,8,.,.,.,.,.,.,.,.,.,.,.,.,.
2025,3,28,9,.,.,.,.,.,.,.,.,.,.,.,.,.
2025,3,28,10,.,.,.,.,.,.,.,.,.,.,.,.,.
2025,3,28,11,.,.,.,.,.,.,.,.,.,.,.,.,.
2025,3,28,12,.,.,.,.,.,.,.,.,.,.,.,.,.
2025,3,28,13,.,.,.,.,.,.,.,.,.,.,.,.,.
2025,3,28,14,.,.,.,.,.,.,.,.,.,.,.,.,.
2025,3,28,15,.,.,.,.,.,.,.,.,.,.,.,.,.
2025,3,28,16,.,.,.,.,.,.,.,.,.,.,.,.,.
2025,3,28,17,.,.,.,.,.,.,.,.,.,.,.,.,.
2025,3,28,18,.,.,.,.,.,.,.,.,.,.,.,.,.
2025,3,28,19,.,.,.,.,.,.,.,.,.,.,.,.,.
2025,3,28,20,.,.,.,.,.,.,.,.,.,.,.,.,.
2025,3,28,21,.,.,.,.,.,.,.,.,.,.,.,.,.
2025,3,28,22,.,.,.,.,.,.,.,.,.,.,.,.,.
2025,3,28,23,.,.,.,.,.,.,.,.,.,.,.,.,.
2025,3,28,24,.,.,.,.,.,.,.,.,.,.,.,.,.
2025,3,28,25,.,.,.,.,.,.,.,.,.,.,.,.,.
2025,3,28,26,.,.,.,.,.,.,.,.,.,.,.,.,.
2025,3,28,27,.,.,.,.,.,.,.,.,.,.,.,.,.
2025,3,28,28,.,.,.,.,.,.,.,.,.,.,.,.,.
2025,3,28,29,.,.,.,.,.,.,.,.,.,.,.,.,.
2025,3,28,30,.,.,.,.,.,.,.,.,.,.,.,.,.
2025,3,28,31,.,.,.,.,.,.,.,.,.,.,.,.,.
2025,3,28,32,.,.,.,.,.,.,.,.,.,.,.,.,.
2025,3,28,33,.,.,.,.,.,.,.,.,.,.,.,.,.
2025,3,28,34,.,.,.,.,.,.,.,.,.,.,.,.,.
2025,3,28,35,.,.,.,.,.,.,.,.,.,.,.,.,.
2025,3,28,36,.,.,.,.,.,.,.,.,.,.,.,.,.
2025,3,28,37,.,.,.,.,.,.,.,.,.,.,.,.,.
2025,3,28,38,.,.,.,.,.,.,.,.,.,.,.,.,.
2025,3,28,39,.,.,.,.,.,.,.,.,.,.,.,.,.
2025,3,28,40,.,.,.,.,.,.,.,.,.,.,.,.,.
2025,3,28,41,.,.,.,.,.,.,.,.,.,.,.,.,.
2025,3,28,42,.,.,.,.,.,.,.,.,.,.,.,.,.
2025,3,28,43,.,.,.,.,.,.,.,.,.,.,.,.,.
2025,3,28,44,.,.,.,.,.,.,.,.,.,.,.,.,.
2025,3,28,45,.,.,.,.,.,.,.,.,.,.,.,.,.
2025,3,28,46,.,.,.,.,.,.,.,.,.,.,.,.,.
2025,3,28,47,.,.,.,.,.,.,.,.,.,.,.,.,.
2025,3,28,48,.,.,.,.,.,.,.,.,.,.,.,.,.
2025,3,28,49,.,.,.,.,.,.,.,.,.,.,.,.,.
2025,3,28,50,.,.,.,.,.,.,.,.,.,.,.,.,.
2025,3,28,51,.,.,.,.,.,.,.,.,.,.,.,.,.
2025,3,28,52,.,.,.,.,.,.,.,.,.,.,.,.,.
2025,3,28,53,.,.,.,.,.,.,.,.,.,.,.,.,.
2025,4,4,1,.,.,.,.,.,.,.,.,.,.,.,.,.
2025,4,4,2,.,.,.,.,.,.,.,.,.,.,.,.,.
2025,4,4,3,.,.,.,.,.,.,.,.,.,.,.,.,.
2025,4,4,4,.,.,.,.,.,.,.,.,.,.,.,.,.
2025,4,4,5,.,.,.,.,.,.,.,.,.,.,.,.,.
2025,4,4,6,.,.,.,.,.,.,.,.,.,.,.,.,.
2025,4,4,7,.,.,.,.,.,.,.,.,.,.,.,.,.
2025,4,4,8,.,.,.,.,.,.,.,.,.,.,.,.,.
2025,4,4,9,.,.,.,.,.,.,.,.,.,.,.,.,.
2025,4,4,10,.,.,.,.,.,.,.,.,.,.,.,.,.
2025,4,4,11,.,.,.,.,.,.,.,.,.,.,.,.,.
2025,4,4,12,.,.,.,.,.,.,.,.,.,.,.,.,.
2025,4,4,13,.,.,.,.,.,.,.,.,.,.,.,.,.
2025,4,4,14,.,.,.,.,.,.,.,.,.,.,.,.,.
2025,4,4,15,.,.,.,.,.,.,.,.,.,.,.,.,.
2025,4,4,16,.,.,.,.,.,.,.,.,.,.,.,.,.
2025,4,4,17,.,.,.,.,.,.,.,.,.,.,.,.,.
2025,4,4,18,.,.,.,.,.,.,.,.,.,.,.,.,.
2025,4,4,19,.,.,.,.,.,.,.,.,.,.,.,.,.
2025,4,4,20,.,.,.,.,.,.,.,.,.,.,.,.,.
2025,4,4,21,.,.,.,.,.,.,.,.,.,.,.,.,.
2025,4,4,22,.,.,.,.,.,.,.,.,.,.,.,.,.
2025,4,4,23,.,.,.,.,.,.,.,.,.,.,.,.,.
2025,4,4,24,.,.,.,.,.,.,.,.,.,.,.,.,.
2025,4,4,25,.,.,.,.,.,.,.,.,.,.,.,.,.
2025,4,4,26,.,.,.,.,.,.,.,.,.,.,.,.,.
2025,4,4,27,.,.,.,.,.,.,.,.,.,.,.,.,.
2025,4,4,28,.,.,.,.,.,.,.,.,.,.,.,.,.
2025,4,4,29,.,.,.,.,.,.,.,.,.,.,.,.,.
2025,4,4,30,.,.,.,.,.,.,.,.,.,.,.,.,.
2025,4,4,31,.,.,.,.,.,.,.,.,.,.,.,.,.
2025,4,4,32,.,.,.,.,.,.,.,.,.,.,.,.,.
2025,4,4,33,.,.,.,.,.,.,.,.,.,.,.,.,.
2025,4,4,34,.,.,.,.,.,.,.,.,.,.,.,.,.
2025,4,4,35,.,.,.,.,.,.,.,.,.,.,.,.,.
2025,4,4,36,.,.,.,.,.,.,.,.,.,.,.,.,.
2025,4,4,37,.,.,.,.,.,.,.,.,.,.,.,.,.
2025,4,4,38,.,.,.,.,.,.,.,.,.,.,.,.,.
2025,4,4,39,.,.,.,.,.,.,.,.,.,.,.,.,.
2025,4,4,40,.,.,.,.,.,.,.,.,.,.,.,.,.
2025,4,4,41,.,.,.,.,.,.,.,.,.,.,.,.,.
2025,4,4,42,.,.,.,.,.,.,.,.,.,.,.,.,.
2025,4,4,43,.,.,.,.,.,.,.,.,.,.,.,.,.
2025,4,4,44,.,.,.,.,.,.,.,.,.,.,.,.,.
2025,4,4,45,.,.,.,.,.,.,.,.,.,.,.,.,.
2025,4,4,46,.,.,.,.,.,.,.,.,.,.,.,.,.
2025,4,4,47,.,.,.,.,.,.,.,.,.,.,.,.,.
2025,4,4,48,.,.,.,.,.,.,.,.,.,.,.,.,.
2025,4,4,49,.,.,.,.,.,.,.,.,.,.,.,.,.
2025,4,4,50,.,.,.,.,.,.,.,.,.,.,.,.,.
2025,4,4,51,.,.,.,.,.,.,.,.,.,.,.,.,.
2025,4,4,52,.,.,.,.,.,.,.,.,.,.,.,.,.
2025,4,4,53,.,.,.,.,.,.,.,.,.,.,.,.,.
2025,4,11,1,.,.,.,.,.,.,.,.,.,.,.,.,.
2025,4,11,2,.,.,.,.,.,.,.,.,.,.,.,.,.
2025,4,11,3,.,.,.,.,.,.,.,.,.,.,.,.,.
2025,4,11,4,.,.,.,.,.,.,.,.,.,.,.,.,.
2025,4,11,5,.,.,.,.,.,.,.,.,.,.,.,.,.
2025,4,11,6,.,.,.,.,.,.,.,.,.,.,.,.,.
2025,4,11,7,.,.,.,.,.,.,.,.,.,.,.,.,.
2025,4,11,8,.,.,.,.,.,.,.,.,.,.,.,.,.
2025,4,11,9,.,.,.,.,.,.,.,.,.,.,.,.,.
2025,4,11,10,.,.,.,.,.,.,.,.,.,.,.,.,.
2025,4,11,11,.,.,.,.,.,.,.,.,.,.,.,.,.
2025,4,11,12,.,.,.,.,.,.,.,.,.,.,.,.,.
2025,4,11,13,.,.,.,.,.,.,.,.,.,.,.,.,.
2025,4,11,14,.,.,.,.,.,.,.,.,.,.,.,.,.
2025,4,11,15,.,.,.,.,.,.,.,.,.,.,.,.,.
2025,4,11,16,.,.,.,.,.,.,.,.,.,.,.,.,.
2025,4,11,17,.,.,.,.,.,.,.,.,.,.,.,.,.
2025,4,11,18,.,.,.,.,.,.,.,.,.,.,.,.,.
2025,4,11,19,.,.,.,.,.,.,.,.,.,.,.,.,.
2025,4,11,20,.,.,.,.,.,.,.,.,.,.,.,.,.
2025,4,11,21,.,.,.,.,.,.,.,.,.,.,.,.,.
2025,4,11,22,.,.,.,.,.,.,.,.,.,.,.,.,.
2025,4,11,23,.,.,.,.,.,.,.,.,.,.,.,.,.
2025,4,11,24,.,.,.,.,.,.,.,.,.,.,.,.,.
2025,4,11,25,.,.,.,.,.,.,.,.,.,.,.,.,.
2025,4,11,26,.,.,.,.,.,.,.,.,.,.,.,.,.
2025,4,11,27,.,.,.,.,.,.,.,.,.,.,.,.,.
2025,4,11,28,.,.,.,.,.,.,.,.,.,.,.,.,.
2025,4,11,29,.,.,.,.,.,.,.,.,.,.,.,.,.
2025,4,11,30,.,.,.,.,.,.,.,.,.,.,.,.,.
2025,4,11,31,.,.,.,.,.,.,.,.,.,.,.,.,.
2025,4,11,32,.,.,.,.,.,.,.,.,.,.,.,.,.
2025,4,11,33,.,.,.,.,.,.,.,.,.,.,.,.,.
2025,4,11,34,.,.,.,.,.,.,.,.,.,.,.,.,.
2025,4,11,35,.,.,.,.,.,.,.,.,.,.,.,.,.
2025,4,11,36,.,.,.,.,.,.,.,.,.,.,.,.,.
2025,4,11,37,.,.,.,.,.,.,.,.,.,.,.,.,.
2025,4,11,38,.,.,.,.,.,.,.,.,.,.,.,.,.
2025,4,11,39,.,.,.,.,.,.,.,.,.,.,.,.,.
2025,4,11,40,.,.,.,.,.,.,.,.,.,.,.,.,.
2025,4,11,41,.,.,.,.,.,.,.,.,.,.,.,.,.
2025,4,11,42,.,.,.,.,.,.,.,.,.,.,.,.,.
2025,4,11,43,.,.,.,.,.,.,.,.,.,.,.,.,.
2025,4,11,44,.,.,.,.,.,.,.,.,.,.,.,.,.
2025,4,11,45,.,.,.,.,.,.,.,.,.,.,.,.,.
2025,4,11,46,.,.,.,.,.,.,.,.,.,.,.,.,.
2025,4,11,47,.,.,.,.,.,.,.,.,.,.,.,.,.
2025,4,11,48,.,.,.,.,.,.,.,.,.,.,.,.,.
2025,4,11,49,.,.,.,.,.,.,.,.,.,.,.,.,.
2025,4,11,50,.,.,.,.,.,.,.,.,.,.,.,.,.
2025,4,11,51,.,.,.,.,.,.,.,.,.,.,.,.,.
2025,4,11,52,.,.,.,.,.,.,.,.,.,.,.,.,.
2025,4,11,53,.,.,.,.,.,.,.,.,.,.,.,.,.
2025,4,18,1,.,.,.,.,.,.,.,.,.,.,.,.,.
2025,4,18,2,.,.,.,.,.,.,.,.,.,.,.,.,.
2025,4,18,3,.,.,.,.,.,.,.,.,.,.,.,.,.
2025,4,18,4,.,.,.,.,.,.,.,.,.,.,.,.,.
2025,4,18,5,.,.,.,.,.,.,.,.,.,.,.,.,.
2025,4,18,6,.,.,.,.,.,.,.,.,.,.,.,.,.
2025,4,18,7,.,.,.,.,.,.,.,.,.,.,.,.,.
2025,4,18,8,.,.,.,.,.,.,.,.,.,.,.,.,.
2025,4,18,9,.,.,.,.,.,.,.,.,.,.,.,.,.
2025,4,18,10,.,.,.,.,.,.,.,.,.,.,.,.,.
2025,4,18,11,.,.,.,.,.,.,.,.,.,.,.,.,.
2025,4,18,12,.,.,.,.,.,.,.,.,.,.,.,.,.
2025,4,18,13,.,.,.,.,.,.,.,.,.,.,.,.,.
2025,4,18,14,.,.,.,.,.,.,.,.,.,.,.,.,.
2025,4,18,15,.,.,.,.,.,.,.,.,.,.,.,.,.
2025,4,18,16,.,.,.,.,.,.,.,.,.,.,.,.,.
2025,4,18,17,.,.,.,.,.,.,.,.,.,.,.,.,.
2025,4,18,18,.,.,.,.,.,.,.,.,.,.,.,.,.
2025,4,18,19,.,.,.,.,.,.,.,.,.,.,.,.,.
2025,4,18,20,.,.,.,.,.,.,.,.,.,.,.,.,.
2025,4,18,21,.,.,.,.,.,.,.,.,.,.,.,.,.
2025,4,18,22,.,.,.,.,.,.,.,.,.,.,.,.,.
2025,4,18,23,.,.,.,.,.,.,.,.,.,.,.,.,.
2025,4,18,24,.,.,.,.,.,.,.,.,.,.,.,.,.
2025,4,18,25,.,.,.,.,.,.,.,.,.,.,.,.,.
2025,4,18,26,.,.,.,.,.,.,.,.,.,.,.,.,.
2025,4,18,27,.,.,.,.,.,.,.,.,.,.,.,.,.
2025,4,18,28,.,.,.,.,.,.,.,.,.,.,.,.,.
2025,4,18,29,.,.,.,.,.,.,.,.,.,.,.,.,.
2025,4,18,30,.,.,.,.,.,.,.,.,.,.,.,.,.
2025,4,18,31,.,.,.,.,.,.,.,.,.,.,.,.,.
2025,4,18,32,.,.,.,.,.,.,.,.,.,.,.,.,.
2025,4,18,33,.,.,.,.,.,.,.,.,.,.,.,.,.
2025,4,18,34,.,.,.,.,.,.,.,.,.,.,.,.,.
2025,4,18,35,.,.,.,.,.,.,.,.,.,.,.,.,.
2025,4,18,36,.,.,.,.,.,.,.,.,.,.,.,.,.
2025,4,18,37,.,.,.,.,.,.,.,.,.,.,.,.,.
2025,4,18,38,.,.,.,.,.,.,.,.,.,.,.,.,.
2025,4,18,39,.,.,.,.,.,.,.,.,.,.,.,.,.
2025,4,18,40,.,.,.,.,.,.,.,.,.,.,.,.,.
2025,4,18,41,.,.,.,.,.,.,.,.,.,.,.,.,.
2025,4,18,42,.,.,.,.,.,.,.,.,.,.,.,.,.
2025,4,18,43,.,.,.,.,.,.,.,.,.,.,.,.,.
2025,4,18,44,.,.,.,.,.,.,.,.,.,.,.,.,.
2025,4,18,45,.,.,.,.,.,.,.,.,.,.,.,.,.
2025,4,18,46,.,.,.,.,.,.,.,.,.,.,.,.,.
2025,4,18,47,.,.,.,.,.,.,.,.,.,.,.,.,.
2025,4,18,48,.,.,.,.,.,.,.,.,.,.,.,.,.
2025,4,18,49,.,.,.,.,.,.,.,.,.,.,.,.,.
2025,4,18,50,.,.,.,.,.,.,.,.,.,.,.,.,.
2025,4,18,51,.,.,.,.,.,.,.,.,.,.,.,.,.
2025,4,18,52,.,.,.,.,.,.,.,.,.,.,.,.,.
2025,4,18,53,.,.,.,.,.,.,.,.,.,.,.,.,.
2025,4,25,1,.,.,.,.,.,.,.,.,.,.,.,.,.
2025,4,25,2,.,.,.,.,.,.,.,.,.,.,.,.,.
2025,4,25,3,.,.,.,.,.,.,.,.,.,.,.,.,.
2025,4,25,4,.,.,.,.,.,.,.,.,.,.,.,.,.
2025,4,25,5,.,.,.,.,.,.,.,.,.,.,.,.,.
2025,4,25,6,.,.,.,.,.,.,.,.,.,.,.,.,.
2025,4,25,7,.,.,.,.,.,.,.,.,.,.,.,.,.
2025,4,25,8,.,.,.,.,.,.,.,.,.,.,.,.,.
2025,4,25,9,.,.,.,.,.,.,.,.,.,.,.,.,.
2025,4,25,10,.,.,.,.,.,.,.,.,.,.,.,.,.
2025,4,25,11,.,.,.,.,.,.,.,.,.,.,.,.,.
2025,4,25,12,.,.,.,.,.,.,.,.,.,.,.,.,.
2025,4,25,13,.,.,.,.,.,.,.,.,.,.,.,.,.
2025,4,25,14,.,.,.,.,.,.,.,.,.,.,.,.,.
2025,4,25,15,.,.,.,.,.,.,.,.,.,.,.,.,.
2025,4,25,16,.,.,.,.,.,.,.,.,.,.,.,.,.
2025,4,25,17,.,.,.,.,.,.,.,.,.,.,.,.,.
2025,4,25,18,.,.,.,.,.,.,.,.,.,.,.,.,.
2025,4,25,19,.,.,.,.,.,.,.,.,.,.,.,.,.
2025,4,25,20,.,.,.,.,.,.,.,.,.,.,.,.,.
2025,4,25,21,.,.,.,.,.,.,.,.,.,.,.,.,.
2025,4,25,22,.,.,.,.,.,.,.,.,.,.,.,.,.
2025,4,25,23,.,.,.,.,.,.,.,.,.,.,.,.,.
2025,4,25,24,.,.,.,.,.,.,.,.,.,.,.,.,.
2025,4,25,25,.,.,.,.,.,.,.,.,.,.,.,.,.
2025,4,25,26,.,.,.,.,.,.,.,.,.,.,.,.,.
2025,4,25,27,.,.,.,.,.,.,.,.,.,.,.,.,.
2025,4,25,28,.,.,.,.,.,.,.,.,.,.,.,.,.
2025,4,25,29,.,.,.,.,.,.,.,.,.,.,.,.,.
2025,4,25,30,.,.,.,.,.,.,.,.,.,.,.,.,.
2025,4,25,31,.,.,.,.,.,.,.,.,.,.,.,.,.
2025,4,25,32,.,.,.,.,.,.,.,.,.,.,.,.,.
2025,4,25,33,.,.,.,.,.,.,.,.,.,.,.,.,.
2025,4,25,34,.,.,.,.,.,.,.,.,.,.,.,.,.
2025,4,25,35,.,.,.,.,.,.,.,.,.,.,.,.,.
2025,4,25,36,.,.,.,.,.,.,.,.,.,.,.,.,.
2025,4,25,37,.,.,.,.,.,.,.,.,.,.,.,.,.
2025,4,25,38,.,.,.,.,.,.,.,.,.,.,.,.,.
2025,4,25,39,.,.,.,.,.,.,.,.,.,.,.,.,.
2025,4,25,40,.,.,.,.,.,.,.,.,.,.,.,.,.
2025,4,25,41,.,.,.,.,.,.,.,.,.,.,.,.,.
2025,4,25,42,.,.,.,.,.,.,.,.,.,.,.,.,.
2025,4,25,43,.,.,.,.,.,.,.,.,.,.,.,.,.
2025,4,25,44,.,.,.,.,.,.,.,.,.,.,.,.,.
2025,4,25,45,.,.,.,.,.,.,.,.,.,.,.,.,.
2025,4,25,46,.,.,.,.,.,.,.,.,.,.,.,.,.
2025,4,25,47,.,.,.,.,.,.,.,.,.,.,.,.,.
2025,4,25,48,.,.,.,.,.,.,.,.,.,.,.,.,.
2025,4,25,49,.,.,.,.,.,.,.,.,.,.,.,.,.
2025,4,25,50,.,.,.,.,.,.,.,.,.,.,.,.,.
2025,4,25,51,.,.,.,.,.,.,.,.,.,.,.,.,.
2025,4,25,52,.,.,.,.,.,.,.,.,.,.,.,.,.
2025,4,25,53,.,.,.,.,.,.,.,.,.,.,.,.,.
2025,5,2,1,.,.,.,.,.,.,.,.,.,.,.,.,.
2025,5,2,2,.,.,.,.,.,.,.,.,.,.,.,.,.
2025,5,2,3,.,.,.,.,.,.,.,.,.,.,.,.,.
2025,5,2,4,.,.,.,.,.,.,.,.,.,.,.,.,.
2025,5,2,5,.,.,.,.,.,.,.,.,.,.,.,.,.
2025,5,2,6,.,.,.,.,.,.,.,.,.,.,.,.,.
2025,5,2,7,.,.,.,.,.,.,.,.,.,.,.,.,.
2025,5,2,8,.,.,.,.,.,.,.,.,.,.,.,.,.
2025,5,2,9,.,.,.,.,.,.,.,.,.,.,.,.,.
2025,5,2,10,.,.,.,.,.,.,.,.,.,.,.,.,.
2025,5,2,11,.,.,.,.,.,.,.,.,.,.,.,.,.
2025,5,2,12,.,.,.,.,.,.,.,.,.,.,.,.,.
2025,5,2,13,.,.,.,.,.,.,.,.,.,.,.,.,.
2025,5,2,14,.,.,.,.,.,.,.,.,.,.,.,.,.
2025,5,2,15,.,.,.,.,.,.,.,.,.,.,.,.,.
2025,5,2,16,.,.,.,.,.,.,.,.,.,.,.,.,.
2025,5,2,17,.,.,.,.,.,.,.,.,.,.,.,.,.
2025,5,2,18,.,.,.,.,.,.,.,.,.,.,.,.,.
2025,5,2,19,.,.,.,.,.,.,.,.,.,.,.,.,.
2025,5,2,20,.,.,.,.,.,.,.,.,.,.,.,.,.
2025,5,2,21,.,.,.,.,.,.,.,.,.,.,.,.,.
2025,5,2,22,.,.,.,.,.,.,.,.,.,.,.,.,.
2025,5,2,23,.,.,.,.,.,.,.,.,.,.,.,.,.
2025,5,2,24,.,.,.,.,.,.,.,.,.,.,.,.,.
2025,5,2,25,.,.,.,.,.,.,.,.,.,.,.,.,.
2025,5,2,26,.,.,.,.,.,.,.,.,.,.,.,.,.
2025,5,2,27,.,.,.,.,.,.,.,.,.,.,.,.,.
2025,5,2,28,.,.,.,.,.,.,.,.,.,.,.,.,.
2025,5,2,29,.,.,.,.,.,.,.,.,.,.,.,.,.
2025,5,2,30,.,.,.,.,.,.,.,.,.,.,.,.,.
2025,5,2,31,.,.,.,.,.,.,.,.,.,.,.,.,.
2025,5,2,32,.,.,.,.,.,.,.,.,.,.,.,.,.
2025,5,2,33,.,.,.,.,.,.,.,.,.,.,.,.,.
2025,5,2,34,.,.,.,.,.,.,.,.,.,.,.,.,.
2025,5,2,35,.,.,.,.,.,.,.,.,.,.,.,.,.
2025,5,2,36,.,.,.,.,.,.,.,.,.,.,.,.,.
2025,5,2,37,.,.,.,.,.,.,.,.,.,.,.,.,.
2025,5,2,38,.,.,.,.,.,.,.,.,.,.,.,.,.
2025,5,2,39,.,.,.,.,.,.,.,.,.,.,.,.,.
2025,5,2,40,.,.,.,.,.,.,.,.,.,.,.,.,.
2025,5,2,41,.,.,.,.,.,.,.,.,.,.,.,.,.
2025,5,2,42,.,.,.,.,.,.,.,.,.,.,.,.,.
2025,5,2,43,.,.,.,.,.,.,.,.,.,.,.,.,.
2025,5,2,44,.,.,.,.,.,.,.,.,.,.,.,.,.
2025,5,2,45,.,.,.,.,.,.,.,.,.,.,.,.,.
2025,5,2,46,.,.,.,.,.,.,.,.,.,.,.,.,.
2025,5,2,47,.,.,.,.,.,.,.,.,.,.,.,.,.
2025,5,2,48,.,.,.,.,.,.,.,.,.,.,.,.,.
2025,5,2,49,.,.,.,.,.,.,.,.,.,.,.,.,.
2025,5,2,50,.,.,.,.,.,.,.,.,.,.,.,.,.
2025,5,2,51,.,.,.,.,.,.,.,.,.,.,.,.,.
2025,5,2,52,.,.,.,.,.,.,.,.,.,.,.,.,.
2025,5,2,53,.,.,.,.,.,.,.,.,.,.,.,.,.
2025,5,9,1,.,.,.,.,.,.,.,.,.,.,.,.,.
2025,5,9,2,.,.,.,.,.,.,.,.,.,.,.,.,.
2025,5,9,3,.,.,.,.,.,.,.,.,.,.,.,.,.
2025,5,9,4,.,.,.,.,.,.,.,.,.,.,.,.,.
2025,5,9,5,.,.,.,.,.,.,.,.,.,.,.,.,.
2025,5,9,6,.,.,.,.,.,.,.,.,.,.,.,.,.
2025,5,9,7,.,.,.,.,.,.,.,.,.,.,.,.,.
2025,5,9,8,.,.,.,.,.,.,.,.,.,.,.,.,.
2025,5,9,9,.,.,.,.,.,.,.,.,.,.,.,.,.
2025,5,9,10,.,.,.,.,.,.,.,.,.,.,.,.,.
2025,5,9,11,.,.,.,.,.,.,.,.,.,.,.,.,.
2025,5,9,12,.,.,.,.,.,.,.,.,.,.,.,.,.
2025,5,9,13,.,.,.,.,.,.,.,.,.,.,.,.,.
2025,5,9,14,.,.,.,.,.,.,.,.,.,.,.,.,.
2025,5,9,15,.,.,.,.,.,.,.,.,.,.,.,.,.
2025,5,9,16,.,.,.,.,.,.,.,.,.,.,.,.,.
2025,5,9,17,.,.,.,.,.,.,.,.,.,.,.,.,.
2025,5,9,18,.,.,.,.,.,.,.,.,.,.,.,.,.
2025,5,9,19,.,.,.,.,.,.,.,.,.,.,.,.,.
2025,5,9,20,.,.,.,.,.,.,.,.,.,.,.,.,.
2025,5,9,21,.,.,.,.,.,.,.,.,.,.,.,.,.
2025,5,9,22,.,.,.,.,.,.,.,.,.,.,.,.,.
2025,5,9,23,.,.,.,.,.,.,.,.,.,.,.,.,.
2025,5,9,24,.,.,.,.,.,.,.,.,.,.,.,.,.
2025,5,9,25,.,.,.,.,.,.,.,.,.,.,.,.,.
2025,5,9,26,.,.,.,.,.,.,.,.,.,.,.,.,.
2025,5,9,27,.,.,.,.,.,.,.,.,.,.,.,.,.
2025,5,9,28,.,.,.,.,.,.,.,.,.,.,.,.,.
2025,5,9,29,.,.,.,.,.,.,.,.,.,.,.,.,.
2025,5,9,30,.,.,.,.,.,.,.,.,.,.,.,.,.
2025,5,9,31,.,.,.,.,.,.,.,.,.,.,.,.,.
2025,5,9,32,.,.,.,.,.,.,.,.,.,.,.,.,.
2025,5,9,33,.,.,.,.,.,.,.,.,.,.,.,.,.
2025,5,9,34,.,.,.,.,.,.,.,.,.,.,.,.,.
2025,5,9,35,.,.,.,.,.,.,.,.,.,.,.,.,.
2025,5,9,36,.,.,.,.,.,.,.,.,.,.,.,.,.
2025,5,9,37,.,.,.,.,.,.,.,.,.,.,.,.,.
2025,5,9,38,.,.,.,.,.,.,.,.,.,.,.,.,.
2025,5,9,39,.,.,.,.,.,.,.,.,.,.,.,.,.
2025,5,9,40,.,.,.,.,.,.,.,.,.,.,.,.,.
2025,5,9,41,.,.,.,.,.,.,.,.,.,.,.,.,.
2025,5,9,42,.,.,.,.,.,.,.,.,.,.,.,.,.
2025,5,9,43,.,.,.,.,.,.,.,.,.,.,.,.,.
2025,5,9,44,.,.,.,.,.,.,.,.,.,.,.,.,.
2025,5,9,45,.,.,.,.,.,.,.,.,.,.,.,.,.
2025,5,9,46,.,.,.,.,.,.,.,.,.,.,.,.,.
2025,5,9,47,.,.,.,.,.,.,.,.,.,.,.,.,.
2025,5,9,48,.,.,.,.,.,.,.,.,.,.,.,.,.
2025,5,9,49,.,.,.,.,.,.,.,.,.,.,.,.,.
2025,5,9,50,.,.,.,.,.,.,.,.,.,.,.,.,.
2025,5,9,51,.,.,.,.,.,.,.,.,.,.,.,.,.
2025,5,9,52,.,.,.,.,.,.,.,.,.,.,.,.,.
2025,5,9,53,.,.,.,.,.,.,.,.,.,.,.,.,.
2025,5,16,1,.,.,.,.,.,.,.,.,.,.,.,.,.
2025,5,16,2,.,.,.,.,.,.,.,.,.,.,.,.,.
2025,5,16,3,.,.,.,.,.,.,.,.,.,.,.,.,.
2025,5,16,4,.,.,.,.,.,.,.,.,.,.,.,.,.
2025,5,16,5,.,.,.,.,.,.,.,.,.,.,.,.,.
2025,5,16,6,.,.,.,.,.,.,.,.,.,.,.,.,.
2025,5,16,7,.,.,.,.,.,.,.,.,.,.,.,.,.
2025,5,16,8,.,.,.,.,.,.,.,.,.,.,.,.,.
2025,5,16,9,.,.,.,.,.,.,.,.,.,.,.,.,.
2025,5,16,10,.,.,.,.,.,.,.,.,.,.,.,.,.
2025,5,16,11,.,.,.,.,.,.,.,.,.,.,.,.,.
2025,5,16,12,.,.,.,.,.,.,.,.,.,.,.,.,.
2025,5,16,13,.,.,.,.,.,.,.,.,.,.,.,.,.
2025,5,16,14,.,.,.,.,.,.,.,.,.,.,.,.,.
2025,5,16,15,.,.,.,.,.,.,.,.,.,.,.,.,.
2025,5,16,16,.,.,.,.,.,.,.,.,.,.,.,.,.
2025,5,16,17,.,.,.,.,.,.,.,.,.,.,.,.,.
2025,5,16,18,.,.,.,.,.,.,.,.,.,.,.,.,.
2025,5,16,19,.,.,.,.,.,.,.,.,.,.,.,.,.
2025,5,16,20,.,.,.,.,.,.,.,.,.,.,.,.,.
2025,5,16,21,.,.,.,.,.,.,.,.,.,.,.,.,.
2025,5,16,22,.,.,.,.,.,.,.,.,.,.,.,.,.
2025,5,16,23,.,.,.,.,.,.,.,.,.,.,.,.,.
2025,5,16,24,.,.,.,.,.,.,.,.,.,.,.,.,.
2025,5,16,25,.,.,.,.,.,.,.,.,.,.,.,.,.
2025,5,16,26,.,.,.,.,.,.,.,.,.,.,.,.,.
2025,5,16,27,.,.,.,.,.,.,.,.,.,.,.,.,.
2025,5,16,28,.,.,.,.,.,.,.,.,.,.,.,.,.
2025,5,16,29,.,.,.,.,.,.,.,.,.,.,.,.,.
2025,5,16,30,.,.,.,.,.,.,.,.,.,.,.,.,.
2025,5,16,31,.,.,.,.,.,.,.,.,.,.,.,.,.
2025,5,16,32,.,.,.,.,.,.,.,.,.,.,.,.,.
2025,5,16,33,.,.,.,.,.,.,.,.,.,.,.,.,.
2025,5,16,34,.,.,.,.,.,.,.,.,.,.,.,.,.
2025,5,16,35,.,.,.,.,.,.,.,.,.,.,.,.,.
2025,5,16,36,.,.,.,.,.,.,.,.,.,.,.,.,.
2025,5,16,37,.,.,.,.,.,.,.,.,.,.,.,.,.
2025,5,16,38,.,.,.,.,.,.,.,.,.,.,.,.,.
2025,5,16,39,.,.,.,.,.,.,.,.,.,.,.,.,.
2025,5,16,40,.,.,.,.,.,.,.,.,.,.,.,.,.
2025,5,16,41,.,.,.,.,.,.,.,.,.,.,.,.,.
2025,5,16,42,.,.,.,.,.,.,.,.,.,.,.,.,.
2025,5,16,43,.,.,.,.,.,.,.,.,.,.,.,.,.
2025,5,16,44,.,.,.,.,.,.,.,.,.,.,.,.,.
2025,5,16,45,.,.,.,.,.,.,.,.,.,.,.,.,.
2025,5,16,46,.,.,.,.,.,.,.,.,.,.,.,.,.
2025,5,16,47,.,.,.,.,.,.,.,.,.,.,.,.,.
2025,5,16,48,.,.,.,.,.,.,.,.,.,.,.,.,.
2025,5,16,49,.,.,.,.,.,.,.,.,.,.,.,.,.
2025,5,16,50,.,.,.,.,.,.,.,.,.,.,.,.,.
2025,5,16,51,.,.,.,.,.,.,.,.,.,.,.,.,.
2025,5,16,52,.,.,.,.,.,.,.,.,.,.,.,.,.
2025,5,16,53,.,.,.,.,.,.,.,.,.,.,.,.,.
2025,5,23,1,.,.,.,.,.,.,.,.,.,.,.,.,.
2025,5,23,2,.,.,.,.,.,.,.,.,.,.,.,.,.
2025,5,23,3,.,.,.,.,.,.,.,.,.,.,.,.,.
2025,5,23,4,.,.,.,.,.,.,.,.,.,.,.,.,.
2025,5,23,5,.,.,.,.,.,.,.,.,.,.,.,.,.
2025,5,23,6,.,.,.,.,.,.,.,.,.,.,.,.,.
2025,5,23,7,.,.,.,.,.,.,.,.,.,.,.,.,.
2025,5,23,8,.,.,.,.,.,.,.,.,.,.,.,.,.
2025,5,23,9,.,.,.,.,.,.,.,.,.,.,.,.,.
2025,5,23,10,.,.,.,.,.,.,.,.,.,.,.,.,.
2025,5,23,11,.,.,.,.,.,.,.,.,.,.,.,.,.
2025,5,23,12,.,.,.,.,.,.,.,.,.,.,.,.,.
2025,5,23,13,.,.,.,.,.,.,.,.,.,.,.,.,.
2025,5,23,14,.,.,.,.,.,.,.,.,.,.,.,.,.
2025,5,23,15,.,.,.,.,.,.,.,.,.,.,.,.,.
2025,5,23,16,.,.,.,.,.,.,.,.,.,.,.,.,.
2025,5,23,17,.,.,.,.,.,.,.,.,.,.,.,.,.
2025,5,23,18,.,.,.,.,.,.,.,.,.,.,.,.,.
2025,5,23,19,.,.,.,.,.,.,.,.,.,.,.,.,.
2025,5,23,20,.,.,.,.,.,.,.,.,.,.,.,.,.
2025,5,23,21,.,.,.,.,.,.,.,.,.,.,.,.,.
2025,5,23,22,.,.,.,.,.,.,.,.,.,.,.,.,.
2025,5,23,23,.,.,.,.,.,.,.,.,.,.,.,.,.
2025,5,23,24,.,.,.,.,.,.,.,.,.,.,.,.,.
2025,5,23,25,.,.,.,.,.,.,.,.,.,.,.,.,.
2025,5,23,26,.,.,.,.,.,.,.,.,.,.,.,.,.
2025,5,23,27,.,.,.,.,.,.,.,.,.,.,.,.,.
2025,5,23,28,.,.,.,.,.,.,.,.,.,.,.,.,.
2025,5,23,29,.,.,.,.,.,.,.,.,.,.,.,.,.
2025,5,23,30,.,.,.,.,.,.,.,.,.,.,.,.,.
2025,5,23,31,.,.,.,.,.,.,.,.,.,.,.,.,.
2025,5,23,32,.,.,.,.,.,.,.,.,.,.,.,.,.
2025,5,23,33,.,.,.,.,.,.,.,.,.,.,.,.,.
2025,5,23,34,.,.,.,.,.,.,.,.,.,.,.,.,.
2025,5,23,35,.,.,.,.,.,.,.,.,.,.,.,.,.
2025,5,23,36,.,.,.,.,.,.,.,.,.,.,.,.,.
2025,5,23,37,.,.,.,.,.,.,.,.,.,.,.,.,.
2025,5,23,38,.,.,.,.,.,.,.,.,.,.,.,.,.
2025,5,23,39,.,.,.,.,.,.,.,.,.,.,.,.,.
2025,5,23,40,.,.,.,.,.,.,.,.,.,.,.,.,.
2025,5,23,41,.,.,.,.,.,.,.,.,.,.,.,.,.
2025,5,23,42,.,.,.,.,.,.,.,.,.,.,.,.,.
2025,5,23,43,.,.,.,.,.,.,.,.,.,.,.,.,.
2025,5,23,44,.,.,.,.,.,.,.,.,.,.,.,.,.
2025,5,23,45,.,.,.,.,.,.,.,.,.,.,.,.,.
2025,5,23,46,.,.,.,.,.,.,.,.,.,.,.,.,.
2025,5,23,47,.,.,.,.,.,.,.,.,.,.,.,.,.
2025,5,23,48,.,.,.,.,.,.,.,.,.,.,.,.,.
2025,5,23,49,.,.,.,.,.,.,.,.,.,.,.,.,.
2025,5,23,50,.,.,.,.,.,.,.,.,.,.,.,.,.
2025,5,23,51,.,.,.,.,.,.,.,.,.,.,.,.,.
2025,5,23,52,.,.,.,.,.,.,.,.,.,.,.,.,.
2025,5,23,53,.,.,.,.,.,.,.,.,.,.,.,.,.
2025,5,30,1,.,.,.,.,.,.,.,.,.,.,.,.,.
2025,5,30,2,.,.,.,.,.,.,.,.,.,.,.,.,.
2025,5,30,3,.,.,.,.,.,.,.,.,.,.,.,.,.
2025,5,30,4,.,.,.,.,.,.,.,.,.,.,.,.,.
2025,5,30,5,.,.,.,.,.,.,.,.,.,.,.,.,.
2025,5,30,6,.,.,.,.,.,.,.,.,.,.,.,.,.
2025,5,30,7,.,.,.,.,.,.,.,.,.,.,.,.,.
2025,5,30,8,.,.,.,.,.,.,.,.,.,.,.,.,.
2025,5,30,9,.,.,.,.,.,.,.,.,.,.,.,.,.
2025,5,30,10,.,.,.,.,.,.,.,.,.,.,.,.,.
2025,5,30,11,.,.,.,.,.,.,.,.,.,.,.,.,.
2025,5,30,12,.,.,.,.,.,.,.,.,.,.,.,.,.
2025,5,30,13,.,.,.,.,.,.,.,.,.,.,.,.,.
2025,5,30,14,.,.,.,.,.,.,.,.,.,.,.,.,.
2025,5,30,15,.,.,.,.,.,.,.,.,.,.,.,.,.
2025,5,30,16,.,.,.,.,.,.,.,.,.,.,.,.,.
2025,5,30,17,.,.,.,.,.,.,.,.,.,.,.,.,.
2025,5,30,18,.,.,.,.,.,.,.,.,.,.,.,.,.
2025,5,30,19,.,.,.,.,.,.,.,.,.,.,.,.,.
2025,5,30,20,.,.,.,.,.,.,.,.,.,.,.,.,.
2025,5,30,21,.,.,.,.,.,.,.,.,.,.,.,.,.
2025,5,30,22,.,.,.,.,.,.,.,.,.,.,.,.,.
2025,5,30,23,.,.,.,.,.,.,.,.,.,.,.,.,.
2025,5,30,24,.,.,.,.,.,.,.,.,.,.,.,.,.
2025,5,30,25,.,.,.,.,.,.,.,.,.,.,.,.,.
2025,5,30,26,.,.,.,.,.,.,.,.,.,.,.,.,.
2025,5,30,27,.,.,.,.,.,.,.,.,.,.,.,.,.
2025,5,30,28,.,.,.,.,.,.,.,.,.,.,.,.,.
2025,5,30,29,.,.,.,.,.,.,.,.,.,.,.,.,.
2025,5,30,30,.,.,.,.,.,.,.,.,.,.,.,.,.
2025,5,30,31,.,.,.,.,.,.,.,.,.,.,.,.,.
2025,5,30,32,.,.,.,.,.,.,.,.,.,.,.,.,.
2025,5,30,33,.,.,.,.,.,.,.,.,.,.,.,.,.
2025,5,30,34,.,.,.,.,.,.,.,.,.,.,.,.,.
2025,5,30,35,.,.,.,.,.,.,.,.,.,.,.,.,.
2025,5,30,36,.,.,.,.,.,.,.,.,.,.,.,.,.
2025,5,30,37,.,.,.,.,.,.,.,.,.,.,.,.,.
2025,5,30,38,.,.,.,.,.,.,.,.,.,.,.,.,.
2025,5,30,39,.,.,.,.,.,.,.,.,.,.,.,.,.
2025,5,30,40,.,.,.,.,.,.,.,.,.,.,.,.,.
2025,5,30,41,.,.,.,.,.,.,.,.,.,.,.,.,.
2025,5,30,42,.,.,.,.,.,.,.,.,.,.,.,.,.
2025,5,30,43,.,.,.,.,.,.,.,.,.,.,.,.,.
2025,5,30,44,.,.,.,.,.,.,.,.,.,.,.,.,.
2025,5,30,45,.,.,.,.,.,.,.,.,.,.,.,.,.
2025,5,30,46,.,.,.,.,.,.,.,.,.,.,.,.,.
2025,5,30,47,.,.,.,.,.,.,.,.,.,.,.,.,.
2025,5,30,48,.,.,.,.,.,.,.,.,.,.,.,.,.
2025,5,30,49,.,.,.,.,.,.,.,.,.,.,.,.,.
2025,5,30,50,.,.,.,.,.,.,.,.,.,.,.,.,.
2025,5,30,51,.,.,.,.,.,.,.,.,.,.,.,.,.
2025,5,30,52,.,.,.,.,.,.,.,.,.,.,.,.,.
2025,5,30,53,.,.,.,.,.,.,.,.,.,.,.,.,.
2025,6,6,1,.,.,.,.,.,.,.,.,.,.,.,.,.
2025,6,6,2,.,.,.,.,.,.,.,.,.,.,.,.,.
2025,6,6,3,.,.,.,.,.,.,.,.,.,.,.,.,.
2025,6,6,4,.,.,.,.,.,.,.,.,.,.,.,.,.
2025,6,6,5,.,.,.,.,.,.,.,.,.,.,.,.,.
2025,6,6,6,.,.,.,.,.,.,.,.,.,.,.,.,.
2025,6,6,7,.,.,.,.,.,.,.,.,.,.,.,.,.
2025,6,6,8,.,.,.,.,.,.,.,.,.,.,.,.,.
2025,6,6,9,.,.,.,.,.,.,.,.,.,.,.,.,.
2025,6,6,10,.,.,.,.,.,.,.,.,.,.,.,.,.
2025,6,6,11,.,.,.,.,.,.,.,.,.,.,.,.,.
2025,6,6,12,.,.,.,.,.,.,.,.,.,.,.,.,.
2025,6,6,13,.,.,.,.,.,.,.,.,.,.,.,.,.
2025,6,6,14,.,.,.,.,.,.,.,.,.,.,.,.,.
2025,6,6,15,.,.,.,.,.,.,.,.,.,.,.,.,.
2025,6,6,16,.,.,.,.,.,.,.,.,.,.,.,.,.
2025,6,6,17,.,.,.,.,.,.,.,.,.,.,.,.,.
2025,6,6,18,.,.,.,.,.,.,.,.,.,.,.,.,.
2025,6,6,19,.,.,.,.,.,.,.,.,.,.,.,.,.
2025,6,6,20,.,.,.,.,.,.,.,.,.,.,.,.,.
2025,6,6,21,.,.,.,.,.,.,.,.,.,.,.,.,.
2025,6,6,22,.,.,.,.,.,.,.,.,.,.,.,.,.
2025,6,6,23,.,.,.,.,.,.,.,.,.,.,.,.,.
2025,6,6,24,.,.,.,.,.,.,.,.,.,.,.,.,.
2025,6,6,25,.,.,.,.,.,.,.,.,.,.,.,.,.
2025,6,6,26,.,.,.,.,.,.,.,.,.,.,.,.,.
2025,6,6,27,.,.,.,.,.,.,.,.,.,.,.,.,.
2025,6,6,28,.,.,.,.,.,.,.,.,.,.,.,.,.
2025,6,6,29,.,.,.,.,.,.,.,.,.,.,.,.,.
2025,6,6,30,.,.,.,.,.,.,.,.,.,.,.,.,.
2025,6,6,31,.,.,.,.,.,.,.,.,.,.,.,.,.
2025,6,6,32,.,.,.,.,.,.,.,.,.,.,.,.,.
2025,6,6,33,.,.,.,.,.,.,.,.,.,.,.,.,.
2025,6,6,34,.,.,.,.,.,.,.,.,.,.,.,.,.
2025,6,6,35,.,.,.,.,.,.,.,.,.,.,.,.,.
2025,6,6,36,.,.,.,.,.,.,.,.,.,.,.,.,.
2025,6,6,37,.,.,.,.,.,.,.,.,.,.,.,.,.
2025,6,6,38,.,.,.,.,.,.,.,.,.,.,.,.,.
2025,6,6,39,.,.,.,.,.,.,.,.,.,.,.,.,.
2025,6,6,40,.,.,.,.,.,.,.,.,.,.,.,.,.
2025,6,6,41,.,.,.,.,.,.,.,.,.,.,.,.,.
2025,6,6,42,.,.,.,.,.,.,.,.,.,.,.,.,.
2025,6,6,43,.,.,.,.,.,.,.,.,.,.,.,.,.
2025,6,6,44,.,.,.,.,.,.,.,.,.,.,.,.,.
2025,6,6,45,.,.,.,.,.,.,.,.,.,.,.,.,.
2025,6,6,46,.,.,.,.,.,.,.,.,.,.,.,.,.
2025,6,6,47,.,.,.,.,.,.,.,.,.,.,.,.,.
2025,6,6,48,.,.,.,.,.,.,.,.,.,.,.,.,.
2025,6,6,49,.,.,.,.,.,.,.,.,.,.,.,.,.
2025,6,6,50,.,.,.,.,.,.,.,.,.,.,.,.,.
2025,6,6,51,.,.,.,.,.,.,.,.,.,.,.,.,.
2025,6,6,52,.,.,.,.,.,.,.,.,.,.,.,.,.
2025,6,6,53,.,.,.,.,.,.,.,.,.,.,.,.,.
2025,6,13,1,.,.,.,.,.,.,.,.,.,.,.,.,.
2025,6,13,2,.,.,.,.,.,.,.,.,.,.,.,.,.
2025,6,13,3,.,.,.,.,.,.,.,.,.,.,.,.,.
2025,6,13,4,.,.,.,.,.,.,.,.,.,.,.,.,.
2025,6,13,5,.,.,.,.,.,.,.,.,.,.,.,.,.
2025,6,13,6,.,.,.,.,.,.,.,.,.,.,.,.,.
2025,6,13,7,.,.,.,.,.,.,.,.,.,.,.,.,.
2025,6,13,8,.,.,.,.,.,.,.,.,.,.,.,.,.
2025,6,13,9,.,.,.,.,.,.,.,.,.,.,.,.,.
2025,6,13,10,.,.,.,.,.,.,.,.,.,.,.,.,.
2025,6,13,11,.,.,.,.,.,.,.,.,.,.,.,.,.
2025,6,13,12,.,.,.,.,.,.,.,.,.,.,.,.,.
2025,6,13,13,.,.,.,.,.,.,.,.,.,.,.,.,.
2025,6,13,14,.,.,.,.,.,.,.,.,.,.,.,.,.
2025,6,13,15,.,.,.,.,.,.,.,.,.,.,.,.,.
2025,6,13,16,.,.,.,.,.,.,.,.,.,.,.,.,.
2025,6,13,17,.,.,.,.,.,.,.,.,.,.,.,.,.
2025,6,13,18,.,.,.,.,.,.,.,.,.,.,.,.,.
2025,6,13,19,.,.,.,.,.,.,.,.,.,.,.,.,.
2025,6,13,20,.,.,.,.,.,.,.,.,.,.,.,.,.
2025,6,13,21,.,.,.,.,.,.,.,.,.,.,.,.,.
2025,6,13,22,.,.,.,.,.,.,.,.,.,.,.,.,.
2025,6,13,23,.,.,.,.,.,.,.,.,.,.,.,.,.
2025,6,13,24,.,.,.,.,.,.,.,.,.,.,.,.,.
2025,6,13,25,.,.,.,.,.,.,.,.,.,.,.,.,.
2025,6,13,26,.,.,.,.,.,.,.,.,.,.,.,.,.
2025,6,13,27,.,.,.,.,.,.,.,.,.,.,.,.,.
2025,6,13,28,.,.,.,.,.,.,.,.,.,.,.,.,.
2025,6,13,29,.,.,.,.,.,.,.,.,.,.,.,.,.
2025,6,13,30,.,.,.,.,.,.,.,.,.,.,.,.,.
2025,6,13,31,.,.,.,.,.,.,.,.,.,.,.,.,.
2025,6,13,32,.,.,.,.,.,.,.,.,.,.,.,.,.
2025,6,13,33,.,.,.,.,.,.,.,.,.,.,.,.,.
2025,6,13,34,.,.,.,.,.,.,.,.,.,.,.,.,.
2025,6,13,35,.,.,.,.,.,.,.,.,.,.,.,.,.
2025,6,13,36,.,.,.,.,.,.,.,.,.,.,.,.,.
2025,6,13,37,.,.,.,.,.,.,.,.,.,.,.,.,.
2025,6,13,38,.,.,.,.,.,.,.,.,.,.,.,.,.
2025,6,13,39,.,.,.,.,.,.,.,.,.,.,.,.,.
2025,6,13,40,.,.,.,.,.,.,.,.,.,.,.,.,.
2025,6,13,41,.,.,.,.,.,.,.,.,.,.,.,.,.
2025,6,13,42,.,.,.,.,.,.,.,.,.,.,.,.,.
2025,6,13,43,.,.,.,.,.,.,.,.,.,.,.,.,.
2025,6,13,44,.,.,.,.,.,.,.,.,.,.,.,.,.
2025,6,13,45,.,.,.,.,.,.,.,.,.,.,.,.,.
2025,6,13,46,.,.,.,.,.,.,.,.,.,.,.,.,.
2025,6,13,47,.,.,.,.,.,.,.,.,.,.,.,.,.
2025,6,13,48,.,.,.,.,.,.,.,.,.,.,.,.,.
2025,6,13,49,.,.,.,.,.,.,.,.,.,.,.,.,.
2025,6,13,50,.,.,.,.,.,.,.,.,.,.,.,.,.
2025,6,13,51,.,.,.,.,.,.,.,.,.,.,.,.,.
2025,6,13,52,.,.,.,.,.,.,.,.,.,.,.,.,.
2025,6,13,53,.,.,.,.,.,.,.,.,.,.,.,.,.
2025,6,20,1,.,.,.,.,.,.,.,.,.,.,.,.,.
2025,6,20,2,.,.,.,.,.,.,.,.,.,.,.,.,.
2025,6,20,3,.,.,.,.,.,.,.,.,.,.,.,.,.
2025,6,20,4,.,.,.,.,.,.,.,.,.,.,.,.,.
2025,6,20,5,.,.,.,.,.,.,.,.,.,.,.,.,.
2025,6,20,6,.,.,.,.,.,.,.,.,.,.,.,.,.
2025,6,20,7,.,.,.,.,.,.,.,.,.,.,.,.,.
2025,6,20,8,.,.,.,.,.,.,.,.,.,.,.,.,.
2025,6,20,9,.,.,.,.,.,.,.,.,.,.,.,.,.
2025,6,20,10,.,.,.,.,.,.,.,.,.,.,.,.,.
2025,6,20,11,.,.,.,.,.,.,.,.,.,.,.,.,.
2025,6,20,12,.,.,.,.,.,.,.,.,.,.,.,.,.
2025,6,20,13,.,.,.,.,.,.,.,.,.,.,.,.,.
2025,6,20,14,.,.,.,.,.,.,.,.,.,.,.,.,.
2025,6,20,15,.,.,.,.,.,.,.,.,.,.,.,.,.
2025,6,20,16,.,.,.,.,.,.,.,.,.,.,.,.,.
2025,6,20,17,.,.,.,.,.,.,.,.,.,.,.,.,.
2025,6,20,18,.,.,.,.,.,.,.,.,.,.,.,.,.
2025,6,20,19,.,.,.,.,.,.,.,.,.,.,.,.,.
2025,6,20,20,.,.,.,.,.,.,.,.,.,.,.,.,.
2025,6,20,21,.,.,.,.,.,.,.,.,.,.,.,.,.
2025,6,20,22,.,.,.,.,.,.,.,.,.,.,.,.,.
2025,6,20,23,.,.,.,.,.,.,.,.,.,.,.,.,.
2025,6,20,24,.,.,.,.,.,.,.,.,.,.,.,.,.
2025,6,20,25,.,.,.,.,.,.,.,.,.,.,.,.,.
2025,6,20,26,.,.,.,.,.,.,.,.,.,.,.,.,.
2025,6,20,27,.,.,.,.,.,.,.,.,.,.,.,.,.
2025,6,20,28,.,.,.,.,.,.,.,.,.,.,.,.,.
2025,6,20,29,.,.,.,.,.,.,.,.,.,.,.,.,.
2025,6,20,30,.,.,.,.,.,.,.,.,.,.,.,.,.
2025,6,20,31,.,.,.,.,.,.,.,.,.,.,.,.,.
2025,6,20,32,.,.,.,.,.,.,.,.,.,.,.,.,.
2025,6,20,33,.,.,.,.,.,.,.,.,.,.,.,.,.
2025,6,20,34,.,.,.,.,.,.,.,.,.,.,.,.,.
2025,6,20,35,.,.,.,.,.,.,.,.,.,.,.,.,.
2025,6,20,36,.,.,.,.,.,.,.,.,.,.,.,.,.
2025,6,20,37,.,.,.,.,.,.,.,.,.,.,.,.,.
2025,6,20,38,.,.,.,.,.,.,.,.,.,.,.,.,.
2025,6,20,39,.,.,.,.,.,.,.,.,.,.,.,.,.
2025,6,20,40,.,.,.,.,.,.,.,.,.,.,.,.,.
2025,6,20,41,.,.,.,.,.,.,.,.,.,.,.,.,.
2025,6,20,42,.,.,.,.,.,.,.,.,.,.,.,.,.
2025,6,20,43,.,.,.,.,.,.,.,.,.,.,.,.,.
2025,6,20,44,.,.,.,.,.,.,.,.,.,.,.,.,.
2025,6,20,45,.,.,.,.,.,.,.,.,.,.,.,.,.
2025,6,20,46,.,.,.,.,.,.,.,.,.,.,.,.,.
2025,6,20,47,.,.,.,.,.,.,.,.,.,.,.,.,.
2025,6,20,48,.,.,.,.,.,.,.,.,.,.,.,.,.
2025,6,20,49,.,.,.,.,.,.,.,.,.,.,.,.,.
2025,6,20,50,.,.,.,.,.,.,.,.,.,.,.,.,.
2025,6,20,51,.,.,.,.,.,.,.,.,.,.,.,.,.
2025,6,20,52,.,.,.,.,.,.,.,.,.,.,.,.,.
2025,6,20,53,.,.,.,.,.,.,.,.,.,.,.,.,.
2025,6,27,1,.,.,.,.,.,.,.,.,.,.,.,.,.
2025,6,27,2,.,.,.,.,.,.,.,.,.,.,.,.,.
2025,6,27,3,.,.,.,.,.,.,.,.,.,.,.,.,.
2025,6,27,4,.,.,.,.,.,.,.,.,.,.,.,.,.
2025,6,27,5,.,.,.,.,.,.,.,.,.,.,.,.,.
2025,6,27,6,.,.,.,.,.,.,.,.,.,.,.,.,.
2025,6,27,7,.,.,.,.,.,.,.,.,.,.,.,.,.
2025,6,27,8,.,.,.,.,.,.,.,.,.,.,.,.,.
2025,6,27,9,.,.,.,.,.,.,.,.,.,.,.,.,.
2025,6,27,10,.,.,.,.,.,.,.,.,.,.,.,.,.
2025,6,27,11,.,.,.,.,.,.,.,.,.,.,.,.,.
2025,6,27,12,.,.,.,.,.,.,.,.,.,.,.,.,.
2025,6,27,13,.,.,.,.,.,.,.,.,.,.,.,.,.
2025,6,27,14,.,.,.,.,.,.,.,.,.,.,.,.,.
2025,6,27,15,.,.,.,.,.,.,.,.,.,.,.,.,.
2025,6,27,16,.,.,.,.,.,.,.,.,.,.,.,.,.
2025,6,27,17,.,.,.,.,.,.,.,.,.,.,.,.,.
2025,6,27,18,.,.,.,.,.,.,.,.,.,.,.,.,.
2025,6,27,19,.,.,.,.,.,.,.,.,.,.,.,.,.
2025,6,27,20,.,.,.,.,.,.,.,.,.,.,.,.,.
2025,6,27,21,.,.,.,.,.,.,.,.,.,.,.,.,.
2025,6,27,22,.,.,.,.,.,.,.,.,.,.,.,.,.
2025,6,27,23,.,.,.,.,.,.,.,.,.,.,.,.,.
2025,6,27,24,.,.,.,.,.,.,.,.,.,.,.,.,.
2025,6,27,25,.,.,.,.,.,.,.,.,.,.,.,.,.
2025,6,27,26,.,.,.,.,.,.,.,.,.,.,.,.,.
2025,6,27,27,.,.,.,.,.,.,.,.,.,.,.,.,.
2025,6,27,28,.,.,.,.,.,.,.,.,.,.,.,.,.
2025,6,27,29,.,.,.,.,.,.,.,.,.,.,.,.,.
2025,6,27,30,.,.,.,.,.,.,.,.,.,.,.,.,.
2025,6,27,31,.,.,.,.,.,.,.,.,.,.,.,.,.
2025,6,27,32,.,.,.,.,.,.,.,.,.,.,.,.,.
2025,6,27,33,.,.,.,.,.,.,.,.,.,.,.,.,.
2025,6,27,34,.,.,.,.,.,.,.,.,.,.,.,.,.
2025,6,27,35,.,.,.,.,.,.,.,.,.,.,.,.,.
2025,6,27,36,.,.,.,.,.,.,.,.,.,.,.,.,.
2025,6,27,37,.,.,.,.,.,.,.,.,.,.,.,.,.
2025,6,27,38,.,.,.,.,.,.,.,.,.,.,.,.,.
2025,6,27,39,.,.,.,.,.,.,.,.,.,.,.,.,.
2025,6,27,40,.,.,.,.,.,.,.,.,.,.,.,.,.
2025,6,27,41,.,.,.,.,.,.,.,.,.,.,.,.,.
2025,6,27,42,.,.,.,.,.,.,.,.,.,.,.,.,.
2025,6,27,43,.,.,.,.,.,.,.,.,.,.,.,.,.
2025,6,27,44,.,.,.,.,.,.,.,.,.,.,.,.,.
2025,6,27,45,.,.,.,.,.,.,.,.,.,.,.,.,.
2025,6,27,46,.,.,.,.,.,.,.,.,.,.,.,.,.
2025,6,27,47,.,.,.,.,.,.,.,.,.,.,.,.,.
2025,6,27,48,.,.,.,.,.,.,.,.,.,.,.,.,.
2025,6,27,49,.,.,.,.,.,.,.,.,.,.,.,.,.
2025,6,27,50,.,.,.,.,.,.,.,.,.,.,.,.,.
2025,6,27,51,.,.,.,.,.,.,.,.,.,.,.,.,.
2025,6,27,52,.,.,.,.,.,.,.,.,.,.,.,.,.
2025,6,27,53,.,.,.,.,.,.,.,.,.,.,.,.,.
2025,7,4,1,.,.,.,.,.,.,.,.,.,.,.,.,.
2025,7,4,2,.,.,.,.,.,.,.,.,.,.,.,.,.
2025,7,4,3,.,.,.,.,.,.,.,.,.,.,.,.,.
2025,7,4,4,.,.,.,.,.,.,.,.,.,.,.,.,.
2025,7,4,5,.,.,.,.,.,.,.,.,.,.,.,.,.
2025,7,4,6,.,.,.,.,.,.,.,.,.,.,.,.,.
2025,7,4,7,.,.,.,.,.,.,.,.,.,.,.,.,.
2025,7,4,8,.,.,.,.,.,.,.,.,.,.,.,.,.
2025,7,4,9,.,.,.,.,.,.,.,.,.,.,.,.,.
2025,7,4,10,.,.,.,.,.,.,.,.,.,.,.,.,.
2025,7,4,11,.,.,.,.,.,.,.,.,.,.,.,.,.
2025,7,4,12,.,.,.,.,.,.,.,.,.,.,.,.,.
2025,7,4,13,.,.,.,.,.,.,.,.,.,.,.,.,.
2025,7,4,14,.,.,.,.,.,.,.,.,.,.,.,.,.
2025,7,4,15,.,.,.,.,.,.,.,.,.,.,.,.,.
2025,7,4,16,.,.,.,.,.,.,.,.,.,.,.,.,.
2025,7,4,17,.,.,.,.,.,.,.,.,.,.,.,.,.
2025,7,4,18,.,.,.,.,.,.,.,.,.,.,.,.,.
2025,7,4,19,.,.,.,.,.,.,.,.,.,.,.,.,.
2025,7,4,20,.,.,.,.,.,.,.,.,.,.,.,.,.
2025,7,4,21,.,.,.,.,.,.,.,.,.,.,.,.,.
2025,7,4,22,.,.,.,.,.,.,.,.,.,.,.,.,.
2025,7,4,23,.,.,.,.,.,.,.,.,.,.,.,.,.
2025,7,4,24,.,.,.,.,.,.,.,.,.,.,.,.,.
2025,7,4,25,.,.,.,.,.,.,.,.,.,.,.,.,.
2025,7,4,26,.,.,.,.,.,.,.,.,.,.,.,.,.
2025,7,4,27,.,.,.,.,.,.,.,.,.,.,.,.,.
2025,7,4,28,.,.,.,.,.,.,.,.,.,.,.,.,.
2025,7,4,29,.,.,.,.,.,.,.,.,.,.,.,.,.
2025,7,4,30,.,.,.,.,.,.,.,.,.,.,.,.,.
2025,7,4,31,.,.,.,.,.,.,.,.,.,.,.,.,.
2025,7,4,32,.,.,.,.,.,.,.,.,.,.,.,.,.
2025,7,4,33,.,.,.,.,.,.,.,.,.,.,.,.,.
2025,7,4,34,.,.,.,.,.,.,.,.,.,.,.,.,.
2025,7,4,35,.,.,.,.,.,.,.,.,.,.,.,.,.
2025,7,4,36,.,.,.,.,.,.,.,.,.,.,.,.,.
2025,7,4,37,.,.,.,.,.,.,.,.,.,.,.,.,.
2025,7,4,38,.,.,.,.,.,.,.,.,.,.,.,.,.
2025,7,4,39,.,.,.,.,.,.,.,.,.,.,.,.,.
2025,7,4,40,.,.,.,.,.,.,.,.,.,.,.,.,.
2025,7,4,41,.,.,.,.,.,.,.,.,.,.,.,.,.
2025,7,4,42,.,.,.,.,.,.,.,.,.,.,.,.,.
2025,7,4,43,.,.,.,.,.,.,.,.,.,.,.,.,.
2025,7,4,44,.,.,.,.,.,.,.,.,.,.,.,.,.
2025,7,4,45,.,.,.,.,.,.,.,.,.,.,.,.,.
2025,7,4,46,.,.,.,.,.,.,.,.,.,.,.,.,.
2025,7,4,47,.,.,.,.,.,.,.,.,.,.,.,.,.
2025,7,4,48,.,.,.,.,.,.,.,.,.,.,.,.,.
2025,7,4,49,.,.,.,.,.,.,.,.,.,.,.,.,.
2025,7,4,50,.,.,.,.,.,.,.,.,.,.,.,.,.
2025,7,4,51,.,.,.,.,.,.,.,.,.,.,.,.,.
2025,7,4,52,.,.,.,.,.,.,.,.,.,.,.,.,.
2025,7,4,53,.,.,.,.,.,.,.,.,.,.,.,.,.
2025,7,11,1,.,.,.,.,.,.,.,.,.,.,.,.,.
2025,7,11,2,.,.,.,.,.,.,.,.,.,.,.,.,.
2025,7,11,3,.,.,.,.,.,.,.,.,.,.,.,.,.
2025,7,11,4,.,.,.,.,.,.,.,.,.,.,.,.,.
2025,7,11,5,.,.,.,.,.,.,.,.,.,.,.,.,.
2025,7,11,6,.,.,.,.,.,.,.,.,.,.,.,.,.
2025,7,11,7,.,.,.,.,.,.,.,.,.,.,.,.,.
2025,7,11,8,.,.,.,.,.,.,.,.,.,.,.,.,.
2025,7,11,9,.,.,.,.,.,.,.,.,.,.,.,.,.
2025,7,11,10,.,.,.,.,.,.,.,.,.,.,.,.,.
2025,7,11,11,.,.,.,.,.,.,.,.,.,.,.,.,.
2025,7,11,12,.,.,.,.,.,.,.,.,.,.,.,.,.
2025,7,11,13,.,.,.,.,.,.,.,.,.,.,.,.,.
2025,7,11,14,.,.,.,.,.,.,.,.,.,.,.,.,.
2025,7,11,15,.,.,.,.,.,.,.,.,.,.,.,.,.
2025,7,11,16,.,.,.,.,.,.,.,.,.,.,.,.,.
2025,7,11,17,.,.,.,.,.,.,.,.,.,.,.,.,.
2025,7,11,18,.,.,.,.,.,.,.,.,.,.,.,.,.
2025,7,11,19,.,.,.,.,.,.,.,.,.,.,.,.,.
2025,7,11,20,.,.,.,.,.,.,.,.,.,.,.,.,.
2025,7,11,21,.,.,.,.,.,.,.,.,.,.,.,.,.
2025,7,11,22,.,.,.,.,.,.,.,.,.,.,.,.,.
2025,7,11,23,.,.,.,.,.,.,.,.,.,.,.,.,.
2025,7,11,24,.,.,.,.,.,.,.,.,.,.,.,.,.
2025,7,11,25,.,.,.,.,.,.,.,.,.,.,.,.,.
2025,7,11,26,.,.,.,.,.,.,.,.,.,.,.,.,.
2025,7,11,27,.,.,.,.,.,.,.,.,.,.,.,.,.
2025,7,11,28,.,.,.,.,.,.,.,.,.,.,.,.,.
2025,7,11,29,.,.,.,.,.,.,.,.,.,.,.,.,.
2025,7,11,30,.,.,.,.,.,.,.,.,.,.,.,.,.
2025,7,11,31,.,.,.,.,.,.,.,.,.,.,.,.,.
2025,7,11,32,.,.,.,.,.,.,.,.,.,.,.,.,.
2025,7,11,33,.,.,.,.,.,.,.,.,.,.,.,.,.
2025,7,11,34,.,.,.,.,.,.,.,.,.,.,.,.,.
2025,7,11,35,.,.,.,.,.,.,.,.,.,.,.,.,.
2025,7,11,36,.,.,.,.,.,.,.,.,.,.,.,.,.
2025,7,11,37,.,.,.,.,.,.,.,.,.,.,.,.,.
2025,7,11,38,.,.,.,.,.,.,.,.,.,.,.,.,.
2025,7,11,39,.,.,.,.,.,.,.,.,.,.,.,.,.
2025,7,11,40,.,.,.,.,.,.,.,.,.,.,.,.,.
2025,7,11,41,.,.,.,.,.,.,.,.,.,.,.,.,.
2025,7,11,42,.,.,.,.,.,.,.,.,.,.,.,.,.
2025,7,11,43,.,.,.,.,.,.,.,.,.,.,.,.,.
2025,7,11,44,.,.,.,.,.,.,.,.,.,.,.,.,.
2025,7,11,45,.,.,.,.,.,.,.,.,.,.,.,.,.
2025,7,11,46,.,.,.,.,.,.,.,.,.,.,.,.,.
2025,7,11,47,.,.,.,.,.,.,.,.,.,.,.,.,.
2025,7,11,48,.,.,.,.,.,.,.,.,.,.,.,.,.
2025,7,11,49,.,.,.,.,.,.,.,.,.,.,.,.,.
2025,7,11,50,.,.,.,.,.,.,.,.,.,.,.,.,.
2025,7,11,51,.,.,.,.,.,.,.,.,.,.,.,.,.
2025,7,11,52,.,.,.,.,.,.,.,.,.,.,.,.,.
2025,7,11,53,.,.,.,.,.,.,.,.,.,.,.,.,.
2025,7,18,1,.,.,.,.,.,.,.,.,.,.,.,.,.
2025,7,18,2,.,.,.,.,.,.,.,.,.,.,.,.,.
2025,7,18,3,.,.,.,.,.,.,.,.,.,.,.,.,.
2025,7,18,4,.,.,.,.,.,.,.,.,.,.,.,.,.
2025,7,18,5,.,.,.,.,.,.,.,.,.,.,.,.,.
2025,7,18,6,.,.,.,.,.,.,.,.,.,.,.,.,.
2025,7,18,7,.,.,.,.,.,.,.,.,.,.,.,.,.
2025,7,18,8,.,.,.,.,.,.,.,.,.,.,.,.,.
2025,7,18,9,.,.,.,.,.,.,.,.,.,.,.,.,.
2025,7,18,10,.,.,.,.,.,.,.,.,.,.,.,.,.
2025,7,18,11,.,.,.,.,.,.,.,.,.,.,.,.,.
2025,7,18,12,.,.,.,.,.,.,.,.,.,.,.,.,.
2025,7,18,13,.,.,.,.,.,.,.,.,.,.,.,.,.
2025,7,18,14,.,.,.,.,.,.,.,.,.,.,.,.,.
2025,7,18,15,.,.,.,.,.,.,.,.,.,.,.,.,.
2025,7,18,16,.,.,.,.,.,.,.,.,.,.,.,.,.
2025,7,18,17,.,.,.,.,.,.,.,.,.,.,.,.,.
2025,7,18,18,.,.,.,.,.,.,.,.,.,.,.,.,.
2025,7,18,19,.,.,.,.,.,.,.,.,.,.,.,.,.
2025,7,18,20,.,.,.,.,.,.,.,.,.,.,.,.,.
2025,7,18,21,.,.,.,.,.,.,.,.,.,.,.,.,.
2025,7,18,22,.,.,.,.,.,.,.,.,.,.,.,.,.
2025,7,18,23,.,.,.,.,.,.,.,.,.,.,.,.,.
2025,7,18,24,.,.,.,.,.,.,.,.,.,.,.,.,.
2025,7,18,25,.,.,.,.,.,.,.,.,.,.,.,.,.
2025,7,18,26,.,.,.,.,.,.,.,.,.,.,.,.,.
2025,7,18,27,.,.,.,.,.,.,.,.,.,.,.,.,.
2025,7,18,28,.,.,.,.,.,.,.,.,.,.,.,.,.
2025,7,18,29,.,.,.,.,.,.,.,.,.,.,.,.,.
2025,7,18,30,.,.,.,.,.,.,.,.,.,.,.,.,.
2025,7,18,31,.,.,.,.,.,.,.,.,.,.,.,.,.
2025,7,18,32,.,.,.,.,.,.,.,.,.,.,.,.,.
2025,7,18,33,.,.,.,.,.,.,.,.,.,.,.,.,.
2025,7,18,34,.,.,.,.,.,.,.,.,.,.,.,.,.
2025,7,18,35,.,.,.,.,.,.,.,.,.,.,.,.,.
2025,7,18,36,.,.,.,.,.,.,.,.,.,.,.,.,.
2025,7,18,37,.,.,.,.,.,.,.,.,.,.,.,.,.
2025,7,18,38,.,.,.,.,.,.,.,.,.,.,.,.,.
2025,7,18,39,.,.,.,.,.,.,.,.,.,.,.,.,.
2025,7,18,40,.,.,.,.,.,.,.,.,.,.,.,.,.
2025,7,18,41,.,.,.,.,.,.,.,.,.,.,.,.,.
2025,7,18,42,.,.,.,.,.,.,.,.,.,.,.,.,.
2025,7,18,43,.,.,.,.,.,.,.,.,.,.,.,.,.
2025,7,18,44,.,.,.,.,.,.,.,.,.,.,.,.,.
2025,7,18,45,.,.,.,.,.,.,.,.,.,.,.,.,.
2025,7,18,46,.,.,.,.,.,.,.,.,.,.,.,.,.
2025,7,18,47,.,.,.,.,.,.,.,.,.,.,.,.,.
2025,7,18,48,.,.,.,.,.,.,.,.,.,.,.,.,.
2025,7,18,49,.,.,.,.,.,.,.,.,.,.,.,.,.
2025,7,18,50,.,.,.,.,.,.,.,.,.,.,.,.,.
2025,7,18,51,.,.,.,.,.,.,.,.,.,.,.,.,.
2025,7,18,52,.,.,.,.,.,.,.,.,.,.,.,.,.
2025,7,18,53,.,.,.,.,.,.,.,.,.,.,.,.,.
2025,7,25,1,.,.,.,.,.,.,.,.,.,.,.,.,.
2025,7,25,2,.,.,.,.,.,.,.,.,.,.,.,.,.
2025,7,25,3,.,.,.,.,.,.,.,.,.,.,.,.,.
2025,7,25,4,.,.,.,.,.,.,.,.,.,.,.,.,.
2025,7,25,5,.,.,.,.,.,.,.,.,.,.,.,.,.
2025,7,25,6,.,.,.,.,.,.,.,.,.,.,.,.,.
2025,7,25,7,.,.,.,.,.,.,.,.,.,.,.,.,.
2025,7,25,8,.,.,.,.,.,.,.,.,.,.,.,.,.
2025,7,25,9,.,.,.,.,.,.,.,.,.,.,.,.,.
2025,7,25,10,.,.,.,.,.,.,.,.,.,.,.,.,.
2025,7,25,11,.,.,.,.,.,.,.,.,.,.,.,.,.
2025,7,25,12,.,.,.,.,.,.,.,.,.,.,.,.,.
2025,7,25,13,.,.,.,.,.,.,.,.,.,.,.,.,.
2025,7,25,14,.,.,.,.,.,.,.,.,.,.,.,.,.
2025,7,25,15,.,.,.,.,.,.,.,.,.,.,.,.,.
2025,7,25,16,.,.,.,.,.,.,.,.,.,.,.,.,.
2025,7,25,17,.,.,.,.,.,.,.,.,.,.,.,.,.
2025,7,25,18,.,.,.,.,.,.,.,.,.,.,.,.,.
2025,7,25,19,.,.,.,.,.,.,.,.,.,.,.,.,.
2025,7,25,20,.,.,.,.,.,.,.,.,.,.,.,.,.
2025,7,25,21,.,.,.,.,.,.,.,.,.,.,.,.,.
2025,7,25,22,.,.,.,.,.,.,.,.,.,.,.,.,.
2025,7,25,23,.,.,.,.,.,.,.,.,.,.,.,.,.
2025,7,25,24,.,.,.,.,.,.,.,.,.,.,.,.,.
2025,7,25,25,.,.,.,.,.,.,.,.,.,.,.,.,.
2025,7,25,26,.,.,.,.,.,.,.,.,.,.,.,.,.
2025,7,25,27,.,.,.,.,.,.,.,.,.,.,.,.,.
2025,7,25,28,.,.,.,.,.,.,.,.,.,.,.,.,.
2025,7,25,29,.,.,.,.,.,.,.,.,.,.,.,.,.
2025,7,25,30,.,.,.,.,.,.,.,.,.,.,.,.,.
2025,7,25,31,.,.,.,.,.,.,.,.,.,.,.,.,.
2025,7,25,32,.,.,.,.,.,.,.,.,.,.,.,.,.
2025,7,25,33,.,.,.,.,.,.,.,.,.,.,.,.,.
2025,7,25,34,.,.,.,.,.,.,.,.,.,.,.,.,.
2025,7,25,35,.,.,.,.,.,.,.,.,.,.,.,.,.
2025,7,25,36,.,.,.,.,.,.,.,.,.,.,.,.,.
2025,7,25,37,.,.,.,.,.,.,.,.,.,.,.,.,.
2025,7,25,38,.,.,.,.,.,.,.,.,.,.,.,.,.
2025,7,25,39,.,.,.,.,.,.,.,.,.,.,.,.,.
2025,7,25,40,.,.,.,.,.,.,.,.,.,.,.,.,.
2025,7,25,41,.,.,.,.,.,.,.,.,.,.,.,.,.
2025,7,25,42,.,.,.,.,.,.,.,.,.,.,.,.,.
2025,7,25,43,.,.,.,.,.,.,.,.,.,.,.,.,.
2025,7,25,44,.,.,.,.,.,.,.,.,.,.,.,.,.
2025,7,25,45,.,.,.,.,.,.,.,.,.,.,.,.,.
2025,7,25,46,.,.,.,.,.,.,.,.,.,.,.,.,.
2025,7,25,47,.,.,.,.,.,.,.,.,.,.,.,.,.
2025,7,25,48,.,.,.,.,.,.,.,.,.,.,.,.,.
2025,7,25,49,.,.,.,.,.,.,.,.,.,.,.,.,.
2025,7,25,50,.,.,.,.,.,.,.,.,.,.,.,.,.
2025,7,25,51,.,.,.,.,.,.,.,.,.,.,.,.,.
2025,7,25,52,.,.,.,.,.,.,.,.,.,.,.,.,.
2025,7,25,53,.,.,.,.,.,.,.,.,.,.,.,.,.
2025,8,1,1,.,.,.,.,.,.,.,.,.,.,.,.,.
2025,8,1,2,.,.,.,.,.,.,.,.,.,.,.,.,.
2025,8,1,3,.,.,.,.,.,.,.,.,.,.,.,.,.
2025,8,1,4,.,.,.,.,.,.,.,.,.,.,.,.,.
2025,8,1,5,.,.,.,.,.,.,.,.,.,.,.,.,.
2025,8,1,6,.,.,.,.,.,.,.,.,.,.,.,.,.
2025,8,1,7,.,.,.,.,.,.,.,.,.,.,.,.,.
2025,8,1,8,.,.,.,.,.,.,.,.,.,.,.,.,.
2025,8,1,9,.,.,.,.,.,.,.,.,.,.,.,.,.
2025,8,1,10,.,.,.,.,.,.,.,.,.,.,.,.,.
2025,8,1,11,.,.,.,.,.,.,.,.,.,.,.,.,.
2025,8,1,12,.,.,.,.,.,.,.,.,.,.,.,.,.
2025,8,1,13,.,.,.,.,.,.,.,.,.,.,.,.,.
2025,8,1,14,.,.,.,.,.,.,.,.,.,.,.,.,.
2025,8,1,15,.,.,.,.,.,.,.,.,.,.,.,.,.
2025,8,1,16,.,.,.,.,.,.,.,.,.,.,.,.,.
2025,8,1,17,.,.,.,.,.,.,.,.,.,.,.,.,.
2025,8,1,18,.,.,.,.,.,.,.,.,.,.,.,.,.
2025,8,1,19,.,.,.,.,.,.,.,.,.,.,.,.,.
2025,8,1,20,.,.,.,.,.,.,.,.,.,.,.,.,.
2025,8,1,21,.,.,.,.,.,.,.,.,.,.,.,.,.
2025,8,1,22,.,.,.,.,.,.,.,.,.,.,.,.,.
2025,8,1,23,.,.,.,.,.,.,.,.,.,.,.,.,.
2025,8,1,24,.,.,.,.,.,.,.,.,.,.,.,.,.
2025,8,1,25,.,.,.,.,.,.,.,.,.,.,.,.,.
2025,8,1,26,.,.,.,.,.,.,.,.,.,.,.,.,.
2025,8,1,27,.,.,.,.,.,.,.,.,.,.,.,.,.
2025,8,1,28,.,.,.,.,.,.,.,.,.,.,.,.,.
2025,8,1,29,.,.,.,.,.,.,.,.,.,.,.,.,.
2025,8,1,30,.,.,.,.,.,.,.,.,.,.,.,.,.
2025,8,1,31,.,.,.,.,.,.,.,.,.,.,.,.,.
2025,8,1,32,.,.,.,.,.,.,.,.,.,.,.,.,.
2025,8,1,33,.,.,.,.,.,.,.,.,.,.,.,.,.
2025,8,1,34,.,.,.,.,.,.,.,.,.,.,.,.,.
2025,8,1,35,.,.,.,.,.,.,.,.,.,.,.,.,.
2025,8,1,36,.,.,.,.,.,.,.,.,.,.,.,.,.
2025,8,1,37,.,.,.,.,.,.,.,.,.,.,.,.,.
2025,8,1,38,.,.,.,.,.,.,.,.,.,.,.,.,.
2025,8,1,39,.,.,.,.,.,.,.,.,.,.,.,.,.
2025,8,1,40,.,.,.,.,.,.,.,.,.,.,.,.,.
2025,8,1,41,.,.,.,.,.,.,.,.,.,.,.,.,.
2025,8,1,42,.,.,.,.,.,.,.,.,.,.,.,.,.
2025,8,1,43,.,.,.,.,.,.,.,.,.,.,.,.,.
2025,8,1,44,.,.,.,.,.,.,.,.,.,.,.,.,.
2025,8,1,45,.,.,.,.,.,.,.,.,.,.,.,.,.
2025,8,1,46,.,.,.,.,.,.,.,.,.,.,.,.,.
2025,8,1,47,.,.,.,.,.,.,.,.,.,.,.,.,.
2025,8,1,48,.,.,.,.,.,.,.,.,.,.,.,.,.
2025,8,1,49,.,.,.,.,.,.,.,.,.,.,.,.,.
2025,8,1,50,.,.,.,.,.,.,.,.,.,.,.,.,.
2025,8,1,51,.,.,.,.,.,.,.,.,.,.,.,.,.
2025,8,1,52,.,.,.,.,.,.,.,.,.,.,.,.,.
2025,8,1,53,.,.,.,.,.,.,.,.,.,.,.,.,.
2025,8,8,1,.,.,.,.,.,.,.,.,.,.,.,.,.
2025,8,8,2,.,.,.,.,.,.,.,.,.,.,.,.,.
2025,8,8,3,.,.,.,.,.,.,.,.,.,.,.,.,.
2025,8,8,4,.,.,.,.,.,.,.,.,.,.,.,.,.
2025,8,8,5,.,.,.,.,.,.,.,.,.,.,.,.,.
2025,8,8,6,.,.,.,.,.,.,.,.,.,.,.,.,.
2025,8,8,7,.,.,.,.,.,.,.,.,.,.,.,.,.
2025,8,8,8,.,.,.,.,.,.,.,.,.,.,.,.,.
2025,8,8,9,.,.,.,.,.,.,.,.,.,.,.,.,.
2025,8,8,10,.,.,.,.,.,.,.,.,.,.,.,.,.
2025,8,8,11,.,.,.,.,.,.,.,.,.,.,.,.,.
2025,8,8,12,.,.,.,.,.,.,.,.,.,.,.,.,.
2025,8,8,13,.,.,.,.,.,.,.,.,.,.,.,.,.
2025,8,8,14,.,.,.,.,.,.,.,.,.,.,.,.,.
2025,8,8,15,.,.,.,.,.,.,.,.,.,.,.,.,.
2025,8,8,16,.,.,.,.,.,.,.,.,.,.,.,.,.
2025,8,8,17,.,.,.,.,.,.,.,.,.,.,.,.,.
2025,8,8,18,.,.,.,.,.,.,.,.,.,.,.,.,.
2025,8,8,19,.,.,.,.,.,.,.,.,.,.,.,.,.
2025,8,8,20,.,.,.,.,.,.,.,.,.,.,.,.,.
2025,8,8,21,.,.,.,.,.,.,.,.,.,.,.,.,.
2025,8,8,22,.,.,.,.,.,.,.,.,.,.,.,.,.
2025,8,8,23,.,.,.,.,.,.,.,.,.,.,.,.,.
2025,8,8,24,.,.,.,.,.,.,.,.,.,.,.,.,.
2025,8,8,25,.,.,.,.,.,.,.,.,.,.,.,.,.
2025,8,8,26,.,.,.,.,.,.,.,.,.,.,.,.,.
2025,8,8,27,.,.,.,.,.,.,.,.,.,.,.,.,.
2025,8,8,28,.,.,.,.,.,.,.,.,.,.,.,.,.
2025,8,8,29,.,.,.,.,.,.,.,.,.,.,.,.,.
2025,8,8,30,.,.,.,.,.,.,.,.,.,.,.,.,.
2025,8,8,31,.,.,.,.,.,.,.,.,.,.,.,.,.
2025,8,8,32,.,.,.,.,.,.,.,.,.,.,.,.,.
2025,8,8,33,.,.,.,.,.,.,.,.,.,.,.,.,.
2025,8,8,34,.,.,.,.,.,.,.,.,.,.,.,.,.
2025,8,8,35,.,.,.,.,.,.,.,.,.,.,.,.,.
2025,8,8,36,.,.,.,.,.,.,.,.,.,.,.,.,.
2025,8,8,37,.,.,.,.,.,.,.,.,.,.,.,.,.
2025,8,8,38,.,.,.,.,.,.,.,.,.,.,.,.,.
2025,8,8,39,.,.,.,.,.,.,.,.,.,.,.,.,.
2025,8,8,40,.,.,.,.,.,.,.,.,.,.,.,.,.
2025,8,8,41,.,.,.,.,.,.,.,.,.,.,.,.,.
2025,8,8,42,.,.,.,.,.,.,.,.,.,.,.,.,.
2025,8,8,43,.,.,.,.,.,.,.,.,.,.,.,.,.
2025,8,8,44,.,.,.,.,.,.,.,.,.,.,.,.,.
2025,8,8,45,.,.,.,.,.,.,.,.,.,.,.,.,.
2025,8,8,46,.,.,.,.,.,.,.,.,.,.,.,.,.
2025,8,8,47,.,.,.,.,.,.,.,.,.,.,.,.,.
2025,8,8,48,.,.,.,.,.,.,.,.,.,.,.,.,.
2025,8,8,49,.,.,.,.,.,.,.,.,.,.,.,.,.
2025,8,8,50,.,.,.,.,.,.,.,.,.,.,.,.,.
2025,8,8,51,.,.,.,.,.,.,.,.,.,.,.,.,.
2025,8,8,52,.,.,.,.,.,.,.,.,.,.,.,.,.
2025,8,8,53,.,.,.,.,.,.,.,.,.,.,.,.,.
2025,8,15,1,.,.,.,.,.,.,.,.,.,.,.,.,.
2025,8,15,2,.,.,.,.,.,.,.,.,.,.,.,.,.
2025,8,15,3,.,.,.,.,.,.,.,.,.,.,.,.,.
2025,8,15,4,.,.,.,.,.,.,.,.,.,.,.,.,.
2025,8,15,5,.,.,.,.,.,.,.,.,.,.,.,.,.
2025,8,15,6,.,.,.,.,.,.,.,.,.,.,.,.,.
2025,8,15,7,.,.,.,.,.,.,.,.,.,.,.,.,.
2025,8,15,8,.,.,.,.,.,.,.,.,.,.,.,.,.
2025,8,15,9,.,.,.,.,.,.,.,.,.,.,.,.,.
2025,8,15,10,.,.,.,.,.,.,.,.,.,.,.,.,.
2025,8,15,11,.,.,.,.,.,.,.,.,.,.,.,.,.
2025,8,15,12,.,.,.,.,.,.,.,.,.,.,.,.,.
2025,8,15,13,.,.,.,.,.,.,.,.,.,.,.,.,.
2025,8,15,14,.,.,.,.,.,.,.,.,.,.,.,.,.
2025,8,15,15,.,.,.,.,.,.,.,.,.,.,.,.,.
2025,8,15,16,.,.,.,.,.,.,.,.,.,.,.,.,.
2025,8,15,17,.,.,.,.,.,.,.,.,.,.,.,.,.
2025,8,15,18,.,.,.,.,.,.,.,.,.,.,.,.,.
2025,8,15,19,.,.,.,.,.,.,.,.,.,.,.,.,.
2025,8,15,20,.,.,.,.,.,.,.,.,.,.,.,.,.
2025,8,15,21,.,.,.,.,.,.,.,.,.,.,.,.,.
2025,8,15,22,.,.,.,.,.,.,.,.,.,.,.,.,.
2025,8,15,23,.,.,.,.,.,.,.,.,.,.,.,.,.
2025,8,15,24,.,.,.,.,.,.,.,.,.,.,.,.,.
2025,8,15,25,.,.,.,.,.,.,.,.,.,.,.,.,.
2025,8,15,26,.,.,.,.,.,.,.,.,.,.,.,.,.
2025,8,15,27,.,.,.,.,.,.,.,.,.,.,.,.,.
2025,8,15,28,.,.,.,.,.,.,.,.,.,.,.,.,.
2025,8,15,29,.,.,.,.,.,.,.,.,.,.,.,.,.
2025,8,15,30,.,.,.,.,.,.,.,.,.,.,.,.,.
2025,8,15,31,.,.,.,.,.,.,.,.,.,.,.,.,.
2025,8,15,32,.,.,.,.,.,.,.,.,.,.,.,.,.
2025,8,15,33,.,.,.,.,.,.,.,.,.,.,.,.,.
2025,8,15,34,.,.,.,.,.,.,.,.,.,.,.,.,.
2025,8,15,35,.,.,.,.,.,.,.,.,.,.,.,.,.
2025,8,15,36,.,.,.,.,.,.,.,.,.,.,.,.,.
2025,8,15,37,.,.,.,.,.,.,.,.,.,.,.,.,.
2025,8,15,38,.,.,.,.,.,.,.,.,.,.,.,.,.
2025,8,15,39,.,.,.,.,.,.,.,.,.,.,.,.,.
2025,8,15,40,.,.,.,.,.,.,.,.,.,.,.,.,.
2025,8,15,41,.,.,.,.,.,.,.,.,.,.,.,.,.
2025,8,15,42,.,.,.,.,.,.,.,.,.,.,.,.,.
2025,8,15,43,.,.,.,.,.,.,.,.,.,.,.,.,.
2025,8,15,44,.,.,.,.,.,.,.,.,.,.,.,.,.
2025,8,15,45,.,.,.,.,.,.,.,.,.,.,.,.,.
2025,8,15,46,.,.,.,.,.,.,.,.,.,.,.,.,.
2025,8,15,47,.,.,.,.,.,.,.,.,.,.,.,.,.
2025,8,15,48,.,.,.,.,.,.,.,.,.,.,.,.,.
2025,8,15,49,.,.,.,.,.,.,.,.,.,.,.,.,.
2025,8,15,50,.,.,.,.,.,.,.,.,.,.,.,.,.
2025,8,15,51,.,.,.,.,.,.,.,.,.,.,.,.,.
2025,8,15,52,.,.,.,.,.,.,.,.,.,.,.,.,.
2025,8,15,53,.,.,.,.,.,.,.,.,.,.,.,.,.
2025,8,22,1,.,.,.,.,.,.,.,.,.,.,.,.,.
2025,8,22,2,.,.,.,.,.,.,.,.,.,.,.,.,.
2025,8,22,3,.,.,.,.,.,.,.,.,.,.,.,.,.
2025,8,22,4,.,.,.,.,.,.,.,.,.,.,.,.,.
2025,8,22,5,.,.,.,.,.,.,.,.,.,.,.,.,.
2025,8,22,6,.,.,.,.,.,.,.,.,.,.,.,.,.
2025,8,22,7,.,.,.,.,.,.,.,.,.,.,.,.,.
2025,8,22,8,.,.,.,.,.,.,.,.,.,.,.,.,.
2025,8,22,9,.,.,.,.,.,.,.,.,.,.,.,.,.
2025,8,22,10,.,.,.,.,.,.,.,.,.,.,.,.,.
2025,8,22,11,.,.,.,.,.,.,.,.,.,.,.,.,.
2025,8,22,12,.,.,.,.,.,.,.,.,.,.,.,.,.
2025,8,22,13,.,.,.,.,.,.,.,.,.,.,.,.,.
2025,8,22,14,.,.,.,.,.,.,.,.,.,.,.,.,.
2025,8,22,15,.,.,.,.,.,.,.,.,.,.,.,.,.
2025,8,22,16,.,.,.,.,.,.,.,.,.,.,.,.,.
2025,8,22,17,.,.,.,.,.,.,.,.,.,.,.,.,.
2025,8,22,18,.,.,.,.,.,.,.,.,.,.,.,.,.
2025,8,22,19,.,.,.,.,.,.,.,.,.,.,.,.,.
2025,8,22,20,.,.,.,.,.,.,.,.,.,.,.,.,.
2025,8,22,21,.,.,.,.,.,.,.,.,.,.,.,.,.
2025,8,22,22,.,.,.,.,.,.,.,.,.,.,.,.,.
2025,8,22,23,.,.,.,.,.,.,.,.,.,.,.,.,.
2025,8,22,24,.,.,.,.,.,.,.,.,.,.,.,.,.
2025,8,22,25,.,.,.,.,.,.,.,.,.,.,.,.,.
2025,8,22,26,.,.,.,.,.,.,.,.,.,.,.,.,.
2025,8,22,27,.,.,.,.,.,.,.,.,.,.,.,.,.
2025,8,22,28,.,.,.,.,.,.,.,.,.,.,.,.,.
2025,8,22,29,.,.,.,.,.,.,.,.,.,.,.,.,.
2025,8,22,30,.,.,.,.,.,.,.,.,.,.,.,.,.
2025,8,22,31,.,.,.,.,.,.,.,.,.,.,.,.,.
2025,8,22,32,.,.,.,.,.,.,.,.,.,.,.,.,.
2025,8,22,33,.,.,.,.,.,.,.,.,.,.,.,.,.
2025,8,22,34,.,.,.,.,.,.,.,.,.,.,.,.,.
2025,8,22,35,.,.,.,.,.,.,.,.,.,.,.,.,.
2025,8,22,36,.,.,.,.,.,.,.,.,.,.,.,.,.
2025,8,22,37,.,.,.,.,.,.,.,.,.,.,.,.,.
2025,8,22,38,.,.,.,.,.,.,.,.,.,.,.,.,.
2025,8,22,39,.,.,.,.,.,.,.,.,.,.,.,.,.
2025,8,22,40,.,.,.,.,.,.,.,.,.,.,.,.,.
2025,8,22,41,.,.,.,.,.,.,.,.,.,.,.,.,.
2025,8,22,42,.,.,.,.,.,.,.,.,.,.,.,.,.
2025,8,22,43,.,.,.,.,.,.,.,.,.,.,.,.,.
2025,8,22,44,.,.,.,.,.,.,.,.,.,.,.,.,.
2025,8,22,45,.,.,.,.,.,.,.,.,.,.,.,.,.
2025,8,22,46,.,.,.,.,.,.,.,.,.,.,.,.,.
2025,8,22,47,.,.,.,.,.,.,.,.,.,.,.,.,.
2025,8,22,48,.,.,.,.,.,.,.,.,.,.,.,.,.
2025,8,22,49,.,.,.,.,.,.,.,.,.,.,.,.,.
2025,8,22,50,.,.,.,.,.,.,.,.,.,.,.,.,.
2025,8,22,51,.,.,.,.,.,.,.,.,.,.,.,.,.
2025,8,22,52,.,.,.,.,.,.,.,.,.,.,.,.,.
2025,8,22,53,.,.,.,.,.,.,.,.,.,.,.,.,.
2025,8,29,1,.,.,.,.,.,.,.,.,.,.,.,.,.
2025,8,29,2,.,.,.,.,.,.,.,.,.,.,.,.,.
2025,8,29,3,.,.,.,.,.,.,.,.,.,.,.,.,.
2025,8,29,4,.,.,.,.,.,.,.,.,.,.,.,.,.
2025,8,29,5,.,.,.,.,.,.,.,.,.,.,.,.,.
2025,8,29,6,.,.,.,.,.,.,.,.,.,.,.,.,.
2025,8,29,7,.,.,.,.,.,.,.,.,.,.,.,.,.
2025,8,29,8,.,.,.,.,.,.,.,.,.,.,.,.,.
2025,8,29,9,.,.,.,.,.,.,.,.,.,.,.,.,.
2025,8,29,10,.,.,.,.,.,.,.,.,.,.,.,.,.
2025,8,29,11,.,.,.,.,.,.,.,.,.,.,.,.,.
2025,8,29,12,.,.,.,.,.,.,.,.,.,.,.,.,.
2025,8,29,13,.,.,.,.,.,.,.,.,.,.,.,.,.
2025,8,29,14,.,.,.,.,.,.,.,.,.,.,.,.,.
2025,8,29,15,.,.,.,.,.,.,.,.,.,.,.,.,.
2025,8,29,16,.,.,.,.,.,.,.,.,.,.,.,.,.
2025,8,29,17,.,.,.,.,.,.,.,.,.,.,.,.,.
2025,8,29,18,.,.,.,.,.,.,.,.,.,.,.,.,.
2025,8,29,19,.,.,.,.,.,.,.,.,.,.,.,.,.
2025,8,29,20,.,.,.,.,.,.,.,.,.,.,.,.,.
2025,8,29,21,.,.,.,.,.,.,.,.,.,.,.,.,.
2025,8,29,22,.,.,.,.,.,.,.,.,.,.,.,.,.
2025,8,29,23,.,.,.,.,.,.,.,.,.,.,.,.,.
2025,8,29,24,.,.,.,.,.,.,.,.,.,.,.,.,.
2025,8,29,25,.,.,.,.,.,.,.,.,.,.,.,.,.
2025,8,29,26,.,.,.,.,.,.,.,.,.,.,.,.,.
2025,8,29,27,.,.,.,.,.,.,.,.,.,.,.,.,.
2025,8,29,28,.,.,.,.,.,.,.,.,.,.,.,.,.
2025,8,29,29,.,.,.,.,.,.,.,.,.,.,.,.,.
2025,8,29,30,.,.,.,.,.,.,.,.,.,.,.,.,.
2025,8,29,31,.,.,.,.,.,.,.,.,.,.,.,.,.
2025,8,29,32,.,.,.,.,.,.,.,.,.,.,.,.,.
2025,8,29,33,.,.,.,.,.,.,.,.,.,.,.,.,.
2025,8,29,34,.,.,.,.,.,.,.,.,.,.,.,.,.
2025,8,29,35,.,.,.,.,.,.,.,.,.,.,.,.,.
2025,8,29,36,.,.,.,.,.,.,.,.,.,.,.,.,.
2025,8,29,37,.,.,.,.,.,.,.,.,.,.,.,.,.
2025,8,29,38,.,.,.,.,.,.,.,.,.,.,.,.,.
2025,8,29,39,.,.,.,.,.,.,.,.,.,.,.,.,.
2025,8,29,40,.,.,.,.,.,.,.,.,.,.,.,.,.
2025,8,29,41,.,.,.,.,.,.,.,.,.,.,.,.,.
2025,8,29,42,.,.,.,.,.,.,.,.,.,.,.,.,.
2025,8,29,43,.,.,.,.,.,.,.,.,.,.,.,.,.
2025,8,29,44,.,.,.,.,.,.,.,.,.,.,.,.,.
2025,8,29,45,.,.,.,.,.,.,.,.,.,.,.,.,.
2025,8,29,46,.,.,.,.,.,.,.,.,.,.,.,.,.
2025,8,29,47,.,.,.,.,.,.,.,.,.,.,.,.,.
2025,8,29,48,.,.,.,.,.,.,.,.,.,.,.,.,.
2025,8,29,49,.,.,.,.,.,.,.,.,.,.,.,.,.
2025,8,29,50,.,.,.,.,.,.,.,.,.,.,.,.,.
2025,8,29,51,.,.,.,.,.,.,.,.,.,.,.,.,.
2025,8,29,52,.,.,.,.,.,.,.,.,.,.,.,.,.
2025,8,29,53,.,.,.,.,.,.,.,.,.,.,.,.,.
2025,9,5,1,.,.,.,.,.,.,.,.,.,.,.,.,.
2025,9,5,2,.,.,.,.,.,.,.,.,.,.,.,.,.
2025,9,5,3,.,.,.,.,.,.,.,.,.,.,.,.,.
2025,9,5,4,.,.,.,.,.,.,.,.,.,.,.,.,.
2025,9,5,5,.,.,.,.,.,.,.,.,.,.,.,.,.
2025,9,5,6,.,.,.,.,.,.,.,.,.,.,.,.,.
2025,9,5,7,.,.,.,.,.,.,.,.,.,.,.,.,.
2025,9,5,8,.,.,.,.,.,.,.,.,.,.,.,.,.
2025,9,5,9,.,.,.,.,.,.,.,.,.,.,.,.,.
2025,9,5,10,.,.,.,.,.,.,.,.,.,.,.,.,.
2025,9,5,11,.,.,.,.,.,.,.,.,.,.,.,.,.
2025,9,5,12,.,.,.,.,.,.,.,.,.,.,.,.,.
2025,9,5,13,.,.,.,.,.,.,.,.,.,.,.,.,.
2025,9,5,14,.,.,.,.,.,.,.,.,.,.,.,.,.
2025,9,5,15,.,.,.,.,.,.,.,.,.,.,.,.,.
2025,9,5,16,.,.,.,.,.,.,.,.,.,.,.,.,.
2025,9,5,17,.,.,.,.,.,.,.,.,.,.,.,.,.
2025,9,5,18,.,.,.,.,.,.,.,.,.,.,.,.,.
2025,9,5,19,.,.,.,.,.,.,.,.,.,.,.,.,.
2025,9,5,20,.,.,.,.,.,.,.,.,.,.,.,.,.
2025,9,5,21,.,.,.,.,.,.,.,.,.,.,.,.,.
2025,9,5,22,.,.,.,.,.,.,.,.,.,.,.,.,.
2025,9,5,23,.,.,.,.,.,.,.,.,.,.,.,.,.
2025,9,5,24,.,.,.,.,.,.,.,.,.,.,.,.,.
2025,9,5,25,.,.,.,.,.,.,.,.,.,.,.,.,.
2025,9,5,26,.,.,.,.,.,.,.,.,.,.,.,.,.
2025,9,5,27,.,.,.,.,.,.,.,.,.,.,.,.,.
2025,9,5,28,.,.,.,.,.,.,.,.,.,.,.,.,.
2025,9,5,29,.,.,.,.,.,.,.,.,.,.,.,.,.
2025,9,5,30,.,.,.,.,.,.,.,.,.,.,.,.,.
2025,9,5,31,.,.,.,.,.,.,.,.,.,.,.,.,.
2025,9,5,32,.,.,.,.,.,.,.,.,.,.,.,.,.
2025,9,5,33,.,.,.,.,.,.,.,.,.,.,.,.,.
2025,9,5,34,.,.,.,.,.,.,.,.,.,.,.,.,.
2025,9,5,35,.,.,.,.,.,.,.,.,.,.,.,.,.
2025,9,5,36,.,.,.,.,.,.,.,.,.,.,.,.,.
2025,9,5,37,.,.,.,.,.,.,.,.,.,.,.,.,.
2025,9,5,38,.,.,.,.,.,.,.,.,.,.,.,.,.
2025,9,5,39,.,.,.,.,.,.,.,.,.,.,.,.,.
2025,9,5,40,.,.,.,.,.,.,.,.,.,.,.,.,.
2025,9,5,41,.,.,.,.,.,.,.,.,.,.,.,.,.
2025,9,5,42,.,.,.,.,.,.,.,.,.,.,.,.,.
2025,9,5,43,.,.,.,.,.,.,.,.,.,.,.,.,.
2025,9,5,44,.,.,.,.,.,.,.,.,.,.,.,.,.
2025,9,5,45,.,.,.,.,.,.,.,.,.,.,.,.,.
2025,9,5,46,.,.,.,.,.,.,.,.,.,.,.,.,.
2025,9,5,47,.,.,.,.,.,.,.,.,.,.,.,.,.
2025,9,5,48,.,.,.,.,.,.,.,.,.,.,.,.,.
2025,9,5,49,.,.,.,.,.,.,.,.,.,.,.,.,.
2025,9,5,50,.,.,.,.,.,.,.,.,.,.,.,.,.
2025,9,5,51,.,.,.,.,.,.,.,.,.,.,.,.,.
2025,9,5,52,.,.,.,.,.,.,.,.,.,.,.,.,.
2025,9,5,53,.,.,.,.,.,.,.,.,.,.,.,.,.
2025,9,12,1,.,.,.,.,.,.,.,.,.,.,.,.,.
2025,9,12,2,.,.,.,.,.,.,.,.,.,.,.,.,.
2025,9,12,3,.,.,.,.,.,.,.,.,.,.,.,.,.
2025,9,12,4,.,.,.,.,.,.,.,.,.,.,.,.,.
2025,9,12,5,.,.,.,.,.,.,.,.,.,.,.,.,.
2025,9,12,6,.,.,.,.,.,.,.,.,.,.,.,.,.
2025,9,12,7,.,.,.,.,.,.,.,.,.,.,.,.,.
2025,9,12,8,.,.,.,.,.,.,.,.,.,.,.,.,.
2025,9,12,9,.,.,.,.,.,.,.,.,.,.,.,.,.
2025,9,12,10,.,.,.,.,.,.,.,.,.,.,.,.,.
2025,9,12,11,.,.,.,.,.,.,.,.,.,.,.,.,.
2025,9,12,12,.,.,.,.,.,.,.,.,.,.,.,.,.
2025,9,12,13,.,.,.,.,.,.,.,.,.,.,.,.,.
2025,9,12,14,.,.,.,.,.,.,.,.,.,.,.,.,.
2025,9,12,15,.,.,.,.,.,.,.,.,.,.,.,.,.
2025,9,12,16,.,.,.,.,.,.,.,.,.,.,.,.,.
2025,9,12,17,.,.,.,.,.,.,.,.,.,.,.,.,.
2025,9,12,18,.,.,.,.,.,.,.,.,.,.,.,.,.
2025,9,12,19,.,.,.,.,.,.,.,.,.,.,.,.,.
2025,9,12,20,.,.,.,.,.,.,.,.,.,.,.,.,.
2025,9,12,21,.,.,.,.,.,.,.,.,.,.,.,.,.
2025,9,12,22,.,.,.,.,.,.,.,.,.,.,.,.,.
2025,9,12,23,.,.,.,.,.,.,.,.,.,.,.,.,.
2025,9,12,24,.,.,.,.,.,.,.,.,.,.,.,.,.
2025,9,12,25,.,.,.,.,.,.,.,.,.,.,.,.,.
2025,9,12,26,.,.,.,.,.,.,.,.,.,.,.,.,.
2025,9,12,27,.,.,.,.,.,.,.,.,.,.,.,.,.
2025,9,12,28,.,.,.,.,.,.,.,.,.,.,.,.,.
2025,9,12,29,.,.,.,.,.,.,.,.,.,.,.,.,.
2025,9,12,30,.,.,.,.,.,.,.,.,.,.,.,.,.
2025,9,12,31,.,.,.,.,.,.,.,.,.,.,.,.,.
2025,9,12,32,.,.,.,.,.,.,.,.,.,.,.,.,.
2025,9,12,33,.,.,.,.,.,.,.,.,.,.,.,.,.
2025,9,12,34,.,.,.,.,.,.,.,.,.,.,.,.,.
2025,9,12,35,.,.,.,.,.,.,.,.,.,.,.,.,.
2025,9,12,36,.,.,.,.,.,.,.,.,.,.,.,.,.
2025,9,12,37,.,.,.,.,.,.,.,.,.,.,.,.,.
2025,9,12,38,.,.,.,.,.,.,.,.,.,.,.,.,.
2025,9,12,39,.,.,.,.,.,.,.,.,.,.,.,.,.
2025,9,12,40,.,.,.,.,.,.,.,.,.,.,.,.,.
2025,9,12,41,.,.,.,.,.,.,.,.,.,.,.,.,.
2025,9,12,42,.,.,.,.,.,.,.,.,.,.,.,.,.
2025,9,12,43,.,.,.,.,.,.,.,.,.,.,.,.,.
2025,9,12,44,.,.,.,.,.,.,.,.,.,.,.,.,.
2025,9,12,45,.,.,.,.,.,.,.,.,.,.,.,.,.
2025,9,12,46,.,.,.,.,.,.,.,.,.,.,.,.,.
2025,9,12,47,.,.,.,.,.,.,.,.,.,.,.,.,.
2025,9,12,48,.,.,.,.,.,.,.,.,.,.,.,.,.
2025,9,12,49,.,.,.,.,.,.,.,.,.,.,.,.,.
2025,9,12,50,.,.,.,.,.,.,.,.,.,.,.,.,.
2025,9,12,51,.,.,.,.,.,.,.,.,.,.,.,.,.
2025,9,12,52,.,.,.,.,.,.,.,.,.,.,.,.,.
2025,9,12,53,.,.,.,.,.,.,.,.,.,.,.,.,.
2025,9,19,1,.,.,.,.,.,.,.,.,.,.,.,.,.
2025,9,19,2,.,.,.,.,.,.,.,.,.,.,.,.,.
2025,9,19,3,.,.,.,.,.,.,.,.,.,.,.,.,.
2025,9,19,4,.,.,.,.,.,.,.,.,.,.,.,.,.
2025,9,19,5,.,.,.,.,.,.,.,.,.,.,.,.,.
2025,9,19,6,.,.,.,.,.,.,.,.,.,.,.,.,.
2025,9,19,7,.,.,.,.,.,.,.,.,.,.,.,.,.
2025,9,19,8,.,.,.,.,.,.,.,.,.,.,.,.,.
2025,9,19,9,.,.,.,.,.,.,.,.,.,.,.,.,.
2025,9,19,10,.,.,.,.,.,.,.,.,.,.,.,.,.
2025,9,19,11,.,.,.,.,.,.,.,.,.,.,.,.,.
2025,9,19,12,.,.,.,.,.,.,.,.,.,.,.,.,.
2025,9,19,13,.,.,.,.,.,.,.,.,.,.,.,.,.
2025,9,19,14,.,.,.,.,.,.,.,.,.,.,.,.,.
2025,9,19,15,.,.,.,.,.,.,.,.,.,.,.,.,.
2025,9,19,16,.,.,.,.,.,.,.,.,.,.,.,.,.
2025,9,19,17,.,.,.,.,.,.,.,.,.,.,.,.,.
2025,9,19,18,.,.,.,.,.,.,.,.,.,.,.,.,.
2025,9,19,19,.,.,.,.,.,.,.,.,.,.,.,.,.
2025,9,19,20,.,.,.,.,.,.,.,.,.,.,.,.,.
2025,9,19,21,.,.,.,.,.,.,.,.,.,.,.,.,.
2025,9,19,22,.,.,.,.,.,.,.,.,.,.,.,.,.
2025,9,19,23,.,.,.,.,.,.,.,.,.,.,.,.,.
2025,9,19,24,.,.,.,.,.,.,.,.,.,.,.,.,.
2025,9,19,25,.,.,.,.,.,.,.,.,.,.,.,.,.
2025,9,19,26,.,.,.,.,.,.,.,.,.,.,.,.,.
2025,9,19,27,.,.,.,.,.,.,.,.,.,.,.,.,.
2025,9,19,28,.,.,.,.,.,.,.,.,.,.,.,.,.
2025,9,19,29,.,.,.,.,.,.,.,.,.,.,.,.,.
2025,9,19,30,.,.,.,.,.,.,.,.,.,.,.,.,.
2025,9,19,31,.,.,.,.,.,.,.,.,.,.,.,.,.
2025,9,19,32,.,.,.,.,.,.,.,.,.,.,.,.,.
2025,9,19,33,.,.,.,.,.,.,.,.,.,.,.,.,.
2025,9,19,34,.,.,.,.,.,.,.,.,.,.,.,.,.
2025,9,19,35,.,.,.,.,.,.,.,.,.,.,.,.,.
2025,9,19,36,.,.,.,.,.,.,.,.,.,.,.,.,.
2025,9,19,37,.,.,.,.,.,.,.,.,.,.,.,.,.
2025,9,19,38,.,.,.,.,.,.,.,.,.,.,.,.,.
2025,9,19,39,.,.,.,.,.,.,.,.,.,.,.,.,.
2025,9,19,40,.,.,.,.,.,.,.,.,.,.,.,.,.
2025,9,19,41,.,.,.,.,.,.,.,.,.,.,.,.,.
2025,9,19,42,.,.,.,.,.,.,.,.,.,.,.,.,.
2025,9,19,43,.,.,.,.,.,.,.,.,.,.,.,.,.
2025,9,19,44,.,.,.,.,.,.,.,.,.,.,.,.,.
2025,9,19,45,.,.,.,.,.,.,.,.,.,.,.,.,.
2025,9,19,46,.,.,.,.,.,.,.,.,.,.,.,.,.
2025,9,19,47,.,.,.,.,.,.,.,.,.,.,.,.,.
2025,9,19,48,.,.,.,.,.,.,.,.,.,.,.,.,.
2025,9,19,49,.,.,.,.,.,.,.,.,.,.,.,.,.
2025,9,19,50,.,.,.,.,.,.,.,.,.,.,.,.,.
2025,9,19,51,.,.,.,.,.,.,.,.,.,.,.,.,.
2025,9,19,52,.,.,.,.,.,.,.,.,.,.,.,.,.
2025,9,19,53,.,.,.,.,.,.,.,.,.,.,.,.,.
2025,9,26,1,.,.,.,.,.,.,.,.,.,.,.,.,.
2025,9,26,2,.,.,.,.,.,.,.,.,.,.,.,.,.
2025,9,26,3,.,.,.,.,.,.,.,.,.,.,.,.,.
2025,9,26,4,.,.,.,.,.,.,.,.,.,.,.,.,.
2025,9,26,5,.,.,.,.,.,.,.,.,.,.,.,.,.
2025,9,26,6,.,.,.,.,.,.,.,.,.,.,.,.,.
2025,9,26,7,.,.,.,.,.,.,.,.,.,.,.,.,.
2025,9,26,8,.,.,.,.,.,.,.,.,.,.,.,.,.
2025,9,26,9,.,.,.,.,.,.,.,.,.,.,.,.,.
2025,9,26,10,.,.,.,.,.,.,.,.,.,.,.,.,.
2025,9,26,11,.,.,.,.,.,.,.,.,.,.,.,.,.
2025,9,26,12,.,.,.,.,.,.,.,.,.,.,.,.,.
2025,9,26,13,.,.,.,.,.,.,.,.,.,.,.,.,.
2025,9,26,14,.,.,.,.,.,.,.,.,.,.,.,.,.
2025,9,26,15,.,.,.,.,.,.,.,.,.,.,.,.,.
2025,9,26,16,.,.,.,.,.,.,.,.,.,.,.,.,.
2025,9,26,17,.,.,.,.,.,.,.,.,.,.,.,.,.
2025,9,26,18,.,.,.,.,.,.,.,.,.,.,.,.,.
2025,9,26,19,.,.,.,.,.,.,.,.,.,.,.,.,.
2025,9,26,20,.,.,.,.,.,.,.,.,.,.,.,.,.
2025,9,26,21,.,.,.,.,.,.,.,.,.,.,.,.,.
2025,9,26,22,.,.,.,.,.,.,.,.,.,.,.,.,.
2025,9,26,23,.,.,.,.,.,.,.,.,.,.,.,.,.
2025,9,26,24,.,.,.,.,.,.,.,.,.,.,.,.,.
2025,9,26,25,.,.,.,.,.,.,.,.,.,.,.,.,.
2025,9,26,26,.,.,.,.,.,.,.,.,.,.,.,.,.
2025,9,26,27,.,.,.,.,.,.,.,.,.,.,.,.,.
2025,9,26,28,.,.,.,.,.,.,.,.,.,.,.,.,.
2025,9,26,29,.,.,.,.,.,.,.,.,.,.,.,.,.
2025,9,26,30,.,.,.,.,.,.,.,.,.,.,.,.,.
2025,9,26,31,.,.,.,.,.,.,.,.,.,.,.,.,.
2025,9,26,32,.,.,.,.,.,.,.,.,.,.,.,.,.
2025,9,26,33,.,.,.,.,.,.,.,.,.,.,.,.,.
2025,9,26,34,.,.,.,.,.,.,.,.,.,.,.,.,.
2025,9,26,35,.,.,.,.,.,.,.,.,.,.,.,.,.
2025,9,26,36,.,.,.,.,.,.,.,.,.,.,.,.,.
2025,9,26,37,.,.,.,.,.,.,.,.,.,.,.,.,.
2025,9,26,38,.,.,.,.,.,.,.,.,.,.,.,.,.
2025,9,26,39,.,.,.,.,.,.,.,.,.,.,.,.,.
2025,9,26,40,.,.,.,.,.,.,.,.,.,.,.,.,.
2025,9,26,41,.,.,.,.,.,.,.,.,.,.,.,.,.
2025,9,26,42,.,.,.,.,.,.,.,.,.,.,.,.,.
2025,9,26,43,.,.,.,.,.,.,.,.,.,.,.,.,.
2025,9,26,44,.,.,.,.,.,.,.,.,.,.,.,.,.
2025,9,26,45,.,.,.,.,.,.,.,.,.,.,.,.,.
2025,9,26,46,.,.,.,.,.,.,.,.,.,.,.,.,.
2025,9,26,47,.,.,.,.,.,.,.,.,.,.,.,.,.
2025,9,26,48,.,.,.,.,.,.,.,.,.,.,.,.,.
2025,9,26,49,.,.,.,.,.,.,.,.,.,.,.,.,.
2025,9,26,50,.,.,.,.,.,.,.,.,.,.,.,.,.
2025,9,26,51,.,.,.,.,.,.,.,.,.,.,.,.,.
2025,9,26,52,.,.,.,.,.,.,.,.,.,.,.,.,.
2025,9,26,53,.,.,.,.,.,.,.,.,.,.,.,.,.
2025,10,3,1,.,.,.,.,.,.,.,.,.,.,.,.,.
2025,10,3,2,.,.,.,.,.,.,.,.,.,.,.,.,.
2025,10,3,3,.,.,.,.,.,.,.,.,.,.,.,.,.
2025,10,3,4,.,.,.,.,.,.,.,.,.,.,.,.,.
2025,10,3,5,.,.,.,.,.,.,.,.,.,.,.,.,.
2025,10,3,6,.,.,.,.,.,.,.,.,.,.,.,.,.
2025,10,3,7,.,.,.,.,.,.,.,.,.,.,.,.,.
2025,10,3,8,.,.,.,.,.,.,.,.,.,.,.,.,.
2025,10,3,9,.,.,.,.,.,.,.,.,.,.,.,.,.
2025,10,3,10,.,.,.,.,.,.,.,.,.,.,.,.,.
2025,10,3,11,.,.,.,.,.,.,.,.,.,.,.,.,.
2025,10,3,12,.,.,.,.,.,.,.,.,.,.,.,.,.
2025,10,3,13,.,.,.,.,.,.,.,.,.,.,.,.,.
2025,10,3,14,.,.,.,.,.,.,.,.,.,.,.,.,.
2025,10,3,15,.,.,.,.,.,.,.,.,.,.,.,.,.
2025,10,3,16,.,.,.,.,.,.,.,.,.,.,.,.,.
2025,10,3,17,.,.,.,.,.,.,.,.,.,.,.,.,.
2025,10,3,18,.,.,.,.,.,.,.,.,.,.,.,.,.
2025,10,3,19,.,.,.,.,.,.,.,.,.,.,.,.,.
2025,10,3,20,.,.,.,.,.,.,.,.,.,.,.,.,.
2025,10,3,21,.,.,.,.,.,.,.,.,.,.,.,.,.
2025,10,3,22,.,.,.,.,.,.,.,.,.,.,.,.,.
2025,10,3,23,.,.,.,.,.,.,.,.,.,.,.,.,.
2025,10,3,24,.,.,.,.,.,.,.,.,.,.,.,.,.
2025,10,3,25,.,.,.,.,.,.,.,.,.,.,.,.,.
2025,10,3,26,.,.,.,.,.,.,.,.,.,.,.,.,.
2025,10,3,27,.,.,.,.,.,.,.,.,.,.,.,.,.
2025,10,3,28,.,.,.,.,.,.,.,.,.,.,.,.,.
2025,10,3,29,.,.,.,.,.,.,.,.,.,.,.,.,.
2025,10,3,30,.,.,.,.,.,.,.,.,.,.,.,.,.
2025,10,3,31,.,.,.,.,.,.,.,.,.,.,.,.,.
2025,10,3,32,.,.,.,.,.,.,.,.,.,.,.,.,.
2025,10,3,33,.,.,.,.,.,.,.,.,.,.,.,.,.
2025,10,3,34,.,.,.,.,.,.,.,.,.,.,.,.,.
2025,10,3,35,.,.,.,.,.,.,.,.,.,.,.,.,.
2025,10,3,36,.,.,.,.,.,.,.,.,.,.,.,.,.
2025,10,3,37,.,.,.,.,.,.,.,.,.,.,.,.,.
2025,10,3,38,.,.,.,.,.,.,.,.,.,.,.,.,.
2025,10,3,39,.,.,.,.,.,.,.,.,.,.,.,.,.
2025,10,3,40,.,.,.,.,.,.,.,.,.,.,.,.,.
2025,10,3,41,.,.,.,.,.,.,.,.,.,.,.,.,.
2025,10,3,42,.,.,.,.,.,.,.,.,.,.,.,.,.
2025,10,3,43,.,.,.,.,.,.,.,.,.,.,.,.,.
2025,10,3,44,.,.,.,.,.,.,.,.,.,.,.,.,.
2025,10,3,45,.,.,.,.,.,.,.,.,.,.,.,.,.
2025,10,3,46,.,.,.,.,.,.,.,.,.,.,.,.,.
2025,10,3,47,.,.,.,.,.,.,.,.,.,.,.,.,.
2025,10,3,48,.,.,.,.,.,.,.,.,.,.,.,.,.
2025,10,3,49,.,.,.,.,.,.,.,.,.,.,.,.,.
2025,10,3,50,.,.,.,.,.,.,.,.,.,.,.,.,.
2025,10,3,51,.,.,.,.,.,.,.,.,.,.,.,.,.
2025,10,3,52,.,.,.,.,.,.,.,.,.,.,.,.,.
2025,10,3,53,.,.,.,.,.,.,.,.,.,.,.,.,.
2025,10,10,1,-0.321,.,.,.,.,.,.,.,.,.,.,.,.
2025,10,10,2,-0.0736,.,.,.,.,.,.,.,.,.,.,.,.
2025,10,10,3,-0.221,.,.,.,.,.,.,.,.,.,.,.,.
2025,10,10,4,-0.217,.,.,.,.,.,.,.,.,.,.,.,.
2025,10,10,5,-0.265,.,.,.,.,.,.,.,.,.,.,.,.
2025,10,10,6,-0.399,.,.,.,.,.,.,.,.,.,.,.,.
2025,10,10,7,-0.226,.,.,.,.,.,.,.,.,.,.,.,.
2025,10,10,8,-0.343,.,.,.,.,.,.,.,.,.,.,.,.
2025,10,10,9,-0.327,.,.,.,.,.,.,.,.,.,.,.,.
2025,10,10,10,-0.155,.,.,.,.,.,.,.,.,.,.,.,.
2025,10,10,11,-0.22,.,.,.,.,.,.,.,.,.,.,.,.
2025,10,10,12,-0.359,.,.,.,.,.,.,.,.,.,.,.,.
2025,10,10,13,-0.312,.,.,.,.,.,.,.,.,.,.,.,.
2025,10,10,14,-0.396,.,.,.,.,.,.,.,.,.,.,.,.
2025,10,10,15,-0.0858,.,.,.,.,.,.,.,.,.,.,.,.
2025,10,10,16,-0.13,.,.,.,.,.,.,.,.,.,.,.,.
2025,10,10,17,-0.347,.,.,.,.,.,.,.,.,.,.,.,.
2025,10,10,18,-0.0976,.,.,.,.,.,.,.,.,.,.,.,.
2025,10,10,19,-0.263,.,.,.,.,.,.,.,.,.,.,.,.
2025,10,10,20,-0.33,.,.,.,.,.,.,.,.,.,.,.,.
2025,10,10,21,-0.547,.,.,.,.,.,.,.,.,.,.,.,.
2025,10,10,22,-0.21,.,.,.,.,.,.,.,.,.,.,.,.
2025,10,10,23,-0.263,.,.,.,.,.,.,.,.,.,.,.,.
2025,10,10,24,-0.237,.,.,.,.,.,.,.,.,.,.,.,.
2025,10,10,25,-0.096,.,.,.,.,.,.,.,.,.,.,.,.
2025,10,10,26,0.0385,.,.,.,.,.,.,.,.,.,.,.,.
2025,10,10,27,-0.247,.,.,.,.,.,.,.,.,.,.,.,.
2025,10,10,28,-0.383,.,.,.,.,.,.,.,.,.,.,.,.
2025,10,10,29,-0.301,.,.,.,.,.,.,.,.,.,.,.,.
2025,10,10,30,-0.138,.,.,.,.,.,.,.,.,.,.,.,.
2025,10,10,31,-0.214,.,.,.,.,.,.,.,.,.,.,.,.
2025,10,10,32,-0.068,.,.,.,.,.,.,.,.,.,.,.,.
2025,10,10,33,-0.201,.,.,.,.,.,.,.,.,.,.,.,.
2025,10,10,34,-0.201,.,.,.,.,.,.,.,.,.,.,.,.
2025,10,10,35,-0.244,.,.,.,.,.,.,.,.,.,.,.,.
2025,10,10,36,-0.185,.,.,.,.,.,.,.,.,.,.,.,.
2025,10,10,37,-0.00343,.,.,.,.,.,.,.,.,.,.,.,.
2025,10,10,38,-0.164,.,.,.,.,.,.,.,.,.,.,.,.
2025,10,10,39,-0.164,.,.,.,.,.,.,.,.,.,.,.,.
2025,10,10,40,-0.164,.,.,.,.,.,.,.,.,.,.,.,.
2025,10,10,41,-0.419,.,.,.,.,.,.,.,.,.,.,.,.
2025,10,10,42,-0.273,.,.,.,.,.,.,.,.,.,.,.,.
2025,10,10,43,-0.142,.,.,.,.,.,.,.,.,.,.,.,.
2025,10,10,44,-0.2,.,.,.,.,.,.,.,.,.,.,.,.
2025,10,10,45,0.298,.,.,.,.,.,.,.,.,.,.,.,.
2025,10,10,46,-0.196,.,.,.,.,.,.,.,.,.,.,.,.
2025,10,10,47,-0.0393,.,.,.,.,.,.,.,.,.,.,.,.
2025,10,10,48,0.156,.,.,.,.,.,.,.,.,.,.,.,.
2025,10,10,49,0.418,.,.,.,.,.,.,.,.,.,.,.,.
2025,10,10,50,0.0403,.,.,.,.,.,.,.,.,.,.,.,.
2025,10,10,51,-0.313,.,.,.,.,.,.,.,.,.,.,.,.
2025,10,10,52,-0.296,.,.,.,.,.,.,.,.,.,.,.,.
2025,10,10,53,0.0581,.,.,.,.,.,.,.,.,.,.,.,.
2025,10,17,1,-0.344,.,.,.,.,.,.,.,.,.,.,.,.
2025,10,17,2,-0.114,.,.,.,.,.,.,.,.,.,.,.,.
2025,10,17,3,-0.237,.,.,.,.,.,.,.,.,.,.,.,.
2025,10,17,4,-0.246,.,.,.,.,.,.,.,.,.,.,.,.
2025,10,17,5,-0.272,.,.,.,.,.,.,.,.,.,.,.,.
2025,10,17,6,-0.415,.,.,.,.,.,.,.,.,.,.,.,.
2025,10,17,7,-0.263,.,.,.,.,.,.,.,.,.,.,.,.
2025,10,17,8,-0.362,.,.,.,.,.,.,.,.,.,.,.,.
2025,10,17,9,-0.291,.,.,.,.,.,.,.,.,.,.,.,.
2025,10,17,10,-0.175,.,.,.,.,.,.,.,.,.,.,.,.
2025,10,17,11,-0.267,.,.,.,.,.,.,.,.,.,.,.,.
2025,10,17,12,-0.377,.,.,.,.,.,.,.,.,.,.,.,.
2025,10,17,13,-0.27,.,.,.,.,.,.,.,.,.,.,.,.
2025,10,17,14,-0.363,.,.,.,.,.,.,.,.,.,.,.,.
2025,10,17,15,-0.153,.,.,.,.,.,.,.,.,.,.,.,.
2025,10,17,16,-0.169,.,.,.,.,.,.,.,.,.,.,.,.
2025,10,17,17,-0.36,.,.,.,.,.,.,.,.,.,.,.,.
2025,10,17,18,-0.16,.,.,.,.,.,.,.,.,.,.,.,.
2025,10,17,19,-0.28,.,.,.,.,.,.,.,.,.,.,.,.
2025,10,17,20,-0.329,.,.,.,.,.,.,.,.,.,.,.,.
2025,10,17,21,-0.567,.,.,.,.,.,.,.,.,.,.,.,.
2025,10,17,22,-0.211,.,.,.,.,.,.,.,.,.,.,.,.
2025,10,17,23,-0.238,.,.,.,.,.,.,.,.,.,.,.,.
2025,10,17,24,-0.296,.,.,.,.,.,.,.,.,.,.,.,.
2025,10,17,25,-0.212,.,.,.,.,.,.,.,.,.,.,.,.
2025,10,17,26,-0.0715,.,.,.,.,.,.,.,.,.,.,.,.
2025,10,17,27,-0.287,.,.,.,.,.,.,.,.,.,.,.,.
2025,10,17,28,-0.4,.,.,.,.,.,.,.,.,.,.,.,.
2025,10,17,29,-0.354,.,.,.,.,.,.,.,.,.,.,.,.
2025,10,17,30,-0.197,.,.,.,.,.,.,.,.,.,.,.,.
2025,10,17,31,-0.275,.,.,.,.,.,.,.,.,.,.,.,.
2025,10,17,32,-0.117,.,.,.,.,.,.,.,.,.,.,.,.
2025,10,17,33,-0.173,.,.,.,.,.,.,.,.,.,.,.,.
2025,10,17,34,-0.211,.,.,.,.,.,.,.,.,.,.,.,.
2025,10,17,35,-0.247,.,.,.,.,.,.,.,.,.,.,.,.
2025,10,17,36,-0.203,.,.,.,.,.,.,.,.,.,.,.,.
2025,10,17,37,-0.00464,.,.,.,.,.,.,.,.,.,.,.,.
2025,10,17,38,-0.156,.,.,.,.,.,.,.,.,.,.,.,.
2025,10,17,39,-0.16,.,.,.,.,.,.,.,.,.,.,.,.
2025,10,17,40,-0.116,.,.,.,.,.,.,.,.,.,.,.,.
2025,10,17,41,-0.373,.,.,.,.,.,.,.,.,.,.,.,.
2025,10,17,42,-0.298,.,.,.,.,.,.,.,.,.,.,.,.
2025,10,17,43,-0.16,.,.,.,.,.,.,.,.,.,.,.,.
2025,10,17,44,-0.146,.,.,.,.,.,.,.,.,.,.,.,.
2025,10,17,45,0.419,.,.,.,.,.,.,.,.,.,.,.,.
2025,10,17,46,-0.232,.,.,.,.,.,.,.,.,.,.,.,.
2025,10,17,47,-0.0161,.,.,.,.,.,.,.,.,.,.,.,.
2025,10,17,48,0.102,.,.,.,.,.,.,.,.,.,.,.,.
2025,10,17,49,0.315,.,.,.,.,.,.,.,.,.,.,.,.
2025,10,17,50,-0.031,.,.,.,.,.,.,.,.,.,.,.,.
2025,10,17,51,-0.222,.,.,.,.,.,.,.,.,.,.,.,.
2025,10,17,52,-0.292,.,.,.,.,.,.,.,.,.,.,.,.
2025,10,17,53,-0.0856,.,.,.,.,.,.,.,.,.,.,.,.
2025,10,24,1,-0.298,.,.,.,.,.,.,.,.,.,.,.,.
2025,10,24,2,-0.0554,.,.,.,.,.,.,.,.,.,.,.,.
2025,10,24,3,-0.13,.,.,.,.,.,.,.,.,.,.,.,.
2025,10,24,4,-0.279,.,.,.,.,.,.,.,.,.,.,.,.
2025,10,24,5,-0.257,.,.,.,.,.,.,.,.,.,.,.,.
2025,10,24,6,-0.388,.,.,.,.,.,.,.,.,.,.,.,.
2025,10,24,7,-0.255,.,.,.,.,.,.,.,.,.,.,.,.
2025,10,24,8,-0.367,.,.,.,.,.,.,.,.,.,.,.,.
2025,10,24,9,-0.283,.,.,.,.,.,.,.,.,.,.,.,.
2025,10,24,10,-0.189,.,.,.,.,.,.,.,.,.,.,.,.
2025,10,24,11,-0.294,.,.,.,.,.,.,.,.,.,.,.,.
2025,10,24,12,-0.294,.,.,.,.,.,.,.,.,.,.,.,.
2025,10,24,13,-0.289,.,.,.,.,.,.,.,.,.,.,.,.
2025,10,24,14,-0.37,.,.,.,.,.,.,.,.,.,.,.,.
2025,10,24,15,-0.131,.,.,.,.,.,.,.,.,.,.,.,.
2025,10,24,16,-0.166,.,.,.,.,.,.,.,.,.,.,.,.
2025,10,24,17,-0.372,.,.,.,.,.,.,.,.,.,.,.,.
2025,10,24,18,-0.157,.,.,.,.,.,.,.,.,.,.,.,.
2025,10,24,19,-0.28,.,.,.,.,.,.,.,.,.,.,.,.
2025,10,24,20,-0.337,.,.,.,.,.,.,.,.,.,.,.,.
2025,10,24,21,-0.582,.,.,.,.,.,.,.,.,.,.,.,.
2025,10,24,22,-0.266,.,.,.,.,.,.,.,.,.,.,.,.
2025,10,24,23,-0.255,.,.,.,.,.,.,.,.,.,.,.,.
2025,10,24,24,-0.23,.,.,.,.,.,.,.,.,.,.,.,.
2025,10,24,25,-0.122,.,.,.,.,.,.,.,.,.,.,.,.
2025,10,24,26,-0.0866,.,.,.,.,.,.,.,.,.,.,.,.
2025,10,24,27,-0.221,.,.,.,.,.,.,.,.,.,.,.,.
2025,10,24,28,-0.413,.,.,.,.,.,.,.,.,.,.,.,.
2025,10,24,29,-0.341,.,.,.,.,.,.,.,.,.,.,.,.
2025,10,24,30,-0.159,.,.,.,.,.,.,.,.,.,.,.,.
2025,10,24,31,-0.253,.,.,.,.,.,.,.,.,.,.,.,.
2025,10,24,32,-0.0143,.,.,.,.,.,.,.,.,.,.,.,.
2025,10,24,33,-0.197,.,.,.,.,.,.,.,.,.,.,.,.
2025,10,24,34,-0.276,.,.,.,.,.,.,.,.,.,.,.,.
2025,10,24,35,-0.29,.,.,.,.,.,.,.,.,.,.,.,.
2025,10,24,36,-0.227,.,.,.,.,.,.,.,.,.,.,.,.
2025,10,24,37,0.00948,.,.,.,.,.,.,.,.,.,.,.,.
2025,10,24,38,-0.144,.,.,.,.,.,.,.,.,.,.,.,.
2025,10,24,39,-0.163,.,.,.,.,.,.,.,.,.,.,.,.
2025,10,24,40,-0.164,.,.,.,.,.,.,.,.,.,.,.,.
2025,10,24,41,-0.277,.,.,.,.,.,.,.,.,.,.,.,.
2025,10,24,42,-0.276,.,.,.,.,.,.,.,.,.,.,.,.
2025,10,24,43,-0.195,.,.,.,.,.,.,.,.,.,.,.,.
2025,10,24,44,-0.182,.,.,.,.,.,.,.,.,.,.,.,.
2025,10,24,45,0.199,.,.,.,.,.,.,.,.,.,.,.,.
2025,10,24,46,-0.174,.,.,.,.,.,.,.,.,.,.,.,.
2025,10,24,47,-0.122,.,.,.,.,.,.,.,.,.,.,.,.
2025,10,24,48,0.153,.,.,.,.,.,.,.,.,.,.,.,.
2025,10,24,49,0.286,.,.,.,.,.,.,.,.,.,.,.,.
2025,10,24,50,0.00266,.,.,.,.,.,.,.,.,.,.,.,.
2025,10,24,51,-0.28,.,.,.,.,.,.,.,.,.,.,.,.
2025,10,24,52,-0.317,.,.,.,.,.,.,.,.,.,.,.,.
2025,10,24,53,0.00804,.,.,.,.,.,.,.,.,.,.,.,.
2025,10,31,1,-0.375,.,.,.,.,.,.,.,.,.,.,.,.
2025,10,31,2,-0.181,.,.,.,.,.,.,.,.,.,.,.,.
2025,10,31,3,-0.303,.,.,.,.,.,.,.,.,.,.,.,.
2025,10,31,4,-0.327,.,.,.,.,.,.,.,.,.,.,.,.
2025,10,31,5,-0.329,.,.,.,.,.,.,.,.,.,.,.,.
2025,10,31,6,-0.488,.,.,.,.,.,.,.,.,.,.,.,.
2025,10,31,7,-0.308,.,.,.,.,.,.,.,.,.,.,.,.
2025,10,31,8,-0.372,.,.,.,.,.,.,.,.,.,.,.,.
2025,10,31,9,-0.37,.,.,.,.,.,.,.,.,.,.,.,.
2025,10,31,10,-0.239,.,.,.,.,.,.,.,.,.,.,.,.
2025,10,31,11,-0.392,.,.,.,.,.,.,.,.,.,.,.,.
2025,10,31,12,-0.437,.,.,.,.,.,.,.,.,.,.,.,.
2025,10,31,13,-0.343,.,.,.,.,.,.,.,.,.,.,.,.
2025,10,31,14,-0.406,.,.,.,.,.,.,.,.,.,.,.,.
2025,10,31,15,-0.21,.,.,.,.,.,.,.,.,.,.,.,.
2025,10,31,16,-0.275,.,.,.,.,.,.,.,.,.,.,.,.
2025,10,31,17,-0.392,.,.,.,.,.,.,.,.,.,.,.,.
2025,10,31,18,-0.192,.,.,.,.,.,.,.,.,.,.,.,.
2025,10,31,19,-0.357,.,.,.,.,.,.,.,.,.,.,.,.
2025,10,31,20,-0.36,.,.,.,.,.,.,.,.,.,.,.,.
2025,10,31,21,-0.568,.,.,.,.,.,.,.,.,.,.,.,.
2025,10,31,22,-0.295,.,.,.,.,.,.,.,.,.,.,.,.
2025,10,31,23,-0.298,.,.,.,.,.,.,.,.,.,.,.,.
2025,10,31,24,-0.372,.,.,.,.,.,.,.,.,.,.,.,.
2025,10,31,25,-0.197,.,.,.,.,.,.,.,.,.,.,.,.
2025,10,31,26,-0.213,.,.,.,.,.,.,.,.,.,.,.,.
2025,10,31,27,-0.294,.,.,.,.,.,.,.,.,.,.,.,.
2025,10,31,28,-0.464,.,.,.,.,.,.,.,.,.,.,.,.
2025,10,31,29,-0.396,.,.,.,.,.,.,.,.,.,.,.,.
2025,10,31,30,-0.274,.,.,.,.,.,.,.,.,.,.,.,.
2025,10,31,31,-0.309,.,.,.,.,.,.,.,.,.,.,.,.
2025,10,31,32,-0.152,.,.,.,.,.,.,.,.,.,.,.,.
2025,10,31,33,-0.206,.,.,.,.,.,.,.,.,.,.,.,.
2025,10,31,34,-0.294,.,.,.,.,.,.,.,.,.,.,.,.
2025,10,31,35,-0.326,.,.,.,.,.,.,.,.,.,.,.,.
2025,10,31,36,-0.292,.,.,.,.,.,.,.,.,.,.,.,.
2025,10,31,37,-0.0486,.,.,.,.,.,.,.,.,.,.,.,.
2025,10,31,38,-0.175,.,.,.,.,.,.,.,.,.,.,.,.
2025,10,31,39,-0.212,.,.,.,.,.,.,.,.,.,.,.,.
2025,10,31,40,-0.246,.,.,.,.,.,.,.,.,.,.,.,.
2025,10,31,41,-0.436,.,.,.,.,.,.,.,.,.,.,.,.
2025,10,31,42,-0.325,.,.,.,.,.,.,.,.,.,.,.,.
2025,10,31,43,-0.252,.,.,.,.,.,.,.,.,.,.,.,.
2025,10,31,44,-0.271,.,.,.,.,.,.,.,.,.,.,.,.
2025,10,31,45,0.182,.,.,.,.,.,.,.,.,.,.,.,.
2025,10,31,46,-0.218,.,.,.,.,.,.,.,.,.,.,.,.
2025,10,31,47,-0.25,.,.,.,.,.,.,.,.,.,.,.,.
2025,10,31,48,-0.0139,.,.,.,.,.,.,.,.,.,.,.,.
2025,10,31,49,0.151,.,.,.,.,.,.,.,.,.,.,.,.
2025,10,31,50,-0.0646,.,.,.,.,.,.,.,.,.,.,.,.
2025,10,31,51,-0.348,.,.,.,.,.,.,.,.,.,.,.,.
2025,10,31,52,-0.362,.,.,.,.,.,.,.,.,.,.,.,.
2025,10,31,53,-0.171,.,.,.,.,.,.,.,.,.,.,.,.
2025,11,7,1,-0.212,.,.,.,.,.,.,.,.,.,.,.,.
2025,11,7,2,-0.0443,.,.,.,.,.,.,.,.,.,.,.,.
2025,11,7,3,-0.12,.,.,.,.,.,.,.,.,.,.,.,.
2025,11,7,4,-0.228,.,.,.,.,.,.,.,.,.,.,.,.
2025,11,7,5,-0.212,.,.,.,.,.,.,.,.,.,.,.,.
2025,11,7,6,-0.357,.,.,.,.,.,.,.,.,.,.,.,.
2025,11,7,7,-0.154,.,.,.,.,.,.,.,.,.,.,.,.
2025,11,7,8,-0.262,.,.,.,.,.,.,.,.,.,.,.,.
2025,11,7,9,-0.273,.,.,.,.,.,.,.,.,.,.,.,.
2025,11,7,10,-0.0728,.,.,.,.,.,.,.,.,.,.,.,.
2025,11,7,11,-0.233,.,.,.,.,.,.,.,.,.,.,.,.
2025,11,7,12,-0.289,.,.,.,.,.,.,.,.,.,.,.,.
2025,11,7,13,-0.281,.,.,.,.,.,.,.,.,.,.,.,.
2025,11,7,14,-0.336,.,.,.,.,.,.,.,.,.,.,.,.
2025,11,7,15,0.0229,.,.,.,.,.,.,.,.,.,.,.,.
2025,11,7,16,-0.148,.,.,.,.,.,.,.,.,.,.,.,.
2025,11,7,17,-0.305,.,.,.,.,.,.,.,.,.,.,.,.
2025,11,7,18,-0.0835,.,.,.,.,.,.,.,.,.,.,.,.
2025,11,7,19,-0.2,.,.,.,.,.,.,.,.,.,.,.,.
2025,11,7,20,-0.3,.,.,.,.,.,.,.,.,.,.,.,.
2025,11,7,21,-0.503,.,.,.,.,.,.,.,.,.,.,.,.
2025,11,7,22,-0.096,.,.,.,.,.,.,.,.,.,.,.,.
2025,11,7,23,-0.0742,.,.,.,.,.,.,.,.,.,.,.,.
2025,11,7,24,-0.257,.,.,.,.,.,.,.,.,.,.,.,.
2025,11,7,25,-0.101,.,.,.,.,.,.,.,.,.,.,.,.
2025,11,7,26,-0.0323,.,.,.,.,.,.,.,.,.,.,.,.
2025,11,7,27,-0.154,.,.,.,.,.,.,.,.,.,.,.,.
2025,11,7,28,-0.356,.,.,.,.,.,.,.,.,.,.,.,.
2025,11,7,29,-0.329,.,.,.,.,.,.,.,.,.,.,.,.
2025,11,7,30,-0.0954,.,.,.,.,.,.,.,.,.,.,.,.
2025,11,7,31,-0.139,.,.,.,.,.,.,.,.,.,.,.,.
2025,11,7,32,0.074,.,.,.,.,.,.,.,.,.,.,.,.
2025,11,7,33,-0.088,.,.,.,.,.,.,.,.,.,.,.,.
2025,11,7,34,-0.0817,.,.,.,.,.,.,.,.,.,.,.,.
2025,11,7,35,-0.199,.,.,.,.,.,.,.,.,.,.,.,.
2025,11,7,36,-0.192,.,.,.,.,.,.,.,.,.,.,.,.
2025,11,7,37,0.122,.,.,.,.,.,.,.,.,.,.,.,.
2025,11,7,38,-0.0854,.,.,.,.,.,.,.,.,.,.,.,.
2025,11,7,39,-0.142,.,.,.,.,.,.,.,.,.,.,.,.
2025,11,7,40,-0.124,.,.,.,.,.,.,.,.,.,.,.,.
2025,11,7,41,-0.237,.,.,.,.,.,.,.,.,.,.,.,.
2025,11,7,42,-0.221,.,.,.,.,.,.,.,.,.,.,.,.
2025,11,7,43,-0.202,.,.,.,.,.,.,.,.,.,.,.,.
2025,11,7,44,-0.0589,.,.,.,.,.,.,.,.,.,.,.,.
2025,11,7,45,0.442,.,.,.,.,.,.,.,.,.,.,.,.
2025,11,7,46,-0.0805,.,.,.,.,.,.,.,.,.,.,.,.
2025,11,7,47,0.0273,.,.,.,.,.,.,.,.,.,.,.,.
2025,11,7,48,0.23,.,.,.,.,.,.,.,.,.,.,.,.
2025,11,7,49,0.274,.,.,.,.,.,.,.,.,.,.,.,.
2025,11,7,50,0.097,.,.,.,.,.,.,.,.,.,.,.,.
2025,11,7,51,-0.295,.,.,.,.,.,.,.,.,.,.,.,.
2025,11,7,52,-0.203,.,.,.,.,.,.,.,.,.,.,.,.
2025,11,7,53,0.0191,.,.,.,.,.,.,.,.,.,.,.,.
2025,11,14,1,-0.331,.,.,.,.,.,.,.,.,.,.,.,.
2025,11,14,2,-0.106,.,.,.,.,.,.,.,.,.,.,.,.
2025,11,14,3,-0.216,.,.,.,.,.,.,.,.,.,.,.,.
2025,11,14,4,-0.256,.,.,.,.,.,.,.,.,.,.,.,.
2025,11,14,5,-0.285,.,.,.,.,.,.,.,.,.,.,.,.
2025,11,14,6,-0.452,.,.,.,.,.,.,.,.,.,.,.,.
2025,11,14,7,-0.189,.,.,.,.,.,.,.,.,.,.,.,.
2025,11,14,8,-0.258,.,.,.,.,.,.,.,.,.,.,.,.
2025,11,14,9,-0.358,.,.,.,.,.,.,.,.,.,.,.,.
2025,11,14,10,-0.125,.,.,.,.,.,.,.,.,.,.,.,.
2025,11,14,11,-0.334,.,.,.,.,.,.,.,.,.,.,.,.
2025,11,14,12,-0.325,.,.,.,.,.,.,.,.,.,.,.,.
2025,11,14,13,-0.317,.,.,.,.,.,.,.,.,.,.,.,.
2025,11,14,14,-0.398,.,.,.,.,.,.,.,.,.,.,.,.
2025,11,14,15,-0.129,.,.,.,.,.,.,.,.,.,.,.,.
2025,11,14,16,-0.161,.,.,.,.,.,.,.,.,.,.,.,.
2025,11,14,17,-0.402,.,.,.,.,.,.,.,.,.,.,.,.
2025,11,14,18,-0.209,.,.,.,.,.,.,.,.,.,.,.,.
2025,11,14,19,-0.321,.,.,.,.,.,.,.,.,.,.,.,.
2025,11,14,20,-0.37,.,.,.,.,.,.,.,.,.,.,.,.
2025,11,14,21,-0.586,.,.,.,.,.,.,.,.,.,.,.,.
2025,11,14,22,-0.0481,.,.,.,.,.,.,.,.,.,.,.,.
2025,11,14,23,-0.092,.,.,.,.,.,.,.,.,.,.,.,.
2025,11,14,24,-0.347,.,.,.,.,.,.,.,.,.,.,.,.
2025,11,14,25,-0.183,.,.,.,.,.,.,.,.,.,.,.,.
2025,11,14,26,-0.0538,.,.,.,.,.,.,.,.,.,.,.,.
2025,11,14,27,-0.267,.,.,.,.,.,.,.,.,.,.,.,.
2025,11,14,28,-0.412,.,.,.,.,.,.,.,.,.,.,.,.
2025,11,14,29,-0.367,.,.,.,.,.,.,.,.,.,.,.,.
2025,11,14,30,-0.207,.,.,.,.,.,.,.,.,.,.,.,.
2025,11,14,31,-0.326,.,.,.,.,.,.,.,.,.,.,.,.
2025,11,14,32,-0.0254,.,.,.,.,.,.,.,.,.,.,.,.
2025,11,14,33,-0.188,.,.,.,.,.,.,.,.,.,.,.,.
2025,11,14,34,-0.338,.,.,.,.,.,.,.,.,.,.,.,.
2025,11,14,35,-0.338,.,.,.,.,.,.,.,.,.,.,.,.
2025,11,14,36,-0.256,.,.,.,.,.,.,.,.,.,.,.,.
2025,11,14,37,-0.0107,.,.,.,.,.,.,.,.,.,.,.,.
2025,11,14,38,-0.199,.,.,.,.,.,.,.,.,.,.,.,.
2025,11,14,39,-0.25,.,.,.,.,.,.,.,.,.,.,.,.
2025,11,14,40,-0.194,.,.,.,.,.,.,.,.,.,.,.,.
2025,11,14,41,-0.352,.,.,.,.,.,.,.,.,.,.,.,.
2025,11,14,42,-0.305,.,.,.,.,.,.,.,.,.,.,.,.
2025,11,14,43,-0.209,.,.,.,.,.,.,.,.,.,.,.,.
2025,11,14,44,-0.205,.,.,.,.,.,.,.,.,.,.,.,.
2025,11,14,45,0.263,.,.,.,.,.,.,.,.,.,.,.,.
2025,11,14,46,-0.269,.,.,.,.,.,.,.,.,.,.,.,.
2025,11,14,47,-0.146,.,.,.,.,.,.,.,.,.,.,.,.
2025,11,14,48,0.0,.,.,.,.,.,.,.,.,.,.,.,.
2025,11,14,49,0.228,.,.,.,.,.,.,.,.,.,.,.,.
2025,11,14,50,-0.0163,.,.,.,.,.,.,.,.,.,.,.,.
2025,11,14,51,-0.407,.,.,.,.,.,.,.,.,.,.,.,.
2025,11,14,52,-0.375,.,.,.,.,.,.,.,.,.,.,.,.
2025,11,14,53,-0.0641,.,.,.,.,.,.,.,.,.,.,.,.
2025,11,21,1,-0.32,.,.,.,.,.,.,.,.,.,.,.,.
2025,11,21,2,-0.164,.,.,.,.,.,.,.,.,.,.,.,.
2025,11,21,3,-0.215,.,.,.,.,.,.,.,.,.,.,.,.
2025,11,21,4,-0.31,.,.,.,.,.,.,.,.,.,.,.,.
2025,11,21,5,-0.261,.,.,.,.,.,.,.,.,.,.,.,.
2025,11,21,6,-0.421,.,.,.,.,.,.,.,.,.,.,.,.
2025,11,21,7,-0.283,.,.,.,.,.,.,.,.,.,.,.,.
2025,11,21,8,-0.369,.,.,.,.,.,.,.,.,.,.,.,.
2025,11,21,9,-0.387,.,.,.,.,.,.,.,.,.,.,.,.
2025,11,21,10,-0.165,.,.,.,.,.,.,.,.,.,.,.,.
2025,11,21,11,-0.313,.,.,.,.,.,.,.,.,.,.,.,.
2025,11,21,12,-0.342,.,.,.,.,.,.,.,.,.,.,.,.
2025,11,21,13,-0.287,.,.,.,.,.,.,.,.,.,.,.,.
2025,11,21,14,-0.466,.,.,.,.,.,.,.,.,.,.,.,.
2025,11,21,15,-0.15,.,.,.,.,.,.,.,.,.,.,.,.
2025,11,21,16,-0.153,.,.,.,.,.,.,.,.,.,.,.,.
2025,11,21,17,-0.362,.,.,.,.,.,.,.,.,.,.,.,.
2025,11,21,18,-0.164,.,.,.,.,.,.,.,.,.,.,.,.
2025,11,21,19,-0.344,.,.,.,.,.,.,.,.,.,.,.,.
2025,11,21,20,-0.411,.,.,.,.,.,.,.,.,.,.,.,.
2025,11,21,21,-0.589,.,.,.,.,.,.,.,.,.,.,.,.
2025,11,21,22,-0.245,.,.,.,.,.,.,.,.,.,.,.,.
2025,11,21,23,-0.139,.,.,.,.,.,.,.,.,.,.,.,.
2025,11,21,24,-0.286,.,.,.,.,.,.,.,.,.,.,.,.
2025,11,21,25,-0.191,.,.,.,.,.,.,.,.,.,.,.,.
2025,11,21,26,-0.0313,.,.,.,.,.,.,.,.,.,.,.,.
2025,11,21,27,-0.254,.,.,.,.,.,.,.,.,.,.,.,.
2025,11,21,28,-0.438,.,.,.,.,.,.,.,.,.,.,.,.
2025,11,21,29,-0.326,.,.,.,.,.,.,.,.,.,.,.,.
2025,11,21,30,-0.164,.,.,.,.,.,.,.,.,.,.,.,.
2025,11,21,31,-0.191,.,.,.,.,.,.,.,.,.,.,.,.
2025,11,21,32,-0.203,.,.,.,.,.,.,.,.,.,.,.,.
2025,11,21,33,-0.242,.,.,.,.,.,.,.,.,.,.,.,.
2025,11,21,34,-0.294,.,.,.,.,.,.,.,.,.,.,.,.
2025,11,21,35,-0.292,.,.,.,.,.,.,.,.,.,.,.,.
2025,11,21,36,-0.293,.,.,.,.,.,.,.,.,.,.,.,.
2025,11,21,37,-0.0175,.,.,.,.,.,.,.,.,.,.,.,.
2025,11,21,38,-0.236,.,.,.,.,.,.,.,.,.,.,.,.
2025,11,21,39,-0.185,.,.,.,.,.,.,.,.,.,.,.,.
2025,11,21,40,-0.173,.,.,.,.,.,.,.,.,.,.,.,.
2025,11,21,41,-0.372,.,.,.,.,.,.,.,.,.,.,.,.
2025,11,21,42,-0.315,.,.,.,.,.,.,.,.,.,.,.,.
2025,11,21,43,-0.206,.,.,.,.,.,.,.,.,.,.,.,.
2025,11,21,44,-0.263,.,.,.,.,.,.,.,.,.,.,.,.
2025,11,21,45,0.179,.,.,.,.,.,.,.,.,.,.,.,.
2025,11,21,46,-0.32,.,.,.,.,.,.,.,.,.,.,.,.
2025,11,21,47,0.0393,.,.,.,.,.,.,.,.,.,.,.,.
2025,11,21,48,0.202,.,.,.,.,.,.,.,.,.,.,.,.
2025,11,21,49,0.321,.,.,.,.,.,.,.,.,.,.,.,.
2025,11,21,50,-0.00316,.,.,.,.,.,.,.,.,.,.,.,.
2025,11,21,51,-0.327,.,.,.,.,.,.,.,.,.,.,.,.
2025,11,21,52,-0.309,.,.,.,.,.,.,.,.,.,.,.,.
2025,11,21,53,-0.0246,.,.,.,.,.,.,.,.,.,.,.,.
2025,11,28,1,-0.537,.,.,.,.,.,.,.,.,.,.,.,.
2025,11,28,2,-0.389,.,.,.,.,.,.,.,.,.,.,.,.
2025,11,28,3,-0.447,.,.,.,.,.,.,.,.,.,.,.,.
2025,11,28,4,-0.52,.,.,.,.,.,.,.,.,.,.,.,.
2025,11,28,5,-0.505,.,.,.,.,.,.,.,.,.,.,.,.
2025,11,28,6,-0.591,.,.,.,.,.,.,.,.,.,.,.,.
2025,11,28,7,-0.554,.,.,.,.,.,.,.,.,.,.,.,.
2025,11,28,8,-0.612,.,.,.,.,.,.,.,.,.,.,.,.
2025,11,28,9,-0.557,.,.,.,.,.,.,.,.,.,.,.,.
2025,11,28,10,-0.47,.,.,.,.,.,.,.,.,.,.,.,.
2025,11,28,11,-0.554,.,.,.,.,.,.,.,.,.,.,.,.
2025,11,28,12,-0.563,.,.,.,.,.,.,.,.,.,.,.,.
2025,11,28,13,-0.542,.,.,.,.,.,.,.,.,.,.,.,.
2025,11,28,14,-0.618,.,.,.,.,.,.,.,.,.,.,.,.
2025,11,28,15,-0.434,.,.,.,.,.,.,.,.,.,.,.,.
2025,11,28,16,-0.496,.,.,.,.,.,.,.,.,.,.,.,.
2025,11,28,17,-0.6,.,.,.,.,.,.,.,.,.,.,.,.
2025,11,28,18,-0.441,.,.,.,.,.,.,.,.,.,.,.,.
2025,11,28,19,-0.535,.,.,.,.,.,.,.,.,.,.,.,.
2025,11,28,20,-0.575,.,.,.,.,.,.,.,.,.,.,.,.
2025,11,28,21,-0.661,.,.,.,.,.,.,.,.,.,.,.,.
2025,11,28,22,-0.509,.,.,.,.,.,.,.,.,.,.,.,.
2025,11,28,23,-0.42,.,.,.,.,.,.,.,.,.,.,.,.
2025,11,28,24,-0.546,.,.,.,.,.,.,.,.,.,.,.,.
2025,11,28,25,-0.457,.,.,.,.,.,.,.,.,.,.,.,.
2025,11,28,26,-0.365,.,.,.,.,.,.,.,.,.,.,.,.
2025,11,28,27,-0.531,.,.,.,.,.,.,.,.,.,.,.,.
2025,11,28,28,-0.627,.,.,.,.,.,.,.,.,.,.,.,.
2025,11,28,29,-0.516,.,.,.,.,.,.,.,.,.,.,.,.
2025,11,28,30,-0.444,.,.,.,.,.,.,.,.,.,.,.,.
2025,11,28,31,-0.508,.,.,.,.,.,.,.,.,.,.,.,.
2025,11,28,32,-0.445,.,.,.,.,.,.,.,.,.,.,.,.
2025,11,28,33,-0.497,.,.,.,.,.,.,.,.,.,.,.,.
2025,11,28,34,-0.511,.,.,.,.,.,.,.,.,.,.,.,.
2025,11,28,35,-0.51,.,.,.,.,.,.,.,.,.,.,.,.
2025,11,28,36,-0.532,.,.,.,.,.,.,.,.,.,.,.,.
2025,11,28,37,-0.293,.,.,.,.,.,.,.,.,.,.,.,.
2025,11,28,38,-0.431,.,.,.,.,.,.,.,.,.,.,.,.
2025,11,28,39,-0.451,.,.,.,.,.,.,.,.,.,.,.,.
2025,11,28,40,-0.439,.,.,.,.,.,.,.,.,.,.,.,.
2025,11,28,41,-0.545,.,.,.,.,.,.,.,.,.,.,.,.
2025,11,28,42,-0.535,.,.,.,.,.,.,.,.,.,.,.,.
2025,11,28,43,-0.469,.,.,.,.,.,.,.,.,.,.,.,.
2025,11,28,44,-0.432,.,.,.,.,.,.,.,.,.,.,.,.
2025,11,28,45,-0.198,.,.,.,.,.,.,.,.,.,.,.,.
2025,11,28,46,-0.458,.,.,.,.,.,.,.,.,.,.,.,.
2025,11,28,47,-0.268,.,.,.,.,.,.,.,.,.,.,.,.
2025,11,28,48,-0.194,.,.,.,.,.,.,.,.,.,.,.,.
2025,11,28,49,-0.138,.,.,.,.,.,.,.,.,.,.,.,.
2025,11,28,50,-0.374,.,.,.,.,.,.,.,.,.,.,.,.
2025,11,28,51,-0.57,.,.,.,.,.,.,.,.,.,.,.,.
2025,11,28,52,-0.549,.,.,.,.,.,.,.,.,.,.,.,.
2025,11,28,53,-0.471,.,.,.,.,.,.,.,.,.,.,.,.
2025,12,5,1,-0.34,.,.,.,.,.,.,.,.,.,.,.,.
2025,12,5,2,-0.178,.,.,.,.,.,.,.,.,.,.,.,.
2025,12,5,3,-0.274,.,.,.,.,.,.,.,.,.,.,.,.
2025,12,5,4,-0.3,.,.,.,.,.,.,.,.,.,.,.,.
2025,12,5,5,-0.307,.,.,.,.,.,.,.,.,.,.,.,.
2025,12,5,6,-0.389,.,.,.,.,.,.,.,.,.,.,.,.
2025,12,5,7,-0.333,.,.,.,.,.,.,.,.,.,.,.,.
2025,12,5,8,-0.336,.,.,.,.,.,.,.,.,.,.,.,.
2025,12,5,9,-0.408,.,.,.,.,.,.,.,.,.,.,.,.
2025,12,5,10,-0.262,.,.,.,.,.,.,.,.,.,.,.,.
2025,12,5,11,-0.318,.,.,.,.,.,.,.,.,.,.,.,.
2025,12,5,12,-0.422,.,.,.,.,.,.,.,.,.,.,.,.
2025,12,5,13,-0.366,.,.,.,.,.,.,.,.,.,.,.,.
2025,12,5,14,-0.508,.,.,.,.,.,.,.,.,.,.,.,.
2025,12,5,15,-0.239,.,.,.,.,.,.,.,.,.,.,.,.
2025,12,5,16,-0.243,.,.,.,.,.,.,.,.,.,.,.,.
2025,12,5,17,-0.421,.,.,.,.,.,.,.,.,.,.,.,.
2025,12,5,18,-0.2,.,.,.,.,.,.,.,.,.,.,.,.
2025,12,5,19,-0.298,.,.,.,.,.,.,.,.,.,.,.,.
2025,12,5,20,-0.376,.,.,.,.,.,.,.,.,.,.,.,.
2025,12,5,21,-0.603,.,.,.,.,.,.,.,.,.,.,.,.
2025,12,5,22,-0.19,.,.,.,.,.,.,.,.,.,.,.,.
2025,12,5,23,-0.311,.,.,.,.,.,.,.,.,.,.,.,.
2025,12,5,24,-0.36,.,.,.,.,.,.,.,.,.,.,.,.
2025,12,5,25,-0.155,.,.,.,.,.,.,.,.,.,.,.,.
2025,12,5,26,-0.11,.,.,.,.,.,.,.,.,.,.,.,.
2025,12,5,27,-0.274,.,.,.,.,.,.,.,.,.,.,.,.
2025,12,5,28,-0.473,.,.,.,.,.,.,.,.,.,.,.,.
2025,12,5,29,-0.405,.,.,.,.,.,.,.,.,.,.,.,.
2025,12,5,30,-0.24,.,.,.,.,.,.,.,.,.,.,.,.
2025,12,5,31,-0.34,.,.,.,.,.,.,.,.,.,.,.,.
2025,12,5,32,-0.203,.,.,.,.,.,.,.,.,.,.,.,.
2025,12,5,33,-0.191,.,.,.,.,.,.,.,.,.,.,.,.
2025,12,5,34,-0.357,.,.,.,.,.,.,.,.,.,.,.,.
2025,12,5,35,-0.298,.,.,.,.,.,.,.,.,.,.,.,.
2025,12,5,36,-0.311,.,.,.,.,.,.,.,.,.,.,.,.
2025,12,5,37,-0.0421,.,.,.,.,.,.,.,.,.,.,.,.
2025,12,5,38,-0.17,.,.,.,.,.,.,.,.,.,.,.,.
2025,12,5,39,-0.225,.,.,.,.,.,.,.,.,.,.,.,.
2025,12,5,40,-0.25,.,.,.,.,.,.,.,.,.,.,.,.
2025,12,5,41,-0.424,.,.,.,.,.,.,.,.,.,.,.,.
2025,12,5,42,-0.318,.,.,.,.,.,.,.,.,.,.,.,.
2025,12,5,43,-0.234,.,.,.,.,.,.,.,.,.,.,.,.
2025,12,5,44,-0.24,.,.,.,.,.,.,.,.,.,.,.,.
2025,12,5,45,0.12,.,.,.,.,.,.,.,.,.,.,.,.
2025,12,5,46,-0.254,.,.,.,.,.,.,.,.,.,.,.,.
2025,12,5,47,0.144,.,.,.,.,.,.,.,.,.,.,.,.
2025,12,5,48,0.121,.,.,.,.,.,.,.,.,.,.,.,.
2025,12,5,49,0.152,.,.,.,.,.,.,.,.,.,.,.,.
2025,12,5,50,-0.0388,.,.,.,.,.,.,.,.,.,.,.,.
2025,12,5,51,-0.309,.,.,.,.,.,.,.,.,.,.,.,.
2025,12,5,52,-0.328,.,.,.,.,.,.,.,.,.,.,.,.
2025,12,5,53,-0.106,.,.,.,.,.,.,.,.,.,.,.,.
2025,12,12,1,-0.366,.,.,.,.,.,.,.,.,.,.,.,.
2025,12,12,2,-0.0988,.,.,.,.,.,.,.,.,.,.,.,.
2025,12,12,3,-0.198,.,.,.,.,.,.,.,.,.,.,.,.
2025,12,12,4,-0.326,.,.,.,.,.,.,.,.,.,.,.,.
2025,12,12,5,-0.354,.,.,.,.,.,.,.,.,.,.,.,.
2025,12,12,6,-0.443,.,.,.,.,.,.,.,.,.,.,.,.
2025,12,12,7,-0.323,.,.,.,.,.,.,.,.,.,.,.,.
2025,12,12,8,-0.431,.,.,.,.,.,.,.,.,.,.,.,.
2025,12,12,9,-0.42,.,.,.,.,.,.,.,.,.,.,.,.
2025,12,12,10,-0.238,.,.,.,.,.,.,.,.,.,.,.,.
2025,12,12,11,-0.351,.,.,.,.,.,.,.,.,.,.,.,.
2025,12,12,12,-0.412,.,.,.,.,.,.,.,.,.,.,.,.
2025,12,12,13,-0.369,.,.,.,.,.,.,.,.,.,.,.,.
2025,12,12,14,-0.466,.,.,.,.,.,.,.,.,.,.,.,.
2025,12,12,15,-0.227,.,.,.,.,.,.,.,.,.,.,.,.
2025,12,12,16,-0.235,.,.,.,.,.,.,.,.,.,.,.,.
2025,12,12,17,-0.44,.,.,.,.,.,.,.,.,.,.,.,.
2025,12,12,18,-0.223,.,.,.,.,.,.,.,.,.,.,.,.
2025,12,12,19,-0.33,.,.,.,.,.,.,.,.,.,.,.,.
2025,12,12,20,-0.423,.,.,.,.,.,.,.,.,.,.,.,.
2025,12,12,21,-0.6,.,.,.,.,.,.,.,.,.,.,.,.
2025,12,12,22,-0.265,.,.,.,.,.,.,.,.,.,.,.,.
2025,12,12,23,-0.302,.,.,.,.,.,.,.,.,.,.,.,.
2025,12,12,24,-0.349,.,.,.,.,.,.,.,.,.,.,.,.
2025,12,12,25,-0.164,.,.,.,.,.,.,.,.,.,.,.,.
2025,12,12,26,-0.107,.,.,.,.,.,.,.,.,.,.,.,.
2025,12,12,27,-0.356,.,.,.,.,.,.,.,.,.,.,.,.
2025,12,12,28,-0.483,.,.,.,.,.,.,.,.,.,.,.,.
2025,12,12,29,-0.362,.,.,.,.,.,.,.,.,.,.,.,.
2025,12,12,30,-0.299,.,.,.,.,.,.,.,.,.,.,.,.
2025,12,12,31,-0.322,.,.,.,.,.,.,.,.,.,.,.,.
2025,12,12,32,-0.22,.,.,.,.,.,.,.,.,.,.,.,.
2025,12,12,33,-0.276,.,.,.,.,.,.,.,.,.,.,.,.
2025,12,12,34,-0.266,.,.,.,.,.,.,.,.,.,.,.,.
2025,12,12,35,-0.281,.,.,.,.,.,.,.,.,.,.,.,.
2025,12,12,36,-0.294,.,.,.,.,.,.,.,.,.,.,.,.
2025,12,12,37,-0.103,.,.,.,.,.,.,.,.,.,.,.,.
2025,12,12,38,-0.176,.,.,.,.,.,.,.,.,.,.,.,.
2025,12,12,39,-0.23,.,.,.,.,.,.,.,.,.,.,.,.
2025,12,12,40,-0.245,.,.,.,.,.,.,.,.,.,.,.,.
2025,12,12,41,-0.392,.,.,.,.,.,.,.,.,.,.,.,.
2025,12,12,42,-0.318,.,.,.,.,.,.,.,.,.,.,.,.
2025,12,12,43,-0.18,.,.,.,.,.,.,.,.,.,.,.,.
2025,12,12,44,-0.282,.,.,.,.,.,.,.,.,.,.,.,.
2025,12,12,45,0.162,.,.,.,.,.,.,.,.,.,.,.,.
2025,12,12,46,-0.248,.,.,.,.,.,.,.,.,.,.,.,.
2025,12,12,47,0.04,.,.,.,.,.,.,.,.,.,.,.,.
2025,12,12,48,0.0451,.,.,.,.,.,.,.,.,.,.,.,.
2025,12,12,49,0.193,.,.,.,.,.,.,.,.,.,.,.,.
2025,12,12,50,-0.0441,.,.,.,.,.,.,.,.,.,.,.,.
2025,12,12,51,-0.385,.,.,.,.,.,.,.,.,.,.,.,.
2025,12,12,52,-0.352,.,.,.,.,.,.,.,.,.,.,.,.
2025,12,12,53,-0.172,.,.,.,.,.,.,.,.,.,.,.,.
2025,12,19,1,-0.363,.,.,.,.,.,.,.,.,.,.,.,.
2025,12,19,2,-0.133,.,.,.,.,.,.,.,.,.,.,.,.
2025,12,19,3,-0.296,.,.,.,.,.,.,.,.,.,.,.,.
2025,12,19,4,-0.288,.,.,.,.,.,.,.,.,.,.,.,.
2025,12,19,5,-0.35,.,.,.,.,.,.,.,.,.,.,.,.
2025,12,19,6,-0.458,.,.,.,.,.,.,.,.,.,.,.,.
2025,12,19,7,-0.307,.,.,.,.,.,.,.,.,.,.,.,.
2025,12,19,8,-0.442,.,.,.,.,.,.,.,.,.,.,.,.
2025,12,19,9,-0.403,.,.,.,.,.,.,.,.,.,.,.,.
2025,12,19,10,-0.201,.,.,.,.,.,.,.,.,.,.,.,.
2025,12,19,11,-0.349,.,.,.,.,.,.,.,.,.,.,.,.
2025,12,19,12,-0.429,.,.,.,.,.,.,.,.,.,.,.,.
2025,12,19,13,-0.353,.,.,.,.,.,.,.,.,.,.,.,.
2025,12,19,14,-0.459,.,.,.,.,.,.,.,.,.,.,.,.
2025,12,19,15,-0.271,.,.,.,.,.,.,.,.,.,.,.,.
2025,12,19,16,-0.211,.,.,.,.,.,.,.,.,.,.,.,.
2025,12,19,17,-0.422,.,.,.,.,.,.,.,.,.,.,.,.
2025,12,19,18,-0.214,.,.,.,.,.,.,.,.,.,.,.,.
2025,12,19,19,-0.367,.,.,.,.,.,.,.,.,.,.,.,.
2025,12,19,20,-0.4,.,.,.,.,.,.,.,.,.,.,.,.
2025,12,19,21,-0.58,.,.,.,.,.,.,.,.,.,.,.,.
2025,12,19,22,-0.271,.,.,.,.,.,.,.,.,.,.,.,.
2025,12,19,23,-0.297,.,.,.,.,.,.,.,.,.,.,.,.
2025,12,19,24,-0.297,.,.,.,.,.,.,.,.,.,.,.,.
2025,12,19,25,-0.13,.,.,.,.,.,.,.,.,.,.,.,.
2025,12,19,26,-0.138,.,.,.,.,.,.,.,.,.,.,.,.
2025,12,19,27,-0.37,.,.,.,.,.,.,.,.,.,.,.,.
2025,12,19,28,-0.451,.,.,.,.,.,.,.,.,.,.,.,.
2025,12,19,29,-0.276,.,.,.,.,.,.,.,.,.,.,.,.
2025,12,19,30,-0.28,.,.,.,.,.,.,.,.,.,.,.,.
2025,12,19,31,-0.335,.,.,.,.,.,.,.,.,.,.,.,.
2025,12,19,32,-0.16,.,.,.,.,.,.,.,.,.,.,.,.
2025,12,19,33,-0.226,.,.,.,.,.,.,.,.,.,.,.,.
2025,12,19,34,-0.345,.,.,.,.,.,.,.,.,.,.,.,.
2025,12,19,35,-0.302,.,.,.,.,.,.,.,.,.,.,.,.
2025,12,19,36,-0.318,.,.,.,.,.,.,.,.,.,.,.,.
2025,12,19,37,-0.0857,.,.,.,.,.,.,.,.,.,.,.,.
2025,12,19,38,-0.254,.,.,.,.,.,.,.,.,.,.,.,.
2025,12,19,39,-0.258,.,.,.,.,.,.,.,.,.,.,.,.
2025,12,19,40,-0.284,.,.,.,.,.,.,.,.,.,.,.,.
2025,12,19,41,-0.437,.,.,.,.,.,.,.,.,.,.,.,.
2025,12,19,42,-0.355,.,.,.,.,.,.,.,.,.,.,.,.
2025,12,19,43,-0.229,.,.,.,.,.,.,.,.,.,.,.,.
2025,12,19,44,-0.248,.,.,.,.,.,.,.,.,.,.,.,.
2025,12,19,45,0.121,.,.,.,.,.,.,.,.,.,.,.,.
2025,12,19,46,-0.306,.,.,.,.,.,.,.,.,.,.,.,.
2025,12,19,47,0.0236,.,.,.,.,.,.,.,.,.,.,.,.
2025,12,19,48,0.264,.,.,.,.,.,.,.,.,.,.,.,.
2025,12,19,49,0.189,.,.,.,.,.,.,.,.,.,.,.,.
2025,12,19,50,-0.118,.,.,.,.,.,.,.,.,.,.,.,.
2025,12,19,51,-0.41,.,.,.,.,.,.,.,.,.,.,.,.
2025,12,19,52,-0.363,.,.,.,.,.,.,.,.,.,.,.,.
2025,12,19,53,-0.0971,.,.,.,.,.,.,.,.,.,.,.,.
2025,12,26,1,-0.574,.,.,.,.,.,.,.,.,.,.,.,.
2025,12,26,2,-0.372,.,.,.,.,.,.,.,.,.,.,.,.
2025,12,26,3,-0.489,.,.,.,.,.,.,.,.,.,.,.,.
2025,12,26,4,-0.583,.,.,.,.,.,.,.,.,.,.,.,.
2025,12,26,5,-0.588,.,.,.,.,.,.,.,.,.,.,.,.
2025,12,26,6,-0.634,.,.,.,.,.,.,.,.,.,.,.,.
2025,12,26,7,-0.612,.,.,.,.,.,.,.,.,.,.,.,.
2025,12,26,8,-0.633,.,.,.,.,.,.,.,.,.,.,.,.
2025,12,26,9,-0.623,.,.,.,.,.,.,.,.,.,.,.,.
2025,12,26,10,-0.551,.,.,.,.,.,.,.,.,.,.,.,.
2025,12,26,11,-0.664,.,.,.,.,.,.,.,.,.,.,.,.
2025,12,26,12,-0.638,.,.,.,.,.,.,.,.,.,.,.,.
2025,12,26,13,-0.629,.,.,.,.,.,.,.,.,.,.,.,.
2025,12,26,14,-0.653,.,.,.,.,.,.,.,.,.,.,.,.
2025,12,26,15,-0.547,.,.,.,.,.,.,.,.,.,.,.,.
2025,12,26,16,-0.542,.,.,.,.,.,.,.,.,.,.,.,.
2025,12,26,17,-0.679,.,.,.,.,.,.,.,.,.,.,.,.
2025,12,26,18,-0.486,.,.,.,.,.,.,.,.,.,.,.,.
2025,12,26,19,-0.631,.,.,.,.,.,.,.,.,.,.,.,.
2025,12,26,20,-0.607,.,.,.,.,.,.,.,.,.,.,.,.
2025,12,26,21,-0.762,.,.,.,.,.,.,.,.,.,.,.,.
2025,12,26,22,-0.608,.,.,.,.,.,.,.,.,.,.,.,.
2025,12,26,23,-0.525,.,.,.,.,.,.,.,.,.,.,.,.
2025,12,26,24,-0.552,.,.,.,.,.,.,.,.,.,.,.,.
2025,12,26,25,-0.482,.,.,.,.,.,.,.,.,.,.,.,.
2025,12,26,26,-0.436,.,.,.,.,.,.,.,.,.,.,.,.
2025,12,26,27,-0.641,.,.,.,.,.,.,.,.,.,.,.,.
2025,12,26,28,-0.64,.,.,.,.,.,.,.,.,.,.,.,.
2025,12,26,29,-0.557,.,.,.,.,.,.,.,.,.,.,.,.
2025,12,26,30,-0.531,.,.,.,.,.,.,.,.,.,.,.,.
2025,12,26,31,-0.587,.,.,.,.,.,.,.,.,.,.,.,.
2025,12,26,32,-0.457,.,.,.,.,.,.,.,.,.,.,.,.
2025,12,26,33,-0.548,.,.,.,.,.,.,.,.,.,.,.,.
2025,12,26,34,-0.556,.,.,.,.,.,.,.,.,.,.,.,.
2025,12,26,35,-0.577,.,.,.,.,.,.,.,.,.,.,.,.
2025,12,26,36,-0.584,.,.,.,.,.,.,.,.,.,.,.,.
2025,12,26,37,-0.462,.,.,.,.,.,.,.,.,.,.,.,.
2025,12,26,38,-0.49,.,.,.,.,.,.,.,.,.,.,.,.
2025,12,26,39,-0.535,.,.,.,.,.,.,.,.,.,.,.,.
2025,12,26,40,-0.564,.,.,.,.,.,.,.,.,.,.,.,.
2025,12,26,41,-0.556,.,.,.,.,.,.,.,.,.,.,.,.
2025,12,26,42,-0.631,.,.,.,.,.,.,.,.,.,.,.,.
2025,12,26,43,-0.543,.,.,.,.,.,.,.,.,.,.,.,.
2025,12,26,44,-0.616,.,.,.,.,.,.,.,.,.,.,.,.
2025,12,26,45,-0.254,.,.,.,.,.,.,.,.,.,.,.,.
2025,12,26,46,-0.601,.,.,.,.,.,.,.,.,.,.,.,.
2025,12,26,47,-0.457,.,.,.,.,.,.,.,.,.,.,.,.
2025,12,26,48,-0.265,.,.,.,.,.,.,.,.,.,.,.,.
2025,12,26,49,-0.284,.,.,.,.,.,.,.,.,.,.,.,.
2025,12,26,50,-0.429,.,.,.,.,.,.,.,.,.,.,.,.
2025,12,26,51,-0.596,.,.,.,.,.,.,.,.,.,.,.,.
2025,12,26,52,-0.616,.,.,.,.,.,.,.,.,.,.,.,.
2025,12,26,53,-0.462,.,.,.,.,.,.,.,.,.,.,.,.
2026,1,2,1,-0.57,.,.,.,.,.,.,.,.,.,.,.,.
2026,1,2,2,-0.46,.,.,.,.,.,.,.,.,.,.,.,.
2026,1,2,3,-0.536,.,.,.,.,.,.,.,.,.,.,.,.
2026,1,2,4,-0.555,.,.,.,.,.,.,.,.,.,.,.,.
2026,1,2,5,-0.528,.,.,.,.,.,.,.,.,.,.,.,.
2026,1,2,6,-0.591,.,.,.,.,.,.,.,.,.,.,.,.
2026,1,2,7,-0.584,.,.,.,.,.,.,.,.,.,.,.,.
2026,1,2,8,-0.511,.,.,.,.,.,.,.,.,.,.,.,.
2026,1,2,9,-0.604,.,.,.,.,.,.,.,.,.,.,.,.
2026,1,2,10,-0.439,.,.,.,.,.,.,.,.,.,.,.,.
2026,1,2,11,-0.553,.,.,.,.,.,.,.,.,.,.,.,.
2026,1,2,12,-0.722,.,.,.,.,.,.,.,.,.,.,.,.
2026,1,2,13,-0.104,.,.,.,.,.,.,.,.,.,.,.,.
2026,1,2,14,-0.658,.,.,.,.,.,.,.,.,.,.,.,.
2026,1,2,15,-0.525,.,.,.,.,.,.,.,.,.,.,.,.
2026,1,2,16,-0.538,.,.,.,.,.,.,.,.,.,.,.,.
2026,1,2,17,-0.636,.,.,.,.,.,.,.,.,.,.,.,.
2026,1,2,18,-0.484,.,.,.,.,.,.,.,.,.,.,.,.
2026,1,2,19,-0.534,.,.,.,.,.,.,.,.,.,.,.,.
2026,1,2,20,-0.506,.,.,.,.,.,.,.,.,.,.,.,.
2026,1,2,21,-0.791,.,.,.,.,.,.,.,.,.,.,.,.
2026,1,2,22,-0.403,.,.,.,.,.,.,.,.,.,.,.,.
2026,1,2,23,-0.562,.,.,.,.,.,.,.,.,.,.,.,.
2026,1,2,24,-0.574,.,.,.,.,.,.,.,.,.,.,.,.
2026,1,2,25,-0.58,.,.,.,.,.,.,.,.,.,.,.,.
2026,1,2,26,-0.38,.,.,.,.,.,.,.,.,.,.,.,.
2026,1,2,27,-0.512,.,.,.,.,.,.,.,.,.,.,.,.
2026,1,2,28,-0.663,.,.,.,.,.,.,.,.,.,.,.,.
2026,1,2,29,-0.648,.,.,.,.,.,.,.,.,.,.,.,.
2026,1,2,30,-0.482,.,.,.,.,.,.,.,.,.,.,.,.
2026,1,2,31,-0.528,.,.,.,.,.,.,.,.,.,.,.,.
2026,1,2,32,-0.413,.,.,.,.,.,.,.,.,.,.,.,.
2026,1,2,33,-0.487,.,.,.,.,.,.,.,.,.,.,.,.
2026,1,2,34,-0.458,.,.,.,.,.,.,.,.,.,.,.,.
2026,1,2,35,-0.559,.,.,.,.,.,.,.,.,.,.,.,.
2026,1,2,36,-0.582,.,.,.,.,.,.,.,.,.,.,.,.
2026,1,2,37,-0.283,.,.,.,.,.,.,.,.,.,.,.,.
2026,1,2,38,-0.456,.,.,.,.,.,.,.,.,.,.,.,.
2026,1,2,39,-0.537,.,.,.,.,.,.,.,.,.,.,.,.
2026,1,2,40,-0.482,.,.,.,.,.,.,.,.,.,.,.,.
2026,1,2,41,-0.629,.,.,.,.,.,.,.,.,.,.,.,.
2026,1,2,42,-0.558,.,.,.,.,.,.,.,.,.,.,.,.
2026,1,2,43,-0.449,.,.,.,.,.,.,.,.,.,.,.,.
2026,1,2,44,-0.552,.,.,.,.,.,.,.,.,.,.,.,.
2026,1,2,45,-0.233,.,.,.,.,.,.,.,.,.,.,.,.
2026,1,2,46,-0.503,.,.,.,.,.,.,.,.,.,.,.,.
2026,1,2,47,-0.467,.,.,.,.,.,.,.,.,.,.,.,.
2026,1,2,48,-0.285,.,.,.,.,.,.,.,.,.,.,.,.
2026,1,2,49,-0.227,.,.,.,.,.,.,.,.,.,.,.,.
2026,1,2,50,-0.39,.,.,.,.,.,.,.,.,.,.,.,.
2026,1,2,51,-0.509,.,.,.,.,.,.,.,.,.,.,.,.
2026,1,2,52,-0.54,.,.,.,.,.,.,.,.,.,.,.,.
2026,1,2,53,-0.419,.,.,.,.,.,.,.,.,.,.,.,.
2026,1,9,1,-0.322,.,.,.,.,.,.,.,.,.,.,.,.
2026,1,9,2,-0.106,.,.,.,.,.,.,.,.,.,.,.,.
2026,1,9,3,-0.206,.,.,.,.,.,.,.,.,.,.,.,.
2026,1,9,4,-0.186,.,.,.,.,.,.,.,.,.,.,.,.
2026,1,9,5,-0.229,.,.,.,.,.,.,.,.,.,.,.,.
2026,1,9,6,-0.401,.,.,.,.,.,.,.,.,.,.,.,.
2026,1,9,7,-0.221,.,.,.,.,.,.,.,.,.,.,.,.
2026,1,9,8,-0.0164,.,.,.,.,.,.,.,.,.,.,.,.
2026,1,9,9,-0.349,.,.,.,.,.,.,.,.,.,.,.,.
2026,1,9,10,-0.161,.,.,.,.,.,.,.,.,.,.,.,.
2026,1,9,11,-0.273,.,.,.,.,.,.,.,.,.,.,.,.
2026,1,9,12,-0.419,.,.,.,.,.,.,.,.,.,.,.,.
2026,1,9,13,-0.289,.,.,.,.,.,.,.,.,.,.,.,.
2026,1,9,14,-0.366,.,.,.,.,.,.,.,.,.,.,.,.
2026,1,9,15,-0.0762,.,.,.,.,.,.,.,.,.,.,.,.
2026,1,9,16,-0.118,.,.,.,.,.,.,.,.,.,.,.,.
2026,1,9,17,-0.272,.,.,.,.,.,.,.,.,.,.,.,.
2026,1,9,18,-0.118,.,.,.,.,.,.,.,.,.,.,.,.
2026,1,9,19,-0.256,.,.,.,.,.,.,.,.,.,.,.,.
2026,1,9,20,-0.336,.,.,.,.,.,.,.,.,.,.,.,.
2026,1,9,21,-0.529,.,.,.,.,.,.,.,.,.,.,.,.
2026,1,9,22,-0.186,.,.,.,.,.,.,.,.,.,.,.,.
2026,1,9,23,-0.203,.,.,.,.,.,.,.,.,.,.,.,.
2026,1,9,24,-0.263,.,.,.,.,.,.,.,.,.,.,.,.
2026,1,9,25,-0.114,.,.,.,.,.,.,.,.,.,.,.,.
2026,1,9,26,-0.0712,.,.,.,.,.,.,.,.,.,.,.,.
2026,1,9,27,-0.265,.,.,.,.,.,.,.,.,.,.,.,.
2026,1,9,28,-0.393,.,.,.,.,.,.,.,.,.,.,.,.
2026,1,9,29,-0.268,.,.,.,.,.,.,.,.,.,.,.,.
2026,1,9,30,-0.161,.,.,.,.,.,.,.,.,.,.,.,.
2026,1,9,31,-0.171,.,.,.,.,.,.,.,.,.,.,.,.
2026,1,9,32,-0.0858,.,.,.,.,.,.,.,.,.,.,.,.
2026,1,9,33,-0.129,.,.,.,.,.,.,.,.,.,.,.,.
2026,1,9,34,-0.266,.,.,.,.,.,.,.,.,.,.,.,.
2026,1,9,35,-0.259,.,.,.,.,.,.,.,.,.,.,.,.
2026,1,9,36,-0.19,.,.,.,.,.,.,.,.,.,.,.,.
2026,1,9,37,0.197,.,.,.,.,.,.,.,.,.,.,.,.
2026,1,9,38,-0.087,.,.,.,.,.,.,.,.,.,.,.,.
2026,1,9,39,-0.154,.,.,.,.,.,.,.,.,.,.,.,.
2026,1,9,40,-0.144,.,.,.,.,.,.,.,.,.,.,.,.
2026,1,9,41,-0.454,.,.,.,.,.,.,.,.,.,.,.,.
2026,1,9,42,-0.22,.,.,.,.,.,.,.,.,.,.,.,.
2026,1,9,43,-0.085,.,.,.,.,.,.,.,.,.,.,.,.
2026,1,9,44,-0.145,.,.,.,.,.,.,.,.,.,.,.,.
2026,1,9,45,0.2,.,.,.,.,.,.,.,.,.,.,.,.
2026,1,9,46,-0.164,.,.,.,.,.,.,.,.,.,.,.,.
2026,1,9,47,-0.148,.,.,.,.,.,.,.,.,.,.,.,.
2026,1,9,48,0.0837,.,.,.,.,.,.,.,.,.,.,.,.
2026,1,9,49,0.272,.,.,.,.,.,.,.,.,.,.,.,.
2026,1,9,50,0.0644,.,.,.,.,.,.,.,.,.,.,.,.
2026,1,9,51,-0.236,.,.,.,.,.,.,.,.,.,.,.,.
2026,1,9,52,-0.309,.,.,.,.,.,.,.,.,.,.,.,.
2026,1,9,53,0.444,.,.,.,.,.,.,.,.,.,.,.,.
2026,1,16,1,-0.274,.,.,.,.,.,.,.,.,.,.,.,.
2026,1,16,2,-0.0571,.,.,.,.,.,.,.,.,.,.,.,.
2026,1,16,3,-0.132,.,.,.,.,.,.,.,.,.,.,.,.
2026,1,16,4,-0.17,.,.,.,.,.,.,.,.,.,.,.,.
2026,1,16,5,-0.241,.,.,.,.,.,.,.,.,.,.,.,.
2026,1,16,6,-0.38,.,.,.,.,.,.,.,.,.,.,.,.
2026,1,16,7,-0.257,.,.,.,.,.,.,.,.,.,.,.,.
2026,1,16,8,-0.321,.,.,.,.,.,.,.,.,.,.,.,.
2026,1,16,9,-0.303,.,.,.,.,.,.,.,.,.,.,.,.
2026,1,16,10,-0.0985,.,.,.,.,.,.,.,.,.,.,.,.
2026,1,16,11,-0.26,.,.,.,.,.,.,.,.,.,.,.,.
2026,1,16,12,-0.31,.,.,.,.,.,.,.,.,.,.,.,.
2026,1,16,13,-0.248,.,.,.,.,.,.,.,.,.,.,.,.
2026,1,16,14,-0.401,.,.,.,.,.,.,.,.,.,.,.,.
2026,1,16,15,-0.126,.,.,.,.,.,.,.,.,.,.,.,.
2026,1,16,16,-0.135,.,.,.,.,.,.,.,.,.,.,.,.
2026,1,16,17,-0.319,.,.,.,.,.,.,.,.,.,.,.,.
2026,1,16,18,-0.0935,.,.,.,.,.,.,.,.,.,.,.,.
2026,1,16,19,-0.24,.,.,.,.,.,.,.,.,.,.,.,.
2026,1,16,20,-0.326,.,.,.,.,.,.,.,.,.,.,.,.
2026,1,16,21,-0.512,.,.,.,.,.,.,.,.,.,.,.,.
2026,1,16,22,-0.115,.,.,.,.,.,.,.,.,.,.,.,.
2026,1,16,23,-0.0368,.,.,.,.,.,.,.,.,.,.,.,.
2026,1,16,24,-0.198,.,.,.,.,.,.,.,.,.,.,.,.
2026,1,16,25,-0.0595,.,.,.,.,.,.,.,.,.,.,.,.
2026,1,16,26,-0.00679,.,.,.,.,.,.,.,.,.,.,.,.
2026,1,16,27,-0.233,.,.,.,.,.,.,.,.,.,.,.,.
2026,1,16,28,-0.358,.,.,.,.,.,.,.,.,.,.,.,.
2026,1,16,29,-0.255,.,.,.,.,.,.,.,.,.,.,.,.
2026,1,16,30,-0.14,.,.,.,.,.,.,.,.,.,.,.,.
2026,1,16,31,-0.229,.,.,.,.,.,.,.,.,.,.,.,.
2026,1,16,32,-0.0823,.,.,.,.,.,.,.,.,.,.,.,.
2026,1,16,33,-0.149,.,.,.,.,.,.,.,.,.,.,.,.
2026,1,16,34,-0.226,.,.,.,.,.,.,.,.,.,.,.,.
2026,1,16,35,-0.268,.,.,.,.,.,.,.,.,.,.,.,.
2026,1,16,36,-0.198,.,.,.,.,.,.,.,.,.,.,.,.
2026,1,16,37,0.0623,.,.,.,.,.,.,.,.,.,.,.,.
2026,1,16,38,-0.126,.,.,.,.,.,.,.,.,.,.,.,.
2026,1,16,39,-0.134,.,.,.,.,.,.,.,.,.,.,.,.
2026,1,16,40,-0.141,.,.,.,.,.,.,.,.,.,.,.,.
2026,1,16,41,-0.311,.,.,.,.,.,.,.,.,.,.,.,.
2026,1,16,42,-0.234,.,.,.,.,.,.,.,.,.,.,.,.
2026,1,16,43,-0.12,.,.,.,.,.,.,.,.,.,.,.,.
2026,1,16,44,-0.123,.,.,.,.,.,.,.,.,.,.,.,.
2026,1,16,45,0.414,.,.,.,.,.,.,.,.,.,.,.,.
2026,1,16,46,-0.206,.,.,.,.,.,.,.,.,.,.,.,.
2026,1,16,47,-0.0834,.,.,.,.,.,.,.,.,.,.,.,.
2026,1,16,48,0.252,.,.,.,.,.,.,.,.,.,.,.,.
2026,1,16,49,0.383,.,.,.,.,.,.,.,.,.,.,.,.
2026,1,16,50,0.0859,.,.,.,.,.,.,.,.,.,.,.,.
2026,1,16,51,-0.252,.,.,.,.,.,.,.,.,.,.,.,.
2026,1,16,52,-0.336,.,.,.,.,.,.,.,.,.,.,.,.
2026,1,16,53,0.014,.,.,.,.,.,.,.,.,.,.,.,.
2026,1,23,1,-0.367,.,.,.,.,.,.,.,.,.,.,.,.
2026,1,23,2,-0.138,.,.,.,.,.,.,.,.,.,.,.,.
2026,1,23,3,-0.248,.,.,.,.,.,.,.,.,.,.,.,.
2026,1,23,4,-0.259,.,.,.,.,.,.,.,.,.,.,.,.
2026,1,23,5,-0.291,.,.,.,.,.,.,.,.,.,.,.,.
2026,1,23,6,-0.435,.,.,.,.,.,.,.,.,.,.,.,.
2026,1,23,7,-0.313,.,.,.,.,.,.,.,.,.,.,.,.
2026,1,23,8,-0.349,.,.,.,.,.,.,.,.,.,.,.,.
2026,1,23,9,-0.378,.,.,.,.,.,.,.,.,.,.,.,.
2026,1,23,10,-0.223,.,.,.,.,.,.,.,.,.,.,.,.
2026,1,23,11,-0.263,.,.,.,.,.,.,.,.,.,.,.,.
2026,1,23,12,-0.38,.,.,.,.,.,.,.,.,.,.,.,.
2026,1,23,13,-0.26,.,.,.,.,.,.,.,.,.,.,.,.
2026,1,23,14,-0.452,.,.,.,.,.,.,.,.,.,.,.,.
2026,1,23,15,-0.211,.,.,.,.,.,.,.,.,.,.,.,.
2026,1,23,16,-0.187,.,.,.,.,.,.,.,.,.,.,.,.
2026,1,23,17,-0.389,.,.,.,.,.,.,.,.,.,.,.,.
2026,1,23,18,-0.202,.,.,.,.,.,.,.,.,.,.,.,.
2026,1,23,19,-0.326,.,.,.,.,.,.,.,.,.,.,.,.
2026,1,23,20,-0.395,.,.,.,.,.,.,.,.,.,.,.,.
2026,1,23,21,-0.47,.,.,.,.,.,.,.,.,.,.,.,.
2026,1,23,22,-0.141,.,.,.,.,.,.,.,.,.,.,.,.
2026,1,23,23,-0.242,.,.,.,.,.,.,.,.,.,.,.,.
2026,1,23,24,-0.399,.,.,.,.,.,.,.,.,.,.,.,.
2026,1,23,25,-0.226,.,.,.,.,.,.,.,.,.,.,.,.
2026,1,23,26,-0.116,.,.,.,.,.,.,.,.,.,.,.,.
2026,1,23,27,-0.321,.,.,.,.,.,.,.,.,.,.,.,.
2026,1,23,28,-0.435,.,.,.,.,.,.,.,.,.,.,.,.
2026,1,23,29,-0.351,.,.,.,.,.,.,.,.,.,.,.,.
2026,1,23,30,-0.24,.,.,.,.,.,.,.,.,.,.,.,.
2026,1,23,31,-0.346,.,.,.,.,.,.,.,.,.,.,.,.
2026,1,23,32,-0.11,.,.,.,.,.,.,.,.,.,.,.,.
2026,1,23,33,-0.175,.,.,.,.,.,.,.,.,.,.,.,.
2026,1,23,34,-0.301,.,.,.,.,.,.,.,.,.,.,.,.
2026,1,23,35,-0.322,.,.,.,.,.,.,.,.,.,.,.,.
2026,1,23,36,-0.272,.,.,.,.,.,.,.,.,.,.,.,.
2026,1,23,37,0.0595,.,.,.,.,.,.,.,.,.,.,.,.
2026,1,23,38,-0.198,.,.,.,.,.,.,.,.,.,.,.,.
2026,1,23,39,-0.184,.,.,.,.,.,.,.,.,.,.,.,.
2026,1,23,40,-0.244,.,.,.,.,.,.,.,.,.,.,.,.
2026,1,23,41,-0.428,.,.,.,.,.,.,.,.,.,.,.,.
2026,1,23,42,-0.309,.,.,.,.,.,.,.,.,.,.,.,.
2026,1,23,43,-0.236,.,.,.,.,.,.,.,.,.,.,.,.
2026,1,23,44,-0.214,.,.,.,.,.,.,.,.,.,.,.,.
2026,1,23,45,0.269,.,.,.,.,.,.,.,.,.,.,.,.
2026,1,23,46,-0.27,.,.,.,.,.,.,.,.,.,.,.,.
2026,1,23,47,-0.0206,.,.,.,.,.,.,.,.,.,.,.,.
2026,1,23,48,0.0719,.,.,.,.,.,.,.,.,.,.,.,.
2026,1,23,49,0.332,.,.,.,.,.,.,.,.,.,.,.,.
2026,1,23,50,-0.0416,.,.,.,.,.,.,.,.,.,.,.,.
2026,1,23,51,-0.344,.,.,.,.,.,.,.,.,.,.,.,.
2026,1,23,52,-0.312,.,.,.,.,.,.,.,.,.,.,.,.
2026,1,23,53,-0.146,.,.,.,.,.,.,.,.,.,.,.,.
2026,1,30,1,-0.362,.,.,.,.,.,.,.,.,.,.,.,.
2026,1,30,2,-0.086,.,.,.,.,.,.,.,.,.,.,.,.
2026,1,30,3,-0.216,.,.,.,.,.,.,.,.,.,.,.,.
2026,1,30,4,-0.282,.,.,.,.,.,.,.,.,.,.,.,.
2026,1,30,5,-0.27,.,.,.,.,.,.,.,.,.,.,.,.
2026,1,30,6,-0.4,.,.,.,.,.,.,.,.,.,.,.,.
2026,1,30,7,-0.342,.,.,.,.,.,.,.,.,.,.,.,.
2026,1,30,8,-0.344,.,.,.,.,.,.,.,.,.,.,.,.
2026,1,30,9,-0.312,.,.,.,.,.,.,.,.,.,.,.,.
2026,1,30,10,-0.264,.,.,.,.,.,.,.,.,.,.,.,.
2026,1,30,11,-0.306,.,.,.,.,.,.,.,.,.,.,.,.
2026,1,30,12,-0.355,.,.,.,.,.,.,.,.,.,.,.,.
2026,1,30,13,-0.308,.,.,.,.,.,.,.,.,.,.,.,.
2026,1,30,14,-0.45,.,.,.,.,.,.,.,.,.,.,.,.
2026,1,30,15,-0.234,.,.,.,.,.,.,.,.,.,.,.,.
2026,1,30,16,-0.197,.,.,.,.,.,.,.,.,.,.,.,.
2026,1,30,17,-0.364,.,.,.,.,.,.,.,.,.,.,.,.
2026,1,30,18,-0.206,.,.,.,.,.,.,.,.,.,.,.,.
2026,1,30,19,-0.308,.,.,.,.,.,.,.,.,.,.,.,.
2026,1,30,20,-0.483,.,.,.,.,.,.,.,.,.,.,.,.
2026,1,30,21,-0.46,.,.,.,.,.,.,.,.,.,.,.,.
2026,1,30,22,-0.187,.,.,.,.,.,.,.,.,.,.,.,.
2026,1,30,23,-0.263,.,.,.,.,.,.,.,.,.,.,.,.
2026,1,30,24,-0.391,.,.,.,.,.,.,.,.,.,.,.,.
2026,1,30,25,-0.0789,.,.,.,.,.,.,.,.,.,.,.,.
2026,1,30,26,-0.161,.,.,.,.,.,.,.,.,.,.,.,.
2026,1,30,27,-0.363,.,.,.,.,.,.,.,.,.,.,.,.
2026,1,30,28,-0.409,.,.,.,.,.,.,.,.,.,.,.,.
2026,1,30,29,-0.27,.,.,.,.,.,.,.,.,.,.,.,.
2026,1,30,30,-0.284,.,.,.,.,.,.,.,.,.,.,.,.
2026,1,30,31,-0.289,.,.,.,.,.,.,.,.,.,.,.,.
2026,1,30,32,-0.0969,.,.,.,.,.,.,.,.,.,.,.,.
2026,1,30,33,-0.0917,.,.,.,.,.,.,.,.,.,.,.,.
2026,1,30,34,-0.282,.,.,.,.,.,.,.,.,.,.,.,.
2026,1,30,35,-0.271,.,.,.,.,.,.,.,.,.,.,.,.
2026,1,30,36,-0.225,.,.,.,.,.,.,.,.,.,.,.,.
2026,1,30,37,-0.045,.,.,.,.,.,.,.,.,.,.,.,.
2026,1,30,38,-0.189,.,.,.,.,.,.,.,.,.,.,.,.
2026,1,30,39,-0.208,.,.,.,.,.,.,.,.,.,.,.,.
2026,1,30,40,-0.191,.,.,.,.,.,.,.,.,.,.,.,.
2026,1,30,41,-0.421,.,.,.,.,.,.,.,.,.,.,.,.
2026,1,30,42,-0.272,.,.,.,.,.,.,.,.,.,.,.,.
2026,1,30,43,-0.179,.,.,.,.,.,.,.,.,.,.,.,.
2026,1,30,44,-0.215,.,.,.,.,.,.,.,.,.,.,.,.
2026,1,30,45,0.0873,.,.,.,.,.,.,.,.,.,.,.,.
2026,1,30,46,-0.284,.,.,.,.,.,.,.,.,.,.,.,.
2026,1,30,47,-0.161,.,.,.,.,.,.,.,.,.,.,.,.
2026,1,30,48,0.131,.,.,.,.,.,.,.,.,.,.,.,.
2026,1,30,49,0.431,.,.,.,.,.,.,.,.,.,.,.,.
2026,1,30,50,0.0107,.,.,.,.,.,.,.,.,.,.,.,.
2026,1,30,51,-0.271,.,.,.,.,.,.,.,.,.,.,.,.
2026,1,30,52,-0.308,.,.,.,.,.,.,.,.,.,.,.,.
2026,1,30,53,-0.168,.,.,.,.,.,.,.,.,.,.,.,.
2026,2,6,1,-0.273,.,.,.,.,.,.,.,.,.,.,.,.
2026,2,6,2,0.0494,.,.,.,.,.,.,.,.,.,.,.,.
2026,2,6,3,-0.099,.,.,.,.,.,.,.,.,.,.,.,.
2026,2,6,4,-0.222,.,.,.,.,.,.,.,.,.,.,.,.
2026,2,6,5,-0.195,.,.,.,.,.,.,.,.,.,.,.,.
2026,2,6,6,-0.341,.,.,.,.,.,.,.,.,.,.,.,.
2026,2,6,7,-0.203,.,.,.,.,.,.,.,.,.,.,.,.
2026,2,6,8,-0.255,.,.,.,.,.,.,.,.,.,.,.,.
2026,2,6,9,-0.249,.,.,.,.,.,.,.,.,.,.,.,.
2026,2,6,10,-0.073,.,.,.,.,.,.,.,.,.,.,.,.
2026,2,6,11,-0.186,.,.,.,.,.,.,.,.,.,.,.,.
2026,2,6,12,-0.225,.,.,.,.,.,.,.,.,.,.,.,.
2026,2,6,13,-0.182,.,.,.,.,.,.,.,.,.,.,.,.
2026,2,6,14,-0.415,.,.,.,.,.,.,.,.,.,.,.,.
2026,2,6,15,-0.118,.,.,.,.,.,.,.,.,.,.,.,.
2026,2,6,16,-0.0683,.,.,.,.,.,.,.,.,.,.,.,.
2026,2,6,17,-0.309,.,.,.,.,.,.,.,.,.,.,.,.
2026,2,6,18,-0.0882,.,.,.,.,.,.,.,.,.,.,.,.
2026,2,6,19,-0.224,.,.,.,.,.,.,.,.,.,.,.,.
2026,2,6,20,-0.301,.,.,.,.,.,.,.,.,.,.,.,.
2026,2,6,21,-0.434,.,.,.,.,.,.,.,.,.,.,.,.
2026,2,6,22,-0.0911,.,.,.,.,.,.,.,.,.,.,.,.
2026,2,6,23,-0.117,.,.,.,.,.,.,.,.,.,.,.,.
2026,2,6,24,-0.213,.,.,.,.,.,.,.,.,.,.,.,.
2026,2,6,25,-0.000829,.,.,.,.,.,.,.,.,.,.,.,.
2026,2,6,26,0.0596,.,.,.,.,.,.,.,.,.,.,.,.
2026,2,6,27,-0.223,.,.,.,.,.,.,.,.,.,.,.,.
2026,2,6,28,-0.33,.,.,.,.,.,.,.,.,.,.,.,.
2026,2,6,29,-0.209,.,.,.,.,.,.,.,.,.,.,.,.
2026,2,6,30,-0.102,.,.,.,.,.,.,.,.,.,.,.,.
2026,2,6,31,-0.196,.,.,.,.,.,.,.,.,.,.,.,.
2026,2,6,32,-0.0707,.,.,.,.,.,.,.,.,.,.,.,.
2026,2,6,33,-0.0497,.,.,.,.,.,.,.,.,.,.,.,.
2026,2,6,34,-0.191,.,.,.,.,.,.,.,.,.,.,.,.
2026,2,6,35,-0.211,.,.,.,.,.,.,.,.,.,.,.,.
2026,2,6,36,-0.153,.,.,.,.,.,.,.,.,.,.,.,.
2026,2,6,37,0.16,.,.,.,.,.,.,.,.,.,.,.,.
2026,2,6,38,-0.109,.,.,.,.,.,.,.,.,.,.,.,.
2026,2,6,39,-0.139,.,.,.,.,.,.,.,.,.,.,.,.
2026,2,6,40,-0.078,.,.,.,.,.,.,.,.,.,.,.,.
2026,2,6,41,-0.3,.,.,.,.,.,.,.,.,.,.,.,.
2026,2,6,42,-0.144,.,.,.,.,.,.,.,.,.,.,.,.
2026,2,6,43,-0.103,.,.,.,.,.,.,.,.,.,.,.,.
2026,2,6,44,-0.103,.,.,.,.,.,.,.,.,.,.,.,.
2026,2,6,45,0.314,.,.,.,.,.,.,.,.,.,.,.,.
2026,2,6,46,-0.146,.,.,.,.,.,.,.,.,.,.,.,.
2026,2,6,47,0.0662,.,.,.,.,.,.,.,.,.,.,.,.
2026,2,6,48,0.285,.,.,.,.,.,.,.,.,.,.,.,.
2026,2,6,49,0.384,.,.,.,.,.,.,.,.,.,.,.,.
2026,2,6,50,0.112,.,.,.,.,.,.,.,.,.,.,.,.
2026,2,6,51,-0.163,.,.,.,.,.,.,.,.,.,.,.,.
2026,2,6,52,-0.17,.,.,.,.,.,.,.,.,.,.,.,.
2026,2,6,53,0.0866,.,.,.,.,.,.,.,.,.,.,.,.
2026,2,13,1,-0.293,.,.,.,.,.,.,.,.,.,.,.,.
2026,2,13,2,0.126,.,.,.,.,.,.,.,.,.,.,.,.
2026,2,13,3,-0.0885,.,.,.,.,.,.,.,.,.,.,.,.
2026,2,13,4,-0.156,.,.,.,.,.,.,.,.,.,.,.,.
2026,2,13,5,-0.231,.,.,.,.,.,.,.,.,.,.,.,.
2026,2,13,6,-0.35,.,.,.,.,.,.,.,.,.,.,.,.
2026,2,13,7,-0.183,.,.,.,.,.,.,.,.,.,.,.,.
2026,2,13,8,-0.281,.,.,.,.,.,.,.,.,.,.,.,.
2026,2,13,9,-0.289,.,.,.,.,.,.,.,.,.,.,.,.
2026,2,13,10,-0.0943,.,.,.,.,.,.,.,.,.,.,.,.
2026,2,13,11,-0.145,.,.,.,.,.,.,.,.,.,.,.,.
2026,2,13,12,-0.255,.,.,.,.,.,.,.,.,.,.,.,.
2026,2,13,13,-0.222,.,.,.,.,.,.,.,.,.,.,.,.
2026,2,13,14,-0.374,.,.,.,.,.,.,.,.,.,.,.,.
2026,2,13,15,-0.0966,.,.,.,.,.,.,.,.,.,.,.,.
2026,2,13,16,-0.00325,.,.,.,.,.,.,.,.,.,.,.,.
2026,2,13,17,-0.245,.,.,.,.,.,.,.,.,.,.,.,.
2026,2,13,18,-0.0348,.,.,.,.,.,.,.,.,.,.,.,.
2026,2,13,19,-0.167,.,.,.,.,.,.,.,.,.,.,.,.
2026,2,13,20,-0.241,.,.,.,.,.,.,.,.,.,.,.,.
2026,2,13,21,-0.48,.,.,.,.,.,.,.,.,.,.,.,.
2026,2,13,22,-0.0893,.,.,.,.,.,.,.,.,.,.,.,.
2026,2,13,23,-0.152,.,.,.,.,.,.,.,.,.,.,.,.
2026,2,13,24,-0.222,.,.,.,.,.,.,.,.,.,.,.,.
2026,2,13,25,0.00646,.,.,.,.,.,.,.,.,.,.,.,.
2026,2,13,26,0.0167,.,.,.,.,.,.,.,.,.,.,.,.
2026,2,13,27,-0.218,.,.,.,.,.,.,.,.,.,.,.,.
2026,2,13,28,-0.316,.,.,.,.,.,.,.,.,.,.,.,.
2026,2,13,29,-0.187,.,.,.,.,.,.,.,.,.,.,.,.
2026,2,13,30,-0.0888,.,.,.,.,.,.,.,.,.,.,.,.
2026,2,13,31,-0.198,.,.,.,.,.,.,.,.,.,.,.,.
2026,2,13,32,-0.0871,.,.,.,.,.,.,.,.,.,.,.,.
2026,2,13,33,-0.0323,.,.,.,.,.,.,.,.,.,.,.,.
2026,2,13,34,-0.217,.,.,.,.,.,.,.,.,.,.,.,.
2026,2,13,35,-0.244,.,.,.,.,.,.,.,.,.,.,.,.
2026,2,13,36,-0.143,.,.,.,.,.,.,.,.,.,.,.,.
2026,2,13,37,0.104,.,.,.,.,.,.,.,.,.,.,.,.
2026,2,13,38,-0.0319,.,.,.,.,.,.,.,.,.,.,.,.
2026,2,13,39,-0.116,.,.,.,.,.,.,.,.,.,.,.,.
2026,2,13,40,-0.0884,.,.,.,.,.,.,.,.,.,.,.,.
2026,2,13,41,-0.251,.,.,.,.,.,.,.,.,.,.,.,.
2026,2,13,42,-0.195,.,.,.,.,.,.,.,.,.,.,.,.
2026,2,13,43,-0.141,.,.,.,.,.,.,.,.,.,.,.,.
2026,2,13,44,-0.139,.,.,.,.,.,.,.,.,.,.,.,.
2026,2,13,45,0.318,.,.,.,.,.,.,.,.,.,.,.,.
2026,2,13,46,-0.195,.,.,.,.,.,.,.,.,.,.,.,.
2026,2,13,47,-0.103,.,.,.,.,.,.,.,.,.,.,.,.
2026,2,13,48,0.0793,.,.,.,.,.,.,.,.,.,.,.,.
2026,2,13,49,0.393,.,.,.,.,.,.,.,.,.,.,.,.
2026,2,13,50,0.0555,.,.,.,.,.,.,.,.,.,.,.,.
2026,2,13,51,-0.241,.,.,.,.,.,.,.,.,.,.,.,.
2026,2,13,52,-0.225,.,.,.,.,.,.,.,.,.,.,.,.
2026,2,13,53,-0.0113,.,.,.,.,.,.,.,.,.,.,.,.
2026,2,20,1,-0.259,.,.,.,.,.,.,.,.,.,.,.,.
2026,2,20,2,0.0589,.,.,.,.,.,.,.,.,.,.,.,.
2026,2,20,3,-0.11,.,.,.,.,.,.,.,.,.,.,.,.
2026,2,20,4,-0.211,.,.,.,.,.,.,.,.,.,.,.,.
2026,2,20,5,-0.234,.,.,.,.,.,.,.,.,.,.,.,.
2026,2,20,6,-0.329,.,.,.,.,.,.,.,.,.,.,.,.
2026,2,20,7,-0.225,.,.,.,.,.,.,.,.,.,.,.,.
2026,2,20,8,-0.299,.,.,.,.,.,.,.,.,.,.,.,.
2026,2,20,9,-0.323,.,.,.,.,.,.,.,.,.,.,.,.
2026,2,20,10,-0.16,.,.,.,.,.,.,.,.,.,.,.,.
2026,2,20,11,-0.237,.,.,.,.,.,.,.,.,.,.,.,.
2026,2,20,12,-0.398,.,.,.,.,.,.,.,.,.,.,.,.
2026,2,20,13,-0.244,.,.,.,.,.,.,.,.,.,.,.,.
2026,2,20,14,-0.445,.,.,.,.,.,.,.,.,.,.,.,.
2026,2,20,15,-0.115,.,.,.,.,.,.,.,.,.,.,.,.
2026,2,20,16,-0.0469,.,.,.,.,.,.,.,.,.,.,.,.
2026,2,20,17,-0.288,.,.,.,.,.,.,.,.,.,.,.,.
2026,2,20,18,-0.018,.,.,.,.,.,.,.,.,.,.,.,.
2026,2,20,19,-0.25,.,.,.,.,.,.,.,.,.,.,.,.
2026,2,20,20,-0.167,.,.,.,.,.,.,.,.,.,.,.,.
2026,2,20,21,-0.541,.,.,.,.,.,.,.,.,.,.,.,.
2026,2,20,22,-0.0653,.,.,.,.,.,.,.,.,.,.,.,.
2026,2,20,23,-0.188,.,.,.,.,.,.,.,.,.,.,.,.
2026,2,20,24,-0.225,.,.,.,.,.,.,.,.,.,.,.,.
2026,2,20,25,-0.133,.,.,.,.,.,.,.,.,.,.,.,.
2026,2,20,26,0.0734,.,.,.,.,.,.,.,.,.,.,.,.
2026,2,20,27,-0.158,.,.,.,.,.,.,.,.,.,.,.,.
2026,2,20,28,-0.351,.,.,.,.,.,.,.,.,.,.,.,.
2026,2,20,29,-0.22,.,.,.,.,.,.,.,.,.,.,.,.
2026,2,20,30,-0.116,.,.,.,.,.,.,.,.,.,.,.,.
2026,2,20,31,-0.261,.,.,.,.,.,.,.,.,.,.,.,.
2026,2,20,32,-0.141,.,.,.,.,.,.,.,.,.,.,.,.
2026,2,20,33,-0.121,.,.,.,.,.,.,.,.,.,.,.,.
2026,2,20,34,-0.213,.,.,.,.,.,.,.,.,.,.,.,.
2026,2,20,35,-0.26,.,.,.,.,.,.,.,.,.,.,.,.
2026,2,20,36,-0.208,.,.,.,.,.,.,.,.,.,.,.,.
2026,2,20,37,0.151,.,.,.,.,.,.,.,.,.,.,.,.
2026,2,20,38,-0.0914,.,.,.,.,.,.,.,.,.,.,.,.
2026,2,20,39,-0.138,.,.,.,.,.,.,.,.,.,.,.,.
2026,2,20,40,-0.151,.,.,.,.,.,.,.,.,.,.,.,.
2026,2,20,41,-0.405,.,.,.,.,.,.,.,.,.,.,.,.
2026,2,20,42,-0.225,.,.,.,.,.,.,.,.,.,.,.,.
2026,2,20,43,-0.133,.,.,.,.,.,.,.,.,.,.,.,.
2026,2,20,44,-0.331,.,.,.,.,.,.,.,.,.,.,.,.
2026,2,20,45,0.172,.,.,.,.,.,.,.,.,.,.,.,.
2026,2,20,46,-0.193,.,.,.,.,.,.,.,.,.,.,.,.
2026,2,20,47,-0.0669,.,.,.,.,.,.,.,.,.,.,.,.
2026,2,20,48,0.108,.,.,.,.,.,.,.,.,.,.,.,.
2026,2,20,49,0.22,.,.,.,.,.,.,.,.,.,.,.,.
2026,2,20,50,0.0166,.,.,.,.,.,.,.,.,.,.,.,.
2026,2,20,51,-0.242,.,.,.,.,.,.,.,.,.,.,.,.
2026,2,20,52,-0.221,.,.,.,.,.,.,.,.,.,.,.,.
2026,2,20,53,-0.0664,.,.,.,.,.,.,.,.,.,.,.,.
2026,2,27,1,-0.362,.,.,.,.,.,.,.,.,.,.,.,.
2026,2,27,2,-0.0723,.,.,.,.,.,.,.,.,.,.,.,.
2026,2,27,3,-0.163,.,.,.,.,.,.,.,.,.,.,.,.
2026,2,27,4,-0.301,.,.,.,.,.,.,.,.,.,.,.,.
2026,2,27,5,-0.268,.,.,.,.,.,.,.,.,.,.,.,.
2026,2,27,6,-0.344,.,.,.,.,.,.,.,.,.,.,.,.
2026,2,27,7,-0.288,.,.,.,.,.,.,.,.,.,.,.,.
2026,2,27,8,-0.328,.,.,.,.,.,.,.,.,.,.,.,.
2026,2,27,9,-0.386,.,.,.,.,.,.,.,.,.,.,.,.
2026,2,27,10,-0.123,.,.,.,.,.,.,.,.,.,.,.,.
2026,2,27,11,-0.197,.,.,.,.,.,.,.,.,.,.,.,.
2026,2,27,12,-0.132,.,.,.,.,.,.,.,.,.,.,.,.
2026,2,27,13,-0.17,.,.,.,.,.,.,.,.,.,.,.,.
2026,2,27,14,-0.49,.,.,.,.,.,.,.,.,.,.,.,.
2026,2,27,15,-0.201,.,.,.,.,.,.,.,.,.,.,.,.
2026,2,27,16,-0.118,.,.,.,.,.,.,.,.,.,.,.,.
2026,2,27,17,-0.283,.,.,.,.,.,.,.,.,.,.,.,.
2026,2,27,18,-0.211,.,.,.,.,.,.,.,.,.,.,.,.
2026,2,27,19,-0.192,.,.,.,.,.,.,.,.,.,.,.,.
2026,2,27,20,-0.309,.,.,.,.,.,.,.,.,.,.,.,.
2026,2,27,21,-0.559,.,.,.,.,.,.,.,.,.,.,.,.
2026,2,27,22,-0.132,.,.,.,.,.,.,.,.,.,.,.,.
2026,2,27,23,-0.296,.,.,.,.,.,.,.,.,.,.,.,.
2026,2,27,24,-0.164,.,.,.,.,.,.,.,.,.,.,.,.
2026,2,27,25,-0.187,.,.,.,.,.,.,.,.,.,.,.,.
2026,2,27,26,-0.0692,.,.,.,.,.,.,.,.,.,.,.,.
2026,2,27,27,-0.0946,.,.,.,.,.,.,.,.,.,.,.,.
2026,2,27,28,-0.446,.,.,.,.,.,.,.,.,.,.,.,.
2026,2,27,29,-0.307,.,.,.,.,.,.,.,.,.,.,.,.
2026,2,27,30,-0.146,.,.,.,.,.,.,.,.,.,.,.,.
2026,2,27,31,-0.186,.,.,.,.,.,.,.,.,.,.,.,.
2026,2,27,32,-0.236,.,.,.,.,.,.,.,.,.,.,.,.
2026,2,27,33,-0.173,.,.,.,.,.,.,.,.,.,.,.,.
2026,2,27,34,0.103,.,.,.,.,.,.,.,.,.,.,.,.
2026,2,27,35,-0.293,.,.,.,.,.,.,.,.,.,.,.,.
2026,2,27,36,-0.251,.,.,.,.,.,.,.,.,.,.,.,.
2026,2,27,37,0.043,.,.,.,.,.,.,.,.,.,.,.,.
2026,2,27,38,-0.275,.,.,.,.,.,.,.,.,.,.,.,.
2026,2,27,39,-0.116,.,.,.,.,.,.,.,.,.,.,.,.
2026,2,27,40,-0.0548,.,.,.,.,.,.,.,.,.,.,.,.
2026,2,27,41,-0.388,.,.,.,.,.,.,.,.,.,.,.,.
2026,2,27,42,-0.347,.,.,.,.,.,.,.,.,.,.,.,.
2026,2,27,43,-0.268,.,.,.,.,.,.,.,.,.,.,.,.
2026,2,27,44,-0.215,.,.,.,.,.,.,.,.,.,.,.,.
2026,2,27,45,0.124,.,.,.,.,.,.,.,.,.,.,.,.
2026,2,27,46,-0.28,.,.,.,.,.,.,.,.,.,.,.,.
2026,2,27,47,0.159,.,.,.,.,.,.,.,.,.,.,.,.
2026,2,27,48,0.151,.,.,.,.,.,.,.,.,.,.,.,.
2026,2,27,49,0.565,.,.,.,.,.,.,.,.,.,.,.,.
2026,2,27,50,0.035,.,.,.,.,.,.,.,.,.,.,.,.
2026,2,27,51,-0.0576,.,.,.,.,.,.,.,.,.,.,.,.
2026,2,27,52,-0.0531,.,.,.,.,.,.,.,.,.,.,.,.
2026,2,27,53,-0.0553,.,.,.,.,.,.,.,.,.,.,.,.
2026,3,6,1,-0.24,.,.,.,.,.,.,.,.,.,.,.,.
2026,3,6,2,0.0814,.,.,.,.,.,.,.,.,.,.,.,.
2026,3,6,3,-0.0669,.,.,.,.,.,.,.,.,.,.,.,.
2026,3,6,4,-0.257,.,.,.,.,.,.,.,.,.,.,.,.
2026,3,6,5,-0.221,.,.,.,.,.,.,.,.,.,.,.,.
2026,3,6,6,-0.381,.,.,.,.,.,.,.,.,.,.,.,.
2026,3,6,7,-0.193,.,.,.,.,.,.,.,.,.,.,.,.
2026,3,6,8,-0.328,.,.,.,.,.,.,.,.,.,.,.,.
2026,3,6,9,-0.305,.,.,.,.,.,.,.,.,.,.,.,.
2026,3,6,10,-0.0977,.,.,.,.,.,.,.,.,.,.,.,.
2026,3,6,11,-0.17,.,.,.,.,.,.,.,.,.,.,.,.
2026,3,6,12,-0.246,.,.,.,.,.,.,.,.,.,.,.,.
2026,3,6,13,-0.216,.,.,.,.,.,.,.,.,.,.,.,.
2026,3,6,14,-0.405,.,.,.,.,.,.,.,.,.,.,.,.
2026,3,6,15,-0.133,.,.,.,.,.,.,.,.,.,.,.,.
2026,3,6,16,-0.0901,.,.,.,.,.,.,.,.,.,.,.,.
2026,3,6,17,-0.293,.,.,.,.,.,.,.,.,.,.,.,.
2026,3,6,18,-0.136,.,.,.,.,.,.,.,.,.,.,.,.
2026,3,6,19,-0.296,.,.,.,.,.,.,.,.,.,.,.,.
2026,3,6,20,-0.276,.,.,.,.,.,.,.,.,.,.,.,.
2026,3,6,21,-0.499,.,.,.,.,.,.,.,.,.,.,.,.
2026,3,6,22,-0.187,.,.,.,.,.,.,.,.,.,.,.,.
2026,3,6,23,-0.157,.,.,.,.,.,.,.,.,.,.,.,.
2026,3,6,24,-0.256,.,.,.,.,.,.,.,.,.,.,.,.
2026,3,6,25,0.0151,.,.,.,.,.,.,.,.,.,.,.,.
2026,3,6,26,0.0777,.,.,.,.,.,.,.,.,.,.,.,.
2026,3,6,27,-0.188,.,.,.,.,.,.,.,.,.,.,.,.
2026,3,6,28,-0.405,.,.,.,.,.,.,.,.,.,.,.,.
2026,3,6,29,-0.117,.,.,.,.,.,.,.,.,.,.,.,.
2026,3,6,30,-0.0993,.,.,.,.,.,.,.,.,.,.,.,.
2026,3,6,31,-0.232,.,.,.,.,.,.,.,.,.,.,.,.
2026,3,6,32,-0.107,.,.,.,.,.,.,.,.,.,.,.,.
2026,3,6,33,-0.0144,.,.,.,.,.,.,.,.,.,.,.,.
2026,3,6,34,-0.231,.,.,.,.,.,.,.,.,.,.,.,.
2026,3,6,35,-0.224,.,.,.,.,.,.,.,.,.,.,.,.
2026,3,6,36,-0.138,.,.,.,.,.,.,.,.,.,.,.,.
2026,3,6,37,0.496,.,.,.,.,.,.,.,.,.,.,.,.
2026,3,6,38,-0.137,.,.,.,.,.,.,.,.,.,.,.,.
2026,3,6,39,-0.0847,.,.,.,.,.,.,.,.,.,.,.,.
2026,3,6,40,-0.236,.,.,.,.,.,.,.,.,.,.,.,.
2026,3,6,41,-0.245,.,.,.,.,.,.,.,.,.,.,.,.
2026,3,6,42,-0.248,.,.,.,.,.,.,.,.,.,.,.,.
2026,3,6,43,-0.0621,.,.,.,.,.,.,.,.,.,.,.,.
2026,3,6,44,-0.25,.,.,.,.,.,.,.,.,.,.,.,.
2026,3,6,45,0.208,.,.,.,.,.,.,.,.,.,.,.,.
2026,3,6,46,-0.151,.,.,.,.,.,.,.,.,.,.,.,.
2026,3,6,47,0.148,.,.,.,.,.,.,.,.,.,.,.,.
2026,3,6,48,0.339,.,.,.,.,.,.,.,.,.,.,.,.
2026,3,6,49,0.325,.,.,.,.,.,.,.,.,.,.,.,.
2026,3,6,50,0.0912,.,.,.,.,.,.,.,.,.,.,.,.
2026,3,6,51,-0.305,.,.,.,.,.,.,.,.,.,.,.,.
2026,3,6,52,-0.201,.,.,.,.,.,.,.,.,.,.,.,.
2026,3,6,53,-0.0517,.,.,.,.,.,.,.,.,.,.,.,.
2026,3,13,1,-0.274,.,.,.,.,.,.,.,.,.,.,.,.
2026,3,13,2,0.1,.,.,.,.,.,.,.,.,.,.,.,.
2026,3,13,3,-0.0801,.,.,.,.,.,.,.,.,.,.,.,.
2026,3,13,4,-0.218,.,.,.,.,.,.,.,.,.,.,.,.
2026,3,13,5,-0.195,.,.,.,.,.,.,.,.,.,.,.,.
2026,3,13,6,-0.336,.,.,.,.,.,.,.,.,.,.,.,.
2026,3,13,7,-0.17,.,.,.,.,.,.,.,.,.,.,.,.
2026,3,13,8,-0.293,.,.,.,.,.,.,.,.,.,.,.,.
2026,3,13,9,-0.27,.,.,.,.,.,.,.,.,.,.,.,.
2026,3,13,10,-0.073,.,.,.,.,.,.,.,.,.,.,.,.
2026,3,13,11,-0.175,.,.,.,.,.,.,.,.,.,.,.,.
2026,3,13,12,-0.134,.,.,.,.,.,.,.,.,.,.,.,.
2026,3,13,13,-0.149,.,.,.,.,.,.,.,.,.,.,.,.
2026,3,13,14,-0.343,.,.,.,.,.,.,.,.,.,.,.,.
2026,3,13,15,-0.0585,.,.,.,.,.,.,.,.,.,.,.,.
2026,3,13,16,-0.0154,.,.,.,.,.,.,.,.,.,.,.,.
2026,3,13,17,-0.217,.,.,.,.,.,.,.,.,.,.,.,.
2026,3,13,18,-0.105,.,.,.,.,.,.,.,.,.,.,.,.
2026,3,13,19,-0.228,.,.,.,.,.,.,.,.,.,.,.,.
2026,3,13,20,-0.246,.,.,.,.,.,.,.,.,.,.,.,.
2026,3,13,21,-0.393,.,.,.,.,.,.,.,.,.,.,.,.
2026,3,13,22,-0.143,.,.,.,.,.,.,.,.,.,.,.,.
2026,3,13,23,-0.216,.,.,.,.,.,.,.,.,.,.,.,.
2026,3,13,24,-0.234,.,.,.,.,.,.,.,.,.,.,.,.
2026,3,13,25,-0.0209,.,.,.,.,.,.,.,.,.,.,.,.
2026,3,13,26,0.0841,.,.,.,.,.,.,.,.,.,.,.,.
2026,3,13,27,-0.154,.,.,.,.,.,.,.,.,.,.,.,.
2026,3,13,28,-0.32,.,.,.,.,.,.,.,.,.,.,.,.
2026,3,13,29,-0.145,.,.,.,.,.,.,.,.,.,.,.,.
2026,3,13,30,-0.121,.,.,.,.,.,.,.,.,.,.,.,.
2026,3,13,31,-0.211,.,.,.,.,.,.,.,.,.,.,.,.
2026,3,13,32,0.031,.,.,.,.,.,.,.,.,.,.,.,.
2026,3,13,33,-0.112,.,.,.,.,.,.,.,.,.,.,.,.
2026,3,13,34,-0.213,.,.,.,.,.,.,.,.,.,.,.,.
2026,3,13,35,-0.211,.,.,.,.,.,.,.,.,.,.,.,.
2026,3,13,36,-0.136,.,.,.,.,.,.,.,.,.,.,.,.
2026,3,13,37,0.0942,.,.,.,.,.,.,.,.,.,.,.,.
2026,3,13,38,-0.0933,.,.,.,.,.,.,.,.,.,.,.,.
2026,3,13,39,-0.0594,.,.,.,.,.,.,.,.,.,.,.,.
2026,3,13,40,-0.0762,.,.,.,.,.,.,.,.,.,.,.,.
2026,3,13,41,-0.183,.,.,.,.,.,.,.,.,.,.,.,.
2026,3,13,42,-0.231,.,.,.,.,.,.,.,.,.,.,.,.
2026,3,13,43,-0.0676,.,.,.,.,.,.,.,.,.,.,.,.
2026,3,13,44,-0.0675,.,.,.,.,.,.,.,.,.,.,.,.
2026,3,13,45,0.248,.,.,.,.,.,.,.,.,.,.,.,.
2026,3,13,46,-0.149,.,.,.,.,.,.,.,.,.,.,.,.
2026,3,13,47,-0.0325,.,.,.,.,.,.,.,.,.,.,.,.
2026,3,13,48,0.259,.,.,.,.,.,.,.,.,.,.,.,.
2026,3,13,49,0.59,.,.,.,.,.,.,.,.,.,.,.,.
2026,3,13,50,0.0626,.,.,.,.,.,.,.,.,.,.,.,.
2026,3,13,51,-0.145,.,.,.,.,.,.,.,.,.,.,.,.
2026,3,13,52,-0.111,.,.,.,.,.,.,.,.,.,.,.,.
2026,3,13,53,0.00941,.,.,.,.,.,.,.,.,.,.,.,.
2026,3,20,1,-0.302,.,.,.,.,.,.,.,.,.,.,.,.
2026,3,20,2,-0.0289,.,.,.,.,.,.,.,.,.,.,.,.
2026,3,20,3,-0.167,.,.,.,.,.,.,.,.,.,.,.,.
2026,3,20,4,-0.242,.,.,.,.,.,.,.,.,.,.,.,.
2026,3,20,5,-0.267,.,.,.,.,.,.,.,.,.,.,.,.
2026,3,20,6,-0.377,.,.,.,.,.,.,.,.,.,.,.,.
2026,3,20,7,-0.276,.,.,.,.,.,.,.,.,.,.,.,.
2026,3,20,8,-0.343,.,.,.,.,.,.,.,.,.,.,.,.
2026,3,20,9,-0.312,.,.,.,.,.,.,.,.,.,.,.,.
2026,3,20,10,-0.223,.,.,.,.,.,.,.,.,.,.,.,.
2026,3,20,11,-0.267,.,.,.,.,.,.,.,.,.,.,.,.
2026,3,20,12,-0.344,.,.,.,.,.,.,.,.,.,.,.,.
2026,3,20,13,-0.29,.,.,.,.,.,.,.,.,.,.,.,.
2026,3,20,14,-0.42,.,.,.,.,.,.,.,.,.,.,.,.
2026,3,20,15,-0.126,.,.,.,.,.,.,.,.,.,.,.,.
2026,3,20,16,-0.193,.,.,.,.,.,.,.,.,.,.,.,.
2026,3,20,17,-0.3,.,.,.,.,.,.,.,.,.,.,.,.
2026,3,20,18,-0.125,.,.,.,.,.,.,.,.,.,.,.,.
2026,3,20,19,-0.32,.,.,.,.,.,.,.,.,.,.,.,.
2026,3,20,20,-0.315,.,.,.,.,.,.,.,.,.,.,.,.
2026,3,20,21,-0.486,.,.,.,.,.,.,.,.,.,.,.,.
2026,3,20,22,-0.136,.,.,.,.,.,.,.,.,.,.,.,.
2026,3,20,23,-0.226,.,.,.,.,.,.,.,.,.,.,.,.
2026,3,20,24,-0.258,.,.,.,.,.,.,.,.,.,.,.,.
2026,3,20,25,-0.0787,.,.,.,.,.,.,.,.,.,.,.,.
2026,3,20,26,-0.0809,.,.,.,.,.,.,.,.,.,.,.,.
2026,3,20,27,-0.181,.,.,.,.,.,.,.,.,.,.,.,.
2026,3,20,28,-0.37,.,.,.,.,.,.,.,.,.,.,.,.
2026,3,20,29,-0.244,.,.,.,.,.,.,.,.,.,.,.,.
2026,3,20,30,-0.128,.,.,.,.,.,.,.,.,.,.,.,.
2026,3,20,31,-0.295,.,.,.,.,.,.,.,.,.,.,.,.
2026,3,20,32,-0.132,.,.,.,.,.,.,.,.,.,.,.,.
2026,3,20,33,-0.166,.,.,.,.,.,.,.,.,.,.,.,.
2026,3,20,34,-0.185,.,.,.,.,.,.,.,.,.,.,.,.
2026,3,20,35,-0.231,.,.,.,.,.,.,.,.,.,.,.,.
2026,3,20,36,-0.177,.,.,.,.,.,.,.,.,.,.,.,.
2026,3,20,37,-0.0442,.,.,.,.,.,.,.,.,.,.,.,.
2026,3,20,38,-0.166,.,.,.,.,.,.,.,.,.,.,.,.
2026,3,20,39,-0.175,.,.,.,.,.,.,.,.,.,.,.,.
2026,3,20,40,-0.17,.,.,.,.,.,.,.,.,.,.,.,.
2026,3,20,41,-0.289,.,.,.,.,.,.,.,.,.,.,.,.
2026,3,20,42,-0.252,.,.,.,.,.,.,.,.,.,.,.,.
2026,3,20,43,-0.0871,.,.,.,.,.,.,.,.,.,.,.,.
2026,3,20,44,-0.228,.,.,.,.,.,.,.,.,.,.,.,.
2026,3,20,45,0.185,.,.,.,.,.,.,.,.,.,.,.,.
2026,3,20,46,-0.165,.,.,.,.,.,.,.,.,.,.,.,.
2026,3,20,47,-0.116,.,.,.,.,.,.,.,.,.,.,.,.
2026,3,20,48,0.0966,.,.,.,.,.,.,.,.,.,.,.,.
2026,3,20,49,0.325,.,.,.,.,.,.,.,.,.,.,.,.
2026,3,20,50,-0.0226,.,.,.,.,.,.,.,.,.,.,.,.
2026,3,20,51,-0.225,.,.,.,.,.,.,.,.,.,.,.,.
2026,3,20,52,-0.205,.,.,.,.,.,.,.,.,.,.,.,.
2026,3,20,53,-0.13,.,.,.,.,.,.,.,.,.,.,.,.
2026,3,27,1,-0.323,.,.,.,.,.,.,.,.,.,.,.,.
2026,3,27,2,-0.00779,.,.,.,.,.,.,.,.,.,.,.,.
2026,3,27,3,-0.197,.,.,.,.,.,.,.,.,.,.,.,.
2026,3,27,4,-0.209,.,.,.,.,.,.,.,.,.,.,.,.
2026,3,27,5,-0.244,.,.,.,.,.,.,.,.,.,.,.,.
2026,3,27,6,-0.401,.,.,.,.,.,.,.,.,.,.,.,.
2026,3,27,7,-0.224,.,.,.,.,.,.,.,.,.,.,.,.
2026,3,27,8,-0.36,.,.,.,.,.,.,.,.,.,.,.,.
2026,3,27,9,-0.345,.,.,.,.,.,.,.,.,.,.,.,.
2026,3,27,10,-0.144,.,.,.,.,.,.,.,.,.,.,.,.
2026,3,27,11,-0.257,.,.,.,.,.,.,.,.,.,.,.,.
2026,3,27,12,-0.326,.,.,.,.,.,.,.,.,.,.,.,.
2026,3,27,13,-0.266,.,.,.,.,.,.,.,.,.,.,.,.
2026,3,27,14,-0.425,.,.,.,.,.,.,.,.,.,.,.,.
2026,3,27,15,-0.164,.,.,.,.,.,.,.,.,.,.,.,.
2026,3,27,16,-0.122,.,.,.,.,.,.,.,.,.,.,.,.
2026,3,27,17,-0.301,.,.,.,.,.,.,.,.,.,.,.,.
2026,3,27,18,-0.154,.,.,.,.,.,.,.,.,.,.,.,.
2026,3,27,19,-0.287,.,.,.,.,.,.,.,.,.,.,.,.
2026,3,27,20,-0.311,.,.,.,.,.,.,.,.,.,.,.,.
2026,3,27,21,-0.513,.,.,.,.,.,.,.,.,.,.,.,.
2026,3,27,22,-0.124,.,.,.,.,.,.,.,.,.,.,.,.
2026,3,27,23,-0.226,.,.,.,.,.,.,.,.,.,.,.,.
2026,3,27,24,-0.316,.,.,.,.,.,.,.,.,.,.,.,.
2026,3,27,25,-0.00547,.,.,.,.,.,.,.,.,.,.,.,.
2026,3,27,26,-0.0185,.,.,.,.,.,.,.,.,.,.,.,.
2026,3,27,27,-0.292,.,.,.,.,.,.,.,.,.,.,.,.
2026,3,27,28,-0.38,.,.,.,.,.,.,.,.,.,.,.,.
2026,3,27,29,-0.207,.,.,.,.,.,.,.,.,.,.,.,.
2026,3,27,30,-0.158,.,.,.,.,.,.,.,.,.,.,.,.
2026,3,27,31,-0.254,.,.,.,.,.,.,.,.,.,.,.,.
2026,3,27,32,-0.158,.,.,.,.,.,.,.,.,.,.,.,.
2026,3,27,33,-0.159,.,.,.,.,.,.,.,.,.,.,.,.
2026,3,27,34,-0.328,.,.,.,.,.,.,.,.,.,.,.,.
2026,3,27,35,-0.241,.,.,.,.,.,.,.,.,.,.,.,.
2026,3,27,36,-0.147,.,.,.,.,.,.,.,.,.,.,.,.
2026,3,27,37,-0.0167,.,.,.,.,.,.,.,.,.,.,.,.
2026,3,27,38,-0.189,.,.,.,.,.,.,.,.,.,.,.,.
2026,3,27,39,-0.176,.,.,.,.,.,.,.,.,.,.,.,.
2026,3,27,40,-0.2,.,.,.,.,.,.,.,.,.,.,.,.
2026,3,27,41,-0.331,.,.,.,.,.,.,.,.,.,.,.,.
2026,3,27,42,-0.26,.,.,.,.,.,.,.,.,.,.,.,.
2026,3,27,43,-0.146,.,.,.,.,.,.,.,.,.,.,.,.
2026,3,27,44,-0.136,.,.,.,.,.,.,.,.,.,.,.,.
2026,3,27,45,0.154,.,.,.,.,.,.,.,.,.,.,.,.
2026,3,27,46,-0.22,.,.,.,.,.,.,.,.,.,.,.,.
2026,3,27,47,-0.157,.,.,.,.,.,.,.,.,.,.,.,.
2026,3,27,48,0.0867,.,.,.,.,.,.,.,.,.,.,.,.
2026,3,27,49,0.375,.,.,.,.,.,.,.,.,.,.,.,.
2026,3,27,50,-0.0067,.,.,.,.,.,.,.,.,.,.,.,.
2026,3,27,51,-0.283,.,.,.,.,.,.,.,.,.,.,.,.
2026,3,27,52,-0.292,.,.,.,.,.,.,.,.,.,.,.,.
2026,3,27,53,-0.0801,.,.,.,.,.,.,.,.,.,.,.,.
2026,4,3,1,-0.277,.,.,.,.,.,.,.,.,.,.,.,.
2026,4,3,2,0.0322,.,.,.,.,.,.,.,.,.,.,.,.
2026,4,3,3,-0.0493,.,.,.,.,.,.,.,.,.,.,.,.
2026,4,3,4,-0.211,.,.,.,.,.,.,.,.,.,.,.,.
2026,4,3,5,-0.172,.,.,.,.,.,.,.,.,.,.,.,.
2026,4,3,6,-0.37,.,.,.,.,.,.,.,.,.,.,.,.
2026,4,3,7,-0.181,.,.,.,.,.,.,.,.,.,.,.,.
2026,4,3,8,-0.293,.,.,.,.,.,.,.,.,.,.,.,.
2026,4,3,9,-0.287,.,.,.,.,.,.,.,.,.,.,.,.
2026,4,3,10,-0.115,.,.,.,.,.,.,.,.,.,.,.,.
2026,4,3,11,-0.196,.,.,.,.,.,.,.,.,.,.,.,.
2026,4,3,12,-0.168,.,.,.,.,.,.,.,.,.,.,.,.
2026,4,3,13,-0.284,.,.,.,.,.,.,.,.,.,.,.,.
2026,4,3,14,-0.403,.,.,.,.,.,.,.,.,.,.,.,.
2026,4,3,15,-0.108,.,.,.,.,.,.,.,.,.,.,.,.
2026,4,3,16,-0.0757,.,.,.,.,.,.,.,.,.,.,.,.
2026,4,3,17,-0.299,.,.,.,.,.,.,.,.,.,.,.,.
2026,4,3,18,-0.116,.,.,.,.,.,.,.,.,.,.,.,.
2026,4,3,19,-0.249,.,.,.,.,.,.,.,.,.,.,.,.
2026,4,3,20,-0.288,.,.,.,.,.,.,.,.,.,.,.,.
2026,4,3,21,-0.493,.,.,.,.,.,.,.,.,.,.,.,.
2026,4,3,22,-0.116,.,.,.,.,.,.,.,.,.,.,.,.
2026,4,3,23,-0.226,.,.,.,.,.,.,.,.,.,.,.,.
2026,4,3,24,-0.273,.,.,.,.,.,.,.,.,.,.,.,.
2026,4,3,25,0.0,.,.,.,.,.,.,.,.,.,.,.,.
2026,4,3,26,-0.0021,.,.,.,.,.,.,.,.,.,.,.,.
2026,4,3,27,-0.228,.,.,.,.,.,.,.,.,.,.,.,.
2026,4,3,28,-0.355,.,.,.,.,.,.,.,.,.,.,.,.
2026,4,3,29,-0.216,.,.,.,.,.,.,.,.,.,.,.,.
2026,4,3,30,-0.11,.,.,.,.,.,.,.,.,.,.,.,.
2026,4,3,31,-0.309,.,.,.,.,.,.,.,.,.,.,.,.
2026,4,3,32,-0.0902,.,.,.,.,.,.,.,.,.,.,.,.
2026,4,3,33,-0.107,.,.,.,.,.,.,.,.,.,.,.,.
2026,4,3,34,-0.275,.,.,.,.,.,.,.,.,.,.,.,.
2026,4,3,35,-0.289,.,.,.,.,.,.,.,.,.,.,.,.
2026,4,3,36,-0.119,.,.,.,.,.,.,.,.,.,.,.,.
2026,4,3,37,0.0591,.,.,.,.,.,.,.,.,.,.,.,.
2026,4,3,38,-0.134,.,.,.,.,.,.,.,.,.,.,.,.
2026,4,3,39,-0.118,.,.,.,.,.,.,.,.,.,.,.,.
2026,4,3,40,-0.16,.,.,.,.,.,.,.,.,.,.,.,.
2026,4,3,41,-0.0391,.,.,.,.,.,.,.,.,.,.,.,.
2026,4,3,42,-0.277,.,.,.,.,.,.,.,.,.,.,.,.
2026,4,3,43,-0.0753,.,.,.,.,.,.,.,.,.,.,.,.
2026,4,3,44,-0.238,.,.,.,.,.,.,.,.,.,.,.,.
2026,4,3,45,0.141,.,.,.,.,.,.,.,.,.,.,.,.
2026,4,3,46,-0.147,.,.,.,.,.,.,.,.,.,.,.,.
2026,4,3,47,-0.172,.,.,.,.,.,.,.,.,.,.,.,.
2026,4,3,48,0.112,.,.,.,.,.,.,.,.,.,.,.,.
2026,4,3,49,0.394,.,.,.,.,.,.,.,.,.,.,.,.
2026,4,3,50,0.0563,.,.,.,.,.,.,.,.,.,.,.,.
2026,4,3,51,-0.219,.,.,.,.,.,.,.,.,.,.,.,.
2026,4,3,52,-0.188,.,.,.,.,.,.,.,.,.,.,.,.
2026,4,3,53,-0.0273,.,.,.,.,.,.,.,.,.,.,.,.
2026,4,10,1,-0.305,-0.278,-0.365,-0.508,-0.127,-0.412,-0.182,-0.244,-0.251,-0.225,-0.338,-0.44,0.0377
2026,4,10,2,-0.0841,-0.236,0.119,-0.257,0.0821,-0.0315,0.555,0.0609,0.0203,-0.0505,-0.136,-0.228,0.39
2026,4,10,3,-0.0947,-0.107,-0.138,-0.248,-0.0258,-0.15,0.0634,-0.157,-0.177,-0.146,-0.0866,-0.114,0.284
2026,4,10,4,-0.249,-0.27,-0.272,-0.419,-0.154,-0.429,-0.258,-0.237,-0.235,-0.196,-0.269,-0.363,0.264
2026,4,10,5,-0.211,-0.0418,-0.356,-0.361,-0.0409,-0.46,-0.419,-0.308,-0.293,-0.171,-0.178,-0.229,0.161
2026,4,10,6,-0.385,-0.365,-0.318,-0.54,-0.315,-0.346,-0.203,-0.308,-0.322,-0.35,-0.431,-0.51,-0.156
2026,4,10,7,-0.205,-0.113,-0.257,-0.402,0.0693,-0.418,-0.316,-0.305,-0.304,-0.154,-0.18,-0.237,0.398
2026,4,10,8,-0.262,-0.33,-0.425,-0.487,-0.0804,-0.354,-0.197,-0.232,-0.237,-0.315,-0.291,-0.299,-0.179
2026,4,10,9,-0.325,-0.0131,-0.311,-0.501,-0.255,-0.287,-0.22,-0.362,-0.378,-0.338,-0.322,-0.369,0.101
2026,4,10,10,-0.123,0.0665,-0.325,-0.356,0.0683,-0.442,-0.228,-0.205,-0.202,-0.11,-0.088,-0.146,0.501
2026,4,10,11,-0.254,-0.216,-0.516,-0.42,-0.117,-0.456,-0.382,-0.29,-0.275,-0.225,-0.235,-0.315,0.353
2026,4,10,12,-0.206,0.133,-0.224,-0.373,-0.201,-0.492,-0.334,-0.421,-0.43,-0.261,-0.157,-0.196,0.439
2026,4,10,13,-0.253,-0.187,-0.485,-0.336,-0.133,-0.489,-0.416,-0.277,-0.259,-0.0163,-0.256,-0.383,0.057
2026,4,10,14,-0.44,-0.36,-0.433,-0.551,-0.374,-0.491,-0.195,-0.369,-0.387,-0.419,-0.473,-0.53,-0.284
2026,4,10,15,-0.149,-0.0643,0.059,-0.32,-0.0683,-0.346,-0.194,-0.241,-0.246,-0.0954,-0.147,-0.204,0.177
2026,4,10,16,-0.0931,0.47,-0.159,-0.342,-0.0327,-0.375,-0.228,-0.227,-0.227,-0.0561,-0.0513,-0.115,0.654
2026,4,10,17,-0.363,-0.344,-0.312,-0.476,-0.381,-0.426,-0.331,-0.356,-0.359,-0.256,-0.373,-0.442,0.155
2026,4,10,18,-0.142,0.257,-0.158,-0.28,-0.11,-0.382,-0.369,-0.294,-0.286,-0.2,-0.0914,-0.0812,0.216
2026,4,10,19,-0.258,-0.286,-0.199,-0.408,-0.0388,-0.42,-0.252,-0.333,-0.342,-0.198,-0.225,-0.328,0.457
2026,4,10,20,-0.239,-0.0779,-0.599,-0.118,-0.324,-0.427,-0.106,-0.251,-0.265,-0.168,-0.237,-0.292,-0.137
2026,4,10,21,-0.522,-0.348,-0.474,-0.648,-0.453,-0.374,-0.412,-0.574,-0.591,-0.546,-0.522,-0.553,-0.201
2026,4,10,22,-0.122,0.129,-0.528,-0.25,-0.108,-0.511,-0.148,-0.189,-0.195,-0.0649,-0.0686,-0.0759,-0.0443
2026,4,10,23,-0.273,0.134,-0.192,-0.412,-0.157,-0.494,-0.319,-0.36,-0.364,-0.17,-0.258,-0.347,0.0186
2026,4,10,24,-0.268,-0.403,-0.342,-0.497,-0.185,-0.32,-0.312,-0.344,-0.347,-0.12,-0.228,-0.332,0.165
2026,4,10,25,0.0116,0.178,0.305,-0.0853,0.108,-0.109,-0.112,-0.107,-0.107,0.0153,0.00336,-0.0536,0.386
2026,4,10,26,0.0489,0.062,0.179,0.00208,0.128,-0.442,-0.423,-0.204,-0.175,0.0991,0.179,0.169,0.525
2026,4,10,27,-0.274,-0.179,-0.539,-0.416,-0.0986,-0.45,-0.153,-0.33,-0.349,-0.215,-0.244,-0.312,0.0973
2026,4,10,28,-0.327,0.052,-0.243,-0.501,-0.168,-0.435,-0.449,-0.391,-0.382,-0.346,-0.317,-0.363,0.235
2026,4,10,29,-0.191,0.162,-0.0217,-0.348,-0.122,-0.132,0.202,-0.0429,-0.0733,-0.123,-0.233,-0.306,0.104
2026,4,10,30,-0.13,0.165,-0.0401,-0.281,-0.0779,-0.388,-0.172,-0.268,-0.281,-0.222,-0.0865,-0.0976,0.579
2026,4,10,31,-0.232,-0.354,-0.285,-0.43,0.241,-0.391,-0.286,-0.256,-0.252,-0.159,-0.242,-0.349,0.298
2026,4,10,32,-0.138,-0.327,-0.208,-0.144,-0.181,-0.538,-0.274,-0.257,-0.255,-0.118,-0.102,-0.157,0.177
2026,4,10,33,-0.0486,0.333,-0.38,-0.0439,0.0338,-0.388,-0.156,-0.25,-0.264,0.0388,0.0357,-0.0678,0.392
2026,4,10,34,-0.238,-0.307,-0.303,-0.386,0.0111,-0.516,-0.477,-0.385,-0.376,-0.229,-0.201,-0.383,0.519
2026,4,10,35,-0.23,0.118,-0.255,-0.265,-0.105,-0.489,-0.275,-0.331,-0.338,-0.247,-0.207,-0.274,0.182
2026,4,10,36,-0.232,-0.139,-0.0186,-0.356,-0.0749,-0.269,-0.237,-0.238,-0.238,-0.115,-0.244,-0.31,0.123
2026,4,10,37,0.0212,0.266,-0.31,-0.0259,-0.0156,0.0399,0.0787,0.0471,0.0425,-0.0423,-0.024,-0.0804,0.442
2026,4,10,38,-0.149,-0.15,-0.211,-0.376,-0.024,-0.188,-0.0592,-0.19,-0.208,-0.0984,-0.144,-0.239,0.334
2026,4,10,39,-0.157,0.113,-0.0577,-0.302,-0.0164,-0.378,-0.282,-0.208,-0.197,-0.00565,-0.139,-0.227,0.273
2026,4,10,40,-0.143,-0.174,-0.236,-0.0737,-0.236,-0.208,0.0419,-0.207,-0.238,-0.0788,-0.106,-0.165,0.271
2026,4,10,41,-0.205,-0.217,-0.272,-0.269,-0.325,-0.372,-0.259,-0.411,-0.424,-0.236,-0.111,-0.108,0.158
2026,4,10,42,-0.26,-0.296,-0.441,-0.347,-0.0968,-0.305,-0.168,-0.242,-0.251,-0.212,-0.291,-0.362,0.0941
2026,4,10,43,-0.125,-0.118,-0.276,-0.245,0.0466,-0.312,-0.192,-0.176,-0.174,-0.0562,-0.124,-0.219,0.343
2026,4,10,44,-0.215,0.0383,-0.1,-0.226,-0.321,-0.279,-0.362,-0.275,-0.256,-0.277,-0.202,-0.188,-0.0769
2026,4,10,45,0.264,0.945,-0.0604,0.377,0.203,-0.287,-0.0947,0.0634,0.0855,0.346,0.364,0.351,0.511
2026,4,10,46,-0.197,-0.0602,-0.251,-0.175,-0.328,-0.358,-0.182,-0.15,-0.146,-0.218,-0.233,-0.257,-0.15
2026,4,10,47,0.0146,-0.141,-0.0466,-0.161,0.736,-0.655,-0.419,-0.267,-0.249,0.0167,0.158,-0.0421,1.11
2026,4,10,48,0.183,0.4,0.0593,0.284,0.505,-0.184,0.362,-0.00407,-0.0516,0.362,0.314,0.309,0.192
2026,4,10,49,0.43,0.862,0.863,0.303,0.592,-0.39,-0.146,0.0844,0.121,0.302,0.579,0.718,0.585
2026,4,10,50,0.0608,0.21,-0.148,-0.126,0.214,-0.383,-0.148,-0.125,-0.123,-0.0211,0.127,0.126,0.742
2026,4,10,51,-0.299,-0.0816,-0.371,-0.285,-0.286,-0.156,-0.373,-0.302,-0.29,-0.273,-0.302,-0.363,-0.0896
2026,4,10,52,-0.183,-0.0782,-0.412,-0.197,-0.247,-0.353,-0.122,-0.228,-0.243,-0.199,-0.195,-0.222,-0.0501
2026,4,10,53,0.0269,0.146,-0.202,-0.0886,0.0489,-0.209,0.0,-0.121,-0.135,0.196,0.0982,-0.0362,0.528
2026,4,17,1,-0.334,-0.34,-0.46,-0.502,-0.257,-0.355,-0.125,-0.256,-0.271,-0.228,-0.376,-0.472,-0.131
2026,4,17,2,-0.0142,-0.271,0.199,-0.22,0.0634,0.166,1.27,0.229,0.144,-0.00625,-0.0861,-0.167,0.37
2026,4,17,3,-0.13,-0.0609,-0.176,-0.332,0.0673,-0.0516,0.256,-0.118,-0.153,-0.148,-0.153,-0.204,0.237
2026,4,17,4,-0.207,-0.248,-0.199,-0.398,-0.167,-0.328,-0.207,-0.165,-0.161,-0.135,-0.242,-0.335,0.173
2026,4,17,5,-0.24,0.0543,-0.398,-0.38,-0.129,-0.488,-0.372,-0.34,-0.336,-0.22,-0.211,-0.249,0.0992
2026,4,17,6,-0.415,-0.39,-0.435,-0.575,-0.396,-0.375,-0.153,-0.354,-0.38,-0.37,-0.453,-0.516,-0.296
2026,4,17,7,-0.243,-0.0677,-0.262,-0.424,-0.121,-0.418,-0.319,-0.319,-0.319,-0.21,-0.229,-0.288,0.41
2026,4,17,8,-0.379,-0.425,-0.514,-0.539,-0.5,-0.434,-0.336,-0.353,-0.355,-0.296,-0.402,-0.478,-0.306
2026,4,17,9,-0.333,-0.107,-0.37,-0.507,-0.301,-0.188,0.156,-0.342,-0.396,-0.294,-0.346,-0.413,0.0359
2026,4,17,10,-0.17,0.0292,-0.375,-0.367,0.0293,-0.456,-0.354,-0.242,-0.227,-0.07,-0.141,-0.244,0.387
2026,4,17,11,-0.276,-0.113,-0.481,-0.467,-0.196,-0.515,-0.411,-0.297,-0.278,-0.181,-0.269,-0.372,0.204
2026,4,17,12,-0.283,-0.108,-0.319,-0.523,-0.322,-0.416,-0.237,-0.372,-0.388,-0.334,-0.27,-0.299,0.139
2026,4,17,13,-0.264,-0.207,-0.388,-0.36,-0.149,-0.427,-0.309,-0.258,-0.252,-0.118,-0.272,-0.368,0.057
2026,4,17,14,-0.399,-0.395,-0.376,-0.582,-0.177,-0.29,-0.0356,-0.35,-0.381,-0.34,-0.427,-0.475,-0.335
2026,4,17,15,-0.136,0.122,0.0723,-0.314,-0.175,-0.319,-0.124,-0.178,-0.184,-0.132,-0.138,-0.2,0.4
2026,4,17,16,-0.0353,0.297,0.00054,-0.347,-0.0842,-0.196,0.103,-0.0991,-0.13,-0.0515,-0.0321,-0.0683,0.429
2026,4,17,17,-0.313,-0.253,-0.324,-0.513,-0.0874,-0.28,-0.191,-0.262,-0.27,-0.255,-0.349,-0.411,0.178
2026,4,17,18,-0.134,0.517,-0.118,-0.375,-0.156,-0.2,-0.0385,-0.241,-0.263,-0.212,-0.0932,-0.0595,0.0941
2026,4,17,19,-0.251,-0.213,-0.221,-0.484,-0.114,-0.33,-0.26,-0.275,-0.277,-0.228,-0.252,-0.332,0.259
2026,4,17,20,-0.329,-0.188,-0.665,-0.421,-0.304,-0.408,-0.296,-0.351,-0.356,-0.318,-0.332,-0.389,-0.0327
2026,4,17,21,-0.492,-0.174,-0.489,-0.59,-0.632,-0.433,-0.28,-0.525,-0.55,-0.51,-0.494,-0.519,-0.244
2026,4,17,22,-0.136,-0.0068,-0.441,-0.248,-0.37,-0.377,0.0397,-0.0852,-0.101,-0.127,-0.169,-0.193,-0.182
2026,4,17,23,-0.217,-0.0875,-0.12,-0.467,0.254,-0.556,-0.181,-0.325,-0.339,-0.0356,-0.206,-0.344,0.157
2026,4,17,24,-0.217,-0.331,-0.373,-0.504,-0.257,0.0808,0.71,-0.117,-0.207,-0.203,-0.27,-0.354,0.103
2026,4,17,25,-0.0603,0.125,0.355,-0.246,-0.0308,-0.0331,0.308,-0.183,-0.235,-0.127,-0.0802,-0.131,0.377
2026,4,17,26,-0.0487,0.176,0.33,-0.092,-0.0858,-0.332,-0.272,-0.254,-0.252,-0.116,0.0415,0.0242,0.709
2026,4,17,27,-0.23,-0.185,-0.433,-0.364,0.000468,-0.352,-0.358,-0.32,-0.316,-0.0616,-0.185,-0.292,0.0973
2026,4,17,28,-0.373,-0.16,-0.253,-0.515,-0.392,-0.525,-0.514,-0.442,-0.432,-0.319,-0.36,-0.416,0.019
2026,4,17,29,-0.207,0.154,0.0909,-0.423,-0.103,-0.0488,0.202,-0.0065,-0.0324,-0.165,-0.254,-0.317,0.0437
2026,4,17,30,-0.119,0.11,0.0756,-0.308,-0.126,-0.391,-0.0705,-0.222,-0.242,-0.147,-0.0938,-0.124,0.406
2026,4,17,31,-0.267,-0.29,-0.31,-0.428,-0.0996,-0.139,-0.0507,-0.235,-0.257,-0.169,-0.286,-0.362,-0.0877
2026,4,17,32,-0.164,0.00909,-0.392,-0.217,-0.208,-0.384,-0.237,-0.273,-0.277,0.0105,-0.137,-0.236,-0.0261
2026,4,17,33,-0.141,0.301,-0.418,-0.131,-0.148,-0.555,-0.102,-0.258,-0.281,-0.00981,-0.108,-0.217,0.0632
2026,4,17,34,-0.291,-0.286,-0.52,-0.444,-0.14,-0.565,-0.257,-0.39,-0.403,-0.232,-0.263,-0.383,0.105
2026,4,17,35,-0.303,0.0346,-0.193,-0.387,-0.282,-0.485,-0.218,-0.401,-0.422,-0.266,-0.268,-0.29,-0.17
2026,4,17,36,-0.252,-0.0787,-0.134,-0.399,-0.141,-0.38,-0.357,-0.239,-0.224,-0.202,-0.273,-0.328,0.154
2026,4,17,37,0.0397,0.187,-0.0585,0.0126,0.0367,-0.323,-0.2,-0.154,-0.147,0.0871,0.129,0.0764,0.655
2026,4,17,38,-0.16,-0.0708,-0.3,-0.268,-0.252,-0.0988,-0.0235,-0.148,-0.165,-0.0564,-0.178,-0.279,0.0663
2026,4,17,39,-0.174,0.154,-0.111,-0.366,-0.0725,-0.262,-0.292,-0.234,-0.225,-0.0588,-0.168,-0.253,0.293
2026,4,17,40,-0.14,0.209,-0.195,-0.209,-0.236,-0.147,-0.0419,-0.243,-0.268,-0.0477,-0.101,-0.178,0.313
2026,4,17,41,-0.345,-0.274,-0.413,-0.439,-0.342,-0.491,-0.347,-0.471,-0.481,-0.321,-0.285,-0.305,-0.0926
2026,4,17,42,-0.256,-0.194,-0.449,-0.377,-0.0481,-0.297,-0.435,-0.268,-0.249,-0.263,-0.286,-0.332,0.0622
2026,4,17,43,-0.148,-0.0354,-0.297,-0.22,-0.0777,-0.271,-0.15,-0.145,-0.144,-0.0427,-0.162,-0.267,0.204
2026,4,17,44,-0.168,-0.251,-0.317,-0.19,-0.185,-0.436,-0.235,-0.244,-0.246,-0.162,-0.148,-0.206,0.171
2026,4,17,45,0.277,1.07,0.0604,0.28,0.203,-0.214,0.07,0.116,0.122,0.335,0.351,0.257,0.971
2026,4,17,46,-0.21,0.0729,-0.242,-0.187,-0.436,-0.202,-0.0376,-0.156,-0.17,-0.21,-0.24,-0.26,-0.219
2026,4,17,47,-0.177,0.0184,0.223,-0.282,-0.267,-0.64,-0.441,-0.191,-0.161,-0.191,-0.187,-0.28,0.137
2026,4,17,48,0.189,0.529,0.0519,0.409,0.278,-0.154,-0.0191,-0.0228,-0.0233,0.311,0.344,0.334,0.497
2026,4,17,49,0.54,0.377,0.931,0.554,0.803,-0.237,0.854,0.226,0.127,0.566,0.674,0.598,1.54
2026,4,17,50,0.0211,0.294,-0.143,-0.21,0.235,-0.243,-0.128,-0.095,-0.0912,-0.0104,0.0592,0.044,0.463
2026,4,17,51,-0.241,-0.388,-0.395,-0.128,-0.369,-0.172,-0.337,-0.258,-0.244,-0.201,-0.267,-0.334,-0.138
2026,4,17,52,-0.254,-0.175,-0.438,-0.226,-0.376,-0.382,-0.0816,-0.265,-0.292,-0.208,-0.269,-0.304,-0.245
2026,4,17,53,-0.054,0.0136,-0.329,-0.228,0.038,-0.183,-0.149,-0.161,-0.162,0.0668,-0.00551,-0.135,0.492
2026,4,24,1,-0.362,-0.332,-0.464,-0.532,-0.337,-0.343,-0.158,-0.304,-0.321,-0.315,-0.395,-0.469,-0.12
2026,4,24,2,-0.0207,-0.33,0.257,-0.194,0.0516,0.00502,0.982,0.102,0.0294,0.0165,-0.0729,-0.163,0.432
2026,4,24,3,-0.185,-0.129,-0.131,-0.313,-0.127,-0.227,-0.132,-0.277,-0.29,-0.189,-0.162,-0.215,0.318
2026,4,24,4,-0.287,-0.282,-0.185,-0.498,-0.208,-0.448,-0.298,-0.289,-0.288,-0.208,-0.296,-0.381,0.112
2026,4,24,5,-0.316,-0.233,-0.427,-0.475,-0.199,-0.578,-0.42,-0.393,-0.389,-0.315,-0.294,-0.328,0.0296
2026,4,24,6,-0.459,-0.404,-0.456,-0.589,-0.443,-0.44,-0.295,-0.418,-0.434,-0.436,-0.49,-0.545,-0.293
2026,4,24,7,-0.274,-0.0737,-0.283,-0.472,-0.112,-0.461,-0.332,-0.373,-0.378,-0.249,-0.254,-0.303,0.318
2026,4,24,8,-0.418,-0.456,-0.508,-0.496,-0.533,-0.446,-0.366,-0.385,-0.388,-0.387,-0.452,-0.508,-0.341
2026,4,24,9,-0.38,-0.1,-0.306,-0.538,-0.417,-0.407,-0.258,-0.393,-0.407,-0.379,-0.386,-0.428,-0.0759
2026,4,24,10,-0.213,-0.14,-0.344,-0.371,0.0181,-0.54,-0.469,-0.352,-0.337,-0.0982,-0.142,-0.236,0.433
2026,4,24,11,-0.359,-0.178,-0.459,-0.544,-0.265,-0.485,-0.44,-0.366,-0.353,-0.32,-0.361,-0.451,0.19
2026,4,24,12,-0.299,-0.219,-0.169,-0.475,-0.365,-0.556,-0.422,-0.435,-0.437,-0.325,-0.268,-0.305,0.199
2026,4,24,13,-0.348,-0.336,-0.601,-0.445,-0.176,-0.603,-0.416,-0.331,-0.32,-0.302,-0.367,-0.428,-0.0665
2026,4,24,14,-0.461,-0.349,-0.433,-0.578,-0.4,-0.276,-0.0273,-0.326,-0.356,-0.458,-0.516,-0.578,-0.311
2026,4,24,15,-0.186,-0.139,-0.00717,-0.355,-0.104,-0.439,-0.364,-0.253,-0.241,-0.188,-0.18,-0.228,0.283
2026,4,24,16,-0.185,0.0894,-0.146,-0.382,-0.146,-0.427,-0.325,-0.31,-0.308,-0.13,-0.151,-0.21,0.419
2026,4,24,17,-0.337,-0.329,-0.3,-0.505,-0.0727,-0.572,-0.377,-0.39,-0.391,-0.274,-0.336,-0.399,0.327
2026,4,24,18,-0.221,0.176,-0.0894,-0.428,-0.141,-0.478,-0.42,-0.368,-0.362,-0.2,-0.164,-0.196,0.173
2026,4,24,19,-0.372,-0.374,-0.298,-0.535,-0.172,-0.556,-0.402,-0.364,-0.36,-0.325,-0.384,-0.467,0.0272
2026,4,24,20,-0.384,-0.029,-0.674,-0.465,-0.402,-0.53,-0.508,-0.433,-0.425,-0.344,-0.37,-0.445,-0.00131
2026,4,24,21,-0.552,-0.355,-0.5,-0.639,-0.665,-0.573,-0.543,-0.606,-0.612,-0.583,-0.548,-0.577,-0.223
2026,4,24,22,-0.225,0.265,-0.598,-0.205,-0.438,-0.487,-0.394,-0.166,-0.137,-0.231,-0.26,-0.359,0.143
2026,4,24,23,-0.269,-0.00863,-0.0682,-0.411,-0.184,-0.506,-0.403,-0.353,-0.348,-0.26,-0.267,-0.334,0.0694
2026,4,24,24,-0.285,-0.384,-0.45,-0.608,-0.177,-0.237,0.0317,-0.262,-0.294,-0.254,-0.312,-0.406,0.156
2026,4,24,25,-0.173,-0.134,0.0973,-0.331,-0.0298,-0.158,-0.217,-0.256,-0.261,-0.233,-0.19,-0.232,0.198
2026,4,24,26,-0.16,0.0124,-0.00559,-0.207,-0.0619,-0.507,-0.464,-0.367,-0.354,-0.131,-0.0771,-0.13,0.442
2026,4,24,27,-0.342,-0.311,-0.455,-0.493,-0.19,-0.532,-0.504,-0.415,-0.406,-0.195,-0.288,-0.37,-0.0619
2026,4,24,28,-0.414,-0.123,-0.384,-0.537,-0.304,-0.445,-0.496,-0.482,-0.48,-0.425,-0.401,-0.428,-0.0649
2026,4,24,29,-0.279,-0.0136,-0.0829,-0.447,-0.113,-0.254,0.192,-0.145,-0.187,-0.282,-0.325,-0.376,-0.0266
2026,4,24,30,-0.219,-0.0489,-0.0028,-0.368,-0.28,-0.465,-0.466,-0.351,-0.336,-0.169,-0.171,-0.237,0.425
2026,4,24,31,-0.292,-0.351,-0.243,-0.484,-0.0529,-0.461,-0.383,-0.293,-0.282,-0.256,-0.296,-0.349,-0.0276
2026,4,24,32,-0.242,0.0,-0.4,-0.39,-0.177,-0.34,0.0215,-0.321,-0.362,-0.182,-0.246,-0.329,-0.0261
2026,4,24,33,-0.227,0.174,-0.449,-0.315,-0.272,-0.551,-0.333,-0.335,-0.335,-0.15,-0.18,-0.263,0.0471
2026,4,24,34,-0.345,-0.286,-0.584,-0.46,-0.338,-0.581,-0.359,-0.409,-0.414,-0.285,-0.344,-0.431,-0.16
2026,4,24,35,-0.319,-0.104,-0.331,-0.395,-0.336,-0.588,-0.43,-0.482,-0.488,-0.261,-0.268,-0.276,-0.25
2026,4,24,36,-0.304,-0.22,-0.125,-0.417,-0.035,-0.433,-0.424,-0.316,-0.302,-0.217,-0.315,-0.372,0.0308
2026,4,24,37,-0.124,-0.0154,-0.281,-0.215,-0.128,-0.417,-0.398,-0.26,-0.24,-0.124,-0.0695,-0.086,0.251
2026,4,24,38,-0.248,-0.143,-0.304,-0.394,-0.33,-0.27,-0.215,-0.269,-0.276,-0.23,-0.247,-0.304,0.0742
2026,4,24,39,-0.258,0.132,-0.215,-0.423,-0.0549,-0.519,-0.474,-0.363,-0.347,-0.113,-0.222,-0.303,0.196
2026,4,24,40,-0.288,-0.104,-0.333,-0.349,-0.239,-0.406,-0.329,-0.37,-0.375,-0.191,-0.248,-0.325,0.147
2026,4,24,41,-0.257,-0.315,-0.116,-0.371,-0.288,-0.505,-0.159,-0.477,-0.504,-0.228,-0.151,-0.169,0.126
2026,4,24,42,-0.346,-0.302,-0.497,-0.414,-0.26,-0.421,-0.384,-0.354,-0.35,-0.324,-0.362,-0.414,-0.00478
2026,4,24,43,-0.197,-0.307,-0.245,-0.305,-0.0647,-0.326,-0.269,-0.229,-0.225,-0.127,-0.205,-0.3,0.236
2026,4,24,44,-0.29,-0.183,-0.2,-0.367,-0.314,-0.612,-0.513,-0.447,-0.433,-0.235,-0.268,-0.346,0.0223
2026,4,24,45,0.04,0.376,-0.248,0.179,-0.0264,-0.458,-0.342,-0.102,-0.0683,0.172,0.101,0.0174,0.338
2026,4,24,46,-0.302,-0.00354,-0.216,-0.389,-0.413,-0.491,-0.326,-0.312,-0.31,-0.313,-0.302,-0.294,-0.314
2026,4,24,47,-0.254,-0.423,-0.0466,-0.185,-0.44,-0.67,-0.14,-0.346,-0.37,-0.164,-0.239,-0.363,0.0382
2026,4,24,48,-0.00496,-0.0297,-0.0963,0.271,0.145,-0.428,-0.204,-0.254,-0.261,0.111,0.18,0.2,0.285
2026,4,24,49,0.286,0.352,0.756,0.35,0.112,-0.483,-0.39,-0.126,-0.0842,0.296,0.467,0.457,1.11
2026,4,24,50,-0.0659,0.153,-0.141,-0.345,0.151,-0.262,-0.155,-0.194,-0.199,-0.0937,-0.0266,-0.0263,0.244
2026,4,24,51,-0.374,-0.51,-0.503,-0.401,-0.255,-0.321,-0.241,-0.36,-0.381,-0.386,-0.407,-0.45,-0.264
2026,4,24,52,-0.298,-0.224,-0.548,-0.269,-0.399,-0.29,-0.327,-0.309,-0.306,-0.262,-0.298,-0.348,-0.142
2026,4,24,53,-0.178,0.138,-0.345,-0.395,-0.0109,-0.326,-0.195,-0.274,-0.283,-0.136,-0.148,-0.216,0.21
2026,5,1,1,-0.288,-0.0609,-0.493,-0.438,-0.261,-0.289,-0.273,-0.244,-0.24,-0.221,-0.315,-0.418,0.112
2026,5,1,2,0.0382,-0.112,0.294,-0.124,0.176,0.0443,0.641,0.132,0.0901,0.125,-0.00856,-0.15,0.8
2026,5,1,3,-0.132,-0.0812,-0.0294,-0.236,-0.108,-0.012,-0.0689,-0.197,-0.209,-0.144,-0.117,-0.173,0.386
2026,5,1,4,-0.219,-0.202,-0.175,-0.391,-0.187,-0.416,-0.379,-0.212,-0.194,-0.179,-0.233,-0.334,0.437
2026,5,1,5,-0.212,-0.0209,-0.413,-0.359,-0.149,-0.51,-0.348,-0.3,-0.293,-0.153,-0.177,-0.26,0.333
2026,5,1,6,-0.373,-0.195,-0.429,-0.479,-0.367,-0.483,-0.446,-0.398,-0.392,-0.307,-0.381,-0.468,-0.0412
2026,5,1,7,-0.203,-0.0258,-0.201,-0.409,-0.0231,-0.369,-0.423,-0.284,-0.269,-0.128,-0.179,-0.266,0.667
2026,5,1,8,-0.311,-0.406,-0.506,-0.484,-0.282,-0.397,-0.275,-0.294,-0.297,-0.25,-0.35,-0.444,-0.136
2026,5,1,9,-0.263,0.0107,-0.311,-0.444,-0.318,-0.213,-0.149,-0.297,-0.313,-0.287,-0.265,-0.319,0.225
2026,5,1,10,-0.0977,0.059,-0.159,-0.356,0.213,-0.22,-0.232,-0.207,-0.204,0.0137,-0.0458,-0.202,0.987
2026,5,1,11,-0.237,-0.0141,-0.496,-0.32,-0.077,-0.517,-0.444,-0.28,-0.252,-0.176,-0.221,-0.337,0.526
2026,5,1,12,-0.255,0.143,-0.122,-0.478,-0.325,-0.468,-0.339,-0.398,-0.405,-0.312,-0.236,-0.287,0.402
2026,5,1,13,-0.289,-0.384,-0.394,-0.346,-0.18,-0.534,-0.447,-0.305,-0.287,-0.144,-0.282,-0.396,0.231
2026,5,1,14,-0.355,-0.437,-0.252,-0.499,-0.267,-0.276,-0.044,-0.283,-0.307,-0.306,-0.394,-0.5,-0.021
2026,5,1,15,-0.123,0.156,0.152,-0.302,-0.0111,-0.313,-0.289,-0.221,-0.214,-0.0775,-0.094,-0.179,0.612
2026,5,1,16,-0.114,0.316,-0.151,-0.343,-0.0784,-0.369,-0.248,-0.207,-0.201,-0.0871,-0.101,-0.164,0.54
2026,5,1,17,-0.296,-0.321,-0.307,-0.461,-0.13,-0.476,-0.383,-0.266,-0.253,-0.149,-0.318,-0.407,0.275
2026,5,1,18,-0.0639,0.408,0.171,-0.289,-0.0552,-0.32,-0.391,-0.203,-0.183,-0.152,-0.0232,-0.0299,0.463
2026,5,1,19,-0.265,-0.317,-0.258,-0.44,-0.0972,-0.529,-0.372,-0.291,-0.282,-0.163,-0.26,-0.385,0.323
2026,5,1,20,-0.312,-0.0901,-0.649,-0.303,-0.352,-0.563,-0.441,-0.329,-0.319,-0.287,-0.323,-0.425,0.176
2026,5,1,21,-0.519,-0.316,-0.56,-0.623,-0.61,-0.49,-0.204,-0.531,-0.565,-0.561,-0.53,-0.571,-0.104
2026,5,1,22,-0.134,0.238,-0.546,-0.231,-0.0729,-0.613,-0.394,-0.168,-0.139,-0.143,-0.132,-0.244,0.458
2026,5,1,23,-0.129,0.184,-0.248,-0.223,-0.00831,-0.528,-0.375,-0.256,-0.245,-0.0798,-0.112,-0.231,0.448
2026,5,1,24,-0.233,-0.364,-0.462,-0.494,-0.322,-0.0585,0.0498,-0.156,-0.179,-0.204,-0.281,-0.376,0.141
2026,5,1,25,-0.0529,-0.0407,0.222,-0.2,0.0553,0.0123,-0.0835,-0.185,-0.196,-0.091,-0.0649,-0.14,0.527
2026,5,1,26,-0.0078,0.236,0.117,-0.0505,0.162,-0.396,-0.322,-0.236,-0.225,0.0108,0.104,0.03,0.899
2026,5,1,27,-0.268,-0.277,-0.302,-0.46,-0.00888,-0.561,-0.436,-0.31,-0.297,-0.22,-0.247,-0.328,0.192
2026,5,1,28,-0.263,0.0153,-0.287,-0.42,-0.109,-0.421,-0.419,-0.336,-0.324,-0.301,-0.257,-0.308,0.395
2026,5,1,29,-0.181,0.0784,-0.00563,-0.367,0.231,-0.251,-0.202,-0.17,-0.166,-0.0428,-0.184,-0.271,0.204
2026,5,1,30,-0.0597,0.206,0.0943,-0.201,-0.0986,-0.293,-0.286,-0.191,-0.179,-0.0642,-0.0213,-0.0718,0.627
2026,5,1,31,-0.189,-0.298,-0.222,-0.39,0.182,-0.426,-0.164,-0.197,-0.201,-0.121,-0.196,-0.296,0.323
2026,5,1,32,-0.096,-0.3,-0.352,-0.241,0.0105,-0.329,-0.249,-0.133,-0.119,-0.0437,-0.0807,-0.157,0.172
2026,5,1,33,-0.0642,0.116,-0.505,-0.02,-0.0898,-0.546,0.0311,-0.147,-0.173,-0.0248,-0.0288,-0.167,0.448
2026,5,1,34,-0.256,-0.447,-0.611,-0.372,-0.237,-0.589,-0.359,-0.295,-0.289,-0.285,-0.274,-0.417,0.265
2026,5,1,35,-0.179,-0.0808,-0.196,-0.212,-0.189,-0.489,-0.338,-0.29,-0.284,-0.145,-0.142,-0.241,0.321
2026,5,1,36,-0.203,-0.135,-0.1,-0.263,-0.0449,-0.338,-0.391,-0.229,-0.209,-0.126,-0.211,-0.292,0.465
2026,5,1,37,-0.0159,0.108,-0.315,-0.0276,-0.0919,-0.257,-0.263,-0.0751,-0.0477,0.0516,-0.00788,-0.0838,0.299
2026,5,1,38,-0.16,-0.0708,-0.213,-0.316,-0.283,-0.185,-0.0138,-0.18,-0.203,-0.125,-0.151,-0.213,0.171
2026,5,1,39,-0.137,0.0505,-0.0999,-0.359,0.139,-0.305,-0.416,-0.191,-0.157,-0.0655,-0.126,-0.218,0.589
2026,5,1,40,-0.137,-0.0783,-0.174,-0.21,-0.212,-0.299,-0.425,-0.211,-0.184,-0.11,-0.118,-0.213,0.654
2026,5,1,41,-0.241,-0.191,-0.251,-0.312,-0.371,-0.382,-0.309,-0.435,-0.446,-0.236,-0.156,-0.184,0.183
2026,5,1,42,-0.219,-0.175,-0.422,-0.285,-0.198,-0.325,-0.358,-0.257,-0.246,-0.233,-0.225,-0.289,0.413
2026,5,1,43,-0.109,-0.0906,-0.212,-0.225,0.0336,-0.35,-0.132,-0.141,-0.142,-0.0469,-0.098,-0.214,0.578
2026,5,1,44,-0.22,-0.0298,-0.2,-0.19,-0.303,-0.445,-0.478,-0.283,-0.241,-0.173,-0.202,-0.276,0.0819
2026,5,1,45,0.173,0.991,-0.128,0.16,0.119,-0.196,0.037,0.0473,0.0488,0.255,0.223,0.135,0.626
2026,5,1,46,-0.0674,-0.0177,-0.208,-0.195,0.111,-0.141,-0.0436,-0.158,-0.171,-0.0561,-0.0306,-0.0992,0.422
2026,5,1,47,-0.0938,0.129,-0.316,-0.0783,-0.216,-0.221,-0.398,-0.18,-0.154,0.0716,-0.0439,-0.262,0.473
2026,5,1,48,0.21,0.19,0.185,0.392,0.225,0.00498,0.00272,-0.0866,-0.0982,0.3,0.418,0.438,0.674
2026,5,1,49,0.407,0.409,0.74,0.435,0.194,-0.0593,0.171,0.195,0.198,0.22,0.5,0.547,1.12
2026,5,1,50,0.0231,0.25,-0.274,-0.208,0.293,-0.333,-0.339,-0.13,-0.105,0.0379,0.082,0.0475,0.534
2026,5,1,51,-0.288,-0.224,-0.52,-0.306,-0.122,-0.479,-0.41,-0.322,-0.306,-0.257,-0.277,-0.37,0.133
2026,5,1,52,-0.15,0.321,-0.341,-0.0609,-0.356,-0.311,-0.265,-0.204,-0.195,-0.201,-0.143,-0.206,0.299
2026,5,1,53,0.00207,-0.0331,-0.178,-0.0765,0.087,-0.138,-0.241,-0.157,-0.148,0.111,0.0802,-0.0509,0.748
2026,5,8,1,-0.262,-0.232,-0.303,-0.439,-0.272,-0.352,-0.177,-0.238,-0.245,-0.181,-0.284,-0.389,0.135
2026,5,8,2,0.15,-0.19,0.449,-0.0698,0.322,0.0743,0.876,0.342,0.299,0.23,0.0807,-0.0565,0.823
2026,5,8,3,-0.1,-0.141,-0.105,-0.236,-0.146,-0.133,0.0331,-0.196,-0.217,-0.0725,-0.0763,-0.138,0.392
2026,5,8,4,-0.119,-0.133,-0.0927,-0.316,-0.149,-0.238,-0.0637,-0.122,-0.128,-0.0359,-0.133,-0.225,0.301
2026,5,8,5,-0.143,-0.072,-0.377,-0.311,0.0817,-0.446,-0.395,-0.278,-0.261,-0.0527,-0.0929,-0.19,0.457
2026,5,8,6,-0.367,-0.432,-0.332,-0.498,-0.364,-0.357,-0.223,-0.342,-0.358,-0.297,-0.394,-0.479,-0.138
2026,5,8,7,-0.135,-0.0162,-0.168,-0.331,0.0555,-0.318,-0.287,-0.248,-0.244,-0.0849,-0.0996,-0.174,0.747
2026,5,8,8,-0.265,-0.226,-0.382,-0.387,-0.301,-0.409,-0.177,-0.259,-0.27,-0.195,-0.282,-0.351,-0.169
2026,5,8,9,-0.245,-0.0274,-0.265,-0.422,-0.275,-0.18,-0.0678,-0.276,-0.298,-0.255,-0.246,-0.298,0.194
2026,5,8,10,-0.0218,0.0938,-0.126,-0.243,0.229,-0.309,-0.127,-0.153,-0.157,0.0903,0.055,-0.0963,1.16
2026,5,8,11,-0.181,-0.131,-0.41,-0.284,-0.129,-0.328,-0.349,-0.23,-0.209,-0.051,-0.158,-0.319,0.703
2026,5,8,12,-0.244,-0.0797,-0.0817,-0.426,-0.184,-0.47,-0.427,-0.401,-0.398,-0.308,-0.213,-0.257,0.404
2026,5,8,13,-0.25,-0.209,-0.435,-0.358,-0.2,-0.433,-0.293,-0.243,-0.236,-0.0792,-0.258,-0.378,0.18
2026,5,8,14,-0.308,-0.268,-0.327,-0.478,-0.245,-0.433,-0.0608,-0.183,-0.196,-0.273,-0.362,-0.432,-0.166
2026,5,8,15,-0.0697,0.106,0.154,-0.256,-0.0485,-0.209,-0.364,-0.165,-0.144,-0.0194,-0.0401,-0.0995,0.417
2026,5,8,16,-0.0526,0.198,-0.0665,-0.261,-0.048,-0.25,-0.216,-0.187,-0.183,0.0743,-0.0246,-0.105,0.498
2026,5,8,17,-0.234,-0.162,-0.207,-0.412,-0.137,-0.424,-0.201,-0.263,-0.27,-0.081,-0.242,-0.341,0.536
2026,5,8,18,-0.018,0.501,0.117,-0.24,0.0397,-0.413,-0.215,-0.21,-0.21,-0.00371,0.0607,0.0353,0.447
2026,5,8,19,-0.217,-0.136,-0.221,-0.443,-0.0455,-0.33,-0.267,-0.226,-0.221,-0.103,-0.209,-0.324,0.264
2026,5,8,20,-0.346,-0.163,-0.661,-0.437,-0.427,-0.38,-0.352,-0.324,-0.321,-0.245,-0.356,-0.443,-0.19
2026,5,8,21,-0.442,-0.174,-0.476,-0.534,-0.579,-0.428,-0.287,-0.52,-0.545,-0.489,-0.437,-0.469,-0.0477
2026,5,8,22,-0.134,0.0476,-0.476,-0.134,-0.22,-0.448,-0.264,-0.15,-0.135,-0.199,-0.122,-0.143,0.232
2026,5,8,23,-0.154,-0.275,0.0553,-0.277,-0.1,-0.455,-0.139,-0.142,-0.143,-0.0846,-0.175,-0.298,0.283
2026,5,8,24,-0.184,-0.321,-0.187,-0.442,-0.245,-0.187,0.14,-0.187,-0.223,-0.0766,-0.198,-0.318,0.266
2026,5,8,25,0.0288,0.0234,0.319,-0.0998,0.126,-0.105,-0.112,-0.127,-0.129,0.0207,0.0247,-0.0555,0.605
2026,5,8,26,0.0912,0.196,0.251,0.0547,0.25,-0.429,-0.356,-0.158,-0.133,0.201,0.208,0.131,0.715
2026,5,8,27,-0.169,-0.0588,-0.349,-0.267,-0.0332,-0.29,-0.212,-0.22,-0.221,-0.0493,-0.145,-0.219,0.00885
2026,5,8,28,-0.307,-0.0907,-0.137,-0.428,-0.323,-0.428,-0.396,-0.387,-0.386,-0.323,-0.292,-0.332,0.199
2026,5,8,29,-0.112,0.325,0.104,-0.32,0.13,-0.353,0.23,0.0122,-0.0149,0.00293,-0.149,-0.239,0.236
2026,5,8,30,-0.0625,0.16,0.229,-0.21,-0.213,-0.192,-0.13,-0.169,-0.174,-0.0177,-0.0386,-0.106,0.507
2026,5,8,31,-0.152,-0.331,-0.164,-0.343,0.0296,-0.287,-0.189,-0.0931,-0.0818,-0.0675,-0.192,-0.299,0.208
2026,5,8,32,-0.0596,-0.327,-0.104,-0.222,-0.0535,-0.147,-0.0646,-0.116,-0.122,0.0844,-0.0584,-0.15,0.0289
2026,5,8,33,-0.0404,0.604,-0.518,-0.0388,-0.0869,-0.401,-0.369,-0.194,-0.168,-0.092,0.0255,0.00544,0.348
2026,5,8,34,-0.219,-0.156,-0.511,-0.395,-0.101,-0.653,-0.376,-0.281,-0.271,-0.117,-0.203,-0.327,0.0556
2026,5,8,35,-0.183,0.0208,-0.324,-0.271,-0.167,-0.408,-0.141,-0.291,-0.308,-0.0958,-0.158,-0.227,0.03
2026,5,8,36,-0.146,-0.0662,-0.0204,-0.252,0.02,-0.221,-0.199,-0.171,-0.167,-0.0373,-0.161,-0.252,0.507
2026,5,8,37,0.0603,0.0725,-0.155,0.0594,-0.0156,-0.23,-0.101,-0.0397,-0.0307,0.156,0.094,-0.0195,0.655
2026,5,8,38,-0.0964,-0.067,-0.281,-0.258,-0.14,-0.0738,-0.147,-0.134,-0.132,-0.0512,-0.0806,-0.173,0.431
2026,5,8,39,-0.0642,0.00409,-0.134,-0.332,0.302,-0.0807,-0.167,-0.139,-0.135,0.13,-0.0499,-0.176,0.576
2026,5,8,40,-0.146,-0.148,-0.164,-0.281,-0.105,-0.139,-0.0299,-0.183,-0.202,-0.124,-0.141,-0.233,0.561
2026,5,8,41,-0.227,-0.299,-0.168,-0.317,-0.282,-0.221,-0.309,-0.448,-0.459,-0.272,-0.121,-0.135,0.299
2026,5,8,42,-0.222,-0.224,-0.403,-0.341,-0.0133,-0.225,-0.379,-0.265,-0.252,-0.188,-0.218,-0.286,0.317
2026,5,8,43,-0.0533,-0.0236,-0.202,-0.192,-0.0806,-0.203,-0.198,-0.0992,-0.0872,0.0479,-0.0396,-0.14,0.396
2026,5,8,44,-0.117,-0.2,-0.133,-0.0335,-0.181,-0.396,-0.455,-0.257,-0.214,0.0654,-0.0449,-0.134,0.102
2026,5,8,45,0.304,0.771,0.00671,0.459,0.152,-0.133,-0.0453,0.138,0.164,0.3,0.415,0.478,0.468
2026,5,8,46,-0.19,-0.188,-0.155,-0.179,-0.403,-0.352,-0.152,-0.194,-0.199,-0.142,-0.195,-0.244,-0.0808
2026,5,8,47,-0.0721,-0.252,-0.212,-0.111,-0.139,-0.446,-0.333,-0.2,-0.185,0.201,-0.0198,-0.255,0.351
2026,5,8,48,0.195,0.135,0.126,0.298,0.343,0.0498,0.21,-0.0579,-0.0926,0.142,0.353,0.479,0.345
2026,5,8,49,0.514,0.522,0.756,0.288,0.463,-0.127,0.244,0.248,0.249,0.535,0.628,0.612,1.05
2026,5,8,50,0.117,0.203,-0.103,-0.13,0.273,-0.0829,-0.0324,0.00195,0.00592,0.118,0.168,0.126,0.699
2026,5,8,51,-0.2,-0.327,-0.586,-0.174,-0.0254,-0.385,-0.361,-0.307,-0.298,-0.1,-0.146,-0.235,0.162
2026,5,8,52,-0.17,-0.24,-0.47,-0.173,-0.282,-0.218,-0.133,-0.233,-0.248,-0.147,-0.164,-0.25,0.207
2026,5,8,53,-0.0227,-0.0877,-0.305,-0.152,0.0,-0.235,-0.138,-0.108,-0.105,0.143,0.01,-0.128,0.325
2026,5,15,1,-0.243,-0.215,-0.352,-0.448,-0.226,-0.281,-0.0665,-0.206,-0.222,-0.145,-0.272,-0.378,0.0896
2026,5,15,2,0.153,-0.122,0.441,-0.0921,0.196,0.0812,0.971,0.321,0.267,0.272,0.086,-0.0304,0.591
2026,5,15,3,-0.143,-0.0106,-0.197,-0.282,-0.125,-0.121,0.231,-0.141,-0.176,-0.0956,-0.152,-0.22,0.226
2026,5,15,4,-0.121,-0.147,-0.129,-0.335,-0.0718,-0.231,-0.0551,-0.12,-0.127,-0.0118,-0.138,-0.25,0.371
2026,5,15,5,-0.174,0.0658,-0.352,-0.339,-0.144,-0.495,-0.351,-0.272,-0.261,-0.113,-0.143,-0.21,0.23
2026,5,15,6,-0.321,-0.299,-0.363,-0.491,-0.317,-0.302,-0.141,-0.302,-0.323,-0.217,-0.342,-0.444,-0.0572
2026,5,15,7,-0.149,0.0126,-0.171,-0.345,-0.0183,-0.321,-0.154,-0.234,-0.242,-0.0984,-0.127,-0.192,0.544
2026,5,15,8,-0.293,-0.13,-0.457,-0.483,-0.415,-0.382,-0.258,-0.241,-0.238,-0.209,-0.346,-0.434,-0.283
2026,5,15,9,-0.258,0.106,-0.229,-0.464,-0.262,-0.394,-0.18,-0.275,-0.285,-0.257,-0.263,-0.324,0.194
2026,5,15,10,-0.0854,-0.0155,-0.231,-0.302,0.129,-0.406,-0.206,-0.2,-0.199,0.0145,-0.0247,-0.141,0.772
2026,5,15,11,-0.203,-0.0845,-0.383,-0.347,-0.14,-0.466,-0.331,-0.227,-0.209,-0.0709,-0.195,-0.369,0.7
2026,5,15,12,-0.218,0.301,-0.309,-0.455,-0.397,-0.354,-0.126,-0.302,-0.323,-0.334,-0.206,-0.237,0.376
2026,5,15,13,-0.26,-0.148,-0.584,-0.387,-0.278,-0.27,-0.237,-0.188,-0.182,-0.0857,-0.303,-0.408,-0.0918
2026,5,15,14,-0.367,-0.318,-0.301,-0.543,-0.312,-0.287,0.0901,-0.199,-0.228,-0.298,-0.429,-0.507,-0.265
2026,5,15,15,-0.0504,0.171,0.0921,-0.204,-0.0158,-0.33,-0.0989,-0.143,-0.148,-0.0257,-0.02,-0.082,0.561
2026,5,15,16,0.00859,0.572,-0.00162,-0.206,-0.0421,-0.334,-0.212,-0.148,-0.139,0.0752,0.0514,-0.0147,0.686
2026,5,15,17,-0.245,-0.208,-0.241,-0.391,-0.2,-0.489,-0.17,-0.237,-0.245,-0.0896,-0.258,-0.344,0.301
2026,5,15,18,-0.0403,0.688,0.124,-0.264,-0.073,-0.32,-0.185,-0.206,-0.208,-0.0791,0.0184,0.042,0.2
2026,5,15,19,-0.182,0.0401,-0.0864,-0.458,-0.0605,-0.325,-0.14,-0.132,-0.131,-0.112,-0.218,-0.336,0.284
2026,5,15,20,-0.193,-0.334,-0.674,-0.424,0.373,-0.492,-0.363,-0.311,-0.306,-0.198,-0.189,-0.232,0.098
2026,5,15,21,-0.473,-0.0788,-0.471,-0.604,-0.554,-0.377,-0.377,-0.539,-0.556,-0.524,-0.468,-0.492,-0.138
2026,5,15,22,-0.0641,0.388,-0.441,-0.231,-0.16,-0.416,-0.0181,-0.00248,-0.000467,0.0477,-0.0902,-0.221,0.123
2026,5,15,23,-0.157,-0.0037,-0.228,-0.341,-0.0522,-0.376,-0.194,-0.168,-0.165,-0.0198,-0.174,-0.294,0.127
2026,5,15,24,-0.177,-0.245,-0.322,-0.444,-0.0814,-0.109,0.339,-0.111,-0.16,-0.0526,-0.212,-0.346,0.228
2026,5,15,25,0.00215,0.141,0.265,-0.169,0.155,-0.199,-0.074,-0.155,-0.163,0.0346,0.00187,-0.0755,0.488
2026,5,15,26,0.0818,0.181,0.441,0.0976,0.116,-0.304,-0.197,-0.165,-0.161,0.144,0.2,0.154,0.691
2026,5,15,27,-0.149,-0.0875,-0.345,-0.354,0.216,-0.298,-0.202,-0.188,-0.186,0.00352,-0.131,-0.239,0.115
2026,5,15,28,-0.26,-0.0744,-0.189,-0.401,-0.228,-0.441,-0.39,-0.365,-0.361,-0.249,-0.243,-0.283,0.163
2026,5,15,29,-0.0714,0.0366,0.0298,-0.281,0.0929,-0.174,0.183,-0.0179,-0.0429,0.0557,-0.0916,-0.183,0.317
2026,5,15,30,-0.026,0.247,0.128,-0.109,-0.178,-0.222,0.0255,-0.14,-0.161,-0.0618,0.00832,-0.0212,0.574
2026,5,15,31,-0.196,-0.24,-0.306,-0.321,-0.0278,-0.226,-0.286,-0.184,-0.172,-0.0631,-0.209,-0.313,0.103
2026,5,15,32,-0.00588,0.0818,0.032,-0.08,-0.0932,-0.285,-0.0646,-0.14,-0.149,0.203,0.0466,-0.062,0.177
2026,5,15,33,-0.107,0.301,-0.399,-0.233,-0.184,-0.502,-0.164,-0.231,-0.241,-0.0546,-0.0481,-0.0988,0.143
2026,5,15,34,-0.212,-0.0452,-0.403,-0.386,-0.243,-0.46,-0.224,-0.25,-0.252,-0.0161,-0.199,-0.354,-0.0432
2026,5,15,35,-0.185,-0.0346,-0.291,-0.253,-0.089,-0.482,-0.352,-0.313,-0.308,-0.111,-0.149,-0.208,0.046
2026,5,15,36,-0.147,-0.0412,-0.00974,-0.281,0.0499,-0.263,-0.209,-0.173,-0.168,-0.0455,-0.154,-0.242,0.538
2026,5,15,37,0.0401,0.0549,-0.184,-0.0527,-0.0136,-0.384,-0.308,-0.0602,-0.0242,0.0892,0.0813,0.00762,0.568
2026,5,15,38,-0.0782,-0.0142,-0.124,-0.283,-0.178,-0.0505,0.0511,-0.0779,-0.0952,0.0418,-0.0841,-0.182,0.129
2026,5,15,39,-0.0908,0.19,-0.0464,-0.234,-0.0677,-0.378,-0.321,-0.223,-0.208,0.0859,-0.0483,-0.147,0.463
2026,5,15,40,-0.0862,0.13,-0.118,-0.164,-0.239,0.166,0.0659,-0.0942,-0.114,-0.0644,-0.0965,-0.171,0.395
2026,5,15,41,-0.207,0.254,-0.365,-0.343,-0.377,-0.291,-0.171,-0.429,-0.451,-0.194,-0.112,-0.123,0.137
2026,5,15,42,-0.208,-0.121,-0.389,-0.325,-0.0435,-0.253,-0.291,-0.273,-0.271,-0.0811,-0.205,-0.284,0.0973
2026,5,15,43,-0.0363,-0.0197,-0.0636,-0.116,-0.0488,-0.0843,-0.012,-0.0803,-0.0886,0.0417,-0.0257,-0.115,0.403
2026,5,15,44,-0.198,-0.217,-0.183,-0.0922,-0.299,-0.48,-0.501,-0.316,-0.276,0.0115,-0.14,-0.239,-0.0571
2026,5,15,45,0.296,1.05,-0.154,0.3,0.0611,-0.377,0.185,0.217,0.221,0.308,0.317,0.373,0.0216
2026,5,15,46,-0.174,0.0106,-0.213,-0.162,-0.415,-0.388,-0.0797,-0.107,-0.11,-0.135,-0.214,-0.26,-0.201
2026,5,15,47,-0.0168,-0.0184,-0.295,-0.0103,-0.011,-0.116,-0.269,-0.127,-0.11,0.299,0.0295,-0.208,0.313
2026,5,15,48,0.206,0.373,0.119,0.425,0.282,0.109,-0.00817,-0.115,-0.129,0.345,0.435,0.478,0.488
2026,5,15,49,0.591,0.591,1.18,0.659,0.378,-0.0169,0.146,0.278,0.299,0.689,0.715,0.71,0.837
2026,5,15,50,0.177,0.388,-0.0951,-0.0461,0.608,-0.0751,0.0767,-0.0745,-0.092,0.168,0.276,0.238,1.01
2026,5,15,51,-0.246,0.0,-0.354,-0.266,-0.316,-0.211,-0.47,-0.309,-0.282,-0.157,-0.233,-0.274,-0.264
2026,5,15,52,-0.125,0.00809,-0.0565,-0.143,-0.275,-0.304,-0.0408,-0.199,-0.221,-0.118,-0.0901,-0.0834,-0.0552
2026,5,15,53,-0.025,0.131,-0.162,-0.188,-0.019,-0.287,0.092,-0.136,-0.162,0.124,0.0174,-0.132,0.501
2026,5,22,1,-0.267,-0.228,-0.419,-0.432,-0.231,-0.366,-0.146,-0.25,-0.262,-0.189,-0.283,-0.4,0.233
2026,5,22,2,0.113,-0.168,0.37,-0.0395,0.0906,0.142,1.28,0.312,0.233,0.116,0.0418,-0.0753,0.784
2026,5,22,3,-0.136,-0.155,-0.191,-0.285,-0.125,-0.177,0.185,-0.16,-0.193,-0.18,-0.141,-0.187,0.321
2026,5,22,4,-0.172,-0.247,-0.122,-0.394,-0.103,-0.209,-0.0895,-0.146,-0.151,-0.0678,-0.196,-0.315,0.357
2026,5,22,5,-0.167,0.0334,-0.368,-0.295,-0.00454,-0.46,-0.293,-0.265,-0.261,-0.133,-0.138,-0.228,0.49
2026,5,22,6,-0.379,-0.44,-0.482,-0.571,-0.356,-0.308,-0.134,-0.309,-0.332,-0.312,-0.425,-0.529,-0.0854
2026,5,22,7,-0.165,-0.0437,-0.186,-0.348,-0.0293,-0.414,-0.347,-0.266,-0.258,-0.143,-0.134,-0.202,0.749
2026,5,22,8,-0.289,-0.375,-0.521,-0.391,-0.449,-0.327,-0.228,-0.238,-0.24,-0.267,-0.34,-0.45,0.0362
2026,5,22,9,-0.298,-0.0496,-0.232,-0.486,-0.28,-0.302,-0.149,-0.318,-0.336,-0.283,-0.305,-0.376,0.187
2026,5,22,10,-0.103,-0.0727,-0.193,-0.291,0.116,-0.454,-0.232,-0.231,-0.231,-0.0119,-0.0276,-0.141,0.852
2026,5,22,11,-0.259,-0.146,-0.428,-0.439,-0.0977,-0.466,-0.36,-0.269,-0.254,-0.156,-0.253,-0.394,0.479
2026,5,22,12,-0.242,-0.139,-0.319,-0.42,-0.334,-0.47,-0.274,-0.331,-0.338,-0.323,-0.227,-0.274,0.417
2026,5,22,13,-0.283,-0.222,-0.576,-0.36,-0.239,-0.56,-0.293,-0.305,-0.307,-0.149,-0.275,-0.381,0.203
2026,5,22,14,-0.373,-0.437,-0.272,-0.487,-0.377,-0.304,-0.0021,-0.263,-0.29,-0.379,-0.422,-0.515,-0.0374
2026,5,22,15,-0.103,0.137,0.0149,-0.28,0.0426,-0.259,-0.0138,-0.129,-0.141,-0.0829,-0.115,-0.203,0.551
2026,5,22,16,-0.067,0.187,-0.0967,-0.323,0.0,-0.246,-0.0707,-0.155,-0.167,0.00502,-0.0447,-0.115,0.54
2026,5,22,17,-0.267,-0.196,-0.259,-0.414,-0.257,-0.402,-0.237,-0.243,-0.244,-0.182,-0.288,-0.368,0.447
2026,5,22,18,-0.121,0.68,-0.118,-0.389,-0.0211,-0.463,-0.193,-0.278,-0.287,-0.165,-0.0656,-0.0758,0.341
2026,5,22,19,-0.217,-0.151,-0.167,-0.429,-0.0505,-0.379,-0.312,-0.251,-0.244,-0.177,-0.214,-0.39,0.99
2026,5,22,20,-0.294,-0.0718,-0.58,-0.34,-0.405,-0.408,-0.106,-0.285,-0.302,-0.229,-0.306,-0.431,0.203
2026,5,22,21,-0.503,-0.256,-0.555,-0.649,-0.567,-0.394,-0.176,-0.55,-0.588,-0.534,-0.507,-0.543,-0.129
2026,5,22,22,-0.108,0.0476,-0.493,-0.219,-0.242,-0.29,-0.0325,-0.0587,-0.0621,-0.171,-0.157,-0.242,0.31
2026,5,22,23,-0.135,-0.0284,-0.13,-0.338,0.0409,-0.421,-0.0694,-0.172,-0.182,-0.0767,-0.148,-0.301,0.506
2026,5,22,24,-0.161,-0.398,-0.353,-0.485,-0.0855,-0.131,0.249,-0.153,-0.196,-0.0128,-0.168,-0.325,0.448
2026,5,22,25,-0.0199,0.0154,0.208,-0.255,0.237,-0.211,-0.0167,-0.155,-0.169,0.0142,-0.0271,-0.1,0.41
2026,5,22,26,-0.00243,0.00744,0.0782,0.0505,0.142,-0.447,-0.28,-0.251,-0.248,-0.0275,0.109,-0.0237,1.42
2026,5,22,27,-0.205,-0.0646,-0.421,-0.375,0.0771,-0.311,-0.231,-0.291,-0.298,-0.088,-0.164,-0.268,0.257
2026,5,22,28,-0.326,-0.0214,-0.235,-0.522,-0.245,-0.478,-0.437,-0.424,-0.422,-0.315,-0.303,-0.36,0.287
2026,5,22,29,-0.164,0.254,0.11,-0.354,-0.0878,-0.247,0.286,-0.073,-0.118,-0.131,-0.199,-0.257,0.108
2026,5,22,30,-0.13,0.083,0.12,-0.276,-0.295,-0.356,-0.22,-0.219,-0.219,-0.131,-0.106,-0.167,0.564
2026,5,22,31,-0.244,-0.323,-0.185,-0.415,-0.141,-0.387,-0.262,-0.214,-0.208,-0.18,-0.261,-0.352,0.163
2026,5,22,32,-0.0627,-0.245,-0.024,-0.179,-0.0204,-0.29,0.00923,-0.117,-0.133,0.0129,-0.0469,-0.144,0.249
2026,5,22,33,-0.0434,0.758,-0.38,-0.109,-0.0869,-0.493,-0.387,-0.257,-0.238,0.0276,0.0303,-0.0507,0.32
2026,5,22,34,-0.141,-0.377,-0.602,-0.417,-0.116,-0.185,-0.0717,-0.175,-0.186,-0.106,-0.14,-0.359,0.58
2026,5,22,35,-0.192,0.0393,-0.396,-0.261,-0.176,-0.46,-0.345,-0.279,-0.271,-0.175,-0.168,-0.297,0.436
2026,5,22,36,-0.196,-0.181,-0.134,-0.267,-0.0612,-0.245,-0.132,-0.209,-0.219,-0.0745,-0.204,-0.301,0.527
2026,5,22,37,0.0204,0.116,-0.275,-0.0561,-0.0919,-0.257,-0.0112,-0.0876,-0.0988,0.0537,0.0639,0.0121,0.465
2026,5,22,38,-0.0732,-0.15,-0.0922,-0.272,-0.167,-0.179,0.106,-0.0802,-0.105,-0.00844,-0.079,-0.174,0.311
2026,5,22,39,-0.124,-0.00409,-0.083,-0.29,0.128,-0.375,-0.225,-0.226,-0.226,-0.0316,-0.1,-0.196,0.617
2026,5,22,40,-0.159,0.0783,-0.2,-0.263,-0.312,-0.131,-0.0419,-0.163,-0.178,-0.0788,-0.158,-0.265,0.395
2026,5,22,41,-0.169,-0.205,-0.389,-0.302,-0.214,-0.379,-0.115,-0.361,-0.382,-0.199,-0.0773,-0.0998,0.326
2026,5,22,42,-0.238,-0.179,-0.405,-0.36,-0.104,-0.137,-0.122,-0.273,-0.291,-0.207,-0.246,-0.322,0.337
2026,5,22,43,-0.0846,-0.185,-0.157,-0.173,0.0163,-0.312,0.0,-0.0887,-0.0996,0.0396,-0.0917,-0.243,0.574
2026,5,22,44,-0.213,-0.0468,-0.267,-0.278,-0.274,-0.421,-0.455,-0.365,-0.346,-0.123,-0.148,-0.282,0.439
2026,5,22,45,0.262,0.468,-0.00671,0.664,0.13,-0.404,0.169,0.112,0.104,0.278,0.329,0.296,0.727
2026,5,22,46,-0.187,0.0106,-0.265,-0.195,-0.385,-0.297,-0.0737,-0.167,-0.178,-0.136,-0.201,-0.279,0.0359
2026,5,22,47,-0.00785,-0.0429,-0.109,-0.0576,-0.176,-0.461,-0.29,-0.2,-0.19,0.162,0.0812,-0.226,0.969
2026,5,22,48,0.184,0.446,0.0963,0.223,0.266,-0.149,-0.281,-0.0141,0.0205,0.359,0.353,0.294,0.641
2026,5,22,49,0.602,0.371,0.527,0.181,0.354,-0.229,0.134,0.26,0.28,0.623,0.751,0.747,1.2
2026,5,22,50,0.0583,0.42,-0.211,-0.218,0.275,-0.259,-0.121,-0.0985,-0.0959,0.054,0.124,0.0781,0.775
2026,5,22,51,-0.206,-0.367,-0.28,-0.319,-0.0695,-0.282,-0.265,-0.21,-0.201,-0.166,-0.238,-0.395,0.327
2026,5,22,52,-0.152,-0.353,-0.334,-0.0811,-0.295,-0.19,-0.112,-0.15,-0.155,-0.258,-0.178,-0.185,0.0424
2026,5,22,53,-0.0379,-0.119,-0.122,-0.181,0.019,-0.105,-0.161,-0.17,-0.171,0.127,0.0304,-0.11,0.501
2026,5,29,1,-0.334,-0.281,-0.443,-0.462,-0.318,-0.367,-0.224,-0.308,-0.318,-0.266,-0.351,-0.455,0.104
2026,5,29,2,-0.0492,-0.22,0.194,-0.208,0.00145,-0.0159,0.714,0.0966,0.0459,-0.00531,-0.0993,-0.205,0.516
2026,5,29,3,-0.248,-0.275,-0.32,-0.337,-0.23,-0.259,0.0275,-0.288,-0.318,-0.247,-0.245,-0.292,0.132
2026,5,29,4,-0.331,-0.319,-0.306,-0.476,-0.331,-0.423,-0.333,-0.343,-0.344,-0.248,-0.335,-0.432,0.183
2026,5,29,5,-0.317,-0.048,-0.482,-0.413,-0.234,-0.573,-0.449,-0.414,-0.409,-0.299,-0.289,-0.35,0.189
2026,5,29,6,-0.428,-0.434,-0.444,-0.558,-0.457,-0.351,-0.196,-0.354,-0.375,-0.414,-0.472,-0.547,-0.159
2026,5,29,7,-0.254,-0.13,-0.34,-0.429,0.16,-0.494,-0.363,-0.379,-0.38,-0.227,-0.222,-0.315,0.937
2026,5,29,8,-0.346,-0.433,-0.555,-0.501,-0.208,-0.409,-0.312,-0.321,-0.323,-0.315,-0.419,-0.52,-0.181
2026,5,29,9,-0.362,-0.111,-0.458,-0.521,-0.411,-0.373,-0.176,-0.359,-0.379,-0.358,-0.366,-0.419,0.0253
2026,5,29,10,-0.231,-0.155,-0.385,-0.439,-0.0176,-0.366,-0.307,-0.33,-0.333,-0.0832,-0.181,-0.314,0.476
2026,5,29,11,-0.362,-0.31,-0.492,-0.511,-0.235,-0.604,-0.473,-0.383,-0.367,-0.297,-0.352,-0.45,0.201
2026,5,29,12,-0.306,-0.0624,-0.421,-0.461,-0.42,-0.521,-0.329,-0.424,-0.435,-0.357,-0.282,-0.322,0.253
2026,5,29,13,-0.347,-0.288,-0.609,-0.419,-0.205,-0.578,-0.37,-0.363,-0.362,-0.229,-0.345,-0.439,0.0728
2026,5,29,14,-0.437,-0.449,-0.361,-0.56,-0.418,-0.416,-0.153,-0.35,-0.369,-0.405,-0.475,-0.555,-0.202
2026,5,29,15,-0.279,0.0318,-0.144,-0.428,-0.226,-0.445,-0.434,-0.344,-0.334,-0.211,-0.265,-0.339,0.194
2026,5,29,16,-0.178,0.337,-0.246,-0.371,-0.153,-0.383,-0.297,-0.256,-0.25,-0.176,-0.162,-0.231,0.629
2026,5,29,17,-0.383,-0.233,-0.409,-0.507,-0.383,-0.564,-0.497,-0.388,-0.375,-0.296,-0.385,-0.451,0.211
2026,5,29,18,-0.192,0.536,-0.176,-0.404,-0.18,-0.409,-0.442,-0.341,-0.33,-0.252,-0.132,-0.138,0.322
2026,5,29,19,-0.372,-0.389,-0.352,-0.545,-0.251,-0.339,-0.447,-0.389,-0.382,-0.323,-0.372,-0.48,0.269
2026,5,29,20,-0.444,-0.115,-0.734,-0.506,-0.42,-0.553,-0.453,-0.426,-0.423,-0.414,-0.461,-0.557,-0.0379
2026,5,29,21,-0.546,-0.32,-0.593,-0.622,-0.671,-0.573,-0.453,-0.566,-0.578,-0.637,-0.548,-0.574,-0.136
2026,5,29,22,-0.224,0.224,-0.476,-0.355,-0.277,-0.432,-0.235,-0.198,-0.193,-0.177,-0.245,-0.381,0.222
2026,5,29,23,-0.29,-0.166,-0.284,-0.419,-0.143,-0.522,-0.194,-0.343,-0.357,-0.184,-0.292,-0.421,0.157
2026,5,29,24,-0.337,-0.326,-0.427,-0.535,-0.276,-0.17,-0.095,-0.328,-0.353,-0.244,-0.353,-0.478,0.185
2026,5,29,25,-0.162,0.0367,0.0339,-0.267,-0.2,-0.0595,-0.0835,-0.276,-0.296,-0.188,-0.163,-0.197,0.13
2026,5,29,26,-0.195,0.3,0.0279,-0.243,-0.261,-0.488,-0.481,-0.387,-0.375,-0.179,-0.104,-0.18,0.632
2026,5,29,27,-0.309,-0.271,-0.514,-0.393,-0.0762,-0.606,-0.426,-0.351,-0.343,-0.229,-0.285,-0.371,0.0855
2026,5,29,28,-0.427,0.00306,-0.475,-0.542,-0.477,-0.534,-0.425,-0.466,-0.472,-0.429,-0.418,-0.458,0.003
2026,5,29,29,-0.272,0.363,-0.202,-0.42,-0.198,-0.321,-0.117,-0.252,-0.268,-0.226,-0.285,-0.337,-0.0125
2026,5,29,30,-0.242,0.342,-0.156,-0.333,-0.434,-0.484,-0.34,-0.343,-0.343,-0.265,-0.213,-0.257,0.41
2026,5,29,31,-0.379,-0.418,-0.405,-0.529,-0.252,-0.33,-0.367,-0.354,-0.352,-0.278,-0.388,-0.468,-0.148
2026,5,29,32,-0.23,-0.345,-0.336,-0.189,-0.276,-0.362,-0.175,-0.312,-0.328,-0.155,-0.192,-0.285,0.133
2026,5,29,33,-0.245,-0.15,-0.48,-0.281,-0.33,-0.599,-0.351,-0.327,-0.323,-0.221,-0.216,-0.367,0.32
2026,5,29,34,-0.302,-0.246,-0.502,-0.429,-0.234,-0.419,-0.443,-0.256,-0.237,-0.322,-0.35,-0.473,0.0309
2026,5,29,35,-0.31,0.229,-0.36,-0.293,-0.297,-0.592,-0.458,-0.46,-0.46,-0.285,-0.249,-0.328,0.187
2026,5,29,36,-0.26,-0.141,-0.171,-0.33,-0.0999,-0.35,-0.271,-0.282,-0.283,-0.204,-0.269,-0.325,0.185
2026,5,29,37,-0.166,-0.0593,-0.447,-0.0845,-0.261,-0.351,-0.137,-0.193,-0.201,-0.188,-0.165,-0.267,0.64
2026,5,29,38,-0.251,-0.245,-0.376,-0.372,-0.344,-0.213,-0.189,-0.271,-0.282,-0.215,-0.249,-0.32,0.103
2026,5,29,39,-0.273,0.201,-0.297,-0.43,-0.0741,-0.501,-0.431,-0.346,-0.333,-0.169,-0.248,-0.33,0.297
2026,5,29,40,-0.307,-0.348,-0.482,-0.313,-0.358,-0.383,-0.413,-0.362,-0.356,-0.248,-0.27,-0.334,0.168
2026,5,29,41,-0.262,-0.159,-0.324,-0.373,-0.367,-0.505,-0.416,-0.493,-0.499,-0.335,-0.159,-0.17,0.307
2026,5,29,42,-0.388,-0.383,-0.512,-0.475,-0.244,-0.421,-0.43,-0.418,-0.417,-0.291,-0.388,-0.465,-0.00797
2026,5,29,43,-0.229,-0.335,-0.339,-0.302,-0.154,-0.278,-0.24,-0.237,-0.237,-0.186,-0.231,-0.338,0.411
2026,5,29,44,-0.313,-0.336,-0.367,-0.304,-0.285,-0.509,-0.559,-0.459,-0.438,-0.258,-0.251,-0.334,0.161
2026,5,29,45,0.0408,0.101,-0.0872,0.3,-0.0921,-0.314,-0.21,-0.0997,-0.0843,0.206,0.127,0.0342,0.381
2026,5,29,46,-0.342,-0.173,-0.372,-0.405,-0.434,-0.511,-0.32,-0.387,-0.395,-0.255,-0.323,-0.384,-0.189
2026,5,29,47,-0.225,-0.325,-0.254,-0.214,-0.37,-0.446,-0.333,-0.24,-0.228,-0.156,-0.244,-0.381,0.0534
2026,5,29,48,0.0491,0.657,-0.207,0.205,0.225,0.0995,0.0136,-0.113,-0.129,0.0543,0.205,0.2,0.683
2026,5,29,49,0.505,0.39,-0.00763,-0.061,0.276,-0.559,0.0122,0.066,0.0745,0.538,0.712,0.734,1.15
2026,5,29,50,-0.033,0.33,-0.314,-0.226,0.266,-0.364,-0.0256,-0.186,-0.204,-0.0426,0.0461,0.0217,0.6
2026,5,29,51,-0.389,-0.224,-0.727,-0.399,-0.352,-0.424,-0.458,-0.378,-0.364,-0.386,-0.403,-0.461,-0.167
2026,5,29,52,-0.377,-0.181,-0.393,-0.378,-0.468,-0.453,-0.214,-0.347,-0.367,-0.448,-0.397,-0.441,-0.0655
2026,5,29,53,-0.191,-0.0565,-0.401,-0.295,-0.019,-0.423,-0.241,-0.374,-0.389,-0.0737,-0.0994,-0.24,0.642
2026,6,5,1,-0.215,-0.171,-0.351,-0.417,-0.182,-0.251,-0.0538,-0.145,-0.155,-0.109,-0.252,-0.366,0.12
2026,6,5,2,0.147,-0.139,0.323,-0.054,0.205,0.327,1.18,0.308,0.236,0.149,0.0859,-0.025,0.804
2026,6,5,3,-0.126,-0.162,-0.141,-0.284,-0.0588,-0.115,0.0275,-0.163,-0.181,-0.13,-0.128,-0.189,0.356
2026,6,5,4,-0.112,-0.0976,-0.123,-0.363,0.0853,-0.354,-0.19,-0.157,-0.153,0.0262,-0.101,-0.228,0.534
2026,6,5,5,-0.151,0.0125,-0.409,-0.275,-0.0606,-0.508,-0.44,-0.265,-0.24,-0.114,-0.113,-0.185,0.408
2026,6,5,6,-0.325,-0.415,-0.41,-0.465,-0.294,-0.383,-0.225,-0.288,-0.296,-0.241,-0.359,-0.468,-0.00368
2026,6,5,7,-0.124,0.0437,-0.247,-0.329,0.0948,-0.29,-0.29,-0.22,-0.213,-0.0363,-0.096,-0.181,0.684
2026,6,5,8,-0.257,-0.149,-0.476,-0.377,-0.261,-0.4,-0.268,-0.223,-0.217,-0.236,-0.31,-0.411,0.0112
2026,6,5,9,-0.23,0.0504,-0.269,-0.444,-0.253,-0.186,0.0169,-0.299,-0.333,-0.216,-0.221,-0.283,0.25
2026,6,5,10,-0.014,0.161,-0.0414,-0.194,0.169,-0.447,-0.253,-0.146,-0.132,0.115,0.0511,-0.0998,1.02
2026,6,5,11,-0.146,-0.0141,-0.379,-0.291,-0.00615,-0.411,-0.36,-0.246,-0.226,0.0766,-0.0965,-0.273,0.627
2026,6,5,12,-0.202,-0.0359,-0.167,-0.419,-0.176,-0.468,-0.288,-0.334,-0.339,-0.226,-0.179,-0.24,0.47
2026,6,5,13,-0.169,-0.205,-0.504,-0.177,-0.169,-0.425,-0.201,-0.162,-0.157,-0.0488,-0.179,-0.283,0.272
2026,6,5,14,-0.363,-0.283,-0.453,-0.53,-0.259,-0.177,-0.136,-0.299,-0.316,-0.304,-0.395,-0.482,-0.121
2026,6,5,15,-0.0865,0.072,-0.00276,-0.233,-0.0274,-0.223,-0.289,-0.109,-0.0897,-0.0284,-0.0876,-0.159,0.324
2026,6,5,16,0.0453,0.285,-0.0081,-0.133,-0.0152,-0.367,-0.341,-0.175,-0.15,0.0953,0.112,0.0573,0.765
2026,6,5,17,-0.227,-0.218,-0.285,-0.356,-0.0849,-0.476,-0.284,-0.22,-0.212,-0.0234,-0.235,-0.359,0.697
2026,6,5,18,0.0336,0.47,0.0117,-0.13,0.123,-0.3,-0.251,-0.164,-0.154,-0.0551,0.112,0.127,0.584
2026,6,5,19,-0.124,-0.12,-0.13,-0.442,0.196,-0.0895,-0.215,-0.131,-0.121,-0.123,-0.131,-0.249,0.738
2026,6,5,20,-0.247,-0.0534,-0.508,-0.286,-0.241,-0.539,-0.542,-0.329,-0.309,-0.153,-0.212,-0.309,0.176
2026,6,5,21,-0.463,-0.213,-0.522,-0.595,-0.529,-0.331,-0.266,-0.473,-0.495,-0.484,-0.471,-0.512,-0.083
2026,6,5,22,-0.0505,0.143,-0.59,-0.143,-0.0511,-0.337,-0.0325,-0.0868,-0.0939,0.0977,-0.0232,-0.199,0.468
2026,6,5,23,-0.178,-0.26,-0.223,-0.366,0.0728,-0.438,-0.194,-0.239,-0.243,-0.108,-0.172,-0.274,0.228
2026,6,5,24,-0.246,-0.312,-0.47,-0.483,0.0784,-0.203,0.0407,-0.195,-0.221,-0.139,-0.266,-0.41,0.343
2026,6,5,25,0.0602,0.0795,0.287,-0.0694,0.144,-0.0331,-0.0931,-0.118,-0.121,0.0668,0.0663,0.00888,0.475
2026,6,5,26,0.0992,0.38,0.19,0.000692,0.0359,-0.323,-0.356,-0.128,-0.0986,0.127,0.198,0.169,0.632
2026,6,5,27,-0.148,-0.00143,-0.404,-0.308,0.103,-0.364,-0.445,-0.288,-0.271,0.0282,-0.0679,-0.153,0.162
2026,6,5,28,-0.28,0.0153,-0.266,-0.47,-0.152,-0.451,-0.461,-0.353,-0.338,-0.283,-0.262,-0.301,0.187
2026,6,5,29,-0.0528,0.175,0.139,-0.282,0.128,-0.0584,0.0516,0.06,0.0611,-0.00176,-0.0761,-0.144,0.289
2026,6,5,30,-0.0873,0.183,0.147,-0.182,-0.33,-0.32,-0.298,-0.238,-0.231,-0.0897,-0.0353,-0.0842,0.646
2026,6,5,31,-0.207,-0.329,-0.414,-0.362,0.0816,-0.317,-0.302,-0.206,-0.194,-0.0749,-0.223,-0.349,0.248
2026,6,5,32,-0.00411,-0.164,0.008,-0.149,-0.0226,-0.0702,-0.102,-0.0559,-0.0504,0.264,0.012,-0.153,0.177
2026,6,5,33,-0.0163,0.238,-0.468,-0.102,0.144,-0.537,-0.316,-0.202,-0.185,-0.0135,0.0508,-0.022,0.444
2026,6,5,34,-0.13,-0.0251,-0.548,-0.255,-0.0894,-0.468,-0.376,-0.231,-0.216,-0.0329,-0.0998,-0.228,0.216
2026,6,5,35,-0.109,0.113,-0.219,-0.194,-0.118,-0.393,-0.141,-0.263,-0.276,-0.0619,-0.0627,-0.112,0.158
2026,6,5,36,-0.136,-0.11,-0.00974,-0.253,0.0924,-0.189,-0.122,-0.15,-0.154,0.0116,-0.142,-0.232,0.423
2026,6,5,37,0.157,0.31,-0.213,0.0962,0.0688,-0.0481,0.0517,0.148,0.162,0.191,0.144,-0.000282,0.98
2026,6,5,38,-0.0593,0.0425,-0.304,-0.197,-0.0275,-0.097,-0.121,-0.142,-0.145,0.0381,-0.0247,-0.135,0.492
2026,6,5,39,-0.0851,0.13,-0.0633,-0.282,0.181,-0.3,-0.407,-0.234,-0.208,0.0836,-0.0294,-0.132,0.601
2026,6,5,40,-0.0639,-0.243,-0.246,-0.248,0.165,-0.284,-0.353,-0.135,-0.108,-0.0573,-0.0476,-0.119,0.592
2026,6,5,41,-0.196,-0.253,-0.0509,-0.303,-0.265,-0.418,-0.209,-0.37,-0.384,-0.132,-0.117,-0.183,0.282
2026,6,5,42,-0.167,-0.125,-0.44,-0.272,0.162,-0.162,-0.332,-0.207,-0.193,-0.12,-0.177,-0.273,0.531
2026,6,5,43,0.0399,0.11,-0.239,-0.0295,0.232,-0.0434,0.102,-0.0314,-0.0477,0.115,0.0575,-0.0723,0.817
2026,6,5,44,-0.193,-0.438,-0.15,-0.246,-0.142,-0.426,-0.617,-0.343,-0.284,-0.173,-0.139,-0.229,0.38
2026,6,5,45,0.276,0.642,-0.114,0.637,-0.000912,-0.26,0.481,0.198,0.159,0.338,0.284,0.135,0.971
2026,6,5,46,-0.0851,0.0276,-0.106,-0.188,-0.0721,-0.258,-0.0496,-0.147,-0.158,-0.0681,-0.0575,-0.128,0.359
2026,6,5,47,-0.0497,-0.0184,-0.212,0.0547,-0.0183,-0.161,-0.312,-0.141,-0.12,0.134,-0.0283,-0.197,0.229
2026,6,5,48,0.329,0.281,-0.0148,0.515,0.654,0.129,0.0354,0.00594,0.00212,0.508,0.561,0.532,0.869
2026,6,5,49,0.793,0.264,0.206,0.333,0.221,-0.263,0.171,0.333,0.359,0.821,0.989,1.07,1.04
2026,6,5,50,0.182,0.286,-0.239,-0.0755,0.427,-0.118,-0.00511,0.0373,0.0422,0.102,0.23,0.24,0.671
2026,6,5,51,-0.179,-0.265,-0.602,-0.0967,-0.153,-0.0138,-0.277,-0.14,-0.116,-0.172,-0.214,-0.332,0.249
2026,6,5,52,-0.142,-0.299,-0.283,-0.136,-0.177,-0.346,-0.194,-0.224,-0.229,-0.103,-0.149,-0.204,0.0116
2026,6,5,53,0.0434,0.154,0.0858,-0.0387,0.212,-0.391,-0.414,-0.136,-0.105,0.359,0.161,-0.0539,0.687
2026,6,12,1,-0.249,-0.2,-0.489,-0.453,-0.161,-0.233,-0.11,-0.189,-0.198,-0.137,-0.283,-0.389,0.0272
2026,6,12,2,0.0817,-0.0584,0.208,-0.136,0.0381,0.214,1.24,0.377,0.307,0.162,-0.00599,-0.112,0.457
2026,6,12,3,-0.177,-0.191,-0.272,-0.32,-0.136,-0.133,0.176,-0.167,-0.199,-0.218,-0.197,-0.23,0.12
2026,6,12,4,-0.163,-0.197,-0.134,-0.414,-0.0824,-0.355,-0.0723,-0.136,-0.143,-0.0853,-0.185,-0.299,0.426
2026,6,12,5,-0.22,-0.0522,-0.419,-0.353,-0.185,-0.542,-0.408,-0.332,-0.322,-0.155,-0.176,-0.252,0.295
2026,6,12,6,-0.359,-0.407,-0.453,-0.557,-0.292,-0.282,-0.099,-0.266,-0.288,-0.32,-0.415,-0.511,-0.0814
2026,6,12,7,-0.166,-0.00659,-0.22,-0.408,0.0645,-0.341,-0.185,-0.226,-0.23,-0.119,-0.153,-0.225,0.573
2026,6,12,8,-0.306,-0.142,-0.463,-0.501,-0.302,-0.42,-0.184,-0.244,-0.252,-0.276,-0.379,-0.442,-0.341
2026,6,12,9,-0.304,0.112,-0.323,-0.502,-0.305,-0.2,-0.0814,-0.304,-0.328,-0.278,-0.315,-0.38,0.0857
2026,6,12,10,-0.0851,0.166,-0.294,-0.296,0.0259,-0.345,-0.0987,-0.138,-0.143,0.00925,-0.0606,-0.2,0.78
2026,6,12,11,-0.236,-0.183,-0.453,-0.419,-0.181,-0.456,-0.24,-0.257,-0.26,-0.0926,-0.226,-0.356,0.28
2026,6,12,12,-0.286,-0.0921,-0.366,-0.463,-0.371,-0.451,-0.306,-0.365,-0.371,-0.286,-0.272,-0.304,0.0414
2026,6,12,13,-0.235,-0.281,-0.521,-0.383,-0.202,-0.361,-0.35,-0.159,-0.135,-0.127,-0.277,-0.376,0.0791
2026,6,12,14,-0.392,-0.333,-0.35,-0.576,-0.305,-0.447,-0.086,-0.308,-0.33,-0.313,-0.425,-0.478,-0.353
2026,6,12,15,-0.111,0.000775,-0.0712,-0.262,-0.0555,-0.313,-0.239,-0.116,-0.102,-0.0632,-0.141,-0.2,0.0943
2026,6,12,16,-0.0241,0.168,-0.0794,-0.176,-0.0749,-0.477,-0.313,-0.213,-0.198,0.0324,0.0257,-0.0232,0.533
2026,6,12,17,-0.284,-0.0461,-0.312,-0.456,-0.19,-0.45,-0.372,-0.235,-0.219,-0.177,-0.31,-0.393,0.353
2026,6,12,18,-0.0646,0.525,-0.0425,-0.275,-0.0701,-0.409,-0.398,-0.204,-0.183,-0.124,-0.0107,0.000302,0.306
2026,6,12,19,-0.22,-0.157,-0.188,-0.487,-0.0922,-0.379,-0.0206,-0.181,-0.199,-0.165,-0.252,-0.369,0.314
2026,6,12,20,-0.33,0.0321,-0.621,-0.401,-0.384,-0.539,-0.352,-0.306,-0.302,-0.266,-0.34,-0.407,-0.179
2026,6,12,21,-0.492,-0.256,-0.615,-0.613,-0.501,-0.402,-0.329,-0.494,-0.511,-0.517,-0.498,-0.532,-0.161
2026,6,12,22,-0.13,0.0204,-0.493,-0.151,-0.277,-0.337,-0.177,-0.0157,0.00514,-0.018,-0.191,-0.35,0.0542
2026,6,12,23,-0.189,0.0308,-0.115,-0.455,-0.0522,-0.421,-0.222,-0.23,-0.23,-0.0893,-0.196,-0.31,0.174
2026,6,12,24,-0.307,-0.297,-0.346,-0.516,-0.0653,-0.287,0.104,-0.258,-0.298,-0.179,-0.341,-0.452,-0.06
2026,6,12,25,-0.029,0.133,0.281,-0.181,-0.0638,-0.233,-0.189,-0.129,-0.123,-0.0244,-0.048,-0.0964,0.25
2026,6,12,26,-0.00579,0.221,0.223,-0.0976,-0.0299,-0.281,-0.331,-0.188,-0.17,0.0441,0.0708,0.0213,0.472
2026,6,12,27,-0.21,-0.237,-0.336,-0.405,0.176,-0.479,-0.144,-0.285,-0.3,-0.0616,-0.165,-0.238,-0.0383
2026,6,12,28,-0.323,-0.0336,-0.338,-0.492,-0.279,-0.461,-0.419,-0.39,-0.386,-0.248,-0.302,-0.365,0.111
2026,6,12,29,-0.0476,0.195,0.287,-0.254,0.203,-0.0649,0.108,-0.0387,-0.057,-0.0323,-0.0536,-0.109,0.307
2026,6,12,30,-0.0672,0.17,0.0308,-0.188,-0.23,-0.26,-0.196,-0.184,-0.182,-0.0386,-0.0233,-0.077,0.54
2026,6,12,31,-0.225,-0.298,-0.189,-0.409,-0.139,-0.217,-0.262,-0.19,-0.182,-0.155,-0.246,-0.3,-0.138
2026,6,12,32,-0.0942,-0.0455,-0.176,-0.186,-0.21,-0.301,0.182,-0.198,-0.244,0.134,-0.0649,-0.215,0.155
2026,6,12,33,-0.128,0.461,-0.261,-0.291,-0.21,-0.498,-0.209,-0.285,-0.296,-0.0154,-0.0578,-0.0896,-0.0371
2026,6,12,34,-0.124,-0.286,-0.602,-0.431,0.088,-0.387,0.097,-0.205,-0.237,0.0848,-0.0889,-0.362,0.519
2026,6,12,35,-0.206,0.132,-0.249,-0.393,-0.104,-0.452,-0.373,-0.295,-0.287,-0.119,-0.183,-0.249,-0.01
2026,6,12,36,-0.186,-0.147,-0.107,-0.336,0.0524,-0.354,-0.353,-0.209,-0.191,-0.0712,-0.192,-0.261,0.221
2026,6,12,37,-0.00625,0.143,-0.218,-0.173,-0.0899,-0.257,-0.254,-0.00428,0.032,0.131,-0.00855,-0.115,0.212
2026,6,12,38,-0.144,-0.0746,-0.289,-0.304,-0.196,-0.283,-0.124,-0.175,-0.182,-0.0572,-0.14,-0.242,0.258
2026,6,12,39,-0.155,0.13,-0.0914,-0.326,0.00921,-0.522,-0.416,-0.247,-0.221,-0.0124,-0.128,-0.207,0.248
2026,6,12,40,-0.161,-0.0696,-0.267,-0.295,-0.105,-0.299,0.102,-0.21,-0.248,-0.141,-0.15,-0.206,0.282
2026,6,12,41,-0.26,-0.219,-0.303,-0.408,-0.308,-0.382,-0.253,-0.418,-0.432,-0.293,-0.195,-0.204,0.0758
2026,6,12,42,-0.187,-0.244,-0.284,-0.374,0.0609,-0.137,-0.0244,-0.19,-0.209,-0.126,-0.212,-0.317,0.464
2026,6,12,43,-0.0771,-0.0709,-0.252,-0.284,0.0712,-0.186,0.024,-0.0809,-0.0937,0.0135,-0.0926,-0.207,0.389
2026,6,12,44,-0.231,-0.166,-0.367,-0.252,-0.253,-0.593,-0.536,-0.357,-0.318,-0.146,-0.192,-0.256,-0.00744
2026,6,12,45,0.107,0.817,-0.181,0.156,-0.121,-0.422,-0.21,-0.0393,-0.0155,0.3,0.181,0.0462,0.54
2026,6,12,46,-0.159,0.0361,-0.187,-0.22,-0.34,-0.305,-0.194,-0.153,-0.148,-0.0792,-0.167,-0.253,0.0419
2026,6,12,47,-0.198,-0.423,-0.316,-0.226,-0.374,-0.131,-0.161,-0.249,-0.259,-0.0893,-0.188,-0.343,0.145
2026,6,12,48,0.161,0.547,0.193,0.3,0.29,-0.179,0.101,-0.128,-0.158,0.283,0.378,0.4,0.548
2026,6,12,49,0.703,0.308,0.374,0.136,0.175,-0.441,0.061,0.395,0.448,0.462,0.834,1.05,0.638
2026,6,12,50,0.121,0.438,-0.11,-0.203,0.372,-0.134,-0.0187,-0.0122,-0.0114,0.0473,0.175,0.168,0.742
2026,6,12,51,-0.294,-0.286,-0.52,-0.242,-0.264,-0.456,-0.157,-0.288,-0.311,-0.204,-0.306,-0.417,-0.0702
2026,6,12,52,-0.227,-0.272,-0.334,-0.288,-0.318,-0.19,-0.173,-0.241,-0.251,-0.164,-0.259,-0.321,-0.184
2026,6,12,53,-0.0503,0.0448,-0.234,-0.195,-0.0163,0.0243,0.0575,-0.0941,-0.111,0.111,-0.0463,-0.221,0.395
2026,6,19,1,-0.294,-0.223,-0.482,-0.475,-0.211,-0.356,-0.069,-0.229,-0.248,-0.172,-0.328,-0.423,-0.117
2026,6,19,2,0.0371,-0.175,0.186,-0.122,0.0354,0.159,0.907,0.189,0.13,0.0786,-0.0201,-0.113,0.49
2026,6,19,3,-0.194,-0.182,-0.262,-0.353,-0.159,-0.167,0.19,-0.185,-0.22,-0.212,-0.212,-0.258,0.146
2026,6,19,4,-0.213,-0.233,-0.173,-0.425,-0.187,-0.296,-0.0179,-0.165,-0.18,-0.128,-0.246,-0.344,0.17
2026,6,19,5,-0.283,-0.095,-0.49,-0.447,-0.193,-0.576,-0.428,-0.329,-0.314,-0.256,-0.276,-0.335,0.0775
2026,6,19,6,-0.436,-0.472,-0.448,-0.576,-0.447,-0.304,-0.149,-0.369,-0.398,-0.429,-0.483,-0.536,-0.304
2026,6,19,7,-0.231,-0.18,-0.271,-0.427,-0.0458,-0.306,-0.232,-0.318,-0.327,-0.179,-0.201,-0.256,0.374
2026,6,19,8,-0.349,-0.425,-0.438,-0.496,-0.28,-0.497,-0.224,-0.338,-0.354,-0.259,-0.368,-0.436,-0.328
2026,6,19,9,-0.315,-0.237,-0.318,-0.467,-0.287,-0.197,0.142,-0.273,-0.319,-0.326,-0.339,-0.387,-0.000378
2026,6,19,10,-0.144,0.124,-0.198,-0.368,0.0215,-0.518,-0.25,-0.263,-0.264,-0.0533,-0.0814,-0.172,0.543
2026,6,19,11,-0.289,-0.329,-0.465,-0.451,-0.0662,-0.473,-0.433,-0.331,-0.314,-0.154,-0.268,-0.401,0.335
2026,6,19,12,-0.312,-0.257,-0.266,-0.47,-0.345,-0.403,-0.302,-0.364,-0.371,-0.375,-0.308,-0.328,0.0317
2026,6,19,13,-0.247,-0.2,-0.49,-0.36,-0.201,-0.458,-0.303,-0.243,-0.235,-0.179,-0.26,-0.327,0.0443
2026,6,19,14,-0.454,-0.36,-0.462,-0.601,-0.391,-0.328,-0.111,-0.332,-0.354,-0.353,-0.493,-0.554,-0.427
2026,6,19,15,-0.157,0.205,-0.0336,-0.364,-0.13,-0.308,-0.349,-0.203,-0.188,-0.13,-0.159,-0.206,0.153
2026,6,19,16,-0.121,0.152,-0.159,-0.311,-0.145,-0.216,-0.216,-0.239,-0.242,-0.0497,-0.0876,-0.14,0.346
2026,6,19,17,-0.286,-0.25,-0.3,-0.47,-0.0593,-0.454,-0.149,-0.231,-0.24,-0.245,-0.324,-0.392,0.357
2026,6,19,18,-0.127,0.529,-0.118,-0.347,-0.15,-0.312,-0.237,-0.253,-0.254,-0.189,-0.0803,-0.0365,0.00784
2026,6,19,19,-0.264,-0.203,-0.152,-0.533,-0.0438,-0.289,-0.32,-0.301,-0.298,-0.182,-0.242,-0.359,0.432
2026,6,19,20,-0.352,-0.127,-0.677,-0.397,-0.384,-0.483,-0.24,-0.291,-0.295,-0.349,-0.384,-0.443,-0.148
2026,6,19,21,-0.556,-0.387,-0.59,-0.675,-0.54,-0.468,-0.446,-0.584,-0.598,-0.568,-0.555,-0.588,-0.231
2026,6,19,22,-0.118,0.156,-0.493,-0.361,-0.0566,-0.393,0.0542,-0.0223,-0.0322,-0.0774,-0.171,-0.342,0.379
2026,6,19,23,-0.218,0.0752,-0.0734,-0.423,-0.0721,-0.489,-0.25,-0.283,-0.287,-0.111,-0.213,-0.314,0.0998
2026,6,19,24,-0.356,-0.407,-0.396,-0.515,-0.183,-0.159,0.176,-0.32,-0.374,-0.222,-0.375,-0.487,-0.0647
2026,6,19,25,-0.0466,-0.0461,0.219,-0.155,0.0283,-0.195,-0.103,-0.14,-0.144,-0.144,-0.051,-0.0828,0.362
2026,6,19,26,-0.0806,0.166,0.067,-0.103,-0.0319,-0.378,-0.322,-0.27,-0.263,-0.137,0.0128,0.0386,0.389
2026,6,19,27,-0.22,-0.116,-0.514,-0.425,0.184,-0.118,-0.26,-0.249,-0.248,-0.0194,-0.216,-0.329,-0.139
2026,6,19,28,-0.328,-0.0866,-0.292,-0.463,-0.217,-0.418,-0.407,-0.396,-0.394,-0.37,-0.307,-0.344,0.283
2026,6,19,29,-0.184,0.179,-0.0314,-0.353,-0.00338,-0.343,-0.221,-0.147,-0.138,-0.185,-0.197,-0.247,0.144
2026,6,19,30,-0.204,0.306,-0.107,-0.304,-0.41,-0.358,-0.304,-0.268,-0.264,-0.223,-0.187,-0.214,0.208
2026,6,19,31,-0.328,-0.493,-0.297,-0.464,-0.0834,-0.313,-0.294,-0.325,-0.329,-0.32,-0.342,-0.377,-0.148
2026,6,19,32,-0.128,-0.00909,-0.36,-0.243,-0.217,-0.323,-0.0892,-0.177,-0.188,0.0105,-0.119,-0.214,0.0124
2026,6,19,33,-0.235,0.0571,-0.518,-0.381,-0.154,-0.467,-0.404,-0.344,-0.335,-0.213,-0.184,-0.189,-0.101
2026,6,19,34,-0.236,-0.176,-0.502,-0.413,-0.131,-0.605,-0.139,-0.235,-0.245,-0.181,-0.241,-0.373,0.105
2026,6,19,35,-0.253,0.0716,-0.354,-0.337,-0.237,-0.463,0.211,-0.296,-0.354,-0.251,-0.249,-0.292,-0.0527
2026,6,19,36,-0.21,-0.206,0.054,-0.345,-0.0537,-0.3,-0.228,-0.224,-0.224,-0.106,-0.212,-0.282,0.269
2026,6,19,37,-0.0361,0.108,-0.167,-0.168,-0.0437,-0.323,-0.371,-0.042,0.00589,-0.0527,-0.0367,-0.137,0.727
2026,6,19,38,-0.214,-0.233,-0.404,-0.348,-0.148,-0.456,-0.238,-0.3,-0.308,-0.17,-0.176,-0.235,0.2
2026,6,19,39,-0.183,0.135,-0.229,-0.346,-0.0404,-0.406,-0.335,-0.235,-0.22,-0.052,-0.173,-0.258,0.244
2026,6,19,40,-0.217,-0.0087,-0.328,-0.336,-0.285,-0.116,-0.281,-0.245,-0.241,-0.179,-0.205,-0.287,0.375
2026,6,19,41,-0.233,-0.29,-0.261,-0.336,-0.27,-0.453,-0.0518,-0.427,-0.459,-0.321,-0.133,-0.132,0.301
2026,6,19,42,-0.294,-0.201,-0.409,-0.445,-0.136,-0.371,-0.353,-0.338,-0.336,-0.237,-0.295,-0.353,0.0526
2026,6,19,43,-0.113,-0.268,-0.266,-0.313,0.34,-0.227,-0.126,-0.144,-0.146,0.00208,-0.116,-0.217,0.225
2026,6,19,44,-0.323,-0.54,-0.25,-0.318,-0.353,-0.421,-0.617,-0.398,-0.351,-0.281,-0.301,-0.369,-0.0273
2026,6,19,45,0.227,0.688,-0.302,0.761,0.072,-0.088,-0.193,-0.00302,0.0235,0.3,0.373,0.377,0.626
2026,6,19,46,-0.235,-0.137,-0.181,-0.336,-0.415,-0.45,-0.182,-0.206,-0.209,-0.224,-0.246,-0.262,-0.219
2026,6,19,47,0.0378,-0.436,-0.0674,-0.0842,0.223,-0.266,0.0108,-0.0138,-0.0168,0.123,0.0403,-0.127,0.45
2026,6,19,48,0.203,0.547,0.0889,0.387,0.67,-0.323,0.155,-0.0754,-0.105,0.229,0.428,0.458,0.869
2026,6,19,49,0.519,0.145,0.084,0.0486,0.35,-0.347,0.0366,0.161,0.181,0.358,0.697,0.821,1.01
2026,6,19,50,0.0241,0.29,-0.0876,-0.187,0.273,-0.247,-0.162,-0.124,-0.12,0.0339,0.0837,0.0711,0.386
2026,6,19,51,-0.286,-0.306,-0.611,-0.396,0.0805,-0.0375,-0.0843,-0.258,-0.288,-0.298,-0.314,-0.397,0.0557
2026,6,19,52,-0.258,-0.062,-0.444,-0.273,-0.391,-0.218,-0.0102,-0.221,-0.251,-0.203,-0.295,-0.344,-0.271
2026,6,19,53,-0.118,-0.119,-0.17,-0.216,-0.16,-0.365,-0.23,-0.176,-0.17,0.0369,-0.0627,-0.215,0.466
2026,6,26,1,-0.312,-0.281,-0.424,-0.481,-0.325,-0.323,-0.154,-0.261,-0.274,-0.213,-0.341,-0.435,-0.0648
2026,6,26,2,0.0434,-0.131,0.272,-0.191,0.1,0.177,1.0,0.249,0.188,0.0743,-0.0308,-0.129,0.504
2026,6,26,3,-0.175,-0.14,-0.19,-0.372,-0.119,-0.15,0.201,-0.117,-0.147,-0.216,-0.21,-0.254,0.153
2026,6,26,4,-0.171,-0.2,-0.112,-0.402,-0.11,-0.398,-0.178,-0.131,-0.126,-0.119,-0.203,-0.297,0.303
2026,6,26,5,-0.254,-0.0605,-0.407,-0.394,-0.239,-0.5,-0.353,-0.329,-0.326,-0.23,-0.235,-0.3,0.211
2026,6,26,6,-0.424,-0.405,-0.392,-0.55,-0.439,-0.308,-0.257,-0.371,-0.386,-0.424,-0.468,-0.514,-0.302
2026,6,26,7,-0.199,-0.0665,-0.317,-0.402,-0.0245,-0.361,-0.193,-0.246,-0.251,-0.154,-0.194,-0.255,0.377
2026,6,26,8,-0.301,-0.364,-0.517,-0.533,-0.135,-0.4,-0.329,-0.288,-0.283,-0.256,-0.338,-0.419,-0.139
2026,6,26,9,-0.31,-0.0226,-0.3,-0.488,-0.307,-0.217,-0.0407,-0.316,-0.346,-0.27,-0.32,-0.383,0.0298
2026,6,26,10,-0.121,0.0516,-0.294,-0.369,0.0594,-0.376,-0.239,-0.22,-0.217,-0.0137,-0.0877,-0.202,0.518
2026,6,26,11,-0.278,-0.0939,-0.494,-0.411,-0.184,-0.464,-0.422,-0.309,-0.29,-0.173,-0.266,-0.381,0.284
2026,6,26,12,-0.318,-0.135,-0.0767,-0.482,-0.419,-0.418,-0.385,-0.384,-0.383,-0.351,-0.317,-0.354,0.0853
2026,6,26,13,-0.276,-0.233,-0.59,-0.435,-0.13,-0.405,-0.222,-0.236,-0.238,-0.213,-0.304,-0.408,0.266
2026,6,26,14,-0.403,-0.414,-0.41,-0.585,-0.269,-0.232,-0.229,-0.304,-0.311,-0.411,-0.459,-0.534,-0.174
2026,6,26,15,-0.135,0.0968,-0.0182,-0.351,-0.161,-0.248,-0.00375,-0.122,-0.134,-0.104,-0.164,-0.243,0.321
2026,6,26,16,-0.13,0.268,-0.213,-0.321,-0.184,-0.252,-0.184,-0.18,-0.179,-0.0488,-0.13,-0.199,0.327
2026,6,26,17,-0.304,-0.238,-0.332,-0.481,-0.159,-0.437,-0.284,-0.249,-0.245,-0.225,-0.335,-0.408,0.279
2026,6,26,18,-0.103,0.61,0.0479,-0.285,-0.129,-0.293,-0.178,-0.194,-0.196,-0.209,-0.0828,-0.08,0.333
2026,6,26,19,-0.237,-0.0479,-0.272,-0.542,0.0563,-0.257,-0.17,-0.251,-0.26,-0.128,-0.232,-0.339,0.185
2026,6,26,20,-0.37,-0.0412,-0.665,-0.455,-0.382,-0.492,-0.162,-0.313,-0.327,-0.352,-0.41,-0.462,-0.289
2026,6,26,21,-0.524,-0.245,-0.522,-0.638,-0.587,-0.55,-0.377,-0.57,-0.591,-0.534,-0.529,-0.563,-0.214
2026,6,26,22,-0.176,0.497,-0.537,-0.318,-0.316,-0.337,-0.105,-0.0753,-0.0715,-0.143,-0.233,-0.377,0.202
2026,6,26,23,-0.269,-0.147,-0.423,-0.415,-0.149,-0.421,-0.194,-0.307,-0.318,-0.213,-0.274,-0.351,-0.00169
2026,6,26,24,-0.331,-0.398,-0.396,-0.5,-0.243,-0.187,-0.095,-0.295,-0.317,-0.249,-0.363,-0.461,-0.0264
2026,6,26,25,-0.0915,-0.0407,0.043,-0.214,-0.0768,-0.0973,-0.141,-0.151,-0.152,-0.091,-0.11,-0.178,0.334
2026,6,26,26,-0.0303,0.37,0.184,-0.0533,-0.138,-0.3,-0.222,-0.197,-0.194,-0.0608,0.0261,0.0348,0.282
2026,6,26,27,-0.268,-0.116,-0.395,-0.442,-0.117,-0.319,0.119,-0.244,-0.282,-0.19,-0.29,-0.387,-0.00295
2026,6,26,28,-0.359,-0.0499,-0.317,-0.478,-0.416,-0.515,-0.313,-0.403,-0.416,-0.357,-0.349,-0.391,0.0749
2026,6,26,29,-0.141,0.208,0.0491,-0.36,0.162,-0.193,-0.0798,-0.0917,-0.0932,-0.134,-0.17,-0.247,0.325
2026,6,26,30,-0.142,0.0739,-0.014,-0.218,-0.364,-0.309,-0.0165,-0.187,-0.209,-0.144,-0.14,-0.194,0.381
2026,6,26,31,-0.287,-0.393,-0.443,-0.436,-0.0906,-0.252,-0.116,-0.288,-0.308,-0.166,-0.292,-0.371,-0.113
2026,6,26,32,-0.126,-0.0909,-0.208,-0.258,-0.0756,-0.268,-0.04,-0.233,-0.256,0.045,-0.112,-0.215,-0.00963
2026,6,26,33,-0.188,0.0571,-0.399,-0.347,-0.206,-0.502,-0.173,-0.285,-0.301,-0.154,-0.152,-0.214,0.0712
2026,6,26,34,-0.255,-0.226,-0.439,-0.39,-0.169,-0.516,-0.19,-0.291,-0.301,-0.21,-0.25,-0.374,0.111
2026,6,26,35,-0.291,-0.0208,-0.291,-0.359,-0.246,-0.559,-0.451,-0.386,-0.378,-0.3,-0.271,-0.308,-0.0447
2026,6,26,36,-0.197,-0.133,-0.0717,-0.294,-0.0362,-0.298,-0.29,-0.187,-0.174,-0.117,-0.218,-0.3,0.426
2026,6,26,37,-0.0663,-0.0418,-0.218,-0.245,-0.0377,-0.373,-0.281,-0.0819,-0.053,-0.0548,-0.0863,-0.162,0.323
2026,6,26,38,-0.194,-0.184,-0.389,-0.319,-0.113,-0.256,-0.199,-0.252,-0.259,-0.145,-0.169,-0.226,0.121
2026,6,26,39,-0.117,0.173,0.0323,-0.325,0.0412,-0.173,-0.258,-0.151,-0.134,0.0305,-0.131,-0.229,0.281
2026,6,26,40,-0.164,0.0696,-0.344,-0.284,-0.193,-0.101,0.138,-0.18,-0.22,-0.0883,-0.176,-0.246,0.0336
2026,6,26,41,-0.264,-0.187,-0.0785,-0.329,-0.341,-0.551,-0.435,-0.438,-0.438,-0.201,-0.187,-0.215,-0.00632
2026,6,26,42,-0.269,-0.253,-0.471,-0.372,-0.195,-0.206,-0.184,-0.248,-0.255,-0.202,-0.294,-0.367,0.059
2026,6,26,43,-0.0328,-0.185,-0.146,-0.239,0.42,-0.251,0.0419,-0.0777,-0.0923,0.0396,-0.0321,-0.114,0.329
2026,6,26,44,-0.256,-0.302,-0.15,-0.118,-0.307,-0.627,-0.571,-0.412,-0.378,-0.219,-0.201,-0.256,0.112
2026,6,26,45,0.111,0.413,-0.168,0.238,0.0392,-0.521,0.0206,-0.0655,-0.0775,0.35,0.172,0.0198,0.41
2026,6,26,46,-0.241,-0.145,-0.138,-0.3,-0.375,-0.317,-0.188,-0.211,-0.214,-0.239,-0.256,-0.298,-0.0808
2026,6,26,47,-0.0886,-0.00613,-0.0674,-0.185,-0.0989,-0.536,0.312,-0.111,-0.161,0.00883,-0.105,-0.282,0.275
2026,6,26,48,0.0828,0.51,0.17,0.107,0.173,-0.0647,0.21,-0.1,-0.141,0.13,0.215,0.25,0.294
2026,6,26,49,0.407,0.308,0.397,0.076,0.19,-0.263,0.159,0.161,0.162,0.371,0.485,0.538,0.512
2026,6,26,50,0.0752,0.445,-0.0775,-0.22,0.293,-0.247,-0.114,-0.0398,-0.0312,0.0702,0.112,0.0697,0.622
2026,6,26,51,-0.307,-0.204,-0.602,-0.401,-0.122,-0.456,-0.301,-0.297,-0.296,-0.263,-0.35,-0.444,-0.148
2026,6,26,52,-0.234,-0.202,-0.199,-0.195,-0.475,-0.24,-0.204,-0.214,-0.216,-0.243,-0.254,-0.309,-0.0193
2026,6,26,53,-0.0654,0.349,-0.17,-0.202,-0.139,-0.125,0.023,-0.172,-0.194,0.0876,-0.0349,-0.185,0.395
2026,7,3,1,-0.392,-0.337,-0.5,-0.546,-0.309,-0.427,-0.229,-0.35,-0.364,-0.338,-0.424,-0.511,-0.0765
2026,7,3,2,-0.0192,-0.28,0.204,-0.2,0.0483,-0.0253,0.534,0.0925,0.0563,-0.0419,-0.064,-0.158,0.614
2026,7,3,3,-0.194,-0.223,-0.245,-0.379,-0.18,-0.173,0.0771,-0.216,-0.243,-0.284,-0.197,-0.219,0.2
2026,7,3,4,-0.253,-0.296,-0.275,-0.466,-0.107,-0.462,-0.224,-0.248,-0.251,-0.136,-0.27,-0.388,0.256
2026,7,3,5,-0.289,-0.149,-0.458,-0.414,-0.271,-0.562,-0.493,-0.386,-0.371,-0.248,-0.25,-0.308,0.16
2026,7,3,6,-0.412,-0.486,-0.425,-0.552,-0.279,-0.457,-0.349,-0.388,-0.393,-0.364,-0.455,-0.546,-0.14
2026,7,3,7,-0.287,-0.226,-0.339,-0.488,-0.0948,-0.418,-0.337,-0.321,-0.319,-0.252,-0.283,-0.352,0.429
2026,7,3,8,-0.36,-0.395,-0.47,-0.493,-0.324,-0.489,-0.309,-0.309,-0.309,-0.317,-0.407,-0.501,-0.166
2026,7,3,9,-0.368,-0.189,-0.394,-0.557,-0.3,-0.291,-0.19,-0.376,-0.396,-0.296,-0.378,-0.456,0.00415
2026,7,3,10,-0.163,-0.0329,-0.279,-0.422,-0.0265,-0.344,-0.178,-0.21,-0.214,-0.0506,-0.145,-0.244,0.235
2026,7,3,11,-0.298,-0.188,-0.586,-0.47,-0.0977,-0.526,-0.436,-0.338,-0.322,-0.19,-0.279,-0.401,0.342
2026,7,3,12,-0.331,-0.258,-0.471,-0.473,-0.298,-0.523,-0.269,-0.395,-0.409,-0.407,-0.324,-0.347,0.0788
2026,7,3,13,-0.326,-0.41,-0.595,-0.44,-0.338,-0.399,-0.334,-0.212,-0.197,-0.264,-0.379,-0.464,-0.0348
2026,7,3,14,-0.444,-0.399,-0.43,-0.603,-0.302,-0.375,-0.329,-0.383,-0.389,-0.397,-0.477,-0.552,-0.24
2026,7,3,15,-0.179,0.0875,-0.115,-0.366,-0.221,-0.245,-0.174,-0.186,-0.187,-0.165,-0.198,-0.256,0.204
2026,7,3,16,-0.216,-0.0624,-0.265,-0.388,-0.262,-0.439,-0.382,-0.289,-0.275,-0.134,-0.203,-0.271,0.302
2026,7,3,17,-0.341,-0.289,-0.315,-0.549,-0.181,-0.444,-0.16,-0.232,-0.24,-0.253,-0.391,-0.476,0.267
2026,7,3,18,-0.143,0.249,-0.00632,-0.329,-0.161,-0.386,-0.347,-0.283,-0.276,-0.215,-0.0903,-0.0655,0.176
2026,7,3,19,-0.21,-0.281,-0.13,-0.462,-0.00375,-0.325,-0.297,-0.223,-0.215,-0.14,-0.213,-0.334,0.432
2026,7,3,20,-0.365,-0.218,-0.69,-0.441,-0.424,-0.37,-0.162,-0.297,-0.309,-0.33,-0.405,-0.487,-0.158
2026,7,3,21,-0.572,-0.341,-0.539,-0.681,-0.638,-0.539,-0.301,-0.598,-0.629,-0.614,-0.58,-0.616,-0.194
2026,7,3,22,-0.134,0.17,-0.406,-0.236,-0.234,-0.511,-0.0325,-0.0918,-0.0995,-0.149,-0.17,-0.258,0.202
2026,7,3,23,-0.17,0.021,-0.115,-0.287,-0.123,-0.427,-0.194,-0.222,-0.225,-0.107,-0.18,-0.303,0.31
2026,7,3,24,-0.378,-0.417,-0.419,-0.54,-0.199,-0.287,-0.149,-0.373,-0.397,-0.234,-0.383,-0.499,-0.0264
2026,7,3,25,-0.122,-0.0755,0.186,-0.281,-0.103,-0.237,-0.189,-0.19,-0.191,-0.165,-0.127,-0.172,0.276
2026,7,3,26,0.000252,0.181,0.352,-0.0685,0.0519,-0.456,-0.339,-0.187,-0.168,-0.0741,0.0807,0.075,0.668
2026,7,3,27,-0.284,-0.3,-0.378,-0.443,-0.187,-0.483,-0.299,-0.302,-0.302,-0.165,-0.285,-0.39,-0.00885
2026,7,3,28,-0.362,-0.0703,-0.33,-0.492,-0.418,-0.362,-0.289,-0.425,-0.444,-0.354,-0.341,-0.377,0.0589
2026,7,3,29,-0.198,0.112,0.0298,-0.371,-0.149,-0.372,-0.211,-0.145,-0.136,-0.17,-0.224,-0.286,0.128
2026,7,3,30,-0.16,0.0512,0.184,-0.345,-0.363,-0.266,-0.106,-0.268,-0.288,-0.165,-0.133,-0.18,0.444
2026,7,3,31,-0.344,-0.396,-0.372,-0.489,-0.195,-0.474,-0.408,-0.323,-0.313,-0.305,-0.365,-0.422,-0.123
2026,7,3,32,-0.0627,-0.255,0.064,-0.129,-0.164,-0.323,-0.237,-0.125,-0.112,0.0154,-0.0477,-0.138,0.21
2026,7,3,33,-0.237,0.0624,-0.405,-0.325,-0.197,-0.59,-0.218,-0.325,-0.34,-0.225,-0.205,-0.248,-0.013
2026,7,3,34,-0.281,-0.357,-0.502,-0.438,-0.243,-0.524,-0.392,-0.305,-0.296,-0.224,-0.294,-0.46,0.148
2026,7,3,35,-0.251,0.0624,-0.252,-0.332,-0.159,-0.437,-0.296,-0.325,-0.329,-0.257,-0.233,-0.291,0.0807
2026,7,3,36,-0.241,-0.306,-0.111,-0.337,-0.0911,-0.312,-0.257,-0.238,-0.236,-0.18,-0.261,-0.33,0.3
2026,7,3,37,-0.0268,0.0901,-0.155,-0.158,-0.229,-0.202,-0.191,-0.0146,0.0111,-0.0631,-0.0454,-0.101,0.41
2026,7,3,38,-0.167,-0.218,-0.319,-0.269,-0.177,-0.278,-0.251,-0.229,-0.226,-0.0392,-0.134,-0.24,0.242
2026,7,3,39,-0.186,0.0996,-0.136,-0.404,-0.0437,-0.418,-0.407,-0.243,-0.218,-0.114,-0.174,-0.247,0.354
2026,7,3,40,-0.219,-0.226,-0.226,-0.318,-0.244,-0.261,-0.281,-0.232,-0.226,-0.208,-0.216,-0.31,0.54
2026,7,3,41,-0.253,-0.311,-0.334,-0.316,-0.355,-0.477,-0.24,-0.464,-0.483,-0.316,-0.165,-0.137,0.0379
2026,7,3,42,-0.306,-0.286,-0.409,-0.405,-0.216,-0.267,-0.276,-0.292,-0.294,-0.263,-0.331,-0.401,0.0845
2026,7,3,43,-0.0602,-0.201,-0.262,-0.231,0.22,-0.244,-0.0898,-0.0822,-0.0813,0.05,-0.0608,-0.212,0.671
2026,7,3,44,-0.32,-0.404,-0.183,-0.38,-0.51,-0.494,-0.525,-0.369,-0.336,-0.3,-0.307,-0.395,0.102
2026,7,3,45,0.261,0.872,0.0336,0.35,0.2,-0.305,-0.128,0.0937,0.124,0.327,0.32,0.2,1.01
2026,7,3,46,-0.248,-0.12,-0.19,-0.377,-0.321,-0.37,-0.302,-0.246,-0.239,-0.195,-0.258,-0.298,-0.231
2026,7,3,47,-0.196,-0.239,-0.275,-0.279,-0.216,-0.236,-0.204,-0.228,-0.231,-0.0304,-0.194,-0.316,-0.0992
2026,7,3,48,0.229,0.318,0.311,0.473,0.347,-0.274,0.504,-0.0166,-0.0841,0.291,0.405,0.428,0.632
2026,7,3,49,0.859,1.07,0.611,0.323,0.175,0.212,0.268,0.596,0.648,0.755,0.973,1.07,1.06
2026,7,3,50,0.0553,0.463,-0.1,-0.24,0.241,-0.0595,-0.0324,-0.0844,-0.0904,0.0379,0.114,0.113,0.436
2026,7,3,51,-0.339,-0.429,-0.437,-0.348,-0.264,-0.377,-0.41,-0.376,-0.371,-0.285,-0.331,-0.403,-0.109
2026,7,3,52,-0.262,-0.283,-0.263,-0.257,-0.452,-0.282,-0.163,-0.267,-0.282,-0.232,-0.266,-0.351,0.0629
2026,7,3,53,-0.11,0.0214,-0.25,-0.181,-0.0625,-0.339,-0.23,-0.205,-0.202,-0.0115,-0.0872,-0.227,0.457
2026,7,10,1,-0.333,-0.242,-0.416,-0.513,-0.246,-0.365,-0.324,-0.297,-0.294,-0.243,-0.359,-0.448,-0.0794
2026,7,10,2,-0.0629,-0.286,0.302,-0.246,-0.0808,-0.081,0.409,-0.0306,-0.0667,-0.119,-0.094,-0.157,0.445
2026,7,10,3,-0.253,-0.201,-0.26,-0.468,-0.0996,-0.229,0.0193,-0.209,-0.231,-0.251,-0.287,-0.353,0.129
2026,7,10,4,-0.238,-0.3,-0.185,-0.43,-0.157,-0.408,-0.218,-0.187,-0.184,-0.166,-0.27,-0.372,0.225
2026,7,10,5,-0.279,-0.126,-0.442,-0.428,-0.184,-0.61,-0.509,-0.373,-0.353,-0.229,-0.246,-0.303,0.103
2026,7,10,6,-0.423,-0.404,-0.513,-0.565,-0.436,-0.427,-0.225,-0.351,-0.367,-0.412,-0.468,-0.534,-0.211
2026,7,10,7,-0.224,-0.134,-0.28,-0.428,0.0362,-0.369,-0.251,-0.265,-0.266,-0.154,-0.218,-0.295,0.441
2026,7,10,8,-0.356,-0.215,-0.493,-0.531,-0.304,-0.445,-0.366,-0.354,-0.352,-0.32,-0.38,-0.46,-0.129
2026,7,10,9,-0.339,-0.111,-0.37,-0.494,-0.313,-0.342,-0.217,-0.324,-0.336,-0.337,-0.355,-0.403,-0.0215
2026,7,10,10,-0.105,0.161,-0.318,-0.285,0.0304,-0.325,-0.253,-0.183,-0.174,0.00132,-0.0758,-0.196,0.569
2026,7,10,11,-0.291,-0.113,-0.396,-0.447,-0.204,-0.488,-0.476,-0.34,-0.317,-0.164,-0.273,-0.395,0.262
2026,7,10,12,-0.414,-0.214,-0.536,-0.595,-0.301,-0.562,-0.436,-0.422,-0.421,-0.44,-0.421,-0.46,-0.0333
2026,7,10,13,-0.256,-0.314,-0.523,-0.476,0.129,-0.415,-0.319,-0.254,-0.245,-0.164,-0.264,-0.35,0.133
2026,7,10,14,-0.4,-0.202,-0.387,-0.547,-0.295,-0.331,0.0398,-0.322,-0.358,-0.35,-0.436,-0.501,-0.261
2026,7,10,15,-0.155,0.0875,-0.0866,-0.346,-0.073,-0.428,-0.239,-0.197,-0.192,-0.128,-0.155,-0.239,0.496
2026,7,10,16,-0.161,0.17,-0.276,-0.344,-0.127,-0.379,-0.321,-0.27,-0.262,-0.118,-0.127,-0.171,0.321
2026,7,10,17,-0.334,-0.24,-0.311,-0.515,-0.267,-0.452,-0.331,-0.27,-0.263,-0.207,-0.363,-0.439,0.103
2026,7,10,18,-0.151,0.567,-0.223,-0.384,-0.138,-0.273,-0.185,-0.28,-0.29,-0.152,-0.1,-0.123,0.227
2026,7,10,19,-0.249,-0.338,-0.199,-0.516,0.0113,-0.384,-0.297,-0.265,-0.262,-0.136,-0.246,-0.363,0.23
2026,7,10,20,-0.35,-0.0595,-0.693,-0.384,-0.351,-0.577,-0.441,-0.385,-0.38,-0.299,-0.347,-0.399,-0.19
2026,7,10,21,-0.565,-0.426,-0.564,-0.673,-0.605,-0.513,-0.439,-0.614,-0.632,-0.584,-0.571,-0.606,-0.235
2026,7,10,22,-0.227,0.129,-0.563,-0.253,-0.378,-0.558,-0.206,-0.209,-0.21,-0.196,-0.233,-0.28,-0.113
2026,7,10,23,-0.23,-0.305,-0.238,-0.349,-0.121,-0.483,-0.236,-0.237,-0.237,-0.13,-0.231,-0.338,0.11
2026,7,10,24,-0.365,-0.427,-0.431,-0.555,-0.124,-0.114,-0.0317,-0.345,-0.38,-0.298,-0.383,-0.476,0.00719
2026,7,10,25,-0.142,-0.0488,0.0339,-0.29,-0.0778,-0.192,-0.122,-0.211,-0.22,-0.225,-0.153,-0.195,0.293
2026,7,10,26,-0.0578,0.28,0.251,-0.113,-0.0958,-0.429,-0.49,-0.204,-0.166,-0.00583,0.0161,-0.0218,0.329
2026,7,10,27,-0.149,-0.179,-0.366,-0.398,0.429,-0.413,-0.163,-0.216,-0.221,0.0,-0.131,-0.253,0.215
2026,7,10,28,-0.335,0.052,-0.328,-0.491,-0.225,-0.488,-0.502,-0.413,-0.4,-0.379,-0.319,-0.352,0.215
2026,7,10,29,-0.162,0.346,-0.173,-0.382,-0.0659,-0.247,0.0423,-0.18,-0.208,-0.143,-0.17,-0.233,0.234
2026,7,10,30,-0.17,0.119,-0.0738,-0.272,-0.323,-0.394,-0.178,-0.317,-0.335,-0.195,-0.108,-0.143,0.579
2026,7,10,31,-0.283,-0.295,-0.368,-0.481,-0.193,-0.27,-0.375,-0.239,-0.222,-0.2,-0.308,-0.387,-0.0627
2026,7,10,32,-0.0672,0.0,-0.112,-0.12,-0.124,-0.532,-0.212,-0.185,-0.182,0.0548,-0.00665,-0.057,0.0784
2026,7,10,33,-0.235,0.0677,-0.599,-0.262,-0.263,-0.463,-0.209,-0.313,-0.329,-0.301,-0.196,-0.228,0.143
2026,7,10,34,-0.244,-0.367,-0.421,-0.411,-0.187,-0.315,-0.156,-0.278,-0.29,-0.212,-0.233,-0.371,0.222
2026,7,10,35,-0.269,0.0531,-0.34,-0.341,-0.16,-0.555,-0.394,-0.378,-0.376,-0.203,-0.236,-0.303,0.00334
2026,7,10,36,-0.197,-0.139,0.00797,-0.311,0.0162,-0.28,-0.415,-0.208,-0.182,-0.116,-0.209,-0.279,0.314
2026,7,10,37,-0.0143,0.108,-0.315,-0.118,-0.0758,-0.307,-0.2,-0.0431,-0.0203,0.0454,-0.032,-0.121,0.299
2026,7,10,38,-0.17,-0.116,-0.243,-0.34,-0.0754,-0.242,-0.189,-0.214,-0.218,-0.0692,-0.157,-0.26,0.219
2026,7,10,39,-0.151,0.124,-0.0577,-0.385,0.0669,-0.36,-0.33,-0.216,-0.199,0.0237,-0.14,-0.248,0.358
2026,7,10,40,-0.222,-0.165,-0.395,-0.327,-0.234,-0.383,-0.222,-0.269,-0.275,-0.179,-0.209,-0.271,0.178
2026,7,10,41,-0.411,-0.21,-0.444,-0.522,-0.348,-0.526,-0.473,-0.523,-0.527,-0.424,-0.367,-0.369,-0.223
2026,7,10,42,-0.27,-0.242,-0.494,-0.356,-0.0725,-0.451,-0.384,-0.311,-0.302,-0.213,-0.278,-0.355,0.225
2026,7,10,43,-0.114,-0.217,-0.281,-0.219,0.158,-0.108,-0.246,-0.137,-0.124,-0.0948,-0.122,-0.187,0.264
2026,7,10,44,-0.242,-0.302,-0.25,-0.406,-0.206,-0.337,-0.397,-0.328,-0.313,-0.0385,-0.195,-0.319,0.00248
2026,7,10,45,0.211,0.706,-0.154,0.226,0.0137,-0.368,0.0864,0.12,0.124,0.289,0.249,0.19,0.453
2026,7,10,46,-0.217,-0.0686,-0.283,-0.227,-0.41,-0.297,-0.0135,-0.151,-0.167,-0.184,-0.252,-0.295,-0.219
2026,7,10,47,-0.216,0.0552,-0.358,-0.232,-0.37,-0.386,-0.355,-0.265,-0.254,-0.0932,-0.213,-0.347,0.00763
2026,7,10,48,0.058,0.3,0.104,0.0784,0.0192,-0.0995,0.079,-0.0629,-0.0813,0.116,0.156,0.164,0.235
2026,7,10,49,0.703,0.478,0.26,0.215,0.249,-0.0424,0.061,0.621,0.71,0.802,0.719,0.672,0.753
2026,7,10,50,0.128,0.435,-0.279,-0.237,0.814,-0.153,-0.128,-0.049,-0.0399,0.161,0.178,0.122,0.693
2026,7,10,51,-0.351,-0.51,-0.536,-0.359,-0.413,-0.519,-0.494,-0.343,-0.317,-0.382,-0.371,-0.392,-0.235
2026,7,10,52,-0.169,-0.321,-0.386,-0.00882,-0.256,-0.389,-0.0714,-0.227,-0.249,-0.0551,-0.164,-0.29,0.181
2026,7,10,53,-0.00299,0.0526,-0.0978,-0.193,0.139,-0.196,-0.069,-0.0778,-0.0788,0.0737,0.0345,-0.0465,0.369
2026,7,17,1,-0.311,-0.236,-0.417,-0.473,-0.249,-0.466,-0.263,-0.298,-0.302,-0.191,-0.327,-0.43,-0.00772
2026,7,17,2,0.0608,-0.239,0.393,-0.156,0.214,-0.00566,0.665,0.133,0.0898,0.0439,0.0173,-0.0684,0.62
2026,7,17,3,-0.187,-0.089,-0.151,-0.398,-0.0746,-0.247,0.0138,-0.211,-0.232,-0.155,-0.197,-0.259,0.172
2026,7,17,4,-0.176,-0.266,-0.0982,-0.388,-0.144,-0.455,-0.253,-0.159,-0.149,-0.0739,-0.194,-0.314,0.407
2026,7,17,5,-0.222,-0.0825,-0.399,-0.385,-0.0923,-0.538,-0.447,-0.332,-0.316,-0.148,-0.185,-0.261,0.231
2026,7,17,6,-0.383,-0.402,-0.41,-0.512,-0.318,-0.401,-0.339,-0.4,-0.408,-0.313,-0.391,-0.458,-0.187
2026,7,17,7,-0.181,-0.122,-0.214,-0.422,0.2,-0.443,-0.392,-0.28,-0.269,-0.0451,-0.158,-0.263,0.644
2026,7,17,8,-0.305,-0.268,-0.453,-0.473,-0.292,-0.446,-0.373,-0.3,-0.29,-0.215,-0.331,-0.433,-0.121
2026,7,17,9,-0.315,-0.148,-0.305,-0.501,-0.183,-0.329,-0.244,-0.355,-0.368,-0.278,-0.312,-0.379,0.119
2026,7,17,10,-0.113,-0.000622,-0.286,-0.32,0.126,-0.497,-0.393,-0.262,-0.245,0.0762,-0.0288,-0.18,0.742
2026,7,17,11,-0.178,-0.0469,-0.41,-0.396,0.0854,-0.551,-0.531,-0.303,-0.264,-0.0832,-0.118,-0.263,0.884
2026,7,17,12,-0.39,-0.204,-0.421,-0.58,-0.291,-0.438,-0.348,-0.426,-0.435,-0.389,-0.394,-0.439,-0.000812
2026,7,17,13,-0.264,-0.24,-0.559,-0.393,-0.1,-0.486,-0.232,-0.205,-0.202,-0.0944,-0.293,-0.42,0.146
2026,7,17,14,-0.353,-0.291,-0.281,-0.47,-0.3,-0.341,-0.0692,-0.313,-0.337,-0.249,-0.381,-0.453,-0.25
2026,7,17,15,-0.0999,0.267,0.0259,-0.299,-0.0695,-0.278,-0.124,-0.125,-0.126,-0.121,-0.099,-0.144,0.393
2026,7,17,16,-0.128,0.245,-0.118,-0.386,-0.0924,-0.36,-0.188,-0.234,-0.24,-0.0351,-0.103,-0.189,0.587
2026,7,17,17,-0.277,-0.208,-0.259,-0.481,-0.142,-0.417,-0.191,-0.235,-0.24,-0.131,-0.307,-0.392,0.211
2026,7,17,18,-0.0607,0.676,0.0262,-0.335,0.0664,-0.409,-0.303,-0.229,-0.222,-0.0448,0.0087,-0.0238,0.404
2026,7,17,19,-0.162,-0.125,-0.196,-0.416,0.141,-0.307,-0.163,-0.205,-0.209,0.0149,-0.151,-0.303,0.388
2026,7,17,20,-0.329,-0.182,-0.58,-0.482,-0.256,-0.427,-0.397,-0.351,-0.346,-0.263,-0.326,-0.411,-0.017
2026,7,17,21,-0.513,-0.182,-0.504,-0.639,-0.51,-0.533,-0.405,-0.571,-0.588,-0.502,-0.518,-0.556,-0.214
2026,7,17,22,-0.102,0.333,-0.415,-0.262,-0.0293,-0.503,-0.0469,-0.0703,-0.0733,-0.231,-0.118,-0.114,0.212
2026,7,17,23,-0.129,-0.0925,-0.0219,-0.289,-0.00166,-0.478,-0.25,-0.201,-0.196,0.0119,-0.114,-0.211,0.127
2026,7,17,24,-0.28,-0.25,-0.349,-0.523,0.111,-0.309,-0.285,-0.293,-0.294,-0.196,-0.3,-0.438,0.333
2026,7,17,25,-0.0792,0.0608,0.344,-0.236,-0.0218,-0.297,0.0119,-0.199,-0.221,-0.163,-0.079,-0.125,0.416
2026,7,17,26,0.0177,0.315,0.117,-0.0173,0.188,-0.544,-0.456,-0.235,-0.206,-0.0208,0.136,0.137,0.691
2026,7,17,27,-0.221,-0.11,-0.421,-0.414,0.0921,-0.397,-0.212,-0.268,-0.274,-0.0704,-0.211,-0.313,-0.0206
2026,7,17,28,-0.291,-0.107,-0.158,-0.473,-0.112,-0.471,-0.443,-0.393,-0.386,-0.26,-0.27,-0.323,0.207
2026,7,17,29,-0.0506,0.195,0.249,-0.309,0.12,-0.215,0.0235,-0.099,-0.114,-0.000587,-0.0548,-0.143,0.485
2026,7,17,30,-0.0864,0.32,0.0084,-0.263,-0.225,-0.328,-0.25,-0.242,-0.241,-0.0851,-0.0326,-0.061,0.449
2026,7,17,31,-0.279,-0.331,-0.239,-0.439,-0.035,-0.365,-0.302,-0.211,-0.2,-0.242,-0.324,-0.394,-0.0576
2026,7,17,32,-0.0081,-0.0364,-0.12,-0.119,-0.117,-0.274,-0.225,-0.193,-0.189,0.181,0.0646,-0.0607,0.359
2026,7,17,33,-0.129,0.179,-0.324,-0.19,-0.112,-0.515,-0.262,-0.283,-0.286,-0.092,-0.0644,-0.101,0.123
2026,7,17,34,-0.25,-0.246,-0.493,-0.422,-0.169,-0.589,-0.308,-0.314,-0.315,-0.212,-0.245,-0.342,0.037
2026,7,17,35,-0.197,0.192,-0.222,-0.331,-0.0657,-0.445,-0.275,-0.373,-0.385,-0.141,-0.142,-0.223,0.227
2026,7,17,36,-0.188,-0.131,-0.0328,-0.324,0.136,-0.342,-0.266,-0.175,-0.163,-0.0373,-0.206,-0.304,0.401
2026,7,17,37,0.0421,-0.0154,-0.31,0.0661,0.0768,-0.23,-0.164,-0.109,-0.101,0.0496,0.109,0.0449,0.782
2026,7,17,38,-0.159,-0.0973,-0.236,-0.332,-0.209,-0.331,-0.296,-0.181,-0.166,-0.107,-0.159,-0.233,0.148
2026,7,17,39,-0.103,0.329,-0.145,-0.301,0.0669,-0.392,-0.273,-0.189,-0.176,-0.00452,-0.0834,-0.158,0.382
2026,7,17,40,-0.163,-0.148,-0.436,-0.21,-0.227,-0.192,-0.198,-0.142,-0.135,-0.165,-0.184,-0.239,0.199
2026,7,17,41,-0.389,-0.299,-0.424,-0.526,-0.303,-0.481,-0.397,-0.47,-0.476,-0.36,-0.357,-0.416,-0.0274
2026,7,17,42,-0.207,-0.24,-0.356,-0.324,-0.0365,-0.333,-0.255,-0.216,-0.211,-0.102,-0.23,-0.316,0.12
2026,7,17,43,-0.0198,-0.0748,-0.293,-0.0986,0.158,-0.207,-0.012,-0.0822,-0.0908,0.0594,0.00998,-0.102,0.663
2026,7,17,44,-0.26,-0.37,-0.317,-0.22,-0.171,-0.607,-0.733,-0.486,-0.433,-0.127,-0.155,-0.231,0.141
2026,7,17,45,0.242,0.55,-0.154,0.501,0.181,-0.422,0.00412,0.0715,0.0809,0.282,0.304,0.284,0.511
2026,7,17,46,-0.17,-0.08,-0.181,-0.25,-0.31,-0.291,-0.158,-0.123,-0.119,-0.0982,-0.189,-0.233,-0.219
2026,7,17,47,-0.136,-0.301,-0.15,0.105,-0.315,-0.64,-0.0753,-0.226,-0.244,-0.0893,-0.112,-0.28,0.412
2026,7,17,48,0.234,0.327,0.0889,0.365,0.391,-0.114,0.00272,-0.0691,-0.0784,0.415,0.46,0.44,0.7
2026,7,17,49,0.763,0.478,0.313,0.141,0.456,-0.0763,0.268,0.567,0.615,0.601,0.844,0.924,1.12
2026,7,17,50,0.168,0.445,-0.216,-0.162,0.63,-0.266,-0.0528,-0.0356,-0.0336,0.204,0.253,0.161,1.18
2026,7,17,51,-0.295,-0.327,-0.511,-0.311,-0.268,-0.471,-0.373,-0.36,-0.358,-0.229,-0.289,-0.345,-0.196
2026,7,17,52,-0.111,-0.191,-0.483,-0.142,-0.0416,-0.346,-0.0306,-0.213,-0.239,-0.0267,-0.0712,-0.134,0.125
2026,7,17,53,-0.0181,-0.0175,-0.178,-0.147,0.198,-0.507,-0.23,-0.178,-0.172,0.224,0.0647,-0.101,0.448
2026,7,24,1,-0.39,-0.2,-0.527,-0.578,-0.317,-0.504,-0.315,-0.355,-0.36,-0.286,-0.413,-0.503,-0.157
2026,7,24,2,-0.0367,-0.25,0.245,-0.311,0.107,-0.0211,0.753,0.0748,0.0192,-0.0653,-0.0898,-0.18,0.551
2026,7,24,3,-0.323,-0.298,-0.374,-0.516,-0.178,-0.318,-0.127,-0.319,-0.337,-0.294,-0.337,-0.405,0.0826
2026,7,24,4,-0.243,-0.269,-0.28,-0.432,-0.181,-0.529,-0.321,-0.252,-0.244,-0.158,-0.255,-0.356,0.259
2026,7,24,5,-0.306,-0.103,-0.449,-0.442,-0.24,-0.549,-0.432,-0.392,-0.386,-0.247,-0.282,-0.351,0.0878
2026,7,24,6,-0.41,-0.316,-0.413,-0.594,-0.357,-0.513,-0.309,-0.391,-0.401,-0.372,-0.434,-0.519,-0.0747
2026,7,24,7,-0.236,-0.147,-0.212,-0.502,-0.0217,-0.449,-0.324,-0.291,-0.288,-0.127,-0.228,-0.313,0.377
2026,7,24,8,-0.35,-0.402,-0.472,-0.5,-0.303,-0.463,-0.332,-0.341,-0.343,-0.312,-0.383,-0.469,-0.129
2026,7,24,9,-0.37,-0.115,-0.387,-0.553,-0.284,-0.452,-0.305,-0.4,-0.41,-0.371,-0.372,-0.422,0.0268
2026,7,24,10,-0.171,-0.0727,-0.332,-0.38,-0.0109,-0.526,-0.487,-0.292,-0.266,0.085,-0.101,-0.284,0.548
2026,7,24,11,-0.215,-0.286,-0.439,-0.407,-0.0849,-0.549,-0.513,-0.293,-0.255,-0.0255,-0.181,-0.36,0.631
2026,7,24,12,-0.417,-0.153,-0.541,-0.638,-0.41,-0.551,-0.505,-0.469,-0.465,-0.445,-0.417,-0.449,-0.0577
2026,7,24,13,-0.382,-0.268,-0.609,-0.52,-0.31,-0.601,-0.191,-0.357,-0.378,-0.258,-0.4,-0.506,0.0348
2026,7,24,14,-0.377,-0.306,-0.321,-0.503,-0.339,-0.259,0.0901,-0.285,-0.322,-0.364,-0.414,-0.485,-0.149
2026,7,24,15,-0.178,0.0287,0.0347,-0.373,-0.122,-0.431,-0.214,-0.215,-0.215,-0.145,-0.174,-0.23,0.232
2026,7,24,16,-0.116,0.229,-0.142,-0.401,-0.172,-0.246,-0.0828,-0.153,-0.163,-0.0825,-0.115,-0.175,0.422
2026,7,24,17,-0.343,-0.152,-0.261,-0.572,-0.299,-0.341,-0.134,-0.244,-0.257,-0.263,-0.393,-0.468,0.178
2026,7,24,18,-0.119,0.459,-0.0497,-0.36,-0.149,-0.285,-0.398,-0.26,-0.245,-0.155,-0.0806,-0.0794,0.165
2026,7,24,19,-0.229,-0.245,-0.316,-0.42,-0.0355,-0.32,-0.32,-0.306,-0.304,-0.134,-0.224,-0.36,0.481
2026,7,24,20,-0.365,-0.0901,-0.621,-0.402,-0.453,-0.558,-0.453,-0.392,-0.386,-0.244,-0.361,-0.485,0.00915
2026,7,24,21,-0.565,-0.33,-0.557,-0.687,-0.57,-0.488,-0.363,-0.568,-0.59,-0.6,-0.578,-0.611,-0.233
2026,7,24,22,-0.239,0.17,-0.59,-0.216,-0.403,-0.621,-0.0469,-0.148,-0.161,-0.262,-0.3,-0.377,-0.0345
2026,7,24,23,-0.0871,0.144,-0.0528,-0.359,-0.0734,-0.511,-0.0556,-0.211,-0.225,-0.11,-0.0716,-0.206,0.716
2026,7,24,24,-0.352,-0.245,-0.377,-0.524,-0.245,-0.259,0.0317,-0.328,-0.367,-0.301,-0.374,-0.461,0.0024
2026,7,24,25,-0.19,-0.0461,0.163,-0.318,-0.254,0.0312,0.117,-0.232,-0.269,-0.213,-0.198,-0.24,0.128
2026,7,24,26,0.00226,0.32,0.134,0.0464,-0.0299,-0.447,-0.314,-0.235,-0.225,0.00749,0.102,0.0434,0.804
2026,7,24,27,-0.227,-0.174,-0.488,-0.373,0.0229,-0.413,-0.26,-0.257,-0.256,-0.0599,-0.227,-0.344,-0.0324
2026,7,24,28,-0.36,-0.0459,-0.196,-0.52,-0.327,-0.528,-0.508,-0.452,-0.444,-0.307,-0.339,-0.399,0.115
2026,7,24,29,-0.154,0.25,0.0233,-0.382,0.0236,-0.158,-0.0892,-0.111,-0.114,-0.0862,-0.173,-0.239,0.158
2026,7,24,30,-0.162,-0.0262,0.0532,-0.294,-0.329,-0.372,-0.238,-0.271,-0.275,-0.165,-0.136,-0.174,0.333
2026,7,24,31,-0.319,-0.404,-0.243,-0.491,-0.107,-0.287,-0.221,-0.275,-0.281,-0.261,-0.343,-0.407,-0.128
2026,7,24,32,-0.132,-0.0818,-0.248,-0.105,-0.349,-0.494,-0.114,-0.221,-0.234,-0.093,-0.118,-0.213,0.243
2026,7,24,33,-0.182,0.0518,-0.474,-0.197,-0.28,-0.529,-0.156,-0.274,-0.291,-0.129,-0.156,-0.249,0.111
2026,7,24,34,-0.317,-0.427,-0.493,-0.462,-0.285,-0.573,-0.578,-0.341,-0.317,-0.212,-0.335,-0.468,-0.123
2026,7,24,35,-0.291,-0.0762,-0.334,-0.416,-0.215,-0.64,-0.423,-0.421,-0.421,-0.246,-0.266,-0.319,-0.0687
2026,7,24,36,-0.252,-0.147,-0.174,-0.41,-0.00999,-0.265,-0.0791,-0.228,-0.247,-0.161,-0.275,-0.353,0.28
2026,7,24,37,0.00181,0.275,-0.258,-0.156,0.197,-0.378,-0.29,-0.0648,-0.032,-0.0151,0.0243,-0.0443,0.655
2026,7,24,38,-0.233,-0.214,-0.238,-0.407,-0.209,-0.381,-0.251,-0.293,-0.298,-0.184,-0.214,-0.29,0.187
2026,7,24,39,-0.182,0.0805,-0.0239,-0.387,0.038,-0.36,-0.416,-0.273,-0.252,-0.0881,-0.157,-0.236,0.39
2026,7,24,40,-0.203,-0.0435,-0.256,-0.354,-0.322,-0.101,-0.198,-0.28,-0.29,-0.155,-0.169,-0.25,0.447
2026,7,24,41,-0.41,-0.281,-0.406,-0.551,-0.411,-0.46,-0.422,-0.458,-0.461,-0.392,-0.397,-0.445,-0.143
2026,7,24,42,-0.29,-0.228,-0.429,-0.389,-0.108,-0.349,-0.322,-0.296,-0.293,-0.226,-0.305,-0.389,0.203
2026,7,24,43,-0.175,-0.0827,-0.357,-0.319,-0.0546,-0.329,-0.287,-0.257,-0.254,-0.124,-0.157,-0.275,0.599
2026,7,24,44,-0.203,-0.472,-0.183,-0.239,-0.185,-0.499,-0.432,-0.291,-0.261,-0.173,-0.178,-0.237,0.0918
2026,7,24,45,0.183,0.936,-0.275,0.385,-0.0119,-0.0339,0.366,0.104,0.0671,0.403,0.177,0.0462,0.108
2026,7,24,46,-0.304,-0.0177,-0.329,-0.399,-0.482,-0.4,0.0165,-0.242,-0.272,-0.321,-0.332,-0.375,-0.129
2026,7,24,47,-0.214,-0.35,-0.337,-0.22,-0.26,-0.521,-0.355,-0.247,-0.234,-0.136,-0.206,-0.379,0.244
2026,7,24,48,0.0585,0.236,0.193,0.21,0.161,-0.318,-0.03,-0.134,-0.148,0.0289,0.222,0.288,0.463
2026,7,24,49,0.506,0.258,0.489,0.0436,0.424,-0.0678,0.122,0.322,0.353,0.503,0.58,0.61,0.638
2026,7,24,50,-0.0378,0.149,-0.241,-0.194,0.0399,-0.161,-0.203,-0.139,-0.131,-0.0574,-0.00296,-0.0151,0.315
2026,7,24,51,-0.356,-0.408,-0.602,-0.319,-0.215,-0.566,-0.422,-0.376,-0.369,-0.241,-0.37,-0.5,-0.119
2026,7,24,52,-0.206,-0.121,-0.431,-0.202,-0.35,-0.425,-0.133,-0.254,-0.271,-0.151,-0.207,-0.303,0.119
2026,7,24,53,-0.0673,0.115,-0.289,-0.326,0.101,-0.254,0.0345,-0.136,-0.155,0.076,-0.0529,-0.157,0.0773
2026,7,31,1,-0.38,-0.269,-0.419,-0.574,-0.31,-0.534,-0.267,-0.31,-0.315,-0.307,-0.425,-0.521,-0.106
2026,7,31,2,-0.0779,-0.227,0.764,-0.37,-0.0794,-0.0928,0.753,0.0546,-0.00271,-0.161,-0.135,-0.199,0.41
2026,7,31,3,-0.348,-0.316,-0.22,-0.556,-0.262,-0.302,-0.0386,-0.292,-0.316,-0.369,-0.383,-0.438,0.00773
2026,7,31,4,-0.291,-0.258,-0.0693,-0.441,-0.288,-0.508,-0.324,-0.254,-0.246,-0.205,-0.321,-0.415,0.0686
2026,7,31,5,-0.276,-0.112,-0.327,-0.449,-0.273,-0.525,-0.405,-0.35,-0.342,-0.227,-0.255,-0.325,0.144
2026,7,31,6,-0.407,-0.278,-0.416,-0.56,-0.374,-0.479,-0.265,-0.357,-0.369,-0.376,-0.446,-0.517,-0.201
2026,7,31,7,-0.288,-0.126,-0.105,-0.493,-0.224,-0.454,-0.379,-0.356,-0.354,-0.231,-0.277,-0.349,0.404
2026,7,31,8,-0.365,-0.307,-0.438,-0.521,-0.381,-0.462,-0.379,-0.349,-0.345,-0.322,-0.41,-0.487,-0.256
2026,7,31,9,-0.364,0.00595,-0.357,-0.617,-0.387,-0.382,-0.227,-0.391,-0.409,-0.324,-0.364,-0.422,-0.023
2026,7,31,10,-0.186,-0.16,-0.222,-0.429,-0.0142,-0.442,-0.282,-0.249,-0.245,-0.092,-0.161,-0.288,0.577
2026,7,31,11,-0.347,-0.164,-0.457,-0.462,-0.308,-0.522,-0.56,-0.359,-0.325,-0.279,-0.339,-0.449,0.295
2026,7,31,12,-0.221,1.31,-0.304,-0.61,-0.473,-0.558,-0.255,-0.369,-0.382,-0.378,-0.183,-0.239,0.779
2026,7,31,13,-0.435,-0.421,-0.441,-0.538,-0.425,-0.448,-0.35,-0.37,-0.373,-0.344,-0.478,-0.569,-0.139
2026,7,31,14,-0.335,-0.356,0.0906,-0.427,-0.31,-0.348,0.0147,-0.305,-0.337,-0.361,-0.365,-0.408,-0.156
2026,7,31,15,-0.182,-0.055,0.549,-0.391,-0.182,-0.469,-0.224,-0.205,-0.203,-0.236,-0.19,-0.228,0.324
2026,7,31,16,-0.139,1.43,-0.142,-0.443,-0.254,-0.383,-0.333,-0.295,-0.289,-0.169,-0.0975,-0.158,0.81
2026,7,31,17,-0.36,-0.415,-0.104,-0.555,-0.288,-0.435,-0.3,-0.301,-0.301,-0.309,-0.399,-0.464,0.174
2026,7,31,18,-0.17,0.284,0.0515,-0.401,-0.0449,-0.447,-0.369,-0.324,-0.319,-0.216,-0.11,-0.107,0.239
2026,7,31,19,-0.294,-0.307,-0.156,-0.475,-0.139,-0.343,-0.417,-0.261,-0.243,-0.165,-0.314,-0.448,0.151
2026,7,31,20,-0.369,-0.029,-0.696,-0.414,-0.506,-0.478,-0.0615,-0.327,-0.353,-0.328,-0.39,-0.478,-0.0588
2026,7,31,21,-0.547,-0.196,-0.437,-0.675,-0.628,-0.479,-0.46,-0.576,-0.588,-0.573,-0.555,-0.584,-0.265
2026,7,31,22,-0.229,0.891,-0.537,-0.31,-0.471,-0.408,-0.119,-0.163,-0.169,-0.209,-0.258,-0.35,0.0443
2026,7,31,23,-0.227,-0.122,-0.0785,-0.343,-0.155,-0.584,-0.306,-0.331,-0.334,-0.24,-0.211,-0.274,0.188
2026,7,31,24,-0.354,-0.312,-0.384,-0.571,-0.179,-0.337,-0.149,-0.373,-0.397,-0.263,-0.363,-0.448,-0.0839
2026,7,31,25,-0.231,-0.022,0.242,-0.367,-0.179,-0.131,-0.169,-0.312,-0.327,-0.253,-0.236,-0.273,0.0568
2026,7,31,26,-0.129,-0.0819,0.0279,-0.143,-0.0379,-0.406,-0.322,-0.31,-0.309,-0.141,-0.0495,-0.0746,0.43
2026,7,31,27,-0.279,-0.288,-0.29,-0.466,-0.106,-0.298,-0.212,-0.209,-0.209,-0.201,-0.327,-0.434,-0.056
2026,7,31,28,-0.375,-0.107,-0.194,-0.525,-0.398,-0.455,-0.573,-0.438,-0.418,-0.397,-0.367,-0.398,0.039
2026,7,31,29,-0.245,0.00313,0.126,-0.455,0.0372,-0.379,-0.136,-0.186,-0.193,-0.23,-0.274,-0.322,-0.000502
2026,7,31,30,-0.215,0.206,0.184,-0.391,-0.379,-0.418,-0.256,-0.32,-0.329,-0.299,-0.181,-0.197,0.454
2026,7,31,31,-0.273,-0.22,-0.193,-0.508,-0.0798,-0.2,-0.148,-0.152,-0.152,-0.286,-0.337,-0.391,-0.0877
2026,7,31,32,-0.0831,0.0636,0.144,-0.159,-0.23,-0.362,-0.274,-0.149,-0.134,-0.00924,-0.08,-0.215,0.359
2026,7,31,33,-0.229,-0.0226,-0.368,-0.342,-0.244,-0.441,-0.316,-0.286,-0.282,-0.178,-0.207,-0.324,0.139
2026,7,31,34,-0.281,-0.206,-0.593,-0.478,-0.279,-0.476,-0.257,-0.27,-0.271,-0.235,-0.29,-0.468,0.235
2026,7,31,35,-0.274,-0.113,-0.308,-0.37,-0.201,-0.614,-0.401,-0.388,-0.387,-0.162,-0.239,-0.334,0.038
2026,7,31,36,-0.275,-0.12,0.0877,-0.439,0.0499,-0.409,-0.309,-0.271,-0.266,-0.161,-0.296,-0.373,0.176
2026,7,31,37,-0.0849,-0.0593,-0.304,-0.223,-0.237,-0.411,-0.182,-0.0591,-0.0412,0.00991,-0.12,-0.234,0.18
2026,7,31,38,-0.196,-0.135,-0.157,-0.372,-0.31,-0.138,0.0219,-0.18,-0.207,-0.166,-0.218,-0.289,0.0768
2026,7,31,39,-0.176,0.157,0.0858,-0.391,-0.0388,-0.331,-0.378,-0.228,-0.205,-0.0373,-0.176,-0.262,0.179
2026,7,31,40,-0.198,0.0348,-0.277,-0.302,-0.268,-0.109,-0.114,-0.264,-0.283,-0.172,-0.177,-0.244,0.364
2026,7,31,41,-0.427,-0.171,-0.503,-0.584,-0.444,-0.537,-0.265,-0.455,-0.472,-0.38,-0.424,-0.486,-0.189
2026,7,31,42,-0.296,-0.165,-0.487,-0.403,-0.199,-0.336,-0.276,-0.286,-0.287,-0.26,-0.327,-0.402,0.136
2026,7,31,43,-0.176,-0.197,-0.117,-0.272,-0.0965,-0.455,-0.281,-0.216,-0.208,-0.149,-0.168,-0.241,0.304
2026,7,31,44,-0.295,0.0894,-0.0333,-0.347,-0.378,-0.48,-0.281,-0.332,-0.343,-0.269,-0.296,-0.336,-0.176
2026,7,31,45,0.181,0.716,0.00671,0.311,-0.0264,-0.115,-0.0288,0.13,0.152,0.175,0.209,0.202,0.381
2026,7,31,46,-0.221,-0.08,0.764,-0.351,-0.455,-0.441,-0.17,-0.262,-0.273,-0.272,-0.206,-0.187,-0.117
2026,7,31,47,-0.152,-0.276,-0.378,-0.149,-0.201,-0.625,-0.14,-0.205,-0.213,-0.0658,-0.161,-0.37,0.366
2026,7,31,48,0.0778,0.016,0.17,0.142,0.274,-0.199,0.079,-0.0666,-0.0855,0.0909,0.189,0.218,0.336
2026,7,31,49,0.3,0.396,0.473,0.113,0.163,-0.263,0.11,0.146,0.152,0.384,0.355,0.305,0.596
2026,7,31,50,-0.0105,0.272,-0.201,-0.276,0.149,-0.255,-0.107,-0.126,-0.128,-0.00772,0.0262,-0.004,0.403
2026,7,31,51,-0.303,-0.184,-0.437,-0.354,-0.171,-0.393,-0.313,-0.336,-0.34,-0.235,-0.306,-0.368,-0.215
2026,7,31,52,-0.269,-0.224,-0.386,-0.325,-0.498,-0.254,-0.163,-0.281,-0.298,-0.358,-0.271,-0.347,0.299
2026,7,31,53,-0.108,0.0916,-0.186,-0.236,-0.0543,-0.235,-0.172,-0.178,-0.179,0.00922,-0.0823,-0.222,0.404
2026,8,7,1,-0.308,-0.264,-0.401,-0.518,-0.319,-0.489,-0.267,-0.21,-0.203,-0.227,-0.354,-0.446,-0.0875
2026,8,7,2,-0.0254,-0.318,0.261,-0.277,-0.0839,-0.029,0.795,0.198,0.15,-0.00396,-0.0982,-0.191,0.417
2026,8,7,3,-0.252,-0.216,-0.26,-0.43,-0.268,-0.194,-0.0358,-0.247,-0.267,-0.25,-0.27,-0.305,-0.0491
2026,8,7,4,-0.271,-0.217,-0.21,-0.475,-0.279,-0.448,-0.356,-0.253,-0.242,-0.206,-0.289,-0.381,0.198
2026,8,7,5,-0.244,-0.0877,-0.343,-0.443,-0.205,-0.476,-0.424,-0.311,-0.295,-0.209,-0.229,-0.274,0.0228
2026,8,7,6,-0.41,-0.488,-0.39,-0.583,-0.401,-0.443,-0.361,-0.381,-0.384,-0.353,-0.443,-0.528,-0.156
2026,8,7,7,-0.189,-0.106,-0.207,-0.439,-0.0514,-0.315,-0.211,-0.193,-0.191,-0.0726,-0.201,-0.295,0.381
2026,8,7,8,-0.312,-0.195,-0.472,-0.544,-0.321,-0.382,-0.292,-0.265,-0.261,-0.2,-0.366,-0.474,-0.278
2026,8,7,9,-0.286,-0.11,-0.363,-0.53,-0.315,-0.2,0.0441,-0.242,-0.273,-0.239,-0.309,-0.381,0.0585
2026,8,7,10,-0.121,-0.0827,-0.274,-0.355,0.0683,-0.404,-0.253,-0.182,-0.173,0.0189,-0.0909,-0.224,0.501
2026,8,7,11,-0.291,-0.254,-0.457,-0.472,-0.207,-0.568,-0.524,-0.303,-0.265,-0.136,-0.294,-0.45,0.335
2026,8,7,12,-0.291,-0.0739,-0.319,-0.532,-0.268,-0.499,-0.343,-0.4,-0.407,-0.375,-0.271,-0.318,0.384
2026,8,7,13,-0.374,-0.31,-0.521,-0.496,-0.297,-0.542,-0.355,-0.316,-0.311,-0.31,-0.41,-0.485,-0.0981
2026,8,7,14,-0.391,-0.303,-0.174,-0.551,-0.394,-0.225,-0.0189,-0.253,-0.276,-0.379,-0.443,-0.485,-0.339
2026,8,7,15,-0.175,0.0163,-0.00276,-0.392,-0.163,-0.415,-0.404,-0.142,-0.113,-0.112,-0.205,-0.281,0.125
2026,8,7,16,-0.156,0.208,-0.151,-0.417,-0.14,-0.375,-0.248,-0.175,-0.164,-0.0898,-0.161,-0.239,0.448
2026,8,7,17,-0.301,-0.127,-0.223,-0.5,-0.272,-0.391,-0.32,-0.193,-0.179,-0.245,-0.349,-0.409,0.0991
2026,8,7,18,-0.102,0.412,-0.0136,-0.401,-0.134,-0.308,-0.339,-0.177,-0.16,-0.127,-0.0871,-0.106,0.173
2026,8,7,19,-0.225,0.0194,-0.116,-0.49,-0.0371,-0.479,-0.477,-0.235,-0.207,-0.111,-0.224,-0.35,0.309
2026,8,7,20,-0.369,-0.169,-0.699,-0.469,-0.448,-0.61,-0.508,-0.318,-0.3,-0.297,-0.403,-0.483,-0.263
2026,8,7,21,-0.523,-0.235,-0.54,-0.648,-0.54,-0.596,-0.391,-0.583,-0.603,-0.586,-0.523,-0.558,-0.0883
2026,8,7,22,-0.135,-0.034,-0.572,-0.267,-0.294,-0.464,-0.206,-0.0571,-0.0378,-0.0399,-0.172,-0.294,0.0148
2026,8,7,23,-0.256,-0.349,-0.156,-0.465,-0.127,-0.534,-0.292,-0.209,-0.202,-0.165,-0.295,-0.417,0.0694
2026,8,7,24,-0.285,-0.269,-0.485,-0.539,-0.0754,-0.248,0.276,-0.184,-0.234,-0.185,-0.334,-0.439,-0.0552
2026,8,7,25,-0.139,-0.0461,0.0905,-0.335,-0.0698,0.0085,-0.198,-0.128,-0.121,-0.0963,-0.173,-0.241,0.163
2026,8,7,26,-0.0105,0.0521,0.235,-0.0215,-0.15,-0.507,-0.423,-0.186,-0.156,0.0458,0.0642,0.0386,0.288
2026,8,7,27,-0.282,-0.254,-0.383,-0.518,-0.0706,-0.487,-0.494,-0.242,-0.215,-0.208,-0.303,-0.373,-0.168
2026,8,7,28,-0.338,0.0479,-0.225,-0.502,-0.32,-0.395,-0.419,-0.355,-0.346,-0.395,-0.344,-0.372,0.111
2026,8,7,29,-0.195,0.208,0.0233,-0.424,0.147,-0.151,-0.286,-0.156,-0.14,-0.166,-0.211,-0.281,0.216
2026,8,7,30,-0.0952,0.27,0.173,-0.219,-0.378,-0.369,-0.208,-0.193,-0.191,-0.0816,-0.0676,-0.105,0.343
2026,8,7,31,-0.241,-0.284,-0.268,-0.472,-0.128,-0.0696,-0.0751,-0.124,-0.13,-0.15,-0.303,-0.39,-0.153
2026,8,7,32,0.0314,0.227,-0.072,-0.199,-0.102,-0.00413,0.428,0.0266,-0.022,0.272,0.025,-0.126,0.139
2026,8,7,33,-0.216,-0.0226,-0.493,-0.373,-0.321,-0.458,-0.36,-0.209,-0.188,-0.135,-0.232,-0.355,-0.00903
2026,8,7,34,-0.279,-0.307,-0.538,-0.539,-0.14,-0.661,-0.392,-0.305,-0.296,-0.268,-0.296,-0.413,0.0679
2026,8,7,35,-0.271,-0.067,-0.219,-0.392,-0.233,-0.636,-0.43,-0.375,-0.369,-0.2,-0.263,-0.327,-0.0954
2026,8,7,36,-0.265,0.0818,-0.0292,-0.45,-0.0911,-0.35,-0.372,-0.249,-0.234,-0.215,-0.291,-0.359,0.266
2026,8,7,37,-0.0534,-0.13,-0.292,-0.208,-0.214,-0.246,-0.254,0.00143,0.0386,-0.0193,-0.1,-0.194,0.251
2026,8,7,38,-0.0897,-0.0444,-0.208,-0.332,0.0293,-0.188,-0.0592,-0.123,-0.132,-0.0294,-0.0801,-0.178,0.397
2026,8,7,39,-0.134,-0.00136,0.0464,-0.365,-0.0196,-0.406,-0.282,-0.166,-0.148,0.0215,-0.13,-0.239,0.418
2026,8,7,40,-0.224,-0.391,-0.226,-0.335,-0.37,-0.299,-0.401,-0.265,-0.248,-0.0358,-0.193,-0.302,0.0439
2026,8,7,41,-0.313,-0.246,-0.341,-0.416,-0.416,-0.561,-0.265,-0.45,-0.465,-0.309,-0.262,-0.282,-0.0442
2026,8,7,42,-0.249,-0.0438,-0.461,-0.387,-0.129,-0.396,-0.353,-0.256,-0.245,-0.16,-0.267,-0.346,0.0845
2026,8,7,43,-0.0932,-0.287,-0.192,-0.24,-0.0112,-0.135,-0.0898,-0.0725,-0.0703,0.00833,-0.108,-0.22,0.321
2026,8,7,44,-0.236,-0.489,-0.217,-0.386,-0.296,-0.406,-0.432,-0.291,-0.261,0.0346,-0.222,-0.352,-0.256
2026,8,7,45,0.353,0.358,-0.383,0.218,-0.114,-0.413,0.136,0.148,0.15,0.627,0.464,0.377,0.367
2026,8,7,46,-0.208,-0.142,0.0644,-0.336,-0.308,-0.429,-0.248,-0.172,-0.163,-0.137,-0.228,-0.294,-0.135
2026,8,7,47,-0.255,-0.374,-0.42,-0.264,-0.308,-0.745,-0.527,-0.309,-0.283,-0.0618,-0.236,-0.399,-0.0229
2026,8,7,48,0.19,0.318,0.00741,0.466,0.23,-0.234,0.264,0.0447,0.0163,0.373,0.301,0.261,0.285
2026,8,7,49,0.367,0.27,0.237,0.151,0.218,-0.237,0.22,0.272,0.28,0.27,0.388,0.375,0.869
2026,8,7,50,0.112,0.279,-0.221,-0.148,0.196,0.0107,-0.135,0.0628,0.0857,0.0339,0.116,0.115,0.458
2026,8,7,51,-0.297,-0.204,-0.47,-0.388,-0.202,-0.479,-0.398,-0.267,-0.244,-0.26,-0.33,-0.426,-0.0605
2026,8,7,52,-0.271,-0.434,-0.522,-0.234,-0.29,-0.353,-0.306,-0.31,-0.311,-0.282,-0.282,-0.347,0.027
2026,8,7,53,-0.0191,0.0526,-0.226,-0.257,0.12,-0.267,-0.184,-0.0662,-0.0529,0.115,-0.0227,-0.144,0.174
2026,8,14,1,-0.34,-0.309,-0.464,-0.515,-0.275,-0.368,-0.248,-0.289,-0.294,-0.235,-0.373,-0.464,-0.138
2026,8,14,2,0.0171,-0.262,0.258,-0.262,0.0734,-0.00227,0.889,0.252,0.199,0.0318,-0.0617,-0.154,0.449
2026,8,14,3,-0.217,-0.118,-0.27,-0.411,-0.0175,-0.15,0.16,-0.198,-0.231,-0.202,-0.247,-0.306,0.0925
2026,8,14,4,-0.222,-0.231,-0.174,-0.419,-0.201,-0.439,-0.181,-0.158,-0.156,-0.0761,-0.261,-0.393,0.207
2026,8,14,5,-0.258,-0.165,-0.391,-0.419,-0.195,-0.457,-0.435,-0.359,-0.348,-0.169,-0.215,-0.289,0.144
2026,8,14,6,-0.407,-0.384,-0.51,-0.545,-0.383,-0.379,-0.25,-0.353,-0.366,-0.355,-0.446,-0.509,-0.3
2026,8,14,7,-0.159,0.003,-0.212,-0.396,-0.0417,-0.186,0.0183,-0.147,-0.164,-0.104,-0.176,-0.254,0.46
2026,8,14,8,-0.294,-0.23,-0.493,-0.499,-0.313,-0.387,-0.164,-0.205,-0.211,-0.217,-0.372,-0.495,-0.169
2026,8,14,9,-0.289,-0.0464,-0.422,-0.521,-0.285,-0.32,0.0203,-0.274,-0.306,-0.253,-0.305,-0.368,0.0419
2026,8,14,10,-0.0831,0.0143,-0.27,-0.302,0.147,-0.357,-0.16,-0.16,-0.16,0.108,-0.041,-0.191,0.51
2026,8,14,11,-0.243,-0.0798,-0.485,-0.447,-0.164,-0.464,-0.345,-0.252,-0.235,-0.149,-0.243,-0.351,0.251
2026,8,14,12,-0.341,0.223,-0.419,-0.564,-0.384,-0.442,-0.403,-0.402,-0.402,-0.373,-0.336,-0.386,0.202
2026,8,14,13,-0.272,-0.233,-0.556,-0.445,-0.0338,-0.461,-0.391,-0.232,-0.212,-0.0835,-0.305,-0.432,0.0601
2026,8,14,14,-0.353,-0.314,-0.128,-0.536,-0.294,-0.0273,0.317,-0.202,-0.254,-0.315,-0.413,-0.463,-0.33
2026,8,14,15,-0.11,0.143,-0.0138,-0.268,-0.203,-0.253,-0.234,-0.154,-0.146,-0.11,-0.114,-0.141,0.115
2026,8,14,16,-0.0497,0.553,-0.185,-0.336,-0.13,-0.276,-0.176,-0.0975,-0.0857,0.0643,-0.0495,-0.132,0.451
2026,8,14,17,-0.306,-0.235,-0.207,-0.516,-0.234,-0.437,-0.351,-0.227,-0.213,-0.151,-0.344,-0.438,0.219
2026,8,14,18,-0.106,0.428,-0.238,-0.275,-0.168,-0.413,-0.325,-0.234,-0.225,-0.18,-0.0598,-0.0311,0.165
2026,8,14,19,-0.238,-0.151,-0.145,-0.525,0.098,-0.475,-0.312,-0.225,-0.215,-0.229,-0.254,-0.345,0.353
2026,8,14,20,-0.418,-0.224,-0.602,-0.514,-0.503,-0.638,-0.274,-0.358,-0.366,-0.343,-0.455,-0.525,-0.393
2026,8,14,21,-0.528,-0.281,-0.525,-0.608,-0.545,-0.49,-0.495,-0.609,-0.621,-0.519,-0.52,-0.563,-0.147
2026,8,14,22,-0.106,0.306,-0.476,-0.202,-0.307,-0.479,-0.119,-0.0223,-0.00981,-0.0399,-0.155,-0.254,-0.0246
2026,8,14,23,-0.174,-0.0875,-0.269,-0.392,-0.0535,-0.449,-0.0556,-0.211,-0.225,-0.143,-0.188,-0.262,0.107
2026,8,14,24,-0.297,-0.312,-0.516,-0.5,-0.122,-0.253,-0.104,-0.208,-0.219,-0.156,-0.355,-0.482,-0.0743
2026,8,14,25,-0.0559,-0.116,0.229,-0.193,0.0373,-0.15,0.0788,-0.0705,-0.0864,-0.0448,-0.0962,-0.155,0.221
2026,8,14,26,0.0083,0.231,0.123,0.0547,-0.0599,-0.429,-0.172,-0.139,-0.135,-0.0508,0.0614,0.0923,0.27
2026,8,14,27,-0.2,-0.105,-0.467,-0.328,0.126,-0.405,-0.134,-0.195,-0.202,-0.123,-0.209,-0.299,0.0855
2026,8,14,28,-0.328,-0.0214,-0.346,-0.446,-0.22,-0.441,-0.52,-0.432,-0.419,-0.305,-0.305,-0.341,0.031
2026,8,14,29,-0.141,0.204,0.178,-0.32,0.159,-0.238,-0.00469,-0.145,-0.162,-0.0792,-0.146,-0.209,0.19
2026,8,14,30,-0.129,0.224,0.0719,-0.24,-0.339,-0.268,-0.154,-0.203,-0.209,-0.116,-0.113,-0.146,0.208
2026,8,14,31,-0.263,-0.376,-0.435,-0.447,-0.141,-0.235,0.112,-0.14,-0.169,-0.276,-0.323,-0.376,-0.0777
2026,8,14,32,0.00833,-0.0818,-0.096,-0.0482,-0.175,-0.224,0.182,0.00399,-0.0175,0.22,-0.00378,-0.175,0.254
2026,8,14,33,-0.207,0.137,-0.524,-0.281,-0.196,-0.493,-0.289,-0.301,-0.303,-0.169,-0.18,-0.225,-0.0451
2026,8,14,34,-0.214,-0.327,-0.493,-0.334,-0.175,-0.476,-0.241,-0.21,-0.207,-0.176,-0.241,-0.379,0.117
2026,8,14,35,-0.266,0.0208,-0.344,-0.328,-0.215,-0.441,-0.38,-0.393,-0.394,-0.183,-0.22,-0.273,-0.0527
2026,8,14,36,-0.249,-0.116,-0.0292,-0.354,-0.0362,-0.318,-0.213,-0.242,-0.246,-0.161,-0.264,-0.33,0.176
2026,8,14,37,0.0518,0.16,-0.275,-0.0862,0.0909,-0.197,-0.0472,0.0288,0.0399,0.11,0.0451,-0.033,0.347
2026,8,14,38,-0.147,-0.124,-0.113,-0.383,-0.228,-0.00402,-0.0333,-0.124,-0.136,-0.0677,-0.168,-0.299,0.353
2026,8,14,39,-0.159,0.0505,-0.122,-0.349,-0.178,-0.421,-0.182,-0.188,-0.189,-0.0588,-0.163,-0.241,0.236
2026,8,14,40,-0.192,-0.0348,-0.379,-0.326,-0.256,-0.383,-0.162,-0.225,-0.233,-0.11,-0.188,-0.28,0.251
2026,8,14,41,-0.41,-0.329,-0.558,-0.515,-0.395,-0.498,-0.491,-0.49,-0.49,-0.342,-0.38,-0.414,-0.286
2026,8,14,42,-0.198,-0.194,-0.44,-0.32,-0.0388,-0.382,-0.178,-0.163,-0.161,-0.104,-0.234,-0.324,0.142
2026,8,14,43,-0.105,-0.0669,-0.248,-0.282,-0.0257,-0.0877,-0.132,-0.0933,-0.0886,0.00208,-0.123,-0.232,0.254
2026,8,14,44,-0.134,-0.0638,0.0833,-0.171,-0.282,-0.342,-0.27,-0.0804,-0.0398,-0.0885,-0.182,-0.266,-0.0174
2026,8,14,45,0.404,0.899,0.329,0.49,0.407,-0.323,0.119,0.279,0.301,0.577,0.451,0.327,0.712
2026,8,14,46,-0.166,-0.0771,-0.124,-0.185,-0.314,-0.335,-0.2,-0.127,-0.119,-0.164,-0.188,-0.219,-0.0928
2026,8,14,47,-0.204,-0.264,-0.399,-0.12,-0.308,-0.685,-0.441,-0.274,-0.254,-0.0893,-0.177,-0.379,0.336
2026,8,14,48,0.318,0.153,-0.0963,0.488,0.274,0.0945,0.526,0.302,0.273,0.319,0.37,0.345,0.649
2026,8,14,49,1.0,0.698,0.13,0.151,0.311,0.0339,0.561,0.748,0.777,0.752,1.08,1.27,0.974
2026,8,14,50,0.167,0.528,-0.256,-0.101,0.506,-0.0439,0.029,0.0324,0.0328,0.2,0.184,0.105,0.737
2026,8,14,51,-0.264,-0.49,-0.487,-0.258,-0.33,-0.377,-0.217,-0.219,-0.219,-0.235,-0.305,-0.394,-0.0799
2026,8,14,52,-0.241,-0.181,-0.438,-0.15,-0.407,-0.339,-0.337,-0.308,-0.304,-0.245,-0.227,-0.241,-0.122
2026,8,14,53,0.00253,0.0994,-0.242,-0.178,-0.117,-0.131,-0.0345,-0.0195,-0.0178,0.147,0.00919,-0.0937,0.0949
2026,8,21,1,-0.232,-0.124,-0.484,-0.467,-0.0972,-0.363,-0.0716,-0.173,-0.185,-0.152,-0.274,-0.384,0.122
2026,8,21,2,0.0661,-0.153,0.188,-0.193,0.192,0.0221,1.01,0.289,0.23,0.0975,-0.013,-0.118,0.563
2026,8,21,3,-0.126,-0.102,-0.207,-0.349,0.236,-0.23,-0.0964,-0.178,-0.185,-0.0628,-0.132,-0.224,0.402
2026,8,21,4,-0.127,-0.192,-0.171,-0.398,-0.00145,-0.427,-0.0838,-0.111,-0.114,0.0122,-0.154,-0.297,0.465
2026,8,21,5,-0.159,0.133,-0.36,-0.346,-0.144,-0.399,-0.303,-0.238,-0.229,-0.118,-0.138,-0.208,0.294
2026,8,21,6,-0.328,-0.431,-0.42,-0.496,-0.12,-0.449,-0.235,-0.323,-0.334,-0.25,-0.353,-0.466,0.0646
2026,8,21,7,-0.117,0.0018,-0.164,-0.347,0.0107,-0.3,-0.209,-0.179,-0.176,0.0529,-0.108,-0.215,0.498
2026,8,21,8,-0.297,-0.157,-0.482,-0.478,-0.246,-0.429,-0.393,-0.298,-0.284,-0.189,-0.319,-0.425,-0.131
2026,8,21,9,-0.288,-0.123,-0.422,-0.499,-0.226,-0.349,-0.176,-0.285,-0.297,-0.226,-0.303,-0.37,0.00415
2026,8,21,10,0.0448,0.275,-0.202,-0.221,0.367,-0.385,-0.285,-0.126,-0.105,0.406,0.138,-0.0672,0.581
2026,8,21,11,-0.137,0.0469,-0.457,-0.332,0.0519,-0.556,-0.396,-0.22,-0.189,-0.0123,-0.0991,-0.274,0.946
2026,8,21,12,-0.231,0.0425,-0.396,-0.495,-0.0481,-0.492,-0.427,-0.349,-0.34,-0.289,-0.221,-0.281,0.475
2026,8,21,13,-0.168,0.0311,-0.466,-0.318,-0.00172,-0.473,-0.283,-0.17,-0.155,0.0152,-0.194,-0.343,0.386
2026,8,21,14,-0.363,-0.395,-0.344,-0.542,-0.156,-0.392,-0.195,-0.284,-0.293,-0.334,-0.408,-0.462,-0.269
2026,8,21,15,-0.0507,0.277,0.0392,-0.257,0.087,-0.36,-0.0939,-0.0416,-0.036,0.0458,-0.0829,-0.179,0.286
2026,8,21,16,-0.0259,0.324,-0.116,-0.348,0.0105,-0.21,-0.248,-0.119,-0.0997,0.159,-0.00575,-0.129,0.759
2026,8,21,17,-0.272,-0.184,-0.208,-0.478,-0.157,-0.478,-0.243,-0.212,-0.209,-0.0638,-0.301,-0.407,0.249
2026,8,21,18,-0.0187,0.73,-0.118,-0.257,-0.033,-0.339,-0.288,-0.162,-0.149,-0.07,0.0335,0.0401,0.345
2026,8,21,19,-0.16,-0.0582,-0.119,-0.422,0.173,-0.452,-0.275,-0.177,-0.166,0.011,-0.158,-0.315,0.402
2026,8,21,20,-0.244,-0.0412,-0.627,-0.414,0.0087,-0.502,-0.151,-0.293,-0.306,-0.184,-0.244,-0.401,0.511
2026,8,21,21,-0.483,-0.267,-0.543,-0.598,-0.538,-0.405,-0.377,-0.476,-0.486,-0.491,-0.5,-0.537,-0.187
2026,8,21,22,-0.121,0.333,-0.459,-0.202,-0.286,-0.503,-0.105,-0.0786,-0.0752,-0.00235,-0.151,-0.276,0.00493
2026,8,21,23,-0.0495,0.021,-0.346,-0.384,0.501,-0.551,-0.0694,-0.228,-0.243,0.0466,-0.0361,-0.181,0.547
2026,8,21,24,-0.263,-0.326,-0.388,-0.49,0.115,-0.136,-0.0136,-0.227,-0.251,-0.136,-0.298,-0.43,0.122
2026,8,21,25,0.0225,0.0554,0.188,-0.214,0.412,-0.112,-0.179,-0.0769,-0.0661,0.0121,0.00762,-0.0776,0.607
2026,8,21,26,0.137,0.395,0.0615,0.111,0.261,-0.465,-0.0879,-0.115,-0.118,0.166,0.265,0.195,1.05
2026,8,21,27,-0.145,0.125,-0.374,-0.304,0.212,-0.36,-0.29,-0.141,-0.126,-0.0264,-0.14,-0.271,0.322
2026,8,21,28,-0.293,0.0805,-0.232,-0.456,-0.243,-0.461,-0.473,-0.388,-0.376,-0.277,-0.265,-0.308,0.191
2026,8,21,29,-0.0585,0.45,0.033,-0.298,0.49,-0.241,-0.127,-0.0356,-0.0242,-0.0815,-0.0835,-0.147,0.367
2026,8,21,30,-0.0693,0.315,0.0271,-0.23,-0.157,-0.418,-0.19,-0.203,-0.205,-0.0955,-0.0323,-0.0739,0.617
2026,8,21,31,-0.21,-0.192,-0.193,-0.433,-0.0511,-0.278,-0.0832,-0.158,-0.167,-0.0719,-0.236,-0.334,-0.0326
2026,8,21,32,0.0629,0.1,-0.192,-0.0649,0.222,-0.285,-0.0892,-0.0146,-0.0056,0.139,0.0818,-0.0807,0.673
2026,8,21,33,-0.0962,0.333,-0.524,-0.288,-0.0142,-0.344,-0.173,-0.225,-0.233,0.078,-0.033,-0.0999,-0.0371
2026,8,21,34,-0.168,-0.206,-0.511,-0.269,-0.119,-0.565,-0.291,-0.302,-0.303,-0.0301,-0.128,-0.313,0.327
2026,8,21,35,-0.157,0.182,-0.331,-0.327,0.145,-0.551,-0.366,-0.3,-0.292,-0.071,-0.114,-0.209,0.233
2026,8,21,36,-0.133,-0.012,0.0682,-0.363,0.268,-0.193,-0.113,-0.101,-0.0992,-0.0207,-0.164,-0.266,0.571
2026,8,21,37,0.127,0.248,-0.344,0.113,0.137,-0.23,-0.0742,0.0357,0.0517,0.177,0.162,0.0968,0.568
2026,8,21,38,-0.0471,0.0916,-0.215,-0.308,-0.0799,-0.111,0.122,-0.0545,-0.0782,0.109,-0.0569,-0.192,0.261
2026,8,21,39,-0.0589,0.31,-0.097,-0.345,0.362,-0.32,-0.34,-0.104,-0.0677,0.163,-0.0615,-0.186,0.386
2026,8,21,40,-0.098,-0.0087,-0.39,-0.225,-0.0468,-0.269,-0.0778,-0.176,-0.189,0.0764,-0.0664,-0.183,0.292
2026,8,21,41,-0.273,-0.253,-0.479,-0.433,-0.134,-0.319,-0.0267,-0.417,-0.45,-0.225,-0.23,-0.313,0.215
2026,8,21,42,-0.188,-0.21,-0.398,-0.311,0.111,-0.338,-0.297,-0.165,-0.15,-0.13,-0.228,-0.306,0.148
2026,8,21,43,0.0525,0.0866,-0.159,-0.137,0.185,-0.197,0.132,0.0103,-0.00457,0.175,0.0575,-0.0718,0.606
2026,8,21,44,-0.151,-0.166,-0.3,-0.327,0.0188,-0.283,-0.351,-0.224,-0.197,-0.00385,-0.122,-0.192,-0.0868
2026,8,21,45,0.421,1.05,-0.128,0.73,0.214,-0.106,0.169,0.2,0.205,0.782,0.536,0.382,0.525
2026,8,21,46,-0.0544,0.0474,0.0354,-0.15,-0.103,-0.364,-0.0376,-0.046,-0.0469,-0.103,-0.0815,-0.104,0.105
2026,8,21,47,-0.0527,-0.362,-0.254,-0.0222,0.0586,-0.655,-0.226,-0.129,-0.117,0.0991,-0.0475,-0.188,0.145
2026,8,21,48,0.143,0.4,-0.148,0.385,0.387,-0.303,0.144,-0.0679,-0.0954,0.28,0.327,0.36,0.294
2026,8,21,49,0.866,0.447,0.198,0.178,0.331,-0.0847,0.341,0.689,0.744,0.761,0.951,1.02,1.15
2026,8,21,50,0.235,0.622,-0.171,-0.125,0.703,-0.145,0.0971,0.0755,0.073,0.259,0.308,0.245,1.01
2026,8,21,51,-0.254,-0.184,-0.47,-0.317,-0.193,-0.408,-0.301,-0.258,-0.251,-0.166,-0.274,-0.365,-0.157
2026,8,21,52,-0.122,0.111,-0.309,-0.0424,-0.289,-0.474,-0.296,-0.253,-0.246,-0.0638,-0.0781,-0.102,0.00128
2026,8,21,53,0.053,0.209,-0.0259,-0.149,0.188,-0.339,0.023,-0.0522,-0.0607,0.194,0.105,-0.0258,0.545
2026,8,28,1,-0.266,-0.217,-0.422,-0.451,-0.23,-0.339,-0.125,-0.196,-0.204,-0.129,-0.304,-0.397,-0.15
2026,8,28,2,0.0539,-0.196,0.132,-0.123,0.00861,0.034,0.82,0.215,0.165,0.103,-0.00493,-0.0976,0.481
2026,8,28,3,-0.032,-0.0899,-0.136,-0.216,0.369,-0.151,0.121,-0.0931,-0.113,-0.0284,-0.0219,-0.0467,0.188
2026,8,28,4,-0.141,-0.173,-0.112,-0.366,-0.165,-0.362,-0.204,-0.0826,-0.0699,-0.035,-0.176,-0.284,0.237
2026,8,28,5,-0.213,-0.0835,-0.437,-0.328,-0.239,-0.435,-0.276,-0.279,-0.28,-0.124,-0.19,-0.267,0.109
2026,8,28,6,-0.398,-0.402,-0.449,-0.523,-0.295,-0.415,-0.354,-0.365,-0.367,-0.361,-0.427,-0.484,-0.254
2026,8,28,7,-0.148,0.0018,-0.193,-0.372,-0.021,-0.371,-0.261,-0.231,-0.228,-0.000875,-0.124,-0.221,0.523
2026,8,28,8,-0.346,-0.349,-0.478,-0.514,-0.398,-0.43,-0.312,-0.324,-0.326,-0.275,-0.375,-0.452,-0.256
2026,8,28,9,-0.305,-0.067,-0.427,-0.493,-0.25,-0.358,-0.0712,-0.334,-0.363,-0.231,-0.308,-0.371,-0.0411
2026,8,28,10,-0.0771,0.106,-0.332,-0.308,0.0962,-0.376,-0.4,-0.16,-0.129,0.0753,-0.0452,-0.206,0.729
2026,8,28,11,-0.199,-0.113,-0.492,-0.403,0.0716,-0.553,-0.44,-0.233,-0.198,-0.123,-0.187,-0.288,0.363
2026,8,28,12,-0.242,-0.109,-0.434,-0.389,-0.307,-0.429,-0.177,-0.398,-0.423,-0.281,-0.212,-0.229,0.0999
2026,8,28,13,-0.206,-0.0868,-0.587,-0.323,-0.0841,-0.448,-0.288,-0.185,-0.172,-0.0629,-0.228,-0.341,0.193
2026,8,28,14,-0.371,-0.376,-0.275,-0.525,-0.246,-0.375,-0.128,-0.291,-0.307,-0.286,-0.413,-0.48,-0.291
2026,8,28,15,-0.0806,0.168,-0.0226,-0.277,-0.0158,-0.176,-0.214,-0.0755,-0.0604,-0.0784,-0.102,-0.149,0.232
2026,8,28,16,-0.0773,0.266,-0.0643,-0.317,-0.175,-0.322,-0.248,-0.129,-0.111,0.0123,-0.0716,-0.154,0.533
2026,8,28,17,-0.293,-0.245,-0.322,-0.532,0.0812,-0.507,-0.372,-0.275,-0.264,-0.145,-0.309,-0.404,0.402
2026,8,28,18,-0.0989,0.591,-0.173,-0.344,-0.0493,-0.362,-0.332,-0.227,-0.216,-0.182,-0.0591,-0.0257,0.145
2026,8,28,19,-0.254,-0.146,-0.239,-0.516,-0.137,-0.325,-0.335,-0.276,-0.269,-0.169,-0.251,-0.326,0.0173
2026,8,28,20,-0.332,-0.157,-0.661,-0.483,-0.129,-0.506,-0.318,-0.349,-0.351,-0.245,-0.338,-0.483,0.234
2026,8,28,21,-0.5,-0.316,-0.548,-0.622,-0.592,-0.345,-0.391,-0.5,-0.511,-0.539,-0.515,-0.542,-0.224
2026,8,28,22,-0.121,0.401,-0.624,-0.157,-0.269,-0.574,-0.249,-0.0124,0.0182,-0.0962,-0.195,-0.346,0.241
2026,8,28,23,-0.116,0.0654,-0.393,-0.287,0.0675,-0.596,-0.153,-0.158,-0.158,-0.00237,-0.128,-0.255,0.266
2026,8,28,24,-0.336,-0.307,-0.388,-0.579,-0.0774,-0.203,0.149,-0.235,-0.277,-0.284,-0.385,-0.47,-0.0983
2026,8,28,25,-0.0401,-0.00334,0.0475,-0.169,0.0433,-0.229,-0.208,-0.0916,-0.0793,-0.047,-0.0598,-0.112,0.284
2026,8,28,26,-0.0309,0.0223,0.0559,-0.0367,-0.0958,-0.336,-0.347,-0.178,-0.156,-0.0341,0.0404,-0.0122,0.632
2026,8,28,27,-0.293,-0.0416,-0.471,-0.375,-0.179,-0.491,-0.28,-0.31,-0.313,-0.25,-0.288,-0.338,-0.0973
2026,8,28,28,-0.335,-0.131,-0.258,-0.452,-0.416,-0.498,-0.561,-0.403,-0.38,-0.337,-0.321,-0.346,-0.017
2026,8,28,29,-0.128,0.287,0.194,-0.333,0.105,-0.209,0.0329,-0.103,-0.12,-0.0991,-0.151,-0.212,0.204
2026,8,28,30,-0.132,0.0967,0.0196,-0.212,-0.394,-0.326,-0.0465,-0.211,-0.232,-0.141,-0.11,-0.149,0.377
2026,8,28,31,-0.288,-0.398,-0.218,-0.399,-0.216,-0.27,-0.14,-0.265,-0.28,-0.218,-0.298,-0.384,0.0927
2026,8,28,32,0.0363,0.00909,-0.256,-0.105,0.059,-0.389,-0.225,-0.0959,-0.0803,0.311,0.0811,-0.0744,0.254
2026,8,28,33,-0.153,0.264,-0.393,-0.146,-0.26,-0.361,-0.209,-0.212,-0.212,-0.0976,-0.131,-0.202,0.0431
2026,8,28,34,-0.252,0.00503,-0.52,-0.467,-0.113,-0.524,-0.173,-0.314,-0.329,0.0259,-0.24,-0.434,-0.123
2026,8,28,35,-0.229,0.0577,-0.442,-0.331,-0.202,-0.511,-0.401,-0.353,-0.348,-0.229,-0.204,-0.262,0.11
2026,8,28,36,-0.199,-0.147,-0.0824,-0.323,-0.0499,-0.284,-0.204,-0.211,-0.212,-0.0455,-0.214,-0.306,0.322
2026,8,28,37,-0.0357,-0.0593,-0.241,0.0544,-0.116,-0.356,-0.353,-0.0785,-0.0386,0.00782,-0.0266,-0.124,0.529
2026,8,28,38,-0.097,0.0123,-0.175,-0.273,-0.296,-0.0559,-0.03,-0.113,-0.124,-0.0984,-0.0919,-0.125,0.15
2026,8,28,39,-0.118,0.0723,-0.103,-0.317,-0.0613,-0.274,-0.196,-0.152,-0.146,0.0407,-0.119,-0.198,0.0983
2026,8,28,40,-0.212,-0.0174,-0.354,-0.369,-0.178,-0.467,-0.377,-0.239,-0.221,-0.162,-0.2,-0.25,0.0646
2026,8,28,41,-0.151,-0.0994,-0.396,-0.202,-0.276,-0.351,-0.253,-0.414,-0.427,-0.215,-0.0361,0.0285,0.0232
2026,8,28,42,-0.213,-0.15,-0.487,-0.198,-0.183,-0.316,-0.245,-0.208,-0.204,-0.128,-0.237,-0.306,0.0112
2026,8,28,43,-0.0454,-0.122,-0.219,-0.209,-0.0864,-0.248,-0.0719,-0.0327,-0.028,0.0208,-0.0708,-0.132,0.065
2026,8,28,44,-0.264,-0.387,-0.3,-0.383,-0.353,-0.485,-0.513,-0.312,-0.269,-0.231,-0.246,-0.27,-0.166
2026,8,28,45,0.225,0.716,-0.154,0.401,-0.118,-0.368,0.0535,0.168,0.184,0.153,0.227,0.248,0.381
2026,8,28,46,-0.18,0.0446,-0.239,-0.293,-0.157,-0.42,-0.236,-0.208,-0.205,-0.139,-0.176,-0.228,0.0
2026,8,28,47,-0.171,-0.264,-0.233,-0.258,0.0256,-0.446,-0.462,-0.235,-0.208,-0.00294,-0.14,-0.266,0.0229
2026,8,28,48,0.128,0.245,-0.0593,0.383,0.181,-0.224,0.134,-0.0141,-0.0332,0.223,0.251,0.283,0.167
2026,8,28,49,0.773,0.415,0.229,0.151,0.159,-0.263,0.22,0.561,0.615,0.745,0.873,0.957,0.743
2026,8,28,50,0.0881,0.283,-0.327,-0.173,0.343,-0.126,0.00852,-0.0448,-0.0509,0.128,0.146,0.101,0.578
2026,8,28,51,-0.285,-0.265,-0.52,-0.444,-0.303,0.294,-0.337,-0.134,-0.0994,-0.263,-0.377,-0.463,-0.293
2026,8,28,52,-0.25,-0.245,-0.574,-0.0895,-0.468,-0.353,-0.357,-0.272,-0.26,-0.286,-0.264,-0.287,-0.101
2026,8,28,53,-0.0305,0.271,-0.21,-0.107,-0.101,-0.52,-0.046,-0.102,-0.109,0.2,0.00755,-0.142,0.166
2026,9,4,1,-0.221,0.0502,-0.445,-0.439,-0.216,-0.287,-0.0868,-0.132,-0.137,-0.0939,-0.272,-0.375,-0.0654
2026,9,4,2,0.205,0.0618,0.356,-0.113,0.302,0.298,1.16,0.456,0.399,0.266,0.116,-0.0222,0.868
2026,9,4,3,0.0621,0.136,-0.138,-0.298,0.663,-0.107,0.292,0.128,0.113,0.0518,0.00958,-0.0637,0.467
2026,9,4,4,-0.0243,-0.0534,-0.00586,-0.26,-0.0901,-0.235,-0.0608,0.0481,0.0595,0.124,-0.0709,-0.231,0.594
2026,9,4,5,-0.115,0.136,-0.3,-0.316,-0.176,-0.262,-0.211,-0.155,-0.147,-0.0933,-0.118,-0.184,0.27
2026,9,4,6,-0.311,-0.354,-0.432,-0.436,-0.294,-0.245,-0.191,-0.276,-0.287,-0.235,-0.349,-0.431,-0.152
2026,9,4,7,-0.079,0.102,-0.182,-0.318,0.0396,-0.254,-0.3,-0.145,-0.129,0.0516,-0.0658,-0.175,0.753
2026,9,4,8,-0.232,-0.184,-0.363,-0.372,-0.333,-0.389,-0.17,-0.202,-0.207,-0.103,-0.268,-0.38,-0.156
2026,9,4,9,-0.203,0.141,-0.263,-0.422,-0.182,-0.255,-0.105,-0.227,-0.241,-0.111,-0.206,-0.295,0.214
2026,9,4,10,0.0947,0.449,-0.147,-0.175,0.224,-0.213,-0.142,-0.00618,0.0114,0.241,0.144,0.0146,0.763
2026,9,4,11,-0.0932,-0.0188,-0.355,-0.315,0.0923,-0.422,-0.32,-0.143,-0.113,-0.0132,-0.08,-0.218,0.75
2026,9,4,12,-0.192,0.0318,-0.224,-0.456,-0.172,-0.35,-0.251,-0.264,-0.266,-0.183,-0.194,-0.235,0.152
2026,9,4,13,-0.141,0.0137,-0.408,-0.31,-0.0807,-0.382,-0.206,-0.101,-0.088,-0.0466,-0.173,-0.279,0.304
2026,9,4,14,-0.275,-0.0906,-0.151,-0.456,-0.284,-0.184,-0.0692,-0.162,-0.171,-0.231,-0.319,-0.364,-0.246
2026,9,4,15,0.0618,0.382,0.227,-0.157,-0.00876,-0.204,-0.134,0.0696,0.0916,0.108,0.0271,-0.0436,0.352
2026,9,4,16,0.0562,0.507,0.0243,-0.248,0.0901,-0.346,0.00606,-0.0112,-0.0139,0.145,0.0624,-0.0367,0.848
2026,9,4,17,-0.193,-0.00922,-0.198,-0.444,-0.133,-0.393,-0.0402,-0.113,-0.121,-0.0226,-0.231,-0.336,0.45
2026,9,4,18,0.074,0.862,0.272,-0.165,-0.0908,-0.231,-0.163,-0.0545,-0.0429,0.0111,0.13,0.16,0.345
2026,9,4,19,-0.139,-0.0582,-0.061,-0.464,0.098,-0.33,-0.23,-0.152,-0.144,-0.0474,-0.138,-0.254,0.402
2026,9,4,20,-0.199,0.142,-0.589,-0.357,-0.258,-0.342,-0.207,-0.168,-0.165,-0.0105,-0.216,-0.345,-0.0954
2026,9,4,21,-0.43,-0.189,-0.527,-0.547,-0.547,-0.377,-0.336,-0.481,-0.496,-0.425,-0.434,-0.493,0.0636
2026,9,4,22,0.0705,0.102,-0.415,-0.18,0.0688,-0.203,-0.119,0.0637,0.0873,0.217,0.0805,-0.0203,0.153
2026,9,4,23,-0.115,0.0999,-0.31,-0.331,-0.0402,-0.455,-0.0556,-0.13,-0.138,-0.0419,-0.145,-0.257,0.222
2026,9,4,24,-0.216,-0.159,-0.353,-0.418,-0.0936,-0.0752,0.195,-0.171,-0.211,-0.0781,-0.239,-0.354,0.0695
2026,9,4,25,0.000663,0.165,0.215,-0.141,0.0323,-0.0444,-0.00716,-0.105,-0.116,0.0303,-0.00666,-0.0667,0.347
2026,9,4,26,0.165,0.494,0.419,0.204,0.146,-0.424,-0.456,-0.0402,0.0142,0.171,0.247,0.222,0.68
2026,9,4,27,-0.0677,0.102,-0.328,-0.34,0.251,-0.225,-0.0754,-0.0529,-0.0505,0.0933,-0.0848,-0.249,0.381
2026,9,4,28,-0.229,0.341,-0.191,-0.405,-0.128,-0.375,-0.407,-0.319,-0.306,-0.247,-0.206,-0.236,0.239
2026,9,4,29,-0.0491,0.383,0.239,-0.222,0.194,-0.151,-0.146,-0.0398,-0.0266,0.0147,-0.0643,-0.135,0.309
2026,9,4,30,-0.0224,0.479,0.195,-0.19,-0.325,-0.29,-0.19,-0.119,-0.11,-0.0282,-0.00399,-0.077,0.776
2026,9,4,31,-0.11,-0.0975,-0.247,-0.304,0.0816,-0.248,-0.286,-0.133,-0.115,0.00627,-0.115,-0.195,0.0977
2026,9,4,32,0.0692,0.255,-0.152,-0.0297,-0.08,0.0234,-0.0154,-0.024,-0.025,0.198,0.0962,-0.0146,0.359
2026,9,4,33,0.0718,1.41,-0.324,-0.0967,0.0222,-0.229,-0.0133,-0.0751,-0.0841,0.0014,0.13,0.089,0.549
2026,9,4,34,-0.163,-0.266,-0.511,-0.303,-0.0273,-0.306,-0.105,-0.133,-0.136,-0.047,-0.194,-0.344,0.0247
2026,9,4,35,-0.159,0.0993,-0.153,-0.234,-0.125,-0.382,-0.246,-0.273,-0.276,-0.0358,-0.13,-0.22,0.0914
2026,9,4,36,-0.111,0.0964,0.192,-0.353,-0.00499,-0.231,-0.146,-0.0579,-0.0468,-0.0116,-0.15,-0.238,0.448
2026,9,4,37,0.188,0.53,-0.281,0.182,0.0226,-0.12,-0.11,0.162,0.202,0.335,0.183,0.0381,0.624
2026,9,4,38,0.00105,0.0538,-0.279,-0.266,0.132,-0.0988,-0.0819,-0.0561,-0.0526,0.0966,0.0242,-0.0913,0.542
2026,9,4,39,0.0327,0.392,0.0745,-0.211,0.197,-0.156,-0.201,-0.0252,0.00164,0.238,0.039,-0.0716,0.435
2026,9,4,40,-0.0161,0.113,-0.169,-0.155,-0.21,0.00571,0.15,-0.0358,-0.0589,0.0501,-0.0197,-0.103,0.375
2026,9,4,41,-0.131,0.0132,-0.379,-0.31,-0.222,-0.218,-0.209,-0.31,-0.318,-0.0902,-0.0617,-0.0506,-0.0568
2026,9,4,42,-0.107,-0.0203,-0.342,-0.225,0.0817,-0.192,-0.127,-0.0816,-0.0764,0.0179,-0.141,-0.258,0.388
2026,9,4,43,0.112,-0.0512,-0.109,-0.113,0.331,-0.057,0.018,0.0689,0.0751,0.251,0.124,-0.00109,0.614
2026,9,4,44,-0.0861,-0.115,-0.0333,-0.229,-0.289,0.173,-0.235,0.0118,0.0647,-0.15,-0.165,-0.19,-0.0868
2026,9,4,45,0.8,2.88,0.0738,0.75,0.338,-0.214,0.037,0.291,0.326,1.15,1.09,1.09,0.827
2026,9,4,46,0.0107,0.265,0.0325,-0.0849,-0.207,-0.129,0.0526,0.0425,0.0413,0.139,-0.0161,-0.0976,-0.0329
2026,9,4,47,-0.0467,-0.0675,-0.233,-0.291,-0.245,0.0787,-0.29,0.0184,0.0555,0.178,-0.0908,-0.275,0.0153
2026,9,4,48,0.458,0.483,0.23,0.504,0.537,0.189,0.341,0.301,0.296,0.59,0.591,0.603,0.531
2026,9,4,49,0.799,0.836,0.588,0.293,0.00683,-0.0254,0.0732,0.579,0.659,0.569,0.896,1.03,1.1
2026,9,4,50,0.185,0.64,-0.12,-0.108,0.327,0.104,0.131,0.0961,0.092,0.176,0.227,0.209,0.584
2026,9,4,51,-0.244,-0.408,-0.52,-0.266,-0.184,-0.424,-0.386,-0.313,-0.3,-0.138,-0.217,-0.297,-0.0605
2026,9,4,52,-0.0886,-0.116,-0.289,-0.0357,-0.086,-0.204,-0.235,-0.168,-0.158,0.006,-0.0573,-0.129,0.14
2026,9,4,53,0.103,0.497,-0.0259,-0.0215,-0.0299,-0.112,-0.161,-0.0265,-0.0114,0.272,0.164,0.014,0.651
2026,9,11,1,-0.293,-0.208,-0.575,-0.502,-0.316,-0.325,0.00823,-0.158,-0.178,-0.205,-0.359,-0.448,-0.178
2026,9,11,2,0.00612,-0.158,0.0429,-0.275,0.0534,0.3,1.19,0.3,0.227,0.0539,-0.0806,-0.182,0.417
2026,9,11,3,-0.192,-0.132,-0.254,-0.409,-0.173,-0.174,-0.0689,-0.151,-0.158,-0.181,-0.218,-0.262,0.0207
2026,9,11,4,-0.124,-0.115,-0.177,-0.414,-0.245,-0.232,0.36,0.00585,-0.0314,-0.0214,-0.191,-0.32,0.303
2026,9,11,5,-0.268,-0.158,-0.421,-0.46,-0.271,-0.382,-0.303,-0.3,-0.299,-0.227,-0.265,-0.329,0.0525
2026,9,11,6,-0.41,-0.41,-0.527,-0.542,-0.426,-0.421,-0.272,-0.348,-0.358,-0.359,-0.452,-0.524,-0.259
2026,9,11,7,-0.209,-0.0989,-0.275,-0.483,-0.0376,-0.443,-0.0339,-0.229,-0.249,-0.157,-0.216,-0.305,0.609
2026,9,11,8,-0.318,-0.372,-0.561,-0.485,-0.438,-0.361,-0.174,-0.259,-0.271,-0.216,-0.371,-0.479,-0.253
2026,9,11,9,-0.378,-0.119,-0.503,-0.571,-0.372,-0.327,-0.156,-0.371,-0.395,-0.317,-0.387,-0.457,-0.0336
2026,9,11,10,-0.0738,0.171,-0.332,-0.285,0.0683,-0.254,-0.178,-0.136,-0.131,0.00925,-0.0478,-0.183,0.818
2026,9,11,11,-0.251,-0.141,-0.469,-0.419,-0.209,-0.519,-0.269,-0.273,-0.274,-0.124,-0.235,-0.358,0.306
2026,9,11,12,-0.352,-0.144,-0.376,-0.57,-0.411,-0.501,-0.38,-0.391,-0.392,-0.382,-0.347,-0.389,0.103
2026,9,11,13,-0.235,-0.246,-0.449,-0.352,-0.23,-0.41,-0.237,-0.173,-0.165,-0.106,-0.279,-0.39,0.108
2026,9,11,14,-0.418,-0.395,-0.427,-0.577,-0.334,-0.242,-0.086,-0.27,-0.289,-0.454,-0.483,-0.526,-0.322
2026,9,11,15,-0.149,0.193,-0.219,-0.296,-0.25,-0.13,-0.0438,-0.108,-0.115,-0.165,-0.2,-0.249,0.115
2026,9,11,16,-0.102,0.222,-0.166,-0.398,-0.139,-0.348,-0.0182,-0.134,-0.152,-0.0907,-0.107,-0.168,0.502
2026,9,11,17,-0.325,-0.211,-0.296,-0.533,-0.229,-0.457,-0.102,-0.21,-0.222,-0.213,-0.381,-0.464,0.133
2026,9,11,18,-0.156,0.261,-0.216,-0.337,-0.129,-0.304,-0.428,-0.289,-0.274,-0.177,-0.104,-0.11,0.18
2026,9,11,19,-0.291,-0.338,-0.392,-0.497,-0.284,-0.262,-0.118,-0.254,-0.269,-0.211,-0.321,-0.41,-0.0568
2026,9,11,20,-0.332,-0.121,-0.643,-0.493,-0.106,-0.488,-0.374,-0.302,-0.295,-0.276,-0.353,-0.441,-0.0745
2026,9,11,21,-0.53,-0.33,-0.614,-0.614,-0.607,-0.388,-0.349,-0.517,-0.534,-0.531,-0.544,-0.583,-0.233
2026,9,11,22,-0.181,0.0476,-0.686,-0.366,-0.25,-0.487,-0.191,-0.151,-0.146,-0.00235,-0.196,-0.296,-0.31
2026,9,11,23,-0.214,-0.295,-0.449,-0.469,-0.00299,-0.534,-0.306,-0.297,-0.296,-0.172,-0.225,-0.357,0.354
2026,9,11,24,-0.356,-0.36,-0.52,-0.548,-0.162,-0.192,-0.0769,-0.291,-0.315,-0.18,-0.387,-0.504,-0.204
2026,9,11,25,-0.127,-0.000668,0.0113,-0.293,-0.0748,-0.169,0.146,-0.193,-0.229,-0.126,-0.136,-0.201,0.308
2026,9,11,26,-0.131,0.102,-0.0112,-0.212,-0.18,-0.392,-0.28,-0.235,-0.229,-0.147,-0.0865,-0.111,0.282
2026,9,11,27,-0.302,-0.288,-0.471,-0.499,-0.093,-0.467,-0.377,-0.315,-0.308,-0.181,-0.289,-0.38,-0.0619
2026,9,11,28,-0.392,-0.225,-0.449,-0.545,-0.434,-0.581,-0.585,-0.437,-0.416,-0.446,-0.382,-0.405,0.0709
2026,9,11,29,-0.234,0.266,-0.179,-0.424,0.111,-0.315,0.0892,-0.12,-0.146,-0.216,-0.267,-0.322,0.0437
2026,9,11,30,-0.227,0.0239,-0.0924,-0.32,-0.47,-0.424,-0.412,-0.312,-0.299,-0.257,-0.209,-0.243,0.304
2026,9,11,31,-0.28,-0.345,-0.322,-0.4,-0.17,-0.322,-0.286,-0.186,-0.174,-0.259,-0.325,-0.407,0.0827
2026,9,11,32,-0.189,-0.127,-0.24,-0.368,-0.287,-0.351,0.00923,-0.22,-0.247,-0.125,-0.195,-0.28,0.0234
2026,9,11,33,-0.206,0.11,-0.211,-0.305,-0.369,-0.3,-0.129,-0.182,-0.19,-0.298,-0.225,-0.242,-0.013
2026,9,11,34,-0.29,-0.477,-0.602,-0.525,-0.0865,-0.411,-0.173,-0.286,-0.297,-0.156,-0.31,-0.482,-0.0247
2026,9,11,35,-0.307,-0.0254,-0.436,-0.407,-0.284,-0.408,-0.303,-0.38,-0.389,-0.256,-0.289,-0.336,-0.143
2026,9,11,36,-0.256,-0.147,-0.128,-0.438,-0.11,-0.318,-0.247,-0.208,-0.203,-0.174,-0.284,-0.343,0.056
2026,9,11,37,0.0175,0.116,-0.338,0.0695,-0.128,-0.103,-0.0562,0.022,0.0334,-0.0172,0.0149,-0.0319,0.465
2026,9,11,38,-0.132,-0.177,-0.293,-0.39,-0.213,-0.147,-0.0138,-0.112,-0.125,-0.0594,-0.144,-0.233,0.153
2026,9,11,39,-0.202,0.162,-0.153,-0.406,-0.167,-0.303,-0.383,-0.222,-0.198,-0.0192,-0.207,-0.308,0.131
2026,9,11,40,-0.256,-0.27,-0.359,-0.374,-0.334,-0.291,-0.174,-0.271,-0.283,-0.248,-0.255,-0.331,0.354
2026,9,11,41,-0.287,-0.269,-0.455,-0.468,-0.229,-0.47,-0.435,-0.426,-0.426,-0.245,-0.219,-0.29,0.232
2026,9,11,42,-0.233,-0.235,-0.403,-0.361,-0.164,-0.206,-0.368,-0.217,-0.2,-0.179,-0.261,-0.343,0.219
2026,9,11,43,-0.101,-0.173,-0.299,-0.278,0.113,-0.159,0.0539,-0.101,-0.12,0.0906,-0.104,-0.249,0.297
2026,9,11,44,-0.255,-0.523,-0.283,-0.344,-0.328,-0.298,-0.0957,-0.226,-0.254,-0.246,-0.28,-0.323,-0.156
2026,9,11,45,0.426,2.88,-0.342,0.0824,-0.139,-0.223,0.169,0.0896,0.0786,0.683,0.62,0.548,0.813
2026,9,11,46,-0.197,0.087,-0.236,-0.329,-0.391,-0.238,-0.164,-0.117,-0.112,-0.249,-0.244,-0.248,-0.204
2026,9,11,47,-0.167,-0.362,-0.461,-0.182,-0.256,-0.251,-0.269,-0.2,-0.192,-0.0186,-0.156,-0.278,-0.00763
2026,9,11,48,0.0387,0.236,-0.148,0.225,0.0677,-0.144,-0.204,-0.114,-0.102,0.243,0.177,0.164,0.0486
2026,9,11,49,0.348,0.522,0.198,0.0336,-0.00488,-0.161,0.11,0.191,0.204,0.314,0.398,0.452,0.323
2026,9,11,50,-0.0123,0.341,-0.314,-0.246,0.171,-0.0907,-0.0596,-0.123,-0.13,-0.00906,0.0275,-0.0137,0.501
2026,9,11,51,-0.341,-0.449,-0.627,-0.385,-0.175,-0.621,-0.386,-0.376,-0.375,-0.304,-0.351,-0.409,-0.206
2026,9,11,52,-0.283,-0.0404,-0.489,-0.19,-0.608,-0.226,-0.214,-0.337,-0.355,-0.382,-0.273,-0.244,-0.158
2026,9,11,53,-0.123,-0.0487,-0.234,-0.236,-0.209,-0.157,-0.138,-0.117,-0.115,-0.0622,-0.147,-0.258,0.192
2026,9,18,1,-0.194,-0.0118,-0.451,-0.453,-0.191,-0.303,-0.0589,-0.107,-0.113,-0.0905,-0.24,-0.346,0.0587
2026,9,18,2,0.23,-0.0497,0.285,-0.116,0.239,0.404,1.82,0.596,0.495,0.276,0.117,-0.0173,0.814
2026,9,18,3,-0.0388,0.103,-0.0968,-0.3,0.0999,0.0887,0.438,0.066,0.0314,-0.0344,-0.102,-0.168,0.232
2026,9,18,4,0.0189,-0.00912,-0.0362,-0.276,-0.105,-0.163,0.088,0.0813,0.0806,0.2,-0.0299,-0.193,0.544
2026,9,18,5,-0.136,-0.00731,-0.348,-0.38,-0.212,-0.254,-0.229,-0.161,-0.151,-0.0939,-0.15,-0.253,0.376
2026,9,18,6,-0.321,-0.247,-0.47,-0.531,-0.293,-0.36,-0.292,-0.28,-0.279,-0.261,-0.357,-0.458,0.011
2026,9,18,7,-0.0893,0.0114,-0.207,-0.342,0.0183,-0.189,-0.188,-0.126,-0.12,-0.0381,-0.0882,-0.182,0.847
2026,9,18,8,-0.293,-0.195,-0.506,-0.514,-0.368,-0.392,-0.248,-0.246,-0.246,-0.24,-0.335,-0.434,-0.0811
2026,9,18,9,-0.246,0.0678,-0.402,-0.5,-0.319,-0.175,-0.153,-0.305,-0.321,-0.227,-0.241,-0.315,0.305
2026,9,18,10,0.0511,0.241,-0.19,-0.134,0.129,-0.321,-0.171,-0.0461,-0.03,0.193,0.0954,-0.0557,0.899
2026,9,18,11,-0.129,-0.0845,-0.383,-0.334,-0.119,-0.366,-0.222,-0.104,-0.0838,0.0132,-0.148,-0.329,0.664
2026,9,18,12,-0.231,0.0392,-0.201,-0.487,-0.323,-0.287,-0.149,-0.265,-0.279,-0.252,-0.234,-0.279,0.207
2026,9,18,13,-0.203,-0.161,-0.554,-0.321,-0.192,-0.45,-0.242,-0.161,-0.151,-0.0336,-0.249,-0.396,0.294
2026,9,18,14,-0.313,-0.279,-0.304,-0.503,-0.302,-0.235,0.166,-0.191,-0.227,-0.238,-0.358,-0.423,-0.243
2026,9,18,15,0.0964,0.394,0.167,-0.128,0.0531,0.0807,0.0964,0.096,0.096,0.0932,0.0439,-0.0238,0.465
2026,9,18,16,0.0517,0.451,0.0308,-0.254,-0.0643,-0.246,0.0141,-0.0314,-0.0382,0.174,0.0628,-0.044,0.835
2026,9,18,17,-0.199,-0.147,-0.194,-0.44,-0.199,-0.396,-0.0506,-0.105,-0.112,-0.0862,-0.235,-0.325,0.473
2026,9,18,18,-0.0473,0.509,0.00813,-0.296,-0.205,-0.254,-0.295,-0.168,-0.154,-0.136,-0.00135,0.0208,0.318
2026,9,18,19,-0.14,-0.11,-0.123,-0.411,0.088,-0.302,-0.178,-0.172,-0.171,-0.0526,-0.127,-0.252,0.546
2026,9,18,20,-0.178,-0.0595,-0.621,-0.347,-0.102,-0.14,-0.0726,-0.189,-0.2,-0.166,-0.193,-0.323,0.501
2026,9,18,21,-0.458,-0.178,-0.561,-0.609,-0.594,-0.385,-0.329,-0.53,-0.551,-0.507,-0.455,-0.513,0.163
2026,9,18,22,0.0023,0.0884,-0.354,-0.163,-0.267,-0.408,0.0108,0.0786,0.0873,0.0821,-0.0286,-0.221,0.576
2026,9,18,23,-0.156,-0.0727,-0.382,-0.392,-0.123,-0.337,-0.347,-0.172,-0.156,-0.0545,-0.174,-0.294,0.201
2026,9,18,24,-0.244,-0.278,-0.384,-0.521,-0.0713,-0.109,0.00452,-0.248,-0.275,-0.14,-0.258,-0.4,0.367
2026,9,18,25,0.00812,0.125,0.333,-0.132,-0.0358,-0.222,-0.103,-0.177,-0.185,-0.0255,0.0255,-0.0215,0.464
2026,9,18,26,0.0465,0.34,0.235,-0.0298,0.0359,-0.323,-0.289,-0.133,-0.113,0.00916,0.106,0.101,0.484
2026,9,18,27,-0.186,-0.265,-0.446,-0.348,-0.0388,-0.524,-0.319,-0.208,-0.197,-0.00352,-0.184,-0.281,-0.162
2026,9,18,28,-0.249,0.142,-0.209,-0.456,-0.357,-0.398,-0.449,-0.394,-0.386,-0.292,-0.212,-0.256,0.499
2026,9,18,29,-0.0897,0.4,0.0652,-0.274,0.139,-0.219,0.061,-0.116,-0.138,-0.0581,-0.0989,-0.175,0.377
2026,9,18,30,-0.0554,0.279,0.184,-0.177,-0.36,-0.235,-0.268,-0.167,-0.154,-0.0583,-0.014,-0.0615,0.613
2026,9,18,31,-0.13,-0.242,-0.189,-0.391,0.0816,-0.0565,-0.0751,-0.0802,-0.0808,0.055,-0.154,-0.266,0.00752
2026,9,18,32,-0.0241,0.0727,-0.248,-0.271,0.0171,-0.334,0.0215,-0.107,-0.122,0.0696,-0.00809,-0.168,0.524
2026,9,18,33,-0.0665,0.371,-0.243,-0.216,-0.257,-0.189,-0.182,-0.128,-0.12,-0.0976,-0.036,-0.0782,0.244
2026,9,18,34,-0.154,-0.317,-0.43,-0.426,-0.202,-0.339,0.0633,-0.232,-0.263,-0.125,-0.127,-0.298,0.488
2026,9,18,35,-0.192,0.0485,-0.285,-0.322,-0.194,-0.32,-0.232,-0.292,-0.299,-0.179,-0.162,-0.246,0.26
2026,9,18,36,-0.0483,0.0672,0.0416,-0.265,0.12,-0.116,-0.0887,-0.00548,0.00497,0.0315,-0.0853,-0.185,0.723
2026,9,18,37,0.172,0.459,-0.15,0.198,-0.00151,-0.0261,-0.0652,0.0311,0.0451,0.175,0.197,0.105,0.925
2026,9,18,38,-0.0987,0.126,-0.158,-0.301,-0.319,-0.0541,0.0349,-0.0611,-0.0739,-0.0354,-0.126,-0.233,0.271
2026,9,18,39,-0.0204,0.165,0.00422,-0.315,0.0637,0.0461,-0.0526,-0.0651,-0.067,0.165,-0.0145,-0.126,0.463
2026,9,18,40,-0.0206,0.357,-0.118,-0.246,-0.227,0.0286,-0.0299,0.00796,0.0127,-0.0692,-0.0619,-0.116,0.426
2026,9,18,41,-0.224,-0.102,-0.337,-0.39,-0.353,-0.361,-0.171,-0.356,-0.372,-0.222,-0.17,-0.195,0.0884
2026,9,18,42,-0.0869,-0.0311,-0.353,-0.184,-0.125,-0.132,-0.0193,-0.0356,-0.0375,-0.069,-0.138,-0.216,0.346
2026,9,18,43,0.0505,-0.0236,-0.198,-0.103,0.119,-0.0706,0.186,0.0181,-0.00238,0.158,0.0569,-0.0738,0.671
2026,9,18,44,-0.148,-0.37,-0.15,-0.164,-0.228,-0.333,-0.316,-0.207,-0.184,-0.0885,-0.163,-0.231,-0.0273
2026,9,18,45,0.133,0.349,0.0604,0.265,-0.165,-0.314,-0.0782,-0.0111,-0.00172,0.103,0.192,0.178,0.612
2026,9,18,46,-0.0274,0.0559,-0.118,-0.182,-0.171,0.0449,0.131,0.0343,0.0229,-0.00401,-0.0587,-0.0911,-0.0449
2026,9,18,47,-0.0908,-0.202,-0.316,-0.232,-0.256,-0.296,-0.161,-0.106,-0.0994,0.134,-0.0932,-0.266,0.0534
2026,9,18,48,0.281,0.272,0.281,0.322,0.254,0.0448,0.439,0.199,0.167,0.229,0.353,0.38,0.59
2026,9,18,49,0.632,0.711,0.603,0.0859,0.214,0.0593,-0.0366,0.407,0.477,0.566,0.72,0.77,0.9
2026,9,18,50,0.256,0.648,-0.176,-0.00419,0.431,0.198,0.0698,0.06,0.0588,0.282,0.315,0.282,0.71
2026,9,18,51,-0.225,0.0204,-0.536,-0.224,-0.356,-0.266,0.0361,-0.191,-0.23,-0.235,-0.274,-0.378,0.123
2026,9,18,52,-0.182,-0.197,-0.399,-0.106,-0.485,-0.439,-0.204,-0.242,-0.248,-0.206,-0.179,-0.227,0.114
2026,9,18,53,0.0696,0.318,-0.162,-0.101,0.0272,0.0956,0.253,0.00495,-0.023,0.182,0.0712,-0.0982,0.66
2026,9,25,1,-0.229,-0.141,-0.475,-0.391,-0.223,-0.455,0.0171,-0.128,-0.145,-0.123,-0.284,-0.383,-0.0526
2026,9,25,2,0.104,-0.175,0.166,-0.187,0.281,0.135,1.25,0.43,0.363,0.0927,0.00316,-0.0994,0.603
2026,9,25,3,-0.104,-0.114,-0.148,-0.244,-0.164,-0.0731,0.215,-0.0382,-0.0618,-0.0639,-0.155,-0.221,0.115
2026,9,25,4,-0.0907,-0.133,-0.17,-0.309,-0.175,-0.321,0.0251,0.0157,0.0147,0.0879,-0.148,-0.293,0.246
2026,9,25,5,-0.191,-0.0731,-0.412,-0.356,-0.234,-0.467,-0.273,-0.227,-0.221,-0.135,-0.194,-0.285,0.239
2026,9,25,6,-0.342,-0.311,-0.5,-0.488,-0.348,-0.486,-0.178,-0.274,-0.286,-0.239,-0.386,-0.473,-0.251
2026,9,25,7,-0.131,-0.0342,-0.301,-0.343,0.0576,-0.341,-0.128,-0.171,-0.176,-0.0153,-0.129,-0.216,0.441
2026,9,25,8,-0.301,-0.261,-0.495,-0.466,-0.454,-0.455,-0.248,-0.218,-0.214,-0.27,-0.358,-0.432,-0.218
2026,9,25,9,-0.252,-0.0702,-0.372,-0.413,-0.271,-0.438,-0.0237,-0.283,-0.311,-0.248,-0.255,-0.309,0.149
2026,9,25,10,0.019,0.149,-0.282,-0.128,0.135,-0.419,-0.135,-0.075,-0.0672,0.249,0.0704,-0.11,0.738
2026,9,25,11,-0.143,-0.15,-0.394,-0.277,-0.017,-0.46,-0.167,-0.14,-0.135,0.0142,-0.148,-0.296,0.385
2026,9,25,12,-0.264,0.0682,-0.404,-0.429,-0.355,-0.433,-0.126,-0.331,-0.355,-0.336,-0.259,-0.299,0.28
2026,9,25,13,-0.107,-0.22,-0.54,-0.19,-0.0509,-0.491,-0.227,-0.0582,-0.0369,-0.00651,-0.174,-0.298,0.339
2026,9,25,14,-0.377,-0.414,-0.41,-0.496,-0.342,-0.232,-0.0356,-0.257,-0.279,-0.279,-0.428,-0.506,-0.292
2026,9,25,15,0.0449,0.385,0.0105,-0.129,-0.00409,-0.0752,0.0113,0.0451,0.0487,0.0521,0.0159,-0.0561,0.527
2026,9,25,16,0.0149,0.534,-0.112,-0.301,-0.184,-0.087,0.0707,0.0157,0.00746,0.131,-0.00161,-0.0874,0.467
2026,9,25,17,-0.243,-0.176,-0.286,-0.421,-0.168,-0.4,-0.211,-0.174,-0.17,-0.113,-0.284,-0.379,0.394
2026,9,25,18,-0.0423,0.501,-0.165,-0.249,-0.159,-0.161,-0.207,-0.161,-0.156,-0.11,-0.0168,-0.0353,0.424
2026,9,25,19,-0.179,-0.172,-0.192,-0.388,-0.0688,-0.393,-0.14,-0.204,-0.211,-0.107,-0.181,-0.306,0.491
2026,9,25,20,-0.246,-0.00458,-0.621,-0.333,-0.349,-0.351,-0.117,-0.207,-0.215,-0.121,-0.274,-0.398,-0.0222
2026,9,25,21,-0.452,0.0806,-0.513,-0.604,-0.634,-0.391,-0.474,-0.539,-0.546,-0.501,-0.45,-0.482,-0.0636
2026,9,25,22,-0.102,0.293,-0.362,-0.126,-0.318,-0.448,-0.235,-0.0141,0.0145,-0.0367,-0.162,-0.286,0.064
2026,9,25,23,-0.158,-0.107,-0.47,-0.34,-0.144,-0.635,-0.125,-0.195,-0.202,-0.127,-0.165,-0.233,0.107
2026,9,25,24,-0.28,-0.355,-0.377,-0.471,-0.156,-0.365,-0.0588,-0.25,-0.27,-0.136,-0.297,-0.407,-0.0264
2026,9,25,25,-0.00464,0.0902,0.183,-0.129,-0.0768,-0.0935,0.241,-0.0375,-0.0671,-0.0233,-0.0282,-0.104,0.503
2026,9,25,26,0.112,0.315,0.263,0.135,0.0379,-0.24,-0.289,-0.112,-0.0887,0.0624,0.22,0.213,0.822
2026,9,25,27,-0.151,-0.151,-0.416,-0.322,0.0715,-0.372,0.0316,-0.0817,-0.0937,-0.0387,-0.19,-0.307,0.0619
2026,9,25,28,-0.236,-0.0989,-0.209,-0.399,-0.347,-0.431,-0.384,-0.364,-0.361,-0.296,-0.202,-0.23,0.407
2026,9,25,29,-0.0522,0.409,0.133,-0.184,0.022,-0.145,-0.0798,-0.0772,-0.0768,-0.0956,-0.0633,-0.0886,0.174
2026,9,25,30,-0.0408,0.242,0.0308,-0.113,-0.399,-0.145,-0.184,-0.152,-0.148,-0.0909,-0.0133,-0.0372,0.531
2026,9,25,31,-0.166,-0.0947,-0.164,-0.351,-0.096,-0.413,0.0304,-0.0673,-0.0789,-0.097,-0.226,-0.329,0.138
2026,9,25,32,0.00433,0.164,-0.088,-0.0264,-0.219,-0.444,0.0831,-0.0573,-0.0743,0.04,-0.00234,-0.0844,0.265
2026,9,25,33,-0.072,0.0624,-0.343,-0.122,-0.25,-0.419,0.00444,-0.0909,-0.105,-0.0603,-0.0795,-0.145,0.107
2026,9,25,34,-0.117,-0.347,-0.602,-0.183,-0.131,-0.468,0.097,-0.114,-0.136,0.292,-0.115,-0.412,0.0617
2026,9,25,35,-0.163,0.155,-0.298,-0.253,-0.231,-0.39,-0.0282,-0.217,-0.238,-0.139,-0.159,-0.247,0.201
2026,9,25,36,-0.146,-0.0912,-0.0062,-0.311,-0.02,-0.185,0.0408,-0.0665,-0.0799,-0.0861,-0.19,-0.27,0.423
2026,9,25,37,0.0603,0.134,-0.384,0.143,-0.188,-0.274,0.106,0.0448,0.036,0.164,0.0511,-0.0894,0.608
2026,9,25,38,-0.0554,0.0878,-0.264,-0.244,-0.255,-0.108,-0.0495,-0.0584,-0.0596,0.00881,-0.0703,-0.17,0.321
2026,9,25,39,-0.0232,0.288,-0.148,-0.277,0.0685,-0.167,-0.124,-0.0391,-0.0261,0.157,-0.0377,-0.156,0.451
2026,9,25,40,-0.149,-0.0174,-0.313,-0.257,-0.244,-0.39,-0.186,-0.17,-0.168,-0.103,-0.142,-0.219,0.344
2026,9,25,41,-0.26,-0.0741,-0.451,-0.332,-0.378,-0.425,-0.033,-0.371,-0.4,-0.195,-0.218,-0.275,0.04
2026,9,25,42,-0.125,-0.0834,-0.414,-0.175,-0.0829,-0.256,-0.0911,-0.123,-0.127,-0.0622,-0.171,-0.26,0.282
2026,9,25,43,0.000886,-0.0276,-0.192,-0.154,0.0741,-0.176,0.198,0.0259,0.00493,0.0646,-0.0306,-0.151,0.528
2026,9,25,44,-0.237,-0.2,-0.417,-0.383,-0.199,-0.431,-0.142,-0.254,-0.279,-0.15,-0.25,-0.317,-0.186
2026,9,25,45,0.376,0.394,-0.168,0.521,-0.0884,0.156,0.58,0.48,0.466,0.323,0.297,0.178,0.914
2026,9,25,46,-0.0921,0.11,-0.187,-0.109,-0.315,-0.332,-0.0316,-0.0851,-0.0914,-0.0802,-0.107,-0.131,-0.0569
2026,9,25,47,-0.0512,-0.485,-0.275,-0.0192,-0.341,-0.476,-0.0323,0.161,0.185,0.0913,-0.141,-0.287,-0.0992
2026,9,25,48,0.34,0.574,0.163,0.383,0.61,-0.0647,0.188,0.11,0.0996,0.438,0.524,0.525,0.776
2026,9,25,49,0.729,0.792,0.366,0.208,0.221,0.127,0.0366,0.437,0.5,0.604,0.893,0.96,1.41
2026,9,25,50,0.231,0.471,-0.224,0.0524,0.262,-0.0673,0.233,0.0586,0.0383,0.325,0.316,0.266,0.677
2026,9,25,51,-0.253,-0.0816,-0.503,-0.287,-0.241,-0.345,-0.145,-0.228,-0.242,-0.213,-0.277,-0.363,-0.0412
2026,9,25,52,-0.156,-0.159,-0.561,-0.0575,-0.445,-0.304,-0.184,-0.194,-0.195,-0.151,-0.156,-0.179,-0.0603
2026,9,25,53,0.0471,0.185,-0.106,0.0198,-0.152,-0.326,0.299,0.0481,0.0198,0.154,0.0263,-0.135,0.501
