year,month,day_endofweek,statefips,bg_posts,bg_posts_ss30,bg_posts_ss55,bg_posts_ss60,bg_posts_ss65,bg_posts_ss70,bg_posts_jz1,bg_posts_jzgrp12,bg_posts_jz2,bg_posts_jz3,bg_posts_jzgrp345,bg_posts_jz4,bg_posts_jz5
2020,1,10,1,.,.,.,.,.,.,.,.,.,.,.,.,.
2020,1,10,2,.,.,.,.,.,.,.,.,.,.,.,.,.
2020,1,10,4,.,.,.,.,.,.,.,.,.,.,.,.,.
2020,1,10,5,.,.,.,.,.,.,.,.,.,.,.,.,.
2020,1,10,6,.,.,.,.,.,.,.,.,.,.,.,.,.
2020,1,10,8,.,.,.,.,.,.,.,.,.,.,.,.,.
2020,1,10,9,.,.,.,.,.,.,.,.,.,.,.,.,.
2020,1,10,10,.,.,.,.,.,.,.,.,.,.,.,.,.
2020,1,10,11,.,.,.,.,.,.,.,.,.,.,.,.,.
2020,1,10,12,.,.,.,.,.,.,.,.,.,.,.,.,.
2020,1,10,13,.,.,.,.,.,.,.,.,.,.,.,.,.
2020,1,10,15,.,.,.,.,.,.,.,.,.,.,.,.,.
2020,1,10,16,.,.,.,.,.,.,.,.,.,.,.,.,.
2020,1,10,17,.,.,.,.,.,.,.,.,.,.,.,.,.
2020,1,10,18,.,.,.,.,.,.,.,.,.,.,.,.,.
2020,1,10,19,.,.,.,.,.,.,.,.,.,.,.,.,.
2020,1,10,20,.,.,.,.,.,.,.,.,.,.,.,.,.
2020,1,10,21,.,.,.,.,.,.,.,.,.,.,.,.,.
2020,1,10,22,.,.,.,.,.,.,.,.,.,.,.,.,.
2020,1,10,23,.,.,.,.,.,.,.,.,.,.,.,.,.
2020,1,10,24,.,.,.,.,.,.,.,.,.,.,.,.,.
2020,1,10,25,.,.,.,.,.,.,.,.,.,.,.,.,.
2020,1,10,26,.,.,.,.,.,.,.,.,.,.,.,.,.
2020,1,10,27,.,.,.,.,.,.,.,.,.,.,.,.,.
2020,1,10,28,.,.,.,.,.,.,.,.,.,.,.,.,.
2020,1,10,29,.,.,.,.,.,.,.,.,.,.,.,.,.
2020,1,10,30,.,.,.,.,.,.,.,.,.,.,.,.,.
2020,1,10,31,.,.,.,.,.,.,.,.,.,.,.,.,.
2020,1,10,32,.,.,.,.,.,.,.,.,.,.,.,.,.
2020,1,10,33,.,.,.,.,.,.,.,.,.,.,.,.,.
2020,1,10,34,.,.,.,.,.,.,.,.,.,.,.,.,.
2020,1,10,35,.,.,.,.,.,.,.,.,.,.,.,.,.
2020,1,10,36,.,.,.,.,.,.,.,.,.,.,.,.,.
2020,1,10,37,.,.,.,.,.,.,.,.,.,.,.,.,.
2020,1,10,38,.,.,.,.,.,.,.,.,.,.,.,.,.
2020,1,10,39,.,.,.,.,.,.,.,.,.,.,.,.,.
2020,1,10,40,.,.,.,.,.,.,.,.,.,.,.,.,.
2020,1,10,41,.,.,.,.,.,.,.,.,.,.,.,.,.
2020,1,10,42,.,.,.,.,.,.,.,.,.,.,.,.,.
2020,1,10,44,.,.,.,.,.,.,.,.,.,.,.,.,.
2020,1,10,45,.,.,.,.,.,.,.,.,.,.,.,.,.
2020,1,10,46,.,.,.,.,.,.,.,.,.,.,.,.,.
2020,1,10,47,.,.,.,.,.,.,.,.,.,.,.,.,.
2020,1,10,48,.,.,.,.,.,.,.,.,.,.,.,.,.
2020,1,10,49,.,.,.,.,.,.,.,.,.,.,.,.,.
2020,1,10,50,.,.,.,.,.,.,.,.,.,.,.,.,.
2020,1,10,51,.,.,.,.,.,.,.,.,.,.,.,.,.
2020,1,10,53,.,.,.,.,.,.,.,.,.,.,.,.,.
2020,1,10,54,.,.,.,.,.,.,.,.,.,.,.,.,.
2020,1,10,55,.,.,.,.,.,.,.,.,.,.,.,.,.
2020,1,10,56,.,.,.,.,.,.,.,.,.,.,.,.,.
2020,1,17,1,.,.,.,.,.,.,.,.,.,.,.,.,.
2020,1,17,2,.,.,.,.,.,.,.,.,.,.,.,.,.
2020,1,17,4,.,.,.,.,.,.,.,.,.,.,.,.,.
2020,1,17,5,.,.,.,.,.,.,.,.,.,.,.,.,.
2020,1,17,6,.,.,.,.,.,.,.,.,.,.,.,.,.
2020,1,17,8,.,.,.,.,.,.,.,.,.,.,.,.,.
2020,1,17,9,.,.,.,.,.,.,.,.,.,.,.,.,.
2020,1,17,10,.,.,.,.,.,.,.,.,.,.,.,.,.
2020,1,17,11,.,.,.,.,.,.,.,.,.,.,.,.,.
2020,1,17,12,.,.,.,.,.,.,.,.,.,.,.,.,.
2020,1,17,13,.,.,.,.,.,.,.,.,.,.,.,.,.
2020,1,17,15,.,.,.,.,.,.,.,.,.,.,.,.,.
2020,1,17,16,.,.,.,.,.,.,.,.,.,.,.,.,.
2020,1,17,17,.,.,.,.,.,.,.,.,.,.,.,.,.
2020,1,17,18,.,.,.,.,.,.,.,.,.,.,.,.,.
2020,1,17,19,.,.,.,.,.,.,.,.,.,.,.,.,.
2020,1,17,20,.,.,.,.,.,.,.,.,.,.,.,.,.
2020,1,17,21,.,.,.,.,.,.,.,.,.,.,.,.,.
2020,1,17,22,.,.,.,.,.,.,.,.,.,.,.,.,.
2020,1,17,23,.,.,.,.,.,.,.,.,.,.,.,.,.
2020,1,17,24,.,.,.,.,.,.,.,.,.,.,.,.,.
2020,1,17,25,.,.,.,.,.,.,.,.,.,.,.,.,.
2020,1,17,26,.,.,.,.,.,.,.,.,.,.,.,.,.
2020,1,17,27,.,.,.,.,.,.,.,.,.,.,.,.,.
2020,1,17,28,.,.,.,.,.,.,.,.,.,.,.,.,.
2020,1,17,29,.,.,.,.,.,.,.,.,.,.,.,.,.
2020,1,17,30,.,.,.,.,.,.,.,.,.,.,.,.,.
2020,1,17,31,.,.,.,.,.,.,.,.,.,.,.,.,.
2020,1,17,32,.,.,.,.,.,.,.,.,.,.,.,.,.
2020,1,17,33,.,.,.,.,.,.,.,.,.,.,.,.,.
2020,1,17,34,.,.,.,.,.,.,.,.,.,.,.,.,.
2020,1,17,35,.,.,.,.,.,.,.,.,.,.,.,.,.
2020,1,17,36,.,.,.,.,.,.,.,.,.,.,.,.,.
2020,1,17,37,.,.,.,.,.,.,.,.,.,.,.,.,.
2020,1,17,38,.,.,.,.,.,.,.,.,.,.,.,.,.
2020,1,17,39,.,.,.,.,.,.,.,.,.,.,.,.,.
2020,1,17,40,.,.,.,.,.,.,.,.,.,.,.,.,.
2020,1,17,41,.,.,.,.,.,.,.,.,.,.,.,.,.
2020,1,17,42,.,.,.,.,.,.,.,.,.,.,.,.,.
2020,1,17,44,.,.,.,.,.,.,.,.,.,.,.,.,.
2020,1,17,45,.,.,.,.,.,.,.,.,.,.,.,.,.
2020,1,17,46,.,.,.,.,.,.,.,.,.,.,.,.,.
2020,1,17,47,.,.,.,.,.,.,.,.,.,.,.,.,.
2020,1,17,48,.,.,.,.,.,.,.,.,.,.,.,.,.
2020,1,17,49,.,.,.,.,.,.,.,.,.,.,.,.,.
2020,1,17,50,.,.,.,.,.,.,.,.,.,.,.,.,.
2020,1,17,51,.,.,.,.,.,.,.,.,.,.,.,.,.
2020,1,17,53,.,.,.,.,.,.,.,.,.,.,.,.,.
2020,1,17,54,.,.,.,.,.,.,.,.,.,.,.,.,.
2020,1,17,55,.,.,.,.,.,.,.,.,.,.,.,.,.
2020,1,17,56,.,.,.,.,.,.,.,.,.,.,.,.,.
2020,1,24,1,.,.,.,.,.,.,.,.,.,.,.,.,.
2020,1,24,2,.,.,.,.,.,.,.,.,.,.,.,.,.
2020,1,24,4,.,.,.,.,.,.,.,.,.,.,.,.,.
2020,1,24,5,.,.,.,.,.,.,.,.,.,.,.,.,.
2020,1,24,6,.,.,.,.,.,.,.,.,.,.,.,.,.
2020,1,24,8,.,.,.,.,.,.,.,.,.,.,.,.,.
2020,1,24,9,.,.,.,.,.,.,.,.,.,.,.,.,.
2020,1,24,10,.,.,.,.,.,.,.,.,.,.,.,.,.
2020,1,24,11,.,.,.,.,.,.,.,.,.,.,.,.,.
2020,1,24,12,.,.,.,.,.,.,.,.,.,.,.,.,.
2020,1,24,13,.,.,.,.,.,.,.,.,.,.,.,.,.
2020,1,24,15,.,.,.,.,.,.,.,.,.,.,.,.,.
2020,1,24,16,.,.,.,.,.,.,.,.,.,.,.,.,.
2020,1,24,17,.,.,.,.,.,.,.,.,.,.,.,.,.
2020,1,24,18,.,.,.,.,.,.,.,.,.,.,.,.,.
2020,1,24,19,.,.,.,.,.,.,.,.,.,.,.,.,.
2020,1,24,20,.,.,.,.,.,.,.,.,.,.,.,.,.
2020,1,24,21,.,.,.,.,.,.,.,.,.,.,.,.,.
2020,1,24,22,.,.,.,.,.,.,.,.,.,.,.,.,.
2020,1,24,23,.,.,.,.,.,.,.,.,.,.,.,.,.
2020,1,24,24,.,.,.,.,.,.,.,.,.,.,.,.,.
2020,1,24,25,.,.,.,.,.,.,.,.,.,.,.,.,.
2020,1,24,26,.,.,.,.,.,.,.,.,.,.,.,.,.
2020,1,24,27,.,.,.,.,.,.,.,.,.,.,.,.,.
2020,1,24,28,.,.,.,.,.,.,.,.,.,.,.,.,.
2020,1,24,29,.,.,.,.,.,.,.,.,.,.,.,.,.
2020,1,24,30,.,.,.,.,.,.,.,.,.,.,.,.,.
2020,1,24,31,.,.,.,.,.,.,.,.,.,.,.,.,.
2020,1,24,32,.,.,.,.,.,.,.,.,.,.,.,.,.
2020,1,24,33,.,.,.,.,.,.,.,.,.,.,.,.,.
2020,1,24,34,.,.,.,.,.,.,.,.,.,.,.,.,.
2020,1,24,35,.,.,.,.,.,.,.,.,.,.,.,.,.
2020,1,24,36,.,.,.,.,.,.,.,.,.,.,.,.,.
2020,1,24,37,.,.,.,.,.,.,.,.,.,.,.,.,.
2020,1,24,38,.,.,.,.,.,.,.,.,.,.,.,.,.
2020,1,24,39,.,.,.,.,.,.,.,.,.,.,.,.,.
2020,1,24,40,.,.,.,.,.,.,.,.,.,.,.,.,.
2020,1,24,41,.,.,.,.,.,.,.,.,.,.,.,.,.
2020,1,24,42,.,.,.,.,.,.,.,.,.,.,.,.,.
2020,1,24,44,.,.,.,.,.,.,.,.,.,.,.,.,.
2020,1,24,45,.,.,.,.,.,.,.,.,.,.,.,.,.
2020,1,24,46,.,.,.,.,.,.,.,.,.,.,.,.,.
2020,1,24,47,.,.,.,.,.,.,.,.,.,.,.,.,.
2020,1,24,48,.,.,.,.,.,.,.,.,.,.,.,.,.
2020,1,24,49,.,.,.,.,.,.,.,.,.,.,.,.,.
2020,1,24,50,.,.,.,.,.,.,.,.,.,.,.,.,.
2020,1,24,51,.,.,.,.,.,.,.,.,.,.,.,.,.
2020,1,24,53,.,.,.,.,.,.,.,.,.,.,.,.,.
2020,1,24,54,.,.,.,.,.,.,.,.,.,.,.,.,.
2020,1,24,55,.,.,.,.,.,.,.,.,.,.,.,.,.
2020,1,24,56,.,.,.,.,.,.,.,.,.,.,.,.,.
2020,1,31,1,.,.,.,.,.,.,.,.,.,.,.,.,.
2020,1,31,2,.,.,.,.,.,.,.,.,.,.,.,.,.
2020,1,31,4,.,.,.,.,.,.,.,.,.,.,.,.,.
2020,1,31,5,.,.,.,.,.,.,.,.,.,.,.,.,.
2020,1,31,6,.,.,.,.,.,.,.,.,.,.,.,.,.
2020,1,31,8,.,.,.,.,.,.,.,.,.,.,.,.,.
2020,1,31,9,.,.,.,.,.,.,.,.,.,.,.,.,.
2020,1,31,10,.,.,.,.,.,.,.,.,.,.,.,.,.
2020,1,31,11,.,.,.,.,.,.,.,.,.,.,.,.,.
2020,1,31,12,.,.,.,.,.,.,.,.,.,.,.,.,.
2020,1,31,13,.,.,.,.,.,.,.,.,.,.,.,.,.
2020,1,31,15,.,.,.,.,.,.,.,.,.,.,.,.,.
2020,1,31,16,.,.,.,.,.,.,.,.,.,.,.,.,.
2020,1,31,17,.,.,.,.,.,.,.,.,.,.,.,.,.
2020,1,31,18,.,.,.,.,.,.,.,.,.,.,.,.,.
2020,1,31,19,.,.,.,.,.,.,.,.,.,.,.,.,.
2020,1,31,20,.,.,.,.,.,.,.,.,.,.,.,.,.
2020,1,31,21,.,.,.,.,.,.,.,.,.,.,.,.,.
2020,1,31,22,.,.,.,.,.,.,.,.,.,.,.,.,.
2020,1,31,23,.,.,.,.,.,.,.,.,.,.,.,.,.
2020,1,31,24,.,.,.,.,.,.,.,.,.,.,.,.,.
2020,1,31,25,.,.,.,.,.,.,.,.,.,.,.,.,.
2020,1,31,26,.,.,.,.,.,.,.,.,.,.,.,.,.
2020,1,31,27,.,.,.,.,.,.,.,.,.,.,.,.,.
2020,1,31,28,.,.,.,.,.,.,.,.,.,.,.,.,.
2020,1,31,29,.,.,.,.,.,.,.,.,.,.,.,.,.
2020,1,31,30,.,.,.,.,.,.,.,.,.,.,.,.,.
2020,1,31,31,.,.,.,.,.,.,.,.,.,.,.,.,.
2020,1,31,32,.,.,.,.,.,.,.,.,.,.,.,.,.
2020,1,31,33,.,.,.,.,.,.,.,.,.,.,.,.,.
2020,1,31,34,.,.,.,.,.,.,.,.,.,.,.,.,.
2020,1,31,35,.,.,.,.,.,.,.,.,.,.,.,.,.
2020,1,31,36,.,.,.,.,.,.,.,.,.,.,.,.,.
2020,1,31,37,.,.,.,.,.,.,.,.,.,.,.,.,.
2020,1,31,38,.,.,.,.,.,.,.,.,.,.,.,.,.
2020,1,31,39,.,.,.,.,.,.,.,.,.,.,.,.,.
2020,1,31,40,.,.,.,.,.,.,.,.,.,.,.,.,.
2020,1,31,41,.,.,.,.,.,.,.,.,.,.,.,.,.
2020,1,31,42,.,.,.,.,.,.,.,.,.,.,.,.,.
2020,1,31,44,.,.,.,.,.,.,.,.,.,.,.,.,.
2020,1,31,45,.,.,.,.,.,.,.,.,.,.,.,.,.
2020,1,31,46,.,.,.,.,.,.,.,.,.,.,.,.,.
2020,1,31,47,.,.,.,.,.,.,.,.,.,.,.,.,.
2020,1,31,48,.,.,.,.,.,.,.,.,.,.,.,.,.
2020,1,31,49,.,.,.,.,.,.,.,.,.,.,.,.,.
2020,1,31,50,.,.,.,.,.,.,.,.,.,.,.,.,.
2020,1,31,51,.,.,.,.,.,.,.,.,.,.,.,.,.
2020,1,31,53,.,.,.,.,.,.,.,.,.,.,.,.,.
2020,1,31,54,.,.,.,.,.,.,.,.,.,.,.,.,.
2020,1,31,55,.,.,.,.,.,.,.,.,.,.,.,.,.
2020,1,31,56,.,.,.,.,.,.,.,.,.,.,.,.,.
2020,2,7,1,.,.,.,.,.,.,.,.,.,.,.,.,.
2020,2,7,2,.,.,.,.,.,.,.,.,.,.,.,.,.
2020,2,7,4,.,.,.,.,.,.,.,.,.,.,.,.,.
2020,2,7,5,.,.,.,.,.,.,.,.,.,.,.,.,.
2020,2,7,6,.,.,.,.,.,.,.,.,.,.,.,.,.
2020,2,7,8,.,.,.,.,.,.,.,.,.,.,.,.,.
2020,2,7,9,.,.,.,.,.,.,.,.,.,.,.,.,.
2020,2,7,10,.,.,.,.,.,.,.,.,.,.,.,.,.
2020,2,7,11,.,.,.,.,.,.,.,.,.,.,.,.,.
2020,2,7,12,.,.,.,.,.,.,.,.,.,.,.,.,.
2020,2,7,13,.,.,.,.,.,.,.,.,.,.,.,.,.
2020,2,7,15,.,.,.,.,.,.,.,.,.,.,.,.,.
2020,2,7,16,.,.,.,.,.,.,.,.,.,.,.,.,.
2020,2,7,17,.,.,.,.,.,.,.,.,.,.,.,.,.
2020,2,7,18,.,.,.,.,.,.,.,.,.,.,.,.,.
2020,2,7,19,.,.,.,.,.,.,.,.,.,.,.,.,.
2020,2,7,20,.,.,.,.,.,.,.,.,.,.,.,.,.
2020,2,7,21,.,.,.,.,.,.,.,.,.,.,.,.,.
2020,2,7,22,.,.,.,.,.,.,.,.,.,.,.,.,.
2020,2,7,23,.,.,.,.,.,.,.,.,.,.,.,.,.
2020,2,7,24,.,.,.,.,.,.,.,.,.,.,.,.,.
2020,2,7,25,.,.,.,.,.,.,.,.,.,.,.,.,.
2020,2,7,26,.,.,.,.,.,.,.,.,.,.,.,.,.
2020,2,7,27,.,.,.,.,.,.,.,.,.,.,.,.,.
2020,2,7,28,.,.,.,.,.,.,.,.,.,.,.,.,.
2020,2,7,29,.,.,.,.,.,.,.,.,.,.,.,.,.
2020,2,7,30,.,.,.,.,.,.,.,.,.,.,.,.,.
2020,2,7,31,.,.,.,.,.,.,.,.,.,.,.,.,.
2020,2,7,32,.,.,.,.,.,.,.,.,.,.,.,.,.
2020,2,7,33,.,.,.,.,.,.,.,.,.,.,.,.,.
2020,2,7,34,.,.,.,.,.,.,.,.,.,.,.,.,.
2020,2,7,35,.,.,.,.,.,.,.,.,.,.,.,.,.
2020,2,7,36,.,.,.,.,.,.,.,.,.,.,.,.,.
2020,2,7,37,.,.,.,.,.,.,.,.,.,.,.,.,.
2020,2,7,38,.,.,.,.,.,.,.,.,.,.,.,.,.
2020,2,7,39,.,.,.,.,.,.,.,.,.,.,.,.,.
2020,2,7,40,.,.,.,.,.,.,.,.,.,.,.,.,.
2020,2,7,41,.,.,.,.,.,.,.,.,.,.,.,.,.
2020,2,7,42,.,.,.,.,.,.,.,.,.,.,.,.,.
2020,2,7,44,.,.,.,.,.,.,.,.,.,.,.,.,.
2020,2,7,45,.,.,.,.,.,.,.,.,.,.,.,.,.
2020,2,7,46,.,.,.,.,.,.,.,.,.,.,.,.,.
2020,2,7,47,.,.,.,.,.,.,.,.,.,.,.,.,.
2020,2,7,48,.,.,.,.,.,.,.,.,.,.,.,.,.
2020,2,7,49,.,.,.,.,.,.,.,.,.,.,.,.,.
2020,2,7,50,.,.,.,.,.,.,.,.,.,.,.,.,.
2020,2,7,51,.,.,.,.,.,.,.,.,.,.,.,.,.
2020,2,7,53,.,.,.,.,.,.,.,.,.,.,.,.,.
2020,2,7,54,.,.,.,.,.,.,.,.,.,.,.,.,.
2020,2,7,55,.,.,.,.,.,.,.,.,.,.,.,.,.
2020,2,7,56,.,.,.,.,.,.,.,.,.,.,.,.,.
2020,2,14,1,.,.,.,.,.,.,.,.,.,.,.,.,.
2020,2,14,2,.,.,.,.,.,.,.,.,.,.,.,.,.
2020,2,14,4,.,.,.,.,.,.,.,.,.,.,.,.,.
2020,2,14,5,.,.,.,.,.,.,.,.,.,.,.,.,.
2020,2,14,6,.,.,.,.,.,.,.,.,.,.,.,.,.
2020,2,14,8,.,.,.,.,.,.,.,.,.,.,.,.,.
2020,2,14,9,.,.,.,.,.,.,.,.,.,.,.,.,.
2020,2,14,10,.,.,.,.,.,.,.,.,.,.,.,.,.
2020,2,14,11,.,.,.,.,.,.,.,.,.,.,.,.,.
2020,2,14,12,.,.,.,.,.,.,.,.,.,.,.,.,.
2020,2,14,13,.,.,.,.,.,.,.,.,.,.,.,.,.
2020,2,14,15,.,.,.,.,.,.,.,.,.,.,.,.,.
2020,2,14,16,.,.,.,.,.,.,.,.,.,.,.,.,.
2020,2,14,17,.,.,.,.,.,.,.,.,.,.,.,.,.
2020,2,14,18,.,.,.,.,.,.,.,.,.,.,.,.,.
2020,2,14,19,.,.,.,.,.,.,.,.,.,.,.,.,.
2020,2,14,20,.,.,.,.,.,.,.,.,.,.,.,.,.
2020,2,14,21,.,.,.,.,.,.,.,.,.,.,.,.,.
2020,2,14,22,.,.,.,.,.,.,.,.,.,.,.,.,.
2020,2,14,23,.,.,.,.,.,.,.,.,.,.,.,.,.
2020,2,14,24,.,.,.,.,.,.,.,.,.,.,.,.,.
2020,2,14,25,.,.,.,.,.,.,.,.,.,.,.,.,.
2020,2,14,26,.,.,.,.,.,.,.,.,.,.,.,.,.
2020,2,14,27,.,.,.,.,.,.,.,.,.,.,.,.,.
2020,2,14,28,.,.,.,.,.,.,.,.,.,.,.,.,.
2020,2,14,29,.,.,.,.,.,.,.,.,.,.,.,.,.
2020,2,14,30,.,.,.,.,.,.,.,.,.,.,.,.,.
2020,2,14,31,.,.,.,.,.,.,.,.,.,.,.,.,.
2020,2,14,32,.,.,.,.,.,.,.,.,.,.,.,.,.
2020,2,14,33,.,.,.,.,.,.,.,.,.,.,.,.,.
2020,2,14,34,.,.,.,.,.,.,.,.,.,.,.,.,.
2020,2,14,35,.,.,.,.,.,.,.,.,.,.,.,.,.
2020,2,14,36,.,.,.,.,.,.,.,.,.,.,.,.,.
2020,2,14,37,.,.,.,.,.,.,.,.,.,.,.,.,.
2020,2,14,38,.,.,.,.,.,.,.,.,.,.,.,.,.
2020,2,14,39,.,.,.,.,.,.,.,.,.,.,.,.,.
2020,2,14,40,.,.,.,.,.,.,.,.,.,.,.,.,.
2020,2,14,41,.,.,.,.,.,.,.,.,.,.,.,.,.
2020,2,14,42,.,.,.,.,.,.,.,.,.,.,.,.,.
2020,2,14,44,.,.,.,.,.,.,.,.,.,.,.,.,.
2020,2,14,45,.,.,.,.,.,.,.,.,.,.,.,.,.
2020,2,14,46,.,.,.,.,.,.,.,.,.,.,.,.,.
2020,2,14,47,.,.,.,.,.,.,.,.,.,.,.,.,.
2020,2,14,48,.,.,.,.,.,.,.,.,.,.,.,.,.
2020,2,14,49,.,.,.,.,.,.,.,.,.,.,.,.,.
2020,2,14,50,.,.,.,.,.,.,.,.,.,.,.,.,.
2020,2,14,51,.,.,.,.,.,.,.,.,.,.,.,.,.
2020,2,14,53,.,.,.,.,.,.,.,.,.,.,.,.,.
2020,2,14,54,.,.,.,.,.,.,.,.,.,.,.,.,.
2020,2,14,55,.,.,.,.,.,.,.,.,.,.,.,.,.
2020,2,14,56,.,.,.,.,.,.,.,.,.,.,.,.,.
2020,2,21,1,.,.,.,.,.,.,.,.,.,.,.,.,.
2020,2,21,2,.,.,.,.,.,.,.,.,.,.,.,.,.
2020,2,21,4,.,.,.,.,.,.,.,.,.,.,.,.,.
2020,2,21,5,.,.,.,.,.,.,.,.,.,.,.,.,.
2020,2,21,6,.,.,.,.,.,.,.,.,.,.,.,.,.
2020,2,21,8,.,.,.,.,.,.,.,.,.,.,.,.,.
2020,2,21,9,.,.,.,.,.,.,.,.,.,.,.,.,.
2020,2,21,10,.,.,.,.,.,.,.,.,.,.,.,.,.
2020,2,21,11,.,.,.,.,.,.,.,.,.,.,.,.,.
2020,2,21,12,.,.,.,.,.,.,.,.,.,.,.,.,.
2020,2,21,13,.,.,.,.,.,.,.,.,.,.,.,.,.
2020,2,21,15,.,.,.,.,.,.,.,.,.,.,.,.,.
2020,2,21,16,.,.,.,.,.,.,.,.,.,.,.,.,.
2020,2,21,17,.,.,.,.,.,.,.,.,.,.,.,.,.
2020,2,21,18,.,.,.,.,.,.,.,.,.,.,.,.,.
2020,2,21,19,.,.,.,.,.,.,.,.,.,.,.,.,.
2020,2,21,20,.,.,.,.,.,.,.,.,.,.,.,.,.
2020,2,21,21,.,.,.,.,.,.,.,.,.,.,.,.,.
2020,2,21,22,.,.,.,.,.,.,.,.,.,.,.,.,.
2020,2,21,23,.,.,.,.,.,.,.,.,.,.,.,.,.
2020,2,21,24,.,.,.,.,.,.,.,.,.,.,.,.,.
2020,2,21,25,.,.,.,.,.,.,.,.,.,.,.,.,.
2020,2,21,26,.,.,.,.,.,.,.,.,.,.,.,.,.
2020,2,21,27,.,.,.,.,.,.,.,.,.,.,.,.,.
2020,2,21,28,.,.,.,.,.,.,.,.,.,.,.,.,.
2020,2,21,29,.,.,.,.,.,.,.,.,.,.,.,.,.
2020,2,21,30,.,.,.,.,.,.,.,.,.,.,.,.,.
2020,2,21,31,.,.,.,.,.,.,.,.,.,.,.,.,.
2020,2,21,32,.,.,.,.,.,.,.,.,.,.,.,.,.
2020,2,21,33,.,.,.,.,.,.,.,.,.,.,.,.,.
2020,2,21,34,.,.,.,.,.,.,.,.,.,.,.,.,.
2020,2,21,35,.,.,.,.,.,.,.,.,.,.,.,.,.
2020,2,21,36,.,.,.,.,.,.,.,.,.,.,.,.,.
2020,2,21,37,.,.,.,.,.,.,.,.,.,.,.,.,.
2020,2,21,38,.,.,.,.,.,.,.,.,.,.,.,.,.
2020,2,21,39,.,.,.,.,.,.,.,.,.,.,.,.,.
2020,2,21,40,.,.,.,.,.,.,.,.,.,.,.,.,.
2020,2,21,41,.,.,.,.,.,.,.,.,.,.,.,.,.
2020,2,21,42,.,.,.,.,.,.,.,.,.,.,.,.,.
2020,2,21,44,.,.,.,.,.,.,.,.,.,.,.,.,.
2020,2,21,45,.,.,.,.,.,.,.,.,.,.,.,.,.
2020,2,21,46,.,.,.,.,.,.,.,.,.,.,.,.,.
2020,2,21,47,.,.,.,.,.,.,.,.,.,.,.,.,.
2020,2,21,48,.,.,.,.,.,.,.,.,.,.,.,.,.
2020,2,21,49,.,.,.,.,.,.,.,.,.,.,.,.,.
2020,2,21,50,.,.,.,.,.,.,.,.,.,.,.,.,.
2020,2,21,51,.,.,.,.,.,.,.,.,.,.,.,.,.
2020,2,21,53,.,.,.,.,.,.,.,.,.,.,.,.,.
2020,2,21,54,.,.,.,.,.,.,.,.,.,.,.,.,.
2020,2,21,55,.,.,.,.,.,.,.,.,.,.,.,.,.
2020,2,21,56,.,.,.,.,.,.,.,.,.,.,.,.,.
2020,2,28,1,.,.,.,.,.,.,.,.,.,.,.,.,.
2020,2,28,2,.,.,.,.,.,.,.,.,.,.,.,.,.
2020,2,28,4,.,.,.,.,.,.,.,.,.,.,.,.,.
2020,2,28,5,.,.,.,.,.,.,.,.,.,.,.,.,.
2020,2,28,6,.,.,.,.,.,.,.,.,.,.,.,.,.
2020,2,28,8,.,.,.,.,.,.,.,.,.,.,.,.,.
2020,2,28,9,.,.,.,.,.,.,.,.,.,.,.,.,.
2020,2,28,10,.,.,.,.,.,.,.,.,.,.,.,.,.
2020,2,28,11,.,.,.,.,.,.,.,.,.,.,.,.,.
2020,2,28,12,.,.,.,.,.,.,.,.,.,.,.,.,.
2020,2,28,13,.,.,.,.,.,.,.,.,.,.,.,.,.
2020,2,28,15,.,.,.,.,.,.,.,.,.,.,.,.,.
2020,2,28,16,.,.,.,.,.,.,.,.,.,.,.,.,.
2020,2,28,17,.,.,.,.,.,.,.,.,.,.,.,.,.
2020,2,28,18,.,.,.,.,.,.,.,.,.,.,.,.,.
2020,2,28,19,.,.,.,.,.,.,.,.,.,.,.,.,.
2020,2,28,20,.,.,.,.,.,.,.,.,.,.,.,.,.
2020,2,28,21,.,.,.,.,.,.,.,.,.,.,.,.,.
2020,2,28,22,.,.,.,.,.,.,.,.,.,.,.,.,.
2020,2,28,23,.,.,.,.,.,.,.,.,.,.,.,.,.
2020,2,28,24,.,.,.,.,.,.,.,.,.,.,.,.,.
2020,2,28,25,.,.,.,.,.,.,.,.,.,.,.,.,.
2020,2,28,26,.,.,.,.,.,.,.,.,.,.,.,.,.
2020,2,28,27,.,.,.,.,.,.,.,.,.,.,.,.,.
2020,2,28,28,.,.,.,.,.,.,.,.,.,.,.,.,.
2020,2,28,29,.,.,.,.,.,.,.,.,.,.,.,.,.
2020,2,28,30,.,.,.,.,.,.,.,.,.,.,.,.,.
2020,2,28,31,.,.,.,.,.,.,.,.,.,.,.,.,.
2020,2,28,32,.,.,.,.,.,.,.,.,.,.,.,.,.
2020,2,28,33,.,.,.,.,.,.,.,.,.,.,.,.,.
2020,2,28,34,.,.,.,.,.,.,.,.,.,.,.,.,.
2020,2,28,35,.,.,.,.,.,.,.,.,.,.,.,.,.
2020,2,28,36,.,.,.,.,.,.,.,.,.,.,.,.,.
2020,2,28,37,.,.,.,.,.,.,.,.,.,.,.,.,.
2020,2,28,38,.,.,.,.,.,.,.,.,.,.,.,.,.
2020,2,28,39,.,.,.,.,.,.,.,.,.,.,.,.,.
2020,2,28,40,.,.,.,.,.,.,.,.,.,.,.,.,.
2020,2,28,41,.,.,.,.,.,.,.,.,.,.,.,.,.
2020,2,28,42,.,.,.,.,.,.,.,.,.,.,.,.,.
2020,2,28,44,.,.,.,.,.,.,.,.,.,.,.,.,.
2020,2,28,45,.,.,.,.,.,.,.,.,.,.,.,.,.
2020,2,28,46,.,.,.,.,.,.,.,.,.,.,.,.,.
2020,2,28,47,.,.,.,.,.,.,.,.,.,.,.,.,.
2020,2,28,48,.,.,.,.,.,.,.,.,.,.,.,.,.
2020,2,28,49,.,.,.,.,.,.,.,.,.,.,.,.,.
2020,2,28,50,.,.,.,.,.,.,.,.,.,.,.,.,.
2020,2,28,51,.,.,.,.,.,.,.,.,.,.,.,.,.
2020,2,28,53,.,.,.,.,.,.,.,.,.,.,.,.,.
2020,2,28,54,.,.,.,.,.,.,.,.,.,.,.,.,.
2020,2,28,55,.,.,.,.,.,.,.,.,.,.,.,.,.
2020,2,28,56,.,.,.,.,.,.,.,.,.,.,.,.,.
2020,3,6,1,.,.,.,.,.,.,.,.,.,.,.,.,.
2020,3,6,2,.,.,.,.,.,.,.,.,.,.,.,.,.
2020,3,6,4,.,.,.,.,.,.,.,.,.,.,.,.,.
2020,3,6,5,.,.,.,.,.,.,.,.,.,.,.,.,.
2020,3,6,6,.,.,.,.,.,.,.,.,.,.,.,.,.
2020,3,6,8,.,.,.,.,.,.,.,.,.,.,.,.,.
2020,3,6,9,.,.,.,.,.,.,.,.,.,.,.,.,.
2020,3,6,10,.,.,.,.,.,.,.,.,.,.,.,.,.
2020,3,6,11,.,.,.,.,.,.,.,.,.,.,.,.,.
2020,3,6,12,.,.,.,.,.,.,.,.,.,.,.,.,.
2020,3,6,13,.,.,.,.,.,.,.,.,.,.,.,.,.
2020,3,6,15,.,.,.,.,.,.,.,.,.,.,.,.,.
2020,3,6,16,.,.,.,.,.,.,.,.,.,.,.,.,.
2020,3,6,17,.,.,.,.,.,.,.,.,.,.,.,.,.
2020,3,6,18,.,.,.,.,.,.,.,.,.,.,.,.,.
2020,3,6,19,.,.,.,.,.,.,.,.,.,.,.,.,.
2020,3,6,20,.,.,.,.,.,.,.,.,.,.,.,.,.
2020,3,6,21,.,.,.,.,.,.,.,.,.,.,.,.,.
2020,3,6,22,.,.,.,.,.,.,.,.,.,.,.,.,.
2020,3,6,23,.,.,.,.,.,.,.,.,.,.,.,.,.
2020,3,6,24,.,.,.,.,.,.,.,.,.,.,.,.,.
2020,3,6,25,.,.,.,.,.,.,.,.,.,.,.,.,.
2020,3,6,26,.,.,.,.,.,.,.,.,.,.,.,.,.
2020,3,6,27,.,.,.,.,.,.,.,.,.,.,.,.,.
2020,3,6,28,.,.,.,.,.,.,.,.,.,.,.,.,.
2020,3,6,29,.,.,.,.,.,.,.,.,.,.,.,.,.
2020,3,6,30,.,.,.,.,.,.,.,.,.,.,.,.,.
2020,3,6,31,.,.,.,.,.,.,.,.,.,.,.,.,.
2020,3,6,32,.,.,.,.,.,.,.,.,.,.,.,.,.
2020,3,6,33,.,.,.,.,.,.,.,.,.,.,.,.,.
2020,3,6,34,.,.,.,.,.,.,.,.,.,.,.,.,.
2020,3,6,35,.,.,.,.,.,.,.,.,.,.,.,.,.
2020,3,6,36,.,.,.,.,.,.,.,.,.,.,.,.,.
2020,3,6,37,.,.,.,.,.,.,.,.,.,.,.,.,.
2020,3,6,38,.,.,.,.,.,.,.,.,.,.,.,.,.
2020,3,6,39,.,.,.,.,.,.,.,.,.,.,.,.,.
2020,3,6,40,.,.,.,.,.,.,.,.,.,.,.,.,.
2020,3,6,41,.,.,.,.,.,.,.,.,.,.,.,.,.
2020,3,6,42,.,.,.,.,.,.,.,.,.,.,.,.,.
2020,3,6,44,.,.,.,.,.,.,.,.,.,.,.,.,.
2020,3,6,45,.,.,.,.,.,.,.,.,.,.,.,.,.
2020,3,6,46,.,.,.,.,.,.,.,.,.,.,.,.,.
2020,3,6,47,.,.,.,.,.,.,.,.,.,.,.,.,.
2020,3,6,48,.,.,.,.,.,.,.,.,.,.,.,.,.
2020,3,6,49,.,.,.,.,.,.,.,.,.,.,.,.,.
2020,3,6,50,.,.,.,.,.,.,.,.,.,.,.,.,.
2020,3,6,51,.,.,.,.,.,.,.,.,.,.,.,.,.
2020,3,6,53,.,.,.,.,.,.,.,.,.,.,.,.,.
2020,3,6,54,.,.,.,.,.,.,.,.,.,.,.,.,.
2020,3,6,55,.,.,.,.,.,.,.,.,.,.,.,.,.
2020,3,6,56,.,.,.,.,.,.,.,.,.,.,.,.,.
2020,3,13,1,.,.,.,.,.,.,.,.,.,.,.,.,.
2020,3,13,2,.,.,.,.,.,.,.,.,.,.,.,.,.
2020,3,13,4,.,.,.,.,.,.,.,.,.,.,.,.,.
2020,3,13,5,.,.,.,.,.,.,.,.,.,.,.,.,.
2020,3,13,6,.,.,.,.,.,.,.,.,.,.,.,.,.
2020,3,13,8,.,.,.,.,.,.,.,.,.,.,.,.,.
2020,3,13,9,.,.,.,.,.,.,.,.,.,.,.,.,.
2020,3,13,10,.,.,.,.,.,.,.,.,.,.,.,.,.
2020,3,13,11,.,.,.,.,.,.,.,.,.,.,.,.,.
2020,3,13,12,.,.,.,.,.,.,.,.,.,.,.,.,.
2020,3,13,13,.,.,.,.,.,.,.,.,.,.,.,.,.
2020,3,13,15,.,.,.,.,.,.,.,.,.,.,.,.,.
2020,3,13,16,.,.,.,.,.,.,.,.,.,.,.,.,.
2020,3,13,17,.,.,.,.,.,.,.,.,.,.,.,.,.
2020,3,13,18,.,.,.,.,.,.,.,.,.,.,.,.,.
2020,3,13,19,.,.,.,.,.,.,.,.,.,.,.,.,.
2020,3,13,20,.,.,.,.,.,.,.,.,.,.,.,.,.
2020,3,13,21,.,.,.,.,.,.,.,.,.,.,.,.,.
2020,3,13,22,.,.,.,.,.,.,.,.,.,.,.,.,.
2020,3,13,23,.,.,.,.,.,.,.,.,.,.,.,.,.
2020,3,13,24,.,.,.,.,.,.,.,.,.,.,.,.,.
2020,3,13,25,.,.,.,.,.,.,.,.,.,.,.,.,.
2020,3,13,26,.,.,.,.,.,.,.,.,.,.,.,.,.
2020,3,13,27,.,.,.,.,.,.,.,.,.,.,.,.,.
2020,3,13,28,.,.,.,.,.,.,.,.,.,.,.,.,.
2020,3,13,29,.,.,.,.,.,.,.,.,.,.,.,.,.
2020,3,13,30,.,.,.,.,.,.,.,.,.,.,.,.,.
2020,3,13,31,.,.,.,.,.,.,.,.,.,.,.,.,.
2020,3,13,32,.,.,.,.,.,.,.,.,.,.,.,.,.
2020,3,13,33,.,.,.,.,.,.,.,.,.,.,.,.,.
2020,3,13,34,.,.,.,.,.,.,.,.,.,.,.,.,.
2020,3,13,35,.,.,.,.,.,.,.,.,.,.,.,.,.
2020,3,13,36,.,.,.,.,.,.,.,.,.,.,.,.,.
2020,3,13,37,.,.,.,.,.,.,.,.,.,.,.,.,.
2020,3,13,38,.,.,.,.,.,.,.,.,.,.,.,.,.
2020,3,13,39,.,.,.,.,.,.,.,.,.,.,.,.,.
2020,3,13,40,.,.,.,.,.,.,.,.,.,.,.,.,.
2020,3,13,41,.,.,.,.,.,.,.,.,.,.,.,.,.
2020,3,13,42,.,.,.,.,.,.,.,.,.,.,.,.,.
2020,3,13,44,.,.,.,.,.,.,.,.,.,.,.,.,.
2020,3,13,45,.,.,.,.,.,.,.,.,.,.,.,.,.
2020,3,13,46,.,.,.,.,.,.,.,.,.,.,.,.,.
2020,3,13,47,.,.,.,.,.,.,.,.,.,.,.,.,.
2020,3,13,48,.,.,.,.,.,.,.,.,.,.,.,.,.
2020,3,13,49,.,.,.,.,.,.,.,.,.,.,.,.,.
2020,3,13,50,.,.,.,.,.,.,.,.,.,.,.,.,.
2020,3,13,51,.,.,.,.,.,.,.,.,.,.,.,.,.
2020,3,13,53,.,.,.,.,.,.,.,.,.,.,.,.,.
2020,3,13,54,.,.,.,.,.,.,.,.,.,.,.,.,.
2020,3,13,55,.,.,.,.,.,.,.,.,.,.,.,.,.
2020,3,13,56,.,.,.,.,.,.,.,.,.,.,.,.,.
2020,3,20,1,.,.,.,.,.,.,.,.,.,.,.,.,.
2020,3,20,2,.,.,.,.,.,.,.,.,.,.,.,.,.
2020,3,20,4,.,.,.,.,.,.,.,.,.,.,.,.,.
2020,3,20,5,.,.,.,.,.,.,.,.,.,.,.,.,.
2020,3,20,6,.,.,.,.,.,.,.,.,.,.,.,.,.
2020,3,20,8,.,.,.,.,.,.,.,.,.,.,.,.,.
2020,3,20,9,.,.,.,.,.,.,.,.,.,.,.,.,.
2020,3,20,10,.,.,.,.,.,.,.,.,.,.,.,.,.
2020,3,20,11,.,.,.,.,.,.,.,.,.,.,.,.,.
2020,3,20,12,.,.,.,.,.,.,.,.,.,.,.,.,.
2020,3,20,13,.,.,.,.,.,.,.,.,.,.,.,.,.
2020,3,20,15,.,.,.,.,.,.,.,.,.,.,.,.,.
2020,3,20,16,.,.,.,.,.,.,.,.,.,.,.,.,.
2020,3,20,17,.,.,.,.,.,.,.,.,.,.,.,.,.
2020,3,20,18,.,.,.,.,.,.,.,.,.,.,.,.,.
2020,3,20,19,.,.,.,.,.,.,.,.,.,.,.,.,.
2020,3,20,20,.,.,.,.,.,.,.,.,.,.,.,.,.
2020,3,20,21,.,.,.,.,.,.,.,.,.,.,.,.,.
2020,3,20,22,.,.,.,.,.,.,.,.,.,.,.,.,.
2020,3,20,23,.,.,.,.,.,.,.,.,.,.,.,.,.
2020,3,20,24,.,.,.,.,.,.,.,.,.,.,.,.,.
2020,3,20,25,.,.,.,.,.,.,.,.,.,.,.,.,.
2020,3,20,26,.,.,.,.,.,.,.,.,.,.,.,.,.
2020,3,20,27,.,.,.,.,.,.,.,.,.,.,.,.,.
2020,3,20,28,.,.,.,.,.,.,.,.,.,.,.,.,.
2020,3,20,29,.,.,.,.,.,.,.,.,.,.,.,.,.
2020,3,20,30,.,.,.,.,.,.,.,.,.,.,.,.,.
2020,3,20,31,.,.,.,.,.,.,.,.,.,.,.,.,.
2020,3,20,32,.,.,.,.,.,.,.,.,.,.,.,.,.
2020,3,20,33,.,.,.,.,.,.,.,.,.,.,.,.,.
2020,3,20,34,.,.,.,.,.,.,.,.,.,.,.,.,.
2020,3,20,35,.,.,.,.,.,.,.,.,.,.,.,.,.
2020,3,20,36,.,.,.,.,.,.,.,.,.,.,.,.,.
2020,3,20,37,.,.,.,.,.,.,.,.,.,.,.,.,.
2020,3,20,38,.,.,.,.,.,.,.,.,.,.,.,.,.
2020,3,20,39,.,.,.,.,.,.,.,.,.,.,.,.,.
2020,3,20,40,.,.,.,.,.,.,.,.,.,.,.,.,.
2020,3,20,41,.,.,.,.,.,.,.,.,.,.,.,.,.
2020,3,20,42,.,.,.,.,.,.,.,.,.,.,.,.,.
2020,3,20,44,.,.,.,.,.,.,.,.,.,.,.,.,.
2020,3,20,45,.,.,.,.,.,.,.,.,.,.,.,.,.
2020,3,20,46,.,.,.,.,.,.,.,.,.,.,.,.,.
2020,3,20,47,.,.,.,.,.,.,.,.,.,.,.,.,.
2020,3,20,48,.,.,.,.,.,.,.,.,.,.,.,.,.
2020,3,20,49,.,.,.,.,.,.,.,.,.,.,.,.,.
2020,3,20,50,.,.,.,.,.,.,.,.,.,.,.,.,.
2020,3,20,51,.,.,.,.,.,.,.,.,.,.,.,.,.
2020,3,20,53,.,.,.,.,.,.,.,.,.,.,.,.,.
2020,3,20,54,.,.,.,.,.,.,.,.,.,.,.,.,.
2020,3,20,55,.,.,.,.,.,.,.,.,.,.,.,.,.
2020,3,20,56,.,.,.,.,.,.,.,.,.,.,.,.,.
2020,3,27,1,.,.,.,.,.,.,.,.,.,.,.,.,.
2020,3,27,2,.,.,.,.,.,.,.,.,.,.,.,.,.
2020,3,27,4,.,.,.,.,.,.,.,.,.,.,.,.,.
2020,3,27,5,.,.,.,.,.,.,.,.,.,.,.,.,.
2020,3,27,6,.,.,.,.,.,.,.,.,.,.,.,.,.
2020,3,27,8,.,.,.,.,.,.,.,.,.,.,.,.,.
2020,3,27,9,.,.,.,.,.,.,.,.,.,.,.,.,.
2020,3,27,10,.,.,.,.,.,.,.,.,.,.,.,.,.
2020,3,27,11,.,.,.,.,.,.,.,.,.,.,.,.,.
2020,3,27,12,.,.,.,.,.,.,.,.,.,.,.,.,.
2020,3,27,13,.,.,.,.,.,.,.,.,.,.,.,.,.
2020,3,27,15,.,.,.,.,.,.,.,.,.,.,.,.,.
2020,3,27,16,.,.,.,.,.,.,.,.,.,.,.,.,.
2020,3,27,17,.,.,.,.,.,.,.,.,.,.,.,.,.
2020,3,27,18,.,.,.,.,.,.,.,.,.,.,.,.,.
2020,3,27,19,.,.,.,.,.,.,.,.,.,.,.,.,.
2020,3,27,20,.,.,.,.,.,.,.,.,.,.,.,.,.
2020,3,27,21,.,.,.,.,.,.,.,.,.,.,.,.,.
2020,3,27,22,.,.,.,.,.,.,.,.,.,.,.,.,.
2020,3,27,23,.,.,.,.,.,.,.,.,.,.,.,.,.
2020,3,27,24,.,.,.,.,.,.,.,.,.,.,.,.,.
2020,3,27,25,.,.,.,.,.,.,.,.,.,.,.,.,.
2020,3,27,26,.,.,.,.,.,.,.,.,.,.,.,.,.
2020,3,27,27,.,.,.,.,.,.,.,.,.,.,.,.,.
2020,3,27,28,.,.,.,.,.,.,.,.,.,.,.,.,.
2020,3,27,29,.,.,.,.,.,.,.,.,.,.,.,.,.
2020,3,27,30,.,.,.,.,.,.,.,.,.,.,.,.,.
2020,3,27,31,.,.,.,.,.,.,.,.,.,.,.,.,.
2020,3,27,32,.,.,.,.,.,.,.,.,.,.,.,.,.
2020,3,27,33,.,.,.,.,.,.,.,.,.,.,.,.,.
2020,3,27,34,.,.,.,.,.,.,.,.,.,.,.,.,.
2020,3,27,35,.,.,.,.,.,.,.,.,.,.,.,.,.
2020,3,27,36,.,.,.,.,.,.,.,.,.,.,.,.,.
2020,3,27,37,.,.,.,.,.,.,.,.,.,.,.,.,.
2020,3,27,38,.,.,.,.,.,.,.,.,.,.,.,.,.
2020,3,27,39,.,.,.,.,.,.,.,.,.,.,.,.,.
2020,3,27,40,.,.,.,.,.,.,.,.,.,.,.,.,.
2020,3,27,41,.,.,.,.,.,.,.,.,.,.,.,.,.
2020,3,27,42,.,.,.,.,.,.,.,.,.,.,.,.,.
2020,3,27,44,.,.,.,.,.,.,.,.,.,.,.,.,.
2020,3,27,45,.,.,.,.,.,.,.,.,.,.,.,.,.
2020,3,27,46,.,.,.,.,.,.,.,.,.,.,.,.,.
2020,3,27,47,.,.,.,.,.,.,.,.,.,.,.,.,.
2020,3,27,48,.,.,.,.,.,.,.,.,.,.,.,.,.
2020,3,27,49,.,.,.,.,.,.,.,.,.,.,.,.,.
2020,3,27,50,.,.,.,.,.,.,.,.,.,.,.,.,.
2020,3,27,51,.,.,.,.,.,.,.,.,.,.,.,.,.
2020,3,27,53,.,.,.,.,.,.,.,.,.,.,.,.,.
2020,3,27,54,.,.,.,.,.,.,.,.,.,.,.,.,.
2020,3,27,55,.,.,.,.,.,.,.,.,.,.,.,.,.
2020,3,27,56,.,.,.,.,.,.,.,.,.,.,.,.,.
2020,4,3,1,.,.,.,.,.,.,.,.,.,.,.,.,.
2020,4,3,2,.,.,.,.,.,.,.,.,.,.,.,.,.
2020,4,3,4,.,.,.,.,.,.,.,.,.,.,.,.,.
2020,4,3,5,.,.,.,.,.,.,.,.,.,.,.,.,.
2020,4,3,6,.,.,.,.,.,.,.,.,.,.,.,.,.
2020,4,3,8,.,.,.,.,.,.,.,.,.,.,.,.,.
2020,4,3,9,.,.,.,.,.,.,.,.,.,.,.,.,.
2020,4,3,10,.,.,.,.,.,.,.,.,.,.,.,.,.
2020,4,3,11,.,.,.,.,.,.,.,.,.,.,.,.,.
2020,4,3,12,.,.,.,.,.,.,.,.,.,.,.,.,.
2020,4,3,13,.,.,.,.,.,.,.,.,.,.,.,.,.
2020,4,3,15,.,.,.,.,.,.,.,.,.,.,.,.,.
2020,4,3,16,.,.,.,.,.,.,.,.,.,.,.,.,.
2020,4,3,17,.,.,.,.,.,.,.,.,.,.,.,.,.
2020,4,3,18,.,.,.,.,.,.,.,.,.,.,.,.,.
2020,4,3,19,.,.,.,.,.,.,.,.,.,.,.,.,.
2020,4,3,20,.,.,.,.,.,.,.,.,.,.,.,.,.
2020,4,3,21,.,.,.,.,.,.,.,.,.,.,.,.,.
2020,4,3,22,.,.,.,.,.,.,.,.,.,.,.,.,.
2020,4,3,23,.,.,.,.,.,.,.,.,.,.,.,.,.
2020,4,3,24,.,.,.,.,.,.,.,.,.,.,.,.,.
2020,4,3,25,.,.,.,.,.,.,.,.,.,.,.,.,.
2020,4,3,26,.,.,.,.,.,.,.,.,.,.,.,.,.
2020,4,3,27,.,.,.,.,.,.,.,.,.,.,.,.,.
2020,4,3,28,.,.,.,.,.,.,.,.,.,.,.,.,.
2020,4,3,29,.,.,.,.,.,.,.,.,.,.,.,.,.
2020,4,3,30,.,.,.,.,.,.,.,.,.,.,.,.,.
2020,4,3,31,.,.,.,.,.,.,.,.,.,.,.,.,.
2020,4,3,32,.,.,.,.,.,.,.,.,.,.,.,.,.
2020,4,3,33,.,.,.,.,.,.,.,.,.,.,.,.,.
2020,4,3,34,.,.,.,.,.,.,.,.,.,.,.,.,.
2020,4,3,35,.,.,.,.,.,.,.,.,.,.,.,.,.
2020,4,3,36,.,.,.,.,.,.,.,.,.,.,.,.,.
2020,4,3,37,.,.,.,.,.,.,.,.,.,.,.,.,.
2020,4,3,38,.,.,.,.,.,.,.,.,.,.,.,.,.
2020,4,3,39,.,.,.,.,.,.,.,.,.,.,.,.,.
2020,4,3,40,.,.,.,.,.,.,.,.,.,.,.,.,.
2020,4,3,41,.,.,.,.,.,.,.,.,.,.,.,.,.
2020,4,3,42,.,.,.,.,.,.,.,.,.,.,.,.,.
2020,4,3,44,.,.,.,.,.,.,.,.,.,.,.,.,.
2020,4,3,45,.,.,.,.,.,.,.,.,.,.,.,.,.
2020,4,3,46,.,.,.,.,.,.,.,.,.,.,.,.,.
2020,4,3,47,.,.,.,.,.,.,.,.,.,.,.,.,.
2020,4,3,48,.,.,.,.,.,.,.,.,.,.,.,.,.
2020,4,3,49,.,.,.,.,.,.,.,.,.,.,.,.,.
2020,4,3,50,.,.,.,.,.,.,.,.,.,.,.,.,.
2020,4,3,51,.,.,.,.,.,.,.,.,.,.,.,.,.
2020,4,3,53,.,.,.,.,.,.,.,.,.,.,.,.,.
2020,4,3,54,.,.,.,.,.,.,.,.,.,.,.,.,.
2020,4,3,55,.,.,.,.,.,.,.,.,.,.,.,.,.
2020,4,3,56,.,.,.,.,.,.,.,.,.,.,.,.,.
2020,4,10,1,.,.,.,.,.,.,.,.,.,.,.,.,.
2020,4,10,2,.,.,.,.,.,.,.,.,.,.,.,.,.
2020,4,10,4,.,.,.,.,.,.,.,.,.,.,.,.,.
2020,4,10,5,.,.,.,.,.,.,.,.,.,.,.,.,.
2020,4,10,6,.,.,.,.,.,.,.,.,.,.,.,.,.
2020,4,10,8,.,.,.,.,.,.,.,.,.,.,.,.,.
2020,4,10,9,.,.,.,.,.,.,.,.,.,.,.,.,.
2020,4,10,10,.,.,.,.,.,.,.,.,.,.,.,.,.
2020,4,10,11,.,.,.,.,.,.,.,.,.,.,.,.,.
2020,4,10,12,.,.,.,.,.,.,.,.,.,.,.,.,.
2020,4,10,13,.,.,.,.,.,.,.,.,.,.,.,.,.
2020,4,10,15,.,.,.,.,.,.,.,.,.,.,.,.,.
2020,4,10,16,.,.,.,.,.,.,.,.,.,.,.,.,.
2020,4,10,17,.,.,.,.,.,.,.,.,.,.,.,.,.
2020,4,10,18,.,.,.,.,.,.,.,.,.,.,.,.,.
2020,4,10,19,.,.,.,.,.,.,.,.,.,.,.,.,.
2020,4,10,20,.,.,.,.,.,.,.,.,.,.,.,.,.
2020,4,10,21,.,.,.,.,.,.,.,.,.,.,.,.,.
2020,4,10,22,.,.,.,.,.,.,.,.,.,.,.,.,.
2020,4,10,23,.,.,.,.,.,.,.,.,.,.,.,.,.
2020,4,10,24,.,.,.,.,.,.,.,.,.,.,.,.,.
2020,4,10,25,.,.,.,.,.,.,.,.,.,.,.,.,.
2020,4,10,26,.,.,.,.,.,.,.,.,.,.,.,.,.
2020,4,10,27,.,.,.,.,.,.,.,.,.,.,.,.,.
2020,4,10,28,.,.,.,.,.,.,.,.,.,.,.,.,.
2020,4,10,29,.,.,.,.,.,.,.,.,.,.,.,.,.
2020,4,10,30,.,.,.,.,.,.,.,.,.,.,.,.,.
2020,4,10,31,.,.,.,.,.,.,.,.,.,.,.,.,.
2020,4,10,32,.,.,.,.,.,.,.,.,.,.,.,.,.
2020,4,10,33,.,.,.,.,.,.,.,.,.,.,.,.,.
2020,4,10,34,.,.,.,.,.,.,.,.,.,.,.,.,.
2020,4,10,35,.,.,.,.,.,.,.,.,.,.,.,.,.
2020,4,10,36,.,.,.,.,.,.,.,.,.,.,.,.,.
2020,4,10,37,.,.,.,.,.,.,.,.,.,.,.,.,.
2020,4,10,38,.,.,.,.,.,.,.,.,.,.,.,.,.
2020,4,10,39,.,.,.,.,.,.,.,.,.,.,.,.,.
2020,4,10,40,.,.,.,.,.,.,.,.,.,.,.,.,.
2020,4,10,41,.,.,.,.,.,.,.,.,.,.,.,.,.
2020,4,10,42,.,.,.,.,.,.,.,.,.,.,.,.,.
2020,4,10,44,.,.,.,.,.,.,.,.,.,.,.,.,.
2020,4,10,45,.,.,.,.,.,.,.,.,.,.,.,.,.
2020,4,10,46,.,.,.,.,.,.,.,.,.,.,.,.,.
2020,4,10,47,.,.,.,.,.,.,.,.,.,.,.,.,.
2020,4,10,48,.,.,.,.,.,.,.,.,.,.,.,.,.
2020,4,10,49,.,.,.,.,.,.,.,.,.,.,.,.,.
2020,4,10,50,.,.,.,.,.,.,.,.,.,.,.,.,.
2020,4,10,51,.,.,.,.,.,.,.,.,.,.,.,.,.
2020,4,10,53,.,.,.,.,.,.,.,.,.,.,.,.,.
2020,4,10,54,.,.,.,.,.,.,.,.,.,.,.,.,.
2020,4,10,55,.,.,.,.,.,.,.,.,.,.,.,.,.
2020,4,10,56,.,.,.,.,.,.,.,.,.,.,.,.,.
2020,4,17,1,.,.,.,.,.,.,.,.,.,.,.,.,.
2020,4,17,2,.,.,.,.,.,.,.,.,.,.,.,.,.
2020,4,17,4,.,.,.,.,.,.,.,.,.,.,.,.,.
2020,4,17,5,.,.,.,.,.,.,.,.,.,.,.,.,.
2020,4,17,6,.,.,.,.,.,.,.,.,.,.,.,.,.
2020,4,17,8,.,.,.,.,.,.,.,.,.,.,.,.,.
2020,4,17,9,.,.,.,.,.,.,.,.,.,.,.,.,.
2020,4,17,10,.,.,.,.,.,.,.,.,.,.,.,.,.
2020,4,17,11,.,.,.,.,.,.,.,.,.,.,.,.,.
2020,4,17,12,.,.,.,.,.,.,.,.,.,.,.,.,.
2020,4,17,13,.,.,.,.,.,.,.,.,.,.,.,.,.
2020,4,17,15,.,.,.,.,.,.,.,.,.,.,.,.,.
2020,4,17,16,.,.,.,.,.,.,.,.,.,.,.,.,.
2020,4,17,17,.,.,.,.,.,.,.,.,.,.,.,.,.
2020,4,17,18,.,.,.,.,.,.,.,.,.,.,.,.,.
2020,4,17,19,.,.,.,.,.,.,.,.,.,.,.,.,.
2020,4,17,20,.,.,.,.,.,.,.,.,.,.,.,.,.
2020,4,17,21,.,.,.,.,.,.,.,.,.,.,.,.,.
2020,4,17,22,.,.,.,.,.,.,.,.,.,.,.,.,.
2020,4,17,23,.,.,.,.,.,.,.,.,.,.,.,.,.
2020,4,17,24,.,.,.,.,.,.,.,.,.,.,.,.,.
2020,4,17,25,.,.,.,.,.,.,.,.,.,.,.,.,.
2020,4,17,26,.,.,.,.,.,.,.,.,.,.,.,.,.
2020,4,17,27,.,.,.,.,.,.,.,.,.,.,.,.,.
2020,4,17,28,.,.,.,.,.,.,.,.,.,.,.,.,.
2020,4,17,29,.,.,.,.,.,.,.,.,.,.,.,.,.
2020,4,17,30,.,.,.,.,.,.,.,.,.,.,.,.,.
2020,4,17,31,.,.,.,.,.,.,.,.,.,.,.,.,.
2020,4,17,32,.,.,.,.,.,.,.,.,.,.,.,.,.
2020,4,17,33,.,.,.,.,.,.,.,.,.,.,.,.,.
2020,4,17,34,.,.,.,.,.,.,.,.,.,.,.,.,.
2020,4,17,35,.,.,.,.,.,.,.,.,.,.,.,.,.
2020,4,17,36,.,.,.,.,.,.,.,.,.,.,.,.,.
2020,4,17,37,.,.,.,.,.,.,.,.,.,.,.,.,.
2020,4,17,38,.,.,.,.,.,.,.,.,.,.,.,.,.
2020,4,17,39,.,.,.,.,.,.,.,.,.,.,.,.,.
2020,4,17,40,.,.,.,.,.,.,.,.,.,.,.,.,.
2020,4,17,41,.,.,.,.,.,.,.,.,.,.,.,.,.
2020,4,17,42,.,.,.,.,.,.,.,.,.,.,.,.,.
2020,4,17,44,.,.,.,.,.,.,.,.,.,.,.,.,.
2020,4,17,45,.,.,.,.,.,.,.,.,.,.,.,.,.
2020,4,17,46,.,.,.,.,.,.,.,.,.,.,.,.,.
2020,4,17,47,.,.,.,.,.,.,.,.,.,.,.,.,.
2020,4,17,48,.,.,.,.,.,.,.,.,.,.,.,.,.
2020,4,17,49,.,.,.,.,.,.,.,.,.,.,.,.,.
2020,4,17,50,.,.,.,.,.,.,.,.,.,.,.,.,.
2020,4,17,51,.,.,.,.,.,.,.,.,.,.,.,.,.
2020,4,17,53,.,.,.,.,.,.,.,.,.,.,.,.,.
2020,4,17,54,.,.,.,.,.,.,.,.,.,.,.,.,.
2020,4,17,55,.,.,.,.,.,.,.,.,.,.,.,.,.
2020,4,17,56,.,.,.,.,.,.,.,.,.,.,.,.,.
2020,4,24,1,.,.,.,.,.,.,.,.,.,.,.,.,.
2020,4,24,2,.,.,.,.,.,.,.,.,.,.,.,.,.
2020,4,24,4,.,.,.,.,.,.,.,.,.,.,.,.,.
2020,4,24,5,.,.,.,.,.,.,.,.,.,.,.,.,.
2020,4,24,6,.,.,.,.,.,.,.,.,.,.,.,.,.
2020,4,24,8,.,.,.,.,.,.,.,.,.,.,.,.,.
2020,4,24,9,.,.,.,.,.,.,.,.,.,.,.,.,.
2020,4,24,10,.,.,.,.,.,.,.,.,.,.,.,.,.
2020,4,24,11,.,.,.,.,.,.,.,.,.,.,.,.,.
2020,4,24,12,.,.,.,.,.,.,.,.,.,.,.,.,.
2020,4,24,13,.,.,.,.,.,.,.,.,.,.,.,.,.
2020,4,24,15,.,.,.,.,.,.,.,.,.,.,.,.,.
2020,4,24,16,.,.,.,.,.,.,.,.,.,.,.,.,.
2020,4,24,17,.,.,.,.,.,.,.,.,.,.,.,.,.
2020,4,24,18,.,.,.,.,.,.,.,.,.,.,.,.,.
2020,4,24,19,.,.,.,.,.,.,.,.,.,.,.,.,.
2020,4,24,20,.,.,.,.,.,.,.,.,.,.,.,.,.
2020,4,24,21,.,.,.,.,.,.,.,.,.,.,.,.,.
2020,4,24,22,.,.,.,.,.,.,.,.,.,.,.,.,.
2020,4,24,23,.,.,.,.,.,.,.,.,.,.,.,.,.
2020,4,24,24,.,.,.,.,.,.,.,.,.,.,.,.,.
2020,4,24,25,.,.,.,.,.,.,.,.,.,.,.,.,.
2020,4,24,26,.,.,.,.,.,.,.,.,.,.,.,.,.
2020,4,24,27,.,.,.,.,.,.,.,.,.,.,.,.,.
2020,4,24,28,.,.,.,.,.,.,.,.,.,.,.,.,.
2020,4,24,29,.,.,.,.,.,.,.,.,.,.,.,.,.
2020,4,24,30,.,.,.,.,.,.,.,.,.,.,.,.,.
2020,4,24,31,.,.,.,.,.,.,.,.,.,.,.,.,.
2020,4,24,32,.,.,.,.,.,.,.,.,.,.,.,.,.
2020,4,24,33,.,.,.,.,.,.,.,.,.,.,.,.,.
2020,4,24,34,.,.,.,.,.,.,.,.,.,.,.,.,.
2020,4,24,35,.,.,.,.,.,.,.,.,.,.,.,.,.
2020,4,24,36,.,.,.,.,.,.,.,.,.,.,.,.,.
2020,4,24,37,.,.,.,.,.,.,.,.,.,.,.,.,.
2020,4,24,38,.,.,.,.,.,.,.,.,.,.,.,.,.
2020,4,24,39,.,.,.,.,.,.,.,.,.,.,.,.,.
2020,4,24,40,.,.,.,.,.,.,.,.,.,.,.,.,.
2020,4,24,41,.,.,.,.,.,.,.,.,.,.,.,.,.
2020,4,24,42,.,.,.,.,.,.,.,.,.,.,.,.,.
2020,4,24,44,.,.,.,.,.,.,.,.,.,.,.,.,.
2020,4,24,45,.,.,.,.,.,.,.,.,.,.,.,.,.
2020,4,24,46,.,.,.,.,.,.,.,.,.,.,.,.,.
2020,4,24,47,.,.,.,.,.,.,.,.,.,.,.,.,.
2020,4,24,48,.,.,.,.,.,.,.,.,.,.,.,.,.
2020,4,24,49,.,.,.,.,.,.,.,.,.,.,.,.,.
2020,4,24,50,.,.,.,.,.,.,.,.,.,.,.,.,.
2020,4,24,51,.,.,.,.,.,.,.,.,.,.,.,.,.
2020,4,24,53,.,.,.,.,.,.,.,.,.,.,.,.,.
2020,4,24,54,.,.,.,.,.,.,.,.,.,.,.,.,.
2020,4,24,55,.,.,.,.,.,.,.,.,.,.,.,.,.
2020,4,24,56,.,.,.,.,.,.,.,.,.,.,.,.,.
2020,5,1,1,.,.,.,.,.,.,.,.,.,.,.,.,.
2020,5,1,2,.,.,.,.,.,.,.,.,.,.,.,.,.
2020,5,1,4,.,.,.,.,.,.,.,.,.,.,.,.,.
2020,5,1,5,.,.,.,.,.,.,.,.,.,.,.,.,.
2020,5,1,6,.,.,.,.,.,.,.,.,.,.,.,.,.
2020,5,1,8,.,.,.,.,.,.,.,.,.,.,.,.,.
2020,5,1,9,.,.,.,.,.,.,.,.,.,.,.,.,.
2020,5,1,10,.,.,.,.,.,.,.,.,.,.,.,.,.
2020,5,1,11,.,.,.,.,.,.,.,.,.,.,.,.,.
2020,5,1,12,.,.,.,.,.,.,.,.,.,.,.,.,.
2020,5,1,13,.,.,.,.,.,.,.,.,.,.,.,.,.
2020,5,1,15,.,.,.,.,.,.,.,.,.,.,.,.,.
2020,5,1,16,.,.,.,.,.,.,.,.,.,.,.,.,.
2020,5,1,17,.,.,.,.,.,.,.,.,.,.,.,.,.
2020,5,1,18,.,.,.,.,.,.,.,.,.,.,.,.,.
2020,5,1,19,.,.,.,.,.,.,.,.,.,.,.,.,.
2020,5,1,20,.,.,.,.,.,.,.,.,.,.,.,.,.
2020,5,1,21,.,.,.,.,.,.,.,.,.,.,.,.,.
2020,5,1,22,.,.,.,.,.,.,.,.,.,.,.,.,.
2020,5,1,23,.,.,.,.,.,.,.,.,.,.,.,.,.
2020,5,1,24,.,.,.,.,.,.,.,.,.,.,.,.,.
2020,5,1,25,.,.,.,.,.,.,.,.,.,.,.,.,.
2020,5,1,26,.,.,.,.,.,.,.,.,.,.,.,.,.
2020,5,1,27,.,.,.,.,.,.,.,.,.,.,.,.,.
2020,5,1,28,.,.,.,.,.,.,.,.,.,.,.,.,.
2020,5,1,29,.,.,.,.,.,.,.,.,.,.,.,.,.
2020,5,1,30,.,.,.,.,.,.,.,.,.,.,.,.,.
2020,5,1,31,.,.,.,.,.,.,.,.,.,.,.,.,.
2020,5,1,32,.,.,.,.,.,.,.,.,.,.,.,.,.
2020,5,1,33,.,.,.,.,.,.,.,.,.,.,.,.,.
2020,5,1,34,.,.,.,.,.,.,.,.,.,.,.,.,.
2020,5,1,35,.,.,.,.,.,.,.,.,.,.,.,.,.
2020,5,1,36,.,.,.,.,.,.,.,.,.,.,.,.,.
2020,5,1,37,.,.,.,.,.,.,.,.,.,.,.,.,.
2020,5,1,38,.,.,.,.,.,.,.,.,.,.,.,.,.
2020,5,1,39,.,.,.,.,.,.,.,.,.,.,.,.,.
2020,5,1,40,.,.,.,.,.,.,.,.,.,.,.,.,.
2020,5,1,41,.,.,.,.,.,.,.,.,.,.,.,.,.
2020,5,1,42,.,.,.,.,.,.,.,.,.,.,.,.,.
2020,5,1,44,.,.,.,.,.,.,.,.,.,.,.,.,.
2020,5,1,45,.,.,.,.,.,.,.,.,.,.,.,.,.
2020,5,1,46,.,.,.,.,.,.,.,.,.,.,.,.,.
2020,5,1,47,.,.,.,.,.,.,.,.,.,.,.,.,.
2020,5,1,48,.,.,.,.,.,.,.,.,.,.,.,.,.
2020,5,1,49,.,.,.,.,.,.,.,.,.,.,.,.,.
2020,5,1,50,.,.,.,.,.,.,.,.,.,.,.,.,.
2020,5,1,51,.,.,.,.,.,.,.,.,.,.,.,.,.
2020,5,1,53,.,.,.,.,.,.,.,.,.,.,.,.,.
2020,5,1,54,.,.,.,.,.,.,.,.,.,.,.,.,.
2020,5,1,55,.,.,.,.,.,.,.,.,.,.,.,.,.
2020,5,1,56,.,.,.,.,.,.,.,.,.,.,.,.,.
2020,5,8,1,.,.,.,.,.,.,.,.,.,.,.,.,.
2020,5,8,2,.,.,.,.,.,.,.,.,.,.,.,.,.
2020,5,8,4,.,.,.,.,.,.,.,.,.,.,.,.,.
2020,5,8,5,.,.,.,.,.,.,.,.,.,.,.,.,.
2020,5,8,6,.,.,.,.,.,.,.,.,.,.,.,.,.
2020,5,8,8,.,.,.,.,.,.,.,.,.,.,.,.,.
2020,5,8,9,.,.,.,.,.,.,.,.,.,.,.,.,.
2020,5,8,10,.,.,.,.,.,.,.,.,.,.,.,.,.
2020,5,8,11,.,.,.,.,.,.,.,.,.,.,.,.,.
2020,5,8,12,.,.,.,.,.,.,.,.,.,.,.,.,.
2020,5,8,13,.,.,.,.,.,.,.,.,.,.,.,.,.
2020,5,8,15,.,.,.,.,.,.,.,.,.,.,.,.,.
2020,5,8,16,.,.,.,.,.,.,.,.,.,.,.,.,.
2020,5,8,17,.,.,.,.,.,.,.,.,.,.,.,.,.
2020,5,8,18,.,.,.,.,.,.,.,.,.,.,.,.,.
2020,5,8,19,.,.,.,.,.,.,.,.,.,.,.,.,.
2020,5,8,20,.,.,.,.,.,.,.,.,.,.,.,.,.
2020,5,8,21,.,.,.,.,.,.,.,.,.,.,.,.,.
2020,5,8,22,.,.,.,.,.,.,.,.,.,.,.,.,.
2020,5,8,23,.,.,.,.,.,.,.,.,.,.,.,.,.
2020,5,8,24,.,.,.,.,.,.,.,.,.,.,.,.,.
2020,5,8,25,.,.,.,.,.,.,.,.,.,.,.,.,.
2020,5,8,26,.,.,.,.,.,.,.,.,.,.,.,.,.
2020,5,8,27,.,.,.,.,.,.,.,.,.,.,.,.,.
2020,5,8,28,.,.,.,.,.,.,.,.,.,.,.,.,.
2020,5,8,29,.,.,.,.,.,.,.,.,.,.,.,.,.
2020,5,8,30,.,.,.,.,.,.,.,.,.,.,.,.,.
2020,5,8,31,.,.,.,.,.,.,.,.,.,.,.,.,.
2020,5,8,32,.,.,.,.,.,.,.,.,.,.,.,.,.
2020,5,8,33,.,.,.,.,.,.,.,.,.,.,.,.,.
2020,5,8,34,.,.,.,.,.,.,.,.,.,.,.,.,.
2020,5,8,35,.,.,.,.,.,.,.,.,.,.,.,.,.
2020,5,8,36,.,.,.,.,.,.,.,.,.,.,.,.,.
2020,5,8,37,.,.,.,.,.,.,.,.,.,.,.,.,.
2020,5,8,38,.,.,.,.,.,.,.,.,.,.,.,.,.
2020,5,8,39,.,.,.,.,.,.,.,.,.,.,.,.,.
2020,5,8,40,.,.,.,.,.,.,.,.,.,.,.,.,.
2020,5,8,41,.,.,.,.,.,.,.,.,.,.,.,.,.
2020,5,8,42,.,.,.,.,.,.,.,.,.,.,.,.,.
2020,5,8,44,.,.,.,.,.,.,.,.,.,.,.,.,.
2020,5,8,45,.,.,.,.,.,.,.,.,.,.,.,.,.
2020,5,8,46,.,.,.,.,.,.,.,.,.,.,.,.,.
2020,5,8,47,.,.,.,.,.,.,.,.,.,.,.,.,.
2020,5,8,48,.,.,.,.,.,.,.,.,.,.,.,.,.
2020,5,8,49,.,.,.,.,.,.,.,.,.,.,.,.,.
2020,5,8,50,.,.,.,.,.,.,.,.,.,.,.,.,.
2020,5,8,51,.,.,.,.,.,.,.,.,.,.,.,.,.
2020,5,8,53,.,.,.,.,.,.,.,.,.,.,.,.,.
2020,5,8,54,.,.,.,.,.,.,.,.,.,.,.,.,.
2020,5,8,55,.,.,.,.,.,.,.,.,.,.,.,.,.
2020,5,8,56,.,.,.,.,.,.,.,.,.,.,.,.,.
2020,5,15,1,.,.,.,.,.,.,.,.,.,.,.,.,.
2020,5,15,2,.,.,.,.,.,.,.,.,.,.,.,.,.
2020,5,15,4,.,.,.,.,.,.,.,.,.,.,.,.,.
2020,5,15,5,.,.,.,.,.,.,.,.,.,.,.,.,.
2020,5,15,6,.,.,.,.,.,.,.,.,.,.,.,.,.
2020,5,15,8,.,.,.,.,.,.,.,.,.,.,.,.,.
2020,5,15,9,.,.,.,.,.,.,.,.,.,.,.,.,.
2020,5,15,10,.,.,.,.,.,.,.,.,.,.,.,.,.
2020,5,15,11,.,.,.,.,.,.,.,.,.,.,.,.,.
2020,5,15,12,.,.,.,.,.,.,.,.,.,.,.,.,.
2020,5,15,13,.,.,.,.,.,.,.,.,.,.,.,.,.
2020,5,15,15,.,.,.,.,.,.,.,.,.,.,.,.,.
2020,5,15,16,.,.,.,.,.,.,.,.,.,.,.,.,.
2020,5,15,17,.,.,.,.,.,.,.,.,.,.,.,.,.
2020,5,15,18,.,.,.,.,.,.,.,.,.,.,.,.,.
2020,5,15,19,.,.,.,.,.,.,.,.,.,.,.,.,.
2020,5,15,20,.,.,.,.,.,.,.,.,.,.,.,.,.
2020,5,15,21,.,.,.,.,.,.,.,.,.,.,.,.,.
2020,5,15,22,.,.,.,.,.,.,.,.,.,.,.,.,.
2020,5,15,23,.,.,.,.,.,.,.,.,.,.,.,.,.
2020,5,15,24,.,.,.,.,.,.,.,.,.,.,.,.,.
2020,5,15,25,.,.,.,.,.,.,.,.,.,.,.,.,.
2020,5,15,26,.,.,.,.,.,.,.,.,.,.,.,.,.
2020,5,15,27,.,.,.,.,.,.,.,.,.,.,.,.,.
2020,5,15,28,.,.,.,.,.,.,.,.,.,.,.,.,.
2020,5,15,29,.,.,.,.,.,.,.,.,.,.,.,.,.
2020,5,15,30,.,.,.,.,.,.,.,.,.,.,.,.,.
2020,5,15,31,.,.,.,.,.,.,.,.,.,.,.,.,.
2020,5,15,32,.,.,.,.,.,.,.,.,.,.,.,.,.
2020,5,15,33,.,.,.,.,.,.,.,.,.,.,.,.,.
2020,5,15,34,.,.,.,.,.,.,.,.,.,.,.,.,.
2020,5,15,35,.,.,.,.,.,.,.,.,.,.,.,.,.
2020,5,15,36,.,.,.,.,.,.,.,.,.,.,.,.,.
2020,5,15,37,.,.,.,.,.,.,.,.,.,.,.,.,.
2020,5,15,38,.,.,.,.,.,.,.,.,.,.,.,.,.
2020,5,15,39,.,.,.,.,.,.,.,.,.,.,.,.,.
2020,5,15,40,.,.,.,.,.,.,.,.,.,.,.,.,.
2020,5,15,41,.,.,.,.,.,.,.,.,.,.,.,.,.
2020,5,15,42,.,.,.,.,.,.,.,.,.,.,.,.,.
2020,5,15,44,.,.,.,.,.,.,.,.,.,.,.,.,.
2020,5,15,45,.,.,.,.,.,.,.,.,.,.,.,.,.
2020,5,15,46,.,.,.,.,.,.,.,.,.,.,.,.,.
2020,5,15,47,.,.,.,.,.,.,.,.,.,.,.,.,.
2020,5,15,48,.,.,.,.,.,.,.,.,.,.,.,.,.
2020,5,15,49,.,.,.,.,.,.,.,.,.,.,.,.,.
2020,5,15,50,.,.,.,.,.,.,.,.,.,.,.,.,.
2020,5,15,51,.,.,.,.,.,.,.,.,.,.,.,.,.
2020,5,15,53,.,.,.,.,.,.,.,.,.,.,.,.,.
2020,5,15,54,.,.,.,.,.,.,.,.,.,.,.,.,.
2020,5,15,55,.,.,.,.,.,.,.,.,.,.,.,.,.
2020,5,15,56,.,.,.,.,.,.,.,.,.,.,.,.,.
2020,5,22,1,.,.,.,.,.,.,.,.,.,.,.,.,.
2020,5,22,2,.,.,.,.,.,.,.,.,.,.,.,.,.
2020,5,22,4,.,.,.,.,.,.,.,.,.,.,.,.,.
2020,5,22,5,.,.,.,.,.,.,.,.,.,.,.,.,.
2020,5,22,6,.,.,.,.,.,.,.,.,.,.,.,.,.
2020,5,22,8,.,.,.,.,.,.,.,.,.,.,.,.,.
2020,5,22,9,.,.,.,.,.,.,.,.,.,.,.,.,.
2020,5,22,10,.,.,.,.,.,.,.,.,.,.,.,.,.
2020,5,22,11,.,.,.,.,.,.,.,.,.,.,.,.,.
2020,5,22,12,.,.,.,.,.,.,.,.,.,.,.,.,.
2020,5,22,13,.,.,.,.,.,.,.,.,.,.,.,.,.
2020,5,22,15,.,.,.,.,.,.,.,.,.,.,.,.,.
2020,5,22,16,.,.,.,.,.,.,.,.,.,.,.,.,.
2020,5,22,17,.,.,.,.,.,.,.,.,.,.,.,.,.
2020,5,22,18,.,.,.,.,.,.,.,.,.,.,.,.,.
2020,5,22,19,.,.,.,.,.,.,.,.,.,.,.,.,.
2020,5,22,20,.,.,.,.,.,.,.,.,.,.,.,.,.
2020,5,22,21,.,.,.,.,.,.,.,.,.,.,.,.,.
2020,5,22,22,.,.,.,.,.,.,.,.,.,.,.,.,.
2020,5,22,23,.,.,.,.,.,.,.,.,.,.,.,.,.
2020,5,22,24,.,.,.,.,.,.,.,.,.,.,.,.,.
2020,5,22,25,.,.,.,.,.,.,.,.,.,.,.,.,.
2020,5,22,26,.,.,.,.,.,.,.,.,.,.,.,.,.
2020,5,22,27,.,.,.,.,.,.,.,.,.,.,.,.,.
2020,5,22,28,.,.,.,.,.,.,.,.,.,.,.,.,.
2020,5,22,29,.,.,.,.,.,.,.,.,.,.,.,.,.
2020,5,22,30,.,.,.,.,.,.,.,.,.,.,.,.,.
2020,5,22,31,.,.,.,.,.,.,.,.,.,.,.,.,.
2020,5,22,32,.,.,.,.,.,.,.,.,.,.,.,.,.
2020,5,22,33,.,.,.,.,.,.,.,.,.,.,.,.,.
2020,5,22,34,.,.,.,.,.,.,.,.,.,.,.,.,.
2020,5,22,35,.,.,.,.,.,.,.,.,.,.,.,.,.
2020,5,22,36,.,.,.,.,.,.,.,.,.,.,.,.,.
2020,5,22,37,.,.,.,.,.,.,.,.,.,.,.,.,.
2020,5,22,38,.,.,.,.,.,.,.,.,.,.,.,.,.
2020,5,22,39,.,.,.,.,.,.,.,.,.,.,.,.,.
2020,5,22,40,.,.,.,.,.,.,.,.,.,.,.,.,.
2020,5,22,41,.,.,.,.,.,.,.,.,.,.,.,.,.
2020,5,22,42,.,.,.,.,.,.,.,.,.,.,.,.,.
2020,5,22,44,.,.,.,.,.,.,.,.,.,.,.,.,.
2020,5,22,45,.,.,.,.,.,.,.,.,.,.,.,.,.
2020,5,22,46,.,.,.,.,.,.,.,.,.,.,.,.,.
2020,5,22,47,.,.,.,.,.,.,.,.,.,.,.,.,.
2020,5,22,48,.,.,.,.,.,.,.,.,.,.,.,.,.
2020,5,22,49,.,.,.,.,.,.,.,.,.,.,.,.,.
2020,5,22,50,.,.,.,.,.,.,.,.,.,.,.,.,.
2020,5,22,51,.,.,.,.,.,.,.,.,.,.,.,.,.
2020,5,22,53,.,.,.,.,.,.,.,.,.,.,.,.,.
2020,5,22,54,.,.,.,.,.,.,.,.,.,.,.,.,.
2020,5,22,55,.,.,.,.,.,.,.,.,.,.,.,.,.
2020,5,22,56,.,.,.,.,.,.,.,.,.,.,.,.,.
2020,5,29,1,.,.,.,.,.,.,.,.,.,.,.,.,.
2020,5,29,2,.,.,.,.,.,.,.,.,.,.,.,.,.
2020,5,29,4,.,.,.,.,.,.,.,.,.,.,.,.,.
2020,5,29,5,.,.,.,.,.,.,.,.,.,.,.,.,.
2020,5,29,6,.,.,.,.,.,.,.,.,.,.,.,.,.
2020,5,29,8,.,.,.,.,.,.,.,.,.,.,.,.,.
2020,5,29,9,.,.,.,.,.,.,.,.,.,.,.,.,.
2020,5,29,10,.,.,.,.,.,.,.,.,.,.,.,.,.
2020,5,29,11,.,.,.,.,.,.,.,.,.,.,.,.,.
2020,5,29,12,.,.,.,.,.,.,.,.,.,.,.,.,.
2020,5,29,13,.,.,.,.,.,.,.,.,.,.,.,.,.
2020,5,29,15,.,.,.,.,.,.,.,.,.,.,.,.,.
2020,5,29,16,.,.,.,.,.,.,.,.,.,.,.,.,.
2020,5,29,17,.,.,.,.,.,.,.,.,.,.,.,.,.
2020,5,29,18,.,.,.,.,.,.,.,.,.,.,.,.,.
2020,5,29,19,.,.,.,.,.,.,.,.,.,.,.,.,.
2020,5,29,20,.,.,.,.,.,.,.,.,.,.,.,.,.
2020,5,29,21,.,.,.,.,.,.,.,.,.,.,.,.,.
2020,5,29,22,.,.,.,.,.,.,.,.,.,.,.,.,.
2020,5,29,23,.,.,.,.,.,.,.,.,.,.,.,.,.
2020,5,29,24,.,.,.,.,.,.,.,.,.,.,.,.,.
2020,5,29,25,.,.,.,.,.,.,.,.,.,.,.,.,.
2020,5,29,26,.,.,.,.,.,.,.,.,.,.,.,.,.
2020,5,29,27,.,.,.,.,.,.,.,.,.,.,.,.,.
2020,5,29,28,.,.,.,.,.,.,.,.,.,.,.,.,.
2020,5,29,29,.,.,.,.,.,.,.,.,.,.,.,.,.
2020,5,29,30,.,.,.,.,.,.,.,.,.,.,.,.,.
2020,5,29,31,.,.,.,.,.,.,.,.,.,.,.,.,.
2020,5,29,32,.,.,.,.,.,.,.,.,.,.,.,.,.
2020,5,29,33,.,.,.,.,.,.,.,.,.,.,.,.,.
2020,5,29,34,.,.,.,.,.,.,.,.,.,.,.,.,.
2020,5,29,35,.,.,.,.,.,.,.,.,.,.,.,.,.
2020,5,29,36,.,.,.,.,.,.,.,.,.,.,.,.,.
2020,5,29,37,.,.,.,.,.,.,.,.,.,.,.,.,.
2020,5,29,38,.,.,.,.,.,.,.,.,.,.,.,.,.
2020,5,29,39,.,.,.,.,.,.,.,.,.,.,.,.,.
2020,5,29,40,.,.,.,.,.,.,.,.,.,.,.,.,.
2020,5,29,41,.,.,.,.,.,.,.,.,.,.,.,.,.
2020,5,29,42,.,.,.,.,.,.,.,.,.,.,.,.,.
2020,5,29,44,.,.,.,.,.,.,.,.,.,.,.,.,.
2020,5,29,45,.,.,.,.,.,.,.,.,.,.,.,.,.
2020,5,29,46,.,.,.,.,.,.,.,.,.,.,.,.,.
2020,5,29,47,.,.,.,.,.,.,.,.,.,.,.,.,.
2020,5,29,48,.,.,.,.,.,.,.,.,.,.,.,.,.
2020,5,29,49,.,.,.,.,.,.,.,.,.,.,.,.,.
2020,5,29,50,.,.,.,.,.,.,.,.,.,.,.,.,.
2020,5,29,51,.,.,.,.,.,.,.,.,.,.,.,.,.
2020,5,29,53,.,.,.,.,.,.,.,.,.,.,.,.,.
2020,5,29,54,.,.,.,.,.,.,.,.,.,.,.,.,.
2020,5,29,55,.,.,.,.,.,.,.,.,.,.,.,.,.
2020,5,29,56,.,.,.,.,.,.,.,.,.,.,.,.,.
2020,6,5,1,.,.,.,.,.,.,.,.,.,.,.,.,.
2020,6,5,2,.,.,.,.,.,.,.,.,.,.,.,.,.
2020,6,5,4,.,.,.,.,.,.,.,.,.,.,.,.,.
2020,6,5,5,.,.,.,.,.,.,.,.,.,.,.,.,.
2020,6,5,6,.,.,.,.,.,.,.,.,.,.,.,.,.
2020,6,5,8,.,.,.,.,.,.,.,.,.,.,.,.,.
2020,6,5,9,.,.,.,.,.,.,.,.,.,.,.,.,.
2020,6,5,10,.,.,.,.,.,.,.,.,.,.,.,.,.
2020,6,5,11,.,.,.,.,.,.,.,.,.,.,.,.,.
2020,6,5,12,.,.,.,.,.,.,.,.,.,.,.,.,.
2020,6,5,13,.,.,.,.,.,.,.,.,.,.,.,.,.
2020,6,5,15,.,.,.,.,.,.,.,.,.,.,.,.,.
2020,6,5,16,.,.,.,.,.,.,.,.,.,.,.,.,.
2020,6,5,17,.,.,.,.,.,.,.,.,.,.,.,.,.
2020,6,5,18,.,.,.,.,.,.,.,.,.,.,.,.,.
2020,6,5,19,.,.,.,.,.,.,.,.,.,.,.,.,.
2020,6,5,20,.,.,.,.,.,.,.,.,.,.,.,.,.
2020,6,5,21,.,.,.,.,.,.,.,.,.,.,.,.,.
2020,6,5,22,.,.,.,.,.,.,.,.,.,.,.,.,.
2020,6,5,23,.,.,.,.,.,.,.,.,.,.,.,.,.
2020,6,5,24,.,.,.,.,.,.,.,.,.,.,.,.,.
2020,6,5,25,.,.,.,.,.,.,.,.,.,.,.,.,.
2020,6,5,26,.,.,.,.,.,.,.,.,.,.,.,.,.
2020,6,5,27,.,.,.,.,.,.,.,.,.,.,.,.,.
2020,6,5,28,.,.,.,.,.,.,.,.,.,.,.,.,.
2020,6,5,29,.,.,.,.,.,.,.,.,.,.,.,.,.
2020,6,5,30,.,.,.,.,.,.,.,.,.,.,.,.,.
2020,6,5,31,.,.,.,.,.,.,.,.,.,.,.,.,.
2020,6,5,32,.,.,.,.,.,.,.,.,.,.,.,.,.
2020,6,5,33,.,.,.,.,.,.,.,.,.,.,.,.,.
2020,6,5,34,.,.,.,.,.,.,.,.,.,.,.,.,.
2020,6,5,35,.,.,.,.,.,.,.,.,.,.,.,.,.
2020,6,5,36,.,.,.,.,.,.,.,.,.,.,.,.,.
2020,6,5,37,.,.,.,.,.,.,.,.,.,.,.,.,.
2020,6,5,38,.,.,.,.,.,.,.,.,.,.,.,.,.
2020,6,5,39,.,.,.,.,.,.,.,.,.,.,.,.,.
2020,6,5,40,.,.,.,.,.,.,.,.,.,.,.,.,.
2020,6,5,41,.,.,.,.,.,.,.,.,.,.,.,.,.
2020,6,5,42,.,.,.,.,.,.,.,.,.,.,.,.,.
2020,6,5,44,.,.,.,.,.,.,.,.,.,.,.,.,.
2020,6,5,45,.,.,.,.,.,.,.,.,.,.,.,.,.
2020,6,5,46,.,.,.,.,.,.,.,.,.,.,.,.,.
2020,6,5,47,.,.,.,.,.,.,.,.,.,.,.,.,.
2020,6,5,48,.,.,.,.,.,.,.,.,.,.,.,.,.
2020,6,5,49,.,.,.,.,.,.,.,.,.,.,.,.,.
2020,6,5,50,.,.,.,.,.,.,.,.,.,.,.,.,.
2020,6,5,51,.,.,.,.,.,.,.,.,.,.,.,.,.
2020,6,5,53,.,.,.,.,.,.,.,.,.,.,.,.,.
2020,6,5,54,.,.,.,.,.,.,.,.,.,.,.,.,.
2020,6,5,55,.,.,.,.,.,.,.,.,.,.,.,.,.
2020,6,5,56,.,.,.,.,.,.,.,.,.,.,.,.,.
2020,6,12,1,.,.,.,.,.,.,.,.,.,.,.,.,.
2020,6,12,2,.,.,.,.,.,.,.,.,.,.,.,.,.
2020,6,12,4,.,.,.,.,.,.,.,.,.,.,.,.,.
2020,6,12,5,.,.,.,.,.,.,.,.,.,.,.,.,.
2020,6,12,6,.,.,.,.,.,.,.,.,.,.,.,.,.
2020,6,12,8,.,.,.,.,.,.,.,.,.,.,.,.,.
2020,6,12,9,.,.,.,.,.,.,.,.,.,.,.,.,.
2020,6,12,10,.,.,.,.,.,.,.,.,.,.,.,.,.
2020,6,12,11,.,.,.,.,.,.,.,.,.,.,.,.,.
2020,6,12,12,.,.,.,.,.,.,.,.,.,.,.,.,.
2020,6,12,13,.,.,.,.,.,.,.,.,.,.,.,.,.
2020,6,12,15,.,.,.,.,.,.,.,.,.,.,.,.,.
2020,6,12,16,.,.,.,.,.,.,.,.,.,.,.,.,.
2020,6,12,17,.,.,.,.,.,.,.,.,.,.,.,.,.
2020,6,12,18,.,.,.,.,.,.,.,.,.,.,.,.,.
2020,6,12,19,.,.,.,.,.,.,.,.,.,.,.,.,.
2020,6,12,20,.,.,.,.,.,.,.,.,.,.,.,.,.
2020,6,12,21,.,.,.,.,.,.,.,.,.,.,.,.,.
2020,6,12,22,.,.,.,.,.,.,.,.,.,.,.,.,.
2020,6,12,23,.,.,.,.,.,.,.,.,.,.,.,.,.
2020,6,12,24,.,.,.,.,.,.,.,.,.,.,.,.,.
2020,6,12,25,.,.,.,.,.,.,.,.,.,.,.,.,.
2020,6,12,26,.,.,.,.,.,.,.,.,.,.,.,.,.
2020,6,12,27,.,.,.,.,.,.,.,.,.,.,.,.,.
2020,6,12,28,.,.,.,.,.,.,.,.,.,.,.,.,.
2020,6,12,29,.,.,.,.,.,.,.,.,.,.,.,.,.
2020,6,12,30,.,.,.,.,.,.,.,.,.,.,.,.,.
2020,6,12,31,.,.,.,.,.,.,.,.,.,.,.,.,.
2020,6,12,32,.,.,.,.,.,.,.,.,.,.,.,.,.
2020,6,12,33,.,.,.,.,.,.,.,.,.,.,.,.,.
2020,6,12,34,.,.,.,.,.,.,.,.,.,.,.,.,.
2020,6,12,35,.,.,.,.,.,.,.,.,.,.,.,.,.
2020,6,12,36,.,.,.,.,.,.,.,.,.,.,.,.,.
2020,6,12,37,.,.,.,.,.,.,.,.,.,.,.,.,.
2020,6,12,38,.,.,.,.,.,.,.,.,.,.,.,.,.
2020,6,12,39,.,.,.,.,.,.,.,.,.,.,.,.,.
2020,6,12,40,.,.,.,.,.,.,.,.,.,.,.,.,.
2020,6,12,41,.,.,.,.,.,.,.,.,.,.,.,.,.
2020,6,12,42,.,.,.,.,.,.,.,.,.,.,.,.,.
2020,6,12,44,.,.,.,.,.,.,.,.,.,.,.,.,.
2020,6,12,45,.,.,.,.,.,.,.,.,.,.,.,.,.
2020,6,12,46,.,.,.,.,.,.,.,.,.,.,.,.,.
2020,6,12,47,.,.,.,.,.,.,.,.,.,.,.,.,.
2020,6,12,48,.,.,.,.,.,.,.,.,.,.,.,.,.
2020,6,12,49,.,.,.,.,.,.,.,.,.,.,.,.,.
2020,6,12,50,.,.,.,.,.,.,.,.,.,.,.,.,.
2020,6,12,51,.,.,.,.,.,.,.,.,.,.,.,.,.
2020,6,12,53,.,.,.,.,.,.,.,.,.,.,.,.,.
2020,6,12,54,.,.,.,.,.,.,.,.,.,.,.,.,.
2020,6,12,55,.,.,.,.,.,.,.,.,.,.,.,.,.
2020,6,12,56,.,.,.,.,.,.,.,.,.,.,.,.,.
2020,6,19,1,.,.,.,.,.,.,.,.,.,.,.,.,.
2020,6,19,2,.,.,.,.,.,.,.,.,.,.,.,.,.
2020,6,19,4,.,.,.,.,.,.,.,.,.,.,.,.,.
2020,6,19,5,.,.,.,.,.,.,.,.,.,.,.,.,.
2020,6,19,6,.,.,.,.,.,.,.,.,.,.,.,.,.
2020,6,19,8,.,.,.,.,.,.,.,.,.,.,.,.,.
2020,6,19,9,.,.,.,.,.,.,.,.,.,.,.,.,.
2020,6,19,10,.,.,.,.,.,.,.,.,.,.,.,.,.
2020,6,19,11,.,.,.,.,.,.,.,.,.,.,.,.,.
2020,6,19,12,.,.,.,.,.,.,.,.,.,.,.,.,.
2020,6,19,13,.,.,.,.,.,.,.,.,.,.,.,.,.
2020,6,19,15,.,.,.,.,.,.,.,.,.,.,.,.,.
2020,6,19,16,.,.,.,.,.,.,.,.,.,.,.,.,.
2020,6,19,17,.,.,.,.,.,.,.,.,.,.,.,.,.
2020,6,19,18,.,.,.,.,.,.,.,.,.,.,.,.,.
2020,6,19,19,.,.,.,.,.,.,.,.,.,.,.,.,.
2020,6,19,20,.,.,.,.,.,.,.,.,.,.,.,.,.
2020,6,19,21,.,.,.,.,.,.,.,.,.,.,.,.,.
2020,6,19,22,.,.,.,.,.,.,.,.,.,.,.,.,.
2020,6,19,23,.,.,.,.,.,.,.,.,.,.,.,.,.
2020,6,19,24,.,.,.,.,.,.,.,.,.,.,.,.,.
2020,6,19,25,.,.,.,.,.,.,.,.,.,.,.,.,.
2020,6,19,26,.,.,.,.,.,.,.,.,.,.,.,.,.
2020,6,19,27,.,.,.,.,.,.,.,.,.,.,.,.,.
2020,6,19,28,.,.,.,.,.,.,.,.,.,.,.,.,.
2020,6,19,29,.,.,.,.,.,.,.,.,.,.,.,.,.
2020,6,19,30,.,.,.,.,.,.,.,.,.,.,.,.,.
2020,6,19,31,.,.,.,.,.,.,.,.,.,.,.,.,.
2020,6,19,32,.,.,.,.,.,.,.,.,.,.,.,.,.
2020,6,19,33,.,.,.,.,.,.,.,.,.,.,.,.,.
2020,6,19,34,.,.,.,.,.,.,.,.,.,.,.,.,.
2020,6,19,35,.,.,.,.,.,.,.,.,.,.,.,.,.
2020,6,19,36,.,.,.,.,.,.,.,.,.,.,.,.,.
2020,6,19,37,.,.,.,.,.,.,.,.,.,.,.,.,.
2020,6,19,38,.,.,.,.,.,.,.,.,.,.,.,.,.
2020,6,19,39,.,.,.,.,.,.,.,.,.,.,.,.,.
2020,6,19,40,.,.,.,.,.,.,.,.,.,.,.,.,.
2020,6,19,41,.,.,.,.,.,.,.,.,.,.,.,.,.
2020,6,19,42,.,.,.,.,.,.,.,.,.,.,.,.,.
2020,6,19,44,.,.,.,.,.,.,.,.,.,.,.,.,.
2020,6,19,45,.,.,.,.,.,.,.,.,.,.,.,.,.
2020,6,19,46,.,.,.,.,.,.,.,.,.,.,.,.,.
2020,6,19,47,.,.,.,.,.,.,.,.,.,.,.,.,.
2020,6,19,48,.,.,.,.,.,.,.,.,.,.,.,.,.
2020,6,19,49,.,.,.,.,.,.,.,.,.,.,.,.,.
2020,6,19,50,.,.,.,.,.,.,.,.,.,.,.,.,.
2020,6,19,51,.,.,.,.,.,.,.,.,.,.,.,.,.
2020,6,19,53,.,.,.,.,.,.,.,.,.,.,.,.,.
2020,6,19,54,.,.,.,.,.,.,.,.,.,.,.,.,.
2020,6,19,55,.,.,.,.,.,.,.,.,.,.,.,.,.
2020,6,19,56,.,.,.,.,.,.,.,.,.,.,.,.,.
2020,6,26,1,.,.,.,.,.,.,.,.,.,.,.,.,.
2020,6,26,2,.,.,.,.,.,.,.,.,.,.,.,.,.
2020,6,26,4,.,.,.,.,.,.,.,.,.,.,.,.,.
2020,6,26,5,.,.,.,.,.,.,.,.,.,.,.,.,.
2020,6,26,6,.,.,.,.,.,.,.,.,.,.,.,.,.
2020,6,26,8,.,.,.,.,.,.,.,.,.,.,.,.,.
2020,6,26,9,.,.,.,.,.,.,.,.,.,.,.,.,.
2020,6,26,10,.,.,.,.,.,.,.,.,.,.,.,.,.
2020,6,26,11,.,.,.,.,.,.,.,.,.,.,.,.,.
2020,6,26,12,.,.,.,.,.,.,.,.,.,.,.,.,.
2020,6,26,13,.,.,.,.,.,.,.,.,.,.,.,.,.
2020,6,26,15,.,.,.,.,.,.,.,.,.,.,.,.,.
2020,6,26,16,.,.,.,.,.,.,.,.,.,.,.,.,.
2020,6,26,17,.,.,.,.,.,.,.,.,.,.,.,.,.
2020,6,26,18,.,.,.,.,.,.,.,.,.,.,.,.,.
2020,6,26,19,.,.,.,.,.,.,.,.,.,.,.,.,.
2020,6,26,20,.,.,.,.,.,.,.,.,.,.,.,.,.
2020,6,26,21,.,.,.,.,.,.,.,.,.,.,.,.,.
2020,6,26,22,.,.,.,.,.,.,.,.,.,.,.,.,.
2020,6,26,23,.,.,.,.,.,.,.,.,.,.,.,.,.
2020,6,26,24,.,.,.,.,.,.,.,.,.,.,.,.,.
2020,6,26,25,.,.,.,.,.,.,.,.,.,.,.,.,.
2020,6,26,26,.,.,.,.,.,.,.,.,.,.,.,.,.
2020,6,26,27,.,.,.,.,.,.,.,.,.,.,.,.,.
2020,6,26,28,.,.,.,.,.,.,.,.,.,.,.,.,.
2020,6,26,29,.,.,.,.,.,.,.,.,.,.,.,.,.
2020,6,26,30,.,.,.,.,.,.,.,.,.,.,.,.,.
2020,6,26,31,.,.,.,.,.,.,.,.,.,.,.,.,.
2020,6,26,32,.,.,.,.,.,.,.,.,.,.,.,.,.
2020,6,26,33,.,.,.,.,.,.,.,.,.,.,.,.,.
2020,6,26,34,.,.,.,.,.,.,.,.,.,.,.,.,.
2020,6,26,35,.,.,.,.,.,.,.,.,.,.,.,.,.
2020,6,26,36,.,.,.,.,.,.,.,.,.,.,.,.,.
2020,6,26,37,.,.,.,.,.,.,.,.,.,.,.,.,.
2020,6,26,38,.,.,.,.,.,.,.,.,.,.,.,.,.
2020,6,26,39,.,.,.,.,.,.,.,.,.,.,.,.,.
2020,6,26,40,.,.,.,.,.,.,.,.,.,.,.,.,.
2020,6,26,41,.,.,.,.,.,.,.,.,.,.,.,.,.
2020,6,26,42,.,.,.,.,.,.,.,.,.,.,.,.,.
2020,6,26,44,.,.,.,.,.,.,.,.,.,.,.,.,.
2020,6,26,45,.,.,.,.,.,.,.,.,.,.,.,.,.
2020,6,26,46,.,.,.,.,.,.,.,.,.,.,.,.,.
2020,6,26,47,.,.,.,.,.,.,.,.,.,.,.,.,.
2020,6,26,48,.,.,.,.,.,.,.,.,.,.,.,.,.
2020,6,26,49,.,.,.,.,.,.,.,.,.,.,.,.,.
2020,6,26,50,.,.,.,.,.,.,.,.,.,.,.,.,.
2020,6,26,51,.,.,.,.,.,.,.,.,.,.,.,.,.
2020,6,26,53,.,.,.,.,.,.,.,.,.,.,.,.,.
2020,6,26,54,.,.,.,.,.,.,.,.,.,.,.,.,.
2020,6,26,55,.,.,.,.,.,.,.,.,.,.,.,.,.
2020,6,26,56,.,.,.,.,.,.,.,.,.,.,.,.,.
2020,7,3,1,.,.,.,.,.,.,.,.,.,.,.,.,.
2020,7,3,2,.,.,.,.,.,.,.,.,.,.,.,.,.
2020,7,3,4,.,.,.,.,.,.,.,.,.,.,.,.,.
2020,7,3,5,.,.,.,.,.,.,.,.,.,.,.,.,.
2020,7,3,6,.,.,.,.,.,.,.,.,.,.,.,.,.
2020,7,3,8,.,.,.,.,.,.,.,.,.,.,.,.,.
2020,7,3,9,.,.,.,.,.,.,.,.,.,.,.,.,.
2020,7,3,10,.,.,.,.,.,.,.,.,.,.,.,.,.
2020,7,3,11,.,.,.,.,.,.,.,.,.,.,.,.,.
2020,7,3,12,.,.,.,.,.,.,.,.,.,.,.,.,.
2020,7,3,13,.,.,.,.,.,.,.,.,.,.,.,.,.
2020,7,3,15,.,.,.,.,.,.,.,.,.,.,.,.,.
2020,7,3,16,.,.,.,.,.,.,.,.,.,.,.,.,.
2020,7,3,17,.,.,.,.,.,.,.,.,.,.,.,.,.
2020,7,3,18,.,.,.,.,.,.,.,.,.,.,.,.,.
2020,7,3,19,.,.,.,.,.,.,.,.,.,.,.,.,.
2020,7,3,20,.,.,.,.,.,.,.,.,.,.,.,.,.
2020,7,3,21,.,.,.,.,.,.,.,.,.,.,.,.,.
2020,7,3,22,.,.,.,.,.,.,.,.,.,.,.,.,.
2020,7,3,23,.,.,.,.,.,.,.,.,.,.,.,.,.
2020,7,3,24,.,.,.,.,.,.,.,.,.,.,.,.,.
2020,7,3,25,.,.,.,.,.,.,.,.,.,.,.,.,.
2020,7,3,26,.,.,.,.,.,.,.,.,.,.,.,.,.
2020,7,3,27,.,.,.,.,.,.,.,.,.,.,.,.,.
2020,7,3,28,.,.,.,.,.,.,.,.,.,.,.,.,.
2020,7,3,29,.,.,.,.,.,.,.,.,.,.,.,.,.
2020,7,3,30,.,.,.,.,.,.,.,.,.,.,.,.,.
2020,7,3,31,.,.,.,.,.,.,.,.,.,.,.,.,.
2020,7,3,32,.,.,.,.,.,.,.,.,.,.,.,.,.
2020,7,3,33,.,.,.,.,.,.,.,.,.,.,.,.,.
2020,7,3,34,.,.,.,.,.,.,.,.,.,.,.,.,.
2020,7,3,35,.,.,.,.,.,.,.,.,.,.,.,.,.
2020,7,3,36,.,.,.,.,.,.,.,.,.,.,.,.,.
2020,7,3,37,.,.,.,.,.,.,.,.,.,.,.,.,.
2020,7,3,38,.,.,.,.,.,.,.,.,.,.,.,.,.
2020,7,3,39,.,.,.,.,.,.,.,.,.,.,.,.,.
2020,7,3,40,.,.,.,.,.,.,.,.,.,.,.,.,.
2020,7,3,41,.,.,.,.,.,.,.,.,.,.,.,.,.
2020,7,3,42,.,.,.,.,.,.,.,.,.,.,.,.,.
2020,7,3,44,.,.,.,.,.,.,.,.,.,.,.,.,.
2020,7,3,45,.,.,.,.,.,.,.,.,.,.,.,.,.
2020,7,3,46,.,.,.,.,.,.,.,.,.,.,.,.,.
2020,7,3,47,.,.,.,.,.,.,.,.,.,.,.,.,.
2020,7,3,48,.,.,.,.,.,.,.,.,.,.,.,.,.
2020,7,3,49,.,.,.,.,.,.,.,.,.,.,.,.,.
2020,7,3,50,.,.,.,.,.,.,.,.,.,.,.,.,.
2020,7,3,51,.,.,.,.,.,.,.,.,.,.,.,.,.
2020,7,3,53,.,.,.,.,.,.,.,.,.,.,.,.,.
2020,7,3,54,.,.,.,.,.,.,.,.,.,.,.,.,.
2020,7,3,55,.,.,.,.,.,.,.,.,.,.,.,.,.
2020,7,3,56,.,.,.,.,.,.,.,.,.,.,.,.,.
2020,7,10,1,.,.,.,.,.,.,.,.,.,.,.,.,.
2020,7,10,2,.,.,.,.,.,.,.,.,.,.,.,.,.
2020,7,10,4,.,.,.,.,.,.,.,.,.,.,.,.,.
2020,7,10,5,.,.,.,.,.,.,.,.,.,.,.,.,.
2020,7,10,6,.,.,.,.,.,.,.,.,.,.,.,.,.
2020,7,10,8,.,.,.,.,.,.,.,.,.,.,.,.,.
2020,7,10,9,.,.,.,.,.,.,.,.,.,.,.,.,.
2020,7,10,10,.,.,.,.,.,.,.,.,.,.,.,.,.
2020,7,10,11,.,.,.,.,.,.,.,.,.,.,.,.,.
2020,7,10,12,.,.,.,.,.,.,.,.,.,.,.,.,.
2020,7,10,13,.,.,.,.,.,.,.,.,.,.,.,.,.
2020,7,10,15,.,.,.,.,.,.,.,.,.,.,.,.,.
2020,7,10,16,.,.,.,.,.,.,.,.,.,.,.,.,.
2020,7,10,17,.,.,.,.,.,.,.,.,.,.,.,.,.
2020,7,10,18,.,.,.,.,.,.,.,.,.,.,.,.,.
2020,7,10,19,.,.,.,.,.,.,.,.,.,.,.,.,.
2020,7,10,20,.,.,.,.,.,.,.,.,.,.,.,.,.
2020,7,10,21,.,.,.,.,.,.,.,.,.,.,.,.,.
2020,7,10,22,.,.,.,.,.,.,.,.,.,.,.,.,.
2020,7,10,23,.,.,.,.,.,.,.,.,.,.,.,.,.
2020,7,10,24,.,.,.,.,.,.,.,.,.,.,.,.,.
2020,7,10,25,.,.,.,.,.,.,.,.,.,.,.,.,.
2020,7,10,26,.,.,.,.,.,.,.,.,.,.,.,.,.
2020,7,10,27,.,.,.,.,.,.,.,.,.,.,.,.,.
2020,7,10,28,.,.,.,.,.,.,.,.,.,.,.,.,.
2020,7,10,29,.,.,.,.,.,.,.,.,.,.,.,.,.
2020,7,10,30,.,.,.,.,.,.,.,.,.,.,.,.,.
2020,7,10,31,.,.,.,.,.,.,.,.,.,.,.,.,.
2020,7,10,32,.,.,.,.,.,.,.,.,.,.,.,.,.
2020,7,10,33,.,.,.,.,.,.,.,.,.,.,.,.,.
2020,7,10,34,.,.,.,.,.,.,.,.,.,.,.,.,.
2020,7,10,35,.,.,.,.,.,.,.,.,.,.,.,.,.
2020,7,10,36,.,.,.,.,.,.,.,.,.,.,.,.,.
2020,7,10,37,.,.,.,.,.,.,.,.,.,.,.,.,.
2020,7,10,38,.,.,.,.,.,.,.,.,.,.,.,.,.
2020,7,10,39,.,.,.,.,.,.,.,.,.,.,.,.,.
2020,7,10,40,.,.,.,.,.,.,.,.,.,.,.,.,.
2020,7,10,41,.,.,.,.,.,.,.,.,.,.,.,.,.
2020,7,10,42,.,.,.,.,.,.,.,.,.,.,.,.,.
2020,7,10,44,.,.,.,.,.,.,.,.,.,.,.,.,.
2020,7,10,45,.,.,.,.,.,.,.,.,.,.,.,.,.
2020,7,10,46,.,.,.,.,.,.,.,.,.,.,.,.,.
2020,7,10,47,.,.,.,.,.,.,.,.,.,.,.,.,.
2020,7,10,48,.,.,.,.,.,.,.,.,.,.,.,.,.
2020,7,10,49,.,.,.,.,.,.,.,.,.,.,.,.,.
2020,7,10,50,.,.,.,.,.,.,.,.,.,.,.,.,.
2020,7,10,51,.,.,.,.,.,.,.,.,.,.,.,.,.
2020,7,10,53,.,.,.,.,.,.,.,.,.,.,.,.,.
2020,7,10,54,.,.,.,.,.,.,.,.,.,.,.,.,.
2020,7,10,55,.,.,.,.,.,.,.,.,.,.,.,.,.
2020,7,10,56,.,.,.,.,.,.,.,.,.,.,.,.,.
2020,7,17,1,.,.,.,.,.,.,.,.,.,.,.,.,.
2020,7,17,2,.,.,.,.,.,.,.,.,.,.,.,.,.
2020,7,17,4,.,.,.,.,.,.,.,.,.,.,.,.,.
2020,7,17,5,.,.,.,.,.,.,.,.,.,.,.,.,.
2020,7,17,6,.,.,.,.,.,.,.,.,.,.,.,.,.
2020,7,17,8,.,.,.,.,.,.,.,.,.,.,.,.,.
2020,7,17,9,.,.,.,.,.,.,.,.,.,.,.,.,.
2020,7,17,10,.,.,.,.,.,.,.,.,.,.,.,.,.
2020,7,17,11,.,.,.,.,.,.,.,.,.,.,.,.,.
2020,7,17,12,.,.,.,.,.,.,.,.,.,.,.,.,.
2020,7,17,13,.,.,.,.,.,.,.,.,.,.,.,.,.
2020,7,17,15,.,.,.,.,.,.,.,.,.,.,.,.,.
2020,7,17,16,.,.,.,.,.,.,.,.,.,.,.,.,.
2020,7,17,17,.,.,.,.,.,.,.,.,.,.,.,.,.
2020,7,17,18,.,.,.,.,.,.,.,.,.,.,.,.,.
2020,7,17,19,.,.,.,.,.,.,.,.,.,.,.,.,.
2020,7,17,20,.,.,.,.,.,.,.,.,.,.,.,.,.
2020,7,17,21,.,.,.,.,.,.,.,.,.,.,.,.,.
2020,7,17,22,.,.,.,.,.,.,.,.,.,.,.,.,.
2020,7,17,23,.,.,.,.,.,.,.,.,.,.,.,.,.
2020,7,17,24,.,.,.,.,.,.,.,.,.,.,.,.,.
2020,7,17,25,.,.,.,.,.,.,.,.,.,.,.,.,.
2020,7,17,26,.,.,.,.,.,.,.,.,.,.,.,.,.
2020,7,17,27,.,.,.,.,.,.,.,.,.,.,.,.,.
2020,7,17,28,.,.,.,.,.,.,.,.,.,.,.,.,.
2020,7,17,29,.,.,.,.,.,.,.,.,.,.,.,.,.
2020,7,17,30,.,.,.,.,.,.,.,.,.,.,.,.,.
2020,7,17,31,.,.,.,.,.,.,.,.,.,.,.,.,.
2020,7,17,32,.,.,.,.,.,.,.,.,.,.,.,.,.
2020,7,17,33,.,.,.,.,.,.,.,.,.,.,.,.,.
2020,7,17,34,.,.,.,.,.,.,.,.,.,.,.,.,.
2020,7,17,35,.,.,.,.,.,.,.,.,.,.,.,.,.
2020,7,17,36,.,.,.,.,.,.,.,.,.,.,.,.,.
2020,7,17,37,.,.,.,.,.,.,.,.,.,.,.,.,.
2020,7,17,38,.,.,.,.,.,.,.,.,.,.,.,.,.
2020,7,17,39,.,.,.,.,.,.,.,.,.,.,.,.,.
2020,7,17,40,.,.,.,.,.,.,.,.,.,.,.,.,.
2020,7,17,41,.,.,.,.,.,.,.,.,.,.,.,.,.
2020,7,17,42,.,.,.,.,.,.,.,.,.,.,.,.,.
2020,7,17,44,.,.,.,.,.,.,.,.,.,.,.,.,.
2020,7,17,45,.,.,.,.,.,.,.,.,.,.,.,.,.
2020,7,17,46,.,.,.,.,.,.,.,.,.,.,.,.,.
2020,7,17,47,.,.,.,.,.,.,.,.,.,.,.,.,.
2020,7,17,48,.,.,.,.,.,.,.,.,.,.,.,.,.
2020,7,17,49,.,.,.,.,.,.,.,.,.,.,.,.,.
2020,7,17,50,.,.,.,.,.,.,.,.,.,.,.,.,.
2020,7,17,51,.,.,.,.,.,.,.,.,.,.,.,.,.
2020,7,17,53,.,.,.,.,.,.,.,.,.,.,.,.,.
2020,7,17,54,.,.,.,.,.,.,.,.,.,.,.,.,.
2020,7,17,55,.,.,.,.,.,.,.,.,.,.,.,.,.
2020,7,17,56,.,.,.,.,.,.,.,.,.,.,.,.,.
2020,7,24,1,.,.,.,.,.,.,.,.,.,.,.,.,.
2020,7,24,2,.,.,.,.,.,.,.,.,.,.,.,.,.
2020,7,24,4,.,.,.,.,.,.,.,.,.,.,.,.,.
2020,7,24,5,.,.,.,.,.,.,.,.,.,.,.,.,.
2020,7,24,6,.,.,.,.,.,.,.,.,.,.,.,.,.
2020,7,24,8,.,.,.,.,.,.,.,.,.,.,.,.,.
2020,7,24,9,.,.,.,.,.,.,.,.,.,.,.,.,.
2020,7,24,10,.,.,.,.,.,.,.,.,.,.,.,.,.
2020,7,24,11,.,.,.,.,.,.,.,.,.,.,.,.,.
2020,7,24,12,.,.,.,.,.,.,.,.,.,.,.,.,.
2020,7,24,13,.,.,.,.,.,.,.,.,.,.,.,.,.
2020,7,24,15,.,.,.,.,.,.,.,.,.,.,.,.,.
2020,7,24,16,.,.,.,.,.,.,.,.,.,.,.,.,.
2020,7,24,17,.,.,.,.,.,.,.,.,.,.,.,.,.
2020,7,24,18,.,.,.,.,.,.,.,.,.,.,.,.,.
2020,7,24,19,.,.,.,.,.,.,.,.,.,.,.,.,.
2020,7,24,20,.,.,.,.,.,.,.,.,.,.,.,.,.
2020,7,24,21,.,.,.,.,.,.,.,.,.,.,.,.,.
2020,7,24,22,.,.,.,.,.,.,.,.,.,.,.,.,.
2020,7,24,23,.,.,.,.,.,.,.,.,.,.,.,.,.
2020,7,24,24,.,.,.,.,.,.,.,.,.,.,.,.,.
2020,7,24,25,.,.,.,.,.,.,.,.,.,.,.,.,.
2020,7,24,26,.,.,.,.,.,.,.,.,.,.,.,.,.
2020,7,24,27,.,.,.,.,.,.,.,.,.,.,.,.,.
2020,7,24,28,.,.,.,.,.,.,.,.,.,.,.,.,.
2020,7,24,29,.,.,.,.,.,.,.,.,.,.,.,.,.
2020,7,24,30,.,.,.,.,.,.,.,.,.,.,.,.,.
2020,7,24,31,.,.,.,.,.,.,.,.,.,.,.,.,.
2020,7,24,32,.,.,.,.,.,.,.,.,.,.,.,.,.
2020,7,24,33,.,.,.,.,.,.,.,.,.,.,.,.,.
2020,7,24,34,.,.,.,.,.,.,.,.,.,.,.,.,.
2020,7,24,35,.,.,.,.,.,.,.,.,.,.,.,.,.
2020,7,24,36,.,.,.,.,.,.,.,.,.,.,.,.,.
2020,7,24,37,.,.,.,.,.,.,.,.,.,.,.,.,.
2020,7,24,38,.,.,.,.,.,.,.,.,.,.,.,.,.
2020,7,24,39,.,.,.,.,.,.,.,.,.,.,.,.,.
2020,7,24,40,.,.,.,.,.,.,.,.,.,.,.,.,.
2020,7,24,41,.,.,.,.,.,.,.,.,.,.,.,.,.
2020,7,24,42,.,.,.,.,.,.,.,.,.,.,.,.,.
2020,7,24,44,.,.,.,.,.,.,.,.,.,.,.,.,.
2020,7,24,45,.,.,.,.,.,.,.,.,.,.,.,.,.
2020,7,24,46,.,.,.,.,.,.,.,.,.,.,.,.,.
2020,7,24,47,.,.,.,.,.,.,.,.,.,.,.,.,.
2020,7,24,48,.,.,.,.,.,.,.,.,.,.,.,.,.
2020,7,24,49,.,.,.,.,.,.,.,.,.,.,.,.,.
2020,7,24,50,.,.,.,.,.,.,.,.,.,.,.,.,.
2020,7,24,51,.,.,.,.,.,.,.,.,.,.,.,.,.
2020,7,24,53,.,.,.,.,.,.,.,.,.,.,.,.,.
2020,7,24,54,.,.,.,.,.,.,.,.,.,.,.,.,.
2020,7,24,55,.,.,.,.,.,.,.,.,.,.,.,.,.
2020,7,24,56,.,.,.,.,.,.,.,.,.,.,.,.,.
2020,7,31,1,.,.,.,.,.,.,.,.,.,.,.,.,.
2020,7,31,2,.,.,.,.,.,.,.,.,.,.,.,.,.
2020,7,31,4,.,.,.,.,.,.,.,.,.,.,.,.,.
2020,7,31,5,.,.,.,.,.,.,.,.,.,.,.,.,.
2020,7,31,6,.,.,.,.,.,.,.,.,.,.,.,.,.
2020,7,31,8,.,.,.,.,.,.,.,.,.,.,.,.,.
2020,7,31,9,.,.,.,.,.,.,.,.,.,.,.,.,.
2020,7,31,10,.,.,.,.,.,.,.,.,.,.,.,.,.
2020,7,31,11,.,.,.,.,.,.,.,.,.,.,.,.,.
2020,7,31,12,.,.,.,.,.,.,.,.,.,.,.,.,.
2020,7,31,13,.,.,.,.,.,.,.,.,.,.,.,.,.
2020,7,31,15,.,.,.,.,.,.,.,.,.,.,.,.,.
2020,7,31,16,.,.,.,.,.,.,.,.,.,.,.,.,.
2020,7,31,17,.,.,.,.,.,.,.,.,.,.,.,.,.
2020,7,31,18,.,.,.,.,.,.,.,.,.,.,.,.,.
2020,7,31,19,.,.,.,.,.,.,.,.,.,.,.,.,.
2020,7,31,20,.,.,.,.,.,.,.,.,.,.,.,.,.
2020,7,31,21,.,.,.,.,.,.,.,.,.,.,.,.,.
2020,7,31,22,.,.,.,.,.,.,.,.,.,.,.,.,.
2020,7,31,23,.,.,.,.,.,.,.,.,.,.,.,.,.
2020,7,31,24,.,.,.,.,.,.,.,.,.,.,.,.,.
2020,7,31,25,.,.,.,.,.,.,.,.,.,.,.,.,.
2020,7,31,26,.,.,.,.,.,.,.,.,.,.,.,.,.
2020,7,31,27,.,.,.,.,.,.,.,.,.,.,.,.,.
2020,7,31,28,.,.,.,.,.,.,.,.,.,.,.,.,.
2020,7,31,29,.,.,.,.,.,.,.,.,.,.,.,.,.
2020,7,31,30,.,.,.,.,.,.,.,.,.,.,.,.,.
2020,7,31,31,.,.,.,.,.,.,.,.,.,.,.,.,.
2020,7,31,32,.,.,.,.,.,.,.,.,.,.,.,.,.
2020,7,31,33,.,.,.,.,.,.,.,.,.,.,.,.,.
2020,7,31,34,.,.,.,.,.,.,.,.,.,.,.,.,.
2020,7,31,35,.,.,.,.,.,.,.,.,.,.,.,.,.
2020,7,31,36,.,.,.,.,.,.,.,.,.,.,.,.,.
2020,7,31,37,.,.,.,.,.,.,.,.,.,.,.,.,.
2020,7,31,38,.,.,.,.,.,.,.,.,.,.,.,.,.
2020,7,31,39,.,.,.,.,.,.,.,.,.,.,.,.,.
2020,7,31,40,.,.,.,.,.,.,.,.,.,.,.,.,.
2020,7,31,41,.,.,.,.,.,.,.,.,.,.,.,.,.
2020,7,31,42,.,.,.,.,.,.,.,.,.,.,.,.,.
2020,7,31,44,.,.,.,.,.,.,.,.,.,.,.,.,.
2020,7,31,45,.,.,.,.,.,.,.,.,.,.,.,.,.
2020,7,31,46,.,.,.,.,.,.,.,.,.,.,.,.,.
2020,7,31,47,.,.,.,.,.,.,.,.,.,.,.,.,.
2020,7,31,48,.,.,.,.,.,.,.,.,.,.,.,.,.
2020,7,31,49,.,.,.,.,.,.,.,.,.,.,.,.,.
2020,7,31,50,.,.,.,.,.,.,.,.,.,.,.,.,.
2020,7,31,51,.,.,.,.,.,.,.,.,.,.,.,.,.
2020,7,31,53,.,.,.,.,.,.,.,.,.,.,.,.,.
2020,7,31,54,.,.,.,.,.,.,.,.,.,.,.,.,.
2020,7,31,55,.,.,.,.,.,.,.,.,.,.,.,.,.
2020,7,31,56,.,.,.,.,.,.,.,.,.,.,.,.,.
2020,8,7,1,.,.,.,.,.,.,.,.,.,.,.,.,.
2020,8,7,2,.,.,.,.,.,.,.,.,.,.,.,.,.
2020,8,7,4,.,.,.,.,.,.,.,.,.,.,.,.,.
2020,8,7,5,.,.,.,.,.,.,.,.,.,.,.,.,.
2020,8,7,6,.,.,.,.,.,.,.,.,.,.,.,.,.
2020,8,7,8,.,.,.,.,.,.,.,.,.,.,.,.,.
2020,8,7,9,.,.,.,.,.,.,.,.,.,.,.,.,.
2020,8,7,10,.,.,.,.,.,.,.,.,.,.,.,.,.
2020,8,7,11,.,.,.,.,.,.,.,.,.,.,.,.,.
2020,8,7,12,.,.,.,.,.,.,.,.,.,.,.,.,.
2020,8,7,13,.,.,.,.,.,.,.,.,.,.,.,.,.
2020,8,7,15,.,.,.,.,.,.,.,.,.,.,.,.,.
2020,8,7,16,.,.,.,.,.,.,.,.,.,.,.,.,.
2020,8,7,17,.,.,.,.,.,.,.,.,.,.,.,.,.
2020,8,7,18,.,.,.,.,.,.,.,.,.,.,.,.,.
2020,8,7,19,.,.,.,.,.,.,.,.,.,.,.,.,.
2020,8,7,20,.,.,.,.,.,.,.,.,.,.,.,.,.
2020,8,7,21,.,.,.,.,.,.,.,.,.,.,.,.,.
2020,8,7,22,.,.,.,.,.,.,.,.,.,.,.,.,.
2020,8,7,23,.,.,.,.,.,.,.,.,.,.,.,.,.
2020,8,7,24,.,.,.,.,.,.,.,.,.,.,.,.,.
2020,8,7,25,.,.,.,.,.,.,.,.,.,.,.,.,.
2020,8,7,26,.,.,.,.,.,.,.,.,.,.,.,.,.
2020,8,7,27,.,.,.,.,.,.,.,.,.,.,.,.,.
2020,8,7,28,.,.,.,.,.,.,.,.,.,.,.,.,.
2020,8,7,29,.,.,.,.,.,.,.,.,.,.,.,.,.
2020,8,7,30,.,.,.,.,.,.,.,.,.,.,.,.,.
2020,8,7,31,.,.,.,.,.,.,.,.,.,.,.,.,.
2020,8,7,32,.,.,.,.,.,.,.,.,.,.,.,.,.
2020,8,7,33,.,.,.,.,.,.,.,.,.,.,.,.,.
2020,8,7,34,.,.,.,.,.,.,.,.,.,.,.,.,.
2020,8,7,35,.,.,.,.,.,.,.,.,.,.,.,.,.
2020,8,7,36,.,.,.,.,.,.,.,.,.,.,.,.,.
2020,8,7,37,.,.,.,.,.,.,.,.,.,.,.,.,.
2020,8,7,38,.,.,.,.,.,.,.,.,.,.,.,.,.
2020,8,7,39,.,.,.,.,.,.,.,.,.,.,.,.,.
2020,8,7,40,.,.,.,.,.,.,.,.,.,.,.,.,.
2020,8,7,41,.,.,.,.,.,.,.,.,.,.,.,.,.
2020,8,7,42,.,.,.,.,.,.,.,.,.,.,.,.,.
2020,8,7,44,.,.,.,.,.,.,.,.,.,.,.,.,.
2020,8,7,45,.,.,.,.,.,.,.,.,.,.,.,.,.
2020,8,7,46,.,.,.,.,.,.,.,.,.,.,.,.,.
2020,8,7,47,.,.,.,.,.,.,.,.,.,.,.,.,.
2020,8,7,48,.,.,.,.,.,.,.,.,.,.,.,.,.
2020,8,7,49,.,.,.,.,.,.,.,.,.,.,.,.,.
2020,8,7,50,.,.,.,.,.,.,.,.,.,.,.,.,.
2020,8,7,51,.,.,.,.,.,.,.,.,.,.,.,.,.
2020,8,7,53,.,.,.,.,.,.,.,.,.,.,.,.,.
2020,8,7,54,.,.,.,.,.,.,.,.,.,.,.,.,.
2020,8,7,55,.,.,.,.,.,.,.,.,.,.,.,.,.
2020,8,7,56,.,.,.,.,.,.,.,.,.,.,.,.,.
2020,8,14,1,.,.,.,.,.,.,.,.,.,.,.,.,.
2020,8,14,2,.,.,.,.,.,.,.,.,.,.,.,.,.
2020,8,14,4,.,.,.,.,.,.,.,.,.,.,.,.,.
2020,8,14,5,.,.,.,.,.,.,.,.,.,.,.,.,.
2020,8,14,6,.,.,.,.,.,.,.,.,.,.,.,.,.
2020,8,14,8,.,.,.,.,.,.,.,.,.,.,.,.,.
2020,8,14,9,.,.,.,.,.,.,.,.,.,.,.,.,.
2020,8,14,10,.,.,.,.,.,.,.,.,.,.,.,.,.
2020,8,14,11,.,.,.,.,.,.,.,.,.,.,.,.,.
2020,8,14,12,.,.,.,.,.,.,.,.,.,.,.,.,.
2020,8,14,13,.,.,.,.,.,.,.,.,.,.,.,.,.
2020,8,14,15,.,.,.,.,.,.,.,.,.,.,.,.,.
2020,8,14,16,.,.,.,.,.,.,.,.,.,.,.,.,.
2020,8,14,17,.,.,.,.,.,.,.,.,.,.,.,.,.
2020,8,14,18,.,.,.,.,.,.,.,.,.,.,.,.,.
2020,8,14,19,.,.,.,.,.,.,.,.,.,.,.,.,.
2020,8,14,20,.,.,.,.,.,.,.,.,.,.,.,.,.
2020,8,14,21,.,.,.,.,.,.,.,.,.,.,.,.,.
2020,8,14,22,.,.,.,.,.,.,.,.,.,.,.,.,.
2020,8,14,23,.,.,.,.,.,.,.,.,.,.,.,.,.
2020,8,14,24,.,.,.,.,.,.,.,.,.,.,.,.,.
2020,8,14,25,.,.,.,.,.,.,.,.,.,.,.,.,.
2020,8,14,26,.,.,.,.,.,.,.,.,.,.,.,.,.
2020,8,14,27,.,.,.,.,.,.,.,.,.,.,.,.,.
2020,8,14,28,.,.,.,.,.,.,.,.,.,.,.,.,.
2020,8,14,29,.,.,.,.,.,.,.,.,.,.,.,.,.
2020,8,14,30,.,.,.,.,.,.,.,.,.,.,.,.,.
2020,8,14,31,.,.,.,.,.,.,.,.,.,.,.,.,.
2020,8,14,32,.,.,.,.,.,.,.,.,.,.,.,.,.
2020,8,14,33,.,.,.,.,.,.,.,.,.,.,.,.,.
2020,8,14,34,.,.,.,.,.,.,.,.,.,.,.,.,.
2020,8,14,35,.,.,.,.,.,.,.,.,.,.,.,.,.
2020,8,14,36,.,.,.,.,.,.,.,.,.,.,.,.,.
2020,8,14,37,.,.,.,.,.,.,.,.,.,.,.,.,.
2020,8,14,38,.,.,.,.,.,.,.,.,.,.,.,.,.
2020,8,14,39,.,.,.,.,.,.,.,.,.,.,.,.,.
2020,8,14,40,.,.,.,.,.,.,.,.,.,.,.,.,.
2020,8,14,41,.,.,.,.,.,.,.,.,.,.,.,.,.
2020,8,14,42,.,.,.,.,.,.,.,.,.,.,.,.,.
2020,8,14,44,.,.,.,.,.,.,.,.,.,.,.,.,.
2020,8,14,45,.,.,.,.,.,.,.,.,.,.,.,.,.
2020,8,14,46,.,.,.,.,.,.,.,.,.,.,.,.,.
2020,8,14,47,.,.,.,.,.,.,.,.,.,.,.,.,.
2020,8,14,48,.,.,.,.,.,.,.,.,.,.,.,.,.
2020,8,14,49,.,.,.,.,.,.,.,.,.,.,.,.,.
2020,8,14,50,.,.,.,.,.,.,.,.,.,.,.,.,.
2020,8,14,51,.,.,.,.,.,.,.,.,.,.,.,.,.
2020,8,14,53,.,.,.,.,.,.,.,.,.,.,.,.,.
2020,8,14,54,.,.,.,.,.,.,.,.,.,.,.,.,.
2020,8,14,55,.,.,.,.,.,.,.,.,.,.,.,.,.
2020,8,14,56,.,.,.,.,.,.,.,.,.,.,.,.,.
2020,8,21,1,.,.,.,.,.,.,.,.,.,.,.,.,.
2020,8,21,2,.,.,.,.,.,.,.,.,.,.,.,.,.
2020,8,21,4,.,.,.,.,.,.,.,.,.,.,.,.,.
2020,8,21,5,.,.,.,.,.,.,.,.,.,.,.,.,.
2020,8,21,6,.,.,.,.,.,.,.,.,.,.,.,.,.
2020,8,21,8,.,.,.,.,.,.,.,.,.,.,.,.,.
2020,8,21,9,.,.,.,.,.,.,.,.,.,.,.,.,.
2020,8,21,10,.,.,.,.,.,.,.,.,.,.,.,.,.
2020,8,21,11,.,.,.,.,.,.,.,.,.,.,.,.,.
2020,8,21,12,.,.,.,.,.,.,.,.,.,.,.,.,.
2020,8,21,13,.,.,.,.,.,.,.,.,.,.,.,.,.
2020,8,21,15,.,.,.,.,.,.,.,.,.,.,.,.,.
2020,8,21,16,.,.,.,.,.,.,.,.,.,.,.,.,.
2020,8,21,17,.,.,.,.,.,.,.,.,.,.,.,.,.
2020,8,21,18,.,.,.,.,.,.,.,.,.,.,.,.,.
2020,8,21,19,.,.,.,.,.,.,.,.,.,.,.,.,.
2020,8,21,20,.,.,.,.,.,.,.,.,.,.,.,.,.
2020,8,21,21,.,.,.,.,.,.,.,.,.,.,.,.,.
2020,8,21,22,.,.,.,.,.,.,.,.,.,.,.,.,.
2020,8,21,23,.,.,.,.,.,.,.,.,.,.,.,.,.
2020,8,21,24,.,.,.,.,.,.,.,.,.,.,.,.,.
2020,8,21,25,.,.,.,.,.,.,.,.,.,.,.,.,.
2020,8,21,26,.,.,.,.,.,.,.,.,.,.,.,.,.
2020,8,21,27,.,.,.,.,.,.,.,.,.,.,.,.,.
2020,8,21,28,.,.,.,.,.,.,.,.,.,.,.,.,.
2020,8,21,29,.,.,.,.,.,.,.,.,.,.,.,.,.
2020,8,21,30,.,.,.,.,.,.,.,.,.,.,.,.,.
2020,8,21,31,.,.,.,.,.,.,.,.,.,.,.,.,.
2020,8,21,32,.,.,.,.,.,.,.,.,.,.,.,.,.
2020,8,21,33,.,.,.,.,.,.,.,.,.,.,.,.,.
2020,8,21,34,.,.,.,.,.,.,.,.,.,.,.,.,.
2020,8,21,35,.,.,.,.,.,.,.,.,.,.,.,.,.
2020,8,21,36,.,.,.,.,.,.,.,.,.,.,.,.,.
2020,8,21,37,.,.,.,.,.,.,.,.,.,.,.,.,.
2020,8,21,38,.,.,.,.,.,.,.,.,.,.,.,.,.
2020,8,21,39,.,.,.,.,.,.,.,.,.,.,.,.,.
2020,8,21,40,.,.,.,.,.,.,.,.,.,.,.,.,.
2020,8,21,41,.,.,.,.,.,.,.,.,.,.,.,.,.
2020,8,21,42,.,.,.,.,.,.,.,.,.,.,.,.,.
2020,8,21,44,.,.,.,.,.,.,.,.,.,.,.,.,.
2020,8,21,45,.,.,.,.,.,.,.,.,.,.,.,.,.
2020,8,21,46,.,.,.,.,.,.,.,.,.,.,.,.,.
2020,8,21,47,.,.,.,.,.,.,.,.,.,.,.,.,.
2020,8,21,48,.,.,.,.,.,.,.,.,.,.,.,.,.
2020,8,21,49,.,.,.,.,.,.,.,.,.,.,.,.,.
2020,8,21,50,.,.,.,.,.,.,.,.,.,.,.,.,.
2020,8,21,51,.,.,.,.,.,.,.,.,.,.,.,.,.
2020,8,21,53,.,.,.,.,.,.,.,.,.,.,.,.,.
2020,8,21,54,.,.,.,.,.,.,.,.,.,.,.,.,.
2020,8,21,55,.,.,.,.,.,.,.,.,.,.,.,.,.
2020,8,21,56,.,.,.,.,.,.,.,.,.,.,.,.,.
2020,8,28,1,.,.,.,.,.,.,.,.,.,.,.,.,.
2020,8,28,2,.,.,.,.,.,.,.,.,.,.,.,.,.
2020,8,28,4,.,.,.,.,.,.,.,.,.,.,.,.,.
2020,8,28,5,.,.,.,.,.,.,.,.,.,.,.,.,.
2020,8,28,6,.,.,.,.,.,.,.,.,.,.,.,.,.
2020,8,28,8,.,.,.,.,.,.,.,.,.,.,.,.,.
2020,8,28,9,.,.,.,.,.,.,.,.,.,.,.,.,.
2020,8,28,10,.,.,.,.,.,.,.,.,.,.,.,.,.
2020,8,28,11,.,.,.,.,.,.,.,.,.,.,.,.,.
2020,8,28,12,.,.,.,.,.,.,.,.,.,.,.,.,.
2020,8,28,13,.,.,.,.,.,.,.,.,.,.,.,.,.
2020,8,28,15,.,.,.,.,.,.,.,.,.,.,.,.,.
2020,8,28,16,.,.,.,.,.,.,.,.,.,.,.,.,.
2020,8,28,17,.,.,.,.,.,.,.,.,.,.,.,.,.
2020,8,28,18,.,.,.,.,.,.,.,.,.,.,.,.,.
2020,8,28,19,.,.,.,.,.,.,.,.,.,.,.,.,.
2020,8,28,20,.,.,.,.,.,.,.,.,.,.,.,.,.
2020,8,28,21,.,.,.,.,.,.,.,.,.,.,.,.,.
2020,8,28,22,.,.,.,.,.,.,.,.,.,.,.,.,.
2020,8,28,23,.,.,.,.,.,.,.,.,.,.,.,.,.
2020,8,28,24,.,.,.,.,.,.,.,.,.,.,.,.,.
2020,8,28,25,.,.,.,.,.,.,.,.,.,.,.,.,.
2020,8,28,26,.,.,.,.,.,.,.,.,.,.,.,.,.
2020,8,28,27,.,.,.,.,.,.,.,.,.,.,.,.,.
2020,8,28,28,.,.,.,.,.,.,.,.,.,.,.,.,.
2020,8,28,29,.,.,.,.,.,.,.,.,.,.,.,.,.
2020,8,28,30,.,.,.,.,.,.,.,.,.,.,.,.,.
2020,8,28,31,.,.,.,.,.,.,.,.,.,.,.,.,.
2020,8,28,32,.,.,.,.,.,.,.,.,.,.,.,.,.
2020,8,28,33,.,.,.,.,.,.,.,.,.,.,.,.,.
2020,8,28,34,.,.,.,.,.,.,.,.,.,.,.,.,.
2020,8,28,35,.,.,.,.,.,.,.,.,.,.,.,.,.
2020,8,28,36,.,.,.,.,.,.,.,.,.,.,.,.,.
2020,8,28,37,.,.,.,.,.,.,.,.,.,.,.,.,.
2020,8,28,38,.,.,.,.,.,.,.,.,.,.,.,.,.
2020,8,28,39,.,.,.,.,.,.,.,.,.,.,.,.,.
2020,8,28,40,.,.,.,.,.,.,.,.,.,.,.,.,.
2020,8,28,41,.,.,.,.,.,.,.,.,.,.,.,.,.
2020,8,28,42,.,.,.,.,.,.,.,.,.,.,.,.,.
2020,8,28,44,.,.,.,.,.,.,.,.,.,.,.,.,.
2020,8,28,45,.,.,.,.,.,.,.,.,.,.,.,.,.
2020,8,28,46,.,.,.,.,.,.,.,.,.,.,.,.,.
2020,8,28,47,.,.,.,.,.,.,.,.,.,.,.,.,.
2020,8,28,48,.,.,.,.,.,.,.,.,.,.,.,.,.
2020,8,28,49,.,.,.,.,.,.,.,.,.,.,.,.,.
2020,8,28,50,.,.,.,.,.,.,.,.,.,.,.,.,.
2020,8,28,51,.,.,.,.,.,.,.,.,.,.,.,.,.
2020,8,28,53,.,.,.,.,.,.,.,.,.,.,.,.,.
2020,8,28,54,.,.,.,.,.,.,.,.,.,.,.,.,.
2020,8,28,55,.,.,.,.,.,.,.,.,.,.,.,.,.
2020,8,28,56,.,.,.,.,.,.,.,.,.,.,.,.,.
2020,9,4,1,.,.,.,.,.,.,.,.,.,.,.,.,.
2020,9,4,2,.,.,.,.,.,.,.,.,.,.,.,.,.
2020,9,4,4,.,.,.,.,.,.,.,.,.,.,.,.,.
2020,9,4,5,.,.,.,.,.,.,.,.,.,.,.,.,.
2020,9,4,6,.,.,.,.,.,.,.,.,.,.,.,.,.
2020,9,4,8,.,.,.,.,.,.,.,.,.,.,.,.,.
2020,9,4,9,.,.,.,.,.,.,.,.,.,.,.,.,.
2020,9,4,10,.,.,.,.,.,.,.,.,.,.,.,.,.
2020,9,4,11,.,.,.,.,.,.,.,.,.,.,.,.,.
2020,9,4,12,.,.,.,.,.,.,.,.,.,.,.,.,.
2020,9,4,13,.,.,.,.,.,.,.,.,.,.,.,.,.
2020,9,4,15,.,.,.,.,.,.,.,.,.,.,.,.,.
2020,9,4,16,.,.,.,.,.,.,.,.,.,.,.,.,.
2020,9,4,17,.,.,.,.,.,.,.,.,.,.,.,.,.
2020,9,4,18,.,.,.,.,.,.,.,.,.,.,.,.,.
2020,9,4,19,.,.,.,.,.,.,.,.,.,.,.,.,.
2020,9,4,20,.,.,.,.,.,.,.,.,.,.,.,.,.
2020,9,4,21,.,.,.,.,.,.,.,.,.,.,.,.,.
2020,9,4,22,.,.,.,.,.,.,.,.,.,.,.,.,.
2020,9,4,23,.,.,.,.,.,.,.,.,.,.,.,.,.
2020,9,4,24,.,.,.,.,.,.,.,.,.,.,.,.,.
2020,9,4,25,.,.,.,.,.,.,.,.,.,.,.,.,.
2020,9,4,26,.,.,.,.,.,.,.,.,.,.,.,.,.
2020,9,4,27,.,.,.,.,.,.,.,.,.,.,.,.,.
2020,9,4,28,.,.,.,.,.,.,.,.,.,.,.,.,.
2020,9,4,29,.,.,.,.,.,.,.,.,.,.,.,.,.
2020,9,4,30,.,.,.,.,.,.,.,.,.,.,.,.,.
2020,9,4,31,.,.,.,.,.,.,.,.,.,.,.,.,.
2020,9,4,32,.,.,.,.,.,.,.,.,.,.,.,.,.
2020,9,4,33,.,.,.,.,.,.,.,.,.,.,.,.,.
2020,9,4,34,.,.,.,.,.,.,.,.,.,.,.,.,.
2020,9,4,35,.,.,.,.,.,.,.,.,.,.,.,.,.
2020,9,4,36,.,.,.,.,.,.,.,.,.,.,.,.,.
2020,9,4,37,.,.,.,.,.,.,.,.,.,.,.,.,.
2020,9,4,38,.,.,.,.,.,.,.,.,.,.,.,.,.
2020,9,4,39,.,.,.,.,.,.,.,.,.,.,.,.,.
2020,9,4,40,.,.,.,.,.,.,.,.,.,.,.,.,.
2020,9,4,41,.,.,.,.,.,.,.,.,.,.,.,.,.
2020,9,4,42,.,.,.,.,.,.,.,.,.,.,.,.,.
2020,9,4,44,.,.,.,.,.,.,.,.,.,.,.,.,.
2020,9,4,45,.,.,.,.,.,.,.,.,.,.,.,.,.
2020,9,4,46,.,.,.,.,.,.,.,.,.,.,.,.,.
2020,9,4,47,.,.,.,.,.,.,.,.,.,.,.,.,.
2020,9,4,48,.,.,.,.,.,.,.,.,.,.,.,.,.
2020,9,4,49,.,.,.,.,.,.,.,.,.,.,.,.,.
2020,9,4,50,.,.,.,.,.,.,.,.,.,.,.,.,.
2020,9,4,51,.,.,.,.,.,.,.,.,.,.,.,.,.
2020,9,4,53,.,.,.,.,.,.,.,.,.,.,.,.,.
2020,9,4,54,.,.,.,.,.,.,.,.,.,.,.,.,.
2020,9,4,55,.,.,.,.,.,.,.,.,.,.,.,.,.
2020,9,4,56,.,.,.,.,.,.,.,.,.,.,.,.,.
2020,9,11,1,.,.,.,.,.,.,.,.,.,.,.,.,.
2020,9,11,2,.,.,.,.,.,.,.,.,.,.,.,.,.
2020,9,11,4,.,.,.,.,.,.,.,.,.,.,.,.,.
2020,9,11,5,.,.,.,.,.,.,.,.,.,.,.,.,.
2020,9,11,6,.,.,.,.,.,.,.,.,.,.,.,.,.
2020,9,11,8,.,.,.,.,.,.,.,.,.,.,.,.,.
2020,9,11,9,.,.,.,.,.,.,.,.,.,.,.,.,.
2020,9,11,10,.,.,.,.,.,.,.,.,.,.,.,.,.
2020,9,11,11,.,.,.,.,.,.,.,.,.,.,.,.,.
2020,9,11,12,.,.,.,.,.,.,.,.,.,.,.,.,.
2020,9,11,13,.,.,.,.,.,.,.,.,.,.,.,.,.
2020,9,11,15,.,.,.,.,.,.,.,.,.,.,.,.,.
2020,9,11,16,.,.,.,.,.,.,.,.,.,.,.,.,.
2020,9,11,17,.,.,.,.,.,.,.,.,.,.,.,.,.
2020,9,11,18,.,.,.,.,.,.,.,.,.,.,.,.,.
2020,9,11,19,.,.,.,.,.,.,.,.,.,.,.,.,.
2020,9,11,20,.,.,.,.,.,.,.,.,.,.,.,.,.
2020,9,11,21,.,.,.,.,.,.,.,.,.,.,.,.,.
2020,9,11,22,.,.,.,.,.,.,.,.,.,.,.,.,.
2020,9,11,23,.,.,.,.,.,.,.,.,.,.,.,.,.
2020,9,11,24,.,.,.,.,.,.,.,.,.,.,.,.,.
2020,9,11,25,.,.,.,.,.,.,.,.,.,.,.,.,.
2020,9,11,26,.,.,.,.,.,.,.,.,.,.,.,.,.
2020,9,11,27,.,.,.,.,.,.,.,.,.,.,.,.,.
2020,9,11,28,.,.,.,.,.,.,.,.,.,.,.,.,.
2020,9,11,29,.,.,.,.,.,.,.,.,.,.,.,.,.
2020,9,11,30,.,.,.,.,.,.,.,.,.,.,.,.,.
2020,9,11,31,.,.,.,.,.,.,.,.,.,.,.,.,.
2020,9,11,32,.,.,.,.,.,.,.,.,.,.,.,.,.
2020,9,11,33,.,.,.,.,.,.,.,.,.,.,.,.,.
2020,9,11,34,.,.,.,.,.,.,.,.,.,.,.,.,.
2020,9,11,35,.,.,.,.,.,.,.,.,.,.,.,.,.
2020,9,11,36,.,.,.,.,.,.,.,.,.,.,.,.,.
2020,9,11,37,.,.,.,.,.,.,.,.,.,.,.,.,.
2020,9,11,38,.,.,.,.,.,.,.,.,.,.,.,.,.
2020,9,11,39,.,.,.,.,.,.,.,.,.,.,.,.,.
2020,9,11,40,.,.,.,.,.,.,.,.,.,.,.,.,.
2020,9,11,41,.,.,.,.,.,.,.,.,.,.,.,.,.
2020,9,11,42,.,.,.,.,.,.,.,.,.,.,.,.,.
2020,9,11,44,.,.,.,.,.,.,.,.,.,.,.,.,.
2020,9,11,45,.,.,.,.,.,.,.,.,.,.,.,.,.
2020,9,11,46,.,.,.,.,.,.,.,.,.,.,.,.,.
2020,9,11,47,.,.,.,.,.,.,.,.,.,.,.,.,.
2020,9,11,48,.,.,.,.,.,.,.,.,.,.,.,.,.
2020,9,11,49,.,.,.,.,.,.,.,.,.,.,.,.,.
2020,9,11,50,.,.,.,.,.,.,.,.,.,.,.,.,.
2020,9,11,51,.,.,.,.,.,.,.,.,.,.,.,.,.
2020,9,11,53,.,.,.,.,.,.,.,.,.,.,.,.,.
2020,9,11,54,.,.,.,.,.,.,.,.,.,.,.,.,.
2020,9,11,55,.,.,.,.,.,.,.,.,.,.,.,.,.
2020,9,11,56,.,.,.,.,.,.,.,.,.,.,.,.,.
2020,9,18,1,.,.,.,.,.,.,.,.,.,.,.,.,.
2020,9,18,2,.,.,.,.,.,.,.,.,.,.,.,.,.
2020,9,18,4,.,.,.,.,.,.,.,.,.,.,.,.,.
2020,9,18,5,.,.,.,.,.,.,.,.,.,.,.,.,.
2020,9,18,6,.,.,.,.,.,.,.,.,.,.,.,.,.
2020,9,18,8,.,.,.,.,.,.,.,.,.,.,.,.,.
2020,9,18,9,.,.,.,.,.,.,.,.,.,.,.,.,.
2020,9,18,10,.,.,.,.,.,.,.,.,.,.,.,.,.
2020,9,18,11,.,.,.,.,.,.,.,.,.,.,.,.,.
2020,9,18,12,.,.,.,.,.,.,.,.,.,.,.,.,.
2020,9,18,13,.,.,.,.,.,.,.,.,.,.,.,.,.
2020,9,18,15,.,.,.,.,.,.,.,.,.,.,.,.,.
2020,9,18,16,.,.,.,.,.,.,.,.,.,.,.,.,.
2020,9,18,17,.,.,.,.,.,.,.,.,.,.,.,.,.
2020,9,18,18,.,.,.,.,.,.,.,.,.,.,.,.,.
2020,9,18,19,.,.,.,.,.,.,.,.,.,.,.,.,.
2020,9,18,20,.,.,.,.,.,.,.,.,.,.,.,.,.
2020,9,18,21,.,.,.,.,.,.,.,.,.,.,.,.,.
2020,9,18,22,.,.,.,.,.,.,.,.,.,.,.,.,.
2020,9,18,23,.,.,.,.,.,.,.,.,.,.,.,.,.
2020,9,18,24,.,.,.,.,.,.,.,.,.,.,.,.,.
2020,9,18,25,.,.,.,.,.,.,.,.,.,.,.,.,.
2020,9,18,26,.,.,.,.,.,.,.,.,.,.,.,.,.
2020,9,18,27,.,.,.,.,.,.,.,.,.,.,.,.,.
2020,9,18,28,.,.,.,.,.,.,.,.,.,.,.,.,.
2020,9,18,29,.,.,.,.,.,.,.,.,.,.,.,.,.
2020,9,18,30,.,.,.,.,.,.,.,.,.,.,.,.,.
2020,9,18,31,.,.,.,.,.,.,.,.,.,.,.,.,.
2020,9,18,32,.,.,.,.,.,.,.,.,.,.,.,.,.
2020,9,18,33,.,.,.,.,.,.,.,.,.,.,.,.,.
2020,9,18,34,.,.,.,.,.,.,.,.,.,.,.,.,.
2020,9,18,35,.,.,.,.,.,.,.,.,.,.,.,.,.
2020,9,18,36,.,.,.,.,.,.,.,.,.,.,.,.,.
2020,9,18,37,.,.,.,.,.,.,.,.,.,.,.,.,.
2020,9,18,38,.,.,.,.,.,.,.,.,.,.,.,.,.
2020,9,18,39,.,.,.,.,.,.,.,.,.,.,.,.,.
2020,9,18,40,.,.,.,.,.,.,.,.,.,.,.,.,.
2020,9,18,41,.,.,.,.,.,.,.,.,.,.,.,.,.
2020,9,18,42,.,.,.,.,.,.,.,.,.,.,.,.,.
2020,9,18,44,.,.,.,.,.,.,.,.,.,.,.,.,.
2020,9,18,45,.,.,.,.,.,.,.,.,.,.,.,.,.
2020,9,18,46,.,.,.,.,.,.,.,.,.,.,.,.,.
2020,9,18,47,.,.,.,.,.,.,.,.,.,.,.,.,.
2020,9,18,48,.,.,.,.,.,.,.,.,.,.,.,.,.
2020,9,18,49,.,.,.,.,.,.,.,.,.,.,.,.,.
2020,9,18,50,.,.,.,.,.,.,.,.,.,.,.,.,.
2020,9,18,51,.,.,.,.,.,.,.,.,.,.,.,.,.
2020,9,18,53,.,.,.,.,.,.,.,.,.,.,.,.,.
2020,9,18,54,.,.,.,.,.,.,.,.,.,.,.,.,.
2020,9,18,55,.,.,.,.,.,.,.,.,.,.,.,.,.
2020,9,18,56,.,.,.,.,.,.,.,.,.,.,.,.,.
2020,9,25,1,.,.,.,.,.,.,.,.,.,.,.,.,.
2020,9,25,2,.,.,.,.,.,.,.,.,.,.,.,.,.
2020,9,25,4,.,.,.,.,.,.,.,.,.,.,.,.,.
2020,9,25,5,.,.,.,.,.,.,.,.,.,.,.,.,.
2020,9,25,6,.,.,.,.,.,.,.,.,.,.,.,.,.
2020,9,25,8,.,.,.,.,.,.,.,.,.,.,.,.,.
2020,9,25,9,.,.,.,.,.,.,.,.,.,.,.,.,.
2020,9,25,10,.,.,.,.,.,.,.,.,.,.,.,.,.
2020,9,25,11,.,.,.,.,.,.,.,.,.,.,.,.,.
2020,9,25,12,.,.,.,.,.,.,.,.,.,.,.,.,.
2020,9,25,13,.,.,.,.,.,.,.,.,.,.,.,.,.
2020,9,25,15,.,.,.,.,.,.,.,.,.,.,.,.,.
2020,9,25,16,.,.,.,.,.,.,.,.,.,.,.,.,.
2020,9,25,17,.,.,.,.,.,.,.,.,.,.,.,.,.
2020,9,25,18,.,.,.,.,.,.,.,.,.,.,.,.,.
2020,9,25,19,.,.,.,.,.,.,.,.,.,.,.,.,.
2020,9,25,20,.,.,.,.,.,.,.,.,.,.,.,.,.
2020,9,25,21,.,.,.,.,.,.,.,.,.,.,.,.,.
2020,9,25,22,.,.,.,.,.,.,.,.,.,.,.,.,.
2020,9,25,23,.,.,.,.,.,.,.,.,.,.,.,.,.
2020,9,25,24,.,.,.,.,.,.,.,.,.,.,.,.,.
2020,9,25,25,.,.,.,.,.,.,.,.,.,.,.,.,.
2020,9,25,26,.,.,.,.,.,.,.,.,.,.,.,.,.
2020,9,25,27,.,.,.,.,.,.,.,.,.,.,.,.,.
2020,9,25,28,.,.,.,.,.,.,.,.,.,.,.,.,.
2020,9,25,29,.,.,.,.,.,.,.,.,.,.,.,.,.
2020,9,25,30,.,.,.,.,.,.,.,.,.,.,.,.,.
2020,9,25,31,.,.,.,.,.,.,.,.,.,.,.,.,.
2020,9,25,32,.,.,.,.,.,.,.,.,.,.,.,.,.
2020,9,25,33,.,.,.,.,.,.,.,.,.,.,.,.,.
2020,9,25,34,.,.,.,.,.,.,.,.,.,.,.,.,.
2020,9,25,35,.,.,.,.,.,.,.,.,.,.,.,.,.
2020,9,25,36,.,.,.,.,.,.,.,.,.,.,.,.,.
2020,9,25,37,.,.,.,.,.,.,.,.,.,.,.,.,.
2020,9,25,38,.,.,.,.,.,.,.,.,.,.,.,.,.
2020,9,25,39,.,.,.,.,.,.,.,.,.,.,.,.,.
2020,9,25,40,.,.,.,.,.,.,.,.,.,.,.,.,.
2020,9,25,41,.,.,.,.,.,.,.,.,.,.,.,.,.
2020,9,25,42,.,.,.,.,.,.,.,.,.,.,.,.,.
2020,9,25,44,.,.,.,.,.,.,.,.,.,.,.,.,.
2020,9,25,45,.,.,.,.,.,.,.,.,.,.,.,.,.
2020,9,25,46,.,.,.,.,.,.,.,.,.,.,.,.,.
2020,9,25,47,.,.,.,.,.,.,.,.,.,.,.,.,.
2020,9,25,48,.,.,.,.,.,.,.,.,.,.,.,.,.
2020,9,25,49,.,.,.,.,.,.,.,.,.,.,.,.,.
2020,9,25,50,.,.,.,.,.,.,.,.,.,.,.,.,.
2020,9,25,51,.,.,.,.,.,.,.,.,.,.,.,.,.
2020,9,25,53,.,.,.,.,.,.,.,.,.,.,.,.,.
2020,9,25,54,.,.,.,.,.,.,.,.,.,.,.,.,.
2020,9,25,55,.,.,.,.,.,.,.,.,.,.,.,.,.
2020,9,25,56,.,.,.,.,.,.,.,.,.,.,.,.,.
2020,10,2,1,.,.,.,.,.,.,.,.,.,.,.,.,.
2020,10,2,2,.,.,.,.,.,.,.,.,.,.,.,.,.
2020,10,2,4,.,.,.,.,.,.,.,.,.,.,.,.,.
2020,10,2,5,.,.,.,.,.,.,.,.,.,.,.,.,.
2020,10,2,6,.,.,.,.,.,.,.,.,.,.,.,.,.
2020,10,2,8,.,.,.,.,.,.,.,.,.,.,.,.,.
2020,10,2,9,.,.,.,.,.,.,.,.,.,.,.,.,.
2020,10,2,10,.,.,.,.,.,.,.,.,.,.,.,.,.
2020,10,2,11,.,.,.,.,.,.,.,.,.,.,.,.,.
2020,10,2,12,.,.,.,.,.,.,.,.,.,.,.,.,.
2020,10,2,13,.,.,.,.,.,.,.,.,.,.,.,.,.
2020,10,2,15,.,.,.,.,.,.,.,.,.,.,.,.,.
2020,10,2,16,.,.,.,.,.,.,.,.,.,.,.,.,.
2020,10,2,17,.,.,.,.,.,.,.,.,.,.,.,.,.
2020,10,2,18,.,.,.,.,.,.,.,.,.,.,.,.,.
2020,10,2,19,.,.,.,.,.,.,.,.,.,.,.,.,.
2020,10,2,20,.,.,.,.,.,.,.,.,.,.,.,.,.
2020,10,2,21,.,.,.,.,.,.,.,.,.,.,.,.,.
2020,10,2,22,.,.,.,.,.,.,.,.,.,.,.,.,.
2020,10,2,23,.,.,.,.,.,.,.,.,.,.,.,.,.
2020,10,2,24,.,.,.,.,.,.,.,.,.,.,.,.,.
2020,10,2,25,.,.,.,.,.,.,.,.,.,.,.,.,.
2020,10,2,26,.,.,.,.,.,.,.,.,.,.,.,.,.
2020,10,2,27,.,.,.,.,.,.,.,.,.,.,.,.,.
2020,10,2,28,.,.,.,.,.,.,.,.,.,.,.,.,.
2020,10,2,29,.,.,.,.,.,.,.,.,.,.,.,.,.
2020,10,2,30,.,.,.,.,.,.,.,.,.,.,.,.,.
2020,10,2,31,.,.,.,.,.,.,.,.,.,.,.,.,.
2020,10,2,32,.,.,.,.,.,.,.,.,.,.,.,.,.
2020,10,2,33,.,.,.,.,.,.,.,.,.,.,.,.,.
2020,10,2,34,.,.,.,.,.,.,.,.,.,.,.,.,.
2020,10,2,35,.,.,.,.,.,.,.,.,.,.,.,.,.
2020,10,2,36,.,.,.,.,.,.,.,.,.,.,.,.,.
2020,10,2,37,.,.,.,.,.,.,.,.,.,.,.,.,.
2020,10,2,38,.,.,.,.,.,.,.,.,.,.,.,.,.
2020,10,2,39,.,.,.,.,.,.,.,.,.,.,.,.,.
2020,10,2,40,.,.,.,.,.,.,.,.,.,.,.,.,.
2020,10,2,41,.,.,.,.,.,.,.,.,.,.,.,.,.
2020,10,2,42,.,.,.,.,.,.,.,.,.,.,.,.,.
2020,10,2,44,.,.,.,.,.,.,.,.,.,.,.,.,.
2020,10,2,45,.,.,.,.,.,.,.,.,.,.,.,.,.
2020,10,2,46,.,.,.,.,.,.,.,.,.,.,.,.,.
2020,10,2,47,.,.,.,.,.,.,.,.,.,.,.,.,.
2020,10,2,48,.,.,.,.,.,.,.,.,.,.,.,.,.
2020,10,2,49,.,.,.,.,.,.,.,.,.,.,.,.,.
2020,10,2,50,.,.,.,.,.,.,.,.,.,.,.,.,.
2020,10,2,51,.,.,.,.,.,.,.,.,.,.,.,.,.
2020,10,2,53,.,.,.,.,.,.,.,.,.,.,.,.,.
2020,10,2,54,.,.,.,.,.,.,.,.,.,.,.,.,.
2020,10,2,55,.,.,.,.,.,.,.,.,.,.,.,.,.
2020,10,2,56,.,.,.,.,.,.,.,.,.,.,.,.,.
2020,10,9,1,.,.,.,.,.,.,.,.,.,.,.,.,.
2020,10,9,2,.,.,.,.,.,.,.,.,.,.,.,.,.
2020,10,9,4,.,.,.,.,.,.,.,.,.,.,.,.,.
2020,10,9,5,.,.,.,.,.,.,.,.,.,.,.,.,.
2020,10,9,6,.,.,.,.,.,.,.,.,.,.,.,.,.
2020,10,9,8,.,.,.,.,.,.,.,.,.,.,.,.,.
2020,10,9,9,.,.,.,.,.,.,.,.,.,.,.,.,.
2020,10,9,10,.,.,.,.,.,.,.,.,.,.,.,.,.
2020,10,9,11,.,.,.,.,.,.,.,.,.,.,.,.,.
2020,10,9,12,.,.,.,.,.,.,.,.,.,.,.,.,.
2020,10,9,13,.,.,.,.,.,.,.,.,.,.,.,.,.
2020,10,9,15,.,.,.,.,.,.,.,.,.,.,.,.,.
2020,10,9,16,.,.,.,.,.,.,.,.,.,.,.,.,.
2020,10,9,17,.,.,.,.,.,.,.,.,.,.,.,.,.
2020,10,9,18,.,.,.,.,.,.,.,.,.,.,.,.,.
2020,10,9,19,.,.,.,.,.,.,.,.,.,.,.,.,.
2020,10,9,20,.,.,.,.,.,.,.,.,.,.,.,.,.
2020,10,9,21,.,.,.,.,.,.,.,.,.,.,.,.,.
2020,10,9,22,.,.,.,.,.,.,.,.,.,.,.,.,.
2020,10,9,23,.,.,.,.,.,.,.,.,.,.,.,.,.
2020,10,9,24,.,.,.,.,.,.,.,.,.,.,.,.,.
2020,10,9,25,.,.,.,.,.,.,.,.,.,.,.,.,.
2020,10,9,26,.,.,.,.,.,.,.,.,.,.,.,.,.
2020,10,9,27,.,.,.,.,.,.,.,.,.,.,.,.,.
2020,10,9,28,.,.,.,.,.,.,.,.,.,.,.,.,.
2020,10,9,29,.,.,.,.,.,.,.,.,.,.,.,.,.
2020,10,9,30,.,.,.,.,.,.,.,.,.,.,.,.,.
2020,10,9,31,.,.,.,.,.,.,.,.,.,.,.,.,.
2020,10,9,32,.,.,.,.,.,.,.,.,.,.,.,.,.
2020,10,9,33,.,.,.,.,.,.,.,.,.,.,.,.,.
2020,10,9,34,.,.,.,.,.,.,.,.,.,.,.,.,.
2020,10,9,35,.,.,.,.,.,.,.,.,.,.,.,.,.
2020,10,9,36,.,.,.,.,.,.,.,.,.,.,.,.,.
2020,10,9,37,.,.,.,.,.,.,.,.,.,.,.,.,.
2020,10,9,38,.,.,.,.,.,.,.,.,.,.,.,.,.
2020,10,9,39,.,.,.,.,.,.,.,.,.,.,.,.,.
2020,10,9,40,.,.,.,.,.,.,.,.,.,.,.,.,.
2020,10,9,41,.,.,.,.,.,.,.,.,.,.,.,.,.
2020,10,9,42,.,.,.,.,.,.,.,.,.,.,.,.,.
2020,10,9,44,.,.,.,.,.,.,.,.,.,.,.,.,.
2020,10,9,45,.,.,.,.,.,.,.,.,.,.,.,.,.
2020,10,9,46,.,.,.,.,.,.,.,.,.,.,.,.,.
2020,10,9,47,.,.,.,.,.,.,.,.,.,.,.,.,.
2020,10,9,48,.,.,.,.,.,.,.,.,.,.,.,.,.
2020,10,9,49,.,.,.,.,.,.,.,.,.,.,.,.,.
2020,10,9,50,.,.,.,.,.,.,.,.,.,.,.,.,.
2020,10,9,51,.,.,.,.,.,.,.,.,.,.,.,.,.
2020,10,9,53,.,.,.,.,.,.,.,.,.,.,.,.,.
2020,10,9,54,.,.,.,.,.,.,.,.,.,.,.,.,.
2020,10,9,55,.,.,.,.,.,.,.,.,.,.,.,.,.
2020,10,9,56,.,.,.,.,.,.,.,.,.,.,.,.,.
2020,10,16,1,.,.,.,.,.,.,.,.,.,.,.,.,.
2020,10,16,2,.,.,.,.,.,.,.,.,.,.,.,.,.
2020,10,16,4,.,.,.,.,.,.,.,.,.,.,.,.,.
2020,10,16,5,.,.,.,.,.,.,.,.,.,.,.,.,.
2020,10,16,6,.,.,.,.,.,.,.,.,.,.,.,.,.
2020,10,16,8,.,.,.,.,.,.,.,.,.,.,.,.,.
2020,10,16,9,.,.,.,.,.,.,.,.,.,.,.,.,.
2020,10,16,10,.,.,.,.,.,.,.,.,.,.,.,.,.
2020,10,16,11,.,.,.,.,.,.,.,.,.,.,.,.,.
2020,10,16,12,.,.,.,.,.,.,.,.,.,.,.,.,.
2020,10,16,13,.,.,.,.,.,.,.,.,.,.,.,.,.
2020,10,16,15,.,.,.,.,.,.,.,.,.,.,.,.,.
2020,10,16,16,.,.,.,.,.,.,.,.,.,.,.,.,.
2020,10,16,17,.,.,.,.,.,.,.,.,.,.,.,.,.
2020,10,16,18,.,.,.,.,.,.,.,.,.,.,.,.,.
2020,10,16,19,.,.,.,.,.,.,.,.,.,.,.,.,.
2020,10,16,20,.,.,.,.,.,.,.,.,.,.,.,.,.
2020,10,16,21,.,.,.,.,.,.,.,.,.,.,.,.,.
2020,10,16,22,.,.,.,.,.,.,.,.,.,.,.,.,.
2020,10,16,23,.,.,.,.,.,.,.,.,.,.,.,.,.
2020,10,16,24,.,.,.,.,.,.,.,.,.,.,.,.,.
2020,10,16,25,.,.,.,.,.,.,.,.,.,.,.,.,.
2020,10,16,26,.,.,.,.,.,.,.,.,.,.,.,.,.
2020,10,16,27,.,.,.,.,.,.,.,.,.,.,.,.,.
2020,10,16,28,.,.,.,.,.,.,.,.,.,.,.,.,.
2020,10,16,29,.,.,.,.,.,.,.,.,.,.,.,.,.
2020,10,16,30,.,.,.,.,.,.,.,.,.,.,.,.,.
2020,10,16,31,.,.,.,.,.,.,.,.,.,.,.,.,.
2020,10,16,32,.,.,.,.,.,.,.,.,.,.,.,.,.
2020,10,16,33,.,.,.,.,.,.,.,.,.,.,.,.,.
2020,10,16,34,.,.,.,.,.,.,.,.,.,.,.,.,.
2020,10,16,35,.,.,.,.,.,.,.,.,.,.,.,.,.
2020,10,16,36,.,.,.,.,.,.,.,.,.,.,.,.,.
2020,10,16,37,.,.,.,.,.,.,.,.,.,.,.,.,.
2020,10,16,38,.,.,.,.,.,.,.,.,.,.,.,.,.
2020,10,16,39,.,.,.,.,.,.,.,.,.,.,.,.,.
2020,10,16,40,.,.,.,.,.,.,.,.,.,.,.,.,.
2020,10,16,41,.,.,.,.,.,.,.,.,.,.,.,.,.
2020,10,16,42,.,.,.,.,.,.,.,.,.,.,.,.,.
2020,10,16,44,.,.,.,.,.,.,.,.,.,.,.,.,.
2020,10,16,45,.,.,.,.,.,.,.,.,.,.,.,.,.
2020,10,16,46,.,.,.,.,.,.,.,.,.,.,.,.,.
2020,10,16,47,.,.,.,.,.,.,.,.,.,.,.,.,.
2020,10,16,48,.,.,.,.,.,.,.,.,.,.,.,.,.
2020,10,16,49,.,.,.,.,.,.,.,.,.,.,.,.,.
2020,10,16,50,.,.,.,.,.,.,.,.,.,.,.,.,.
2020,10,16,51,.,.,.,.,.,.,.,.,.,.,.,.,.
2020,10,16,53,.,.,.,.,.,.,.,.,.,.,.,.,.
2020,10,16,54,.,.,.,.,.,.,.,.,.,.,.,.,.
2020,10,16,55,.,.,.,.,.,.,.,.,.,.,.,.,.
2020,10,16,56,.,.,.,.,.,.,.,.,.,.,.,.,.
2020,10,23,1,.,.,.,.,.,.,.,.,.,.,.,.,.
2020,10,23,2,.,.,.,.,.,.,.,.,.,.,.,.,.
2020,10,23,4,.,.,.,.,.,.,.,.,.,.,.,.,.
2020,10,23,5,.,.,.,.,.,.,.,.,.,.,.,.,.
2020,10,23,6,.,.,.,.,.,.,.,.,.,.,.,.,.
2020,10,23,8,.,.,.,.,.,.,.,.,.,.,.,.,.
2020,10,23,9,.,.,.,.,.,.,.,.,.,.,.,.,.
2020,10,23,10,.,.,.,.,.,.,.,.,.,.,.,.,.
2020,10,23,11,.,.,.,.,.,.,.,.,.,.,.,.,.
2020,10,23,12,.,.,.,.,.,.,.,.,.,.,.,.,.
2020,10,23,13,.,.,.,.,.,.,.,.,.,.,.,.,.
2020,10,23,15,.,.,.,.,.,.,.,.,.,.,.,.,.
2020,10,23,16,.,.,.,.,.,.,.,.,.,.,.,.,.
2020,10,23,17,.,.,.,.,.,.,.,.,.,.,.,.,.
2020,10,23,18,.,.,.,.,.,.,.,.,.,.,.,.,.
2020,10,23,19,.,.,.,.,.,.,.,.,.,.,.,.,.
2020,10,23,20,.,.,.,.,.,.,.,.,.,.,.,.,.
2020,10,23,21,.,.,.,.,.,.,.,.,.,.,.,.,.
2020,10,23,22,.,.,.,.,.,.,.,.,.,.,.,.,.
2020,10,23,23,.,.,.,.,.,.,.,.,.,.,.,.,.
2020,10,23,24,.,.,.,.,.,.,.,.,.,.,.,.,.
2020,10,23,25,.,.,.,.,.,.,.,.,.,.,.,.,.
2020,10,23,26,.,.,.,.,.,.,.,.,.,.,.,.,.
2020,10,23,27,.,.,.,.,.,.,.,.,.,.,.,.,.
2020,10,23,28,.,.,.,.,.,.,.,.,.,.,.,.,.
2020,10,23,29,.,.,.,.,.,.,.,.,.,.,.,.,.
2020,10,23,30,.,.,.,.,.,.,.,.,.,.,.,.,.
2020,10,23,31,.,.,.,.,.,.,.,.,.,.,.,.,.
2020,10,23,32,.,.,.,.,.,.,.,.,.,.,.,.,.
2020,10,23,33,.,.,.,.,.,.,.,.,.,.,.,.,.
2020,10,23,34,.,.,.,.,.,.,.,.,.,.,.,.,.
2020,10,23,35,.,.,.,.,.,.,.,.,.,.,.,.,.
2020,10,23,36,.,.,.,.,.,.,.,.,.,.,.,.,.
2020,10,23,37,.,.,.,.,.,.,.,.,.,.,.,.,.
2020,10,23,38,.,.,.,.,.,.,.,.,.,.,.,.,.
2020,10,23,39,.,.,.,.,.,.,.,.,.,.,.,.,.
2020,10,23,40,.,.,.,.,.,.,.,.,.,.,.,.,.
2020,10,23,41,.,.,.,.,.,.,.,.,.,.,.,.,.
2020,10,23,42,.,.,.,.,.,.,.,.,.,.,.,.,.
2020,10,23,44,.,.,.,.,.,.,.,.,.,.,.,.,.
2020,10,23,45,.,.,.,.,.,.,.,.,.,.,.,.,.
2020,10,23,46,.,.,.,.,.,.,.,.,.,.,.,.,.
2020,10,23,47,.,.,.,.,.,.,.,.,.,.,.,.,.
2020,10,23,48,.,.,.,.,.,.,.,.,.,.,.,.,.
2020,10,23,49,.,.,.,.,.,.,.,.,.,.,.,.,.
2020,10,23,50,.,.,.,.,.,.,.,.,.,.,.,.,.
2020,10,23,51,.,.,.,.,.,.,.,.,.,.,.,.,.
2020,10,23,53,.,.,.,.,.,.,.,.,.,.,.,.,.
2020,10,23,54,.,.,.,.,.,.,.,.,.,.,.,.,.
2020,10,23,55,.,.,.,.,.,.,.,.,.,.,.,.,.
2020,10,23,56,.,.,.,.,.,.,.,.,.,.,.,.,.
2020,10,30,1,.,.,.,.,.,.,.,.,.,.,.,.,.
2020,10,30,2,.,.,.,.,.,.,.,.,.,.,.,.,.
2020,10,30,4,.,.,.,.,.,.,.,.,.,.,.,.,.
2020,10,30,5,.,.,.,.,.,.,.,.,.,.,.,.,.
2020,10,30,6,.,.,.,.,.,.,.,.,.,.,.,.,.
2020,10,30,8,.,.,.,.,.,.,.,.,.,.,.,.,.
2020,10,30,9,.,.,.,.,.,.,.,.,.,.,.,.,.
2020,10,30,10,.,.,.,.,.,.,.,.,.,.,.,.,.
2020,10,30,11,.,.,.,.,.,.,.,.,.,.,.,.,.
2020,10,30,12,.,.,.,.,.,.,.,.,.,.,.,.,.
2020,10,30,13,.,.,.,.,.,.,.,.,.,.,.,.,.
2020,10,30,15,.,.,.,.,.,.,.,.,.,.,.,.,.
2020,10,30,16,.,.,.,.,.,.,.,.,.,.,.,.,.
2020,10,30,17,.,.,.,.,.,.,.,.,.,.,.,.,.
2020,10,30,18,.,.,.,.,.,.,.,.,.,.,.,.,.
2020,10,30,19,.,.,.,.,.,.,.,.,.,.,.,.,.
2020,10,30,20,.,.,.,.,.,.,.,.,.,.,.,.,.
2020,10,30,21,.,.,.,.,.,.,.,.,.,.,.,.,.
2020,10,30,22,.,.,.,.,.,.,.,.,.,.,.,.,.
2020,10,30,23,.,.,.,.,.,.,.,.,.,.,.,.,.
2020,10,30,24,.,.,.,.,.,.,.,.,.,.,.,.,.
2020,10,30,25,.,.,.,.,.,.,.,.,.,.,.,.,.
2020,10,30,26,.,.,.,.,.,.,.,.,.,.,.,.,.
2020,10,30,27,.,.,.,.,.,.,.,.,.,.,.,.,.
2020,10,30,28,.,.,.,.,.,.,.,.,.,.,.,.,.
2020,10,30,29,.,.,.,.,.,.,.,.,.,.,.,.,.
2020,10,30,30,.,.,.,.,.,.,.,.,.,.,.,.,.
2020,10,30,31,.,.,.,.,.,.,.,.,.,.,.,.,.
2020,10,30,32,.,.,.,.,.,.,.,.,.,.,.,.,.
2020,10,30,33,.,.,.,.,.,.,.,.,.,.,.,.,.
2020,10,30,34,.,.,.,.,.,.,.,.,.,.,.,.,.
2020,10,30,35,.,.,.,.,.,.,.,.,.,.,.,.,.
2020,10,30,36,.,.,.,.,.,.,.,.,.,.,.,.,.
2020,10,30,37,.,.,.,.,.,.,.,.,.,.,.,.,.
2020,10,30,38,.,.,.,.,.,.,.,.,.,.,.,.,.
2020,10,30,39,.,.,.,.,.,.,.,.,.,.,.,.,.
2020,10,30,40,.,.,.,.,.,.,.,.,.,.,.,.,.
2020,10,30,41,.,.,.,.,.,.,.,.,.,.,.,.,.
2020,10,30,42,.,.,.,.,.,.,.,.,.,.,.,.,.
2020,10,30,44,.,.,.,.,.,.,.,.,.,.,.,.,.
2020,10,30,45,.,.,.,.,.,.,.,.,.,.,.,.,.
2020,10,30,46,.,.,.,.,.,.,.,.,.,.,.,.,.
2020,10,30,47,.,.,.,.,.,.,.,.,.,.,.,.,.
2020,10,30,48,.,.,.,.,.,.,.,.,.,.,.,.,.
2020,10,30,49,.,.,.,.,.,.,.,.,.,.,.,.,.
2020,10,30,50,.,.,.,.,.,.,.,.,.,.,.,.,.
2020,10,30,51,.,.,.,.,.,.,.,.,.,.,.,.,.
2020,10,30,53,.,.,.,.,.,.,.,.,.,.,.,.,.
2020,10,30,54,.,.,.,.,.,.,.,.,.,.,.,.,.
2020,10,30,55,.,.,.,.,.,.,.,.,.,.,.,.,.
2020,10,30,56,.,.,.,.,.,.,.,.,.,.,.,.,.
2020,11,6,1,.,.,.,.,.,.,.,.,.,.,.,.,.
2020,11,6,2,.,.,.,.,.,.,.,.,.,.,.,.,.
2020,11,6,4,.,.,.,.,.,.,.,.,.,.,.,.,.
2020,11,6,5,.,.,.,.,.,.,.,.,.,.,.,.,.
2020,11,6,6,.,.,.,.,.,.,.,.,.,.,.,.,.
2020,11,6,8,.,.,.,.,.,.,.,.,.,.,.,.,.
2020,11,6,9,.,.,.,.,.,.,.,.,.,.,.,.,.
2020,11,6,10,.,.,.,.,.,.,.,.,.,.,.,.,.
2020,11,6,11,.,.,.,.,.,.,.,.,.,.,.,.,.
2020,11,6,12,.,.,.,.,.,.,.,.,.,.,.,.,.
2020,11,6,13,.,.,.,.,.,.,.,.,.,.,.,.,.
2020,11,6,15,.,.,.,.,.,.,.,.,.,.,.,.,.
2020,11,6,16,.,.,.,.,.,.,.,.,.,.,.,.,.
2020,11,6,17,.,.,.,.,.,.,.,.,.,.,.,.,.
2020,11,6,18,.,.,.,.,.,.,.,.,.,.,.,.,.
2020,11,6,19,.,.,.,.,.,.,.,.,.,.,.,.,.
2020,11,6,20,.,.,.,.,.,.,.,.,.,.,.,.,.
2020,11,6,21,.,.,.,.,.,.,.,.,.,.,.,.,.
2020,11,6,22,.,.,.,.,.,.,.,.,.,.,.,.,.
2020,11,6,23,.,.,.,.,.,.,.,.,.,.,.,.,.
2020,11,6,24,.,.,.,.,.,.,.,.,.,.,.,.,.
2020,11,6,25,.,.,.,.,.,.,.,.,.,.,.,.,.
2020,11,6,26,.,.,.,.,.,.,.,.,.,.,.,.,.
2020,11,6,27,.,.,.,.,.,.,.,.,.,.,.,.,.
2020,11,6,28,.,.,.,.,.,.,.,.,.,.,.,.,.
2020,11,6,29,.,.,.,.,.,.,.,.,.,.,.,.,.
2020,11,6,30,.,.,.,.,.,.,.,.,.,.,.,.,.
2020,11,6,31,.,.,.,.,.,.,.,.,.,.,.,.,.
2020,11,6,32,.,.,.,.,.,.,.,.,.,.,.,.,.
2020,11,6,33,.,.,.,.,.,.,.,.,.,.,.,.,.
2020,11,6,34,.,.,.,.,.,.,.,.,.,.,.,.,.
2020,11,6,35,.,.,.,.,.,.,.,.,.,.,.,.,.
2020,11,6,36,.,.,.,.,.,.,.,.,.,.,.,.,.
2020,11,6,37,.,.,.,.,.,.,.,.,.,.,.,.,.
2020,11,6,38,.,.,.,.,.,.,.,.,.,.,.,.,.
2020,11,6,39,.,.,.,.,.,.,.,.,.,.,.,.,.
2020,11,6,40,.,.,.,.,.,.,.,.,.,.,.,.,.
2020,11,6,41,.,.,.,.,.,.,.,.,.,.,.,.,.
2020,11,6,42,.,.,.,.,.,.,.,.,.,.,.,.,.
2020,11,6,44,.,.,.,.,.,.,.,.,.,.,.,.,.
2020,11,6,45,.,.,.,.,.,.,.,.,.,.,.,.,.
2020,11,6,46,.,.,.,.,.,.,.,.,.,.,.,.,.
2020,11,6,47,.,.,.,.,.,.,.,.,.,.,.,.,.
2020,11,6,48,.,.,.,.,.,.,.,.,.,.,.,.,.
2020,11,6,49,.,.,.,.,.,.,.,.,.,.,.,.,.
2020,11,6,50,.,.,.,.,.,.,.,.,.,.,.,.,.
2020,11,6,51,.,.,.,.,.,.,.,.,.,.,.,.,.
2020,11,6,53,.,.,.,.,.,.,.,.,.,.,.,.,.
2020,11,6,54,.,.,.,.,.,.,.,.,.,.,.,.,.
2020,11,6,55,.,.,.,.,.,.,.,.,.,.,.,.,.
2020,11,6,56,.,.,.,.,.,.,.,.,.,.,.,.,.
2020,11,13,1,.,.,.,.,.,.,.,.,.,.,.,.,.
2020,11,13,2,.,.,.,.,.,.,.,.,.,.,.,.,.
2020,11,13,4,.,.,.,.,.,.,.,.,.,.,.,.,.
2020,11,13,5,.,.,.,.,.,.,.,.,.,.,.,.,.
2020,11,13,6,.,.,.,.,.,.,.,.,.,.,.,.,.
2020,11,13,8,.,.,.,.,.,.,.,.,.,.,.,.,.
2020,11,13,9,.,.,.,.,.,.,.,.,.,.,.,.,.
2020,11,13,10,.,.,.,.,.,.,.,.,.,.,.,.,.
2020,11,13,11,.,.,.,.,.,.,.,.,.,.,.,.,.
2020,11,13,12,.,.,.,.,.,.,.,.,.,.,.,.,.
2020,11,13,13,.,.,.,.,.,.,.,.,.,.,.,.,.
2020,11,13,15,.,.,.,.,.,.,.,.,.,.,.,.,.
2020,11,13,16,.,.,.,.,.,.,.,.,.,.,.,.,.
2020,11,13,17,.,.,.,.,.,.,.,.,.,.,.,.,.
2020,11,13,18,.,.,.,.,.,.,.,.,.,.,.,.,.
2020,11,13,19,.,.,.,.,.,.,.,.,.,.,.,.,.
2020,11,13,20,.,.,.,.,.,.,.,.,.,.,.,.,.
2020,11,13,21,.,.,.,.,.,.,.,.,.,.,.,.,.
2020,11,13,22,.,.,.,.,.,.,.,.,.,.,.,.,.
2020,11,13,23,.,.,.,.,.,.,.,.,.,.,.,.,.
2020,11,13,24,.,.,.,.,.,.,.,.,.,.,.,.,.
2020,11,13,25,.,.,.,.,.,.,.,.,.,.,.,.,.
2020,11,13,26,.,.,.,.,.,.,.,.,.,.,.,.,.
2020,11,13,27,.,.,.,.,.,.,.,.,.,.,.,.,.
2020,11,13,28,.,.,.,.,.,.,.,.,.,.,.,.,.
2020,11,13,29,.,.,.,.,.,.,.,.,.,.,.,.,.
2020,11,13,30,.,.,.,.,.,.,.,.,.,.,.,.,.
2020,11,13,31,.,.,.,.,.,.,.,.,.,.,.,.,.
2020,11,13,32,.,.,.,.,.,.,.,.,.,.,.,.,.
2020,11,13,33,.,.,.,.,.,.,.,.,.,.,.,.,.
2020,11,13,34,.,.,.,.,.,.,.,.,.,.,.,.,.
2020,11,13,35,.,.,.,.,.,.,.,.,.,.,.,.,.
2020,11,13,36,.,.,.,.,.,.,.,.,.,.,.,.,.
2020,11,13,37,.,.,.,.,.,.,.,.,.,.,.,.,.
2020,11,13,38,.,.,.,.,.,.,.,.,.,.,.,.,.
2020,11,13,39,.,.,.,.,.,.,.,.,.,.,.,.,.
2020,11,13,40,.,.,.,.,.,.,.,.,.,.,.,.,.
2020,11,13,41,.,.,.,.,.,.,.,.,.,.,.,.,.
2020,11,13,42,.,.,.,.,.,.,.,.,.,.,.,.,.
2020,11,13,44,.,.,.,.,.,.,.,.,.,.,.,.,.
2020,11,13,45,.,.,.,.,.,.,.,.,.,.,.,.,.
2020,11,13,46,.,.,.,.,.,.,.,.,.,.,.,.,.
2020,11,13,47,.,.,.,.,.,.,.,.,.,.,.,.,.
2020,11,13,48,.,.,.,.,.,.,.,.,.,.,.,.,.
2020,11,13,49,.,.,.,.,.,.,.,.,.,.,.,.,.
2020,11,13,50,.,.,.,.,.,.,.,.,.,.,.,.,.
2020,11,13,51,.,.,.,.,.,.,.,.,.,.,.,.,.
2020,11,13,53,.,.,.,.,.,.,.,.,.,.,.,.,.
2020,11,13,54,.,.,.,.,.,.,.,.,.,.,.,.,.
2020,11,13,55,.,.,.,.,.,.,.,.,.,.,.,.,.
2020,11,13,56,.,.,.,.,.,.,.,.,.,.,.,.,.
2020,11,20,1,.,.,.,.,.,.,.,.,.,.,.,.,.
2020,11,20,2,.,.,.,.,.,.,.,.,.,.,.,.,.
2020,11,20,4,.,.,.,.,.,.,.,.,.,.,.,.,.
2020,11,20,5,.,.,.,.,.,.,.,.,.,.,.,.,.
2020,11,20,6,.,.,.,.,.,.,.,.,.,.,.,.,.
2020,11,20,8,.,.,.,.,.,.,.,.,.,.,.,.,.
2020,11,20,9,.,.,.,.,.,.,.,.,.,.,.,.,.
2020,11,20,10,.,.,.,.,.,.,.,.,.,.,.,.,.
2020,11,20,11,.,.,.,.,.,.,.,.,.,.,.,.,.
2020,11,20,12,.,.,.,.,.,.,.,.,.,.,.,.,.
2020,11,20,13,.,.,.,.,.,.,.,.,.,.,.,.,.
2020,11,20,15,.,.,.,.,.,.,.,.,.,.,.,.,.
2020,11,20,16,.,.,.,.,.,.,.,.,.,.,.,.,.
2020,11,20,17,.,.,.,.,.,.,.,.,.,.,.,.,.
2020,11,20,18,.,.,.,.,.,.,.,.,.,.,.,.,.
2020,11,20,19,.,.,.,.,.,.,.,.,.,.,.,.,.
2020,11,20,20,.,.,.,.,.,.,.,.,.,.,.,.,.
2020,11,20,21,.,.,.,.,.,.,.,.,.,.,.,.,.
2020,11,20,22,.,.,.,.,.,.,.,.,.,.,.,.,.
2020,11,20,23,.,.,.,.,.,.,.,.,.,.,.,.,.
2020,11,20,24,.,.,.,.,.,.,.,.,.,.,.,.,.
2020,11,20,25,.,.,.,.,.,.,.,.,.,.,.,.,.
2020,11,20,26,.,.,.,.,.,.,.,.,.,.,.,.,.
2020,11,20,27,.,.,.,.,.,.,.,.,.,.,.,.,.
2020,11,20,28,.,.,.,.,.,.,.,.,.,.,.,.,.
2020,11,20,29,.,.,.,.,.,.,.,.,.,.,.,.,.
2020,11,20,30,.,.,.,.,.,.,.,.,.,.,.,.,.
2020,11,20,31,.,.,.,.,.,.,.,.,.,.,.,.,.
2020,11,20,32,.,.,.,.,.,.,.,.,.,.,.,.,.
2020,11,20,33,.,.,.,.,.,.,.,.,.,.,.,.,.
2020,11,20,34,.,.,.,.,.,.,.,.,.,.,.,.,.
2020,11,20,35,.,.,.,.,.,.,.,.,.,.,.,.,.
2020,11,20,36,.,.,.,.,.,.,.,.,.,.,.,.,.
2020,11,20,37,.,.,.,.,.,.,.,.,.,.,.,.,.
2020,11,20,38,.,.,.,.,.,.,.,.,.,.,.,.,.
2020,11,20,39,.,.,.,.,.,.,.,.,.,.,.,.,.
2020,11,20,40,.,.,.,.,.,.,.,.,.,.,.,.,.
2020,11,20,41,.,.,.,.,.,.,.,.,.,.,.,.,.
2020,11,20,42,.,.,.,.,.,.,.,.,.,.,.,.,.
2020,11,20,44,.,.,.,.,.,.,.,.,.,.,.,.,.
2020,11,20,45,.,.,.,.,.,.,.,.,.,.,.,.,.
2020,11,20,46,.,.,.,.,.,.,.,.,.,.,.,.,.
2020,11,20,47,.,.,.,.,.,.,.,.,.,.,.,.,.
2020,11,20,48,.,.,.,.,.,.,.,.,.,.,.,.,.
2020,11,20,49,.,.,.,.,.,.,.,.,.,.,.,.,.
2020,11,20,50,.,.,.,.,.,.,.,.,.,.,.,.,.
2020,11,20,51,.,.,.,.,.,.,.,.,.,.,.,.,.
2020,11,20,53,.,.,.,.,.,.,.,.,.,.,.,.,.
2020,11,20,54,.,.,.,.,.,.,.,.,.,.,.,.,.
2020,11,20,55,.,.,.,.,.,.,.,.,.,.,.,.,.
2020,11,20,56,.,.,.,.,.,.,.,.,.,.,.,.,.
2020,11,27,1,.,.,.,.,.,.,.,.,.,.,.,.,.
2020,11,27,2,.,.,.,.,.,.,.,.,.,.,.,.,.
2020,11,27,4,.,.,.,.,.,.,.,.,.,.,.,.,.
2020,11,27,5,.,.,.,.,.,.,.,.,.,.,.,.,.
2020,11,27,6,.,.,.,.,.,.,.,.,.,.,.,.,.
2020,11,27,8,.,.,.,.,.,.,.,.,.,.,.,.,.
2020,11,27,9,.,.,.,.,.,.,.,.,.,.,.,.,.
2020,11,27,10,.,.,.,.,.,.,.,.,.,.,.,.,.
2020,11,27,11,.,.,.,.,.,.,.,.,.,.,.,.,.
2020,11,27,12,.,.,.,.,.,.,.,.,.,.,.,.,.
2020,11,27,13,.,.,.,.,.,.,.,.,.,.,.,.,.
2020,11,27,15,.,.,.,.,.,.,.,.,.,.,.,.,.
2020,11,27,16,.,.,.,.,.,.,.,.,.,.,.,.,.
2020,11,27,17,.,.,.,.,.,.,.,.,.,.,.,.,.
2020,11,27,18,.,.,.,.,.,.,.,.,.,.,.,.,.
2020,11,27,19,.,.,.,.,.,.,.,.,.,.,.,.,.
2020,11,27,20,.,.,.,.,.,.,.,.,.,.,.,.,.
2020,11,27,21,.,.,.,.,.,.,.,.,.,.,.,.,.
2020,11,27,22,.,.,.,.,.,.,.,.,.,.,.,.,.
2020,11,27,23,.,.,.,.,.,.,.,.,.,.,.,.,.
2020,11,27,24,.,.,.,.,.,.,.,.,.,.,.,.,.
2020,11,27,25,.,.,.,.,.,.,.,.,.,.,.,.,.
2020,11,27,26,.,.,.,.,.,.,.,.,.,.,.,.,.
2020,11,27,27,.,.,.,.,.,.,.,.,.,.,.,.,.
2020,11,27,28,.,.,.,.,.,.,.,.,.,.,.,.,.
2020,11,27,29,.,.,.,.,.,.,.,.,.,.,.,.,.
2020,11,27,30,.,.,.,.,.,.,.,.,.,.,.,.,.
2020,11,27,31,.,.,.,.,.,.,.,.,.,.,.,.,.
2020,11,27,32,.,.,.,.,.,.,.,.,.,.,.,.,.
2020,11,27,33,.,.,.,.,.,.,.,.,.,.,.,.,.
2020,11,27,34,.,.,.,.,.,.,.,.,.,.,.,.,.
2020,11,27,35,.,.,.,.,.,.,.,.,.,.,.,.,.
2020,11,27,36,.,.,.,.,.,.,.,.,.,.,.,.,.
2020,11,27,37,.,.,.,.,.,.,.,.,.,.,.,.,.
2020,11,27,38,.,.,.,.,.,.,.,.,.,.,.,.,.
2020,11,27,39,.,.,.,.,.,.,.,.,.,.,.,.,.
2020,11,27,40,.,.,.,.,.,.,.,.,.,.,.,.,.
2020,11,27,41,.,.,.,.,.,.,.,.,.,.,.,.,.
2020,11,27,42,.,.,.,.,.,.,.,.,.,.,.,.,.
2020,11,27,44,.,.,.,.,.,.,.,.,.,.,.,.,.
2020,11,27,45,.,.,.,.,.,.,.,.,.,.,.,.,.
2020,11,27,46,.,.,.,.,.,.,.,.,.,.,.,.,.
2020,11,27,47,.,.,.,.,.,.,.,.,.,.,.,.,.
2020,11,27,48,.,.,.,.,.,.,.,.,.,.,.,.,.
2020,11,27,49,.,.,.,.,.,.,.,.,.,.,.,.,.
2020,11,27,50,.,.,.,.,.,.,.,.,.,.,.,.,.
2020,11,27,51,.,.,.,.,.,.,.,.,.,.,.,.,.
2020,11,27,53,.,.,.,.,.,.,.,.,.,.,.,.,.
2020,11,27,54,.,.,.,.,.,.,.,.,.,.,.,.,.
2020,11,27,55,.,.,.,.,.,.,.,.,.,.,.,.,.
2020,11,27,56,.,.,.,.,.,.,.,.,.,.,.,.,.
2020,12,4,1,.,.,.,.,.,.,.,.,.,.,.,.,.
2020,12,4,2,.,.,.,.,.,.,.,.,.,.,.,.,.
2020,12,4,4,.,.,.,.,.,.,.,.,.,.,.,.,.
2020,12,4,5,.,.,.,.,.,.,.,.,.,.,.,.,.
2020,12,4,6,.,.,.,.,.,.,.,.,.,.,.,.,.
2020,12,4,8,.,.,.,.,.,.,.,.,.,.,.,.,.
2020,12,4,9,.,.,.,.,.,.,.,.,.,.,.,.,.
2020,12,4,10,.,.,.,.,.,.,.,.,.,.,.,.,.
2020,12,4,11,.,.,.,.,.,.,.,.,.,.,.,.,.
2020,12,4,12,.,.,.,.,.,.,.,.,.,.,.,.,.
2020,12,4,13,.,.,.,.,.,.,.,.,.,.,.,.,.
2020,12,4,15,.,.,.,.,.,.,.,.,.,.,.,.,.
2020,12,4,16,.,.,.,.,.,.,.,.,.,.,.,.,.
2020,12,4,17,.,.,.,.,.,.,.,.,.,.,.,.,.
2020,12,4,18,.,.,.,.,.,.,.,.,.,.,.,.,.
2020,12,4,19,.,.,.,.,.,.,.,.,.,.,.,.,.
2020,12,4,20,.,.,.,.,.,.,.,.,.,.,.,.,.
2020,12,4,21,.,.,.,.,.,.,.,.,.,.,.,.,.
2020,12,4,22,.,.,.,.,.,.,.,.,.,.,.,.,.
2020,12,4,23,.,.,.,.,.,.,.,.,.,.,.,.,.
2020,12,4,24,.,.,.,.,.,.,.,.,.,.,.,.,.
2020,12,4,25,.,.,.,.,.,.,.,.,.,.,.,.,.
2020,12,4,26,.,.,.,.,.,.,.,.,.,.,.,.,.
2020,12,4,27,.,.,.,.,.,.,.,.,.,.,.,.,.
2020,12,4,28,.,.,.,.,.,.,.,.,.,.,.,.,.
2020,12,4,29,.,.,.,.,.,.,.,.,.,.,.,.,.
2020,12,4,30,.,.,.,.,.,.,.,.,.,.,.,.,.
2020,12,4,31,.,.,.,.,.,.,.,.,.,.,.,.,.
2020,12,4,32,.,.,.,.,.,.,.,.,.,.,.,.,.
2020,12,4,33,.,.,.,.,.,.,.,.,.,.,.,.,.
2020,12,4,34,.,.,.,.,.,.,.,.,.,.,.,.,.
2020,12,4,35,.,.,.,.,.,.,.,.,.,.,.,.,.
2020,12,4,36,.,.,.,.,.,.,.,.,.,.,.,.,.
2020,12,4,37,.,.,.,.,.,.,.,.,.,.,.,.,.
2020,12,4,38,.,.,.,.,.,.,.,.,.,.,.,.,.
2020,12,4,39,.,.,.,.,.,.,.,.,.,.,.,.,.
2020,12,4,40,.,.,.,.,.,.,.,.,.,.,.,.,.
2020,12,4,41,.,.,.,.,.,.,.,.,.,.,.,.,.
2020,12,4,42,.,.,.,.,.,.,.,.,.,.,.,.,.
2020,12,4,44,.,.,.,.,.,.,.,.,.,.,.,.,.
2020,12,4,45,.,.,.,.,.,.,.,.,.,.,.,.,.
2020,12,4,46,.,.,.,.,.,.,.,.,.,.,.,.,.
2020,12,4,47,.,.,.,.,.,.,.,.,.,.,.,.,.
2020,12,4,48,.,.,.,.,.,.,.,.,.,.,.,.,.
2020,12,4,49,.,.,.,.,.,.,.,.,.,.,.,.,.
2020,12,4,50,.,.,.,.,.,.,.,.,.,.,.,.,.
2020,12,4,51,.,.,.,.,.,.,.,.,.,.,.,.,.
2020,12,4,53,.,.,.,.,.,.,.,.,.,.,.,.,.
2020,12,4,54,.,.,.,.,.,.,.,.,.,.,.,.,.
2020,12,4,55,.,.,.,.,.,.,.,.,.,.,.,.,.
2020,12,4,56,.,.,.,.,.,.,.,.,.,.,.,.,.
2020,12,11,1,.,.,.,.,.,.,.,.,.,.,.,.,.
2020,12,11,2,.,.,.,.,.,.,.,.,.,.,.,.,.
2020,12,11,4,.,.,.,.,.,.,.,.,.,.,.,.,.
2020,12,11,5,.,.,.,.,.,.,.,.,.,.,.,.,.
2020,12,11,6,.,.,.,.,.,.,.,.,.,.,.,.,.
2020,12,11,8,.,.,.,.,.,.,.,.,.,.,.,.,.
2020,12,11,9,.,.,.,.,.,.,.,.,.,.,.,.,.
2020,12,11,10,.,.,.,.,.,.,.,.,.,.,.,.,.
2020,12,11,11,.,.,.,.,.,.,.,.,.,.,.,.,.
2020,12,11,12,.,.,.,.,.,.,.,.,.,.,.,.,.
2020,12,11,13,.,.,.,.,.,.,.,.,.,.,.,.,.
2020,12,11,15,.,.,.,.,.,.,.,.,.,.,.,.,.
2020,12,11,16,.,.,.,.,.,.,.,.,.,.,.,.,.
2020,12,11,17,.,.,.,.,.,.,.,.,.,.,.,.,.
2020,12,11,18,.,.,.,.,.,.,.,.,.,.,.,.,.
2020,12,11,19,.,.,.,.,.,.,.,.,.,.,.,.,.
2020,12,11,20,.,.,.,.,.,.,.,.,.,.,.,.,.
2020,12,11,21,.,.,.,.,.,.,.,.,.,.,.,.,.
2020,12,11,22,.,.,.,.,.,.,.,.,.,.,.,.,.
2020,12,11,23,.,.,.,.,.,.,.,.,.,.,.,.,.
2020,12,11,24,.,.,.,.,.,.,.,.,.,.,.,.,.
2020,12,11,25,.,.,.,.,.,.,.,.,.,.,.,.,.
2020,12,11,26,.,.,.,.,.,.,.,.,.,.,.,.,.
2020,12,11,27,.,.,.,.,.,.,.,.,.,.,.,.,.
2020,12,11,28,.,.,.,.,.,.,.,.,.,.,.,.,.
2020,12,11,29,.,.,.,.,.,.,.,.,.,.,.,.,.
2020,12,11,30,.,.,.,.,.,.,.,.,.,.,.,.,.
2020,12,11,31,.,.,.,.,.,.,.,.,.,.,.,.,.
2020,12,11,32,.,.,.,.,.,.,.,.,.,.,.,.,.
2020,12,11,33,.,.,.,.,.,.,.,.,.,.,.,.,.
2020,12,11,34,.,.,.,.,.,.,.,.,.,.,.,.,.
2020,12,11,35,.,.,.,.,.,.,.,.,.,.,.,.,.
2020,12,11,36,.,.,.,.,.,.,.,.,.,.,.,.,.
2020,12,11,37,.,.,.,.,.,.,.,.,.,.,.,.,.
2020,12,11,38,.,.,.,.,.,.,.,.,.,.,.,.,.
2020,12,11,39,.,.,.,.,.,.,.,.,.,.,.,.,.
2020,12,11,40,.,.,.,.,.,.,.,.,.,.,.,.,.
2020,12,11,41,.,.,.,.,.,.,.,.,.,.,.,.,.
2020,12,11,42,.,.,.,.,.,.,.,.,.,.,.,.,.
2020,12,11,44,.,.,.,.,.,.,.,.,.,.,.,.,.
2020,12,11,45,.,.,.,.,.,.,.,.,.,.,.,.,.
2020,12,11,46,.,.,.,.,.,.,.,.,.,.,.,.,.
2020,12,11,47,.,.,.,.,.,.,.,.,.,.,.,.,.
2020,12,11,48,.,.,.,.,.,.,.,.,.,.,.,.,.
2020,12,11,49,.,.,.,.,.,.,.,.,.,.,.,.,.
2020,12,11,50,.,.,.,.,.,.,.,.,.,.,.,.,.
2020,12,11,51,.,.,.,.,.,.,.,.,.,.,.,.,.
2020,12,11,53,.,.,.,.,.,.,.,.,.,.,.,.,.
2020,12,11,54,.,.,.,.,.,.,.,.,.,.,.,.,.
2020,12,11,55,.,.,.,.,.,.,.,.,.,.,.,.,.
2020,12,11,56,.,.,.,.,.,.,.,.,.,.,.,.,.
2020,12,18,1,.,.,.,.,.,.,.,.,.,.,.,.,.
2020,12,18,2,.,.,.,.,.,.,.,.,.,.,.,.,.
2020,12,18,4,.,.,.,.,.,.,.,.,.,.,.,.,.
2020,12,18,5,.,.,.,.,.,.,.,.,.,.,.,.,.
2020,12,18,6,.,.,.,.,.,.,.,.,.,.,.,.,.
2020,12,18,8,.,.,.,.,.,.,.,.,.,.,.,.,.
2020,12,18,9,.,.,.,.,.,.,.,.,.,.,.,.,.
2020,12,18,10,.,.,.,.,.,.,.,.,.,.,.,.,.
2020,12,18,11,.,.,.,.,.,.,.,.,.,.,.,.,.
2020,12,18,12,.,.,.,.,.,.,.,.,.,.,.,.,.
2020,12,18,13,.,.,.,.,.,.,.,.,.,.,.,.,.
2020,12,18,15,.,.,.,.,.,.,.,.,.,.,.,.,.
2020,12,18,16,.,.,.,.,.,.,.,.,.,.,.,.,.
2020,12,18,17,.,.,.,.,.,.,.,.,.,.,.,.,.
2020,12,18,18,.,.,.,.,.,.,.,.,.,.,.,.,.
2020,12,18,19,.,.,.,.,.,.,.,.,.,.,.,.,.
2020,12,18,20,.,.,.,.,.,.,.,.,.,.,.,.,.
2020,12,18,21,.,.,.,.,.,.,.,.,.,.,.,.,.
2020,12,18,22,.,.,.,.,.,.,.,.,.,.,.,.,.
2020,12,18,23,.,.,.,.,.,.,.,.,.,.,.,.,.
2020,12,18,24,.,.,.,.,.,.,.,.,.,.,.,.,.
2020,12,18,25,.,.,.,.,.,.,.,.,.,.,.,.,.
2020,12,18,26,.,.,.,.,.,.,.,.,.,.,.,.,.
2020,12,18,27,.,.,.,.,.,.,.,.,.,.,.,.,.
2020,12,18,28,.,.,.,.,.,.,.,.,.,.,.,.,.
2020,12,18,29,.,.,.,.,.,.,.,.,.,.,.,.,.
2020,12,18,30,.,.,.,.,.,.,.,.,.,.,.,.,.
2020,12,18,31,.,.,.,.,.,.,.,.,.,.,.,.,.
2020,12,18,32,.,.,.,.,.,.,.,.,.,.,.,.,.
2020,12,18,33,.,.,.,.,.,.,.,.,.,.,.,.,.
2020,12,18,34,.,.,.,.,.,.,.,.,.,.,.,.,.
2020,12,18,35,.,.,.,.,.,.,.,.,.,.,.,.,.
2020,12,18,36,.,.,.,.,.,.,.,.,.,.,.,.,.
2020,12,18,37,.,.,.,.,.,.,.,.,.,.,.,.,.
2020,12,18,38,.,.,.,.,.,.,.,.,.,.,.,.,.
2020,12,18,39,.,.,.,.,.,.,.,.,.,.,.,.,.
2020,12,18,40,.,.,.,.,.,.,.,.,.,.,.,.,.
2020,12,18,41,.,.,.,.,.,.,.,.,.,.,.,.,.
2020,12,18,42,.,.,.,.,.,.,.,.,.,.,.,.,.
2020,12,18,44,.,.,.,.,.,.,.,.,.,.,.,.,.
2020,12,18,45,.,.,.,.,.,.,.,.,.,.,.,.,.
2020,12,18,46,.,.,.,.,.,.,.,.,.,.,.,.,.
2020,12,18,47,.,.,.,.,.,.,.,.,.,.,.,.,.
2020,12,18,48,.,.,.,.,.,.,.,.,.,.,.,.,.
2020,12,18,49,.,.,.,.,.,.,.,.,.,.,.,.,.
2020,12,18,50,.,.,.,.,.,.,.,.,.,.,.,.,.
2020,12,18,51,.,.,.,.,.,.,.,.,.,.,.,.,.
2020,12,18,53,.,.,.,.,.,.,.,.,.,.,.,.,.
2020,12,18,54,.,.,.,.,.,.,.,.,.,.,.,.,.
2020,12,18,55,.,.,.,.,.,.,.,.,.,.,.,.,.
2020,12,18,56,.,.,.,.,.,.,.,.,.,.,.,.,.
2020,12,25,1,.,.,.,.,.,.,.,.,.,.,.,.,.
2020,12,25,2,.,.,.,.,.,.,.,.,.,.,.,.,.
2020,12,25,4,.,.,.,.,.,.,.,.,.,.,.,.,.
2020,12,25,5,.,.,.,.,.,.,.,.,.,.,.,.,.
2020,12,25,6,.,.,.,.,.,.,.,.,.,.,.,.,.
2020,12,25,8,.,.,.,.,.,.,.,.,.,.,.,.,.
2020,12,25,9,.,.,.,.,.,.,.,.,.,.,.,.,.
2020,12,25,10,.,.,.,.,.,.,.,.,.,.,.,.,.
2020,12,25,11,.,.,.,.,.,.,.,.,.,.,.,.,.
2020,12,25,12,.,.,.,.,.,.,.,.,.,.,.,.,.
2020,12,25,13,.,.,.,.,.,.,.,.,.,.,.,.,.
2020,12,25,15,.,.,.,.,.,.,.,.,.,.,.,.,.
2020,12,25,16,.,.,.,.,.,.,.,.,.,.,.,.,.
2020,12,25,17,.,.,.,.,.,.,.,.,.,.,.,.,.
2020,12,25,18,.,.,.,.,.,.,.,.,.,.,.,.,.
2020,12,25,19,.,.,.,.,.,.,.,.,.,.,.,.,.
2020,12,25,20,.,.,.,.,.,.,.,.,.,.,.,.,.
2020,12,25,21,.,.,.,.,.,.,.,.,.,.,.,.,.
2020,12,25,22,.,.,.,.,.,.,.,.,.,.,.,.,.
2020,12,25,23,.,.,.,.,.,.,.,.,.,.,.,.,.
2020,12,25,24,.,.,.,.,.,.,.,.,.,.,.,.,.
2020,12,25,25,.,.,.,.,.,.,.,.,.,.,.,.,.
2020,12,25,26,.,.,.,.,.,.,.,.,.,.,.,.,.
2020,12,25,27,.,.,.,.,.,.,.,.,.,.,.,.,.
2020,12,25,28,.,.,.,.,.,.,.,.,.,.,.,.,.
2020,12,25,29,.,.,.,.,.,.,.,.,.,.,.,.,.
2020,12,25,30,.,.,.,.,.,.,.,.,.,.,.,.,.
2020,12,25,31,.,.,.,.,.,.,.,.,.,.,.,.,.
2020,12,25,32,.,.,.,.,.,.,.,.,.,.,.,.,.
2020,12,25,33,.,.,.,.,.,.,.,.,.,.,.,.,.
2020,12,25,34,.,.,.,.,.,.,.,.,.,.,.,.,.
2020,12,25,35,.,.,.,.,.,.,.,.,.,.,.,.,.
2020,12,25,36,.,.,.,.,.,.,.,.,.,.,.,.,.
2020,12,25,37,.,.,.,.,.,.,.,.,.,.,.,.,.
2020,12,25,38,.,.,.,.,.,.,.,.,.,.,.,.,.
2020,12,25,39,.,.,.,.,.,.,.,.,.,.,.,.,.
2020,12,25,40,.,.,.,.,.,.,.,.,.,.,.,.,.
2020,12,25,41,.,.,.,.,.,.,.,.,.,.,.,.,.
2020,12,25,42,.,.,.,.,.,.,.,.,.,.,.,.,.
2020,12,25,44,.,.,.,.,.,.,.,.,.,.,.,.,.
2020,12,25,45,.,.,.,.,.,.,.,.,.,.,.,.,.
2020,12,25,46,.,.,.,.,.,.,.,.,.,.,.,.,.
2020,12,25,47,.,.,.,.,.,.,.,.,.,.,.,.,.
2020,12,25,48,.,.,.,.,.,.,.,.,.,.,.,.,.
2020,12,25,49,.,.,.,.,.,.,.,.,.,.,.,.,.
2020,12,25,50,.,.,.,.,.,.,.,.,.,.,.,.,.
2020,12,25,51,.,.,.,.,.,.,.,.,.,.,.,.,.
2020,12,25,53,.,.,.,.,.,.,.,.,.,.,.,.,.
2020,12,25,54,.,.,.,.,.,.,.,.,.,.,.,.,.
2020,12,25,55,.,.,.,.,.,.,.,.,.,.,.,.,.
2020,12,25,56,.,.,.,.,.,.,.,.,.,.,.,.,.
2021,1,1,1,.,.,.,.,.,.,.,.,.,.,.,.,.
2021,1,1,2,.,.,.,.,.,.,.,.,.,.,.,.,.
2021,1,1,4,.,.,.,.,.,.,.,.,.,.,.,.,.
2021,1,1,5,.,.,.,.,.,.,.,.,.,.,.,.,.
2021,1,1,6,.,.,.,.,.,.,.,.,.,.,.,.,.
2021,1,1,8,.,.,.,.,.,.,.,.,.,.,.,.,.
2021,1,1,9,.,.,.,.,.,.,.,.,.,.,.,.,.
2021,1,1,10,.,.,.,.,.,.,.,.,.,.,.,.,.
2021,1,1,11,.,.,.,.,.,.,.,.,.,.,.,.,.
2021,1,1,12,.,.,.,.,.,.,.,.,.,.,.,.,.
2021,1,1,13,.,.,.,.,.,.,.,.,.,.,.,.,.
2021,1,1,15,.,.,.,.,.,.,.,.,.,.,.,.,.
2021,1,1,16,.,.,.,.,.,.,.,.,.,.,.,.,.
2021,1,1,17,.,.,.,.,.,.,.,.,.,.,.,.,.
2021,1,1,18,.,.,.,.,.,.,.,.,.,.,.,.,.
2021,1,1,19,.,.,.,.,.,.,.,.,.,.,.,.,.
2021,1,1,20,.,.,.,.,.,.,.,.,.,.,.,.,.
2021,1,1,21,.,.,.,.,.,.,.,.,.,.,.,.,.
2021,1,1,22,.,.,.,.,.,.,.,.,.,.,.,.,.
2021,1,1,23,.,.,.,.,.,.,.,.,.,.,.,.,.
2021,1,1,24,.,.,.,.,.,.,.,.,.,.,.,.,.
2021,1,1,25,.,.,.,.,.,.,.,.,.,.,.,.,.
2021,1,1,26,.,.,.,.,.,.,.,.,.,.,.,.,.
2021,1,1,27,.,.,.,.,.,.,.,.,.,.,.,.,.
2021,1,1,28,.,.,.,.,.,.,.,.,.,.,.,.,.
2021,1,1,29,.,.,.,.,.,.,.,.,.,.,.,.,.
2021,1,1,30,.,.,.,.,.,.,.,.,.,.,.,.,.
2021,1,1,31,.,.,.,.,.,.,.,.,.,.,.,.,.
2021,1,1,32,.,.,.,.,.,.,.,.,.,.,.,.,.
2021,1,1,33,.,.,.,.,.,.,.,.,.,.,.,.,.
2021,1,1,34,.,.,.,.,.,.,.,.,.,.,.,.,.
2021,1,1,35,.,.,.,.,.,.,.,.,.,.,.,.,.
2021,1,1,36,.,.,.,.,.,.,.,.,.,.,.,.,.
2021,1,1,37,.,.,.,.,.,.,.,.,.,.,.,.,.
2021,1,1,38,.,.,.,.,.,.,.,.,.,.,.,.,.
2021,1,1,39,.,.,.,.,.,.,.,.,.,.,.,.,.
2021,1,1,40,.,.,.,.,.,.,.,.,.,.,.,.,.
2021,1,1,41,.,.,.,.,.,.,.,.,.,.,.,.,.
2021,1,1,42,.,.,.,.,.,.,.,.,.,.,.,.,.
2021,1,1,44,.,.,.,.,.,.,.,.,.,.,.,.,.
2021,1,1,45,.,.,.,.,.,.,.,.,.,.,.,.,.
2021,1,1,46,.,.,.,.,.,.,.,.,.,.,.,.,.
2021,1,1,47,.,.,.,.,.,.,.,.,.,.,.,.,.
2021,1,1,48,.,.,.,.,.,.,.,.,.,.,.,.,.
2021,1,1,49,.,.,.,.,.,.,.,.,.,.,.,.,.
2021,1,1,50,.,.,.,.,.,.,.,.,.,.,.,.,.
2021,1,1,51,.,.,.,.,.,.,.,.,.,.,.,.,.
2021,1,1,53,.,.,.,.,.,.,.,.,.,.,.,.,.
2021,1,1,54,.,.,.,.,.,.,.,.,.,.,.,.,.
2021,1,1,55,.,.,.,.,.,.,.,.,.,.,.,.,.
2021,1,1,56,.,.,.,.,.,.,.,.,.,.,.,.,.
2021,1,8,1,.,.,.,.,.,.,.,.,.,.,.,.,.
2021,1,8,2,.,.,.,.,.,.,.,.,.,.,.,.,.
2021,1,8,4,.,.,.,.,.,.,.,.,.,.,.,.,.
2021,1,8,5,.,.,.,.,.,.,.,.,.,.,.,.,.
2021,1,8,6,.,.,.,.,.,.,.,.,.,.,.,.,.
2021,1,8,8,.,.,.,.,.,.,.,.,.,.,.,.,.
2021,1,8,9,.,.,.,.,.,.,.,.,.,.,.,.,.
2021,1,8,10,.,.,.,.,.,.,.,.,.,.,.,.,.
2021,1,8,11,.,.,.,.,.,.,.,.,.,.,.,.,.
2021,1,8,12,.,.,.,.,.,.,.,.,.,.,.,.,.
2021,1,8,13,.,.,.,.,.,.,.,.,.,.,.,.,.
2021,1,8,15,.,.,.,.,.,.,.,.,.,.,.,.,.
2021,1,8,16,.,.,.,.,.,.,.,.,.,.,.,.,.
2021,1,8,17,.,.,.,.,.,.,.,.,.,.,.,.,.
2021,1,8,18,.,.,.,.,.,.,.,.,.,.,.,.,.
2021,1,8,19,.,.,.,.,.,.,.,.,.,.,.,.,.
2021,1,8,20,.,.,.,.,.,.,.,.,.,.,.,.,.
2021,1,8,21,.,.,.,.,.,.,.,.,.,.,.,.,.
2021,1,8,22,.,.,.,.,.,.,.,.,.,.,.,.,.
2021,1,8,23,.,.,.,.,.,.,.,.,.,.,.,.,.
2021,1,8,24,.,.,.,.,.,.,.,.,.,.,.,.,.
2021,1,8,25,.,.,.,.,.,.,.,.,.,.,.,.,.
2021,1,8,26,.,.,.,.,.,.,.,.,.,.,.,.,.
2021,1,8,27,.,.,.,.,.,.,.,.,.,.,.,.,.
2021,1,8,28,.,.,.,.,.,.,.,.,.,.,.,.,.
2021,1,8,29,.,.,.,.,.,.,.,.,.,.,.,.,.
2021,1,8,30,.,.,.,.,.,.,.,.,.,.,.,.,.
2021,1,8,31,.,.,.,.,.,.,.,.,.,.,.,.,.
2021,1,8,32,.,.,.,.,.,.,.,.,.,.,.,.,.
2021,1,8,33,.,.,.,.,.,.,.,.,.,.,.,.,.
2021,1,8,34,.,.,.,.,.,.,.,.,.,.,.,.,.
2021,1,8,35,.,.,.,.,.,.,.,.,.,.,.,.,.
2021,1,8,36,.,.,.,.,.,.,.,.,.,.,.,.,.
2021,1,8,37,.,.,.,.,.,.,.,.,.,.,.,.,.
2021,1,8,38,.,.,.,.,.,.,.,.,.,.,.,.,.
2021,1,8,39,.,.,.,.,.,.,.,.,.,.,.,.,.
2021,1,8,40,.,.,.,.,.,.,.,.,.,.,.,.,.
2021,1,8,41,.,.,.,.,.,.,.,.,.,.,.,.,.
2021,1,8,42,.,.,.,.,.,.,.,.,.,.,.,.,.
2021,1,8,44,.,.,.,.,.,.,.,.,.,.,.,.,.
2021,1,8,45,.,.,.,.,.,.,.,.,.,.,.,.,.
2021,1,8,46,.,.,.,.,.,.,.,.,.,.,.,.,.
2021,1,8,47,.,.,.,.,.,.,.,.,.,.,.,.,.
2021,1,8,48,.,.,.,.,.,.,.,.,.,.,.,.,.
2021,1,8,49,.,.,.,.,.,.,.,.,.,.,.,.,.
2021,1,8,50,.,.,.,.,.,.,.,.,.,.,.,.,.
2021,1,8,51,.,.,.,.,.,.,.,.,.,.,.,.,.
2021,1,8,53,.,.,.,.,.,.,.,.,.,.,.,.,.
2021,1,8,54,.,.,.,.,.,.,.,.,.,.,.,.,.
2021,1,8,55,.,.,.,.,.,.,.,.,.,.,.,.,.
2021,1,8,56,.,.,.,.,.,.,.,.,.,.,.,.,.
2021,1,15,1,.,.,.,.,.,.,.,.,.,.,.,.,.
2021,1,15,2,.,.,.,.,.,.,.,.,.,.,.,.,.
2021,1,15,4,.,.,.,.,.,.,.,.,.,.,.,.,.
2021,1,15,5,.,.,.,.,.,.,.,.,.,.,.,.,.
2021,1,15,6,.,.,.,.,.,.,.,.,.,.,.,.,.
2021,1,15,8,.,.,.,.,.,.,.,.,.,.,.,.,.
2021,1,15,9,.,.,.,.,.,.,.,.,.,.,.,.,.
2021,1,15,10,.,.,.,.,.,.,.,.,.,.,.,.,.
2021,1,15,11,.,.,.,.,.,.,.,.,.,.,.,.,.
2021,1,15,12,.,.,.,.,.,.,.,.,.,.,.,.,.
2021,1,15,13,.,.,.,.,.,.,.,.,.,.,.,.,.
2021,1,15,15,.,.,.,.,.,.,.,.,.,.,.,.,.
2021,1,15,16,.,.,.,.,.,.,.,.,.,.,.,.,.
2021,1,15,17,.,.,.,.,.,.,.,.,.,.,.,.,.
2021,1,15,18,.,.,.,.,.,.,.,.,.,.,.,.,.
2021,1,15,19,.,.,.,.,.,.,.,.,.,.,.,.,.
2021,1,15,20,.,.,.,.,.,.,.,.,.,.,.,.,.
2021,1,15,21,.,.,.,.,.,.,.,.,.,.,.,.,.
2021,1,15,22,.,.,.,.,.,.,.,.,.,.,.,.,.
2021,1,15,23,.,.,.,.,.,.,.,.,.,.,.,.,.
2021,1,15,24,.,.,.,.,.,.,.,.,.,.,.,.,.
2021,1,15,25,.,.,.,.,.,.,.,.,.,.,.,.,.
2021,1,15,26,.,.,.,.,.,.,.,.,.,.,.,.,.
2021,1,15,27,.,.,.,.,.,.,.,.,.,.,.,.,.
2021,1,15,28,.,.,.,.,.,.,.,.,.,.,.,.,.
2021,1,15,29,.,.,.,.,.,.,.,.,.,.,.,.,.
2021,1,15,30,.,.,.,.,.,.,.,.,.,.,.,.,.
2021,1,15,31,.,.,.,.,.,.,.,.,.,.,.,.,.
2021,1,15,32,.,.,.,.,.,.,.,.,.,.,.,.,.
2021,1,15,33,.,.,.,.,.,.,.,.,.,.,.,.,.
2021,1,15,34,.,.,.,.,.,.,.,.,.,.,.,.,.
2021,1,15,35,.,.,.,.,.,.,.,.,.,.,.,.,.
2021,1,15,36,.,.,.,.,.,.,.,.,.,.,.,.,.
2021,1,15,37,.,.,.,.,.,.,.,.,.,.,.,.,.
2021,1,15,38,.,.,.,.,.,.,.,.,.,.,.,.,.
2021,1,15,39,.,.,.,.,.,.,.,.,.,.,.,.,.
2021,1,15,40,.,.,.,.,.,.,.,.,.,.,.,.,.
2021,1,15,41,.,.,.,.,.,.,.,.,.,.,.,.,.
2021,1,15,42,.,.,.,.,.,.,.,.,.,.,.,.,.
2021,1,15,44,.,.,.,.,.,.,.,.,.,.,.,.,.
2021,1,15,45,.,.,.,.,.,.,.,.,.,.,.,.,.
2021,1,15,46,.,.,.,.,.,.,.,.,.,.,.,.,.
2021,1,15,47,.,.,.,.,.,.,.,.,.,.,.,.,.
2021,1,15,48,.,.,.,.,.,.,.,.,.,.,.,.,.
2021,1,15,49,.,.,.,.,.,.,.,.,.,.,.,.,.
2021,1,15,50,.,.,.,.,.,.,.,.,.,.,.,.,.
2021,1,15,51,.,.,.,.,.,.,.,.,.,.,.,.,.
2021,1,15,53,.,.,.,.,.,.,.,.,.,.,.,.,.
2021,1,15,54,.,.,.,.,.,.,.,.,.,.,.,.,.
2021,1,15,55,.,.,.,.,.,.,.,.,.,.,.,.,.
2021,1,15,56,.,.,.,.,.,.,.,.,.,.,.,.,.
2021,1,22,1,.,.,.,.,.,.,.,.,.,.,.,.,.
2021,1,22,2,.,.,.,.,.,.,.,.,.,.,.,.,.
2021,1,22,4,.,.,.,.,.,.,.,.,.,.,.,.,.
2021,1,22,5,.,.,.,.,.,.,.,.,.,.,.,.,.
2021,1,22,6,.,.,.,.,.,.,.,.,.,.,.,.,.
2021,1,22,8,.,.,.,.,.,.,.,.,.,.,.,.,.
2021,1,22,9,.,.,.,.,.,.,.,.,.,.,.,.,.
2021,1,22,10,.,.,.,.,.,.,.,.,.,.,.,.,.
2021,1,22,11,.,.,.,.,.,.,.,.,.,.,.,.,.
2021,1,22,12,.,.,.,.,.,.,.,.,.,.,.,.,.
2021,1,22,13,.,.,.,.,.,.,.,.,.,.,.,.,.
2021,1,22,15,.,.,.,.,.,.,.,.,.,.,.,.,.
2021,1,22,16,.,.,.,.,.,.,.,.,.,.,.,.,.
2021,1,22,17,.,.,.,.,.,.,.,.,.,.,.,.,.
2021,1,22,18,.,.,.,.,.,.,.,.,.,.,.,.,.
2021,1,22,19,.,.,.,.,.,.,.,.,.,.,.,.,.
2021,1,22,20,.,.,.,.,.,.,.,.,.,.,.,.,.
2021,1,22,21,.,.,.,.,.,.,.,.,.,.,.,.,.
2021,1,22,22,.,.,.,.,.,.,.,.,.,.,.,.,.
2021,1,22,23,.,.,.,.,.,.,.,.,.,.,.,.,.
2021,1,22,24,.,.,.,.,.,.,.,.,.,.,.,.,.
2021,1,22,25,.,.,.,.,.,.,.,.,.,.,.,.,.
2021,1,22,26,.,.,.,.,.,.,.,.,.,.,.,.,.
2021,1,22,27,.,.,.,.,.,.,.,.,.,.,.,.,.
2021,1,22,28,.,.,.,.,.,.,.,.,.,.,.,.,.
2021,1,22,29,.,.,.,.,.,.,.,.,.,.,.,.,.
2021,1,22,30,.,.,.,.,.,.,.,.,.,.,.,.,.
2021,1,22,31,.,.,.,.,.,.,.,.,.,.,.,.,.
2021,1,22,32,.,.,.,.,.,.,.,.,.,.,.,.,.
2021,1,22,33,.,.,.,.,.,.,.,.,.,.,.,.,.
2021,1,22,34,.,.,.,.,.,.,.,.,.,.,.,.,.
2021,1,22,35,.,.,.,.,.,.,.,.,.,.,.,.,.
2021,1,22,36,.,.,.,.,.,.,.,.,.,.,.,.,.
2021,1,22,37,.,.,.,.,.,.,.,.,.,.,.,.,.
2021,1,22,38,.,.,.,.,.,.,.,.,.,.,.,.,.
2021,1,22,39,.,.,.,.,.,.,.,.,.,.,.,.,.
2021,1,22,40,.,.,.,.,.,.,.,.,.,.,.,.,.
2021,1,22,41,.,.,.,.,.,.,.,.,.,.,.,.,.
2021,1,22,42,.,.,.,.,.,.,.,.,.,.,.,.,.
2021,1,22,44,.,.,.,.,.,.,.,.,.,.,.,.,.
2021,1,22,45,.,.,.,.,.,.,.,.,.,.,.,.,.
2021,1,22,46,.,.,.,.,.,.,.,.,.,.,.,.,.
2021,1,22,47,.,.,.,.,.,.,.,.,.,.,.,.,.
2021,1,22,48,.,.,.,.,.,.,.,.,.,.,.,.,.
2021,1,22,49,.,.,.,.,.,.,.,.,.,.,.,.,.
2021,1,22,50,.,.,.,.,.,.,.,.,.,.,.,.,.
2021,1,22,51,.,.,.,.,.,.,.,.,.,.,.,.,.
2021,1,22,53,.,.,.,.,.,.,.,.,.,.,.,.,.
2021,1,22,54,.,.,.,.,.,.,.,.,.,.,.,.,.
2021,1,22,55,.,.,.,.,.,.,.,.,.,.,.,.,.
2021,1,22,56,.,.,.,.,.,.,.,.,.,.,.,.,.
2021,1,29,1,.,.,.,.,.,.,.,.,.,.,.,.,.
2021,1,29,2,.,.,.,.,.,.,.,.,.,.,.,.,.
2021,1,29,4,.,.,.,.,.,.,.,.,.,.,.,.,.
2021,1,29,5,.,.,.,.,.,.,.,.,.,.,.,.,.
2021,1,29,6,.,.,.,.,.,.,.,.,.,.,.,.,.
2021,1,29,8,.,.,.,.,.,.,.,.,.,.,.,.,.
2021,1,29,9,.,.,.,.,.,.,.,.,.,.,.,.,.
2021,1,29,10,.,.,.,.,.,.,.,.,.,.,.,.,.
2021,1,29,11,.,.,.,.,.,.,.,.,.,.,.,.,.
2021,1,29,12,.,.,.,.,.,.,.,.,.,.,.,.,.
2021,1,29,13,.,.,.,.,.,.,.,.,.,.,.,.,.
2021,1,29,15,.,.,.,.,.,.,.,.,.,.,.,.,.
2021,1,29,16,.,.,.,.,.,.,.,.,.,.,.,.,.
2021,1,29,17,.,.,.,.,.,.,.,.,.,.,.,.,.
2021,1,29,18,.,.,.,.,.,.,.,.,.,.,.,.,.
2021,1,29,19,.,.,.,.,.,.,.,.,.,.,.,.,.
2021,1,29,20,.,.,.,.,.,.,.,.,.,.,.,.,.
2021,1,29,21,.,.,.,.,.,.,.,.,.,.,.,.,.
2021,1,29,22,.,.,.,.,.,.,.,.,.,.,.,.,.
2021,1,29,23,.,.,.,.,.,.,.,.,.,.,.,.,.
2021,1,29,24,.,.,.,.,.,.,.,.,.,.,.,.,.
2021,1,29,25,.,.,.,.,.,.,.,.,.,.,.,.,.
2021,1,29,26,.,.,.,.,.,.,.,.,.,.,.,.,.
2021,1,29,27,.,.,.,.,.,.,.,.,.,.,.,.,.
2021,1,29,28,.,.,.,.,.,.,.,.,.,.,.,.,.
2021,1,29,29,.,.,.,.,.,.,.,.,.,.,.,.,.
2021,1,29,30,.,.,.,.,.,.,.,.,.,.,.,.,.
2021,1,29,31,.,.,.,.,.,.,.,.,.,.,.,.,.
2021,1,29,32,.,.,.,.,.,.,.,.,.,.,.,.,.
2021,1,29,33,.,.,.,.,.,.,.,.,.,.,.,.,.
2021,1,29,34,.,.,.,.,.,.,.,.,.,.,.,.,.
2021,1,29,35,.,.,.,.,.,.,.,.,.,.,.,.,.
2021,1,29,36,.,.,.,.,.,.,.,.,.,.,.,.,.
2021,1,29,37,.,.,.,.,.,.,.,.,.,.,.,.,.
2021,1,29,38,.,.,.,.,.,.,.,.,.,.,.,.,.
2021,1,29,39,.,.,.,.,.,.,.,.,.,.,.,.,.
2021,1,29,40,.,.,.,.,.,.,.,.,.,.,.,.,.
2021,1,29,41,.,.,.,.,.,.,.,.,.,.,.,.,.
2021,1,29,42,.,.,.,.,.,.,.,.,.,.,.,.,.
2021,1,29,44,.,.,.,.,.,.,.,.,.,.,.,.,.
2021,1,29,45,.,.,.,.,.,.,.,.,.,.,.,.,.
2021,1,29,46,.,.,.,.,.,.,.,.,.,.,.,.,.
2021,1,29,47,.,.,.,.,.,.,.,.,.,.,.,.,.
2021,1,29,48,.,.,.,.,.,.,.,.,.,.,.,.,.
2021,1,29,49,.,.,.,.,.,.,.,.,.,.,.,.,.
2021,1,29,50,.,.,.,.,.,.,.,.,.,.,.,.,.
2021,1,29,51,.,.,.,.,.,.,.,.,.,.,.,.,.
2021,1,29,53,.,.,.,.,.,.,.,.,.,.,.,.,.
2021,1,29,54,.,.,.,.,.,.,.,.,.,.,.,.,.
2021,1,29,55,.,.,.,.,.,.,.,.,.,.,.,.,.
2021,1,29,56,.,.,.,.,.,.,.,.,.,.,.,.,.
2021,2,5,1,.,.,.,.,.,.,.,.,.,.,.,.,.
2021,2,5,2,.,.,.,.,.,.,.,.,.,.,.,.,.
2021,2,5,4,.,.,.,.,.,.,.,.,.,.,.,.,.
2021,2,5,5,.,.,.,.,.,.,.,.,.,.,.,.,.
2021,2,5,6,.,.,.,.,.,.,.,.,.,.,.,.,.
2021,2,5,8,.,.,.,.,.,.,.,.,.,.,.,.,.
2021,2,5,9,.,.,.,.,.,.,.,.,.,.,.,.,.
2021,2,5,10,.,.,.,.,.,.,.,.,.,.,.,.,.
2021,2,5,11,.,.,.,.,.,.,.,.,.,.,.,.,.
2021,2,5,12,.,.,.,.,.,.,.,.,.,.,.,.,.
2021,2,5,13,.,.,.,.,.,.,.,.,.,.,.,.,.
2021,2,5,15,.,.,.,.,.,.,.,.,.,.,.,.,.
2021,2,5,16,.,.,.,.,.,.,.,.,.,.,.,.,.
2021,2,5,17,.,.,.,.,.,.,.,.,.,.,.,.,.
2021,2,5,18,.,.,.,.,.,.,.,.,.,.,.,.,.
2021,2,5,19,.,.,.,.,.,.,.,.,.,.,.,.,.
2021,2,5,20,.,.,.,.,.,.,.,.,.,.,.,.,.
2021,2,5,21,.,.,.,.,.,.,.,.,.,.,.,.,.
2021,2,5,22,.,.,.,.,.,.,.,.,.,.,.,.,.
2021,2,5,23,.,.,.,.,.,.,.,.,.,.,.,.,.
2021,2,5,24,.,.,.,.,.,.,.,.,.,.,.,.,.
2021,2,5,25,.,.,.,.,.,.,.,.,.,.,.,.,.
2021,2,5,26,.,.,.,.,.,.,.,.,.,.,.,.,.
2021,2,5,27,.,.,.,.,.,.,.,.,.,.,.,.,.
2021,2,5,28,.,.,.,.,.,.,.,.,.,.,.,.,.
2021,2,5,29,.,.,.,.,.,.,.,.,.,.,.,.,.
2021,2,5,30,.,.,.,.,.,.,.,.,.,.,.,.,.
2021,2,5,31,.,.,.,.,.,.,.,.,.,.,.,.,.
2021,2,5,32,.,.,.,.,.,.,.,.,.,.,.,.,.
2021,2,5,33,.,.,.,.,.,.,.,.,.,.,.,.,.
2021,2,5,34,.,.,.,.,.,.,.,.,.,.,.,.,.
2021,2,5,35,.,.,.,.,.,.,.,.,.,.,.,.,.
2021,2,5,36,.,.,.,.,.,.,.,.,.,.,.,.,.
2021,2,5,37,.,.,.,.,.,.,.,.,.,.,.,.,.
2021,2,5,38,.,.,.,.,.,.,.,.,.,.,.,.,.
2021,2,5,39,.,.,.,.,.,.,.,.,.,.,.,.,.
2021,2,5,40,.,.,.,.,.,.,.,.,.,.,.,.,.
2021,2,5,41,.,.,.,.,.,.,.,.,.,.,.,.,.
2021,2,5,42,.,.,.,.,.,.,.,.,.,.,.,.,.
2021,2,5,44,.,.,.,.,.,.,.,.,.,.,.,.,.
2021,2,5,45,.,.,.,.,.,.,.,.,.,.,.,.,.
2021,2,5,46,.,.,.,.,.,.,.,.,.,.,.,.,.
2021,2,5,47,.,.,.,.,.,.,.,.,.,.,.,.,.
2021,2,5,48,.,.,.,.,.,.,.,.,.,.,.,.,.
2021,2,5,49,.,.,.,.,.,.,.,.,.,.,.,.,.
2021,2,5,50,.,.,.,.,.,.,.,.,.,.,.,.,.
2021,2,5,51,.,.,.,.,.,.,.,.,.,.,.,.,.
2021,2,5,53,.,.,.,.,.,.,.,.,.,.,.,.,.
2021,2,5,54,.,.,.,.,.,.,.,.,.,.,.,.,.
2021,2,5,55,.,.,.,.,.,.,.,.,.,.,.,.,.
2021,2,5,56,.,.,.,.,.,.,.,.,.,.,.,.,.
2021,2,12,1,.,.,.,.,.,.,.,.,.,.,.,.,.
2021,2,12,2,.,.,.,.,.,.,.,.,.,.,.,.,.
2021,2,12,4,.,.,.,.,.,.,.,.,.,.,.,.,.
2021,2,12,5,.,.,.,.,.,.,.,.,.,.,.,.,.
2021,2,12,6,.,.,.,.,.,.,.,.,.,.,.,.,.
2021,2,12,8,.,.,.,.,.,.,.,.,.,.,.,.,.
2021,2,12,9,.,.,.,.,.,.,.,.,.,.,.,.,.
2021,2,12,10,.,.,.,.,.,.,.,.,.,.,.,.,.
2021,2,12,11,.,.,.,.,.,.,.,.,.,.,.,.,.
2021,2,12,12,.,.,.,.,.,.,.,.,.,.,.,.,.
2021,2,12,13,.,.,.,.,.,.,.,.,.,.,.,.,.
2021,2,12,15,.,.,.,.,.,.,.,.,.,.,.,.,.
2021,2,12,16,.,.,.,.,.,.,.,.,.,.,.,.,.
2021,2,12,17,.,.,.,.,.,.,.,.,.,.,.,.,.
2021,2,12,18,.,.,.,.,.,.,.,.,.,.,.,.,.
2021,2,12,19,.,.,.,.,.,.,.,.,.,.,.,.,.
2021,2,12,20,.,.,.,.,.,.,.,.,.,.,.,.,.
2021,2,12,21,.,.,.,.,.,.,.,.,.,.,.,.,.
2021,2,12,22,.,.,.,.,.,.,.,.,.,.,.,.,.
2021,2,12,23,.,.,.,.,.,.,.,.,.,.,.,.,.
2021,2,12,24,.,.,.,.,.,.,.,.,.,.,.,.,.
2021,2,12,25,.,.,.,.,.,.,.,.,.,.,.,.,.
2021,2,12,26,.,.,.,.,.,.,.,.,.,.,.,.,.
2021,2,12,27,.,.,.,.,.,.,.,.,.,.,.,.,.
2021,2,12,28,.,.,.,.,.,.,.,.,.,.,.,.,.
2021,2,12,29,.,.,.,.,.,.,.,.,.,.,.,.,.
2021,2,12,30,.,.,.,.,.,.,.,.,.,.,.,.,.
2021,2,12,31,.,.,.,.,.,.,.,.,.,.,.,.,.
2021,2,12,32,.,.,.,.,.,.,.,.,.,.,.,.,.
2021,2,12,33,.,.,.,.,.,.,.,.,.,.,.,.,.
2021,2,12,34,.,.,.,.,.,.,.,.,.,.,.,.,.
2021,2,12,35,.,.,.,.,.,.,.,.,.,.,.,.,.
2021,2,12,36,.,.,.,.,.,.,.,.,.,.,.,.,.
2021,2,12,37,.,.,.,.,.,.,.,.,.,.,.,.,.
2021,2,12,38,.,.,.,.,.,.,.,.,.,.,.,.,.
2021,2,12,39,.,.,.,.,.,.,.,.,.,.,.,.,.
2021,2,12,40,.,.,.,.,.,.,.,.,.,.,.,.,.
2021,2,12,41,.,.,.,.,.,.,.,.,.,.,.,.,.
2021,2,12,42,.,.,.,.,.,.,.,.,.,.,.,.,.
2021,2,12,44,.,.,.,.,.,.,.,.,.,.,.,.,.
2021,2,12,45,.,.,.,.,.,.,.,.,.,.,.,.,.
2021,2,12,46,.,.,.,.,.,.,.,.,.,.,.,.,.
2021,2,12,47,.,.,.,.,.,.,.,.,.,.,.,.,.
2021,2,12,48,.,.,.,.,.,.,.,.,.,.,.,.,.
2021,2,12,49,.,.,.,.,.,.,.,.,.,.,.,.,.
2021,2,12,50,.,.,.,.,.,.,.,.,.,.,.,.,.
2021,2,12,51,.,.,.,.,.,.,.,.,.,.,.,.,.
2021,2,12,53,.,.,.,.,.,.,.,.,.,.,.,.,.
2021,2,12,54,.,.,.,.,.,.,.,.,.,.,.,.,.
2021,2,12,55,.,.,.,.,.,.,.,.,.,.,.,.,.
2021,2,12,56,.,.,.,.,.,.,.,.,.,.,.,.,.
2021,2,19,1,.,.,.,.,.,.,.,.,.,.,.,.,.
2021,2,19,2,.,.,.,.,.,.,.,.,.,.,.,.,.
2021,2,19,4,.,.,.,.,.,.,.,.,.,.,.,.,.
2021,2,19,5,.,.,.,.,.,.,.,.,.,.,.,.,.
2021,2,19,6,.,.,.,.,.,.,.,.,.,.,.,.,.
2021,2,19,8,.,.,.,.,.,.,.,.,.,.,.,.,.
2021,2,19,9,.,.,.,.,.,.,.,.,.,.,.,.,.
2021,2,19,10,.,.,.,.,.,.,.,.,.,.,.,.,.
2021,2,19,11,.,.,.,.,.,.,.,.,.,.,.,.,.
2021,2,19,12,.,.,.,.,.,.,.,.,.,.,.,.,.
2021,2,19,13,.,.,.,.,.,.,.,.,.,.,.,.,.
2021,2,19,15,.,.,.,.,.,.,.,.,.,.,.,.,.
2021,2,19,16,.,.,.,.,.,.,.,.,.,.,.,.,.
2021,2,19,17,.,.,.,.,.,.,.,.,.,.,.,.,.
2021,2,19,18,.,.,.,.,.,.,.,.,.,.,.,.,.
2021,2,19,19,.,.,.,.,.,.,.,.,.,.,.,.,.
2021,2,19,20,.,.,.,.,.,.,.,.,.,.,.,.,.
2021,2,19,21,.,.,.,.,.,.,.,.,.,.,.,.,.
2021,2,19,22,.,.,.,.,.,.,.,.,.,.,.,.,.
2021,2,19,23,.,.,.,.,.,.,.,.,.,.,.,.,.
2021,2,19,24,.,.,.,.,.,.,.,.,.,.,.,.,.
2021,2,19,25,.,.,.,.,.,.,.,.,.,.,.,.,.
2021,2,19,26,.,.,.,.,.,.,.,.,.,.,.,.,.
2021,2,19,27,.,.,.,.,.,.,.,.,.,.,.,.,.
2021,2,19,28,.,.,.,.,.,.,.,.,.,.,.,.,.
2021,2,19,29,.,.,.,.,.,.,.,.,.,.,.,.,.
2021,2,19,30,.,.,.,.,.,.,.,.,.,.,.,.,.
2021,2,19,31,.,.,.,.,.,.,.,.,.,.,.,.,.
2021,2,19,32,.,.,.,.,.,.,.,.,.,.,.,.,.
2021,2,19,33,.,.,.,.,.,.,.,.,.,.,.,.,.
2021,2,19,34,.,.,.,.,.,.,.,.,.,.,.,.,.
2021,2,19,35,.,.,.,.,.,.,.,.,.,.,.,.,.
2021,2,19,36,.,.,.,.,.,.,.,.,.,.,.,.,.
2021,2,19,37,.,.,.,.,.,.,.,.,.,.,.,.,.
2021,2,19,38,.,.,.,.,.,.,.,.,.,.,.,.,.
2021,2,19,39,.,.,.,.,.,.,.,.,.,.,.,.,.
2021,2,19,40,.,.,.,.,.,.,.,.,.,.,.,.,.
2021,2,19,41,.,.,.,.,.,.,.,.,.,.,.,.,.
2021,2,19,42,.,.,.,.,.,.,.,.,.,.,.,.,.
2021,2,19,44,.,.,.,.,.,.,.,.,.,.,.,.,.
2021,2,19,45,.,.,.,.,.,.,.,.,.,.,.,.,.
2021,2,19,46,.,.,.,.,.,.,.,.,.,.,.,.,.
2021,2,19,47,.,.,.,.,.,.,.,.,.,.,.,.,.
2021,2,19,48,.,.,.,.,.,.,.,.,.,.,.,.,.
2021,2,19,49,.,.,.,.,.,.,.,.,.,.,.,.,.
2021,2,19,50,.,.,.,.,.,.,.,.,.,.,.,.,.
2021,2,19,51,.,.,.,.,.,.,.,.,.,.,.,.,.
2021,2,19,53,.,.,.,.,.,.,.,.,.,.,.,.,.
2021,2,19,54,.,.,.,.,.,.,.,.,.,.,.,.,.
2021,2,19,55,.,.,.,.,.,.,.,.,.,.,.,.,.
2021,2,19,56,.,.,.,.,.,.,.,.,.,.,.,.,.
2021,2,26,1,.,.,.,.,.,.,.,.,.,.,.,.,.
2021,2,26,2,.,.,.,.,.,.,.,.,.,.,.,.,.
2021,2,26,4,.,.,.,.,.,.,.,.,.,.,.,.,.
2021,2,26,5,.,.,.,.,.,.,.,.,.,.,.,.,.
2021,2,26,6,.,.,.,.,.,.,.,.,.,.,.,.,.
2021,2,26,8,.,.,.,.,.,.,.,.,.,.,.,.,.
2021,2,26,9,.,.,.,.,.,.,.,.,.,.,.,.,.
2021,2,26,10,.,.,.,.,.,.,.,.,.,.,.,.,.
2021,2,26,11,.,.,.,.,.,.,.,.,.,.,.,.,.
2021,2,26,12,.,.,.,.,.,.,.,.,.,.,.,.,.
2021,2,26,13,.,.,.,.,.,.,.,.,.,.,.,.,.
2021,2,26,15,.,.,.,.,.,.,.,.,.,.,.,.,.
2021,2,26,16,.,.,.,.,.,.,.,.,.,.,.,.,.
2021,2,26,17,.,.,.,.,.,.,.,.,.,.,.,.,.
2021,2,26,18,.,.,.,.,.,.,.,.,.,.,.,.,.
2021,2,26,19,.,.,.,.,.,.,.,.,.,.,.,.,.
2021,2,26,20,.,.,.,.,.,.,.,.,.,.,.,.,.
2021,2,26,21,.,.,.,.,.,.,.,.,.,.,.,.,.
2021,2,26,22,.,.,.,.,.,.,.,.,.,.,.,.,.
2021,2,26,23,.,.,.,.,.,.,.,.,.,.,.,.,.
2021,2,26,24,.,.,.,.,.,.,.,.,.,.,.,.,.
2021,2,26,25,.,.,.,.,.,.,.,.,.,.,.,.,.
2021,2,26,26,.,.,.,.,.,.,.,.,.,.,.,.,.
2021,2,26,27,.,.,.,.,.,.,.,.,.,.,.,.,.
2021,2,26,28,.,.,.,.,.,.,.,.,.,.,.,.,.
2021,2,26,29,.,.,.,.,.,.,.,.,.,.,.,.,.
2021,2,26,30,.,.,.,.,.,.,.,.,.,.,.,.,.
2021,2,26,31,.,.,.,.,.,.,.,.,.,.,.,.,.
2021,2,26,32,.,.,.,.,.,.,.,.,.,.,.,.,.
2021,2,26,33,.,.,.,.,.,.,.,.,.,.,.,.,.
2021,2,26,34,.,.,.,.,.,.,.,.,.,.,.,.,.
2021,2,26,35,.,.,.,.,.,.,.,.,.,.,.,.,.
2021,2,26,36,.,.,.,.,.,.,.,.,.,.,.,.,.
2021,2,26,37,.,.,.,.,.,.,.,.,.,.,.,.,.
2021,2,26,38,.,.,.,.,.,.,.,.,.,.,.,.,.
2021,2,26,39,.,.,.,.,.,.,.,.,.,.,.,.,.
2021,2,26,40,.,.,.,.,.,.,.,.,.,.,.,.,.
2021,2,26,41,.,.,.,.,.,.,.,.,.,.,.,.,.
2021,2,26,42,.,.,.,.,.,.,.,.,.,.,.,.,.
2021,2,26,44,.,.,.,.,.,.,.,.,.,.,.,.,.
2021,2,26,45,.,.,.,.,.,.,.,.,.,.,.,.,.
2021,2,26,46,.,.,.,.,.,.,.,.,.,.,.,.,.
2021,2,26,47,.,.,.,.,.,.,.,.,.,.,.,.,.
2021,2,26,48,.,.,.,.,.,.,.,.,.,.,.,.,.
2021,2,26,49,.,.,.,.,.,.,.,.,.,.,.,.,.
2021,2,26,50,.,.,.,.,.,.,.,.,.,.,.,.,.
2021,2,26,51,.,.,.,.,.,.,.,.,.,.,.,.,.
2021,2,26,53,.,.,.,.,.,.,.,.,.,.,.,.,.
2021,2,26,54,.,.,.,.,.,.,.,.,.,.,.,.,.
2021,2,26,55,.,.,.,.,.,.,.,.,.,.,.,.,.
2021,2,26,56,.,.,.,.,.,.,.,.,.,.,.,.,.
2021,3,5,1,.,.,.,.,.,.,.,.,.,.,.,.,.
2021,3,5,2,.,.,.,.,.,.,.,.,.,.,.,.,.
2021,3,5,4,.,.,.,.,.,.,.,.,.,.,.,.,.
2021,3,5,5,.,.,.,.,.,.,.,.,.,.,.,.,.
2021,3,5,6,.,.,.,.,.,.,.,.,.,.,.,.,.
2021,3,5,8,.,.,.,.,.,.,.,.,.,.,.,.,.
2021,3,5,9,.,.,.,.,.,.,.,.,.,.,.,.,.
2021,3,5,10,.,.,.,.,.,.,.,.,.,.,.,.,.
2021,3,5,11,.,.,.,.,.,.,.,.,.,.,.,.,.
2021,3,5,12,.,.,.,.,.,.,.,.,.,.,.,.,.
2021,3,5,13,.,.,.,.,.,.,.,.,.,.,.,.,.
2021,3,5,15,.,.,.,.,.,.,.,.,.,.,.,.,.
2021,3,5,16,.,.,.,.,.,.,.,.,.,.,.,.,.
2021,3,5,17,.,.,.,.,.,.,.,.,.,.,.,.,.
2021,3,5,18,.,.,.,.,.,.,.,.,.,.,.,.,.
2021,3,5,19,.,.,.,.,.,.,.,.,.,.,.,.,.
2021,3,5,20,.,.,.,.,.,.,.,.,.,.,.,.,.
2021,3,5,21,.,.,.,.,.,.,.,.,.,.,.,.,.
2021,3,5,22,.,.,.,.,.,.,.,.,.,.,.,.,.
2021,3,5,23,.,.,.,.,.,.,.,.,.,.,.,.,.
2021,3,5,24,.,.,.,.,.,.,.,.,.,.,.,.,.
2021,3,5,25,.,.,.,.,.,.,.,.,.,.,.,.,.
2021,3,5,26,.,.,.,.,.,.,.,.,.,.,.,.,.
2021,3,5,27,.,.,.,.,.,.,.,.,.,.,.,.,.
2021,3,5,28,.,.,.,.,.,.,.,.,.,.,.,.,.
2021,3,5,29,.,.,.,.,.,.,.,.,.,.,.,.,.
2021,3,5,30,.,.,.,.,.,.,.,.,.,.,.,.,.
2021,3,5,31,.,.,.,.,.,.,.,.,.,.,.,.,.
2021,3,5,32,.,.,.,.,.,.,.,.,.,.,.,.,.
2021,3,5,33,.,.,.,.,.,.,.,.,.,.,.,.,.
2021,3,5,34,.,.,.,.,.,.,.,.,.,.,.,.,.
2021,3,5,35,.,.,.,.,.,.,.,.,.,.,.,.,.
2021,3,5,36,.,.,.,.,.,.,.,.,.,.,.,.,.
2021,3,5,37,.,.,.,.,.,.,.,.,.,.,.,.,.
2021,3,5,38,.,.,.,.,.,.,.,.,.,.,.,.,.
2021,3,5,39,.,.,.,.,.,.,.,.,.,.,.,.,.
2021,3,5,40,.,.,.,.,.,.,.,.,.,.,.,.,.
2021,3,5,41,.,.,.,.,.,.,.,.,.,.,.,.,.
2021,3,5,42,.,.,.,.,.,.,.,.,.,.,.,.,.
2021,3,5,44,.,.,.,.,.,.,.,.,.,.,.,.,.
2021,3,5,45,.,.,.,.,.,.,.,.,.,.,.,.,.
2021,3,5,46,.,.,.,.,.,.,.,.,.,.,.,.,.
2021,3,5,47,.,.,.,.,.,.,.,.,.,.,.,.,.
2021,3,5,48,.,.,.,.,.,.,.,.,.,.,.,.,.
2021,3,5,49,.,.,.,.,.,.,.,.,.,.,.,.,.
2021,3,5,50,.,.,.,.,.,.,.,.,.,.,.,.,.
2021,3,5,51,.,.,.,.,.,.,.,.,.,.,.,.,.
2021,3,5,53,.,.,.,.,.,.,.,.,.,.,.,.,.
2021,3,5,54,.,.,.,.,.,.,.,.,.,.,.,.,.
2021,3,5,55,.,.,.,.,.,.,.,.,.,.,.,.,.
2021,3,5,56,.,.,.,.,.,.,.,.,.,.,.,.,.
2021,3,12,1,.,.,.,.,.,.,.,.,.,.,.,.,.
2021,3,12,2,.,.,.,.,.,.,.,.,.,.,.,.,.
2021,3,12,4,.,.,.,.,.,.,.,.,.,.,.,.,.
2021,3,12,5,.,.,.,.,.,.,.,.,.,.,.,.,.
2021,3,12,6,.,.,.,.,.,.,.,.,.,.,.,.,.
2021,3,12,8,.,.,.,.,.,.,.,.,.,.,.,.,.
2021,3,12,9,.,.,.,.,.,.,.,.,.,.,.,.,.
2021,3,12,10,.,.,.,.,.,.,.,.,.,.,.,.,.
2021,3,12,11,.,.,.,.,.,.,.,.,.,.,.,.,.
2021,3,12,12,.,.,.,.,.,.,.,.,.,.,.,.,.
2021,3,12,13,.,.,.,.,.,.,.,.,.,.,.,.,.
2021,3,12,15,.,.,.,.,.,.,.,.,.,.,.,.,.
2021,3,12,16,.,.,.,.,.,.,.,.,.,.,.,.,.
2021,3,12,17,.,.,.,.,.,.,.,.,.,.,.,.,.
2021,3,12,18,.,.,.,.,.,.,.,.,.,.,.,.,.
2021,3,12,19,.,.,.,.,.,.,.,.,.,.,.,.,.
2021,3,12,20,.,.,.,.,.,.,.,.,.,.,.,.,.
2021,3,12,21,.,.,.,.,.,.,.,.,.,.,.,.,.
2021,3,12,22,.,.,.,.,.,.,.,.,.,.,.,.,.
2021,3,12,23,.,.,.,.,.,.,.,.,.,.,.,.,.
2021,3,12,24,.,.,.,.,.,.,.,.,.,.,.,.,.
2021,3,12,25,.,.,.,.,.,.,.,.,.,.,.,.,.
2021,3,12,26,.,.,.,.,.,.,.,.,.,.,.,.,.
2021,3,12,27,.,.,.,.,.,.,.,.,.,.,.,.,.
2021,3,12,28,.,.,.,.,.,.,.,.,.,.,.,.,.
2021,3,12,29,.,.,.,.,.,.,.,.,.,.,.,.,.
2021,3,12,30,.,.,.,.,.,.,.,.,.,.,.,.,.
2021,3,12,31,.,.,.,.,.,.,.,.,.,.,.,.,.
2021,3,12,32,.,.,.,.,.,.,.,.,.,.,.,.,.
2021,3,12,33,.,.,.,.,.,.,.,.,.,.,.,.,.
2021,3,12,34,.,.,.,.,.,.,.,.,.,.,.,.,.
2021,3,12,35,.,.,.,.,.,.,.,.,.,.,.,.,.
2021,3,12,36,.,.,.,.,.,.,.,.,.,.,.,.,.
2021,3,12,37,.,.,.,.,.,.,.,.,.,.,.,.,.
2021,3,12,38,.,.,.,.,.,.,.,.,.,.,.,.,.
2021,3,12,39,.,.,.,.,.,.,.,.,.,.,.,.,.
2021,3,12,40,.,.,.,.,.,.,.,.,.,.,.,.,.
2021,3,12,41,.,.,.,.,.,.,.,.,.,.,.,.,.
2021,3,12,42,.,.,.,.,.,.,.,.,.,.,.,.,.
2021,3,12,44,.,.,.,.,.,.,.,.,.,.,.,.,.
2021,3,12,45,.,.,.,.,.,.,.,.,.,.,.,.,.
2021,3,12,46,.,.,.,.,.,.,.,.,.,.,.,.,.
2021,3,12,47,.,.,.,.,.,.,.,.,.,.,.,.,.
2021,3,12,48,.,.,.,.,.,.,.,.,.,.,.,.,.
2021,3,12,49,.,.,.,.,.,.,.,.,.,.,.,.,.
2021,3,12,50,.,.,.,.,.,.,.,.,.,.,.,.,.
2021,3,12,51,.,.,.,.,.,.,.,.,.,.,.,.,.
2021,3,12,53,.,.,.,.,.,.,.,.,.,.,.,.,.
2021,3,12,54,.,.,.,.,.,.,.,.,.,.,.,.,.
2021,3,12,55,.,.,.,.,.,.,.,.,.,.,.,.,.
2021,3,12,56,.,.,.,.,.,.,.,.,.,.,.,.,.
2021,3,19,1,.,.,.,.,.,.,.,.,.,.,.,.,.
2021,3,19,2,.,.,.,.,.,.,.,.,.,.,.,.,.
2021,3,19,4,.,.,.,.,.,.,.,.,.,.,.,.,.
2021,3,19,5,.,.,.,.,.,.,.,.,.,.,.,.,.
2021,3,19,6,.,.,.,.,.,.,.,.,.,.,.,.,.
2021,3,19,8,.,.,.,.,.,.,.,.,.,.,.,.,.
2021,3,19,9,.,.,.,.,.,.,.,.,.,.,.,.,.
2021,3,19,10,.,.,.,.,.,.,.,.,.,.,.,.,.
2021,3,19,11,.,.,.,.,.,.,.,.,.,.,.,.,.
2021,3,19,12,.,.,.,.,.,.,.,.,.,.,.,.,.
2021,3,19,13,.,.,.,.,.,.,.,.,.,.,.,.,.
2021,3,19,15,.,.,.,.,.,.,.,.,.,.,.,.,.
2021,3,19,16,.,.,.,.,.,.,.,.,.,.,.,.,.
2021,3,19,17,.,.,.,.,.,.,.,.,.,.,.,.,.
2021,3,19,18,.,.,.,.,.,.,.,.,.,.,.,.,.
2021,3,19,19,.,.,.,.,.,.,.,.,.,.,.,.,.
2021,3,19,20,.,.,.,.,.,.,.,.,.,.,.,.,.
2021,3,19,21,.,.,.,.,.,.,.,.,.,.,.,.,.
2021,3,19,22,.,.,.,.,.,.,.,.,.,.,.,.,.
2021,3,19,23,.,.,.,.,.,.,.,.,.,.,.,.,.
2021,3,19,24,.,.,.,.,.,.,.,.,.,.,.,.,.
2021,3,19,25,.,.,.,.,.,.,.,.,.,.,.,.,.
2021,3,19,26,.,.,.,.,.,.,.,.,.,.,.,.,.
2021,3,19,27,.,.,.,.,.,.,.,.,.,.,.,.,.
2021,3,19,28,.,.,.,.,.,.,.,.,.,.,.,.,.
2021,3,19,29,.,.,.,.,.,.,.,.,.,.,.,.,.
2021,3,19,30,.,.,.,.,.,.,.,.,.,.,.,.,.
2021,3,19,31,.,.,.,.,.,.,.,.,.,.,.,.,.
2021,3,19,32,.,.,.,.,.,.,.,.,.,.,.,.,.
2021,3,19,33,.,.,.,.,.,.,.,.,.,.,.,.,.
2021,3,19,34,.,.,.,.,.,.,.,.,.,.,.,.,.
2021,3,19,35,.,.,.,.,.,.,.,.,.,.,.,.,.
2021,3,19,36,.,.,.,.,.,.,.,.,.,.,.,.,.
2021,3,19,37,.,.,.,.,.,.,.,.,.,.,.,.,.
2021,3,19,38,.,.,.,.,.,.,.,.,.,.,.,.,.
2021,3,19,39,.,.,.,.,.,.,.,.,.,.,.,.,.
2021,3,19,40,.,.,.,.,.,.,.,.,.,.,.,.,.
2021,3,19,41,.,.,.,.,.,.,.,.,.,.,.,.,.
2021,3,19,42,.,.,.,.,.,.,.,.,.,.,.,.,.
2021,3,19,44,.,.,.,.,.,.,.,.,.,.,.,.,.
2021,3,19,45,.,.,.,.,.,.,.,.,.,.,.,.,.
2021,3,19,46,.,.,.,.,.,.,.,.,.,.,.,.,.
2021,3,19,47,.,.,.,.,.,.,.,.,.,.,.,.,.
2021,3,19,48,.,.,.,.,.,.,.,.,.,.,.,.,.
2021,3,19,49,.,.,.,.,.,.,.,.,.,.,.,.,.
2021,3,19,50,.,.,.,.,.,.,.,.,.,.,.,.,.
2021,3,19,51,.,.,.,.,.,.,.,.,.,.,.,.,.
2021,3,19,53,.,.,.,.,.,.,.,.,.,.,.,.,.
2021,3,19,54,.,.,.,.,.,.,.,.,.,.,.,.,.
2021,3,19,55,.,.,.,.,.,.,.,.,.,.,.,.,.
2021,3,19,56,.,.,.,.,.,.,.,.,.,.,.,.,.
2021,3,26,1,.,.,.,.,.,.,.,.,.,.,.,.,.
2021,3,26,2,.,.,.,.,.,.,.,.,.,.,.,.,.
2021,3,26,4,.,.,.,.,.,.,.,.,.,.,.,.,.
2021,3,26,5,.,.,.,.,.,.,.,.,.,.,.,.,.
2021,3,26,6,.,.,.,.,.,.,.,.,.,.,.,.,.
2021,3,26,8,.,.,.,.,.,.,.,.,.,.,.,.,.
2021,3,26,9,.,.,.,.,.,.,.,.,.,.,.,.,.
2021,3,26,10,.,.,.,.,.,.,.,.,.,.,.,.,.
2021,3,26,11,.,.,.,.,.,.,.,.,.,.,.,.,.
2021,3,26,12,.,.,.,.,.,.,.,.,.,.,.,.,.
2021,3,26,13,.,.,.,.,.,.,.,.,.,.,.,.,.
2021,3,26,15,.,.,.,.,.,.,.,.,.,.,.,.,.
2021,3,26,16,.,.,.,.,.,.,.,.,.,.,.,.,.
2021,3,26,17,.,.,.,.,.,.,.,.,.,.,.,.,.
2021,3,26,18,.,.,.,.,.,.,.,.,.,.,.,.,.
2021,3,26,19,.,.,.,.,.,.,.,.,.,.,.,.,.
2021,3,26,20,.,.,.,.,.,.,.,.,.,.,.,.,.
2021,3,26,21,.,.,.,.,.,.,.,.,.,.,.,.,.
2021,3,26,22,.,.,.,.,.,.,.,.,.,.,.,.,.
2021,3,26,23,.,.,.,.,.,.,.,.,.,.,.,.,.
2021,3,26,24,.,.,.,.,.,.,.,.,.,.,.,.,.
2021,3,26,25,.,.,.,.,.,.,.,.,.,.,.,.,.
2021,3,26,26,.,.,.,.,.,.,.,.,.,.,.,.,.
2021,3,26,27,.,.,.,.,.,.,.,.,.,.,.,.,.
2021,3,26,28,.,.,.,.,.,.,.,.,.,.,.,.,.
2021,3,26,29,.,.,.,.,.,.,.,.,.,.,.,.,.
2021,3,26,30,.,.,.,.,.,.,.,.,.,.,.,.,.
2021,3,26,31,.,.,.,.,.,.,.,.,.,.,.,.,.
2021,3,26,32,.,.,.,.,.,.,.,.,.,.,.,.,.
2021,3,26,33,.,.,.,.,.,.,.,.,.,.,.,.,.
2021,3,26,34,.,.,.,.,.,.,.,.,.,.,.,.,.
2021,3,26,35,.,.,.,.,.,.,.,.,.,.,.,.,.
2021,3,26,36,.,.,.,.,.,.,.,.,.,.,.,.,.
2021,3,26,37,.,.,.,.,.,.,.,.,.,.,.,.,.
2021,3,26,38,.,.,.,.,.,.,.,.,.,.,.,.,.
2021,3,26,39,.,.,.,.,.,.,.,.,.,.,.,.,.
2021,3,26,40,.,.,.,.,.,.,.,.,.,.,.,.,.
2021,3,26,41,.,.,.,.,.,.,.,.,.,.,.,.,.
2021,3,26,42,.,.,.,.,.,.,.,.,.,.,.,.,.
2021,3,26,44,.,.,.,.,.,.,.,.,.,.,.,.,.
2021,3,26,45,.,.,.,.,.,.,.,.,.,.,.,.,.
2021,3,26,46,.,.,.,.,.,.,.,.,.,.,.,.,.
2021,3,26,47,.,.,.,.,.,.,.,.,.,.,.,.,.
2021,3,26,48,.,.,.,.,.,.,.,.,.,.,.,.,.
2021,3,26,49,.,.,.,.,.,.,.,.,.,.,.,.,.
2021,3,26,50,.,.,.,.,.,.,.,.,.,.,.,.,.
2021,3,26,51,.,.,.,.,.,.,.,.,.,.,.,.,.
2021,3,26,53,.,.,.,.,.,.,.,.,.,.,.,.,.
2021,3,26,54,.,.,.,.,.,.,.,.,.,.,.,.,.
2021,3,26,55,.,.,.,.,.,.,.,.,.,.,.,.,.
2021,3,26,56,.,.,.,.,.,.,.,.,.,.,.,.,.
2021,4,2,1,.,.,.,.,.,.,.,.,.,.,.,.,.
2021,4,2,2,.,.,.,.,.,.,.,.,.,.,.,.,.
2021,4,2,4,.,.,.,.,.,.,.,.,.,.,.,.,.
2021,4,2,5,.,.,.,.,.,.,.,.,.,.,.,.,.
2021,4,2,6,.,.,.,.,.,.,.,.,.,.,.,.,.
2021,4,2,8,.,.,.,.,.,.,.,.,.,.,.,.,.
2021,4,2,9,.,.,.,.,.,.,.,.,.,.,.,.,.
2021,4,2,10,.,.,.,.,.,.,.,.,.,.,.,.,.
2021,4,2,11,.,.,.,.,.,.,.,.,.,.,.,.,.
2021,4,2,12,.,.,.,.,.,.,.,.,.,.,.,.,.
2021,4,2,13,.,.,.,.,.,.,.,.,.,.,.,.,.
2021,4,2,15,.,.,.,.,.,.,.,.,.,.,.,.,.
2021,4,2,16,.,.,.,.,.,.,.,.,.,.,.,.,.
2021,4,2,17,.,.,.,.,.,.,.,.,.,.,.,.,.
2021,4,2,18,.,.,.,.,.,.,.,.,.,.,.,.,.
2021,4,2,19,.,.,.,.,.,.,.,.,.,.,.,.,.
2021,4,2,20,.,.,.,.,.,.,.,.,.,.,.,.,.
2021,4,2,21,.,.,.,.,.,.,.,.,.,.,.,.,.
2021,4,2,22,.,.,.,.,.,.,.,.,.,.,.,.,.
2021,4,2,23,.,.,.,.,.,.,.,.,.,.,.,.,.
2021,4,2,24,.,.,.,.,.,.,.,.,.,.,.,.,.
2021,4,2,25,.,.,.,.,.,.,.,.,.,.,.,.,.
2021,4,2,26,.,.,.,.,.,.,.,.,.,.,.,.,.
2021,4,2,27,.,.,.,.,.,.,.,.,.,.,.,.,.
2021,4,2,28,.,.,.,.,.,.,.,.,.,.,.,.,.
2021,4,2,29,.,.,.,.,.,.,.,.,.,.,.,.,.
2021,4,2,30,.,.,.,.,.,.,.,.,.,.,.,.,.
2021,4,2,31,.,.,.,.,.,.,.,.,.,.,.,.,.
2021,4,2,32,.,.,.,.,.,.,.,.,.,.,.,.,.
2021,4,2,33,.,.,.,.,.,.,.,.,.,.,.,.,.
2021,4,2,34,.,.,.,.,.,.,.,.,.,.,.,.,.
2021,4,2,35,.,.,.,.,.,.,.,.,.,.,.,.,.
2021,4,2,36,.,.,.,.,.,.,.,.,.,.,.,.,.
2021,4,2,37,.,.,.,.,.,.,.,.,.,.,.,.,.
2021,4,2,38,.,.,.,.,.,.,.,.,.,.,.,.,.
2021,4,2,39,.,.,.,.,.,.,.,.,.,.,.,.,.
2021,4,2,40,.,.,.,.,.,.,.,.,.,.,.,.,.
2021,4,2,41,.,.,.,.,.,.,.,.,.,.,.,.,.
2021,4,2,42,.,.,.,.,.,.,.,.,.,.,.,.,.
2021,4,2,44,.,.,.,.,.,.,.,.,.,.,.,.,.
2021,4,2,45,.,.,.,.,.,.,.,.,.,.,.,.,.
2021,4,2,46,.,.,.,.,.,.,.,.,.,.,.,.,.
2021,4,2,47,.,.,.,.,.,.,.,.,.,.,.,.,.
2021,4,2,48,.,.,.,.,.,.,.,.,.,.,.,.,.
2021,4,2,49,.,.,.,.,.,.,.,.,.,.,.,.,.
2021,4,2,50,.,.,.,.,.,.,.,.,.,.,.,.,.
2021,4,2,51,.,.,.,.,.,.,.,.,.,.,.,.,.
2021,4,2,53,.,.,.,.,.,.,.,.,.,.,.,.,.
2021,4,2,54,.,.,.,.,.,.,.,.,.,.,.,.,.
2021,4,2,55,.,.,.,.,.,.,.,.,.,.,.,.,.
2021,4,2,56,.,.,.,.,.,.,.,.,.,.,.,.,.
2021,4,9,1,.,.,.,.,.,.,.,.,.,.,.,.,.
2021,4,9,2,.,.,.,.,.,.,.,.,.,.,.,.,.
2021,4,9,4,.,.,.,.,.,.,.,.,.,.,.,.,.
2021,4,9,5,.,.,.,.,.,.,.,.,.,.,.,.,.
2021,4,9,6,.,.,.,.,.,.,.,.,.,.,.,.,.
2021,4,9,8,.,.,.,.,.,.,.,.,.,.,.,.,.
2021,4,9,9,.,.,.,.,.,.,.,.,.,.,.,.,.
2021,4,9,10,.,.,.,.,.,.,.,.,.,.,.,.,.
2021,4,9,11,.,.,.,.,.,.,.,.,.,.,.,.,.
2021,4,9,12,.,.,.,.,.,.,.,.,.,.,.,.,.
2021,4,9,13,.,.,.,.,.,.,.,.,.,.,.,.,.
2021,4,9,15,.,.,.,.,.,.,.,.,.,.,.,.,.
2021,4,9,16,.,.,.,.,.,.,.,.,.,.,.,.,.
2021,4,9,17,.,.,.,.,.,.,.,.,.,.,.,.,.
2021,4,9,18,.,.,.,.,.,.,.,.,.,.,.,.,.
2021,4,9,19,.,.,.,.,.,.,.,.,.,.,.,.,.
2021,4,9,20,.,.,.,.,.,.,.,.,.,.,.,.,.
2021,4,9,21,.,.,.,.,.,.,.,.,.,.,.,.,.
2021,4,9,22,.,.,.,.,.,.,.,.,.,.,.,.,.
2021,4,9,23,.,.,.,.,.,.,.,.,.,.,.,.,.
2021,4,9,24,.,.,.,.,.,.,.,.,.,.,.,.,.
2021,4,9,25,.,.,.,.,.,.,.,.,.,.,.,.,.
2021,4,9,26,.,.,.,.,.,.,.,.,.,.,.,.,.
2021,4,9,27,.,.,.,.,.,.,.,.,.,.,.,.,.
2021,4,9,28,.,.,.,.,.,.,.,.,.,.,.,.,.
2021,4,9,29,.,.,.,.,.,.,.,.,.,.,.,.,.
2021,4,9,30,.,.,.,.,.,.,.,.,.,.,.,.,.
2021,4,9,31,.,.,.,.,.,.,.,.,.,.,.,.,.
2021,4,9,32,.,.,.,.,.,.,.,.,.,.,.,.,.
2021,4,9,33,.,.,.,.,.,.,.,.,.,.,.,.,.
2021,4,9,34,.,.,.,.,.,.,.,.,.,.,.,.,.
2021,4,9,35,.,.,.,.,.,.,.,.,.,.,.,.,.
2021,4,9,36,.,.,.,.,.,.,.,.,.,.,.,.,.
2021,4,9,37,.,.,.,.,.,.,.,.,.,.,.,.,.
2021,4,9,38,.,.,.,.,.,.,.,.,.,.,.,.,.
2021,4,9,39,.,.,.,.,.,.,.,.,.,.,.,.,.
2021,4,9,40,.,.,.,.,.,.,.,.,.,.,.,.,.
2021,4,9,41,.,.,.,.,.,.,.,.,.,.,.,.,.
2021,4,9,42,.,.,.,.,.,.,.,.,.,.,.,.,.
2021,4,9,44,.,.,.,.,.,.,.,.,.,.,.,.,.
2021,4,9,45,.,.,.,.,.,.,.,.,.,.,.,.,.
2021,4,9,46,.,.,.,.,.,.,.,.,.,.,.,.,.
2021,4,9,47,.,.,.,.,.,.,.,.,.,.,.,.,.
2021,4,9,48,.,.,.,.,.,.,.,.,.,.,.,.,.
2021,4,9,49,.,.,.,.,.,.,.,.,.,.,.,.,.
2021,4,9,50,.,.,.,.,.,.,.,.,.,.,.,.,.
2021,4,9,51,.,.,.,.,.,.,.,.,.,.,.,.,.
2021,4,9,53,.,.,.,.,.,.,.,.,.,.,.,.,.
2021,4,9,54,.,.,.,.,.,.,.,.,.,.,.,.,.
2021,4,9,55,.,.,.,.,.,.,.,.,.,.,.,.,.
2021,4,9,56,.,.,.,.,.,.,.,.,.,.,.,.,.
2021,4,16,1,.,.,.,.,.,.,.,.,.,.,.,.,.
2021,4,16,2,.,.,.,.,.,.,.,.,.,.,.,.,.
2021,4,16,4,.,.,.,.,.,.,.,.,.,.,.,.,.
2021,4,16,5,.,.,.,.,.,.,.,.,.,.,.,.,.
2021,4,16,6,.,.,.,.,.,.,.,.,.,.,.,.,.
2021,4,16,8,.,.,.,.,.,.,.,.,.,.,.,.,.
2021,4,16,9,.,.,.,.,.,.,.,.,.,.,.,.,.
2021,4,16,10,.,.,.,.,.,.,.,.,.,.,.,.,.
2021,4,16,11,.,.,.,.,.,.,.,.,.,.,.,.,.
2021,4,16,12,.,.,.,.,.,.,.,.,.,.,.,.,.
2021,4,16,13,.,.,.,.,.,.,.,.,.,.,.,.,.
2021,4,16,15,.,.,.,.,.,.,.,.,.,.,.,.,.
2021,4,16,16,.,.,.,.,.,.,.,.,.,.,.,.,.
2021,4,16,17,.,.,.,.,.,.,.,.,.,.,.,.,.
2021,4,16,18,.,.,.,.,.,.,.,.,.,.,.,.,.
2021,4,16,19,.,.,.,.,.,.,.,.,.,.,.,.,.
2021,4,16,20,.,.,.,.,.,.,.,.,.,.,.,.,.
2021,4,16,21,.,.,.,.,.,.,.,.,.,.,.,.,.
2021,4,16,22,.,.,.,.,.,.,.,.,.,.,.,.,.
2021,4,16,23,.,.,.,.,.,.,.,.,.,.,.,.,.
2021,4,16,24,.,.,.,.,.,.,.,.,.,.,.,.,.
2021,4,16,25,.,.,.,.,.,.,.,.,.,.,.,.,.
2021,4,16,26,.,.,.,.,.,.,.,.,.,.,.,.,.
2021,4,16,27,.,.,.,.,.,.,.,.,.,.,.,.,.
2021,4,16,28,.,.,.,.,.,.,.,.,.,.,.,.,.
2021,4,16,29,.,.,.,.,.,.,.,.,.,.,.,.,.
2021,4,16,30,.,.,.,.,.,.,.,.,.,.,.,.,.
2021,4,16,31,.,.,.,.,.,.,.,.,.,.,.,.,.
2021,4,16,32,.,.,.,.,.,.,.,.,.,.,.,.,.
2021,4,16,33,.,.,.,.,.,.,.,.,.,.,.,.,.
2021,4,16,34,.,.,.,.,.,.,.,.,.,.,.,.,.
2021,4,16,35,.,.,.,.,.,.,.,.,.,.,.,.,.
2021,4,16,36,.,.,.,.,.,.,.,.,.,.,.,.,.
2021,4,16,37,.,.,.,.,.,.,.,.,.,.,.,.,.
2021,4,16,38,.,.,.,.,.,.,.,.,.,.,.,.,.
2021,4,16,39,.,.,.,.,.,.,.,.,.,.,.,.,.
2021,4,16,40,.,.,.,.,.,.,.,.,.,.,.,.,.
2021,4,16,41,.,.,.,.,.,.,.,.,.,.,.,.,.
2021,4,16,42,.,.,.,.,.,.,.,.,.,.,.,.,.
2021,4,16,44,.,.,.,.,.,.,.,.,.,.,.,.,.
2021,4,16,45,.,.,.,.,.,.,.,.,.,.,.,.,.
2021,4,16,46,.,.,.,.,.,.,.,.,.,.,.,.,.
2021,4,16,47,.,.,.,.,.,.,.,.,.,.,.,.,.
2021,4,16,48,.,.,.,.,.,.,.,.,.,.,.,.,.
2021,4,16,49,.,.,.,.,.,.,.,.,.,.,.,.,.
2021,4,16,50,.,.,.,.,.,.,.,.,.,.,.,.,.
2021,4,16,51,.,.,.,.,.,.,.,.,.,.,.,.,.
2021,4,16,53,.,.,.,.,.,.,.,.,.,.,.,.,.
2021,4,16,54,.,.,.,.,.,.,.,.,.,.,.,.,.
2021,4,16,55,.,.,.,.,.,.,.,.,.,.,.,.,.
2021,4,16,56,.,.,.,.,.,.,.,.,.,.,.,.,.
2021,4,23,1,.,.,.,.,.,.,.,.,.,.,.,.,.
2021,4,23,2,.,.,.,.,.,.,.,.,.,.,.,.,.
2021,4,23,4,.,.,.,.,.,.,.,.,.,.,.,.,.
2021,4,23,5,.,.,.,.,.,.,.,.,.,.,.,.,.
2021,4,23,6,.,.,.,.,.,.,.,.,.,.,.,.,.
2021,4,23,8,.,.,.,.,.,.,.,.,.,.,.,.,.
2021,4,23,9,.,.,.,.,.,.,.,.,.,.,.,.,.
2021,4,23,10,.,.,.,.,.,.,.,.,.,.,.,.,.
2021,4,23,11,.,.,.,.,.,.,.,.,.,.,.,.,.
2021,4,23,12,.,.,.,.,.,.,.,.,.,.,.,.,.
2021,4,23,13,.,.,.,.,.,.,.,.,.,.,.,.,.
2021,4,23,15,.,.,.,.,.,.,.,.,.,.,.,.,.
2021,4,23,16,.,.,.,.,.,.,.,.,.,.,.,.,.
2021,4,23,17,.,.,.,.,.,.,.,.,.,.,.,.,.
2021,4,23,18,.,.,.,.,.,.,.,.,.,.,.,.,.
2021,4,23,19,.,.,.,.,.,.,.,.,.,.,.,.,.
2021,4,23,20,.,.,.,.,.,.,.,.,.,.,.,.,.
2021,4,23,21,.,.,.,.,.,.,.,.,.,.,.,.,.
2021,4,23,22,.,.,.,.,.,.,.,.,.,.,.,.,.
2021,4,23,23,.,.,.,.,.,.,.,.,.,.,.,.,.
2021,4,23,24,.,.,.,.,.,.,.,.,.,.,.,.,.
2021,4,23,25,.,.,.,.,.,.,.,.,.,.,.,.,.
2021,4,23,26,.,.,.,.,.,.,.,.,.,.,.,.,.
2021,4,23,27,.,.,.,.,.,.,.,.,.,.,.,.,.
2021,4,23,28,.,.,.,.,.,.,.,.,.,.,.,.,.
2021,4,23,29,.,.,.,.,.,.,.,.,.,.,.,.,.
2021,4,23,30,.,.,.,.,.,.,.,.,.,.,.,.,.
2021,4,23,31,.,.,.,.,.,.,.,.,.,.,.,.,.
2021,4,23,32,.,.,.,.,.,.,.,.,.,.,.,.,.
2021,4,23,33,.,.,.,.,.,.,.,.,.,.,.,.,.
2021,4,23,34,.,.,.,.,.,.,.,.,.,.,.,.,.
2021,4,23,35,.,.,.,.,.,.,.,.,.,.,.,.,.
2021,4,23,36,.,.,.,.,.,.,.,.,.,.,.,.,.
2021,4,23,37,.,.,.,.,.,.,.,.,.,.,.,.,.
2021,4,23,38,.,.,.,.,.,.,.,.,.,.,.,.,.
2021,4,23,39,.,.,.,.,.,.,.,.,.,.,.,.,.
2021,4,23,40,.,.,.,.,.,.,.,.,.,.,.,.,.
2021,4,23,41,.,.,.,.,.,.,.,.,.,.,.,.,.
2021,4,23,42,.,.,.,.,.,.,.,.,.,.,.,.,.
2021,4,23,44,.,.,.,.,.,.,.,.,.,.,.,.,.
2021,4,23,45,.,.,.,.,.,.,.,.,.,.,.,.,.
2021,4,23,46,.,.,.,.,.,.,.,.,.,.,.,.,.
2021,4,23,47,.,.,.,.,.,.,.,.,.,.,.,.,.
2021,4,23,48,.,.,.,.,.,.,.,.,.,.,.,.,.
2021,4,23,49,.,.,.,.,.,.,.,.,.,.,.,.,.
2021,4,23,50,.,.,.,.,.,.,.,.,.,.,.,.,.
2021,4,23,51,.,.,.,.,.,.,.,.,.,.,.,.,.
2021,4,23,53,.,.,.,.,.,.,.,.,.,.,.,.,.
2021,4,23,54,.,.,.,.,.,.,.,.,.,.,.,.,.
2021,4,23,55,.,.,.,.,.,.,.,.,.,.,.,.,.
2021,4,23,56,.,.,.,.,.,.,.,.,.,.,.,.,.
2021,4,30,1,.,.,.,.,.,.,.,.,.,.,.,.,.
2021,4,30,2,.,.,.,.,.,.,.,.,.,.,.,.,.
2021,4,30,4,.,.,.,.,.,.,.,.,.,.,.,.,.
2021,4,30,5,.,.,.,.,.,.,.,.,.,.,.,.,.
2021,4,30,6,.,.,.,.,.,.,.,.,.,.,.,.,.
2021,4,30,8,.,.,.,.,.,.,.,.,.,.,.,.,.
2021,4,30,9,.,.,.,.,.,.,.,.,.,.,.,.,.
2021,4,30,10,.,.,.,.,.,.,.,.,.,.,.,.,.
2021,4,30,11,.,.,.,.,.,.,.,.,.,.,.,.,.
2021,4,30,12,.,.,.,.,.,.,.,.,.,.,.,.,.
2021,4,30,13,.,.,.,.,.,.,.,.,.,.,.,.,.
2021,4,30,15,.,.,.,.,.,.,.,.,.,.,.,.,.
2021,4,30,16,.,.,.,.,.,.,.,.,.,.,.,.,.
2021,4,30,17,.,.,.,.,.,.,.,.,.,.,.,.,.
2021,4,30,18,.,.,.,.,.,.,.,.,.,.,.,.,.
2021,4,30,19,.,.,.,.,.,.,.,.,.,.,.,.,.
2021,4,30,20,.,.,.,.,.,.,.,.,.,.,.,.,.
2021,4,30,21,.,.,.,.,.,.,.,.,.,.,.,.,.
2021,4,30,22,.,.,.,.,.,.,.,.,.,.,.,.,.
2021,4,30,23,.,.,.,.,.,.,.,.,.,.,.,.,.
2021,4,30,24,.,.,.,.,.,.,.,.,.,.,.,.,.
2021,4,30,25,.,.,.,.,.,.,.,.,.,.,.,.,.
2021,4,30,26,.,.,.,.,.,.,.,.,.,.,.,.,.
2021,4,30,27,.,.,.,.,.,.,.,.,.,.,.,.,.
2021,4,30,28,.,.,.,.,.,.,.,.,.,.,.,.,.
2021,4,30,29,.,.,.,.,.,.,.,.,.,.,.,.,.
2021,4,30,30,.,.,.,.,.,.,.,.,.,.,.,.,.
2021,4,30,31,.,.,.,.,.,.,.,.,.,.,.,.,.
2021,4,30,32,.,.,.,.,.,.,.,.,.,.,.,.,.
2021,4,30,33,.,.,.,.,.,.,.,.,.,.,.,.,.
2021,4,30,34,.,.,.,.,.,.,.,.,.,.,.,.,.
2021,4,30,35,.,.,.,.,.,.,.,.,.,.,.,.,.
2021,4,30,36,.,.,.,.,.,.,.,.,.,.,.,.,.
2021,4,30,37,.,.,.,.,.,.,.,.,.,.,.,.,.
2021,4,30,38,.,.,.,.,.,.,.,.,.,.,.,.,.
2021,4,30,39,.,.,.,.,.,.,.,.,.,.,.,.,.
2021,4,30,40,.,.,.,.,.,.,.,.,.,.,.,.,.
2021,4,30,41,.,.,.,.,.,.,.,.,.,.,.,.,.
2021,4,30,42,.,.,.,.,.,.,.,.,.,.,.,.,.
2021,4,30,44,.,.,.,.,.,.,.,.,.,.,.,.,.
2021,4,30,45,.,.,.,.,.,.,.,.,.,.,.,.,.
2021,4,30,46,.,.,.,.,.,.,.,.,.,.,.,.,.
2021,4,30,47,.,.,.,.,.,.,.,.,.,.,.,.,.
2021,4,30,48,.,.,.,.,.,.,.,.,.,.,.,.,.
2021,4,30,49,.,.,.,.,.,.,.,.,.,.,.,.,.
2021,4,30,50,.,.,.,.,.,.,.,.,.,.,.,.,.
2021,4,30,51,.,.,.,.,.,.,.,.,.,.,.,.,.
2021,4,30,53,.,.,.,.,.,.,.,.,.,.,.,.,.
2021,4,30,54,.,.,.,.,.,.,.,.,.,.,.,.,.
2021,4,30,55,.,.,.,.,.,.,.,.,.,.,.,.,.
2021,4,30,56,.,.,.,.,.,.,.,.,.,.,.,.,.
2021,5,7,1,.,.,.,.,.,.,.,.,.,.,.,.,.
2021,5,7,2,.,.,.,.,.,.,.,.,.,.,.,.,.
2021,5,7,4,.,.,.,.,.,.,.,.,.,.,.,.,.
2021,5,7,5,.,.,.,.,.,.,.,.,.,.,.,.,.
2021,5,7,6,.,.,.,.,.,.,.,.,.,.,.,.,.
2021,5,7,8,.,.,.,.,.,.,.,.,.,.,.,.,.
2021,5,7,9,.,.,.,.,.,.,.,.,.,.,.,.,.
2021,5,7,10,.,.,.,.,.,.,.,.,.,.,.,.,.
2021,5,7,11,.,.,.,.,.,.,.,.,.,.,.,.,.
2021,5,7,12,.,.,.,.,.,.,.,.,.,.,.,.,.
2021,5,7,13,.,.,.,.,.,.,.,.,.,.,.,.,.
2021,5,7,15,.,.,.,.,.,.,.,.,.,.,.,.,.
2021,5,7,16,.,.,.,.,.,.,.,.,.,.,.,.,.
2021,5,7,17,.,.,.,.,.,.,.,.,.,.,.,.,.
2021,5,7,18,.,.,.,.,.,.,.,.,.,.,.,.,.
2021,5,7,19,.,.,.,.,.,.,.,.,.,.,.,.,.
2021,5,7,20,.,.,.,.,.,.,.,.,.,.,.,.,.
2021,5,7,21,.,.,.,.,.,.,.,.,.,.,.,.,.
2021,5,7,22,.,.,.,.,.,.,.,.,.,.,.,.,.
2021,5,7,23,.,.,.,.,.,.,.,.,.,.,.,.,.
2021,5,7,24,.,.,.,.,.,.,.,.,.,.,.,.,.
2021,5,7,25,.,.,.,.,.,.,.,.,.,.,.,.,.
2021,5,7,26,.,.,.,.,.,.,.,.,.,.,.,.,.
2021,5,7,27,.,.,.,.,.,.,.,.,.,.,.,.,.
2021,5,7,28,.,.,.,.,.,.,.,.,.,.,.,.,.
2021,5,7,29,.,.,.,.,.,.,.,.,.,.,.,.,.
2021,5,7,30,.,.,.,.,.,.,.,.,.,.,.,.,.
2021,5,7,31,.,.,.,.,.,.,.,.,.,.,.,.,.
2021,5,7,32,.,.,.,.,.,.,.,.,.,.,.,.,.
2021,5,7,33,.,.,.,.,.,.,.,.,.,.,.,.,.
2021,5,7,34,.,.,.,.,.,.,.,.,.,.,.,.,.
2021,5,7,35,.,.,.,.,.,.,.,.,.,.,.,.,.
2021,5,7,36,.,.,.,.,.,.,.,.,.,.,.,.,.
2021,5,7,37,.,.,.,.,.,.,.,.,.,.,.,.,.
2021,5,7,38,.,.,.,.,.,.,.,.,.,.,.,.,.
2021,5,7,39,.,.,.,.,.,.,.,.,.,.,.,.,.
2021,5,7,40,.,.,.,.,.,.,.,.,.,.,.,.,.
2021,5,7,41,.,.,.,.,.,.,.,.,.,.,.,.,.
2021,5,7,42,.,.,.,.,.,.,.,.,.,.,.,.,.
2021,5,7,44,.,.,.,.,.,.,.,.,.,.,.,.,.
2021,5,7,45,.,.,.,.,.,.,.,.,.,.,.,.,.
2021,5,7,46,.,.,.,.,.,.,.,.,.,.,.,.,.
2021,5,7,47,.,.,.,.,.,.,.,.,.,.,.,.,.
2021,5,7,48,.,.,.,.,.,.,.,.,.,.,.,.,.
2021,5,7,49,.,.,.,.,.,.,.,.,.,.,.,.,.
2021,5,7,50,.,.,.,.,.,.,.,.,.,.,.,.,.
2021,5,7,51,.,.,.,.,.,.,.,.,.,.,.,.,.
2021,5,7,53,.,.,.,.,.,.,.,.,.,.,.,.,.
2021,5,7,54,.,.,.,.,.,.,.,.,.,.,.,.,.
2021,5,7,55,.,.,.,.,.,.,.,.,.,.,.,.,.
2021,5,7,56,.,.,.,.,.,.,.,.,.,.,.,.,.
2021,5,14,1,.,.,.,.,.,.,.,.,.,.,.,.,.
2021,5,14,2,.,.,.,.,.,.,.,.,.,.,.,.,.
2021,5,14,4,.,.,.,.,.,.,.,.,.,.,.,.,.
2021,5,14,5,.,.,.,.,.,.,.,.,.,.,.,.,.
2021,5,14,6,.,.,.,.,.,.,.,.,.,.,.,.,.
2021,5,14,8,.,.,.,.,.,.,.,.,.,.,.,.,.
2021,5,14,9,.,.,.,.,.,.,.,.,.,.,.,.,.
2021,5,14,10,.,.,.,.,.,.,.,.,.,.,.,.,.
2021,5,14,11,.,.,.,.,.,.,.,.,.,.,.,.,.
2021,5,14,12,.,.,.,.,.,.,.,.,.,.,.,.,.
2021,5,14,13,.,.,.,.,.,.,.,.,.,.,.,.,.
2021,5,14,15,.,.,.,.,.,.,.,.,.,.,.,.,.
2021,5,14,16,.,.,.,.,.,.,.,.,.,.,.,.,.
2021,5,14,17,.,.,.,.,.,.,.,.,.,.,.,.,.
2021,5,14,18,.,.,.,.,.,.,.,.,.,.,.,.,.
2021,5,14,19,.,.,.,.,.,.,.,.,.,.,.,.,.
2021,5,14,20,.,.,.,.,.,.,.,.,.,.,.,.,.
2021,5,14,21,.,.,.,.,.,.,.,.,.,.,.,.,.
2021,5,14,22,.,.,.,.,.,.,.,.,.,.,.,.,.
2021,5,14,23,.,.,.,.,.,.,.,.,.,.,.,.,.
2021,5,14,24,.,.,.,.,.,.,.,.,.,.,.,.,.
2021,5,14,25,.,.,.,.,.,.,.,.,.,.,.,.,.
2021,5,14,26,.,.,.,.,.,.,.,.,.,.,.,.,.
2021,5,14,27,.,.,.,.,.,.,.,.,.,.,.,.,.
2021,5,14,28,.,.,.,.,.,.,.,.,.,.,.,.,.
2021,5,14,29,.,.,.,.,.,.,.,.,.,.,.,.,.
2021,5,14,30,.,.,.,.,.,.,.,.,.,.,.,.,.
2021,5,14,31,.,.,.,.,.,.,.,.,.,.,.,.,.
2021,5,14,32,.,.,.,.,.,.,.,.,.,.,.,.,.
2021,5,14,33,.,.,.,.,.,.,.,.,.,.,.,.,.
2021,5,14,34,.,.,.,.,.,.,.,.,.,.,.,.,.
2021,5,14,35,.,.,.,.,.,.,.,.,.,.,.,.,.
2021,5,14,36,.,.,.,.,.,.,.,.,.,.,.,.,.
2021,5,14,37,.,.,.,.,.,.,.,.,.,.,.,.,.
2021,5,14,38,.,.,.,.,.,.,.,.,.,.,.,.,.
2021,5,14,39,.,.,.,.,.,.,.,.,.,.,.,.,.
2021,5,14,40,.,.,.,.,.,.,.,.,.,.,.,.,.
2021,5,14,41,.,.,.,.,.,.,.,.,.,.,.,.,.
2021,5,14,42,.,.,.,.,.,.,.,.,.,.,.,.,.
2021,5,14,44,.,.,.,.,.,.,.,.,.,.,.,.,.
2021,5,14,45,.,.,.,.,.,.,.,.,.,.,.,.,.
2021,5,14,46,.,.,.,.,.,.,.,.,.,.,.,.,.
2021,5,14,47,.,.,.,.,.,.,.,.,.,.,.,.,.
2021,5,14,48,.,.,.,.,.,.,.,.,.,.,.,.,.
2021,5,14,49,.,.,.,.,.,.,.,.,.,.,.,.,.
2021,5,14,50,.,.,.,.,.,.,.,.,.,.,.,.,.
2021,5,14,51,.,.,.,.,.,.,.,.,.,.,.,.,.
2021,5,14,53,.,.,.,.,.,.,.,.,.,.,.,.,.
2021,5,14,54,.,.,.,.,.,.,.,.,.,.,.,.,.
2021,5,14,55,.,.,.,.,.,.,.,.,.,.,.,.,.
2021,5,14,56,.,.,.,.,.,.,.,.,.,.,.,.,.
2021,5,21,1,.,.,.,.,.,.,.,.,.,.,.,.,.
2021,5,21,2,.,.,.,.,.,.,.,.,.,.,.,.,.
2021,5,21,4,.,.,.,.,.,.,.,.,.,.,.,.,.
2021,5,21,5,.,.,.,.,.,.,.,.,.,.,.,.,.
2021,5,21,6,.,.,.,.,.,.,.,.,.,.,.,.,.
2021,5,21,8,.,.,.,.,.,.,.,.,.,.,.,.,.
2021,5,21,9,.,.,.,.,.,.,.,.,.,.,.,.,.
2021,5,21,10,.,.,.,.,.,.,.,.,.,.,.,.,.
2021,5,21,11,.,.,.,.,.,.,.,.,.,.,.,.,.
2021,5,21,12,.,.,.,.,.,.,.,.,.,.,.,.,.
2021,5,21,13,.,.,.,.,.,.,.,.,.,.,.,.,.
2021,5,21,15,.,.,.,.,.,.,.,.,.,.,.,.,.
2021,5,21,16,.,.,.,.,.,.,.,.,.,.,.,.,.
2021,5,21,17,.,.,.,.,.,.,.,.,.,.,.,.,.
2021,5,21,18,.,.,.,.,.,.,.,.,.,.,.,.,.
2021,5,21,19,.,.,.,.,.,.,.,.,.,.,.,.,.
2021,5,21,20,.,.,.,.,.,.,.,.,.,.,.,.,.
2021,5,21,21,.,.,.,.,.,.,.,.,.,.,.,.,.
2021,5,21,22,.,.,.,.,.,.,.,.,.,.,.,.,.
2021,5,21,23,.,.,.,.,.,.,.,.,.,.,.,.,.
2021,5,21,24,.,.,.,.,.,.,.,.,.,.,.,.,.
2021,5,21,25,.,.,.,.,.,.,.,.,.,.,.,.,.
2021,5,21,26,.,.,.,.,.,.,.,.,.,.,.,.,.
2021,5,21,27,.,.,.,.,.,.,.,.,.,.,.,.,.
2021,5,21,28,.,.,.,.,.,.,.,.,.,.,.,.,.
2021,5,21,29,.,.,.,.,.,.,.,.,.,.,.,.,.
2021,5,21,30,.,.,.,.,.,.,.,.,.,.,.,.,.
2021,5,21,31,.,.,.,.,.,.,.,.,.,.,.,.,.
2021,5,21,32,.,.,.,.,.,.,.,.,.,.,.,.,.
2021,5,21,33,.,.,.,.,.,.,.,.,.,.,.,.,.
2021,5,21,34,.,.,.,.,.,.,.,.,.,.,.,.,.
2021,5,21,35,.,.,.,.,.,.,.,.,.,.,.,.,.
2021,5,21,36,.,.,.,.,.,.,.,.,.,.,.,.,.
2021,5,21,37,.,.,.,.,.,.,.,.,.,.,.,.,.
2021,5,21,38,.,.,.,.,.,.,.,.,.,.,.,.,.
2021,5,21,39,.,.,.,.,.,.,.,.,.,.,.,.,.
2021,5,21,40,.,.,.,.,.,.,.,.,.,.,.,.,.
2021,5,21,41,.,.,.,.,.,.,.,.,.,.,.,.,.
2021,5,21,42,.,.,.,.,.,.,.,.,.,.,.,.,.
2021,5,21,44,.,.,.,.,.,.,.,.,.,.,.,.,.
2021,5,21,45,.,.,.,.,.,.,.,.,.,.,.,.,.
2021,5,21,46,.,.,.,.,.,.,.,.,.,.,.,.,.
2021,5,21,47,.,.,.,.,.,.,.,.,.,.,.,.,.
2021,5,21,48,.,.,.,.,.,.,.,.,.,.,.,.,.
2021,5,21,49,.,.,.,.,.,.,.,.,.,.,.,.,.
2021,5,21,50,.,.,.,.,.,.,.,.,.,.,.,.,.
2021,5,21,51,.,.,.,.,.,.,.,.,.,.,.,.,.
2021,5,21,53,.,.,.,.,.,.,.,.,.,.,.,.,.
2021,5,21,54,.,.,.,.,.,.,.,.,.,.,.,.,.
2021,5,21,55,.,.,.,.,.,.,.,.,.,.,.,.,.
2021,5,21,56,.,.,.,.,.,.,.,.,.,.,.,.,.
2021,5,28,1,.,.,.,.,.,.,.,.,.,.,.,.,.
2021,5,28,2,.,.,.,.,.,.,.,.,.,.,.,.,.
2021,5,28,4,.,.,.,.,.,.,.,.,.,.,.,.,.
2021,5,28,5,.,.,.,.,.,.,.,.,.,.,.,.,.
2021,5,28,6,.,.,.,.,.,.,.,.,.,.,.,.,.
2021,5,28,8,.,.,.,.,.,.,.,.,.,.,.,.,.
2021,5,28,9,.,.,.,.,.,.,.,.,.,.,.,.,.
2021,5,28,10,.,.,.,.,.,.,.,.,.,.,.,.,.
2021,5,28,11,.,.,.,.,.,.,.,.,.,.,.,.,.
2021,5,28,12,.,.,.,.,.,.,.,.,.,.,.,.,.
2021,5,28,13,.,.,.,.,.,.,.,.,.,.,.,.,.
2021,5,28,15,.,.,.,.,.,.,.,.,.,.,.,.,.
2021,5,28,16,.,.,.,.,.,.,.,.,.,.,.,.,.
2021,5,28,17,.,.,.,.,.,.,.,.,.,.,.,.,.
2021,5,28,18,.,.,.,.,.,.,.,.,.,.,.,.,.
2021,5,28,19,.,.,.,.,.,.,.,.,.,.,.,.,.
2021,5,28,20,.,.,.,.,.,.,.,.,.,.,.,.,.
2021,5,28,21,.,.,.,.,.,.,.,.,.,.,.,.,.
2021,5,28,22,.,.,.,.,.,.,.,.,.,.,.,.,.
2021,5,28,23,.,.,.,.,.,.,.,.,.,.,.,.,.
2021,5,28,24,.,.,.,.,.,.,.,.,.,.,.,.,.
2021,5,28,25,.,.,.,.,.,.,.,.,.,.,.,.,.
2021,5,28,26,.,.,.,.,.,.,.,.,.,.,.,.,.
2021,5,28,27,.,.,.,.,.,.,.,.,.,.,.,.,.
2021,5,28,28,.,.,.,.,.,.,.,.,.,.,.,.,.
2021,5,28,29,.,.,.,.,.,.,.,.,.,.,.,.,.
2021,5,28,30,.,.,.,.,.,.,.,.,.,.,.,.,.
2021,5,28,31,.,.,.,.,.,.,.,.,.,.,.,.,.
2021,5,28,32,.,.,.,.,.,.,.,.,.,.,.,.,.
2021,5,28,33,.,.,.,.,.,.,.,.,.,.,.,.,.
2021,5,28,34,.,.,.,.,.,.,.,.,.,.,.,.,.
2021,5,28,35,.,.,.,.,.,.,.,.,.,.,.,.,.
2021,5,28,36,.,.,.,.,.,.,.,.,.,.,.,.,.
2021,5,28,37,.,.,.,.,.,.,.,.,.,.,.,.,.
2021,5,28,38,.,.,.,.,.,.,.,.,.,.,.,.,.
2021,5,28,39,.,.,.,.,.,.,.,.,.,.,.,.,.
2021,5,28,40,.,.,.,.,.,.,.,.,.,.,.,.,.
2021,5,28,41,.,.,.,.,.,.,.,.,.,.,.,.,.
2021,5,28,42,.,.,.,.,.,.,.,.,.,.,.,.,.
2021,5,28,44,.,.,.,.,.,.,.,.,.,.,.,.,.
2021,5,28,45,.,.,.,.,.,.,.,.,.,.,.,.,.
2021,5,28,46,.,.,.,.,.,.,.,.,.,.,.,.,.
2021,5,28,47,.,.,.,.,.,.,.,.,.,.,.,.,.
2021,5,28,48,.,.,.,.,.,.,.,.,.,.,.,.,.
2021,5,28,49,.,.,.,.,.,.,.,.,.,.,.,.,.
2021,5,28,50,.,.,.,.,.,.,.,.,.,.,.,.,.
2021,5,28,51,.,.,.,.,.,.,.,.,.,.,.,.,.
2021,5,28,53,.,.,.,.,.,.,.,.,.,.,.,.,.
2021,5,28,54,.,.,.,.,.,.,.,.,.,.,.,.,.
2021,5,28,55,.,.,.,.,.,.,.,.,.,.,.,.,.
2021,5,28,56,.,.,.,.,.,.,.,.,.,.,.,.,.
2021,6,4,1,.,.,.,.,.,.,.,.,.,.,.,.,.
2021,6,4,2,.,.,.,.,.,.,.,.,.,.,.,.,.
2021,6,4,4,.,.,.,.,.,.,.,.,.,.,.,.,.
2021,6,4,5,.,.,.,.,.,.,.,.,.,.,.,.,.
2021,6,4,6,.,.,.,.,.,.,.,.,.,.,.,.,.
2021,6,4,8,.,.,.,.,.,.,.,.,.,.,.,.,.
2021,6,4,9,.,.,.,.,.,.,.,.,.,.,.,.,.
2021,6,4,10,.,.,.,.,.,.,.,.,.,.,.,.,.
2021,6,4,11,.,.,.,.,.,.,.,.,.,.,.,.,.
2021,6,4,12,.,.,.,.,.,.,.,.,.,.,.,.,.
2021,6,4,13,.,.,.,.,.,.,.,.,.,.,.,.,.
2021,6,4,15,.,.,.,.,.,.,.,.,.,.,.,.,.
2021,6,4,16,.,.,.,.,.,.,.,.,.,.,.,.,.
2021,6,4,17,.,.,.,.,.,.,.,.,.,.,.,.,.
2021,6,4,18,.,.,.,.,.,.,.,.,.,.,.,.,.
2021,6,4,19,.,.,.,.,.,.,.,.,.,.,.,.,.
2021,6,4,20,.,.,.,.,.,.,.,.,.,.,.,.,.
2021,6,4,21,.,.,.,.,.,.,.,.,.,.,.,.,.
2021,6,4,22,.,.,.,.,.,.,.,.,.,.,.,.,.
2021,6,4,23,.,.,.,.,.,.,.,.,.,.,.,.,.
2021,6,4,24,.,.,.,.,.,.,.,.,.,.,.,.,.
2021,6,4,25,.,.,.,.,.,.,.,.,.,.,.,.,.
2021,6,4,26,.,.,.,.,.,.,.,.,.,.,.,.,.
2021,6,4,27,.,.,.,.,.,.,.,.,.,.,.,.,.
2021,6,4,28,.,.,.,.,.,.,.,.,.,.,.,.,.
2021,6,4,29,.,.,.,.,.,.,.,.,.,.,.,.,.
2021,6,4,30,.,.,.,.,.,.,.,.,.,.,.,.,.
2021,6,4,31,.,.,.,.,.,.,.,.,.,.,.,.,.
2021,6,4,32,.,.,.,.,.,.,.,.,.,.,.,.,.
2021,6,4,33,.,.,.,.,.,.,.,.,.,.,.,.,.
2021,6,4,34,.,.,.,.,.,.,.,.,.,.,.,.,.
2021,6,4,35,.,.,.,.,.,.,.,.,.,.,.,.,.
2021,6,4,36,.,.,.,.,.,.,.,.,.,.,.,.,.
2021,6,4,37,.,.,.,.,.,.,.,.,.,.,.,.,.
2021,6,4,38,.,.,.,.,.,.,.,.,.,.,.,.,.
2021,6,4,39,.,.,.,.,.,.,.,.,.,.,.,.,.
2021,6,4,40,.,.,.,.,.,.,.,.,.,.,.,.,.
2021,6,4,41,.,.,.,.,.,.,.,.,.,.,.,.,.
2021,6,4,42,.,.,.,.,.,.,.,.,.,.,.,.,.
2021,6,4,44,.,.,.,.,.,.,.,.,.,.,.,.,.
2021,6,4,45,.,.,.,.,.,.,.,.,.,.,.,.,.
2021,6,4,46,.,.,.,.,.,.,.,.,.,.,.,.,.
2021,6,4,47,.,.,.,.,.,.,.,.,.,.,.,.,.
2021,6,4,48,.,.,.,.,.,.,.,.,.,.,.,.,.
2021,6,4,49,.,.,.,.,.,.,.,.,.,.,.,.,.
2021,6,4,50,.,.,.,.,.,.,.,.,.,.,.,.,.
2021,6,4,51,.,.,.,.,.,.,.,.,.,.,.,.,.
2021,6,4,53,.,.,.,.,.,.,.,.,.,.,.,.,.
2021,6,4,54,.,.,.,.,.,.,.,.,.,.,.,.,.
2021,6,4,55,.,.,.,.,.,.,.,.,.,.,.,.,.
2021,6,4,56,.,.,.,.,.,.,.,.,.,.,.,.,.
2021,6,11,1,.,.,.,.,.,.,.,.,.,.,.,.,.
2021,6,11,2,.,.,.,.,.,.,.,.,.,.,.,.,.
2021,6,11,4,.,.,.,.,.,.,.,.,.,.,.,.,.
2021,6,11,5,.,.,.,.,.,.,.,.,.,.,.,.,.
2021,6,11,6,.,.,.,.,.,.,.,.,.,.,.,.,.
2021,6,11,8,.,.,.,.,.,.,.,.,.,.,.,.,.
2021,6,11,9,.,.,.,.,.,.,.,.,.,.,.,.,.
2021,6,11,10,.,.,.,.,.,.,.,.,.,.,.,.,.
2021,6,11,11,.,.,.,.,.,.,.,.,.,.,.,.,.
2021,6,11,12,.,.,.,.,.,.,.,.,.,.,.,.,.
2021,6,11,13,.,.,.,.,.,.,.,.,.,.,.,.,.
2021,6,11,15,.,.,.,.,.,.,.,.,.,.,.,.,.
2021,6,11,16,.,.,.,.,.,.,.,.,.,.,.,.,.
2021,6,11,17,.,.,.,.,.,.,.,.,.,.,.,.,.
2021,6,11,18,.,.,.,.,.,.,.,.,.,.,.,.,.
2021,6,11,19,.,.,.,.,.,.,.,.,.,.,.,.,.
2021,6,11,20,.,.,.,.,.,.,.,.,.,.,.,.,.
2021,6,11,21,.,.,.,.,.,.,.,.,.,.,.,.,.
2021,6,11,22,.,.,.,.,.,.,.,.,.,.,.,.,.
2021,6,11,23,.,.,.,.,.,.,.,.,.,.,.,.,.
2021,6,11,24,.,.,.,.,.,.,.,.,.,.,.,.,.
2021,6,11,25,.,.,.,.,.,.,.,.,.,.,.,.,.
2021,6,11,26,.,.,.,.,.,.,.,.,.,.,.,.,.
2021,6,11,27,.,.,.,.,.,.,.,.,.,.,.,.,.
2021,6,11,28,.,.,.,.,.,.,.,.,.,.,.,.,.
2021,6,11,29,.,.,.,.,.,.,.,.,.,.,.,.,.
2021,6,11,30,.,.,.,.,.,.,.,.,.,.,.,.,.
2021,6,11,31,.,.,.,.,.,.,.,.,.,.,.,.,.
2021,6,11,32,.,.,.,.,.,.,.,.,.,.,.,.,.
2021,6,11,33,.,.,.,.,.,.,.,.,.,.,.,.,.
2021,6,11,34,.,.,.,.,.,.,.,.,.,.,.,.,.
2021,6,11,35,.,.,.,.,.,.,.,.,.,.,.,.,.
2021,6,11,36,.,.,.,.,.,.,.,.,.,.,.,.,.
2021,6,11,37,.,.,.,.,.,.,.,.,.,.,.,.,.
2021,6,11,38,.,.,.,.,.,.,.,.,.,.,.,.,.
2021,6,11,39,.,.,.,.,.,.,.,.,.,.,.,.,.
2021,6,11,40,.,.,.,.,.,.,.,.,.,.,.,.,.
2021,6,11,41,.,.,.,.,.,.,.,.,.,.,.,.,.
2021,6,11,42,.,.,.,.,.,.,.,.,.,.,.,.,.
2021,6,11,44,.,.,.,.,.,.,.,.,.,.,.,.,.
2021,6,11,45,.,.,.,.,.,.,.,.,.,.,.,.,.
2021,6,11,46,.,.,.,.,.,.,.,.,.,.,.,.,.
2021,6,11,47,.,.,.,.,.,.,.,.,.,.,.,.,.
2021,6,11,48,.,.,.,.,.,.,.,.,.,.,.,.,.
2021,6,11,49,.,.,.,.,.,.,.,.,.,.,.,.,.
2021,6,11,50,.,.,.,.,.,.,.,.,.,.,.,.,.
2021,6,11,51,.,.,.,.,.,.,.,.,.,.,.,.,.
2021,6,11,53,.,.,.,.,.,.,.,.,.,.,.,.,.
2021,6,11,54,.,.,.,.,.,.,.,.,.,.,.,.,.
2021,6,11,55,.,.,.,.,.,.,.,.,.,.,.,.,.
2021,6,11,56,.,.,.,.,.,.,.,.,.,.,.,.,.
2021,6,18,1,.,.,.,.,.,.,.,.,.,.,.,.,.
2021,6,18,2,.,.,.,.,.,.,.,.,.,.,.,.,.
2021,6,18,4,.,.,.,.,.,.,.,.,.,.,.,.,.
2021,6,18,5,.,.,.,.,.,.,.,.,.,.,.,.,.
2021,6,18,6,.,.,.,.,.,.,.,.,.,.,.,.,.
2021,6,18,8,.,.,.,.,.,.,.,.,.,.,.,.,.
2021,6,18,9,.,.,.,.,.,.,.,.,.,.,.,.,.
2021,6,18,10,.,.,.,.,.,.,.,.,.,.,.,.,.
2021,6,18,11,.,.,.,.,.,.,.,.,.,.,.,.,.
2021,6,18,12,.,.,.,.,.,.,.,.,.,.,.,.,.
2021,6,18,13,.,.,.,.,.,.,.,.,.,.,.,.,.
2021,6,18,15,.,.,.,.,.,.,.,.,.,.,.,.,.
2021,6,18,16,.,.,.,.,.,.,.,.,.,.,.,.,.
2021,6,18,17,.,.,.,.,.,.,.,.,.,.,.,.,.
2021,6,18,18,.,.,.,.,.,.,.,.,.,.,.,.,.
2021,6,18,19,.,.,.,.,.,.,.,.,.,.,.,.,.
2021,6,18,20,.,.,.,.,.,.,.,.,.,.,.,.,.
2021,6,18,21,.,.,.,.,.,.,.,.,.,.,.,.,.
2021,6,18,22,.,.,.,.,.,.,.,.,.,.,.,.,.
2021,6,18,23,.,.,.,.,.,.,.,.,.,.,.,.,.
2021,6,18,24,.,.,.,.,.,.,.,.,.,.,.,.,.
2021,6,18,25,.,.,.,.,.,.,.,.,.,.,.,.,.
2021,6,18,26,.,.,.,.,.,.,.,.,.,.,.,.,.
2021,6,18,27,.,.,.,.,.,.,.,.,.,.,.,.,.
2021,6,18,28,.,.,.,.,.,.,.,.,.,.,.,.,.
2021,6,18,29,.,.,.,.,.,.,.,.,.,.,.,.,.
2021,6,18,30,.,.,.,.,.,.,.,.,.,.,.,.,.
2021,6,18,31,.,.,.,.,.,.,.,.,.,.,.,.,.
2021,6,18,32,.,.,.,.,.,.,.,.,.,.,.,.,.
2021,6,18,33,.,.,.,.,.,.,.,.,.,.,.,.,.
2021,6,18,34,.,.,.,.,.,.,.,.,.,.,.,.,.
2021,6,18,35,.,.,.,.,.,.,.,.,.,.,.,.,.
2021,6,18,36,.,.,.,.,.,.,.,.,.,.,.,.,.
2021,6,18,37,.,.,.,.,.,.,.,.,.,.,.,.,.
2021,6,18,38,.,.,.,.,.,.,.,.,.,.,.,.,.
2021,6,18,39,.,.,.,.,.,.,.,.,.,.,.,.,.
2021,6,18,40,.,.,.,.,.,.,.,.,.,.,.,.,.
2021,6,18,41,.,.,.,.,.,.,.,.,.,.,.,.,.
2021,6,18,42,.,.,.,.,.,.,.,.,.,.,.,.,.
2021,6,18,44,.,.,.,.,.,.,.,.,.,.,.,.,.
2021,6,18,45,.,.,.,.,.,.,.,.,.,.,.,.,.
2021,6,18,46,.,.,.,.,.,.,.,.,.,.,.,.,.
2021,6,18,47,.,.,.,.,.,.,.,.,.,.,.,.,.
2021,6,18,48,.,.,.,.,.,.,.,.,.,.,.,.,.
2021,6,18,49,.,.,.,.,.,.,.,.,.,.,.,.,.
2021,6,18,50,.,.,.,.,.,.,.,.,.,.,.,.,.
2021,6,18,51,.,.,.,.,.,.,.,.,.,.,.,.,.
2021,6,18,53,.,.,.,.,.,.,.,.,.,.,.,.,.
2021,6,18,54,.,.,.,.,.,.,.,.,.,.,.,.,.
2021,6,18,55,.,.,.,.,.,.,.,.,.,.,.,.,.
2021,6,18,56,.,.,.,.,.,.,.,.,.,.,.,.,.
2021,6,25,1,.,.,.,.,.,.,.,.,.,.,.,.,.
2021,6,25,2,.,.,.,.,.,.,.,.,.,.,.,.,.
2021,6,25,4,.,.,.,.,.,.,.,.,.,.,.,.,.
2021,6,25,5,.,.,.,.,.,.,.,.,.,.,.,.,.
2021,6,25,6,.,.,.,.,.,.,.,.,.,.,.,.,.
2021,6,25,8,.,.,.,.,.,.,.,.,.,.,.,.,.
2021,6,25,9,.,.,.,.,.,.,.,.,.,.,.,.,.
2021,6,25,10,.,.,.,.,.,.,.,.,.,.,.,.,.
2021,6,25,11,.,.,.,.,.,.,.,.,.,.,.,.,.
2021,6,25,12,.,.,.,.,.,.,.,.,.,.,.,.,.
2021,6,25,13,.,.,.,.,.,.,.,.,.,.,.,.,.
2021,6,25,15,.,.,.,.,.,.,.,.,.,.,.,.,.
2021,6,25,16,.,.,.,.,.,.,.,.,.,.,.,.,.
2021,6,25,17,.,.,.,.,.,.,.,.,.,.,.,.,.
2021,6,25,18,.,.,.,.,.,.,.,.,.,.,.,.,.
2021,6,25,19,.,.,.,.,.,.,.,.,.,.,.,.,.
2021,6,25,20,.,.,.,.,.,.,.,.,.,.,.,.,.
2021,6,25,21,.,.,.,.,.,.,.,.,.,.,.,.,.
2021,6,25,22,.,.,.,.,.,.,.,.,.,.,.,.,.
2021,6,25,23,.,.,.,.,.,.,.,.,.,.,.,.,.
2021,6,25,24,.,.,.,.,.,.,.,.,.,.,.,.,.
2021,6,25,25,.,.,.,.,.,.,.,.,.,.,.,.,.
2021,6,25,26,.,.,.,.,.,.,.,.,.,.,.,.,.
2021,6,25,27,.,.,.,.,.,.,.,.,.,.,.,.,.
2021,6,25,28,.,.,.,.,.,.,.,.,.,.,.,.,.
2021,6,25,29,.,.,.,.,.,.,.,.,.,.,.,.,.
2021,6,25,30,.,.,.,.,.,.,.,.,.,.,.,.,.
2021,6,25,31,.,.,.,.,.,.,.,.,.,.,.,.,.
2021,6,25,32,.,.,.,.,.,.,.,.,.,.,.,.,.
2021,6,25,33,.,.,.,.,.,.,.,.,.,.,.,.,.
2021,6,25,34,.,.,.,.,.,.,.,.,.,.,.,.,.
2021,6,25,35,.,.,.,.,.,.,.,.,.,.,.,.,.
2021,6,25,36,.,.,.,.,.,.,.,.,.,.,.,.,.
2021,6,25,37,.,.,.,.,.,.,.,.,.,.,.,.,.
2021,6,25,38,.,.,.,.,.,.,.,.,.,.,.,.,.
2021,6,25,39,.,.,.,.,.,.,.,.,.,.,.,.,.
2021,6,25,40,.,.,.,.,.,.,.,.,.,.,.,.,.
2021,6,25,41,.,.,.,.,.,.,.,.,.,.,.,.,.
2021,6,25,42,.,.,.,.,.,.,.,.,.,.,.,.,.
2021,6,25,44,.,.,.,.,.,.,.,.,.,.,.,.,.
2021,6,25,45,.,.,.,.,.,.,.,.,.,.,.,.,.
2021,6,25,46,.,.,.,.,.,.,.,.,.,.,.,.,.
2021,6,25,47,.,.,.,.,.,.,.,.,.,.,.,.,.
2021,6,25,48,.,.,.,.,.,.,.,.,.,.,.,.,.
2021,6,25,49,.,.,.,.,.,.,.,.,.,.,.,.,.
2021,6,25,50,.,.,.,.,.,.,.,.,.,.,.,.,.
2021,6,25,51,.,.,.,.,.,.,.,.,.,.,.,.,.
2021,6,25,53,.,.,.,.,.,.,.,.,.,.,.,.,.
2021,6,25,54,.,.,.,.,.,.,.,.,.,.,.,.,.
2021,6,25,55,.,.,.,.,.,.,.,.,.,.,.,.,.
2021,6,25,56,.,.,.,.,.,.,.,.,.,.,.,.,.
2021,7,2,1,.,.,.,.,.,.,.,.,.,.,.,.,.
2021,7,2,2,.,.,.,.,.,.,.,.,.,.,.,.,.
2021,7,2,4,.,.,.,.,.,.,.,.,.,.,.,.,.
2021,7,2,5,.,.,.,.,.,.,.,.,.,.,.,.,.
2021,7,2,6,.,.,.,.,.,.,.,.,.,.,.,.,.
2021,7,2,8,.,.,.,.,.,.,.,.,.,.,.,.,.
2021,7,2,9,.,.,.,.,.,.,.,.,.,.,.,.,.
2021,7,2,10,.,.,.,.,.,.,.,.,.,.,.,.,.
2021,7,2,11,.,.,.,.,.,.,.,.,.,.,.,.,.
2021,7,2,12,.,.,.,.,.,.,.,.,.,.,.,.,.
2021,7,2,13,.,.,.,.,.,.,.,.,.,.,.,.,.
2021,7,2,15,.,.,.,.,.,.,.,.,.,.,.,.,.
2021,7,2,16,.,.,.,.,.,.,.,.,.,.,.,.,.
2021,7,2,17,.,.,.,.,.,.,.,.,.,.,.,.,.
2021,7,2,18,.,.,.,.,.,.,.,.,.,.,.,.,.
2021,7,2,19,.,.,.,.,.,.,.,.,.,.,.,.,.
2021,7,2,20,.,.,.,.,.,.,.,.,.,.,.,.,.
2021,7,2,21,.,.,.,.,.,.,.,.,.,.,.,.,.
2021,7,2,22,.,.,.,.,.,.,.,.,.,.,.,.,.
2021,7,2,23,.,.,.,.,.,.,.,.,.,.,.,.,.
2021,7,2,24,.,.,.,.,.,.,.,.,.,.,.,.,.
2021,7,2,25,.,.,.,.,.,.,.,.,.,.,.,.,.
2021,7,2,26,.,.,.,.,.,.,.,.,.,.,.,.,.
2021,7,2,27,.,.,.,.,.,.,.,.,.,.,.,.,.
2021,7,2,28,.,.,.,.,.,.,.,.,.,.,.,.,.
2021,7,2,29,.,.,.,.,.,.,.,.,.,.,.,.,.
2021,7,2,30,.,.,.,.,.,.,.,.,.,.,.,.,.
2021,7,2,31,.,.,.,.,.,.,.,.,.,.,.,.,.
2021,7,2,32,.,.,.,.,.,.,.,.,.,.,.,.,.
2021,7,2,33,.,.,.,.,.,.,.,.,.,.,.,.,.
2021,7,2,34,.,.,.,.,.,.,.,.,.,.,.,.,.
2021,7,2,35,.,.,.,.,.,.,.,.,.,.,.,.,.
2021,7,2,36,.,.,.,.,.,.,.,.,.,.,.,.,.
2021,7,2,37,.,.,.,.,.,.,.,.,.,.,.,.,.
2021,7,2,38,.,.,.,.,.,.,.,.,.,.,.,.,.
2021,7,2,39,.,.,.,.,.,.,.,.,.,.,.,.,.
2021,7,2,40,.,.,.,.,.,.,.,.,.,.,.,.,.
2021,7,2,41,.,.,.,.,.,.,.,.,.,.,.,.,.
2021,7,2,42,.,.,.,.,.,.,.,.,.,.,.,.,.
2021,7,2,44,.,.,.,.,.,.,.,.,.,.,.,.,.
2021,7,2,45,.,.,.,.,.,.,.,.,.,.,.,.,.
2021,7,2,46,.,.,.,.,.,.,.,.,.,.,.,.,.
2021,7,2,47,.,.,.,.,.,.,.,.,.,.,.,.,.
2021,7,2,48,.,.,.,.,.,.,.,.,.,.,.,.,.
2021,7,2,49,.,.,.,.,.,.,.,.,.,.,.,.,.
2021,7,2,50,.,.,.,.,.,.,.,.,.,.,.,.,.
2021,7,2,51,.,.,.,.,.,.,.,.,.,.,.,.,.
2021,7,2,53,.,.,.,.,.,.,.,.,.,.,.,.,.
2021,7,2,54,.,.,.,.,.,.,.,.,.,.,.,.,.
2021,7,2,55,.,.,.,.,.,.,.,.,.,.,.,.,.
2021,7,2,56,.,.,.,.,.,.,.,.,.,.,.,.,.
2021,7,9,1,.,.,.,.,.,.,.,.,.,.,.,.,.
2021,7,9,2,.,.,.,.,.,.,.,.,.,.,.,.,.
2021,7,9,4,.,.,.,.,.,.,.,.,.,.,.,.,.
2021,7,9,5,.,.,.,.,.,.,.,.,.,.,.,.,.
2021,7,9,6,.,.,.,.,.,.,.,.,.,.,.,.,.
2021,7,9,8,.,.,.,.,.,.,.,.,.,.,.,.,.
2021,7,9,9,.,.,.,.,.,.,.,.,.,.,.,.,.
2021,7,9,10,.,.,.,.,.,.,.,.,.,.,.,.,.
2021,7,9,11,.,.,.,.,.,.,.,.,.,.,.,.,.
2021,7,9,12,.,.,.,.,.,.,.,.,.,.,.,.,.
2021,7,9,13,.,.,.,.,.,.,.,.,.,.,.,.,.
2021,7,9,15,.,.,.,.,.,.,.,.,.,.,.,.,.
2021,7,9,16,.,.,.,.,.,.,.,.,.,.,.,.,.
2021,7,9,17,.,.,.,.,.,.,.,.,.,.,.,.,.
2021,7,9,18,.,.,.,.,.,.,.,.,.,.,.,.,.
2021,7,9,19,.,.,.,.,.,.,.,.,.,.,.,.,.
2021,7,9,20,.,.,.,.,.,.,.,.,.,.,.,.,.
2021,7,9,21,.,.,.,.,.,.,.,.,.,.,.,.,.
2021,7,9,22,.,.,.,.,.,.,.,.,.,.,.,.,.
2021,7,9,23,.,.,.,.,.,.,.,.,.,.,.,.,.
2021,7,9,24,.,.,.,.,.,.,.,.,.,.,.,.,.
2021,7,9,25,.,.,.,.,.,.,.,.,.,.,.,.,.
2021,7,9,26,.,.,.,.,.,.,.,.,.,.,.,.,.
2021,7,9,27,.,.,.,.,.,.,.,.,.,.,.,.,.
2021,7,9,28,.,.,.,.,.,.,.,.,.,.,.,.,.
2021,7,9,29,.,.,.,.,.,.,.,.,.,.,.,.,.
2021,7,9,30,.,.,.,.,.,.,.,.,.,.,.,.,.
2021,7,9,31,.,.,.,.,.,.,.,.,.,.,.,.,.
2021,7,9,32,.,.,.,.,.,.,.,.,.,.,.,.,.
2021,7,9,33,.,.,.,.,.,.,.,.,.,.,.,.,.
2021,7,9,34,.,.,.,.,.,.,.,.,.,.,.,.,.
2021,7,9,35,.,.,.,.,.,.,.,.,.,.,.,.,.
2021,7,9,36,.,.,.,.,.,.,.,.,.,.,.,.,.
2021,7,9,37,.,.,.,.,.,.,.,.,.,.,.,.,.
2021,7,9,38,.,.,.,.,.,.,.,.,.,.,.,.,.
2021,7,9,39,.,.,.,.,.,.,.,.,.,.,.,.,.
2021,7,9,40,.,.,.,.,.,.,.,.,.,.,.,.,.
2021,7,9,41,.,.,.,.,.,.,.,.,.,.,.,.,.
2021,7,9,42,.,.,.,.,.,.,.,.,.,.,.,.,.
2021,7,9,44,.,.,.,.,.,.,.,.,.,.,.,.,.
2021,7,9,45,.,.,.,.,.,.,.,.,.,.,.,.,.
2021,7,9,46,.,.,.,.,.,.,.,.,.,.,.,.,.
2021,7,9,47,.,.,.,.,.,.,.,.,.,.,.,.,.
2021,7,9,48,.,.,.,.,.,.,.,.,.,.,.,.,.
2021,7,9,49,.,.,.,.,.,.,.,.,.,.,.,.,.
2021,7,9,50,.,.,.,.,.,.,.,.,.,.,.,.,.
2021,7,9,51,.,.,.,.,.,.,.,.,.,.,.,.,.
2021,7,9,53,.,.,.,.,.,.,.,.,.,.,.,.,.
2021,7,9,54,.,.,.,.,.,.,.,.,.,.,.,.,.
2021,7,9,55,.,.,.,.,.,.,.,.,.,.,.,.,.
2021,7,9,56,.,.,.,.,.,.,.,.,.,.,.,.,.
2021,7,16,1,.,.,.,.,.,.,.,.,.,.,.,.,.
2021,7,16,2,.,.,.,.,.,.,.,.,.,.,.,.,.
2021,7,16,4,.,.,.,.,.,.,.,.,.,.,.,.,.
2021,7,16,5,.,.,.,.,.,.,.,.,.,.,.,.,.
2021,7,16,6,.,.,.,.,.,.,.,.,.,.,.,.,.
2021,7,16,8,.,.,.,.,.,.,.,.,.,.,.,.,.
2021,7,16,9,.,.,.,.,.,.,.,.,.,.,.,.,.
2021,7,16,10,.,.,.,.,.,.,.,.,.,.,.,.,.
2021,7,16,11,.,.,.,.,.,.,.,.,.,.,.,.,.
2021,7,16,12,.,.,.,.,.,.,.,.,.,.,.,.,.
2021,7,16,13,.,.,.,.,.,.,.,.,.,.,.,.,.
2021,7,16,15,.,.,.,.,.,.,.,.,.,.,.,.,.
2021,7,16,16,.,.,.,.,.,.,.,.,.,.,.,.,.
2021,7,16,17,.,.,.,.,.,.,.,.,.,.,.,.,.
2021,7,16,18,.,.,.,.,.,.,.,.,.,.,.,.,.
2021,7,16,19,.,.,.,.,.,.,.,.,.,.,.,.,.
2021,7,16,20,.,.,.,.,.,.,.,.,.,.,.,.,.
2021,7,16,21,.,.,.,.,.,.,.,.,.,.,.,.,.
2021,7,16,22,.,.,.,.,.,.,.,.,.,.,.,.,.
2021,7,16,23,.,.,.,.,.,.,.,.,.,.,.,.,.
2021,7,16,24,.,.,.,.,.,.,.,.,.,.,.,.,.
2021,7,16,25,.,.,.,.,.,.,.,.,.,.,.,.,.
2021,7,16,26,.,.,.,.,.,.,.,.,.,.,.,.,.
2021,7,16,27,.,.,.,.,.,.,.,.,.,.,.,.,.
2021,7,16,28,.,.,.,.,.,.,.,.,.,.,.,.,.
2021,7,16,29,.,.,.,.,.,.,.,.,.,.,.,.,.
2021,7,16,30,.,.,.,.,.,.,.,.,.,.,.,.,.
2021,7,16,31,.,.,.,.,.,.,.,.,.,.,.,.,.
2021,7,16,32,.,.,.,.,.,.,.,.,.,.,.,.,.
2021,7,16,33,.,.,.,.,.,.,.,.,.,.,.,.,.
2021,7,16,34,.,.,.,.,.,.,.,.,.,.,.,.,.
2021,7,16,35,.,.,.,.,.,.,.,.,.,.,.,.,.
2021,7,16,36,.,.,.,.,.,.,.,.,.,.,.,.,.
2021,7,16,37,.,.,.,.,.,.,.,.,.,.,.,.,.
2021,7,16,38,.,.,.,.,.,.,.,.,.,.,.,.,.
2021,7,16,39,.,.,.,.,.,.,.,.,.,.,.,.,.
2021,7,16,40,.,.,.,.,.,.,.,.,.,.,.,.,.
2021,7,16,41,.,.,.,.,.,.,.,.,.,.,.,.,.
2021,7,16,42,.,.,.,.,.,.,.,.,.,.,.,.,.
2021,7,16,44,.,.,.,.,.,.,.,.,.,.,.,.,.
2021,7,16,45,.,.,.,.,.,.,.,.,.,.,.,.,.
2021,7,16,46,.,.,.,.,.,.,.,.,.,.,.,.,.
2021,7,16,47,.,.,.,.,.,.,.,.,.,.,.,.,.
2021,7,16,48,.,.,.,.,.,.,.,.,.,.,.,.,.
2021,7,16,49,.,.,.,.,.,.,.,.,.,.,.,.,.
2021,7,16,50,.,.,.,.,.,.,.,.,.,.,.,.,.
2021,7,16,51,.,.,.,.,.,.,.,.,.,.,.,.,.
2021,7,16,53,.,.,.,.,.,.,.,.,.,.,.,.,.
2021,7,16,54,.,.,.,.,.,.,.,.,.,.,.,.,.
2021,7,16,55,.,.,.,.,.,.,.,.,.,.,.,.,.
2021,7,16,56,.,.,.,.,.,.,.,.,.,.,.,.,.
2021,7,23,1,.,.,.,.,.,.,.,.,.,.,.,.,.
2021,7,23,2,.,.,.,.,.,.,.,.,.,.,.,.,.
2021,7,23,4,.,.,.,.,.,.,.,.,.,.,.,.,.
2021,7,23,5,.,.,.,.,.,.,.,.,.,.,.,.,.
2021,7,23,6,.,.,.,.,.,.,.,.,.,.,.,.,.
2021,7,23,8,.,.,.,.,.,.,.,.,.,.,.,.,.
2021,7,23,9,.,.,.,.,.,.,.,.,.,.,.,.,.
2021,7,23,10,.,.,.,.,.,.,.,.,.,.,.,.,.
2021,7,23,11,.,.,.,.,.,.,.,.,.,.,.,.,.
2021,7,23,12,.,.,.,.,.,.,.,.,.,.,.,.,.
2021,7,23,13,.,.,.,.,.,.,.,.,.,.,.,.,.
2021,7,23,15,.,.,.,.,.,.,.,.,.,.,.,.,.
2021,7,23,16,.,.,.,.,.,.,.,.,.,.,.,.,.
2021,7,23,17,.,.,.,.,.,.,.,.,.,.,.,.,.
2021,7,23,18,.,.,.,.,.,.,.,.,.,.,.,.,.
2021,7,23,19,.,.,.,.,.,.,.,.,.,.,.,.,.
2021,7,23,20,.,.,.,.,.,.,.,.,.,.,.,.,.
2021,7,23,21,.,.,.,.,.,.,.,.,.,.,.,.,.
2021,7,23,22,.,.,.,.,.,.,.,.,.,.,.,.,.
2021,7,23,23,.,.,.,.,.,.,.,.,.,.,.,.,.
2021,7,23,24,.,.,.,.,.,.,.,.,.,.,.,.,.
2021,7,23,25,.,.,.,.,.,.,.,.,.,.,.,.,.
2021,7,23,26,.,.,.,.,.,.,.,.,.,.,.,.,.
2021,7,23,27,.,.,.,.,.,.,.,.,.,.,.,.,.
2021,7,23,28,.,.,.,.,.,.,.,.,.,.,.,.,.
2021,7,23,29,.,.,.,.,.,.,.,.,.,.,.,.,.
2021,7,23,30,.,.,.,.,.,.,.,.,.,.,.,.,.
2021,7,23,31,.,.,.,.,.,.,.,.,.,.,.,.,.
2021,7,23,32,.,.,.,.,.,.,.,.,.,.,.,.,.
2021,7,23,33,.,.,.,.,.,.,.,.,.,.,.,.,.
2021,7,23,34,.,.,.,.,.,.,.,.,.,.,.,.,.
2021,7,23,35,.,.,.,.,.,.,.,.,.,.,.,.,.
2021,7,23,36,.,.,.,.,.,.,.,.,.,.,.,.,.
2021,7,23,37,.,.,.,.,.,.,.,.,.,.,.,.,.
2021,7,23,38,.,.,.,.,.,.,.,.,.,.,.,.,.
2021,7,23,39,.,.,.,.,.,.,.,.,.,.,.,.,.
2021,7,23,40,.,.,.,.,.,.,.,.,.,.,.,.,.
2021,7,23,41,.,.,.,.,.,.,.,.,.,.,.,.,.
2021,7,23,42,.,.,.,.,.,.,.,.,.,.,.,.,.
2021,7,23,44,.,.,.,.,.,.,.,.,.,.,.,.,.
2021,7,23,45,.,.,.,.,.,.,.,.,.,.,.,.,.
2021,7,23,46,.,.,.,.,.,.,.,.,.,.,.,.,.
2021,7,23,47,.,.,.,.,.,.,.,.,.,.,.,.,.
2021,7,23,48,.,.,.,.,.,.,.,.,.,.,.,.,.
2021,7,23,49,.,.,.,.,.,.,.,.,.,.,.,.,.
2021,7,23,50,.,.,.,.,.,.,.,.,.,.,.,.,.
2021,7,23,51,.,.,.,.,.,.,.,.,.,.,.,.,.
2021,7,23,53,.,.,.,.,.,.,.,.,.,.,.,.,.
2021,7,23,54,.,.,.,.,.,.,.,.,.,.,.,.,.
2021,7,23,55,.,.,.,.,.,.,.,.,.,.,.,.,.
2021,7,23,56,.,.,.,.,.,.,.,.,.,.,.,.,.
2021,7,30,1,.,.,.,.,.,.,.,.,.,.,.,.,.
2021,7,30,2,.,.,.,.,.,.,.,.,.,.,.,.,.
2021,7,30,4,.,.,.,.,.,.,.,.,.,.,.,.,.
2021,7,30,5,.,.,.,.,.,.,.,.,.,.,.,.,.
2021,7,30,6,.,.,.,.,.,.,.,.,.,.,.,.,.
2021,7,30,8,.,.,.,.,.,.,.,.,.,.,.,.,.
2021,7,30,9,.,.,.,.,.,.,.,.,.,.,.,.,.
2021,7,30,10,.,.,.,.,.,.,.,.,.,.,.,.,.
2021,7,30,11,.,.,.,.,.,.,.,.,.,.,.,.,.
2021,7,30,12,.,.,.,.,.,.,.,.,.,.,.,.,.
2021,7,30,13,.,.,.,.,.,.,.,.,.,.,.,.,.
2021,7,30,15,.,.,.,.,.,.,.,.,.,.,.,.,.
2021,7,30,16,.,.,.,.,.,.,.,.,.,.,.,.,.
2021,7,30,17,.,.,.,.,.,.,.,.,.,.,.,.,.
2021,7,30,18,.,.,.,.,.,.,.,.,.,.,.,.,.
2021,7,30,19,.,.,.,.,.,.,.,.,.,.,.,.,.
2021,7,30,20,.,.,.,.,.,.,.,.,.,.,.,.,.
2021,7,30,21,.,.,.,.,.,.,.,.,.,.,.,.,.
2021,7,30,22,.,.,.,.,.,.,.,.,.,.,.,.,.
2021,7,30,23,.,.,.,.,.,.,.,.,.,.,.,.,.
2021,7,30,24,.,.,.,.,.,.,.,.,.,.,.,.,.
2021,7,30,25,.,.,.,.,.,.,.,.,.,.,.,.,.
2021,7,30,26,.,.,.,.,.,.,.,.,.,.,.,.,.
2021,7,30,27,.,.,.,.,.,.,.,.,.,.,.,.,.
2021,7,30,28,.,.,.,.,.,.,.,.,.,.,.,.,.
2021,7,30,29,.,.,.,.,.,.,.,.,.,.,.,.,.
2021,7,30,30,.,.,.,.,.,.,.,.,.,.,.,.,.
2021,7,30,31,.,.,.,.,.,.,.,.,.,.,.,.,.
2021,7,30,32,.,.,.,.,.,.,.,.,.,.,.,.,.
2021,7,30,33,.,.,.,.,.,.,.,.,.,.,.,.,.
2021,7,30,34,.,.,.,.,.,.,.,.,.,.,.,.,.
2021,7,30,35,.,.,.,.,.,.,.,.,.,.,.,.,.
2021,7,30,36,.,.,.,.,.,.,.,.,.,.,.,.,.
2021,7,30,37,.,.,.,.,.,.,.,.,.,.,.,.,.
2021,7,30,38,.,.,.,.,.,.,.,.,.,.,.,.,.
2021,7,30,39,.,.,.,.,.,.,.,.,.,.,.,.,.
2021,7,30,40,.,.,.,.,.,.,.,.,.,.,.,.,.
2021,7,30,41,.,.,.,.,.,.,.,.,.,.,.,.,.
2021,7,30,42,.,.,.,.,.,.,.,.,.,.,.,.,.
2021,7,30,44,.,.,.,.,.,.,.,.,.,.,.,.,.
2021,7,30,45,.,.,.,.,.,.,.,.,.,.,.,.,.
2021,7,30,46,.,.,.,.,.,.,.,.,.,.,.,.,.
2021,7,30,47,.,.,.,.,.,.,.,.,.,.,.,.,.
2021,7,30,48,.,.,.,.,.,.,.,.,.,.,.,.,.
2021,7,30,49,.,.,.,.,.,.,.,.,.,.,.,.,.
2021,7,30,50,.,.,.,.,.,.,.,.,.,.,.,.,.
2021,7,30,51,.,.,.,.,.,.,.,.,.,.,.,.,.
2021,7,30,53,.,.,.,.,.,.,.,.,.,.,.,.,.
2021,7,30,54,.,.,.,.,.,.,.,.,.,.,.,.,.
2021,7,30,55,.,.,.,.,.,.,.,.,.,.,.,.,.
2021,7,30,56,.,.,.,.,.,.,.,.,.,.,.,.,.
2021,8,6,1,.,.,.,.,.,.,.,.,.,.,.,.,.
2021,8,6,2,.,.,.,.,.,.,.,.,.,.,.,.,.
2021,8,6,4,.,.,.,.,.,.,.,.,.,.,.,.,.
2021,8,6,5,.,.,.,.,.,.,.,.,.,.,.,.,.
2021,8,6,6,.,.,.,.,.,.,.,.,.,.,.,.,.
2021,8,6,8,.,.,.,.,.,.,.,.,.,.,.,.,.
2021,8,6,9,.,.,.,.,.,.,.,.,.,.,.,.,.
2021,8,6,10,.,.,.,.,.,.,.,.,.,.,.,.,.
2021,8,6,11,.,.,.,.,.,.,.,.,.,.,.,.,.
2021,8,6,12,.,.,.,.,.,.,.,.,.,.,.,.,.
2021,8,6,13,.,.,.,.,.,.,.,.,.,.,.,.,.
2021,8,6,15,.,.,.,.,.,.,.,.,.,.,.,.,.
2021,8,6,16,.,.,.,.,.,.,.,.,.,.,.,.,.
2021,8,6,17,.,.,.,.,.,.,.,.,.,.,.,.,.
2021,8,6,18,.,.,.,.,.,.,.,.,.,.,.,.,.
2021,8,6,19,.,.,.,.,.,.,.,.,.,.,.,.,.
2021,8,6,20,.,.,.,.,.,.,.,.,.,.,.,.,.
2021,8,6,21,.,.,.,.,.,.,.,.,.,.,.,.,.
2021,8,6,22,.,.,.,.,.,.,.,.,.,.,.,.,.
2021,8,6,23,.,.,.,.,.,.,.,.,.,.,.,.,.
2021,8,6,24,.,.,.,.,.,.,.,.,.,.,.,.,.
2021,8,6,25,.,.,.,.,.,.,.,.,.,.,.,.,.
2021,8,6,26,.,.,.,.,.,.,.,.,.,.,.,.,.
2021,8,6,27,.,.,.,.,.,.,.,.,.,.,.,.,.
2021,8,6,28,.,.,.,.,.,.,.,.,.,.,.,.,.
2021,8,6,29,.,.,.,.,.,.,.,.,.,.,.,.,.
2021,8,6,30,.,.,.,.,.,.,.,.,.,.,.,.,.
2021,8,6,31,.,.,.,.,.,.,.,.,.,.,.,.,.
2021,8,6,32,.,.,.,.,.,.,.,.,.,.,.,.,.
2021,8,6,33,.,.,.,.,.,.,.,.,.,.,.,.,.
2021,8,6,34,.,.,.,.,.,.,.,.,.,.,.,.,.
2021,8,6,35,.,.,.,.,.,.,.,.,.,.,.,.,.
2021,8,6,36,.,.,.,.,.,.,.,.,.,.,.,.,.
2021,8,6,37,.,.,.,.,.,.,.,.,.,.,.,.,.
2021,8,6,38,.,.,.,.,.,.,.,.,.,.,.,.,.
2021,8,6,39,.,.,.,.,.,.,.,.,.,.,.,.,.
2021,8,6,40,.,.,.,.,.,.,.,.,.,.,.,.,.
2021,8,6,41,.,.,.,.,.,.,.,.,.,.,.,.,.
2021,8,6,42,.,.,.,.,.,.,.,.,.,.,.,.,.
2021,8,6,44,.,.,.,.,.,.,.,.,.,.,.,.,.
2021,8,6,45,.,.,.,.,.,.,.,.,.,.,.,.,.
2021,8,6,46,.,.,.,.,.,.,.,.,.,.,.,.,.
2021,8,6,47,.,.,.,.,.,.,.,.,.,.,.,.,.
2021,8,6,48,.,.,.,.,.,.,.,.,.,.,.,.,.
2021,8,6,49,.,.,.,.,.,.,.,.,.,.,.,.,.
2021,8,6,50,.,.,.,.,.,.,.,.,.,.,.,.,.
2021,8,6,51,.,.,.,.,.,.,.,.,.,.,.,.,.
2021,8,6,53,.,.,.,.,.,.,.,.,.,.,.,.,.
2021,8,6,54,.,.,.,.,.,.,.,.,.,.,.,.,.
2021,8,6,55,.,.,.,.,.,.,.,.,.,.,.,.,.
2021,8,6,56,.,.,.,.,.,.,.,.,.,.,.,.,.
2021,8,13,1,.,.,.,.,.,.,.,.,.,.,.,.,.
2021,8,13,2,.,.,.,.,.,.,.,.,.,.,.,.,.
2021,8,13,4,.,.,.,.,.,.,.,.,.,.,.,.,.
2021,8,13,5,.,.,.,.,.,.,.,.,.,.,.,.,.
2021,8,13,6,.,.,.,.,.,.,.,.,.,.,.,.,.
2021,8,13,8,.,.,.,.,.,.,.,.,.,.,.,.,.
2021,8,13,9,.,.,.,.,.,.,.,.,.,.,.,.,.
2021,8,13,10,.,.,.,.,.,.,.,.,.,.,.,.,.
2021,8,13,11,.,.,.,.,.,.,.,.,.,.,.,.,.
2021,8,13,12,.,.,.,.,.,.,.,.,.,.,.,.,.
2021,8,13,13,.,.,.,.,.,.,.,.,.,.,.,.,.
2021,8,13,15,.,.,.,.,.,.,.,.,.,.,.,.,.
2021,8,13,16,.,.,.,.,.,.,.,.,.,.,.,.,.
2021,8,13,17,.,.,.,.,.,.,.,.,.,.,.,.,.
2021,8,13,18,.,.,.,.,.,.,.,.,.,.,.,.,.
2021,8,13,19,.,.,.,.,.,.,.,.,.,.,.,.,.
2021,8,13,20,.,.,.,.,.,.,.,.,.,.,.,.,.
2021,8,13,21,.,.,.,.,.,.,.,.,.,.,.,.,.
2021,8,13,22,.,.,.,.,.,.,.,.,.,.,.,.,.
2021,8,13,23,.,.,.,.,.,.,.,.,.,.,.,.,.
2021,8,13,24,.,.,.,.,.,.,.,.,.,.,.,.,.
2021,8,13,25,.,.,.,.,.,.,.,.,.,.,.,.,.
2021,8,13,26,.,.,.,.,.,.,.,.,.,.,.,.,.
2021,8,13,27,.,.,.,.,.,.,.,.,.,.,.,.,.
2021,8,13,28,.,.,.,.,.,.,.,.,.,.,.,.,.
2021,8,13,29,.,.,.,.,.,.,.,.,.,.,.,.,.
2021,8,13,30,.,.,.,.,.,.,.,.,.,.,.,.,.
2021,8,13,31,.,.,.,.,.,.,.,.,.,.,.,.,.
2021,8,13,32,.,.,.,.,.,.,.,.,.,.,.,.,.
2021,8,13,33,.,.,.,.,.,.,.,.,.,.,.,.,.
2021,8,13,34,.,.,.,.,.,.,.,.,.,.,.,.,.
2021,8,13,35,.,.,.,.,.,.,.,.,.,.,.,.,.
2021,8,13,36,.,.,.,.,.,.,.,.,.,.,.,.,.
2021,8,13,37,.,.,.,.,.,.,.,.,.,.,.,.,.
2021,8,13,38,.,.,.,.,.,.,.,.,.,.,.,.,.
2021,8,13,39,.,.,.,.,.,.,.,.,.,.,.,.,.
2021,8,13,40,.,.,.,.,.,.,.,.,.,.,.,.,.
2021,8,13,41,.,.,.,.,.,.,.,.,.,.,.,.,.
2021,8,13,42,.,.,.,.,.,.,.,.,.,.,.,.,.
2021,8,13,44,.,.,.,.,.,.,.,.,.,.,.,.,.
2021,8,13,45,.,.,.,.,.,.,.,.,.,.,.,.,.
2021,8,13,46,.,.,.,.,.,.,.,.,.,.,.,.,.
2021,8,13,47,.,.,.,.,.,.,.,.,.,.,.,.,.
2021,8,13,48,.,.,.,.,.,.,.,.,.,.,.,.,.
2021,8,13,49,.,.,.,.,.,.,.,.,.,.,.,.,.
2021,8,13,50,.,.,.,.,.,.,.,.,.,.,.,.,.
2021,8,13,51,.,.,.,.,.,.,.,.,.,.,.,.,.
2021,8,13,53,.,.,.,.,.,.,.,.,.,.,.,.,.
2021,8,13,54,.,.,.,.,.,.,.,.,.,.,.,.,.
2021,8,13,55,.,.,.,.,.,.,.,.,.,.,.,.,.
2021,8,13,56,.,.,.,.,.,.,.,.,.,.,.,.,.
2021,8,20,1,.,.,.,.,.,.,.,.,.,.,.,.,.
2021,8,20,2,.,.,.,.,.,.,.,.,.,.,.,.,.
2021,8,20,4,.,.,.,.,.,.,.,.,.,.,.,.,.
2021,8,20,5,.,.,.,.,.,.,.,.,.,.,.,.,.
2021,8,20,6,.,.,.,.,.,.,.,.,.,.,.,.,.
2021,8,20,8,.,.,.,.,.,.,.,.,.,.,.,.,.
2021,8,20,9,.,.,.,.,.,.,.,.,.,.,.,.,.
2021,8,20,10,.,.,.,.,.,.,.,.,.,.,.,.,.
2021,8,20,11,.,.,.,.,.,.,.,.,.,.,.,.,.
2021,8,20,12,.,.,.,.,.,.,.,.,.,.,.,.,.
2021,8,20,13,.,.,.,.,.,.,.,.,.,.,.,.,.
2021,8,20,15,.,.,.,.,.,.,.,.,.,.,.,.,.
2021,8,20,16,.,.,.,.,.,.,.,.,.,.,.,.,.
2021,8,20,17,.,.,.,.,.,.,.,.,.,.,.,.,.
2021,8,20,18,.,.,.,.,.,.,.,.,.,.,.,.,.
2021,8,20,19,.,.,.,.,.,.,.,.,.,.,.,.,.
2021,8,20,20,.,.,.,.,.,.,.,.,.,.,.,.,.
2021,8,20,21,.,.,.,.,.,.,.,.,.,.,.,.,.
2021,8,20,22,.,.,.,.,.,.,.,.,.,.,.,.,.
2021,8,20,23,.,.,.,.,.,.,.,.,.,.,.,.,.
2021,8,20,24,.,.,.,.,.,.,.,.,.,.,.,.,.
2021,8,20,25,.,.,.,.,.,.,.,.,.,.,.,.,.
2021,8,20,26,.,.,.,.,.,.,.,.,.,.,.,.,.
2021,8,20,27,.,.,.,.,.,.,.,.,.,.,.,.,.
2021,8,20,28,.,.,.,.,.,.,.,.,.,.,.,.,.
2021,8,20,29,.,.,.,.,.,.,.,.,.,.,.,.,.
2021,8,20,30,.,.,.,.,.,.,.,.,.,.,.,.,.
2021,8,20,31,.,.,.,.,.,.,.,.,.,.,.,.,.
2021,8,20,32,.,.,.,.,.,.,.,.,.,.,.,.,.
2021,8,20,33,.,.,.,.,.,.,.,.,.,.,.,.,.
2021,8,20,34,.,.,.,.,.,.,.,.,.,.,.,.,.
2021,8,20,35,.,.,.,.,.,.,.,.,.,.,.,.,.
2021,8,20,36,.,.,.,.,.,.,.,.,.,.,.,.,.
2021,8,20,37,.,.,.,.,.,.,.,.,.,.,.,.,.
2021,8,20,38,.,.,.,.,.,.,.,.,.,.,.,.,.
2021,8,20,39,.,.,.,.,.,.,.,.,.,.,.,.,.
2021,8,20,40,.,.,.,.,.,.,.,.,.,.,.,.,.
2021,8,20,41,.,.,.,.,.,.,.,.,.,.,.,.,.
2021,8,20,42,.,.,.,.,.,.,.,.,.,.,.,.,.
2021,8,20,44,.,.,.,.,.,.,.,.,.,.,.,.,.
2021,8,20,45,.,.,.,.,.,.,.,.,.,.,.,.,.
2021,8,20,46,.,.,.,.,.,.,.,.,.,.,.,.,.
2021,8,20,47,.,.,.,.,.,.,.,.,.,.,.,.,.
2021,8,20,48,.,.,.,.,.,.,.,.,.,.,.,.,.
2021,8,20,49,.,.,.,.,.,.,.,.,.,.,.,.,.
2021,8,20,50,.,.,.,.,.,.,.,.,.,.,.,.,.
2021,8,20,51,.,.,.,.,.,.,.,.,.,.,.,.,.
2021,8,20,53,.,.,.,.,.,.,.,.,.,.,.,.,.
2021,8,20,54,.,.,.,.,.,.,.,.,.,.,.,.,.
2021,8,20,55,.,.,.,.,.,.,.,.,.,.,.,.,.
2021,8,20,56,.,.,.,.,.,.,.,.,.,.,.,.,.
2021,8,27,1,.,.,.,.,.,.,.,.,.,.,.,.,.
2021,8,27,2,.,.,.,.,.,.,.,.,.,.,.,.,.
2021,8,27,4,.,.,.,.,.,.,.,.,.,.,.,.,.
2021,8,27,5,.,.,.,.,.,.,.,.,.,.,.,.,.
2021,8,27,6,.,.,.,.,.,.,.,.,.,.,.,.,.
2021,8,27,8,.,.,.,.,.,.,.,.,.,.,.,.,.
2021,8,27,9,.,.,.,.,.,.,.,.,.,.,.,.,.
2021,8,27,10,.,.,.,.,.,.,.,.,.,.,.,.,.
2021,8,27,11,.,.,.,.,.,.,.,.,.,.,.,.,.
2021,8,27,12,.,.,.,.,.,.,.,.,.,.,.,.,.
2021,8,27,13,.,.,.,.,.,.,.,.,.,.,.,.,.
2021,8,27,15,.,.,.,.,.,.,.,.,.,.,.,.,.
2021,8,27,16,.,.,.,.,.,.,.,.,.,.,.,.,.
2021,8,27,17,.,.,.,.,.,.,.,.,.,.,.,.,.
2021,8,27,18,.,.,.,.,.,.,.,.,.,.,.,.,.
2021,8,27,19,.,.,.,.,.,.,.,.,.,.,.,.,.
2021,8,27,20,.,.,.,.,.,.,.,.,.,.,.,.,.
2021,8,27,21,.,.,.,.,.,.,.,.,.,.,.,.,.
2021,8,27,22,.,.,.,.,.,.,.,.,.,.,.,.,.
2021,8,27,23,.,.,.,.,.,.,.,.,.,.,.,.,.
2021,8,27,24,.,.,.,.,.,.,.,.,.,.,.,.,.
2021,8,27,25,.,.,.,.,.,.,.,.,.,.,.,.,.
2021,8,27,26,.,.,.,.,.,.,.,.,.,.,.,.,.
2021,8,27,27,.,.,.,.,.,.,.,.,.,.,.,.,.
2021,8,27,28,.,.,.,.,.,.,.,.,.,.,.,.,.
2021,8,27,29,.,.,.,.,.,.,.,.,.,.,.,.,.
2021,8,27,30,.,.,.,.,.,.,.,.,.,.,.,.,.
2021,8,27,31,.,.,.,.,.,.,.,.,.,.,.,.,.
2021,8,27,32,.,.,.,.,.,.,.,.,.,.,.,.,.
2021,8,27,33,.,.,.,.,.,.,.,.,.,.,.,.,.
2021,8,27,34,.,.,.,.,.,.,.,.,.,.,.,.,.
2021,8,27,35,.,.,.,.,.,.,.,.,.,.,.,.,.
2021,8,27,36,.,.,.,.,.,.,.,.,.,.,.,.,.
2021,8,27,37,.,.,.,.,.,.,.,.,.,.,.,.,.
2021,8,27,38,.,.,.,.,.,.,.,.,.,.,.,.,.
2021,8,27,39,.,.,.,.,.,.,.,.,.,.,.,.,.
2021,8,27,40,.,.,.,.,.,.,.,.,.,.,.,.,.
2021,8,27,41,.,.,.,.,.,.,.,.,.,.,.,.,.
2021,8,27,42,.,.,.,.,.,.,.,.,.,.,.,.,.
2021,8,27,44,.,.,.,.,.,.,.,.,.,.,.,.,.
2021,8,27,45,.,.,.,.,.,.,.,.,.,.,.,.,.
2021,8,27,46,.,.,.,.,.,.,.,.,.,.,.,.,.
2021,8,27,47,.,.,.,.,.,.,.,.,.,.,.,.,.
2021,8,27,48,.,.,.,.,.,.,.,.,.,.,.,.,.
2021,8,27,49,.,.,.,.,.,.,.,.,.,.,.,.,.
2021,8,27,50,.,.,.,.,.,.,.,.,.,.,.,.,.
2021,8,27,51,.,.,.,.,.,.,.,.,.,.,.,.,.
2021,8,27,53,.,.,.,.,.,.,.,.,.,.,.,.,.
2021,8,27,54,.,.,.,.,.,.,.,.,.,.,.,.,.
2021,8,27,55,.,.,.,.,.,.,.,.,.,.,.,.,.
2021,8,27,56,.,.,.,.,.,.,.,.,.,.,.,.,.
2021,9,3,1,.,.,.,.,.,.,.,.,.,.,.,.,.
2021,9,3,2,.,.,.,.,.,.,.,.,.,.,.,.,.
2021,9,3,4,.,.,.,.,.,.,.,.,.,.,.,.,.
2021,9,3,5,.,.,.,.,.,.,.,.,.,.,.,.,.
2021,9,3,6,.,.,.,.,.,.,.,.,.,.,.,.,.
2021,9,3,8,.,.,.,.,.,.,.,.,.,.,.,.,.
2021,9,3,9,.,.,.,.,.,.,.,.,.,.,.,.,.
2021,9,3,10,.,.,.,.,.,.,.,.,.,.,.,.,.
2021,9,3,11,.,.,.,.,.,.,.,.,.,.,.,.,.
2021,9,3,12,.,.,.,.,.,.,.,.,.,.,.,.,.
2021,9,3,13,.,.,.,.,.,.,.,.,.,.,.,.,.
2021,9,3,15,.,.,.,.,.,.,.,.,.,.,.,.,.
2021,9,3,16,.,.,.,.,.,.,.,.,.,.,.,.,.
2021,9,3,17,.,.,.,.,.,.,.,.,.,.,.,.,.
2021,9,3,18,.,.,.,.,.,.,.,.,.,.,.,.,.
2021,9,3,19,.,.,.,.,.,.,.,.,.,.,.,.,.
2021,9,3,20,.,.,.,.,.,.,.,.,.,.,.,.,.
2021,9,3,21,.,.,.,.,.,.,.,.,.,.,.,.,.
2021,9,3,22,.,.,.,.,.,.,.,.,.,.,.,.,.
2021,9,3,23,.,.,.,.,.,.,.,.,.,.,.,.,.
2021,9,3,24,.,.,.,.,.,.,.,.,.,.,.,.,.
2021,9,3,25,.,.,.,.,.,.,.,.,.,.,.,.,.
2021,9,3,26,.,.,.,.,.,.,.,.,.,.,.,.,.
2021,9,3,27,.,.,.,.,.,.,.,.,.,.,.,.,.
2021,9,3,28,.,.,.,.,.,.,.,.,.,.,.,.,.
2021,9,3,29,.,.,.,.,.,.,.,.,.,.,.,.,.
2021,9,3,30,.,.,.,.,.,.,.,.,.,.,.,.,.
2021,9,3,31,.,.,.,.,.,.,.,.,.,.,.,.,.
2021,9,3,32,.,.,.,.,.,.,.,.,.,.,.,.,.
2021,9,3,33,.,.,.,.,.,.,.,.,.,.,.,.,.
2021,9,3,34,.,.,.,.,.,.,.,.,.,.,.,.,.
2021,9,3,35,.,.,.,.,.,.,.,.,.,.,.,.,.
2021,9,3,36,.,.,.,.,.,.,.,.,.,.,.,.,.
2021,9,3,37,.,.,.,.,.,.,.,.,.,.,.,.,.
2021,9,3,38,.,.,.,.,.,.,.,.,.,.,.,.,.
2021,9,3,39,.,.,.,.,.,.,.,.,.,.,.,.,.
2021,9,3,40,.,.,.,.,.,.,.,.,.,.,.,.,.
2021,9,3,41,.,.,.,.,.,.,.,.,.,.,.,.,.
2021,9,3,42,.,.,.,.,.,.,.,.,.,.,.,.,.
2021,9,3,44,.,.,.,.,.,.,.,.,.,.,.,.,.
2021,9,3,45,.,.,.,.,.,.,.,.,.,.,.,.,.
2021,9,3,46,.,.,.,.,.,.,.,.,.,.,.,.,.
2021,9,3,47,.,.,.,.,.,.,.,.,.,.,.,.,.
2021,9,3,48,.,.,.,.,.,.,.,.,.,.,.,.,.
2021,9,3,49,.,.,.,.,.,.,.,.,.,.,.,.,.
2021,9,3,50,.,.,.,.,.,.,.,.,.,.,.,.,.
2021,9,3,51,.,.,.,.,.,.,.,.,.,.,.,.,.
2021,9,3,53,.,.,.,.,.,.,.,.,.,.,.,.,.
2021,9,3,54,.,.,.,.,.,.,.,.,.,.,.,.,.
2021,9,3,55,.,.,.,.,.,.,.,.,.,.,.,.,.
2021,9,3,56,.,.,.,.,.,.,.,.,.,.,.,.,.
2021,9,10,1,.,.,.,.,.,.,.,.,.,.,.,.,.
2021,9,10,2,.,.,.,.,.,.,.,.,.,.,.,.,.
2021,9,10,4,.,.,.,.,.,.,.,.,.,.,.,.,.
2021,9,10,5,.,.,.,.,.,.,.,.,.,.,.,.,.
2021,9,10,6,.,.,.,.,.,.,.,.,.,.,.,.,.
2021,9,10,8,.,.,.,.,.,.,.,.,.,.,.,.,.
2021,9,10,9,.,.,.,.,.,.,.,.,.,.,.,.,.
2021,9,10,10,.,.,.,.,.,.,.,.,.,.,.,.,.
2021,9,10,11,.,.,.,.,.,.,.,.,.,.,.,.,.
2021,9,10,12,.,.,.,.,.,.,.,.,.,.,.,.,.
2021,9,10,13,.,.,.,.,.,.,.,.,.,.,.,.,.
2021,9,10,15,.,.,.,.,.,.,.,.,.,.,.,.,.
2021,9,10,16,.,.,.,.,.,.,.,.,.,.,.,.,.
2021,9,10,17,.,.,.,.,.,.,.,.,.,.,.,.,.
2021,9,10,18,.,.,.,.,.,.,.,.,.,.,.,.,.
2021,9,10,19,.,.,.,.,.,.,.,.,.,.,.,.,.
2021,9,10,20,.,.,.,.,.,.,.,.,.,.,.,.,.
2021,9,10,21,.,.,.,.,.,.,.,.,.,.,.,.,.
2021,9,10,22,.,.,.,.,.,.,.,.,.,.,.,.,.
2021,9,10,23,.,.,.,.,.,.,.,.,.,.,.,.,.
2021,9,10,24,.,.,.,.,.,.,.,.,.,.,.,.,.
2021,9,10,25,.,.,.,.,.,.,.,.,.,.,.,.,.
2021,9,10,26,.,.,.,.,.,.,.,.,.,.,.,.,.
2021,9,10,27,.,.,.,.,.,.,.,.,.,.,.,.,.
2021,9,10,28,.,.,.,.,.,.,.,.,.,.,.,.,.
2021,9,10,29,.,.,.,.,.,.,.,.,.,.,.,.,.
2021,9,10,30,.,.,.,.,.,.,.,.,.,.,.,.,.
2021,9,10,31,.,.,.,.,.,.,.,.,.,.,.,.,.
2021,9,10,32,.,.,.,.,.,.,.,.,.,.,.,.,.
2021,9,10,33,.,.,.,.,.,.,.,.,.,.,.,.,.
2021,9,10,34,.,.,.,.,.,.,.,.,.,.,.,.,.
2021,9,10,35,.,.,.,.,.,.,.,.,.,.,.,.,.
2021,9,10,36,.,.,.,.,.,.,.,.,.,.,.,.,.
2021,9,10,37,.,.,.,.,.,.,.,.,.,.,.,.,.
2021,9,10,38,.,.,.,.,.,.,.,.,.,.,.,.,.
2021,9,10,39,.,.,.,.,.,.,.,.,.,.,.,.,.
2021,9,10,40,.,.,.,.,.,.,.,.,.,.,.,.,.
2021,9,10,41,.,.,.,.,.,.,.,.,.,.,.,.,.
2021,9,10,42,.,.,.,.,.,.,.,.,.,.,.,.,.
2021,9,10,44,.,.,.,.,.,.,.,.,.,.,.,.,.
2021,9,10,45,.,.,.,.,.,.,.,.,.,.,.,.,.
2021,9,10,46,.,.,.,.,.,.,.,.,.,.,.,.,.
2021,9,10,47,.,.,.,.,.,.,.,.,.,.,.,.,.
2021,9,10,48,.,.,.,.,.,.,.,.,.,.,.,.,.
2021,9,10,49,.,.,.,.,.,.,.,.,.,.,.,.,.
2021,9,10,50,.,.,.,.,.,.,.,.,.,.,.,.,.
2021,9,10,51,.,.,.,.,.,.,.,.,.,.,.,.,.
2021,9,10,53,.,.,.,.,.,.,.,.,.,.,.,.,.
2021,9,10,54,.,.,.,.,.,.,.,.,.,.,.,.,.
2021,9,10,55,.,.,.,.,.,.,.,.,.,.,.,.,.
2021,9,10,56,.,.,.,.,.,.,.,.,.,.,.,.,.
2021,9,17,1,.,.,.,.,.,.,.,.,.,.,.,.,.
2021,9,17,2,.,.,.,.,.,.,.,.,.,.,.,.,.
2021,9,17,4,.,.,.,.,.,.,.,.,.,.,.,.,.
2021,9,17,5,.,.,.,.,.,.,.,.,.,.,.,.,.
2021,9,17,6,.,.,.,.,.,.,.,.,.,.,.,.,.
2021,9,17,8,.,.,.,.,.,.,.,.,.,.,.,.,.
2021,9,17,9,.,.,.,.,.,.,.,.,.,.,.,.,.
2021,9,17,10,.,.,.,.,.,.,.,.,.,.,.,.,.
2021,9,17,11,.,.,.,.,.,.,.,.,.,.,.,.,.
2021,9,17,12,.,.,.,.,.,.,.,.,.,.,.,.,.
2021,9,17,13,.,.,.,.,.,.,.,.,.,.,.,.,.
2021,9,17,15,.,.,.,.,.,.,.,.,.,.,.,.,.
2021,9,17,16,.,.,.,.,.,.,.,.,.,.,.,.,.
2021,9,17,17,.,.,.,.,.,.,.,.,.,.,.,.,.
2021,9,17,18,.,.,.,.,.,.,.,.,.,.,.,.,.
2021,9,17,19,.,.,.,.,.,.,.,.,.,.,.,.,.
2021,9,17,20,.,.,.,.,.,.,.,.,.,.,.,.,.
2021,9,17,21,.,.,.,.,.,.,.,.,.,.,.,.,.
2021,9,17,22,.,.,.,.,.,.,.,.,.,.,.,.,.
2021,9,17,23,.,.,.,.,.,.,.,.,.,.,.,.,.
2021,9,17,24,.,.,.,.,.,.,.,.,.,.,.,.,.
2021,9,17,25,.,.,.,.,.,.,.,.,.,.,.,.,.
2021,9,17,26,.,.,.,.,.,.,.,.,.,.,.,.,.
2021,9,17,27,.,.,.,.,.,.,.,.,.,.,.,.,.
2021,9,17,28,.,.,.,.,.,.,.,.,.,.,.,.,.
2021,9,17,29,.,.,.,.,.,.,.,.,.,.,.,.,.
2021,9,17,30,.,.,.,.,.,.,.,.,.,.,.,.,.
2021,9,17,31,.,.,.,.,.,.,.,.,.,.,.,.,.
2021,9,17,32,.,.,.,.,.,.,.,.,.,.,.,.,.
2021,9,17,33,.,.,.,.,.,.,.,.,.,.,.,.,.
2021,9,17,34,.,.,.,.,.,.,.,.,.,.,.,.,.
2021,9,17,35,.,.,.,.,.,.,.,.,.,.,.,.,.
2021,9,17,36,.,.,.,.,.,.,.,.,.,.,.,.,.
2021,9,17,37,.,.,.,.,.,.,.,.,.,.,.,.,.
2021,9,17,38,.,.,.,.,.,.,.,.,.,.,.,.,.
2021,9,17,39,.,.,.,.,.,.,.,.,.,.,.,.,.
2021,9,17,40,.,.,.,.,.,.,.,.,.,.,.,.,.
2021,9,17,41,.,.,.,.,.,.,.,.,.,.,.,.,.
2021,9,17,42,.,.,.,.,.,.,.,.,.,.,.,.,.
2021,9,17,44,.,.,.,.,.,.,.,.,.,.,.,.,.
2021,9,17,45,.,.,.,.,.,.,.,.,.,.,.,.,.
2021,9,17,46,.,.,.,.,.,.,.,.,.,.,.,.,.
2021,9,17,47,.,.,.,.,.,.,.,.,.,.,.,.,.
2021,9,17,48,.,.,.,.,.,.,.,.,.,.,.,.,.
2021,9,17,49,.,.,.,.,.,.,.,.,.,.,.,.,.
2021,9,17,50,.,.,.,.,.,.,.,.,.,.,.,.,.
2021,9,17,51,.,.,.,.,.,.,.,.,.,.,.,.,.
2021,9,17,53,.,.,.,.,.,.,.,.,.,.,.,.,.
2021,9,17,54,.,.,.,.,.,.,.,.,.,.,.,.,.
2021,9,17,55,.,.,.,.,.,.,.,.,.,.,.,.,.
2021,9,17,56,.,.,.,.,.,.,.,.,.,.,.,.,.
2021,9,24,1,.,.,.,.,.,.,.,.,.,.,.,.,.
2021,9,24,2,.,.,.,.,.,.,.,.,.,.,.,.,.
2021,9,24,4,.,.,.,.,.,.,.,.,.,.,.,.,.
2021,9,24,5,.,.,.,.,.,.,.,.,.,.,.,.,.
2021,9,24,6,.,.,.,.,.,.,.,.,.,.,.,.,.
2021,9,24,8,.,.,.,.,.,.,.,.,.,.,.,.,.
2021,9,24,9,.,.,.,.,.,.,.,.,.,.,.,.,.
2021,9,24,10,.,.,.,.,.,.,.,.,.,.,.,.,.
2021,9,24,11,.,.,.,.,.,.,.,.,.,.,.,.,.
2021,9,24,12,.,.,.,.,.,.,.,.,.,.,.,.,.
2021,9,24,13,.,.,.,.,.,.,.,.,.,.,.,.,.
2021,9,24,15,.,.,.,.,.,.,.,.,.,.,.,.,.
2021,9,24,16,.,.,.,.,.,.,.,.,.,.,.,.,.
2021,9,24,17,.,.,.,.,.,.,.,.,.,.,.,.,.
2021,9,24,18,.,.,.,.,.,.,.,.,.,.,.,.,.
2021,9,24,19,.,.,.,.,.,.,.,.,.,.,.,.,.
2021,9,24,20,.,.,.,.,.,.,.,.,.,.,.,.,.
2021,9,24,21,.,.,.,.,.,.,.,.,.,.,.,.,.
2021,9,24,22,.,.,.,.,.,.,.,.,.,.,.,.,.
2021,9,24,23,.,.,.,.,.,.,.,.,.,.,.,.,.
2021,9,24,24,.,.,.,.,.,.,.,.,.,.,.,.,.
2021,9,24,25,.,.,.,.,.,.,.,.,.,.,.,.,.
2021,9,24,26,.,.,.,.,.,.,.,.,.,.,.,.,.
2021,9,24,27,.,.,.,.,.,.,.,.,.,.,.,.,.
2021,9,24,28,.,.,.,.,.,.,.,.,.,.,.,.,.
2021,9,24,29,.,.,.,.,.,.,.,.,.,.,.,.,.
2021,9,24,30,.,.,.,.,.,.,.,.,.,.,.,.,.
2021,9,24,31,.,.,.,.,.,.,.,.,.,.,.,.,.
2021,9,24,32,.,.,.,.,.,.,.,.,.,.,.,.,.
2021,9,24,33,.,.,.,.,.,.,.,.,.,.,.,.,.
2021,9,24,34,.,.,.,.,.,.,.,.,.,.,.,.,.
2021,9,24,35,.,.,.,.,.,.,.,.,.,.,.,.,.
2021,9,24,36,.,.,.,.,.,.,.,.,.,.,.,.,.
2021,9,24,37,.,.,.,.,.,.,.,.,.,.,.,.,.
2021,9,24,38,.,.,.,.,.,.,.,.,.,.,.,.,.
2021,9,24,39,.,.,.,.,.,.,.,.,.,.,.,.,.
2021,9,24,40,.,.,.,.,.,.,.,.,.,.,.,.,.
2021,9,24,41,.,.,.,.,.,.,.,.,.,.,.,.,.
2021,9,24,42,.,.,.,.,.,.,.,.,.,.,.,.,.
2021,9,24,44,.,.,.,.,.,.,.,.,.,.,.,.,.
2021,9,24,45,.,.,.,.,.,.,.,.,.,.,.,.,.
2021,9,24,46,.,.,.,.,.,.,.,.,.,.,.,.,.
2021,9,24,47,.,.,.,.,.,.,.,.,.,.,.,.,.
2021,9,24,48,.,.,.,.,.,.,.,.,.,.,.,.,.
2021,9,24,49,.,.,.,.,.,.,.,.,.,.,.,.,.
2021,9,24,50,.,.,.,.,.,.,.,.,.,.,.,.,.
2021,9,24,51,.,.,.,.,.,.,.,.,.,.,.,.,.
2021,9,24,53,.,.,.,.,.,.,.,.,.,.,.,.,.
2021,9,24,54,.,.,.,.,.,.,.,.,.,.,.,.,.
2021,9,24,55,.,.,.,.,.,.,.,.,.,.,.,.,.
2021,9,24,56,.,.,.,.,.,.,.,.,.,.,.,.,.
2021,10,1,1,.,.,.,.,.,.,.,.,.,.,.,.,.
2021,10,1,2,.,.,.,.,.,.,.,.,.,.,.,.,.
2021,10,1,4,.,.,.,.,.,.,.,.,.,.,.,.,.
2021,10,1,5,.,.,.,.,.,.,.,.,.,.,.,.,.
2021,10,1,6,.,.,.,.,.,.,.,.,.,.,.,.,.
2021,10,1,8,.,.,.,.,.,.,.,.,.,.,.,.,.
2021,10,1,9,.,.,.,.,.,.,.,.,.,.,.,.,.
2021,10,1,10,.,.,.,.,.,.,.,.,.,.,.,.,.
2021,10,1,11,.,.,.,.,.,.,.,.,.,.,.,.,.
2021,10,1,12,.,.,.,.,.,.,.,.,.,.,.,.,.
2021,10,1,13,.,.,.,.,.,.,.,.,.,.,.,.,.
2021,10,1,15,.,.,.,.,.,.,.,.,.,.,.,.,.
2021,10,1,16,.,.,.,.,.,.,.,.,.,.,.,.,.
2021,10,1,17,.,.,.,.,.,.,.,.,.,.,.,.,.
2021,10,1,18,.,.,.,.,.,.,.,.,.,.,.,.,.
2021,10,1,19,.,.,.,.,.,.,.,.,.,.,.,.,.
2021,10,1,20,.,.,.,.,.,.,.,.,.,.,.,.,.
2021,10,1,21,.,.,.,.,.,.,.,.,.,.,.,.,.
2021,10,1,22,.,.,.,.,.,.,.,.,.,.,.,.,.
2021,10,1,23,.,.,.,.,.,.,.,.,.,.,.,.,.
2021,10,1,24,.,.,.,.,.,.,.,.,.,.,.,.,.
2021,10,1,25,.,.,.,.,.,.,.,.,.,.,.,.,.
2021,10,1,26,.,.,.,.,.,.,.,.,.,.,.,.,.
2021,10,1,27,.,.,.,.,.,.,.,.,.,.,.,.,.
2021,10,1,28,.,.,.,.,.,.,.,.,.,.,.,.,.
2021,10,1,29,.,.,.,.,.,.,.,.,.,.,.,.,.
2021,10,1,30,.,.,.,.,.,.,.,.,.,.,.,.,.
2021,10,1,31,.,.,.,.,.,.,.,.,.,.,.,.,.
2021,10,1,32,.,.,.,.,.,.,.,.,.,.,.,.,.
2021,10,1,33,.,.,.,.,.,.,.,.,.,.,.,.,.
2021,10,1,34,.,.,.,.,.,.,.,.,.,.,.,.,.
2021,10,1,35,.,.,.,.,.,.,.,.,.,.,.,.,.
2021,10,1,36,.,.,.,.,.,.,.,.,.,.,.,.,.
2021,10,1,37,.,.,.,.,.,.,.,.,.,.,.,.,.
2021,10,1,38,.,.,.,.,.,.,.,.,.,.,.,.,.
2021,10,1,39,.,.,.,.,.,.,.,.,.,.,.,.,.
2021,10,1,40,.,.,.,.,.,.,.,.,.,.,.,.,.
2021,10,1,41,.,.,.,.,.,.,.,.,.,.,.,.,.
2021,10,1,42,.,.,.,.,.,.,.,.,.,.,.,.,.
2021,10,1,44,.,.,.,.,.,.,.,.,.,.,.,.,.
2021,10,1,45,.,.,.,.,.,.,.,.,.,.,.,.,.
2021,10,1,46,.,.,.,.,.,.,.,.,.,.,.,.,.
2021,10,1,47,.,.,.,.,.,.,.,.,.,.,.,.,.
2021,10,1,48,.,.,.,.,.,.,.,.,.,.,.,.,.
2021,10,1,49,.,.,.,.,.,.,.,.,.,.,.,.,.
2021,10,1,50,.,.,.,.,.,.,.,.,.,.,.,.,.
2021,10,1,51,.,.,.,.,.,.,.,.,.,.,.,.,.
2021,10,1,53,.,.,.,.,.,.,.,.,.,.,.,.,.
2021,10,1,54,.,.,.,.,.,.,.,.,.,.,.,.,.
2021,10,1,55,.,.,.,.,.,.,.,.,.,.,.,.,.
2021,10,1,56,.,.,.,.,.,.,.,.,.,.,.,.,.
2021,10,8,1,.,.,.,.,.,.,.,.,.,.,.,.,.
2021,10,8,2,.,.,.,.,.,.,.,.,.,.,.,.,.
2021,10,8,4,.,.,.,.,.,.,.,.,.,.,.,.,.
2021,10,8,5,.,.,.,.,.,.,.,.,.,.,.,.,.
2021,10,8,6,.,.,.,.,.,.,.,.,.,.,.,.,.
2021,10,8,8,.,.,.,.,.,.,.,.,.,.,.,.,.
2021,10,8,9,.,.,.,.,.,.,.,.,.,.,.,.,.
2021,10,8,10,.,.,.,.,.,.,.,.,.,.,.,.,.
2021,10,8,11,.,.,.,.,.,.,.,.,.,.,.,.,.
2021,10,8,12,.,.,.,.,.,.,.,.,.,.,.,.,.
2021,10,8,13,.,.,.,.,.,.,.,.,.,.,.,.,.
2021,10,8,15,.,.,.,.,.,.,.,.,.,.,.,.,.
2021,10,8,16,.,.,.,.,.,.,.,.,.,.,.,.,.
2021,10,8,17,.,.,.,.,.,.,.,.,.,.,.,.,.
2021,10,8,18,.,.,.,.,.,.,.,.,.,.,.,.,.
2021,10,8,19,.,.,.,.,.,.,.,.,.,.,.,.,.
2021,10,8,20,.,.,.,.,.,.,.,.,.,.,.,.,.
2021,10,8,21,.,.,.,.,.,.,.,.,.,.,.,.,.
2021,10,8,22,.,.,.,.,.,.,.,.,.,.,.,.,.
2021,10,8,23,.,.,.,.,.,.,.,.,.,.,.,.,.
2021,10,8,24,.,.,.,.,.,.,.,.,.,.,.,.,.
2021,10,8,25,.,.,.,.,.,.,.,.,.,.,.,.,.
2021,10,8,26,.,.,.,.,.,.,.,.,.,.,.,.,.
2021,10,8,27,.,.,.,.,.,.,.,.,.,.,.,.,.
2021,10,8,28,.,.,.,.,.,.,.,.,.,.,.,.,.
2021,10,8,29,.,.,.,.,.,.,.,.,.,.,.,.,.
2021,10,8,30,.,.,.,.,.,.,.,.,.,.,.,.,.
2021,10,8,31,.,.,.,.,.,.,.,.,.,.,.,.,.
2021,10,8,32,.,.,.,.,.,.,.,.,.,.,.,.,.
2021,10,8,33,.,.,.,.,.,.,.,.,.,.,.,.,.
2021,10,8,34,.,.,.,.,.,.,.,.,.,.,.,.,.
2021,10,8,35,.,.,.,.,.,.,.,.,.,.,.,.,.
2021,10,8,36,.,.,.,.,.,.,.,.,.,.,.,.,.
2021,10,8,37,.,.,.,.,.,.,.,.,.,.,.,.,.
2021,10,8,38,.,.,.,.,.,.,.,.,.,.,.,.,.
2021,10,8,39,.,.,.,.,.,.,.,.,.,.,.,.,.
2021,10,8,40,.,.,.,.,.,.,.,.,.,.,.,.,.
2021,10,8,41,.,.,.,.,.,.,.,.,.,.,.,.,.
2021,10,8,42,.,.,.,.,.,.,.,.,.,.,.,.,.
2021,10,8,44,.,.,.,.,.,.,.,.,.,.,.,.,.
2021,10,8,45,.,.,.,.,.,.,.,.,.,.,.,.,.
2021,10,8,46,.,.,.,.,.,.,.,.,.,.,.,.,.
2021,10,8,47,.,.,.,.,.,.,.,.,.,.,.,.,.
2021,10,8,48,.,.,.,.,.,.,.,.,.,.,.,.,.
2021,10,8,49,.,.,.,.,.,.,.,.,.,.,.,.,.
2021,10,8,50,.,.,.,.,.,.,.,.,.,.,.,.,.
2021,10,8,51,.,.,.,.,.,.,.,.,.,.,.,.,.
2021,10,8,53,.,.,.,.,.,.,.,.,.,.,.,.,.
2021,10,8,54,.,.,.,.,.,.,.,.,.,.,.,.,.
2021,10,8,55,.,.,.,.,.,.,.,.,.,.,.,.,.
2021,10,8,56,.,.,.,.,.,.,.,.,.,.,.,.,.
2021,10,15,1,.,.,.,.,.,.,.,.,.,.,.,.,.
2021,10,15,2,.,.,.,.,.,.,.,.,.,.,.,.,.
2021,10,15,4,.,.,.,.,.,.,.,.,.,.,.,.,.
2021,10,15,5,.,.,.,.,.,.,.,.,.,.,.,.,.
2021,10,15,6,.,.,.,.,.,.,.,.,.,.,.,.,.
2021,10,15,8,.,.,.,.,.,.,.,.,.,.,.,.,.
2021,10,15,9,.,.,.,.,.,.,.,.,.,.,.,.,.
2021,10,15,10,.,.,.,.,.,.,.,.,.,.,.,.,.
2021,10,15,11,.,.,.,.,.,.,.,.,.,.,.,.,.
2021,10,15,12,.,.,.,.,.,.,.,.,.,.,.,.,.
2021,10,15,13,.,.,.,.,.,.,.,.,.,.,.,.,.
2021,10,15,15,.,.,.,.,.,.,.,.,.,.,.,.,.
2021,10,15,16,.,.,.,.,.,.,.,.,.,.,.,.,.
2021,10,15,17,.,.,.,.,.,.,.,.,.,.,.,.,.
2021,10,15,18,.,.,.,.,.,.,.,.,.,.,.,.,.
2021,10,15,19,.,.,.,.,.,.,.,.,.,.,.,.,.
2021,10,15,20,.,.,.,.,.,.,.,.,.,.,.,.,.
2021,10,15,21,.,.,.,.,.,.,.,.,.,.,.,.,.
2021,10,15,22,.,.,.,.,.,.,.,.,.,.,.,.,.
2021,10,15,23,.,.,.,.,.,.,.,.,.,.,.,.,.
2021,10,15,24,.,.,.,.,.,.,.,.,.,.,.,.,.
2021,10,15,25,.,.,.,.,.,.,.,.,.,.,.,.,.
2021,10,15,26,.,.,.,.,.,.,.,.,.,.,.,.,.
2021,10,15,27,.,.,.,.,.,.,.,.,.,.,.,.,.
2021,10,15,28,.,.,.,.,.,.,.,.,.,.,.,.,.
2021,10,15,29,.,.,.,.,.,.,.,.,.,.,.,.,.
2021,10,15,30,.,.,.,.,.,.,.,.,.,.,.,.,.
2021,10,15,31,.,.,.,.,.,.,.,.,.,.,.,.,.
2021,10,15,32,.,.,.,.,.,.,.,.,.,.,.,.,.
2021,10,15,33,.,.,.,.,.,.,.,.,.,.,.,.,.
2021,10,15,34,.,.,.,.,.,.,.,.,.,.,.,.,.
2021,10,15,35,.,.,.,.,.,.,.,.,.,.,.,.,.
2021,10,15,36,.,.,.,.,.,.,.,.,.,.,.,.,.
2021,10,15,37,.,.,.,.,.,.,.,.,.,.,.,.,.
2021,10,15,38,.,.,.,.,.,.,.,.,.,.,.,.,.
2021,10,15,39,.,.,.,.,.,.,.,.,.,.,.,.,.
2021,10,15,40,.,.,.,.,.,.,.,.,.,.,.,.,.
2021,10,15,41,.,.,.,.,.,.,.,.,.,.,.,.,.
2021,10,15,42,.,.,.,.,.,.,.,.,.,.,.,.,.
2021,10,15,44,.,.,.,.,.,.,.,.,.,.,.,.,.
2021,10,15,45,.,.,.,.,.,.,.,.,.,.,.,.,.
2021,10,15,46,.,.,.,.,.,.,.,.,.,.,.,.,.
2021,10,15,47,.,.,.,.,.,.,.,.,.,.,.,.,.
2021,10,15,48,.,.,.,.,.,.,.,.,.,.,.,.,.
2021,10,15,49,.,.,.,.,.,.,.,.,.,.,.,.,.
2021,10,15,50,.,.,.,.,.,.,.,.,.,.,.,.,.
2021,10,15,51,.,.,.,.,.,.,.,.,.,.,.,.,.
2021,10,15,53,.,.,.,.,.,.,.,.,.,.,.,.,.
2021,10,15,54,.,.,.,.,.,.,.,.,.,.,.,.,.
2021,10,15,55,.,.,.,.,.,.,.,.,.,.,.,.,.
2021,10,15,56,.,.,.,.,.,.,.,.,.,.,.,.,.
2021,10,22,1,.,.,.,.,.,.,.,.,.,.,.,.,.
2021,10,22,2,.,.,.,.,.,.,.,.,.,.,.,.,.
2021,10,22,4,.,.,.,.,.,.,.,.,.,.,.,.,.
2021,10,22,5,.,.,.,.,.,.,.,.,.,.,.,.,.
2021,10,22,6,.,.,.,.,.,.,.,.,.,.,.,.,.
2021,10,22,8,.,.,.,.,.,.,.,.,.,.,.,.,.
2021,10,22,9,.,.,.,.,.,.,.,.,.,.,.,.,.
2021,10,22,10,.,.,.,.,.,.,.,.,.,.,.,.,.
2021,10,22,11,.,.,.,.,.,.,.,.,.,.,.,.,.
2021,10,22,12,.,.,.,.,.,.,.,.,.,.,.,.,.
2021,10,22,13,.,.,.,.,.,.,.,.,.,.,.,.,.
2021,10,22,15,.,.,.,.,.,.,.,.,.,.,.,.,.
2021,10,22,16,.,.,.,.,.,.,.,.,.,.,.,.,.
2021,10,22,17,.,.,.,.,.,.,.,.,.,.,.,.,.
2021,10,22,18,.,.,.,.,.,.,.,.,.,.,.,.,.
2021,10,22,19,.,.,.,.,.,.,.,.,.,.,.,.,.
2021,10,22,20,.,.,.,.,.,.,.,.,.,.,.,.,.
2021,10,22,21,.,.,.,.,.,.,.,.,.,.,.,.,.
2021,10,22,22,.,.,.,.,.,.,.,.,.,.,.,.,.
2021,10,22,23,.,.,.,.,.,.,.,.,.,.,.,.,.
2021,10,22,24,.,.,.,.,.,.,.,.,.,.,.,.,.
2021,10,22,25,.,.,.,.,.,.,.,.,.,.,.,.,.
2021,10,22,26,.,.,.,.,.,.,.,.,.,.,.,.,.
2021,10,22,27,.,.,.,.,.,.,.,.,.,.,.,.,.
2021,10,22,28,.,.,.,.,.,.,.,.,.,.,.,.,.
2021,10,22,29,.,.,.,.,.,.,.,.,.,.,.,.,.
2021,10,22,30,.,.,.,.,.,.,.,.,.,.,.,.,.
2021,10,22,31,.,.,.,.,.,.,.,.,.,.,.,.,.
2021,10,22,32,.,.,.,.,.,.,.,.,.,.,.,.,.
2021,10,22,33,.,.,.,.,.,.,.,.,.,.,.,.,.
2021,10,22,34,.,.,.,.,.,.,.,.,.,.,.,.,.
2021,10,22,35,.,.,.,.,.,.,.,.,.,.,.,.,.
2021,10,22,36,.,.,.,.,.,.,.,.,.,.,.,.,.
2021,10,22,37,.,.,.,.,.,.,.,.,.,.,.,.,.
2021,10,22,38,.,.,.,.,.,.,.,.,.,.,.,.,.
2021,10,22,39,.,.,.,.,.,.,.,.,.,.,.,.,.
2021,10,22,40,.,.,.,.,.,.,.,.,.,.,.,.,.
2021,10,22,41,.,.,.,.,.,.,.,.,.,.,.,.,.
2021,10,22,42,.,.,.,.,.,.,.,.,.,.,.,.,.
2021,10,22,44,.,.,.,.,.,.,.,.,.,.,.,.,.
2021,10,22,45,.,.,.,.,.,.,.,.,.,.,.,.,.
2021,10,22,46,.,.,.,.,.,.,.,.,.,.,.,.,.
2021,10,22,47,.,.,.,.,.,.,.,.,.,.,.,.,.
2021,10,22,48,.,.,.,.,.,.,.,.,.,.,.,.,.
2021,10,22,49,.,.,.,.,.,.,.,.,.,.,.,.,.
2021,10,22,50,.,.,.,.,.,.,.,.,.,.,.,.,.
2021,10,22,51,.,.,.,.,.,.,.,.,.,.,.,.,.
2021,10,22,53,.,.,.,.,.,.,.,.,.,.,.,.,.
2021,10,22,54,.,.,.,.,.,.,.,.,.,.,.,.,.
2021,10,22,55,.,.,.,.,.,.,.,.,.,.,.,.,.
2021,10,22,56,.,.,.,.,.,.,.,.,.,.,.,.,.
2021,10,29,1,.,.,.,.,.,.,.,.,.,.,.,.,.
2021,10,29,2,.,.,.,.,.,.,.,.,.,.,.,.,.
2021,10,29,4,.,.,.,.,.,.,.,.,.,.,.,.,.
2021,10,29,5,.,.,.,.,.,.,.,.,.,.,.,.,.
2021,10,29,6,.,.,.,.,.,.,.,.,.,.,.,.,.
2021,10,29,8,.,.,.,.,.,.,.,.,.,.,.,.,.
2021,10,29,9,.,.,.,.,.,.,.,.,.,.,.,.,.
2021,10,29,10,.,.,.,.,.,.,.,.,.,.,.,.,.
2021,10,29,11,.,.,.,.,.,.,.,.,.,.,.,.,.
2021,10,29,12,.,.,.,.,.,.,.,.,.,.,.,.,.
2021,10,29,13,.,.,.,.,.,.,.,.,.,.,.,.,.
2021,10,29,15,.,.,.,.,.,.,.,.,.,.,.,.,.
2021,10,29,16,.,.,.,.,.,.,.,.,.,.,.,.,.
2021,10,29,17,.,.,.,.,.,.,.,.,.,.,.,.,.
2021,10,29,18,.,.,.,.,.,.,.,.,.,.,.,.,.
2021,10,29,19,.,.,.,.,.,.,.,.,.,.,.,.,.
2021,10,29,20,.,.,.,.,.,.,.,.,.,.,.,.,.
2021,10,29,21,.,.,.,.,.,.,.,.,.,.,.,.,.
2021,10,29,22,.,.,.,.,.,.,.,.,.,.,.,.,.
2021,10,29,23,.,.,.,.,.,.,.,.,.,.,.,.,.
2021,10,29,24,.,.,.,.,.,.,.,.,.,.,.,.,.
2021,10,29,25,.,.,.,.,.,.,.,.,.,.,.,.,.
2021,10,29,26,.,.,.,.,.,.,.,.,.,.,.,.,.
2021,10,29,27,.,.,.,.,.,.,.,.,.,.,.,.,.
2021,10,29,28,.,.,.,.,.,.,.,.,.,.,.,.,.
2021,10,29,29,.,.,.,.,.,.,.,.,.,.,.,.,.
2021,10,29,30,.,.,.,.,.,.,.,.,.,.,.,.,.
2021,10,29,31,.,.,.,.,.,.,.,.,.,.,.,.,.
2021,10,29,32,.,.,.,.,.,.,.,.,.,.,.,.,.
2021,10,29,33,.,.,.,.,.,.,.,.,.,.,.,.,.
2021,10,29,34,.,.,.,.,.,.,.,.,.,.,.,.,.
2021,10,29,35,.,.,.,.,.,.,.,.,.,.,.,.,.
2021,10,29,36,.,.,.,.,.,.,.,.,.,.,.,.,.
2021,10,29,37,.,.,.,.,.,.,.,.,.,.,.,.,.
2021,10,29,38,.,.,.,.,.,.,.,.,.,.,.,.,.
2021,10,29,39,.,.,.,.,.,.,.,.,.,.,.,.,.
2021,10,29,40,.,.,.,.,.,.,.,.,.,.,.,.,.
2021,10,29,41,.,.,.,.,.,.,.,.,.,.,.,.,.
2021,10,29,42,.,.,.,.,.,.,.,.,.,.,.,.,.
2021,10,29,44,.,.,.,.,.,.,.,.,.,.,.,.,.
2021,10,29,45,.,.,.,.,.,.,.,.,.,.,.,.,.
2021,10,29,46,.,.,.,.,.,.,.,.,.,.,.,.,.
2021,10,29,47,.,.,.,.,.,.,.,.,.,.,.,.,.
2021,10,29,48,.,.,.,.,.,.,.,.,.,.,.,.,.
2021,10,29,49,.,.,.,.,.,.,.,.,.,.,.,.,.
2021,10,29,50,.,.,.,.,.,.,.,.,.,.,.,.,.
2021,10,29,51,.,.,.,.,.,.,.,.,.,.,.,.,.
2021,10,29,53,.,.,.,.,.,.,.,.,.,.,.,.,.
2021,10,29,54,.,.,.,.,.,.,.,.,.,.,.,.,.
2021,10,29,55,.,.,.,.,.,.,.,.,.,.,.,.,.
2021,10,29,56,.,.,.,.,.,.,.,.,.,.,.,.,.
2021,11,5,1,.,.,.,.,.,.,.,.,.,.,.,.,.
2021,11,5,2,.,.,.,.,.,.,.,.,.,.,.,.,.
2021,11,5,4,.,.,.,.,.,.,.,.,.,.,.,.,.
2021,11,5,5,.,.,.,.,.,.,.,.,.,.,.,.,.
2021,11,5,6,.,.,.,.,.,.,.,.,.,.,.,.,.
2021,11,5,8,.,.,.,.,.,.,.,.,.,.,.,.,.
2021,11,5,9,.,.,.,.,.,.,.,.,.,.,.,.,.
2021,11,5,10,.,.,.,.,.,.,.,.,.,.,.,.,.
2021,11,5,11,.,.,.,.,.,.,.,.,.,.,.,.,.
2021,11,5,12,.,.,.,.,.,.,.,.,.,.,.,.,.
2021,11,5,13,.,.,.,.,.,.,.,.,.,.,.,.,.
2021,11,5,15,.,.,.,.,.,.,.,.,.,.,.,.,.
2021,11,5,16,.,.,.,.,.,.,.,.,.,.,.,.,.
2021,11,5,17,.,.,.,.,.,.,.,.,.,.,.,.,.
2021,11,5,18,.,.,.,.,.,.,.,.,.,.,.,.,.
2021,11,5,19,.,.,.,.,.,.,.,.,.,.,.,.,.
2021,11,5,20,.,.,.,.,.,.,.,.,.,.,.,.,.
2021,11,5,21,.,.,.,.,.,.,.,.,.,.,.,.,.
2021,11,5,22,.,.,.,.,.,.,.,.,.,.,.,.,.
2021,11,5,23,.,.,.,.,.,.,.,.,.,.,.,.,.
2021,11,5,24,.,.,.,.,.,.,.,.,.,.,.,.,.
2021,11,5,25,.,.,.,.,.,.,.,.,.,.,.,.,.
2021,11,5,26,.,.,.,.,.,.,.,.,.,.,.,.,.
2021,11,5,27,.,.,.,.,.,.,.,.,.,.,.,.,.
2021,11,5,28,.,.,.,.,.,.,.,.,.,.,.,.,.
2021,11,5,29,.,.,.,.,.,.,.,.,.,.,.,.,.
2021,11,5,30,.,.,.,.,.,.,.,.,.,.,.,.,.
2021,11,5,31,.,.,.,.,.,.,.,.,.,.,.,.,.
2021,11,5,32,.,.,.,.,.,.,.,.,.,.,.,.,.
2021,11,5,33,.,.,.,.,.,.,.,.,.,.,.,.,.
2021,11,5,34,.,.,.,.,.,.,.,.,.,.,.,.,.
2021,11,5,35,.,.,.,.,.,.,.,.,.,.,.,.,.
2021,11,5,36,.,.,.,.,.,.,.,.,.,.,.,.,.
2021,11,5,37,.,.,.,.,.,.,.,.,.,.,.,.,.
2021,11,5,38,.,.,.,.,.,.,.,.,.,.,.,.,.
2021,11,5,39,.,.,.,.,.,.,.,.,.,.,.,.,.
2021,11,5,40,.,.,.,.,.,.,.,.,.,.,.,.,.
2021,11,5,41,.,.,.,.,.,.,.,.,.,.,.,.,.
2021,11,5,42,.,.,.,.,.,.,.,.,.,.,.,.,.
2021,11,5,44,.,.,.,.,.,.,.,.,.,.,.,.,.
2021,11,5,45,.,.,.,.,.,.,.,.,.,.,.,.,.
2021,11,5,46,.,.,.,.,.,.,.,.,.,.,.,.,.
2021,11,5,47,.,.,.,.,.,.,.,.,.,.,.,.,.
2021,11,5,48,.,.,.,.,.,.,.,.,.,.,.,.,.
2021,11,5,49,.,.,.,.,.,.,.,.,.,.,.,.,.
2021,11,5,50,.,.,.,.,.,.,.,.,.,.,.,.,.
2021,11,5,51,.,.,.,.,.,.,.,.,.,.,.,.,.
2021,11,5,53,.,.,.,.,.,.,.,.,.,.,.,.,.
2021,11,5,54,.,.,.,.,.,.,.,.,.,.,.,.,.
2021,11,5,55,.,.,.,.,.,.,.,.,.,.,.,.,.
2021,11,5,56,.,.,.,.,.,.,.,.,.,.,.,.,.
2021,11,12,1,.,.,.,.,.,.,.,.,.,.,.,.,.
2021,11,12,2,.,.,.,.,.,.,.,.,.,.,.,.,.
2021,11,12,4,.,.,.,.,.,.,.,.,.,.,.,.,.
2021,11,12,5,.,.,.,.,.,.,.,.,.,.,.,.,.
2021,11,12,6,.,.,.,.,.,.,.,.,.,.,.,.,.
2021,11,12,8,.,.,.,.,.,.,.,.,.,.,.,.,.
2021,11,12,9,.,.,.,.,.,.,.,.,.,.,.,.,.
2021,11,12,10,.,.,.,.,.,.,.,.,.,.,.,.,.
2021,11,12,11,.,.,.,.,.,.,.,.,.,.,.,.,.
2021,11,12,12,.,.,.,.,.,.,.,.,.,.,.,.,.
2021,11,12,13,.,.,.,.,.,.,.,.,.,.,.,.,.
2021,11,12,15,.,.,.,.,.,.,.,.,.,.,.,.,.
2021,11,12,16,.,.,.,.,.,.,.,.,.,.,.,.,.
2021,11,12,17,.,.,.,.,.,.,.,.,.,.,.,.,.
2021,11,12,18,.,.,.,.,.,.,.,.,.,.,.,.,.
2021,11,12,19,.,.,.,.,.,.,.,.,.,.,.,.,.
2021,11,12,20,.,.,.,.,.,.,.,.,.,.,.,.,.
2021,11,12,21,.,.,.,.,.,.,.,.,.,.,.,.,.
2021,11,12,22,.,.,.,.,.,.,.,.,.,.,.,.,.
2021,11,12,23,.,.,.,.,.,.,.,.,.,.,.,.,.
2021,11,12,24,.,.,.,.,.,.,.,.,.,.,.,.,.
2021,11,12,25,.,.,.,.,.,.,.,.,.,.,.,.,.
2021,11,12,26,.,.,.,.,.,.,.,.,.,.,.,.,.
2021,11,12,27,.,.,.,.,.,.,.,.,.,.,.,.,.
2021,11,12,28,.,.,.,.,.,.,.,.,.,.,.,.,.
2021,11,12,29,.,.,.,.,.,.,.,.,.,.,.,.,.
2021,11,12,30,.,.,.,.,.,.,.,.,.,.,.,.,.
2021,11,12,31,.,.,.,.,.,.,.,.,.,.,.,.,.
2021,11,12,32,.,.,.,.,.,.,.,.,.,.,.,.,.
2021,11,12,33,.,.,.,.,.,.,.,.,.,.,.,.,.
2021,11,12,34,.,.,.,.,.,.,.,.,.,.,.,.,.
2021,11,12,35,.,.,.,.,.,.,.,.,.,.,.,.,.
2021,11,12,36,.,.,.,.,.,.,.,.,.,.,.,.,.
2021,11,12,37,.,.,.,.,.,.,.,.,.,.,.,.,.
2021,11,12,38,.,.,.,.,.,.,.,.,.,.,.,.,.
2021,11,12,39,.,.,.,.,.,.,.,.,.,.,.,.,.
2021,11,12,40,.,.,.,.,.,.,.,.,.,.,.,.,.
2021,11,12,41,.,.,.,.,.,.,.,.,.,.,.,.,.
2021,11,12,42,.,.,.,.,.,.,.,.,.,.,.,.,.
2021,11,12,44,.,.,.,.,.,.,.,.,.,.,.,.,.
2021,11,12,45,.,.,.,.,.,.,.,.,.,.,.,.,.
2021,11,12,46,.,.,.,.,.,.,.,.,.,.,.,.,.
2021,11,12,47,.,.,.,.,.,.,.,.,.,.,.,.,.
2021,11,12,48,.,.,.,.,.,.,.,.,.,.,.,.,.
2021,11,12,49,.,.,.,.,.,.,.,.,.,.,.,.,.
2021,11,12,50,.,.,.,.,.,.,.,.,.,.,.,.,.
2021,11,12,51,.,.,.,.,.,.,.,.,.,.,.,.,.
2021,11,12,53,.,.,.,.,.,.,.,.,.,.,.,.,.
2021,11,12,54,.,.,.,.,.,.,.,.,.,.,.,.,.
2021,11,12,55,.,.,.,.,.,.,.,.,.,.,.,.,.
2021,11,12,56,.,.,.,.,.,.,.,.,.,.,.,.,.
2021,11,19,1,.,.,.,.,.,.,.,.,.,.,.,.,.
2021,11,19,2,.,.,.,.,.,.,.,.,.,.,.,.,.
2021,11,19,4,.,.,.,.,.,.,.,.,.,.,.,.,.
2021,11,19,5,.,.,.,.,.,.,.,.,.,.,.,.,.
2021,11,19,6,.,.,.,.,.,.,.,.,.,.,.,.,.
2021,11,19,8,.,.,.,.,.,.,.,.,.,.,.,.,.
2021,11,19,9,.,.,.,.,.,.,.,.,.,.,.,.,.
2021,11,19,10,.,.,.,.,.,.,.,.,.,.,.,.,.
2021,11,19,11,.,.,.,.,.,.,.,.,.,.,.,.,.
2021,11,19,12,.,.,.,.,.,.,.,.,.,.,.,.,.
2021,11,19,13,.,.,.,.,.,.,.,.,.,.,.,.,.
2021,11,19,15,.,.,.,.,.,.,.,.,.,.,.,.,.
2021,11,19,16,.,.,.,.,.,.,.,.,.,.,.,.,.
2021,11,19,17,.,.,.,.,.,.,.,.,.,.,.,.,.
2021,11,19,18,.,.,.,.,.,.,.,.,.,.,.,.,.
2021,11,19,19,.,.,.,.,.,.,.,.,.,.,.,.,.
2021,11,19,20,.,.,.,.,.,.,.,.,.,.,.,.,.
2021,11,19,21,.,.,.,.,.,.,.,.,.,.,.,.,.
2021,11,19,22,.,.,.,.,.,.,.,.,.,.,.,.,.
2021,11,19,23,.,.,.,.,.,.,.,.,.,.,.,.,.
2021,11,19,24,.,.,.,.,.,.,.,.,.,.,.,.,.
2021,11,19,25,.,.,.,.,.,.,.,.,.,.,.,.,.
2021,11,19,26,.,.,.,.,.,.,.,.,.,.,.,.,.
2021,11,19,27,.,.,.,.,.,.,.,.,.,.,.,.,.
2021,11,19,28,.,.,.,.,.,.,.,.,.,.,.,.,.
2021,11,19,29,.,.,.,.,.,.,.,.,.,.,.,.,.
2021,11,19,30,.,.,.,.,.,.,.,.,.,.,.,.,.
2021,11,19,31,.,.,.,.,.,.,.,.,.,.,.,.,.
2021,11,19,32,.,.,.,.,.,.,.,.,.,.,.,.,.
2021,11,19,33,.,.,.,.,.,.,.,.,.,.,.,.,.
2021,11,19,34,.,.,.,.,.,.,.,.,.,.,.,.,.
2021,11,19,35,.,.,.,.,.,.,.,.,.,.,.,.,.
2021,11,19,36,.,.,.,.,.,.,.,.,.,.,.,.,.
2021,11,19,37,.,.,.,.,.,.,.,.,.,.,.,.,.
2021,11,19,38,.,.,.,.,.,.,.,.,.,.,.,.,.
2021,11,19,39,.,.,.,.,.,.,.,.,.,.,.,.,.
2021,11,19,40,.,.,.,.,.,.,.,.,.,.,.,.,.
2021,11,19,41,.,.,.,.,.,.,.,.,.,.,.,.,.
2021,11,19,42,.,.,.,.,.,.,.,.,.,.,.,.,.
2021,11,19,44,.,.,.,.,.,.,.,.,.,.,.,.,.
2021,11,19,45,.,.,.,.,.,.,.,.,.,.,.,.,.
2021,11,19,46,.,.,.,.,.,.,.,.,.,.,.,.,.
2021,11,19,47,.,.,.,.,.,.,.,.,.,.,.,.,.
2021,11,19,48,.,.,.,.,.,.,.,.,.,.,.,.,.
2021,11,19,49,.,.,.,.,.,.,.,.,.,.,.,.,.
2021,11,19,50,.,.,.,.,.,.,.,.,.,.,.,.,.
2021,11,19,51,.,.,.,.,.,.,.,.,.,.,.,.,.
2021,11,19,53,.,.,.,.,.,.,.,.,.,.,.,.,.
2021,11,19,54,.,.,.,.,.,.,.,.,.,.,.,.,.
2021,11,19,55,.,.,.,.,.,.,.,.,.,.,.,.,.
2021,11,19,56,.,.,.,.,.,.,.,.,.,.,.,.,.
2021,11,26,1,.,.,.,.,.,.,.,.,.,.,.,.,.
2021,11,26,2,.,.,.,.,.,.,.,.,.,.,.,.,.
2021,11,26,4,.,.,.,.,.,.,.,.,.,.,.,.,.
2021,11,26,5,.,.,.,.,.,.,.,.,.,.,.,.,.
2021,11,26,6,.,.,.,.,.,.,.,.,.,.,.,.,.
2021,11,26,8,.,.,.,.,.,.,.,.,.,.,.,.,.
2021,11,26,9,.,.,.,.,.,.,.,.,.,.,.,.,.
2021,11,26,10,.,.,.,.,.,.,.,.,.,.,.,.,.
2021,11,26,11,.,.,.,.,.,.,.,.,.,.,.,.,.
2021,11,26,12,.,.,.,.,.,.,.,.,.,.,.,.,.
2021,11,26,13,.,.,.,.,.,.,.,.,.,.,.,.,.
2021,11,26,15,.,.,.,.,.,.,.,.,.,.,.,.,.
2021,11,26,16,.,.,.,.,.,.,.,.,.,.,.,.,.
2021,11,26,17,.,.,.,.,.,.,.,.,.,.,.,.,.
2021,11,26,18,.,.,.,.,.,.,.,.,.,.,.,.,.
2021,11,26,19,.,.,.,.,.,.,.,.,.,.,.,.,.
2021,11,26,20,.,.,.,.,.,.,.,.,.,.,.,.,.
2021,11,26,21,.,.,.,.,.,.,.,.,.,.,.,.,.
2021,11,26,22,.,.,.,.,.,.,.,.,.,.,.,.,.
2021,11,26,23,.,.,.,.,.,.,.,.,.,.,.,.,.
2021,11,26,24,.,.,.,.,.,.,.,.,.,.,.,.,.
2021,11,26,25,.,.,.,.,.,.,.,.,.,.,.,.,.
2021,11,26,26,.,.,.,.,.,.,.,.,.,.,.,.,.
2021,11,26,27,.,.,.,.,.,.,.,.,.,.,.,.,.
2021,11,26,28,.,.,.,.,.,.,.,.,.,.,.,.,.
2021,11,26,29,.,.,.,.,.,.,.,.,.,.,.,.,.
2021,11,26,30,.,.,.,.,.,.,.,.,.,.,.,.,.
2021,11,26,31,.,.,.,.,.,.,.,.,.,.,.,.,.
2021,11,26,32,.,.,.,.,.,.,.,.,.,.,.,.,.
2021,11,26,33,.,.,.,.,.,.,.,.,.,.,.,.,.
2021,11,26,34,.,.,.,.,.,.,.,.,.,.,.,.,.
2021,11,26,35,.,.,.,.,.,.,.,.,.,.,.,.,.
2021,11,26,36,.,.,.,.,.,.,.,.,.,.,.,.,.
2021,11,26,37,.,.,.,.,.,.,.,.,.,.,.,.,.
2021,11,26,38,.,.,.,.,.,.,.,.,.,.,.,.,.
2021,11,26,39,.,.,.,.,.,.,.,.,.,.,.,.,.
2021,11,26,40,.,.,.,.,.,.,.,.,.,.,.,.,.
2021,11,26,41,.,.,.,.,.,.,.,.,.,.,.,.,.
2021,11,26,42,.,.,.,.,.,.,.,.,.,.,.,.,.
2021,11,26,44,.,.,.,.,.,.,.,.,.,.,.,.,.
2021,11,26,45,.,.,.,.,.,.,.,.,.,.,.,.,.
2021,11,26,46,.,.,.,.,.,.,.,.,.,.,.,.,.
2021,11,26,47,.,.,.,.,.,.,.,.,.,.,.,.,.
2021,11,26,48,.,.,.,.,.,.,.,.,.,.,.,.,.
2021,11,26,49,.,.,.,.,.,.,.,.,.,.,.,.,.
2021,11,26,50,.,.,.,.,.,.,.,.,.,.,.,.,.
2021,11,26,51,.,.,.,.,.,.,.,.,.,.,.,.,.
2021,11,26,53,.,.,.,.,.,.,.,.,.,.,.,.,.
2021,11,26,54,.,.,.,.,.,.,.,.,.,.,.,.,.
2021,11,26,55,.,.,.,.,.,.,.,.,.,.,.,.,.
2021,11,26,56,.,.,.,.,.,.,.,.,.,.,.,.,.
2021,12,3,1,.,.,.,.,.,.,.,.,.,.,.,.,.
2021,12,3,2,.,.,.,.,.,.,.,.,.,.,.,.,.
2021,12,3,4,.,.,.,.,.,.,.,.,.,.,.,.,.
2021,12,3,5,.,.,.,.,.,.,.,.,.,.,.,.,.
2021,12,3,6,.,.,.,.,.,.,.,.,.,.,.,.,.
2021,12,3,8,.,.,.,.,.,.,.,.,.,.,.,.,.
2021,12,3,9,.,.,.,.,.,.,.,.,.,.,.,.,.
2021,12,3,10,.,.,.,.,.,.,.,.,.,.,.,.,.
2021,12,3,11,.,.,.,.,.,.,.,.,.,.,.,.,.
2021,12,3,12,.,.,.,.,.,.,.,.,.,.,.,.,.
2021,12,3,13,.,.,.,.,.,.,.,.,.,.,.,.,.
2021,12,3,15,.,.,.,.,.,.,.,.,.,.,.,.,.
2021,12,3,16,.,.,.,.,.,.,.,.,.,.,.,.,.
2021,12,3,17,.,.,.,.,.,.,.,.,.,.,.,.,.
2021,12,3,18,.,.,.,.,.,.,.,.,.,.,.,.,.
2021,12,3,19,.,.,.,.,.,.,.,.,.,.,.,.,.
2021,12,3,20,.,.,.,.,.,.,.,.,.,.,.,.,.
2021,12,3,21,.,.,.,.,.,.,.,.,.,.,.,.,.
2021,12,3,22,.,.,.,.,.,.,.,.,.,.,.,.,.
2021,12,3,23,.,.,.,.,.,.,.,.,.,.,.,.,.
2021,12,3,24,.,.,.,.,.,.,.,.,.,.,.,.,.
2021,12,3,25,.,.,.,.,.,.,.,.,.,.,.,.,.
2021,12,3,26,.,.,.,.,.,.,.,.,.,.,.,.,.
2021,12,3,27,.,.,.,.,.,.,.,.,.,.,.,.,.
2021,12,3,28,.,.,.,.,.,.,.,.,.,.,.,.,.
2021,12,3,29,.,.,.,.,.,.,.,.,.,.,.,.,.
2021,12,3,30,.,.,.,.,.,.,.,.,.,.,.,.,.
2021,12,3,31,.,.,.,.,.,.,.,.,.,.,.,.,.
2021,12,3,32,.,.,.,.,.,.,.,.,.,.,.,.,.
2021,12,3,33,.,.,.,.,.,.,.,.,.,.,.,.,.
2021,12,3,34,.,.,.,.,.,.,.,.,.,.,.,.,.
2021,12,3,35,.,.,.,.,.,.,.,.,.,.,.,.,.
2021,12,3,36,.,.,.,.,.,.,.,.,.,.,.,.,.
2021,12,3,37,.,.,.,.,.,.,.,.,.,.,.,.,.
2021,12,3,38,.,.,.,.,.,.,.,.,.,.,.,.,.
2021,12,3,39,.,.,.,.,.,.,.,.,.,.,.,.,.
2021,12,3,40,.,.,.,.,.,.,.,.,.,.,.,.,.
2021,12,3,41,.,.,.,.,.,.,.,.,.,.,.,.,.
2021,12,3,42,.,.,.,.,.,.,.,.,.,.,.,.,.
2021,12,3,44,.,.,.,.,.,.,.,.,.,.,.,.,.
2021,12,3,45,.,.,.,.,.,.,.,.,.,.,.,.,.
2021,12,3,46,.,.,.,.,.,.,.,.,.,.,.,.,.
2021,12,3,47,.,.,.,.,.,.,.,.,.,.,.,.,.
2021,12,3,48,.,.,.,.,.,.,.,.,.,.,.,.,.
2021,12,3,49,.,.,.,.,.,.,.,.,.,.,.,.,.
2021,12,3,50,.,.,.,.,.,.,.,.,.,.,.,.,.
2021,12,3,51,.,.,.,.,.,.,.,.,.,.,.,.,.
2021,12,3,53,.,.,.,.,.,.,.,.,.,.,.,.,.
2021,12,3,54,.,.,.,.,.,.,.,.,.,.,.,.,.
2021,12,3,55,.,.,.,.,.,.,.,.,.,.,.,.,.
2021,12,3,56,.,.,.,.,.,.,.,.,.,.,.,.,.
2021,12,10,1,.,.,.,.,.,.,.,.,.,.,.,.,.
2021,12,10,2,.,.,.,.,.,.,.,.,.,.,.,.,.
2021,12,10,4,.,.,.,.,.,.,.,.,.,.,.,.,.
2021,12,10,5,.,.,.,.,.,.,.,.,.,.,.,.,.
2021,12,10,6,.,.,.,.,.,.,.,.,.,.,.,.,.
2021,12,10,8,.,.,.,.,.,.,.,.,.,.,.,.,.
2021,12,10,9,.,.,.,.,.,.,.,.,.,.,.,.,.
2021,12,10,10,.,.,.,.,.,.,.,.,.,.,.,.,.
2021,12,10,11,.,.,.,.,.,.,.,.,.,.,.,.,.
2021,12,10,12,.,.,.,.,.,.,.,.,.,.,.,.,.
2021,12,10,13,.,.,.,.,.,.,.,.,.,.,.,.,.
2021,12,10,15,.,.,.,.,.,.,.,.,.,.,.,.,.
2021,12,10,16,.,.,.,.,.,.,.,.,.,.,.,.,.
2021,12,10,17,.,.,.,.,.,.,.,.,.,.,.,.,.
2021,12,10,18,.,.,.,.,.,.,.,.,.,.,.,.,.
2021,12,10,19,.,.,.,.,.,.,.,.,.,.,.,.,.
2021,12,10,20,.,.,.,.,.,.,.,.,.,.,.,.,.
2021,12,10,21,.,.,.,.,.,.,.,.,.,.,.,.,.
2021,12,10,22,.,.,.,.,.,.,.,.,.,.,.,.,.
2021,12,10,23,.,.,.,.,.,.,.,.,.,.,.,.,.
2021,12,10,24,.,.,.,.,.,.,.,.,.,.,.,.,.
2021,12,10,25,.,.,.,.,.,.,.,.,.,.,.,.,.
2021,12,10,26,.,.,.,.,.,.,.,.,.,.,.,.,.
2021,12,10,27,.,.,.,.,.,.,.,.,.,.,.,.,.
2021,12,10,28,.,.,.,.,.,.,.,.,.,.,.,.,.
2021,12,10,29,.,.,.,.,.,.,.,.,.,.,.,.,.
2021,12,10,30,.,.,.,.,.,.,.,.,.,.,.,.,.
2021,12,10,31,.,.,.,.,.,.,.,.,.,.,.,.,.
2021,12,10,32,.,.,.,.,.,.,.,.,.,.,.,.,.
2021,12,10,33,.,.,.,.,.,.,.,.,.,.,.,.,.
2021,12,10,34,.,.,.,.,.,.,.,.,.,.,.,.,.
2021,12,10,35,.,.,.,.,.,.,.,.,.,.,.,.,.
2021,12,10,36,.,.,.,.,.,.,.,.,.,.,.,.,.
2021,12,10,37,.,.,.,.,.,.,.,.,.,.,.,.,.
2021,12,10,38,.,.,.,.,.,.,.,.,.,.,.,.,.
2021,12,10,39,.,.,.,.,.,.,.,.,.,.,.,.,.
2021,12,10,40,.,.,.,.,.,.,.,.,.,.,.,.,.
2021,12,10,41,.,.,.,.,.,.,.,.,.,.,.,.,.
2021,12,10,42,.,.,.,.,.,.,.,.,.,.,.,.,.
2021,12,10,44,.,.,.,.,.,.,.,.,.,.,.,.,.
2021,12,10,45,.,.,.,.,.,.,.,.,.,.,.,.,.
2021,12,10,46,.,.,.,.,.,.,.,.,.,.,.,.,.
2021,12,10,47,.,.,.,.,.,.,.,.,.,.,.,.,.
2021,12,10,48,.,.,.,.,.,.,.,.,.,.,.,.,.
2021,12,10,49,.,.,.,.,.,.,.,.,.,.,.,.,.
2021,12,10,50,.,.,.,.,.,.,.,.,.,.,.,.,.
2021,12,10,51,.,.,.,.,.,.,.,.,.,.,.,.,.
2021,12,10,53,.,.,.,.,.,.,.,.,.,.,.,.,.
2021,12,10,54,.,.,.,.,.,.,.,.,.,.,.,.,.
2021,12,10,55,.,.,.,.,.,.,.,.,.,.,.,.,.
2021,12,10,56,.,.,.,.,.,.,.,.,.,.,.,.,.
2021,12,17,1,.,.,.,.,.,.,.,.,.,.,.,.,.
2021,12,17,2,.,.,.,.,.,.,.,.,.,.,.,.,.
2021,12,17,4,.,.,.,.,.,.,.,.,.,.,.,.,.
2021,12,17,5,.,.,.,.,.,.,.,.,.,.,.,.,.
2021,12,17,6,.,.,.,.,.,.,.,.,.,.,.,.,.
2021,12,17,8,.,.,.,.,.,.,.,.,.,.,.,.,.
2021,12,17,9,.,.,.,.,.,.,.,.,.,.,.,.,.
2021,12,17,10,.,.,.,.,.,.,.,.,.,.,.,.,.
2021,12,17,11,.,.,.,.,.,.,.,.,.,.,.,.,.
2021,12,17,12,.,.,.,.,.,.,.,.,.,.,.,.,.
2021,12,17,13,.,.,.,.,.,.,.,.,.,.,.,.,.
2021,12,17,15,.,.,.,.,.,.,.,.,.,.,.,.,.
2021,12,17,16,.,.,.,.,.,.,.,.,.,.,.,.,.
2021,12,17,17,.,.,.,.,.,.,.,.,.,.,.,.,.
2021,12,17,18,.,.,.,.,.,.,.,.,.,.,.,.,.
2021,12,17,19,.,.,.,.,.,.,.,.,.,.,.,.,.
2021,12,17,20,.,.,.,.,.,.,.,.,.,.,.,.,.
2021,12,17,21,.,.,.,.,.,.,.,.,.,.,.,.,.
2021,12,17,22,.,.,.,.,.,.,.,.,.,.,.,.,.
2021,12,17,23,.,.,.,.,.,.,.,.,.,.,.,.,.
2021,12,17,24,.,.,.,.,.,.,.,.,.,.,.,.,.
2021,12,17,25,.,.,.,.,.,.,.,.,.,.,.,.,.
2021,12,17,26,.,.,.,.,.,.,.,.,.,.,.,.,.
2021,12,17,27,.,.,.,.,.,.,.,.,.,.,.,.,.
2021,12,17,28,.,.,.,.,.,.,.,.,.,.,.,.,.
2021,12,17,29,.,.,.,.,.,.,.,.,.,.,.,.,.
2021,12,17,30,.,.,.,.,.,.,.,.,.,.,.,.,.
2021,12,17,31,.,.,.,.,.,.,.,.,.,.,.,.,.
2021,12,17,32,.,.,.,.,.,.,.,.,.,.,.,.,.
2021,12,17,33,.,.,.,.,.,.,.,.,.,.,.,.,.
2021,12,17,34,.,.,.,.,.,.,.,.,.,.,.,.,.
2021,12,17,35,.,.,.,.,.,.,.,.,.,.,.,.,.
2021,12,17,36,.,.,.,.,.,.,.,.,.,.,.,.,.
2021,12,17,37,.,.,.,.,.,.,.,.,.,.,.,.,.
2021,12,17,38,.,.,.,.,.,.,.,.,.,.,.,.,.
2021,12,17,39,.,.,.,.,.,.,.,.,.,.,.,.,.
2021,12,17,40,.,.,.,.,.,.,.,.,.,.,.,.,.
2021,12,17,41,.,.,.,.,.,.,.,.,.,.,.,.,.
2021,12,17,42,.,.,.,.,.,.,.,.,.,.,.,.,.
2021,12,17,44,.,.,.,.,.,.,.,.,.,.,.,.,.
2021,12,17,45,.,.,.,.,.,.,.,.,.,.,.,.,.
2021,12,17,46,.,.,.,.,.,.,.,.,.,.,.,.,.
2021,12,17,47,.,.,.,.,.,.,.,.,.,.,.,.,.
2021,12,17,48,.,.,.,.,.,.,.,.,.,.,.,.,.
2021,12,17,49,.,.,.,.,.,.,.,.,.,.,.,.,.
2021,12,17,50,.,.,.,.,.,.,.,.,.,.,.,.,.
2021,12,17,51,.,.,.,.,.,.,.,.,.,.,.,.,.
2021,12,17,53,.,.,.,.,.,.,.,.,.,.,.,.,.
2021,12,17,54,.,.,.,.,.,.,.,.,.,.,.,.,.
2021,12,17,55,.,.,.,.,.,.,.,.,.,.,.,.,.
2021,12,17,56,.,.,.,.,.,.,.,.,.,.,.,.,.
2021,12,24,1,.,.,.,.,.,.,.,.,.,.,.,.,.
2021,12,24,2,.,.,.,.,.,.,.,.,.,.,.,.,.
2021,12,24,4,.,.,.,.,.,.,.,.,.,.,.,.,.
2021,12,24,5,.,.,.,.,.,.,.,.,.,.,.,.,.
2021,12,24,6,.,.,.,.,.,.,.,.,.,.,.,.,.
2021,12,24,8,.,.,.,.,.,.,.,.,.,.,.,.,.
2021,12,24,9,.,.,.,.,.,.,.,.,.,.,.,.,.
2021,12,24,10,.,.,.,.,.,.,.,.,.,.,.,.,.
2021,12,24,11,.,.,.,.,.,.,.,.,.,.,.,.,.
2021,12,24,12,.,.,.,.,.,.,.,.,.,.,.,.,.
2021,12,24,13,.,.,.,.,.,.,.,.,.,.,.,.,.
2021,12,24,15,.,.,.,.,.,.,.,.,.,.,.,.,.
2021,12,24,16,.,.,.,.,.,.,.,.,.,.,.,.,.
2021,12,24,17,.,.,.,.,.,.,.,.,.,.,.,.,.
2021,12,24,18,.,.,.,.,.,.,.,.,.,.,.,.,.
2021,12,24,19,.,.,.,.,.,.,.,.,.,.,.,.,.
2021,12,24,20,.,.,.,.,.,.,.,.,.,.,.,.,.
2021,12,24,21,.,.,.,.,.,.,.,.,.,.,.,.,.
2021,12,24,22,.,.,.,.,.,.,.,.,.,.,.,.,.
2021,12,24,23,.,.,.,.,.,.,.,.,.,.,.,.,.
2021,12,24,24,.,.,.,.,.,.,.,.,.,.,.,.,.
2021,12,24,25,.,.,.,.,.,.,.,.,.,.,.,.,.
2021,12,24,26,.,.,.,.,.,.,.,.,.,.,.,.,.
2021,12,24,27,.,.,.,.,.,.,.,.,.,.,.,.,.
2021,12,24,28,.,.,.,.,.,.,.,.,.,.,.,.,.
2021,12,24,29,.,.,.,.,.,.,.,.,.,.,.,.,.
2021,12,24,30,.,.,.,.,.,.,.,.,.,.,.,.,.
2021,12,24,31,.,.,.,.,.,.,.,.,.,.,.,.,.
2021,12,24,32,.,.,.,.,.,.,.,.,.,.,.,.,.
2021,12,24,33,.,.,.,.,.,.,.,.,.,.,.,.,.
2021,12,24,34,.,.,.,.,.,.,.,.,.,.,.,.,.
2021,12,24,35,.,.,.,.,.,.,.,.,.,.,.,.,.
2021,12,24,36,.,.,.,.,.,.,.,.,.,.,.,.,.
2021,12,24,37,.,.,.,.,.,.,.,.,.,.,.,.,.
2021,12,24,38,.,.,.,.,.,.,.,.,.,.,.,.,.
2021,12,24,39,.,.,.,.,.,.,.,.,.,.,.,.,.
2021,12,24,40,.,.,.,.,.,.,.,.,.,.,.,.,.
2021,12,24,41,.,.,.,.,.,.,.,.,.,.,.,.,.
2021,12,24,42,.,.,.,.,.,.,.,.,.,.,.,.,.
2021,12,24,44,.,.,.,.,.,.,.,.,.,.,.,.,.
2021,12,24,45,.,.,.,.,.,.,.,.,.,.,.,.,.
2021,12,24,46,.,.,.,.,.,.,.,.,.,.,.,.,.
2021,12,24,47,.,.,.,.,.,.,.,.,.,.,.,.,.
2021,12,24,48,.,.,.,.,.,.,.,.,.,.,.,.,.
2021,12,24,49,.,.,.,.,.,.,.,.,.,.,.,.,.
2021,12,24,50,.,.,.,.,.,.,.,.,.,.,.,.,.
2021,12,24,51,.,.,.,.,.,.,.,.,.,.,.,.,.
2021,12,24,53,.,.,.,.,.,.,.,.,.,.,.,.,.
2021,12,24,54,.,.,.,.,.,.,.,.,.,.,.,.,.
2021,12,24,55,.,.,.,.,.,.,.,.,.,.,.,.,.
2021,12,24,56,.,.,.,.,.,.,.,.,.,.,.,.,.
2021,12,31,1,.,.,.,.,.,.,.,.,.,.,.,.,.
2021,12,31,2,.,.,.,.,.,.,.,.,.,.,.,.,.
2021,12,31,4,.,.,.,.,.,.,.,.,.,.,.,.,.
2021,12,31,5,.,.,.,.,.,.,.,.,.,.,.,.,.
2021,12,31,6,.,.,.,.,.,.,.,.,.,.,.,.,.
2021,12,31,8,.,.,.,.,.,.,.,.,.,.,.,.,.
2021,12,31,9,.,.,.,.,.,.,.,.,.,.,.,.,.
2021,12,31,10,.,.,.,.,.,.,.,.,.,.,.,.,.
2021,12,31,11,.,.,.,.,.,.,.,.,.,.,.,.,.
2021,12,31,12,.,.,.,.,.,.,.,.,.,.,.,.,.
2021,12,31,13,.,.,.,.,.,.,.,.,.,.,.,.,.
2021,12,31,15,.,.,.,.,.,.,.,.,.,.,.,.,.
2021,12,31,16,.,.,.,.,.,.,.,.,.,.,.,.,.
2021,12,31,17,.,.,.,.,.,.,.,.,.,.,.,.,.
2021,12,31,18,.,.,.,.,.,.,.,.,.,.,.,.,.
2021,12,31,19,.,.,.,.,.,.,.,.,.,.,.,.,.
2021,12,31,20,.,.,.,.,.,.,.,.,.,.,.,.,.
2021,12,31,21,.,.,.,.,.,.,.,.,.,.,.,.,.
2021,12,31,22,.,.,.,.,.,.,.,.,.,.,.,.,.
2021,12,31,23,.,.,.,.,.,.,.,.,.,.,.,.,.
2021,12,31,24,.,.,.,.,.,.,.,.,.,.,.,.,.
2021,12,31,25,.,.,.,.,.,.,.,.,.,.,.,.,.
2021,12,31,26,.,.,.,.,.,.,.,.,.,.,.,.,.
2021,12,31,27,.,.,.,.,.,.,.,.,.,.,.,.,.
2021,12,31,28,.,.,.,.,.,.,.,.,.,.,.,.,.
2021,12,31,29,.,.,.,.,.,.,.,.,.,.,.,.,.
2021,12,31,30,.,.,.,.,.,.,.,.,.,.,.,.,.
2021,12,31,31,.,.,.,.,.,.,.,.,.,.,.,.,.
2021,12,31,32,.,.,.,.,.,.,.,.,.,.,.,.,.
2021,12,31,33,.,.,.,.,.,.,.,.,.,.,.,.,.
2021,12,31,34,.,.,.,.,.,.,.,.,.,.,.,.,.
2021,12,31,35,.,.,.,.,.,.,.,.,.,.,.,.,.
2021,12,31,36,.,.,.,.,.,.,.,.,.,.,.,.,.
2021,12,31,37,.,.,.,.,.,.,.,.,.,.,.,.,.
2021,12,31,38,.,.,.,.,.,.,.,.,.,.,.,.,.
2021,12,31,39,.,.,.,.,.,.,.,.,.,.,.,.,.
2021,12,31,40,.,.,.,.,.,.,.,.,.,.,.,.,.
2021,12,31,41,.,.,.,.,.,.,.,.,.,.,.,.,.
2021,12,31,42,.,.,.,.,.,.,.,.,.,.,.,.,.
2021,12,31,44,.,.,.,.,.,.,.,.,.,.,.,.,.
2021,12,31,45,.,.,.,.,.,.,.,.,.,.,.,.,.
2021,12,31,46,.,.,.,.,.,.,.,.,.,.,.,.,.
2021,12,31,47,.,.,.,.,.,.,.,.,.,.,.,.,.
2021,12,31,48,.,.,.,.,.,.,.,.,.,.,.,.,.
2021,12,31,49,.,.,.,.,.,.,.,.,.,.,.,.,.
2021,12,31,50,.,.,.,.,.,.,.,.,.,.,.,.,.
2021,12,31,51,.,.,.,.,.,.,.,.,.,.,.,.,.
2021,12,31,53,.,.,.,.,.,.,.,.,.,.,.,.,.
2021,12,31,54,.,.,.,.,.,.,.,.,.,.,.,.,.
2021,12,31,55,.,.,.,.,.,.,.,.,.,.,.,.,.
2021,12,31,56,.,.,.,.,.,.,.,.,.,.,.,.,.
2022,1,7,1,.,.,.,.,.,.,.,.,.,.,.,.,.
2022,1,7,2,.,.,.,.,.,.,.,.,.,.,.,.,.
2022,1,7,4,.,.,.,.,.,.,.,.,.,.,.,.,.
2022,1,7,5,.,.,.,.,.,.,.,.,.,.,.,.,.
2022,1,7,6,.,.,.,.,.,.,.,.,.,.,.,.,.
2022,1,7,8,.,.,.,.,.,.,.,.,.,.,.,.,.
2022,1,7,9,.,.,.,.,.,.,.,.,.,.,.,.,.
2022,1,7,10,.,.,.,.,.,.,.,.,.,.,.,.,.
2022,1,7,11,.,.,.,.,.,.,.,.,.,.,.,.,.
2022,1,7,12,.,.,.,.,.,.,.,.,.,.,.,.,.
2022,1,7,13,.,.,.,.,.,.,.,.,.,.,.,.,.
2022,1,7,15,.,.,.,.,.,.,.,.,.,.,.,.,.
2022,1,7,16,.,.,.,.,.,.,.,.,.,.,.,.,.
2022,1,7,17,.,.,.,.,.,.,.,.,.,.,.,.,.
2022,1,7,18,.,.,.,.,.,.,.,.,.,.,.,.,.
2022,1,7,19,.,.,.,.,.,.,.,.,.,.,.,.,.
2022,1,7,20,.,.,.,.,.,.,.,.,.,.,.,.,.
2022,1,7,21,.,.,.,.,.,.,.,.,.,.,.,.,.
2022,1,7,22,.,.,.,.,.,.,.,.,.,.,.,.,.
2022,1,7,23,.,.,.,.,.,.,.,.,.,.,.,.,.
2022,1,7,24,.,.,.,.,.,.,.,.,.,.,.,.,.
2022,1,7,25,.,.,.,.,.,.,.,.,.,.,.,.,.
2022,1,7,26,.,.,.,.,.,.,.,.,.,.,.,.,.
2022,1,7,27,.,.,.,.,.,.,.,.,.,.,.,.,.
2022,1,7,28,.,.,.,.,.,.,.,.,.,.,.,.,.
2022,1,7,29,.,.,.,.,.,.,.,.,.,.,.,.,.
2022,1,7,30,.,.,.,.,.,.,.,.,.,.,.,.,.
2022,1,7,31,.,.,.,.,.,.,.,.,.,.,.,.,.
2022,1,7,32,.,.,.,.,.,.,.,.,.,.,.,.,.
2022,1,7,33,.,.,.,.,.,.,.,.,.,.,.,.,.
2022,1,7,34,.,.,.,.,.,.,.,.,.,.,.,.,.
2022,1,7,35,.,.,.,.,.,.,.,.,.,.,.,.,.
2022,1,7,36,.,.,.,.,.,.,.,.,.,.,.,.,.
2022,1,7,37,.,.,.,.,.,.,.,.,.,.,.,.,.
2022,1,7,38,.,.,.,.,.,.,.,.,.,.,.,.,.
2022,1,7,39,.,.,.,.,.,.,.,.,.,.,.,.,.
2022,1,7,40,.,.,.,.,.,.,.,.,.,.,.,.,.
2022,1,7,41,.,.,.,.,.,.,.,.,.,.,.,.,.
2022,1,7,42,.,.,.,.,.,.,.,.,.,.,.,.,.
2022,1,7,44,.,.,.,.,.,.,.,.,.,.,.,.,.
2022,1,7,45,.,.,.,.,.,.,.,.,.,.,.,.,.
2022,1,7,46,.,.,.,.,.,.,.,.,.,.,.,.,.
2022,1,7,47,.,.,.,.,.,.,.,.,.,.,.,.,.
2022,1,7,48,.,.,.,.,.,.,.,.,.,.,.,.,.
2022,1,7,49,.,.,.,.,.,.,.,.,.,.,.,.,.
2022,1,7,50,.,.,.,.,.,.,.,.,.,.,.,.,.
2022,1,7,51,.,.,.,.,.,.,.,.,.,.,.,.,.
2022,1,7,53,.,.,.,.,.,.,.,.,.,.,.,.,.
2022,1,7,54,.,.,.,.,.,.,.,.,.,.,.,.,.
2022,1,7,55,.,.,.,.,.,.,.,.,.,.,.,.,.
2022,1,7,56,.,.,.,.,.,.,.,.,.,.,.,.,.
2022,1,14,1,.,.,.,.,.,.,.,.,.,.,.,.,.
2022,1,14,2,.,.,.,.,.,.,.,.,.,.,.,.,.
2022,1,14,4,.,.,.,.,.,.,.,.,.,.,.,.,.
2022,1,14,5,.,.,.,.,.,.,.,.,.,.,.,.,.
2022,1,14,6,.,.,.,.,.,.,.,.,.,.,.,.,.
2022,1,14,8,.,.,.,.,.,.,.,.,.,.,.,.,.
2022,1,14,9,.,.,.,.,.,.,.,.,.,.,.,.,.
2022,1,14,10,.,.,.,.,.,.,.,.,.,.,.,.,.
2022,1,14,11,.,.,.,.,.,.,.,.,.,.,.,.,.
2022,1,14,12,.,.,.,.,.,.,.,.,.,.,.,.,.
2022,1,14,13,.,.,.,.,.,.,.,.,.,.,.,.,.
2022,1,14,15,.,.,.,.,.,.,.,.,.,.,.,.,.
2022,1,14,16,.,.,.,.,.,.,.,.,.,.,.,.,.
2022,1,14,17,.,.,.,.,.,.,.,.,.,.,.,.,.
2022,1,14,18,.,.,.,.,.,.,.,.,.,.,.,.,.
2022,1,14,19,.,.,.,.,.,.,.,.,.,.,.,.,.
2022,1,14,20,.,.,.,.,.,.,.,.,.,.,.,.,.
2022,1,14,21,.,.,.,.,.,.,.,.,.,.,.,.,.
2022,1,14,22,.,.,.,.,.,.,.,.,.,.,.,.,.
2022,1,14,23,.,.,.,.,.,.,.,.,.,.,.,.,.
2022,1,14,24,.,.,.,.,.,.,.,.,.,.,.,.,.
2022,1,14,25,.,.,.,.,.,.,.,.,.,.,.,.,.
2022,1,14,26,.,.,.,.,.,.,.,.,.,.,.,.,.
2022,1,14,27,.,.,.,.,.,.,.,.,.,.,.,.,.
2022,1,14,28,.,.,.,.,.,.,.,.,.,.,.,.,.
2022,1,14,29,.,.,.,.,.,.,.,.,.,.,.,.,.
2022,1,14,30,.,.,.,.,.,.,.,.,.,.,.,.,.
2022,1,14,31,.,.,.,.,.,.,.,.,.,.,.,.,.
2022,1,14,32,.,.,.,.,.,.,.,.,.,.,.,.,.
2022,1,14,33,.,.,.,.,.,.,.,.,.,.,.,.,.
2022,1,14,34,.,.,.,.,.,.,.,.,.,.,.,.,.
2022,1,14,35,.,.,.,.,.,.,.,.,.,.,.,.,.
2022,1,14,36,.,.,.,.,.,.,.,.,.,.,.,.,.
2022,1,14,37,.,.,.,.,.,.,.,.,.,.,.,.,.
2022,1,14,38,.,.,.,.,.,.,.,.,.,.,.,.,.
2022,1,14,39,.,.,.,.,.,.,.,.,.,.,.,.,.
2022,1,14,40,.,.,.,.,.,.,.,.,.,.,.,.,.
2022,1,14,41,.,.,.,.,.,.,.,.,.,.,.,.,.
2022,1,14,42,.,.,.,.,.,.,.,.,.,.,.,.,.
2022,1,14,44,.,.,.,.,.,.,.,.,.,.,.,.,.
2022,1,14,45,.,.,.,.,.,.,.,.,.,.,.,.,.
2022,1,14,46,.,.,.,.,.,.,.,.,.,.,.,.,.
2022,1,14,47,.,.,.,.,.,.,.,.,.,.,.,.,.
2022,1,14,48,.,.,.,.,.,.,.,.,.,.,.,.,.
2022,1,14,49,.,.,.,.,.,.,.,.,.,.,.,.,.
2022,1,14,50,.,.,.,.,.,.,.,.,.,.,.,.,.
2022,1,14,51,.,.,.,.,.,.,.,.,.,.,.,.,.
2022,1,14,53,.,.,.,.,.,.,.,.,.,.,.,.,.
2022,1,14,54,.,.,.,.,.,.,.,.,.,.,.,.,.
2022,1,14,55,.,.,.,.,.,.,.,.,.,.,.,.,.
2022,1,14,56,.,.,.,.,.,.,.,.,.,.,.,.,.
2022,1,21,1,.,.,.,.,.,.,.,.,.,.,.,.,.
2022,1,21,2,.,.,.,.,.,.,.,.,.,.,.,.,.
2022,1,21,4,.,.,.,.,.,.,.,.,.,.,.,.,.
2022,1,21,5,.,.,.,.,.,.,.,.,.,.,.,.,.
2022,1,21,6,.,.,.,.,.,.,.,.,.,.,.,.,.
2022,1,21,8,.,.,.,.,.,.,.,.,.,.,.,.,.
2022,1,21,9,.,.,.,.,.,.,.,.,.,.,.,.,.
2022,1,21,10,.,.,.,.,.,.,.,.,.,.,.,.,.
2022,1,21,11,.,.,.,.,.,.,.,.,.,.,.,.,.
2022,1,21,12,.,.,.,.,.,.,.,.,.,.,.,.,.
2022,1,21,13,.,.,.,.,.,.,.,.,.,.,.,.,.
2022,1,21,15,.,.,.,.,.,.,.,.,.,.,.,.,.
2022,1,21,16,.,.,.,.,.,.,.,.,.,.,.,.,.
2022,1,21,17,.,.,.,.,.,.,.,.,.,.,.,.,.
2022,1,21,18,.,.,.,.,.,.,.,.,.,.,.,.,.
2022,1,21,19,.,.,.,.,.,.,.,.,.,.,.,.,.
2022,1,21,20,.,.,.,.,.,.,.,.,.,.,.,.,.
2022,1,21,21,.,.,.,.,.,.,.,.,.,.,.,.,.
2022,1,21,22,.,.,.,.,.,.,.,.,.,.,.,.,.
2022,1,21,23,.,.,.,.,.,.,.,.,.,.,.,.,.
2022,1,21,24,.,.,.,.,.,.,.,.,.,.,.,.,.
2022,1,21,25,.,.,.,.,.,.,.,.,.,.,.,.,.
2022,1,21,26,.,.,.,.,.,.,.,.,.,.,.,.,.
2022,1,21,27,.,.,.,.,.,.,.,.,.,.,.,.,.
2022,1,21,28,.,.,.,.,.,.,.,.,.,.,.,.,.
2022,1,21,29,.,.,.,.,.,.,.,.,.,.,.,.,.
2022,1,21,30,.,.,.,.,.,.,.,.,.,.,.,.,.
2022,1,21,31,.,.,.,.,.,.,.,.,.,.,.,.,.
2022,1,21,32,.,.,.,.,.,.,.,.,.,.,.,.,.
2022,1,21,33,.,.,.,.,.,.,.,.,.,.,.,.,.
2022,1,21,34,.,.,.,.,.,.,.,.,.,.,.,.,.
2022,1,21,35,.,.,.,.,.,.,.,.,.,.,.,.,.
2022,1,21,36,.,.,.,.,.,.,.,.,.,.,.,.,.
2022,1,21,37,.,.,.,.,.,.,.,.,.,.,.,.,.
2022,1,21,38,.,.,.,.,.,.,.,.,.,.,.,.,.
2022,1,21,39,.,.,.,.,.,.,.,.,.,.,.,.,.
2022,1,21,40,.,.,.,.,.,.,.,.,.,.,.,.,.
2022,1,21,41,.,.,.,.,.,.,.,.,.,.,.,.,.
2022,1,21,42,.,.,.,.,.,.,.,.,.,.,.,.,.
2022,1,21,44,.,.,.,.,.,.,.,.,.,.,.,.,.
2022,1,21,45,.,.,.,.,.,.,.,.,.,.,.,.,.
2022,1,21,46,.,.,.,.,.,.,.,.,.,.,.,.,.
2022,1,21,47,.,.,.,.,.,.,.,.,.,.,.,.,.
2022,1,21,48,.,.,.,.,.,.,.,.,.,.,.,.,.
2022,1,21,49,.,.,.,.,.,.,.,.,.,.,.,.,.
2022,1,21,50,.,.,.,.,.,.,.,.,.,.,.,.,.
2022,1,21,51,.,.,.,.,.,.,.,.,.,.,.,.,.
2022,1,21,53,.,.,.,.,.,.,.,.,.,.,.,.,.
2022,1,21,54,.,.,.,.,.,.,.,.,.,.,.,.,.
2022,1,21,55,.,.,.,.,.,.,.,.,.,.,.,.,.
2022,1,21,56,.,.,.,.,.,.,.,.,.,.,.,.,.
2022,1,28,1,.,.,.,.,.,.,.,.,.,.,.,.,.
2022,1,28,2,.,.,.,.,.,.,.,.,.,.,.,.,.
2022,1,28,4,.,.,.,.,.,.,.,.,.,.,.,.,.
2022,1,28,5,.,.,.,.,.,.,.,.,.,.,.,.,.
2022,1,28,6,.,.,.,.,.,.,.,.,.,.,.,.,.
2022,1,28,8,.,.,.,.,.,.,.,.,.,.,.,.,.
2022,1,28,9,.,.,.,.,.,.,.,.,.,.,.,.,.
2022,1,28,10,.,.,.,.,.,.,.,.,.,.,.,.,.
2022,1,28,11,.,.,.,.,.,.,.,.,.,.,.,.,.
2022,1,28,12,.,.,.,.,.,.,.,.,.,.,.,.,.
2022,1,28,13,.,.,.,.,.,.,.,.,.,.,.,.,.
2022,1,28,15,.,.,.,.,.,.,.,.,.,.,.,.,.
2022,1,28,16,.,.,.,.,.,.,.,.,.,.,.,.,.
2022,1,28,17,.,.,.,.,.,.,.,.,.,.,.,.,.
2022,1,28,18,.,.,.,.,.,.,.,.,.,.,.,.,.
2022,1,28,19,.,.,.,.,.,.,.,.,.,.,.,.,.
2022,1,28,20,.,.,.,.,.,.,.,.,.,.,.,.,.
2022,1,28,21,.,.,.,.,.,.,.,.,.,.,.,.,.
2022,1,28,22,.,.,.,.,.,.,.,.,.,.,.,.,.
2022,1,28,23,.,.,.,.,.,.,.,.,.,.,.,.,.
2022,1,28,24,.,.,.,.,.,.,.,.,.,.,.,.,.
2022,1,28,25,.,.,.,.,.,.,.,.,.,.,.,.,.
2022,1,28,26,.,.,.,.,.,.,.,.,.,.,.,.,.
2022,1,28,27,.,.,.,.,.,.,.,.,.,.,.,.,.
2022,1,28,28,.,.,.,.,.,.,.,.,.,.,.,.,.
2022,1,28,29,.,.,.,.,.,.,.,.,.,.,.,.,.
2022,1,28,30,.,.,.,.,.,.,.,.,.,.,.,.,.
2022,1,28,31,.,.,.,.,.,.,.,.,.,.,.,.,.
2022,1,28,32,.,.,.,.,.,.,.,.,.,.,.,.,.
2022,1,28,33,.,.,.,.,.,.,.,.,.,.,.,.,.
2022,1,28,34,.,.,.,.,.,.,.,.,.,.,.,.,.
2022,1,28,35,.,.,.,.,.,.,.,.,.,.,.,.,.
2022,1,28,36,.,.,.,.,.,.,.,.,.,.,.,.,.
2022,1,28,37,.,.,.,.,.,.,.,.,.,.,.,.,.
2022,1,28,38,.,.,.,.,.,.,.,.,.,.,.,.,.
2022,1,28,39,.,.,.,.,.,.,.,.,.,.,.,.,.
2022,1,28,40,.,.,.,.,.,.,.,.,.,.,.,.,.
2022,1,28,41,.,.,.,.,.,.,.,.,.,.,.,.,.
2022,1,28,42,.,.,.,.,.,.,.,.,.,.,.,.,.
2022,1,28,44,.,.,.,.,.,.,.,.,.,.,.,.,.
2022,1,28,45,.,.,.,.,.,.,.,.,.,.,.,.,.
2022,1,28,46,.,.,.,.,.,.,.,.,.,.,.,.,.
2022,1,28,47,.,.,.,.,.,.,.,.,.,.,.,.,.
2022,1,28,48,.,.,.,.,.,.,.,.,.,.,.,.,.
2022,1,28,49,.,.,.,.,.,.,.,.,.,.,.,.,.
2022,1,28,50,.,.,.,.,.,.,.,.,.,.,.,.,.
2022,1,28,51,.,.,.,.,.,.,.,.,.,.,.,.,.
2022,1,28,53,.,.,.,.,.,.,.,.,.,.,.,.,.
2022,1,28,54,.,.,.,.,.,.,.,.,.,.,.,.,.
2022,1,28,55,.,.,.,.,.,.,.,.,.,.,.,.,.
2022,1,28,56,.,.,.,.,.,.,.,.,.,.,.,.,.
2022,2,4,1,.,.,.,.,.,.,.,.,.,.,.,.,.
2022,2,4,2,.,.,.,.,.,.,.,.,.,.,.,.,.
2022,2,4,4,.,.,.,.,.,.,.,.,.,.,.,.,.
2022,2,4,5,.,.,.,.,.,.,.,.,.,.,.,.,.
2022,2,4,6,.,.,.,.,.,.,.,.,.,.,.,.,.
2022,2,4,8,.,.,.,.,.,.,.,.,.,.,.,.,.
2022,2,4,9,.,.,.,.,.,.,.,.,.,.,.,.,.
2022,2,4,10,.,.,.,.,.,.,.,.,.,.,.,.,.
2022,2,4,11,.,.,.,.,.,.,.,.,.,.,.,.,.
2022,2,4,12,.,.,.,.,.,.,.,.,.,.,.,.,.
2022,2,4,13,.,.,.,.,.,.,.,.,.,.,.,.,.
2022,2,4,15,.,.,.,.,.,.,.,.,.,.,.,.,.
2022,2,4,16,.,.,.,.,.,.,.,.,.,.,.,.,.
2022,2,4,17,.,.,.,.,.,.,.,.,.,.,.,.,.
2022,2,4,18,.,.,.,.,.,.,.,.,.,.,.,.,.
2022,2,4,19,.,.,.,.,.,.,.,.,.,.,.,.,.
2022,2,4,20,.,.,.,.,.,.,.,.,.,.,.,.,.
2022,2,4,21,.,.,.,.,.,.,.,.,.,.,.,.,.
2022,2,4,22,.,.,.,.,.,.,.,.,.,.,.,.,.
2022,2,4,23,.,.,.,.,.,.,.,.,.,.,.,.,.
2022,2,4,24,.,.,.,.,.,.,.,.,.,.,.,.,.
2022,2,4,25,.,.,.,.,.,.,.,.,.,.,.,.,.
2022,2,4,26,.,.,.,.,.,.,.,.,.,.,.,.,.
2022,2,4,27,.,.,.,.,.,.,.,.,.,.,.,.,.
2022,2,4,28,.,.,.,.,.,.,.,.,.,.,.,.,.
2022,2,4,29,.,.,.,.,.,.,.,.,.,.,.,.,.
2022,2,4,30,.,.,.,.,.,.,.,.,.,.,.,.,.
2022,2,4,31,.,.,.,.,.,.,.,.,.,.,.,.,.
2022,2,4,32,.,.,.,.,.,.,.,.,.,.,.,.,.
2022,2,4,33,.,.,.,.,.,.,.,.,.,.,.,.,.
2022,2,4,34,.,.,.,.,.,.,.,.,.,.,.,.,.
2022,2,4,35,.,.,.,.,.,.,.,.,.,.,.,.,.
2022,2,4,36,.,.,.,.,.,.,.,.,.,.,.,.,.
2022,2,4,37,.,.,.,.,.,.,.,.,.,.,.,.,.
2022,2,4,38,.,.,.,.,.,.,.,.,.,.,.,.,.
2022,2,4,39,.,.,.,.,.,.,.,.,.,.,.,.,.
2022,2,4,40,.,.,.,.,.,.,.,.,.,.,.,.,.
2022,2,4,41,.,.,.,.,.,.,.,.,.,.,.,.,.
2022,2,4,42,.,.,.,.,.,.,.,.,.,.,.,.,.
2022,2,4,44,.,.,.,.,.,.,.,.,.,.,.,.,.
2022,2,4,45,.,.,.,.,.,.,.,.,.,.,.,.,.
2022,2,4,46,.,.,.,.,.,.,.,.,.,.,.,.,.
2022,2,4,47,.,.,.,.,.,.,.,.,.,.,.,.,.
2022,2,4,48,.,.,.,.,.,.,.,.,.,.,.,.,.
2022,2,4,49,.,.,.,.,.,.,.,.,.,.,.,.,.
2022,2,4,50,.,.,.,.,.,.,.,.,.,.,.,.,.
2022,2,4,51,.,.,.,.,.,.,.,.,.,.,.,.,.
2022,2,4,53,.,.,.,.,.,.,.,.,.,.,.,.,.
2022,2,4,54,.,.,.,.,.,.,.,.,.,.,.,.,.
2022,2,4,55,.,.,.,.,.,.,.,.,.,.,.,.,.
2022,2,4,56,.,.,.,.,.,.,.,.,.,.,.,.,.
2022,2,11,1,.,.,.,.,.,.,.,.,.,.,.,.,.
2022,2,11,2,.,.,.,.,.,.,.,.,.,.,.,.,.
2022,2,11,4,.,.,.,.,.,.,.,.,.,.,.,.,.
2022,2,11,5,.,.,.,.,.,.,.,.,.,.,.,.,.
2022,2,11,6,.,.,.,.,.,.,.,.,.,.,.,.,.
2022,2,11,8,.,.,.,.,.,.,.,.,.,.,.,.,.
2022,2,11,9,.,.,.,.,.,.,.,.,.,.,.,.,.
2022,2,11,10,.,.,.,.,.,.,.,.,.,.,.,.,.
2022,2,11,11,.,.,.,.,.,.,.,.,.,.,.,.,.
2022,2,11,12,.,.,.,.,.,.,.,.,.,.,.,.,.
2022,2,11,13,.,.,.,.,.,.,.,.,.,.,.,.,.
2022,2,11,15,.,.,.,.,.,.,.,.,.,.,.,.,.
2022,2,11,16,.,.,.,.,.,.,.,.,.,.,.,.,.
2022,2,11,17,.,.,.,.,.,.,.,.,.,.,.,.,.
2022,2,11,18,.,.,.,.,.,.,.,.,.,.,.,.,.
2022,2,11,19,.,.,.,.,.,.,.,.,.,.,.,.,.
2022,2,11,20,.,.,.,.,.,.,.,.,.,.,.,.,.
2022,2,11,21,.,.,.,.,.,.,.,.,.,.,.,.,.
2022,2,11,22,.,.,.,.,.,.,.,.,.,.,.,.,.
2022,2,11,23,.,.,.,.,.,.,.,.,.,.,.,.,.
2022,2,11,24,.,.,.,.,.,.,.,.,.,.,.,.,.
2022,2,11,25,.,.,.,.,.,.,.,.,.,.,.,.,.
2022,2,11,26,.,.,.,.,.,.,.,.,.,.,.,.,.
2022,2,11,27,.,.,.,.,.,.,.,.,.,.,.,.,.
2022,2,11,28,.,.,.,.,.,.,.,.,.,.,.,.,.
2022,2,11,29,.,.,.,.,.,.,.,.,.,.,.,.,.
2022,2,11,30,.,.,.,.,.,.,.,.,.,.,.,.,.
2022,2,11,31,.,.,.,.,.,.,.,.,.,.,.,.,.
2022,2,11,32,.,.,.,.,.,.,.,.,.,.,.,.,.
2022,2,11,33,.,.,.,.,.,.,.,.,.,.,.,.,.
2022,2,11,34,.,.,.,.,.,.,.,.,.,.,.,.,.
2022,2,11,35,.,.,.,.,.,.,.,.,.,.,.,.,.
2022,2,11,36,.,.,.,.,.,.,.,.,.,.,.,.,.
2022,2,11,37,.,.,.,.,.,.,.,.,.,.,.,.,.
2022,2,11,38,.,.,.,.,.,.,.,.,.,.,.,.,.
2022,2,11,39,.,.,.,.,.,.,.,.,.,.,.,.,.
2022,2,11,40,.,.,.,.,.,.,.,.,.,.,.,.,.
2022,2,11,41,.,.,.,.,.,.,.,.,.,.,.,.,.
2022,2,11,42,.,.,.,.,.,.,.,.,.,.,.,.,.
2022,2,11,44,.,.,.,.,.,.,.,.,.,.,.,.,.
2022,2,11,45,.,.,.,.,.,.,.,.,.,.,.,.,.
2022,2,11,46,.,.,.,.,.,.,.,.,.,.,.,.,.
2022,2,11,47,.,.,.,.,.,.,.,.,.,.,.,.,.
2022,2,11,48,.,.,.,.,.,.,.,.,.,.,.,.,.
2022,2,11,49,.,.,.,.,.,.,.,.,.,.,.,.,.
2022,2,11,50,.,.,.,.,.,.,.,.,.,.,.,.,.
2022,2,11,51,.,.,.,.,.,.,.,.,.,.,.,.,.
2022,2,11,53,.,.,.,.,.,.,.,.,.,.,.,.,.
2022,2,11,54,.,.,.,.,.,.,.,.,.,.,.,.,.
2022,2,11,55,.,.,.,.,.,.,.,.,.,.,.,.,.
2022,2,11,56,.,.,.,.,.,.,.,.,.,.,.,.,.
2022,2,18,1,.,.,.,.,.,.,.,.,.,.,.,.,.
2022,2,18,2,.,.,.,.,.,.,.,.,.,.,.,.,.
2022,2,18,4,.,.,.,.,.,.,.,.,.,.,.,.,.
2022,2,18,5,.,.,.,.,.,.,.,.,.,.,.,.,.
2022,2,18,6,.,.,.,.,.,.,.,.,.,.,.,.,.
2022,2,18,8,.,.,.,.,.,.,.,.,.,.,.,.,.
2022,2,18,9,.,.,.,.,.,.,.,.,.,.,.,.,.
2022,2,18,10,.,.,.,.,.,.,.,.,.,.,.,.,.
2022,2,18,11,.,.,.,.,.,.,.,.,.,.,.,.,.
2022,2,18,12,.,.,.,.,.,.,.,.,.,.,.,.,.
2022,2,18,13,.,.,.,.,.,.,.,.,.,.,.,.,.
2022,2,18,15,.,.,.,.,.,.,.,.,.,.,.,.,.
2022,2,18,16,.,.,.,.,.,.,.,.,.,.,.,.,.
2022,2,18,17,.,.,.,.,.,.,.,.,.,.,.,.,.
2022,2,18,18,.,.,.,.,.,.,.,.,.,.,.,.,.
2022,2,18,19,.,.,.,.,.,.,.,.,.,.,.,.,.
2022,2,18,20,.,.,.,.,.,.,.,.,.,.,.,.,.
2022,2,18,21,.,.,.,.,.,.,.,.,.,.,.,.,.
2022,2,18,22,.,.,.,.,.,.,.,.,.,.,.,.,.
2022,2,18,23,.,.,.,.,.,.,.,.,.,.,.,.,.
2022,2,18,24,.,.,.,.,.,.,.,.,.,.,.,.,.
2022,2,18,25,.,.,.,.,.,.,.,.,.,.,.,.,.
2022,2,18,26,.,.,.,.,.,.,.,.,.,.,.,.,.
2022,2,18,27,.,.,.,.,.,.,.,.,.,.,.,.,.
2022,2,18,28,.,.,.,.,.,.,.,.,.,.,.,.,.
2022,2,18,29,.,.,.,.,.,.,.,.,.,.,.,.,.
2022,2,18,30,.,.,.,.,.,.,.,.,.,.,.,.,.
2022,2,18,31,.,.,.,.,.,.,.,.,.,.,.,.,.
2022,2,18,32,.,.,.,.,.,.,.,.,.,.,.,.,.
2022,2,18,33,.,.,.,.,.,.,.,.,.,.,.,.,.
2022,2,18,34,.,.,.,.,.,.,.,.,.,.,.,.,.
2022,2,18,35,.,.,.,.,.,.,.,.,.,.,.,.,.
2022,2,18,36,.,.,.,.,.,.,.,.,.,.,.,.,.
2022,2,18,37,.,.,.,.,.,.,.,.,.,.,.,.,.
2022,2,18,38,.,.,.,.,.,.,.,.,.,.,.,.,.
2022,2,18,39,.,.,.,.,.,.,.,.,.,.,.,.,.
2022,2,18,40,.,.,.,.,.,.,.,.,.,.,.,.,.
2022,2,18,41,.,.,.,.,.,.,.,.,.,.,.,.,.
2022,2,18,42,.,.,.,.,.,.,.,.,.,.,.,.,.
2022,2,18,44,.,.,.,.,.,.,.,.,.,.,.,.,.
2022,2,18,45,.,.,.,.,.,.,.,.,.,.,.,.,.
2022,2,18,46,.,.,.,.,.,.,.,.,.,.,.,.,.
2022,2,18,47,.,.,.,.,.,.,.,.,.,.,.,.,.
2022,2,18,48,.,.,.,.,.,.,.,.,.,.,.,.,.
2022,2,18,49,.,.,.,.,.,.,.,.,.,.,.,.,.
2022,2,18,50,.,.,.,.,.,.,.,.,.,.,.,.,.
2022,2,18,51,.,.,.,.,.,.,.,.,.,.,.,.,.
2022,2,18,53,.,.,.,.,.,.,.,.,.,.,.,.,.
2022,2,18,54,.,.,.,.,.,.,.,.,.,.,.,.,.
2022,2,18,55,.,.,.,.,.,.,.,.,.,.,.,.,.
2022,2,18,56,.,.,.,.,.,.,.,.,.,.,.,.,.
2022,2,25,1,.,.,.,.,.,.,.,.,.,.,.,.,.
2022,2,25,2,.,.,.,.,.,.,.,.,.,.,.,.,.
2022,2,25,4,.,.,.,.,.,.,.,.,.,.,.,.,.
2022,2,25,5,.,.,.,.,.,.,.,.,.,.,.,.,.
2022,2,25,6,.,.,.,.,.,.,.,.,.,.,.,.,.
2022,2,25,8,.,.,.,.,.,.,.,.,.,.,.,.,.
2022,2,25,9,.,.,.,.,.,.,.,.,.,.,.,.,.
2022,2,25,10,.,.,.,.,.,.,.,.,.,.,.,.,.
2022,2,25,11,.,.,.,.,.,.,.,.,.,.,.,.,.
2022,2,25,12,.,.,.,.,.,.,.,.,.,.,.,.,.
2022,2,25,13,.,.,.,.,.,.,.,.,.,.,.,.,.
2022,2,25,15,.,.,.,.,.,.,.,.,.,.,.,.,.
2022,2,25,16,.,.,.,.,.,.,.,.,.,.,.,.,.
2022,2,25,17,.,.,.,.,.,.,.,.,.,.,.,.,.
2022,2,25,18,.,.,.,.,.,.,.,.,.,.,.,.,.
2022,2,25,19,.,.,.,.,.,.,.,.,.,.,.,.,.
2022,2,25,20,.,.,.,.,.,.,.,.,.,.,.,.,.
2022,2,25,21,.,.,.,.,.,.,.,.,.,.,.,.,.
2022,2,25,22,.,.,.,.,.,.,.,.,.,.,.,.,.
2022,2,25,23,.,.,.,.,.,.,.,.,.,.,.,.,.
2022,2,25,24,.,.,.,.,.,.,.,.,.,.,.,.,.
2022,2,25,25,.,.,.,.,.,.,.,.,.,.,.,.,.
2022,2,25,26,.,.,.,.,.,.,.,.,.,.,.,.,.
2022,2,25,27,.,.,.,.,.,.,.,.,.,.,.,.,.
2022,2,25,28,.,.,.,.,.,.,.,.,.,.,.,.,.
2022,2,25,29,.,.,.,.,.,.,.,.,.,.,.,.,.
2022,2,25,30,.,.,.,.,.,.,.,.,.,.,.,.,.
2022,2,25,31,.,.,.,.,.,.,.,.,.,.,.,.,.
2022,2,25,32,.,.,.,.,.,.,.,.,.,.,.,.,.
2022,2,25,33,.,.,.,.,.,.,.,.,.,.,.,.,.
2022,2,25,34,.,.,.,.,.,.,.,.,.,.,.,.,.
2022,2,25,35,.,.,.,.,.,.,.,.,.,.,.,.,.
2022,2,25,36,.,.,.,.,.,.,.,.,.,.,.,.,.
2022,2,25,37,.,.,.,.,.,.,.,.,.,.,.,.,.
2022,2,25,38,.,.,.,.,.,.,.,.,.,.,.,.,.
2022,2,25,39,.,.,.,.,.,.,.,.,.,.,.,.,.
2022,2,25,40,.,.,.,.,.,.,.,.,.,.,.,.,.
2022,2,25,41,.,.,.,.,.,.,.,.,.,.,.,.,.
2022,2,25,42,.,.,.,.,.,.,.,.,.,.,.,.,.
2022,2,25,44,.,.,.,.,.,.,.,.,.,.,.,.,.
2022,2,25,45,.,.,.,.,.,.,.,.,.,.,.,.,.
2022,2,25,46,.,.,.,.,.,.,.,.,.,.,.,.,.
2022,2,25,47,.,.,.,.,.,.,.,.,.,.,.,.,.
2022,2,25,48,.,.,.,.,.,.,.,.,.,.,.,.,.
2022,2,25,49,.,.,.,.,.,.,.,.,.,.,.,.,.
2022,2,25,50,.,.,.,.,.,.,.,.,.,.,.,.,.
2022,2,25,51,.,.,.,.,.,.,.,.,.,.,.,.,.
2022,2,25,53,.,.,.,.,.,.,.,.,.,.,.,.,.
2022,2,25,54,.,.,.,.,.,.,.,.,.,.,.,.,.
2022,2,25,55,.,.,.,.,.,.,.,.,.,.,.,.,.
2022,2,25,56,.,.,.,.,.,.,.,.,.,.,.,.,.
2022,3,4,1,.,.,.,.,.,.,.,.,.,.,.,.,.
2022,3,4,2,.,.,.,.,.,.,.,.,.,.,.,.,.
2022,3,4,4,.,.,.,.,.,.,.,.,.,.,.,.,.
2022,3,4,5,.,.,.,.,.,.,.,.,.,.,.,.,.
2022,3,4,6,.,.,.,.,.,.,.,.,.,.,.,.,.
2022,3,4,8,.,.,.,.,.,.,.,.,.,.,.,.,.
2022,3,4,9,.,.,.,.,.,.,.,.,.,.,.,.,.
2022,3,4,10,.,.,.,.,.,.,.,.,.,.,.,.,.
2022,3,4,11,.,.,.,.,.,.,.,.,.,.,.,.,.
2022,3,4,12,.,.,.,.,.,.,.,.,.,.,.,.,.
2022,3,4,13,.,.,.,.,.,.,.,.,.,.,.,.,.
2022,3,4,15,.,.,.,.,.,.,.,.,.,.,.,.,.
2022,3,4,16,.,.,.,.,.,.,.,.,.,.,.,.,.
2022,3,4,17,.,.,.,.,.,.,.,.,.,.,.,.,.
2022,3,4,18,.,.,.,.,.,.,.,.,.,.,.,.,.
2022,3,4,19,.,.,.,.,.,.,.,.,.,.,.,.,.
2022,3,4,20,.,.,.,.,.,.,.,.,.,.,.,.,.
2022,3,4,21,.,.,.,.,.,.,.,.,.,.,.,.,.
2022,3,4,22,.,.,.,.,.,.,.,.,.,.,.,.,.
2022,3,4,23,.,.,.,.,.,.,.,.,.,.,.,.,.
2022,3,4,24,.,.,.,.,.,.,.,.,.,.,.,.,.
2022,3,4,25,.,.,.,.,.,.,.,.,.,.,.,.,.
2022,3,4,26,.,.,.,.,.,.,.,.,.,.,.,.,.
2022,3,4,27,.,.,.,.,.,.,.,.,.,.,.,.,.
2022,3,4,28,.,.,.,.,.,.,.,.,.,.,.,.,.
2022,3,4,29,.,.,.,.,.,.,.,.,.,.,.,.,.
2022,3,4,30,.,.,.,.,.,.,.,.,.,.,.,.,.
2022,3,4,31,.,.,.,.,.,.,.,.,.,.,.,.,.
2022,3,4,32,.,.,.,.,.,.,.,.,.,.,.,.,.
2022,3,4,33,.,.,.,.,.,.,.,.,.,.,.,.,.
2022,3,4,34,.,.,.,.,.,.,.,.,.,.,.,.,.
2022,3,4,35,.,.,.,.,.,.,.,.,.,.,.,.,.
2022,3,4,36,.,.,.,.,.,.,.,.,.,.,.,.,.
2022,3,4,37,.,.,.,.,.,.,.,.,.,.,.,.,.
2022,3,4,38,.,.,.,.,.,.,.,.,.,.,.,.,.
2022,3,4,39,.,.,.,.,.,.,.,.,.,.,.,.,.
2022,3,4,40,.,.,.,.,.,.,.,.,.,.,.,.,.
2022,3,4,41,.,.,.,.,.,.,.,.,.,.,.,.,.
2022,3,4,42,.,.,.,.,.,.,.,.,.,.,.,.,.
2022,3,4,44,.,.,.,.,.,.,.,.,.,.,.,.,.
2022,3,4,45,.,.,.,.,.,.,.,.,.,.,.,.,.
2022,3,4,46,.,.,.,.,.,.,.,.,.,.,.,.,.
2022,3,4,47,.,.,.,.,.,.,.,.,.,.,.,.,.
2022,3,4,48,.,.,.,.,.,.,.,.,.,.,.,.,.
2022,3,4,49,.,.,.,.,.,.,.,.,.,.,.,.,.
2022,3,4,50,.,.,.,.,.,.,.,.,.,.,.,.,.
2022,3,4,51,.,.,.,.,.,.,.,.,.,.,.,.,.
2022,3,4,53,.,.,.,.,.,.,.,.,.,.,.,.,.
2022,3,4,54,.,.,.,.,.,.,.,.,.,.,.,.,.
2022,3,4,55,.,.,.,.,.,.,.,.,.,.,.,.,.
2022,3,4,56,.,.,.,.,.,.,.,.,.,.,.,.,.
2022,3,11,1,.,.,.,.,.,.,.,.,.,.,.,.,.
2022,3,11,2,.,.,.,.,.,.,.,.,.,.,.,.,.
2022,3,11,4,.,.,.,.,.,.,.,.,.,.,.,.,.
2022,3,11,5,.,.,.,.,.,.,.,.,.,.,.,.,.
2022,3,11,6,.,.,.,.,.,.,.,.,.,.,.,.,.
2022,3,11,8,.,.,.,.,.,.,.,.,.,.,.,.,.
2022,3,11,9,.,.,.,.,.,.,.,.,.,.,.,.,.
2022,3,11,10,.,.,.,.,.,.,.,.,.,.,.,.,.
2022,3,11,11,.,.,.,.,.,.,.,.,.,.,.,.,.
2022,3,11,12,.,.,.,.,.,.,.,.,.,.,.,.,.
2022,3,11,13,.,.,.,.,.,.,.,.,.,.,.,.,.
2022,3,11,15,.,.,.,.,.,.,.,.,.,.,.,.,.
2022,3,11,16,.,.,.,.,.,.,.,.,.,.,.,.,.
2022,3,11,17,.,.,.,.,.,.,.,.,.,.,.,.,.
2022,3,11,18,.,.,.,.,.,.,.,.,.,.,.,.,.
2022,3,11,19,.,.,.,.,.,.,.,.,.,.,.,.,.
2022,3,11,20,.,.,.,.,.,.,.,.,.,.,.,.,.
2022,3,11,21,.,.,.,.,.,.,.,.,.,.,.,.,.
2022,3,11,22,.,.,.,.,.,.,.,.,.,.,.,.,.
2022,3,11,23,.,.,.,.,.,.,.,.,.,.,.,.,.
2022,3,11,24,.,.,.,.,.,.,.,.,.,.,.,.,.
2022,3,11,25,.,.,.,.,.,.,.,.,.,.,.,.,.
2022,3,11,26,.,.,.,.,.,.,.,.,.,.,.,.,.
2022,3,11,27,.,.,.,.,.,.,.,.,.,.,.,.,.
2022,3,11,28,.,.,.,.,.,.,.,.,.,.,.,.,.
2022,3,11,29,.,.,.,.,.,.,.,.,.,.,.,.,.
2022,3,11,30,.,.,.,.,.,.,.,.,.,.,.,.,.
2022,3,11,31,.,.,.,.,.,.,.,.,.,.,.,.,.
2022,3,11,32,.,.,.,.,.,.,.,.,.,.,.,.,.
2022,3,11,33,.,.,.,.,.,.,.,.,.,.,.,.,.
2022,3,11,34,.,.,.,.,.,.,.,.,.,.,.,.,.
2022,3,11,35,.,.,.,.,.,.,.,.,.,.,.,.,.
2022,3,11,36,.,.,.,.,.,.,.,.,.,.,.,.,.
2022,3,11,37,.,.,.,.,.,.,.,.,.,.,.,.,.
2022,3,11,38,.,.,.,.,.,.,.,.,.,.,.,.,.
2022,3,11,39,.,.,.,.,.,.,.,.,.,.,.,.,.
2022,3,11,40,.,.,.,.,.,.,.,.,.,.,.,.,.
2022,3,11,41,.,.,.,.,.,.,.,.,.,.,.,.,.
2022,3,11,42,.,.,.,.,.,.,.,.,.,.,.,.,.
2022,3,11,44,.,.,.,.,.,.,.,.,.,.,.,.,.
2022,3,11,45,.,.,.,.,.,.,.,.,.,.,.,.,.
2022,3,11,46,.,.,.,.,.,.,.,.,.,.,.,.,.
2022,3,11,47,.,.,.,.,.,.,.,.,.,.,.,.,.
2022,3,11,48,.,.,.,.,.,.,.,.,.,.,.,.,.
2022,3,11,49,.,.,.,.,.,.,.,.,.,.,.,.,.
2022,3,11,50,.,.,.,.,.,.,.,.,.,.,.,.,.
2022,3,11,51,.,.,.,.,.,.,.,.,.,.,.,.,.
2022,3,11,53,.,.,.,.,.,.,.,.,.,.,.,.,.
2022,3,11,54,.,.,.,.,.,.,.,.,.,.,.,.,.
2022,3,11,55,.,.,.,.,.,.,.,.,.,.,.,.,.
2022,3,11,56,.,.,.,.,.,.,.,.,.,.,.,.,.
2022,3,18,1,.,.,.,.,.,.,.,.,.,.,.,.,.
2022,3,18,2,.,.,.,.,.,.,.,.,.,.,.,.,.
2022,3,18,4,.,.,.,.,.,.,.,.,.,.,.,.,.
2022,3,18,5,.,.,.,.,.,.,.,.,.,.,.,.,.
2022,3,18,6,.,.,.,.,.,.,.,.,.,.,.,.,.
2022,3,18,8,.,.,.,.,.,.,.,.,.,.,.,.,.
2022,3,18,9,.,.,.,.,.,.,.,.,.,.,.,.,.
2022,3,18,10,.,.,.,.,.,.,.,.,.,.,.,.,.
2022,3,18,11,.,.,.,.,.,.,.,.,.,.,.,.,.
2022,3,18,12,.,.,.,.,.,.,.,.,.,.,.,.,.
2022,3,18,13,.,.,.,.,.,.,.,.,.,.,.,.,.
2022,3,18,15,.,.,.,.,.,.,.,.,.,.,.,.,.
2022,3,18,16,.,.,.,.,.,.,.,.,.,.,.,.,.
2022,3,18,17,.,.,.,.,.,.,.,.,.,.,.,.,.
2022,3,18,18,.,.,.,.,.,.,.,.,.,.,.,.,.
2022,3,18,19,.,.,.,.,.,.,.,.,.,.,.,.,.
2022,3,18,20,.,.,.,.,.,.,.,.,.,.,.,.,.
2022,3,18,21,.,.,.,.,.,.,.,.,.,.,.,.,.
2022,3,18,22,.,.,.,.,.,.,.,.,.,.,.,.,.
2022,3,18,23,.,.,.,.,.,.,.,.,.,.,.,.,.
2022,3,18,24,.,.,.,.,.,.,.,.,.,.,.,.,.
2022,3,18,25,.,.,.,.,.,.,.,.,.,.,.,.,.
2022,3,18,26,.,.,.,.,.,.,.,.,.,.,.,.,.
2022,3,18,27,.,.,.,.,.,.,.,.,.,.,.,.,.
2022,3,18,28,.,.,.,.,.,.,.,.,.,.,.,.,.
2022,3,18,29,.,.,.,.,.,.,.,.,.,.,.,.,.
2022,3,18,30,.,.,.,.,.,.,.,.,.,.,.,.,.
2022,3,18,31,.,.,.,.,.,.,.,.,.,.,.,.,.
2022,3,18,32,.,.,.,.,.,.,.,.,.,.,.,.,.
2022,3,18,33,.,.,.,.,.,.,.,.,.,.,.,.,.
2022,3,18,34,.,.,.,.,.,.,.,.,.,.,.,.,.
2022,3,18,35,.,.,.,.,.,.,.,.,.,.,.,.,.
2022,3,18,36,.,.,.,.,.,.,.,.,.,.,.,.,.
2022,3,18,37,.,.,.,.,.,.,.,.,.,.,.,.,.
2022,3,18,38,.,.,.,.,.,.,.,.,.,.,.,.,.
2022,3,18,39,.,.,.,.,.,.,.,.,.,.,.,.,.
2022,3,18,40,.,.,.,.,.,.,.,.,.,.,.,.,.
2022,3,18,41,.,.,.,.,.,.,.,.,.,.,.,.,.
2022,3,18,42,.,.,.,.,.,.,.,.,.,.,.,.,.
2022,3,18,44,.,.,.,.,.,.,.,.,.,.,.,.,.
2022,3,18,45,.,.,.,.,.,.,.,.,.,.,.,.,.
2022,3,18,46,.,.,.,.,.,.,.,.,.,.,.,.,.
2022,3,18,47,.,.,.,.,.,.,.,.,.,.,.,.,.
2022,3,18,48,.,.,.,.,.,.,.,.,.,.,.,.,.
2022,3,18,49,.,.,.,.,.,.,.,.,.,.,.,.,.
2022,3,18,50,.,.,.,.,.,.,.,.,.,.,.,.,.
2022,3,18,51,.,.,.,.,.,.,.,.,.,.,.,.,.
2022,3,18,53,.,.,.,.,.,.,.,.,.,.,.,.,.
2022,3,18,54,.,.,.,.,.,.,.,.,.,.,.,.,.
2022,3,18,55,.,.,.,.,.,.,.,.,.,.,.,.,.
2022,3,18,56,.,.,.,.,.,.,.,.,.,.,.,.,.
2022,3,25,1,.,.,.,.,.,.,.,.,.,.,.,.,.
2022,3,25,2,.,.,.,.,.,.,.,.,.,.,.,.,.
2022,3,25,4,.,.,.,.,.,.,.,.,.,.,.,.,.
2022,3,25,5,.,.,.,.,.,.,.,.,.,.,.,.,.
2022,3,25,6,.,.,.,.,.,.,.,.,.,.,.,.,.
2022,3,25,8,.,.,.,.,.,.,.,.,.,.,.,.,.
2022,3,25,9,.,.,.,.,.,.,.,.,.,.,.,.,.
2022,3,25,10,.,.,.,.,.,.,.,.,.,.,.,.,.
2022,3,25,11,.,.,.,.,.,.,.,.,.,.,.,.,.
2022,3,25,12,.,.,.,.,.,.,.,.,.,.,.,.,.
2022,3,25,13,.,.,.,.,.,.,.,.,.,.,.,.,.
2022,3,25,15,.,.,.,.,.,.,.,.,.,.,.,.,.
2022,3,25,16,.,.,.,.,.,.,.,.,.,.,.,.,.
2022,3,25,17,.,.,.,.,.,.,.,.,.,.,.,.,.
2022,3,25,18,.,.,.,.,.,.,.,.,.,.,.,.,.
2022,3,25,19,.,.,.,.,.,.,.,.,.,.,.,.,.
2022,3,25,20,.,.,.,.,.,.,.,.,.,.,.,.,.
2022,3,25,21,.,.,.,.,.,.,.,.,.,.,.,.,.
2022,3,25,22,.,.,.,.,.,.,.,.,.,.,.,.,.
2022,3,25,23,.,.,.,.,.,.,.,.,.,.,.,.,.
2022,3,25,24,.,.,.,.,.,.,.,.,.,.,.,.,.
2022,3,25,25,.,.,.,.,.,.,.,.,.,.,.,.,.
2022,3,25,26,.,.,.,.,.,.,.,.,.,.,.,.,.
2022,3,25,27,.,.,.,.,.,.,.,.,.,.,.,.,.
2022,3,25,28,.,.,.,.,.,.,.,.,.,.,.,.,.
2022,3,25,29,.,.,.,.,.,.,.,.,.,.,.,.,.
2022,3,25,30,.,.,.,.,.,.,.,.,.,.,.,.,.
2022,3,25,31,.,.,.,.,.,.,.,.,.,.,.,.,.
2022,3,25,32,.,.,.,.,.,.,.,.,.,.,.,.,.
2022,3,25,33,.,.,.,.,.,.,.,.,.,.,.,.,.
2022,3,25,34,.,.,.,.,.,.,.,.,.,.,.,.,.
2022,3,25,35,.,.,.,.,.,.,.,.,.,.,.,.,.
2022,3,25,36,.,.,.,.,.,.,.,.,.,.,.,.,.
2022,3,25,37,.,.,.,.,.,.,.,.,.,.,.,.,.
2022,3,25,38,.,.,.,.,.,.,.,.,.,.,.,.,.
2022,3,25,39,.,.,.,.,.,.,.,.,.,.,.,.,.
2022,3,25,40,.,.,.,.,.,.,.,.,.,.,.,.,.
2022,3,25,41,.,.,.,.,.,.,.,.,.,.,.,.,.
2022,3,25,42,.,.,.,.,.,.,.,.,.,.,.,.,.
2022,3,25,44,.,.,.,.,.,.,.,.,.,.,.,.,.
2022,3,25,45,.,.,.,.,.,.,.,.,.,.,.,.,.
2022,3,25,46,.,.,.,.,.,.,.,.,.,.,.,.,.
2022,3,25,47,.,.,.,.,.,.,.,.,.,.,.,.,.
2022,3,25,48,.,.,.,.,.,.,.,.,.,.,.,.,.
2022,3,25,49,.,.,.,.,.,.,.,.,.,.,.,.,.
2022,3,25,50,.,.,.,.,.,.,.,.,.,.,.,.,.
2022,3,25,51,.,.,.,.,.,.,.,.,.,.,.,.,.
2022,3,25,53,.,.,.,.,.,.,.,.,.,.,.,.,.
2022,3,25,54,.,.,.,.,.,.,.,.,.,.,.,.,.
2022,3,25,55,.,.,.,.,.,.,.,.,.,.,.,.,.
2022,3,25,56,.,.,.,.,.,.,.,.,.,.,.,.,.
2022,4,1,1,.,.,.,.,.,.,.,.,.,.,.,.,.
2022,4,1,2,.,.,.,.,.,.,.,.,.,.,.,.,.
2022,4,1,4,.,.,.,.,.,.,.,.,.,.,.,.,.
2022,4,1,5,.,.,.,.,.,.,.,.,.,.,.,.,.
2022,4,1,6,.,.,.,.,.,.,.,.,.,.,.,.,.
2022,4,1,8,.,.,.,.,.,.,.,.,.,.,.,.,.
2022,4,1,9,.,.,.,.,.,.,.,.,.,.,.,.,.
2022,4,1,10,.,.,.,.,.,.,.,.,.,.,.,.,.
2022,4,1,11,.,.,.,.,.,.,.,.,.,.,.,.,.
2022,4,1,12,.,.,.,.,.,.,.,.,.,.,.,.,.
2022,4,1,13,.,.,.,.,.,.,.,.,.,.,.,.,.
2022,4,1,15,.,.,.,.,.,.,.,.,.,.,.,.,.
2022,4,1,16,.,.,.,.,.,.,.,.,.,.,.,.,.
2022,4,1,17,.,.,.,.,.,.,.,.,.,.,.,.,.
2022,4,1,18,.,.,.,.,.,.,.,.,.,.,.,.,.
2022,4,1,19,.,.,.,.,.,.,.,.,.,.,.,.,.
2022,4,1,20,.,.,.,.,.,.,.,.,.,.,.,.,.
2022,4,1,21,.,.,.,.,.,.,.,.,.,.,.,.,.
2022,4,1,22,.,.,.,.,.,.,.,.,.,.,.,.,.
2022,4,1,23,.,.,.,.,.,.,.,.,.,.,.,.,.
2022,4,1,24,.,.,.,.,.,.,.,.,.,.,.,.,.
2022,4,1,25,.,.,.,.,.,.,.,.,.,.,.,.,.
2022,4,1,26,.,.,.,.,.,.,.,.,.,.,.,.,.
2022,4,1,27,.,.,.,.,.,.,.,.,.,.,.,.,.
2022,4,1,28,.,.,.,.,.,.,.,.,.,.,.,.,.
2022,4,1,29,.,.,.,.,.,.,.,.,.,.,.,.,.
2022,4,1,30,.,.,.,.,.,.,.,.,.,.,.,.,.
2022,4,1,31,.,.,.,.,.,.,.,.,.,.,.,.,.
2022,4,1,32,.,.,.,.,.,.,.,.,.,.,.,.,.
2022,4,1,33,.,.,.,.,.,.,.,.,.,.,.,.,.
2022,4,1,34,.,.,.,.,.,.,.,.,.,.,.,.,.
2022,4,1,35,.,.,.,.,.,.,.,.,.,.,.,.,.
2022,4,1,36,.,.,.,.,.,.,.,.,.,.,.,.,.
2022,4,1,37,.,.,.,.,.,.,.,.,.,.,.,.,.
2022,4,1,38,.,.,.,.,.,.,.,.,.,.,.,.,.
2022,4,1,39,.,.,.,.,.,.,.,.,.,.,.,.,.
2022,4,1,40,.,.,.,.,.,.,.,.,.,.,.,.,.
2022,4,1,41,.,.,.,.,.,.,.,.,.,.,.,.,.
2022,4,1,42,.,.,.,.,.,.,.,.,.,.,.,.,.
2022,4,1,44,.,.,.,.,.,.,.,.,.,.,.,.,.
2022,4,1,45,.,.,.,.,.,.,.,.,.,.,.,.,.
2022,4,1,46,.,.,.,.,.,.,.,.,.,.,.,.,.
2022,4,1,47,.,.,.,.,.,.,.,.,.,.,.,.,.
2022,4,1,48,.,.,.,.,.,.,.,.,.,.,.,.,.
2022,4,1,49,.,.,.,.,.,.,.,.,.,.,.,.,.
2022,4,1,50,.,.,.,.,.,.,.,.,.,.,.,.,.
2022,4,1,51,.,.,.,.,.,.,.,.,.,.,.,.,.
2022,4,1,53,.,.,.,.,.,.,.,.,.,.,.,.,.
2022,4,1,54,.,.,.,.,.,.,.,.,.,.,.,.,.
2022,4,1,55,.,.,.,.,.,.,.,.,.,.,.,.,.
2022,4,1,56,.,.,.,.,.,.,.,.,.,.,.,.,.
2022,4,8,1,.,.,.,.,.,.,.,.,.,.,.,.,.
2022,4,8,2,.,.,.,.,.,.,.,.,.,.,.,.,.
2022,4,8,4,.,.,.,.,.,.,.,.,.,.,.,.,.
2022,4,8,5,.,.,.,.,.,.,.,.,.,.,.,.,.
2022,4,8,6,.,.,.,.,.,.,.,.,.,.,.,.,.
2022,4,8,8,.,.,.,.,.,.,.,.,.,.,.,.,.
2022,4,8,9,.,.,.,.,.,.,.,.,.,.,.,.,.
2022,4,8,10,.,.,.,.,.,.,.,.,.,.,.,.,.
2022,4,8,11,.,.,.,.,.,.,.,.,.,.,.,.,.
2022,4,8,12,.,.,.,.,.,.,.,.,.,.,.,.,.
2022,4,8,13,.,.,.,.,.,.,.,.,.,.,.,.,.
2022,4,8,15,.,.,.,.,.,.,.,.,.,.,.,.,.
2022,4,8,16,.,.,.,.,.,.,.,.,.,.,.,.,.
2022,4,8,17,.,.,.,.,.,.,.,.,.,.,.,.,.
2022,4,8,18,.,.,.,.,.,.,.,.,.,.,.,.,.
2022,4,8,19,.,.,.,.,.,.,.,.,.,.,.,.,.
2022,4,8,20,.,.,.,.,.,.,.,.,.,.,.,.,.
2022,4,8,21,.,.,.,.,.,.,.,.,.,.,.,.,.
2022,4,8,22,.,.,.,.,.,.,.,.,.,.,.,.,.
2022,4,8,23,.,.,.,.,.,.,.,.,.,.,.,.,.
2022,4,8,24,.,.,.,.,.,.,.,.,.,.,.,.,.
2022,4,8,25,.,.,.,.,.,.,.,.,.,.,.,.,.
2022,4,8,26,.,.,.,.,.,.,.,.,.,.,.,.,.
2022,4,8,27,.,.,.,.,.,.,.,.,.,.,.,.,.
2022,4,8,28,.,.,.,.,.,.,.,.,.,.,.,.,.
2022,4,8,29,.,.,.,.,.,.,.,.,.,.,.,.,.
2022,4,8,30,.,.,.,.,.,.,.,.,.,.,.,.,.
2022,4,8,31,.,.,.,.,.,.,.,.,.,.,.,.,.
2022,4,8,32,.,.,.,.,.,.,.,.,.,.,.,.,.
2022,4,8,33,.,.,.,.,.,.,.,.,.,.,.,.,.
2022,4,8,34,.,.,.,.,.,.,.,.,.,.,.,.,.
2022,4,8,35,.,.,.,.,.,.,.,.,.,.,.,.,.
2022,4,8,36,.,.,.,.,.,.,.,.,.,.,.,.,.
2022,4,8,37,.,.,.,.,.,.,.,.,.,.,.,.,.
2022,4,8,38,.,.,.,.,.,.,.,.,.,.,.,.,.
2022,4,8,39,.,.,.,.,.,.,.,.,.,.,.,.,.
2022,4,8,40,.,.,.,.,.,.,.,.,.,.,.,.,.
2022,4,8,41,.,.,.,.,.,.,.,.,.,.,.,.,.
2022,4,8,42,.,.,.,.,.,.,.,.,.,.,.,.,.
2022,4,8,44,.,.,.,.,.,.,.,.,.,.,.,.,.
2022,4,8,45,.,.,.,.,.,.,.,.,.,.,.,.,.
2022,4,8,46,.,.,.,.,.,.,.,.,.,.,.,.,.
2022,4,8,47,.,.,.,.,.,.,.,.,.,.,.,.,.
2022,4,8,48,.,.,.,.,.,.,.,.,.,.,.,.,.
2022,4,8,49,.,.,.,.,.,.,.,.,.,.,.,.,.
2022,4,8,50,.,.,.,.,.,.,.,.,.,.,.,.,.
2022,4,8,51,.,.,.,.,.,.,.,.,.,.,.,.,.
2022,4,8,53,.,.,.,.,.,.,.,.,.,.,.,.,.
2022,4,8,54,.,.,.,.,.,.,.,.,.,.,.,.,.
2022,4,8,55,.,.,.,.,.,.,.,.,.,.,.,.,.
2022,4,8,56,.,.,.,.,.,.,.,.,.,.,.,.,.
2022,4,15,1,.,.,.,.,.,.,.,.,.,.,.,.,.
2022,4,15,2,.,.,.,.,.,.,.,.,.,.,.,.,.
2022,4,15,4,.,.,.,.,.,.,.,.,.,.,.,.,.
2022,4,15,5,.,.,.,.,.,.,.,.,.,.,.,.,.
2022,4,15,6,.,.,.,.,.,.,.,.,.,.,.,.,.
2022,4,15,8,.,.,.,.,.,.,.,.,.,.,.,.,.
2022,4,15,9,.,.,.,.,.,.,.,.,.,.,.,.,.
2022,4,15,10,.,.,.,.,.,.,.,.,.,.,.,.,.
2022,4,15,11,.,.,.,.,.,.,.,.,.,.,.,.,.
2022,4,15,12,.,.,.,.,.,.,.,.,.,.,.,.,.
2022,4,15,13,.,.,.,.,.,.,.,.,.,.,.,.,.
2022,4,15,15,.,.,.,.,.,.,.,.,.,.,.,.,.
2022,4,15,16,.,.,.,.,.,.,.,.,.,.,.,.,.
2022,4,15,17,.,.,.,.,.,.,.,.,.,.,.,.,.
2022,4,15,18,.,.,.,.,.,.,.,.,.,.,.,.,.
2022,4,15,19,.,.,.,.,.,.,.,.,.,.,.,.,.
2022,4,15,20,.,.,.,.,.,.,.,.,.,.,.,.,.
2022,4,15,21,.,.,.,.,.,.,.,.,.,.,.,.,.
2022,4,15,22,.,.,.,.,.,.,.,.,.,.,.,.,.
2022,4,15,23,.,.,.,.,.,.,.,.,.,.,.,.,.
2022,4,15,24,.,.,.,.,.,.,.,.,.,.,.,.,.
2022,4,15,25,.,.,.,.,.,.,.,.,.,.,.,.,.
2022,4,15,26,.,.,.,.,.,.,.,.,.,.,.,.,.
2022,4,15,27,.,.,.,.,.,.,.,.,.,.,.,.,.
2022,4,15,28,.,.,.,.,.,.,.,.,.,.,.,.,.
2022,4,15,29,.,.,.,.,.,.,.,.,.,.,.,.,.
2022,4,15,30,.,.,.,.,.,.,.,.,.,.,.,.,.
2022,4,15,31,.,.,.,.,.,.,.,.,.,.,.,.,.
2022,4,15,32,.,.,.,.,.,.,.,.,.,.,.,.,.
2022,4,15,33,.,.,.,.,.,.,.,.,.,.,.,.,.
2022,4,15,34,.,.,.,.,.,.,.,.,.,.,.,.,.
2022,4,15,35,.,.,.,.,.,.,.,.,.,.,.,.,.
2022,4,15,36,.,.,.,.,.,.,.,.,.,.,.,.,.
2022,4,15,37,.,.,.,.,.,.,.,.,.,.,.,.,.
2022,4,15,38,.,.,.,.,.,.,.,.,.,.,.,.,.
2022,4,15,39,.,.,.,.,.,.,.,.,.,.,.,.,.
2022,4,15,40,.,.,.,.,.,.,.,.,.,.,.,.,.
2022,4,15,41,.,.,.,.,.,.,.,.,.,.,.,.,.
2022,4,15,42,.,.,.,.,.,.,.,.,.,.,.,.,.
2022,4,15,44,.,.,.,.,.,.,.,.,.,.,.,.,.
2022,4,15,45,.,.,.,.,.,.,.,.,.,.,.,.,.
2022,4,15,46,.,.,.,.,.,.,.,.,.,.,.,.,.
2022,4,15,47,.,.,.,.,.,.,.,.,.,.,.,.,.
2022,4,15,48,.,.,.,.,.,.,.,.,.,.,.,.,.
2022,4,15,49,.,.,.,.,.,.,.,.,.,.,.,.,.
2022,4,15,50,.,.,.,.,.,.,.,.,.,.,.,.,.
2022,4,15,51,.,.,.,.,.,.,.,.,.,.,.,.,.
2022,4,15,53,.,.,.,.,.,.,.,.,.,.,.,.,.
2022,4,15,54,.,.,.,.,.,.,.,.,.,.,.,.,.
2022,4,15,55,.,.,.,.,.,.,.,.,.,.,.,.,.
2022,4,15,56,.,.,.,.,.,.,.,.,.,.,.,.,.
2022,4,22,1,.,.,.,.,.,.,.,.,.,.,.,.,.
2022,4,22,2,.,.,.,.,.,.,.,.,.,.,.,.,.
2022,4,22,4,.,.,.,.,.,.,.,.,.,.,.,.,.
2022,4,22,5,.,.,.,.,.,.,.,.,.,.,.,.,.
2022,4,22,6,.,.,.,.,.,.,.,.,.,.,.,.,.
2022,4,22,8,.,.,.,.,.,.,.,.,.,.,.,.,.
2022,4,22,9,.,.,.,.,.,.,.,.,.,.,.,.,.
2022,4,22,10,.,.,.,.,.,.,.,.,.,.,.,.,.
2022,4,22,11,.,.,.,.,.,.,.,.,.,.,.,.,.
2022,4,22,12,.,.,.,.,.,.,.,.,.,.,.,.,.
2022,4,22,13,.,.,.,.,.,.,.,.,.,.,.,.,.
2022,4,22,15,.,.,.,.,.,.,.,.,.,.,.,.,.
2022,4,22,16,.,.,.,.,.,.,.,.,.,.,.,.,.
2022,4,22,17,.,.,.,.,.,.,.,.,.,.,.,.,.
2022,4,22,18,.,.,.,.,.,.,.,.,.,.,.,.,.
2022,4,22,19,.,.,.,.,.,.,.,.,.,.,.,.,.
2022,4,22,20,.,.,.,.,.,.,.,.,.,.,.,.,.
2022,4,22,21,.,.,.,.,.,.,.,.,.,.,.,.,.
2022,4,22,22,.,.,.,.,.,.,.,.,.,.,.,.,.
2022,4,22,23,.,.,.,.,.,.,.,.,.,.,.,.,.
2022,4,22,24,.,.,.,.,.,.,.,.,.,.,.,.,.
2022,4,22,25,.,.,.,.,.,.,.,.,.,.,.,.,.
2022,4,22,26,.,.,.,.,.,.,.,.,.,.,.,.,.
2022,4,22,27,.,.,.,.,.,.,.,.,.,.,.,.,.
2022,4,22,28,.,.,.,.,.,.,.,.,.,.,.,.,.
2022,4,22,29,.,.,.,.,.,.,.,.,.,.,.,.,.
2022,4,22,30,.,.,.,.,.,.,.,.,.,.,.,.,.
2022,4,22,31,.,.,.,.,.,.,.,.,.,.,.,.,.
2022,4,22,32,.,.,.,.,.,.,.,.,.,.,.,.,.
2022,4,22,33,.,.,.,.,.,.,.,.,.,.,.,.,.
2022,4,22,34,.,.,.,.,.,.,.,.,.,.,.,.,.
2022,4,22,35,.,.,.,.,.,.,.,.,.,.,.,.,.
2022,4,22,36,.,.,.,.,.,.,.,.,.,.,.,.,.
2022,4,22,37,.,.,.,.,.,.,.,.,.,.,.,.,.
2022,4,22,38,.,.,.,.,.,.,.,.,.,.,.,.,.
2022,4,22,39,.,.,.,.,.,.,.,.,.,.,.,.,.
2022,4,22,40,.,.,.,.,.,.,.,.,.,.,.,.,.
2022,4,22,41,.,.,.,.,.,.,.,.,.,.,.,.,.
2022,4,22,42,.,.,.,.,.,.,.,.,.,.,.,.,.
2022,4,22,44,.,.,.,.,.,.,.,.,.,.,.,.,.
2022,4,22,45,.,.,.,.,.,.,.,.,.,.,.,.,.
2022,4,22,46,.,.,.,.,.,.,.,.,.,.,.,.,.
2022,4,22,47,.,.,.,.,.,.,.,.,.,.,.,.,.
2022,4,22,48,.,.,.,.,.,.,.,.,.,.,.,.,.
2022,4,22,49,.,.,.,.,.,.,.,.,.,.,.,.,.
2022,4,22,50,.,.,.,.,.,.,.,.,.,.,.,.,.
2022,4,22,51,.,.,.,.,.,.,.,.,.,.,.,.,.
2022,4,22,53,.,.,.,.,.,.,.,.,.,.,.,.,.
2022,4,22,54,.,.,.,.,.,.,.,.,.,.,.,.,.
2022,4,22,55,.,.,.,.,.,.,.,.,.,.,.,.,.
2022,4,22,56,.,.,.,.,.,.,.,.,.,.,.,.,.
2022,4,29,1,.,.,.,.,.,.,.,.,.,.,.,.,.
2022,4,29,2,.,.,.,.,.,.,.,.,.,.,.,.,.
2022,4,29,4,.,.,.,.,.,.,.,.,.,.,.,.,.
2022,4,29,5,.,.,.,.,.,.,.,.,.,.,.,.,.
2022,4,29,6,.,.,.,.,.,.,.,.,.,.,.,.,.
2022,4,29,8,.,.,.,.,.,.,.,.,.,.,.,.,.
2022,4,29,9,.,.,.,.,.,.,.,.,.,.,.,.,.
2022,4,29,10,.,.,.,.,.,.,.,.,.,.,.,.,.
2022,4,29,11,.,.,.,.,.,.,.,.,.,.,.,.,.
2022,4,29,12,.,.,.,.,.,.,.,.,.,.,.,.,.
2022,4,29,13,.,.,.,.,.,.,.,.,.,.,.,.,.
2022,4,29,15,.,.,.,.,.,.,.,.,.,.,.,.,.
2022,4,29,16,.,.,.,.,.,.,.,.,.,.,.,.,.
2022,4,29,17,.,.,.,.,.,.,.,.,.,.,.,.,.
2022,4,29,18,.,.,.,.,.,.,.,.,.,.,.,.,.
2022,4,29,19,.,.,.,.,.,.,.,.,.,.,.,.,.
2022,4,29,20,.,.,.,.,.,.,.,.,.,.,.,.,.
2022,4,29,21,.,.,.,.,.,.,.,.,.,.,.,.,.
2022,4,29,22,.,.,.,.,.,.,.,.,.,.,.,.,.
2022,4,29,23,.,.,.,.,.,.,.,.,.,.,.,.,.
2022,4,29,24,.,.,.,.,.,.,.,.,.,.,.,.,.
2022,4,29,25,.,.,.,.,.,.,.,.,.,.,.,.,.
2022,4,29,26,.,.,.,.,.,.,.,.,.,.,.,.,.
2022,4,29,27,.,.,.,.,.,.,.,.,.,.,.,.,.
2022,4,29,28,.,.,.,.,.,.,.,.,.,.,.,.,.
2022,4,29,29,.,.,.,.,.,.,.,.,.,.,.,.,.
2022,4,29,30,.,.,.,.,.,.,.,.,.,.,.,.,.
2022,4,29,31,.,.,.,.,.,.,.,.,.,.,.,.,.
2022,4,29,32,.,.,.,.,.,.,.,.,.,.,.,.,.
2022,4,29,33,.,.,.,.,.,.,.,.,.,.,.,.,.
2022,4,29,34,.,.,.,.,.,.,.,.,.,.,.,.,.
2022,4,29,35,.,.,.,.,.,.,.,.,.,.,.,.,.
2022,4,29,36,.,.,.,.,.,.,.,.,.,.,.,.,.
2022,4,29,37,.,.,.,.,.,.,.,.,.,.,.,.,.
2022,4,29,38,.,.,.,.,.,.,.,.,.,.,.,.,.
2022,4,29,39,.,.,.,.,.,.,.,.,.,.,.,.,.
2022,4,29,40,.,.,.,.,.,.,.,.,.,.,.,.,.
2022,4,29,41,.,.,.,.,.,.,.,.,.,.,.,.,.
2022,4,29,42,.,.,.,.,.,.,.,.,.,.,.,.,.
2022,4,29,44,.,.,.,.,.,.,.,.,.,.,.,.,.
2022,4,29,45,.,.,.,.,.,.,.,.,.,.,.,.,.
2022,4,29,46,.,.,.,.,.,.,.,.,.,.,.,.,.
2022,4,29,47,.,.,.,.,.,.,.,.,.,.,.,.,.
2022,4,29,48,.,.,.,.,.,.,.,.,.,.,.,.,.
2022,4,29,49,.,.,.,.,.,.,.,.,.,.,.,.,.
2022,4,29,50,.,.,.,.,.,.,.,.,.,.,.,.,.
2022,4,29,51,.,.,.,.,.,.,.,.,.,.,.,.,.
2022,4,29,53,.,.,.,.,.,.,.,.,.,.,.,.,.
2022,4,29,54,.,.,.,.,.,.,.,.,.,.,.,.,.
2022,4,29,55,.,.,.,.,.,.,.,.,.,.,.,.,.
2022,4,29,56,.,.,.,.,.,.,.,.,.,.,.,.,.
2022,5,6,1,.,.,.,.,.,.,.,.,.,.,.,.,.
2022,5,6,2,.,.,.,.,.,.,.,.,.,.,.,.,.
2022,5,6,4,.,.,.,.,.,.,.,.,.,.,.,.,.
2022,5,6,5,.,.,.,.,.,.,.,.,.,.,.,.,.
2022,5,6,6,.,.,.,.,.,.,.,.,.,.,.,.,.
2022,5,6,8,.,.,.,.,.,.,.,.,.,.,.,.,.
2022,5,6,9,.,.,.,.,.,.,.,.,.,.,.,.,.
2022,5,6,10,.,.,.,.,.,.,.,.,.,.,.,.,.
2022,5,6,11,.,.,.,.,.,.,.,.,.,.,.,.,.
2022,5,6,12,.,.,.,.,.,.,.,.,.,.,.,.,.
2022,5,6,13,.,.,.,.,.,.,.,.,.,.,.,.,.
2022,5,6,15,.,.,.,.,.,.,.,.,.,.,.,.,.
2022,5,6,16,.,.,.,.,.,.,.,.,.,.,.,.,.
2022,5,6,17,.,.,.,.,.,.,.,.,.,.,.,.,.
2022,5,6,18,.,.,.,.,.,.,.,.,.,.,.,.,.
2022,5,6,19,.,.,.,.,.,.,.,.,.,.,.,.,.
2022,5,6,20,.,.,.,.,.,.,.,.,.,.,.,.,.
2022,5,6,21,.,.,.,.,.,.,.,.,.,.,.,.,.
2022,5,6,22,.,.,.,.,.,.,.,.,.,.,.,.,.
2022,5,6,23,.,.,.,.,.,.,.,.,.,.,.,.,.
2022,5,6,24,.,.,.,.,.,.,.,.,.,.,.,.,.
2022,5,6,25,.,.,.,.,.,.,.,.,.,.,.,.,.
2022,5,6,26,.,.,.,.,.,.,.,.,.,.,.,.,.
2022,5,6,27,.,.,.,.,.,.,.,.,.,.,.,.,.
2022,5,6,28,.,.,.,.,.,.,.,.,.,.,.,.,.
2022,5,6,29,.,.,.,.,.,.,.,.,.,.,.,.,.
2022,5,6,30,.,.,.,.,.,.,.,.,.,.,.,.,.
2022,5,6,31,.,.,.,.,.,.,.,.,.,.,.,.,.
2022,5,6,32,.,.,.,.,.,.,.,.,.,.,.,.,.
2022,5,6,33,.,.,.,.,.,.,.,.,.,.,.,.,.
2022,5,6,34,.,.,.,.,.,.,.,.,.,.,.,.,.
2022,5,6,35,.,.,.,.,.,.,.,.,.,.,.,.,.
2022,5,6,36,.,.,.,.,.,.,.,.,.,.,.,.,.
2022,5,6,37,.,.,.,.,.,.,.,.,.,.,.,.,.
2022,5,6,38,.,.,.,.,.,.,.,.,.,.,.,.,.
2022,5,6,39,.,.,.,.,.,.,.,.,.,.,.,.,.
2022,5,6,40,.,.,.,.,.,.,.,.,.,.,.,.,.
2022,5,6,41,.,.,.,.,.,.,.,.,.,.,.,.,.
2022,5,6,42,.,.,.,.,.,.,.,.,.,.,.,.,.
2022,5,6,44,.,.,.,.,.,.,.,.,.,.,.,.,.
2022,5,6,45,.,.,.,.,.,.,.,.,.,.,.,.,.
2022,5,6,46,.,.,.,.,.,.,.,.,.,.,.,.,.
2022,5,6,47,.,.,.,.,.,.,.,.,.,.,.,.,.
2022,5,6,48,.,.,.,.,.,.,.,.,.,.,.,.,.
2022,5,6,49,.,.,.,.,.,.,.,.,.,.,.,.,.
2022,5,6,50,.,.,.,.,.,.,.,.,.,.,.,.,.
2022,5,6,51,.,.,.,.,.,.,.,.,.,.,.,.,.
2022,5,6,53,.,.,.,.,.,.,.,.,.,.,.,.,.
2022,5,6,54,.,.,.,.,.,.,.,.,.,.,.,.,.
2022,5,6,55,.,.,.,.,.,.,.,.,.,.,.,.,.
2022,5,6,56,.,.,.,.,.,.,.,.,.,.,.,.,.
2022,5,13,1,.,.,.,.,.,.,.,.,.,.,.,.,.
2022,5,13,2,.,.,.,.,.,.,.,.,.,.,.,.,.
2022,5,13,4,.,.,.,.,.,.,.,.,.,.,.,.,.
2022,5,13,5,.,.,.,.,.,.,.,.,.,.,.,.,.
2022,5,13,6,.,.,.,.,.,.,.,.,.,.,.,.,.
2022,5,13,8,.,.,.,.,.,.,.,.,.,.,.,.,.
2022,5,13,9,.,.,.,.,.,.,.,.,.,.,.,.,.
2022,5,13,10,.,.,.,.,.,.,.,.,.,.,.,.,.
2022,5,13,11,.,.,.,.,.,.,.,.,.,.,.,.,.
2022,5,13,12,.,.,.,.,.,.,.,.,.,.,.,.,.
2022,5,13,13,.,.,.,.,.,.,.,.,.,.,.,.,.
2022,5,13,15,.,.,.,.,.,.,.,.,.,.,.,.,.
2022,5,13,16,.,.,.,.,.,.,.,.,.,.,.,.,.
2022,5,13,17,.,.,.,.,.,.,.,.,.,.,.,.,.
2022,5,13,18,.,.,.,.,.,.,.,.,.,.,.,.,.
2022,5,13,19,.,.,.,.,.,.,.,.,.,.,.,.,.
2022,5,13,20,.,.,.,.,.,.,.,.,.,.,.,.,.
2022,5,13,21,.,.,.,.,.,.,.,.,.,.,.,.,.
2022,5,13,22,.,.,.,.,.,.,.,.,.,.,.,.,.
2022,5,13,23,.,.,.,.,.,.,.,.,.,.,.,.,.
2022,5,13,24,.,.,.,.,.,.,.,.,.,.,.,.,.
2022,5,13,25,.,.,.,.,.,.,.,.,.,.,.,.,.
2022,5,13,26,.,.,.,.,.,.,.,.,.,.,.,.,.
2022,5,13,27,.,.,.,.,.,.,.,.,.,.,.,.,.
2022,5,13,28,.,.,.,.,.,.,.,.,.,.,.,.,.
2022,5,13,29,.,.,.,.,.,.,.,.,.,.,.,.,.
2022,5,13,30,.,.,.,.,.,.,.,.,.,.,.,.,.
2022,5,13,31,.,.,.,.,.,.,.,.,.,.,.,.,.
2022,5,13,32,.,.,.,.,.,.,.,.,.,.,.,.,.
2022,5,13,33,.,.,.,.,.,.,.,.,.,.,.,.,.
2022,5,13,34,.,.,.,.,.,.,.,.,.,.,.,.,.
2022,5,13,35,.,.,.,.,.,.,.,.,.,.,.,.,.
2022,5,13,36,.,.,.,.,.,.,.,.,.,.,.,.,.
2022,5,13,37,.,.,.,.,.,.,.,.,.,.,.,.,.
2022,5,13,38,.,.,.,.,.,.,.,.,.,.,.,.,.
2022,5,13,39,.,.,.,.,.,.,.,.,.,.,.,.,.
2022,5,13,40,.,.,.,.,.,.,.,.,.,.,.,.,.
2022,5,13,41,.,.,.,.,.,.,.,.,.,.,.,.,.
2022,5,13,42,.,.,.,.,.,.,.,.,.,.,.,.,.
2022,5,13,44,.,.,.,.,.,.,.,.,.,.,.,.,.
2022,5,13,45,.,.,.,.,.,.,.,.,.,.,.,.,.
2022,5,13,46,.,.,.,.,.,.,.,.,.,.,.,.,.
2022,5,13,47,.,.,.,.,.,.,.,.,.,.,.,.,.
2022,5,13,48,.,.,.,.,.,.,.,.,.,.,.,.,.
2022,5,13,49,.,.,.,.,.,.,.,.,.,.,.,.,.
2022,5,13,50,.,.,.,.,.,.,.,.,.,.,.,.,.
2022,5,13,51,.,.,.,.,.,.,.,.,.,.,.,.,.
2022,5,13,53,.,.,.,.,.,.,.,.,.,.,.,.,.
2022,5,13,54,.,.,.,.,.,.,.,.,.,.,.,.,.
2022,5,13,55,.,.,.,.,.,.,.,.,.,.,.,.,.
2022,5,13,56,.,.,.,.,.,.,.,.,.,.,.,.,.
2022,5,20,1,.,.,.,.,.,.,.,.,.,.,.,.,.
2022,5,20,2,.,.,.,.,.,.,.,.,.,.,.,.,.
2022,5,20,4,.,.,.,.,.,.,.,.,.,.,.,.,.
2022,5,20,5,.,.,.,.,.,.,.,.,.,.,.,.,.
2022,5,20,6,.,.,.,.,.,.,.,.,.,.,.,.,.
2022,5,20,8,.,.,.,.,.,.,.,.,.,.,.,.,.
2022,5,20,9,.,.,.,.,.,.,.,.,.,.,.,.,.
2022,5,20,10,.,.,.,.,.,.,.,.,.,.,.,.,.
2022,5,20,11,.,.,.,.,.,.,.,.,.,.,.,.,.
2022,5,20,12,.,.,.,.,.,.,.,.,.,.,.,.,.
2022,5,20,13,.,.,.,.,.,.,.,.,.,.,.,.,.
2022,5,20,15,.,.,.,.,.,.,.,.,.,.,.,.,.
2022,5,20,16,.,.,.,.,.,.,.,.,.,.,.,.,.
2022,5,20,17,.,.,.,.,.,.,.,.,.,.,.,.,.
2022,5,20,18,.,.,.,.,.,.,.,.,.,.,.,.,.
2022,5,20,19,.,.,.,.,.,.,.,.,.,.,.,.,.
2022,5,20,20,.,.,.,.,.,.,.,.,.,.,.,.,.
2022,5,20,21,.,.,.,.,.,.,.,.,.,.,.,.,.
2022,5,20,22,.,.,.,.,.,.,.,.,.,.,.,.,.
2022,5,20,23,.,.,.,.,.,.,.,.,.,.,.,.,.
2022,5,20,24,.,.,.,.,.,.,.,.,.,.,.,.,.
2022,5,20,25,.,.,.,.,.,.,.,.,.,.,.,.,.
2022,5,20,26,.,.,.,.,.,.,.,.,.,.,.,.,.
2022,5,20,27,.,.,.,.,.,.,.,.,.,.,.,.,.
2022,5,20,28,.,.,.,.,.,.,.,.,.,.,.,.,.
2022,5,20,29,.,.,.,.,.,.,.,.,.,.,.,.,.
2022,5,20,30,.,.,.,.,.,.,.,.,.,.,.,.,.
2022,5,20,31,.,.,.,.,.,.,.,.,.,.,.,.,.
2022,5,20,32,.,.,.,.,.,.,.,.,.,.,.,.,.
2022,5,20,33,.,.,.,.,.,.,.,.,.,.,.,.,.
2022,5,20,34,.,.,.,.,.,.,.,.,.,.,.,.,.
2022,5,20,35,.,.,.,.,.,.,.,.,.,.,.,.,.
2022,5,20,36,.,.,.,.,.,.,.,.,.,.,.,.,.
2022,5,20,37,.,.,.,.,.,.,.,.,.,.,.,.,.
2022,5,20,38,.,.,.,.,.,.,.,.,.,.,.,.,.
2022,5,20,39,.,.,.,.,.,.,.,.,.,.,.,.,.
2022,5,20,40,.,.,.,.,.,.,.,.,.,.,.,.,.
2022,5,20,41,.,.,.,.,.,.,.,.,.,.,.,.,.
2022,5,20,42,.,.,.,.,.,.,.,.,.,.,.,.,.
2022,5,20,44,.,.,.,.,.,.,.,.,.,.,.,.,.
2022,5,20,45,.,.,.,.,.,.,.,.,.,.,.,.,.
2022,5,20,46,.,.,.,.,.,.,.,.,.,.,.,.,.
2022,5,20,47,.,.,.,.,.,.,.,.,.,.,.,.,.
2022,5,20,48,.,.,.,.,.,.,.,.,.,.,.,.,.
2022,5,20,49,.,.,.,.,.,.,.,.,.,.,.,.,.
2022,5,20,50,.,.,.,.,.,.,.,.,.,.,.,.,.
2022,5,20,51,.,.,.,.,.,.,.,.,.,.,.,.,.
2022,5,20,53,.,.,.,.,.,.,.,.,.,.,.,.,.
2022,5,20,54,.,.,.,.,.,.,.,.,.,.,.,.,.
2022,5,20,55,.,.,.,.,.,.,.,.,.,.,.,.,.
2022,5,20,56,.,.,.,.,.,.,.,.,.,.,.,.,.
2022,5,27,1,.,.,.,.,.,.,.,.,.,.,.,.,.
2022,5,27,2,.,.,.,.,.,.,.,.,.,.,.,.,.
2022,5,27,4,.,.,.,.,.,.,.,.,.,.,.,.,.
2022,5,27,5,.,.,.,.,.,.,.,.,.,.,.,.,.
2022,5,27,6,.,.,.,.,.,.,.,.,.,.,.,.,.
2022,5,27,8,.,.,.,.,.,.,.,.,.,.,.,.,.
2022,5,27,9,.,.,.,.,.,.,.,.,.,.,.,.,.
2022,5,27,10,.,.,.,.,.,.,.,.,.,.,.,.,.
2022,5,27,11,.,.,.,.,.,.,.,.,.,.,.,.,.
2022,5,27,12,.,.,.,.,.,.,.,.,.,.,.,.,.
2022,5,27,13,.,.,.,.,.,.,.,.,.,.,.,.,.
2022,5,27,15,.,.,.,.,.,.,.,.,.,.,.,.,.
2022,5,27,16,.,.,.,.,.,.,.,.,.,.,.,.,.
2022,5,27,17,.,.,.,.,.,.,.,.,.,.,.,.,.
2022,5,27,18,.,.,.,.,.,.,.,.,.,.,.,.,.
2022,5,27,19,.,.,.,.,.,.,.,.,.,.,.,.,.
2022,5,27,20,.,.,.,.,.,.,.,.,.,.,.,.,.
2022,5,27,21,.,.,.,.,.,.,.,.,.,.,.,.,.
2022,5,27,22,.,.,.,.,.,.,.,.,.,.,.,.,.
2022,5,27,23,.,.,.,.,.,.,.,.,.,.,.,.,.
2022,5,27,24,.,.,.,.,.,.,.,.,.,.,.,.,.
2022,5,27,25,.,.,.,.,.,.,.,.,.,.,.,.,.
2022,5,27,26,.,.,.,.,.,.,.,.,.,.,.,.,.
2022,5,27,27,.,.,.,.,.,.,.,.,.,.,.,.,.
2022,5,27,28,.,.,.,.,.,.,.,.,.,.,.,.,.
2022,5,27,29,.,.,.,.,.,.,.,.,.,.,.,.,.
2022,5,27,30,.,.,.,.,.,.,.,.,.,.,.,.,.
2022,5,27,31,.,.,.,.,.,.,.,.,.,.,.,.,.
2022,5,27,32,.,.,.,.,.,.,.,.,.,.,.,.,.
2022,5,27,33,.,.,.,.,.,.,.,.,.,.,.,.,.
2022,5,27,34,.,.,.,.,.,.,.,.,.,.,.,.,.
2022,5,27,35,.,.,.,.,.,.,.,.,.,.,.,.,.
2022,5,27,36,.,.,.,.,.,.,.,.,.,.,.,.,.
2022,5,27,37,.,.,.,.,.,.,.,.,.,.,.,.,.
2022,5,27,38,.,.,.,.,.,.,.,.,.,.,.,.,.
2022,5,27,39,.,.,.,.,.,.,.,.,.,.,.,.,.
2022,5,27,40,.,.,.,.,.,.,.,.,.,.,.,.,.
2022,5,27,41,.,.,.,.,.,.,.,.,.,.,.,.,.
2022,5,27,42,.,.,.,.,.,.,.,.,.,.,.,.,.
2022,5,27,44,.,.,.,.,.,.,.,.,.,.,.,.,.
2022,5,27,45,.,.,.,.,.,.,.,.,.,.,.,.,.
2022,5,27,46,.,.,.,.,.,.,.,.,.,.,.,.,.
2022,5,27,47,.,.,.,.,.,.,.,.,.,.,.,.,.
2022,5,27,48,.,.,.,.,.,.,.,.,.,.,.,.,.
2022,5,27,49,.,.,.,.,.,.,.,.,.,.,.,.,.
2022,5,27,50,.,.,.,.,.,.,.,.,.,.,.,.,.
2022,5,27,51,.,.,.,.,.,.,.,.,.,.,.,.,.
2022,5,27,53,.,.,.,.,.,.,.,.,.,.,.,.,.
2022,5,27,54,.,.,.,.,.,.,.,.,.,.,.,.,.
2022,5,27,55,.,.,.,.,.,.,.,.,.,.,.,.,.
2022,5,27,56,.,.,.,.,.,.,.,.,.,.,.,.,.
2022,6,3,1,.,.,.,.,.,.,.,.,.,.,.,.,.
2022,6,3,2,.,.,.,.,.,.,.,.,.,.,.,.,.
2022,6,3,4,.,.,.,.,.,.,.,.,.,.,.,.,.
2022,6,3,5,.,.,.,.,.,.,.,.,.,.,.,.,.
2022,6,3,6,.,.,.,.,.,.,.,.,.,.,.,.,.
2022,6,3,8,.,.,.,.,.,.,.,.,.,.,.,.,.
2022,6,3,9,.,.,.,.,.,.,.,.,.,.,.,.,.
2022,6,3,10,.,.,.,.,.,.,.,.,.,.,.,.,.
2022,6,3,11,.,.,.,.,.,.,.,.,.,.,.,.,.
2022,6,3,12,.,.,.,.,.,.,.,.,.,.,.,.,.
2022,6,3,13,.,.,.,.,.,.,.,.,.,.,.,.,.
2022,6,3,15,.,.,.,.,.,.,.,.,.,.,.,.,.
2022,6,3,16,.,.,.,.,.,.,.,.,.,.,.,.,.
2022,6,3,17,.,.,.,.,.,.,.,.,.,.,.,.,.
2022,6,3,18,.,.,.,.,.,.,.,.,.,.,.,.,.
2022,6,3,19,.,.,.,.,.,.,.,.,.,.,.,.,.
2022,6,3,20,.,.,.,.,.,.,.,.,.,.,.,.,.
2022,6,3,21,.,.,.,.,.,.,.,.,.,.,.,.,.
2022,6,3,22,.,.,.,.,.,.,.,.,.,.,.,.,.
2022,6,3,23,.,.,.,.,.,.,.,.,.,.,.,.,.
2022,6,3,24,.,.,.,.,.,.,.,.,.,.,.,.,.
2022,6,3,25,.,.,.,.,.,.,.,.,.,.,.,.,.
2022,6,3,26,.,.,.,.,.,.,.,.,.,.,.,.,.
2022,6,3,27,.,.,.,.,.,.,.,.,.,.,.,.,.
2022,6,3,28,.,.,.,.,.,.,.,.,.,.,.,.,.
2022,6,3,29,.,.,.,.,.,.,.,.,.,.,.,.,.
2022,6,3,30,.,.,.,.,.,.,.,.,.,.,.,.,.
2022,6,3,31,.,.,.,.,.,.,.,.,.,.,.,.,.
2022,6,3,32,.,.,.,.,.,.,.,.,.,.,.,.,.
2022,6,3,33,.,.,.,.,.,.,.,.,.,.,.,.,.
2022,6,3,34,.,.,.,.,.,.,.,.,.,.,.,.,.
2022,6,3,35,.,.,.,.,.,.,.,.,.,.,.,.,.
2022,6,3,36,.,.,.,.,.,.,.,.,.,.,.,.,.
2022,6,3,37,.,.,.,.,.,.,.,.,.,.,.,.,.
2022,6,3,38,.,.,.,.,.,.,.,.,.,.,.,.,.
2022,6,3,39,.,.,.,.,.,.,.,.,.,.,.,.,.
2022,6,3,40,.,.,.,.,.,.,.,.,.,.,.,.,.
2022,6,3,41,.,.,.,.,.,.,.,.,.,.,.,.,.
2022,6,3,42,.,.,.,.,.,.,.,.,.,.,.,.,.
2022,6,3,44,.,.,.,.,.,.,.,.,.,.,.,.,.
2022,6,3,45,.,.,.,.,.,.,.,.,.,.,.,.,.
2022,6,3,46,.,.,.,.,.,.,.,.,.,.,.,.,.
2022,6,3,47,.,.,.,.,.,.,.,.,.,.,.,.,.
2022,6,3,48,.,.,.,.,.,.,.,.,.,.,.,.,.
2022,6,3,49,.,.,.,.,.,.,.,.,.,.,.,.,.
2022,6,3,50,.,.,.,.,.,.,.,.,.,.,.,.,.
2022,6,3,51,.,.,.,.,.,.,.,.,.,.,.,.,.
2022,6,3,53,.,.,.,.,.,.,.,.,.,.,.,.,.
2022,6,3,54,.,.,.,.,.,.,.,.,.,.,.,.,.
2022,6,3,55,.,.,.,.,.,.,.,.,.,.,.,.,.
2022,6,3,56,.,.,.,.,.,.,.,.,.,.,.,.,.
2022,6,10,1,.,.,.,.,.,.,.,.,.,.,.,.,.
2022,6,10,2,.,.,.,.,.,.,.,.,.,.,.,.,.
2022,6,10,4,.,.,.,.,.,.,.,.,.,.,.,.,.
2022,6,10,5,.,.,.,.,.,.,.,.,.,.,.,.,.
2022,6,10,6,.,.,.,.,.,.,.,.,.,.,.,.,.
2022,6,10,8,.,.,.,.,.,.,.,.,.,.,.,.,.
2022,6,10,9,.,.,.,.,.,.,.,.,.,.,.,.,.
2022,6,10,10,.,.,.,.,.,.,.,.,.,.,.,.,.
2022,6,10,11,.,.,.,.,.,.,.,.,.,.,.,.,.
2022,6,10,12,.,.,.,.,.,.,.,.,.,.,.,.,.
2022,6,10,13,.,.,.,.,.,.,.,.,.,.,.,.,.
2022,6,10,15,.,.,.,.,.,.,.,.,.,.,.,.,.
2022,6,10,16,.,.,.,.,.,.,.,.,.,.,.,.,.
2022,6,10,17,.,.,.,.,.,.,.,.,.,.,.,.,.
2022,6,10,18,.,.,.,.,.,.,.,.,.,.,.,.,.
2022,6,10,19,.,.,.,.,.,.,.,.,.,.,.,.,.
2022,6,10,20,.,.,.,.,.,.,.,.,.,.,.,.,.
2022,6,10,21,.,.,.,.,.,.,.,.,.,.,.,.,.
2022,6,10,22,.,.,.,.,.,.,.,.,.,.,.,.,.
2022,6,10,23,.,.,.,.,.,.,.,.,.,.,.,.,.
2022,6,10,24,.,.,.,.,.,.,.,.,.,.,.,.,.
2022,6,10,25,.,.,.,.,.,.,.,.,.,.,.,.,.
2022,6,10,26,.,.,.,.,.,.,.,.,.,.,.,.,.
2022,6,10,27,.,.,.,.,.,.,.,.,.,.,.,.,.
2022,6,10,28,.,.,.,.,.,.,.,.,.,.,.,.,.
2022,6,10,29,.,.,.,.,.,.,.,.,.,.,.,.,.
2022,6,10,30,.,.,.,.,.,.,.,.,.,.,.,.,.
2022,6,10,31,.,.,.,.,.,.,.,.,.,.,.,.,.
2022,6,10,32,.,.,.,.,.,.,.,.,.,.,.,.,.
2022,6,10,33,.,.,.,.,.,.,.,.,.,.,.,.,.
2022,6,10,34,.,.,.,.,.,.,.,.,.,.,.,.,.
2022,6,10,35,.,.,.,.,.,.,.,.,.,.,.,.,.
2022,6,10,36,.,.,.,.,.,.,.,.,.,.,.,.,.
2022,6,10,37,.,.,.,.,.,.,.,.,.,.,.,.,.
2022,6,10,38,.,.,.,.,.,.,.,.,.,.,.,.,.
2022,6,10,39,.,.,.,.,.,.,.,.,.,.,.,.,.
2022,6,10,40,.,.,.,.,.,.,.,.,.,.,.,.,.
2022,6,10,41,.,.,.,.,.,.,.,.,.,.,.,.,.
2022,6,10,42,.,.,.,.,.,.,.,.,.,.,.,.,.
2022,6,10,44,.,.,.,.,.,.,.,.,.,.,.,.,.
2022,6,10,45,.,.,.,.,.,.,.,.,.,.,.,.,.
2022,6,10,46,.,.,.,.,.,.,.,.,.,.,.,.,.
2022,6,10,47,.,.,.,.,.,.,.,.,.,.,.,.,.
2022,6,10,48,.,.,.,.,.,.,.,.,.,.,.,.,.
2022,6,10,49,.,.,.,.,.,.,.,.,.,.,.,.,.
2022,6,10,50,.,.,.,.,.,.,.,.,.,.,.,.,.
2022,6,10,51,.,.,.,.,.,.,.,.,.,.,.,.,.
2022,6,10,53,.,.,.,.,.,.,.,.,.,.,.,.,.
2022,6,10,54,.,.,.,.,.,.,.,.,.,.,.,.,.
2022,6,10,55,.,.,.,.,.,.,.,.,.,.,.,.,.
2022,6,10,56,.,.,.,.,.,.,.,.,.,.,.,.,.
2022,6,17,1,.,.,.,.,.,.,.,.,.,.,.,.,.
2022,6,17,2,.,.,.,.,.,.,.,.,.,.,.,.,.
2022,6,17,4,.,.,.,.,.,.,.,.,.,.,.,.,.
2022,6,17,5,.,.,.,.,.,.,.,.,.,.,.,.,.
2022,6,17,6,.,.,.,.,.,.,.,.,.,.,.,.,.
2022,6,17,8,.,.,.,.,.,.,.,.,.,.,.,.,.
2022,6,17,9,.,.,.,.,.,.,.,.,.,.,.,.,.
2022,6,17,10,.,.,.,.,.,.,.,.,.,.,.,.,.
2022,6,17,11,.,.,.,.,.,.,.,.,.,.,.,.,.
2022,6,17,12,.,.,.,.,.,.,.,.,.,.,.,.,.
2022,6,17,13,.,.,.,.,.,.,.,.,.,.,.,.,.
2022,6,17,15,.,.,.,.,.,.,.,.,.,.,.,.,.
2022,6,17,16,.,.,.,.,.,.,.,.,.,.,.,.,.
2022,6,17,17,.,.,.,.,.,.,.,.,.,.,.,.,.
2022,6,17,18,.,.,.,.,.,.,.,.,.,.,.,.,.
2022,6,17,19,.,.,.,.,.,.,.,.,.,.,.,.,.
2022,6,17,20,.,.,.,.,.,.,.,.,.,.,.,.,.
2022,6,17,21,.,.,.,.,.,.,.,.,.,.,.,.,.
2022,6,17,22,.,.,.,.,.,.,.,.,.,.,.,.,.
2022,6,17,23,.,.,.,.,.,.,.,.,.,.,.,.,.
2022,6,17,24,.,.,.,.,.,.,.,.,.,.,.,.,.
2022,6,17,25,.,.,.,.,.,.,.,.,.,.,.,.,.
2022,6,17,26,.,.,.,.,.,.,.,.,.,.,.,.,.
2022,6,17,27,.,.,.,.,.,.,.,.,.,.,.,.,.
2022,6,17,28,.,.,.,.,.,.,.,.,.,.,.,.,.
2022,6,17,29,.,.,.,.,.,.,.,.,.,.,.,.,.
2022,6,17,30,.,.,.,.,.,.,.,.,.,.,.,.,.
2022,6,17,31,.,.,.,.,.,.,.,.,.,.,.,.,.
2022,6,17,32,.,.,.,.,.,.,.,.,.,.,.,.,.
2022,6,17,33,.,.,.,.,.,.,.,.,.,.,.,.,.
2022,6,17,34,.,.,.,.,.,.,.,.,.,.,.,.,.
2022,6,17,35,.,.,.,.,.,.,.,.,.,.,.,.,.
2022,6,17,36,.,.,.,.,.,.,.,.,.,.,.,.,.
2022,6,17,37,.,.,.,.,.,.,.,.,.,.,.,.,.
2022,6,17,38,.,.,.,.,.,.,.,.,.,.,.,.,.
2022,6,17,39,.,.,.,.,.,.,.,.,.,.,.,.,.
2022,6,17,40,.,.,.,.,.,.,.,.,.,.,.,.,.
2022,6,17,41,.,.,.,.,.,.,.,.,.,.,.,.,.
2022,6,17,42,.,.,.,.,.,.,.,.,.,.,.,.,.
2022,6,17,44,.,.,.,.,.,.,.,.,.,.,.,.,.
2022,6,17,45,.,.,.,.,.,.,.,.,.,.,.,.,.
2022,6,17,46,.,.,.,.,.,.,.,.,.,.,.,.,.
2022,6,17,47,.,.,.,.,.,.,.,.,.,.,.,.,.
2022,6,17,48,.,.,.,.,.,.,.,.,.,.,.,.,.
2022,6,17,49,.,.,.,.,.,.,.,.,.,.,.,.,.
2022,6,17,50,.,.,.,.,.,.,.,.,.,.,.,.,.
2022,6,17,51,.,.,.,.,.,.,.,.,.,.,.,.,.
2022,6,17,53,.,.,.,.,.,.,.,.,.,.,.,.,.
2022,6,17,54,.,.,.,.,.,.,.,.,.,.,.,.,.
2022,6,17,55,.,.,.,.,.,.,.,.,.,.,.,.,.
2022,6,17,56,.,.,.,.,.,.,.,.,.,.,.,.,.
2022,6,24,1,.,.,.,.,.,.,.,.,.,.,.,.,.
2022,6,24,2,.,.,.,.,.,.,.,.,.,.,.,.,.
2022,6,24,4,.,.,.,.,.,.,.,.,.,.,.,.,.
2022,6,24,5,.,.,.,.,.,.,.,.,.,.,.,.,.
2022,6,24,6,.,.,.,.,.,.,.,.,.,.,.,.,.
2022,6,24,8,.,.,.,.,.,.,.,.,.,.,.,.,.
2022,6,24,9,.,.,.,.,.,.,.,.,.,.,.,.,.
2022,6,24,10,.,.,.,.,.,.,.,.,.,.,.,.,.
2022,6,24,11,.,.,.,.,.,.,.,.,.,.,.,.,.
2022,6,24,12,.,.,.,.,.,.,.,.,.,.,.,.,.
2022,6,24,13,.,.,.,.,.,.,.,.,.,.,.,.,.
2022,6,24,15,.,.,.,.,.,.,.,.,.,.,.,.,.
2022,6,24,16,.,.,.,.,.,.,.,.,.,.,.,.,.
2022,6,24,17,.,.,.,.,.,.,.,.,.,.,.,.,.
2022,6,24,18,.,.,.,.,.,.,.,.,.,.,.,.,.
2022,6,24,19,.,.,.,.,.,.,.,.,.,.,.,.,.
2022,6,24,20,.,.,.,.,.,.,.,.,.,.,.,.,.
2022,6,24,21,.,.,.,.,.,.,.,.,.,.,.,.,.
2022,6,24,22,.,.,.,.,.,.,.,.,.,.,.,.,.
2022,6,24,23,.,.,.,.,.,.,.,.,.,.,.,.,.
2022,6,24,24,.,.,.,.,.,.,.,.,.,.,.,.,.
2022,6,24,25,.,.,.,.,.,.,.,.,.,.,.,.,.
2022,6,24,26,.,.,.,.,.,.,.,.,.,.,.,.,.
2022,6,24,27,.,.,.,.,.,.,.,.,.,.,.,.,.
2022,6,24,28,.,.,.,.,.,.,.,.,.,.,.,.,.
2022,6,24,29,.,.,.,.,.,.,.,.,.,.,.,.,.
2022,6,24,30,.,.,.,.,.,.,.,.,.,.,.,.,.
2022,6,24,31,.,.,.,.,.,.,.,.,.,.,.,.,.
2022,6,24,32,.,.,.,.,.,.,.,.,.,.,.,.,.
2022,6,24,33,.,.,.,.,.,.,.,.,.,.,.,.,.
2022,6,24,34,.,.,.,.,.,.,.,.,.,.,.,.,.
2022,6,24,35,.,.,.,.,.,.,.,.,.,.,.,.,.
2022,6,24,36,.,.,.,.,.,.,.,.,.,.,.,.,.
2022,6,24,37,.,.,.,.,.,.,.,.,.,.,.,.,.
2022,6,24,38,.,.,.,.,.,.,.,.,.,.,.,.,.
2022,6,24,39,.,.,.,.,.,.,.,.,.,.,.,.,.
2022,6,24,40,.,.,.,.,.,.,.,.,.,.,.,.,.
2022,6,24,41,.,.,.,.,.,.,.,.,.,.,.,.,.
2022,6,24,42,.,.,.,.,.,.,.,.,.,.,.,.,.
2022,6,24,44,.,.,.,.,.,.,.,.,.,.,.,.,.
2022,6,24,45,.,.,.,.,.,.,.,.,.,.,.,.,.
2022,6,24,46,.,.,.,.,.,.,.,.,.,.,.,.,.
2022,6,24,47,.,.,.,.,.,.,.,.,.,.,.,.,.
2022,6,24,48,.,.,.,.,.,.,.,.,.,.,.,.,.
2022,6,24,49,.,.,.,.,.,.,.,.,.,.,.,.,.
2022,6,24,50,.,.,.,.,.,.,.,.,.,.,.,.,.
2022,6,24,51,.,.,.,.,.,.,.,.,.,.,.,.,.
2022,6,24,53,.,.,.,.,.,.,.,.,.,.,.,.,.
2022,6,24,54,.,.,.,.,.,.,.,.,.,.,.,.,.
2022,6,24,55,.,.,.,.,.,.,.,.,.,.,.,.,.
2022,6,24,56,.,.,.,.,.,.,.,.,.,.,.,.,.
2022,7,1,1,.,.,.,.,.,.,.,.,.,.,.,.,.
2022,7,1,2,.,.,.,.,.,.,.,.,.,.,.,.,.
2022,7,1,4,.,.,.,.,.,.,.,.,.,.,.,.,.
2022,7,1,5,.,.,.,.,.,.,.,.,.,.,.,.,.
2022,7,1,6,.,.,.,.,.,.,.,.,.,.,.,.,.
2022,7,1,8,.,.,.,.,.,.,.,.,.,.,.,.,.
2022,7,1,9,.,.,.,.,.,.,.,.,.,.,.,.,.
2022,7,1,10,.,.,.,.,.,.,.,.,.,.,.,.,.
2022,7,1,11,.,.,.,.,.,.,.,.,.,.,.,.,.
2022,7,1,12,.,.,.,.,.,.,.,.,.,.,.,.,.
2022,7,1,13,.,.,.,.,.,.,.,.,.,.,.,.,.
2022,7,1,15,.,.,.,.,.,.,.,.,.,.,.,.,.
2022,7,1,16,.,.,.,.,.,.,.,.,.,.,.,.,.
2022,7,1,17,.,.,.,.,.,.,.,.,.,.,.,.,.
2022,7,1,18,.,.,.,.,.,.,.,.,.,.,.,.,.
2022,7,1,19,.,.,.,.,.,.,.,.,.,.,.,.,.
2022,7,1,20,.,.,.,.,.,.,.,.,.,.,.,.,.
2022,7,1,21,.,.,.,.,.,.,.,.,.,.,.,.,.
2022,7,1,22,.,.,.,.,.,.,.,.,.,.,.,.,.
2022,7,1,23,.,.,.,.,.,.,.,.,.,.,.,.,.
2022,7,1,24,.,.,.,.,.,.,.,.,.,.,.,.,.
2022,7,1,25,.,.,.,.,.,.,.,.,.,.,.,.,.
2022,7,1,26,.,.,.,.,.,.,.,.,.,.,.,.,.
2022,7,1,27,.,.,.,.,.,.,.,.,.,.,.,.,.
2022,7,1,28,.,.,.,.,.,.,.,.,.,.,.,.,.
2022,7,1,29,.,.,.,.,.,.,.,.,.,.,.,.,.
2022,7,1,30,.,.,.,.,.,.,.,.,.,.,.,.,.
2022,7,1,31,.,.,.,.,.,.,.,.,.,.,.,.,.
2022,7,1,32,.,.,.,.,.,.,.,.,.,.,.,.,.
2022,7,1,33,.,.,.,.,.,.,.,.,.,.,.,.,.
2022,7,1,34,.,.,.,.,.,.,.,.,.,.,.,.,.
2022,7,1,35,.,.,.,.,.,.,.,.,.,.,.,.,.
2022,7,1,36,.,.,.,.,.,.,.,.,.,.,.,.,.
2022,7,1,37,.,.,.,.,.,.,.,.,.,.,.,.,.
2022,7,1,38,.,.,.,.,.,.,.,.,.,.,.,.,.
2022,7,1,39,.,.,.,.,.,.,.,.,.,.,.,.,.
2022,7,1,40,.,.,.,.,.,.,.,.,.,.,.,.,.
2022,7,1,41,.,.,.,.,.,.,.,.,.,.,.,.,.
2022,7,1,42,.,.,.,.,.,.,.,.,.,.,.,.,.
2022,7,1,44,.,.,.,.,.,.,.,.,.,.,.,.,.
2022,7,1,45,.,.,.,.,.,.,.,.,.,.,.,.,.
2022,7,1,46,.,.,.,.,.,.,.,.,.,.,.,.,.
2022,7,1,47,.,.,.,.,.,.,.,.,.,.,.,.,.
2022,7,1,48,.,.,.,.,.,.,.,.,.,.,.,.,.
2022,7,1,49,.,.,.,.,.,.,.,.,.,.,.,.,.
2022,7,1,50,.,.,.,.,.,.,.,.,.,.,.,.,.
2022,7,1,51,.,.,.,.,.,.,.,.,.,.,.,.,.
2022,7,1,53,.,.,.,.,.,.,.,.,.,.,.,.,.
2022,7,1,54,.,.,.,.,.,.,.,.,.,.,.,.,.
2022,7,1,55,.,.,.,.,.,.,.,.,.,.,.,.,.
2022,7,1,56,.,.,.,.,.,.,.,.,.,.,.,.,.
2022,7,8,1,.,.,.,.,.,.,.,.,.,.,.,.,.
2022,7,8,2,.,.,.,.,.,.,.,.,.,.,.,.,.
2022,7,8,4,.,.,.,.,.,.,.,.,.,.,.,.,.
2022,7,8,5,.,.,.,.,.,.,.,.,.,.,.,.,.
2022,7,8,6,.,.,.,.,.,.,.,.,.,.,.,.,.
2022,7,8,8,.,.,.,.,.,.,.,.,.,.,.,.,.
2022,7,8,9,.,.,.,.,.,.,.,.,.,.,.,.,.
2022,7,8,10,.,.,.,.,.,.,.,.,.,.,.,.,.
2022,7,8,11,.,.,.,.,.,.,.,.,.,.,.,.,.
2022,7,8,12,.,.,.,.,.,.,.,.,.,.,.,.,.
2022,7,8,13,.,.,.,.,.,.,.,.,.,.,.,.,.
2022,7,8,15,.,.,.,.,.,.,.,.,.,.,.,.,.
2022,7,8,16,.,.,.,.,.,.,.,.,.,.,.,.,.
2022,7,8,17,.,.,.,.,.,.,.,.,.,.,.,.,.
2022,7,8,18,.,.,.,.,.,.,.,.,.,.,.,.,.
2022,7,8,19,.,.,.,.,.,.,.,.,.,.,.,.,.
2022,7,8,20,.,.,.,.,.,.,.,.,.,.,.,.,.
2022,7,8,21,.,.,.,.,.,.,.,.,.,.,.,.,.
2022,7,8,22,.,.,.,.,.,.,.,.,.,.,.,.,.
2022,7,8,23,.,.,.,.,.,.,.,.,.,.,.,.,.
2022,7,8,24,.,.,.,.,.,.,.,.,.,.,.,.,.
2022,7,8,25,.,.,.,.,.,.,.,.,.,.,.,.,.
2022,7,8,26,.,.,.,.,.,.,.,.,.,.,.,.,.
2022,7,8,27,.,.,.,.,.,.,.,.,.,.,.,.,.
2022,7,8,28,.,.,.,.,.,.,.,.,.,.,.,.,.
2022,7,8,29,.,.,.,.,.,.,.,.,.,.,.,.,.
2022,7,8,30,.,.,.,.,.,.,.,.,.,.,.,.,.
2022,7,8,31,.,.,.,.,.,.,.,.,.,.,.,.,.
2022,7,8,32,.,.,.,.,.,.,.,.,.,.,.,.,.
2022,7,8,33,.,.,.,.,.,.,.,.,.,.,.,.,.
2022,7,8,34,.,.,.,.,.,.,.,.,.,.,.,.,.
2022,7,8,35,.,.,.,.,.,.,.,.,.,.,.,.,.
2022,7,8,36,.,.,.,.,.,.,.,.,.,.,.,.,.
2022,7,8,37,.,.,.,.,.,.,.,.,.,.,.,.,.
2022,7,8,38,.,.,.,.,.,.,.,.,.,.,.,.,.
2022,7,8,39,.,.,.,.,.,.,.,.,.,.,.,.,.
2022,7,8,40,.,.,.,.,.,.,.,.,.,.,.,.,.
2022,7,8,41,.,.,.,.,.,.,.,.,.,.,.,.,.
2022,7,8,42,.,.,.,.,.,.,.,.,.,.,.,.,.
2022,7,8,44,.,.,.,.,.,.,.,.,.,.,.,.,.
2022,7,8,45,.,.,.,.,.,.,.,.,.,.,.,.,.
2022,7,8,46,.,.,.,.,.,.,.,.,.,.,.,.,.
2022,7,8,47,.,.,.,.,.,.,.,.,.,.,.,.,.
2022,7,8,48,.,.,.,.,.,.,.,.,.,.,.,.,.
2022,7,8,49,.,.,.,.,.,.,.,.,.,.,.,.,.
2022,7,8,50,.,.,.,.,.,.,.,.,.,.,.,.,.
2022,7,8,51,.,.,.,.,.,.,.,.,.,.,.,.,.
2022,7,8,53,.,.,.,.,.,.,.,.,.,.,.,.,.
2022,7,8,54,.,.,.,.,.,.,.,.,.,.,.,.,.
2022,7,8,55,.,.,.,.,.,.,.,.,.,.,.,.,.
2022,7,8,56,.,.,.,.,.,.,.,.,.,.,.,.,.
2022,7,15,1,.,.,.,.,.,.,.,.,.,.,.,.,.
2022,7,15,2,.,.,.,.,.,.,.,.,.,.,.,.,.
2022,7,15,4,.,.,.,.,.,.,.,.,.,.,.,.,.
2022,7,15,5,.,.,.,.,.,.,.,.,.,.,.,.,.
2022,7,15,6,.,.,.,.,.,.,.,.,.,.,.,.,.
2022,7,15,8,.,.,.,.,.,.,.,.,.,.,.,.,.
2022,7,15,9,.,.,.,.,.,.,.,.,.,.,.,.,.
2022,7,15,10,.,.,.,.,.,.,.,.,.,.,.,.,.
2022,7,15,11,.,.,.,.,.,.,.,.,.,.,.,.,.
2022,7,15,12,.,.,.,.,.,.,.,.,.,.,.,.,.
2022,7,15,13,.,.,.,.,.,.,.,.,.,.,.,.,.
2022,7,15,15,.,.,.,.,.,.,.,.,.,.,.,.,.
2022,7,15,16,.,.,.,.,.,.,.,.,.,.,.,.,.
2022,7,15,17,.,.,.,.,.,.,.,.,.,.,.,.,.
2022,7,15,18,.,.,.,.,.,.,.,.,.,.,.,.,.
2022,7,15,19,.,.,.,.,.,.,.,.,.,.,.,.,.
2022,7,15,20,.,.,.,.,.,.,.,.,.,.,.,.,.
2022,7,15,21,.,.,.,.,.,.,.,.,.,.,.,.,.
2022,7,15,22,.,.,.,.,.,.,.,.,.,.,.,.,.
2022,7,15,23,.,.,.,.,.,.,.,.,.,.,.,.,.
2022,7,15,24,.,.,.,.,.,.,.,.,.,.,.,.,.
2022,7,15,25,.,.,.,.,.,.,.,.,.,.,.,.,.
2022,7,15,26,.,.,.,.,.,.,.,.,.,.,.,.,.
2022,7,15,27,.,.,.,.,.,.,.,.,.,.,.,.,.
2022,7,15,28,.,.,.,.,.,.,.,.,.,.,.,.,.
2022,7,15,29,.,.,.,.,.,.,.,.,.,.,.,.,.
2022,7,15,30,.,.,.,.,.,.,.,.,.,.,.,.,.
2022,7,15,31,.,.,.,.,.,.,.,.,.,.,.,.,.
2022,7,15,32,.,.,.,.,.,.,.,.,.,.,.,.,.
2022,7,15,33,.,.,.,.,.,.,.,.,.,.,.,.,.
2022,7,15,34,.,.,.,.,.,.,.,.,.,.,.,.,.
2022,7,15,35,.,.,.,.,.,.,.,.,.,.,.,.,.
2022,7,15,36,.,.,.,.,.,.,.,.,.,.,.,.,.
2022,7,15,37,.,.,.,.,.,.,.,.,.,.,.,.,.
2022,7,15,38,.,.,.,.,.,.,.,.,.,.,.,.,.
2022,7,15,39,.,.,.,.,.,.,.,.,.,.,.,.,.
2022,7,15,40,.,.,.,.,.,.,.,.,.,.,.,.,.
2022,7,15,41,.,.,.,.,.,.,.,.,.,.,.,.,.
2022,7,15,42,.,.,.,.,.,.,.,.,.,.,.,.,.
2022,7,15,44,.,.,.,.,.,.,.,.,.,.,.,.,.
2022,7,15,45,.,.,.,.,.,.,.,.,.,.,.,.,.
2022,7,15,46,.,.,.,.,.,.,.,.,.,.,.,.,.
2022,7,15,47,.,.,.,.,.,.,.,.,.,.,.,.,.
2022,7,15,48,.,.,.,.,.,.,.,.,.,.,.,.,.
2022,7,15,49,.,.,.,.,.,.,.,.,.,.,.,.,.
2022,7,15,50,.,.,.,.,.,.,.,.,.,.,.,.,.
2022,7,15,51,.,.,.,.,.,.,.,.,.,.,.,.,.
2022,7,15,53,.,.,.,.,.,.,.,.,.,.,.,.,.
2022,7,15,54,.,.,.,.,.,.,.,.,.,.,.,.,.
2022,7,15,55,.,.,.,.,.,.,.,.,.,.,.,.,.
2022,7,15,56,.,.,.,.,.,.,.,.,.,.,.,.,.
2022,7,22,1,.,.,.,.,.,.,.,.,.,.,.,.,.
2022,7,22,2,.,.,.,.,.,.,.,.,.,.,.,.,.
2022,7,22,4,.,.,.,.,.,.,.,.,.,.,.,.,.
2022,7,22,5,.,.,.,.,.,.,.,.,.,.,.,.,.
2022,7,22,6,.,.,.,.,.,.,.,.,.,.,.,.,.
2022,7,22,8,.,.,.,.,.,.,.,.,.,.,.,.,.
2022,7,22,9,.,.,.,.,.,.,.,.,.,.,.,.,.
2022,7,22,10,.,.,.,.,.,.,.,.,.,.,.,.,.
2022,7,22,11,.,.,.,.,.,.,.,.,.,.,.,.,.
2022,7,22,12,.,.,.,.,.,.,.,.,.,.,.,.,.
2022,7,22,13,.,.,.,.,.,.,.,.,.,.,.,.,.
2022,7,22,15,.,.,.,.,.,.,.,.,.,.,.,.,.
2022,7,22,16,.,.,.,.,.,.,.,.,.,.,.,.,.
2022,7,22,17,.,.,.,.,.,.,.,.,.,.,.,.,.
2022,7,22,18,.,.,.,.,.,.,.,.,.,.,.,.,.
2022,7,22,19,.,.,.,.,.,.,.,.,.,.,.,.,.
2022,7,22,20,.,.,.,.,.,.,.,.,.,.,.,.,.
2022,7,22,21,.,.,.,.,.,.,.,.,.,.,.,.,.
2022,7,22,22,.,.,.,.,.,.,.,.,.,.,.,.,.
2022,7,22,23,.,.,.,.,.,.,.,.,.,.,.,.,.
2022,7,22,24,.,.,.,.,.,.,.,.,.,.,.,.,.
2022,7,22,25,.,.,.,.,.,.,.,.,.,.,.,.,.
2022,7,22,26,.,.,.,.,.,.,.,.,.,.,.,.,.
2022,7,22,27,.,.,.,.,.,.,.,.,.,.,.,.,.
2022,7,22,28,.,.,.,.,.,.,.,.,.,.,.,.,.
2022,7,22,29,.,.,.,.,.,.,.,.,.,.,.,.,.
2022,7,22,30,.,.,.,.,.,.,.,.,.,.,.,.,.
2022,7,22,31,.,.,.,.,.,.,.,.,.,.,.,.,.
2022,7,22,32,.,.,.,.,.,.,.,.,.,.,.,.,.
2022,7,22,33,.,.,.,.,.,.,.,.,.,.,.,.,.
2022,7,22,34,.,.,.,.,.,.,.,.,.,.,.,.,.
2022,7,22,35,.,.,.,.,.,.,.,.,.,.,.,.,.
2022,7,22,36,.,.,.,.,.,.,.,.,.,.,.,.,.
2022,7,22,37,.,.,.,.,.,.,.,.,.,.,.,.,.
2022,7,22,38,.,.,.,.,.,.,.,.,.,.,.,.,.
2022,7,22,39,.,.,.,.,.,.,.,.,.,.,.,.,.
2022,7,22,40,.,.,.,.,.,.,.,.,.,.,.,.,.
2022,7,22,41,.,.,.,.,.,.,.,.,.,.,.,.,.
2022,7,22,42,.,.,.,.,.,.,.,.,.,.,.,.,.
2022,7,22,44,.,.,.,.,.,.,.,.,.,.,.,.,.
2022,7,22,45,.,.,.,.,.,.,.,.,.,.,.,.,.
2022,7,22,46,.,.,.,.,.,.,.,.,.,.,.,.,.
2022,7,22,47,.,.,.,.,.,.,.,.,.,.,.,.,.
2022,7,22,48,.,.,.,.,.,.,.,.,.,.,.,.,.
2022,7,22,49,.,.,.,.,.,.,.,.,.,.,.,.,.
2022,7,22,50,.,.,.,.,.,.,.,.,.,.,.,.,.
2022,7,22,51,.,.,.,.,.,.,.,.,.,.,.,.,.
2022,7,22,53,.,.,.,.,.,.,.,.,.,.,.,.,.
2022,7,22,54,.,.,.,.,.,.,.,.,.,.,.,.,.
2022,7,22,55,.,.,.,.,.,.,.,.,.,.,.,.,.
2022,7,22,56,.,.,.,.,.,.,.,.,.,.,.,.,.
2022,7,29,1,.,.,.,.,.,.,.,.,.,.,.,.,.
2022,7,29,2,.,.,.,.,.,.,.,.,.,.,.,.,.
2022,7,29,4,.,.,.,.,.,.,.,.,.,.,.,.,.
2022,7,29,5,.,.,.,.,.,.,.,.,.,.,.,.,.
2022,7,29,6,.,.,.,.,.,.,.,.,.,.,.,.,.
2022,7,29,8,.,.,.,.,.,.,.,.,.,.,.,.,.
2022,7,29,9,.,.,.,.,.,.,.,.,.,.,.,.,.
2022,7,29,10,.,.,.,.,.,.,.,.,.,.,.,.,.
2022,7,29,11,.,.,.,.,.,.,.,.,.,.,.,.,.
2022,7,29,12,.,.,.,.,.,.,.,.,.,.,.,.,.
2022,7,29,13,.,.,.,.,.,.,.,.,.,.,.,.,.
2022,7,29,15,.,.,.,.,.,.,.,.,.,.,.,.,.
2022,7,29,16,.,.,.,.,.,.,.,.,.,.,.,.,.
2022,7,29,17,.,.,.,.,.,.,.,.,.,.,.,.,.
2022,7,29,18,.,.,.,.,.,.,.,.,.,.,.,.,.
2022,7,29,19,.,.,.,.,.,.,.,.,.,.,.,.,.
2022,7,29,20,.,.,.,.,.,.,.,.,.,.,.,.,.
2022,7,29,21,.,.,.,.,.,.,.,.,.,.,.,.,.
2022,7,29,22,.,.,.,.,.,.,.,.,.,.,.,.,.
2022,7,29,23,.,.,.,.,.,.,.,.,.,.,.,.,.
2022,7,29,24,.,.,.,.,.,.,.,.,.,.,.,.,.
2022,7,29,25,.,.,.,.,.,.,.,.,.,.,.,.,.
2022,7,29,26,.,.,.,.,.,.,.,.,.,.,.,.,.
2022,7,29,27,.,.,.,.,.,.,.,.,.,.,.,.,.
2022,7,29,28,.,.,.,.,.,.,.,.,.,.,.,.,.
2022,7,29,29,.,.,.,.,.,.,.,.,.,.,.,.,.
2022,7,29,30,.,.,.,.,.,.,.,.,.,.,.,.,.
2022,7,29,31,.,.,.,.,.,.,.,.,.,.,.,.,.
2022,7,29,32,.,.,.,.,.,.,.,.,.,.,.,.,.
2022,7,29,33,.,.,.,.,.,.,.,.,.,.,.,.,.
2022,7,29,34,.,.,.,.,.,.,.,.,.,.,.,.,.
2022,7,29,35,.,.,.,.,.,.,.,.,.,.,.,.,.
2022,7,29,36,.,.,.,.,.,.,.,.,.,.,.,.,.
2022,7,29,37,.,.,.,.,.,.,.,.,.,.,.,.,.
2022,7,29,38,.,.,.,.,.,.,.,.,.,.,.,.,.
2022,7,29,39,.,.,.,.,.,.,.,.,.,.,.,.,.
2022,7,29,40,.,.,.,.,.,.,.,.,.,.,.,.,.
2022,7,29,41,.,.,.,.,.,.,.,.,.,.,.,.,.
2022,7,29,42,.,.,.,.,.,.,.,.,.,.,.,.,.
2022,7,29,44,.,.,.,.,.,.,.,.,.,.,.,.,.
2022,7,29,45,.,.,.,.,.,.,.,.,.,.,.,.,.
2022,7,29,46,.,.,.,.,.,.,.,.,.,.,.,.,.
2022,7,29,47,.,.,.,.,.,.,.,.,.,.,.,.,.
2022,7,29,48,.,.,.,.,.,.,.,.,.,.,.,.,.
2022,7,29,49,.,.,.,.,.,.,.,.,.,.,.,.,.
2022,7,29,50,.,.,.,.,.,.,.,.,.,.,.,.,.
2022,7,29,51,.,.,.,.,.,.,.,.,.,.,.,.,.
2022,7,29,53,.,.,.,.,.,.,.,.,.,.,.,.,.
2022,7,29,54,.,.,.,.,.,.,.,.,.,.,.,.,.
2022,7,29,55,.,.,.,.,.,.,.,.,.,.,.,.,.
2022,7,29,56,.,.,.,.,.,.,.,.,.,.,.,.,.
2022,8,5,1,.,.,.,.,.,.,.,.,.,.,.,.,.
2022,8,5,2,.,.,.,.,.,.,.,.,.,.,.,.,.
2022,8,5,4,.,.,.,.,.,.,.,.,.,.,.,.,.
2022,8,5,5,.,.,.,.,.,.,.,.,.,.,.,.,.
2022,8,5,6,.,.,.,.,.,.,.,.,.,.,.,.,.
2022,8,5,8,.,.,.,.,.,.,.,.,.,.,.,.,.
2022,8,5,9,.,.,.,.,.,.,.,.,.,.,.,.,.
2022,8,5,10,.,.,.,.,.,.,.,.,.,.,.,.,.
2022,8,5,11,.,.,.,.,.,.,.,.,.,.,.,.,.
2022,8,5,12,.,.,.,.,.,.,.,.,.,.,.,.,.
2022,8,5,13,.,.,.,.,.,.,.,.,.,.,.,.,.
2022,8,5,15,.,.,.,.,.,.,.,.,.,.,.,.,.
2022,8,5,16,.,.,.,.,.,.,.,.,.,.,.,.,.
2022,8,5,17,.,.,.,.,.,.,.,.,.,.,.,.,.
2022,8,5,18,.,.,.,.,.,.,.,.,.,.,.,.,.
2022,8,5,19,.,.,.,.,.,.,.,.,.,.,.,.,.
2022,8,5,20,.,.,.,.,.,.,.,.,.,.,.,.,.
2022,8,5,21,.,.,.,.,.,.,.,.,.,.,.,.,.
2022,8,5,22,.,.,.,.,.,.,.,.,.,.,.,.,.
2022,8,5,23,.,.,.,.,.,.,.,.,.,.,.,.,.
2022,8,5,24,.,.,.,.,.,.,.,.,.,.,.,.,.
2022,8,5,25,.,.,.,.,.,.,.,.,.,.,.,.,.
2022,8,5,26,.,.,.,.,.,.,.,.,.,.,.,.,.
2022,8,5,27,.,.,.,.,.,.,.,.,.,.,.,.,.
2022,8,5,28,.,.,.,.,.,.,.,.,.,.,.,.,.
2022,8,5,29,.,.,.,.,.,.,.,.,.,.,.,.,.
2022,8,5,30,.,.,.,.,.,.,.,.,.,.,.,.,.
2022,8,5,31,.,.,.,.,.,.,.,.,.,.,.,.,.
2022,8,5,32,.,.,.,.,.,.,.,.,.,.,.,.,.
2022,8,5,33,.,.,.,.,.,.,.,.,.,.,.,.,.
2022,8,5,34,.,.,.,.,.,.,.,.,.,.,.,.,.
2022,8,5,35,.,.,.,.,.,.,.,.,.,.,.,.,.
2022,8,5,36,.,.,.,.,.,.,.,.,.,.,.,.,.
2022,8,5,37,.,.,.,.,.,.,.,.,.,.,.,.,.
2022,8,5,38,.,.,.,.,.,.,.,.,.,.,.,.,.
2022,8,5,39,.,.,.,.,.,.,.,.,.,.,.,.,.
2022,8,5,40,.,.,.,.,.,.,.,.,.,.,.,.,.
2022,8,5,41,.,.,.,.,.,.,.,.,.,.,.,.,.
2022,8,5,42,.,.,.,.,.,.,.,.,.,.,.,.,.
2022,8,5,44,.,.,.,.,.,.,.,.,.,.,.,.,.
2022,8,5,45,.,.,.,.,.,.,.,.,.,.,.,.,.
2022,8,5,46,.,.,.,.,.,.,.,.,.,.,.,.,.
2022,8,5,47,.,.,.,.,.,.,.,.,.,.,.,.,.
2022,8,5,48,.,.,.,.,.,.,.,.,.,.,.,.,.
2022,8,5,49,.,.,.,.,.,.,.,.,.,.,.,.,.
2022,8,5,50,.,.,.,.,.,.,.,.,.,.,.,.,.
2022,8,5,51,.,.,.,.,.,.,.,.,.,.,.,.,.
2022,8,5,53,.,.,.,.,.,.,.,.,.,.,.,.,.
2022,8,5,54,.,.,.,.,.,.,.,.,.,.,.,.,.
2022,8,5,55,.,.,.,.,.,.,.,.,.,.,.,.,.
2022,8,5,56,.,.,.,.,.,.,.,.,.,.,.,.,.
2022,8,12,1,.,.,.,.,.,.,.,.,.,.,.,.,.
2022,8,12,2,.,.,.,.,.,.,.,.,.,.,.,.,.
2022,8,12,4,.,.,.,.,.,.,.,.,.,.,.,.,.
2022,8,12,5,.,.,.,.,.,.,.,.,.,.,.,.,.
2022,8,12,6,.,.,.,.,.,.,.,.,.,.,.,.,.
2022,8,12,8,.,.,.,.,.,.,.,.,.,.,.,.,.
2022,8,12,9,.,.,.,.,.,.,.,.,.,.,.,.,.
2022,8,12,10,.,.,.,.,.,.,.,.,.,.,.,.,.
2022,8,12,11,.,.,.,.,.,.,.,.,.,.,.,.,.
2022,8,12,12,.,.,.,.,.,.,.,.,.,.,.,.,.
2022,8,12,13,.,.,.,.,.,.,.,.,.,.,.,.,.
2022,8,12,15,.,.,.,.,.,.,.,.,.,.,.,.,.
2022,8,12,16,.,.,.,.,.,.,.,.,.,.,.,.,.
2022,8,12,17,.,.,.,.,.,.,.,.,.,.,.,.,.
2022,8,12,18,.,.,.,.,.,.,.,.,.,.,.,.,.
2022,8,12,19,.,.,.,.,.,.,.,.,.,.,.,.,.
2022,8,12,20,.,.,.,.,.,.,.,.,.,.,.,.,.
2022,8,12,21,.,.,.,.,.,.,.,.,.,.,.,.,.
2022,8,12,22,.,.,.,.,.,.,.,.,.,.,.,.,.
2022,8,12,23,.,.,.,.,.,.,.,.,.,.,.,.,.
2022,8,12,24,.,.,.,.,.,.,.,.,.,.,.,.,.
2022,8,12,25,.,.,.,.,.,.,.,.,.,.,.,.,.
2022,8,12,26,.,.,.,.,.,.,.,.,.,.,.,.,.
2022,8,12,27,.,.,.,.,.,.,.,.,.,.,.,.,.
2022,8,12,28,.,.,.,.,.,.,.,.,.,.,.,.,.
2022,8,12,29,.,.,.,.,.,.,.,.,.,.,.,.,.
2022,8,12,30,.,.,.,.,.,.,.,.,.,.,.,.,.
2022,8,12,31,.,.,.,.,.,.,.,.,.,.,.,.,.
2022,8,12,32,.,.,.,.,.,.,.,.,.,.,.,.,.
2022,8,12,33,.,.,.,.,.,.,.,.,.,.,.,.,.
2022,8,12,34,.,.,.,.,.,.,.,.,.,.,.,.,.
2022,8,12,35,.,.,.,.,.,.,.,.,.,.,.,.,.
2022,8,12,36,.,.,.,.,.,.,.,.,.,.,.,.,.
2022,8,12,37,.,.,.,.,.,.,.,.,.,.,.,.,.
2022,8,12,38,.,.,.,.,.,.,.,.,.,.,.,.,.
2022,8,12,39,.,.,.,.,.,.,.,.,.,.,.,.,.
2022,8,12,40,.,.,.,.,.,.,.,.,.,.,.,.,.
2022,8,12,41,.,.,.,.,.,.,.,.,.,.,.,.,.
2022,8,12,42,.,.,.,.,.,.,.,.,.,.,.,.,.
2022,8,12,44,.,.,.,.,.,.,.,.,.,.,.,.,.
2022,8,12,45,.,.,.,.,.,.,.,.,.,.,.,.,.
2022,8,12,46,.,.,.,.,.,.,.,.,.,.,.,.,.
2022,8,12,47,.,.,.,.,.,.,.,.,.,.,.,.,.
2022,8,12,48,.,.,.,.,.,.,.,.,.,.,.,.,.
2022,8,12,49,.,.,.,.,.,.,.,.,.,.,.,.,.
2022,8,12,50,.,.,.,.,.,.,.,.,.,.,.,.,.
2022,8,12,51,.,.,.,.,.,.,.,.,.,.,.,.,.
2022,8,12,53,.,.,.,.,.,.,.,.,.,.,.,.,.
2022,8,12,54,.,.,.,.,.,.,.,.,.,.,.,.,.
2022,8,12,55,.,.,.,.,.,.,.,.,.,.,.,.,.
2022,8,12,56,.,.,.,.,.,.,.,.,.,.,.,.,.
2022,8,19,1,.,.,.,.,.,.,.,.,.,.,.,.,.
2022,8,19,2,.,.,.,.,.,.,.,.,.,.,.,.,.
2022,8,19,4,.,.,.,.,.,.,.,.,.,.,.,.,.
2022,8,19,5,.,.,.,.,.,.,.,.,.,.,.,.,.
2022,8,19,6,.,.,.,.,.,.,.,.,.,.,.,.,.
2022,8,19,8,.,.,.,.,.,.,.,.,.,.,.,.,.
2022,8,19,9,.,.,.,.,.,.,.,.,.,.,.,.,.
2022,8,19,10,.,.,.,.,.,.,.,.,.,.,.,.,.
2022,8,19,11,.,.,.,.,.,.,.,.,.,.,.,.,.
2022,8,19,12,.,.,.,.,.,.,.,.,.,.,.,.,.
2022,8,19,13,.,.,.,.,.,.,.,.,.,.,.,.,.
2022,8,19,15,.,.,.,.,.,.,.,.,.,.,.,.,.
2022,8,19,16,.,.,.,.,.,.,.,.,.,.,.,.,.
2022,8,19,17,.,.,.,.,.,.,.,.,.,.,.,.,.
2022,8,19,18,.,.,.,.,.,.,.,.,.,.,.,.,.
2022,8,19,19,.,.,.,.,.,.,.,.,.,.,.,.,.
2022,8,19,20,.,.,.,.,.,.,.,.,.,.,.,.,.
2022,8,19,21,.,.,.,.,.,.,.,.,.,.,.,.,.
2022,8,19,22,.,.,.,.,.,.,.,.,.,.,.,.,.
2022,8,19,23,.,.,.,.,.,.,.,.,.,.,.,.,.
2022,8,19,24,.,.,.,.,.,.,.,.,.,.,.,.,.
2022,8,19,25,.,.,.,.,.,.,.,.,.,.,.,.,.
2022,8,19,26,.,.,.,.,.,.,.,.,.,.,.,.,.
2022,8,19,27,.,.,.,.,.,.,.,.,.,.,.,.,.
2022,8,19,28,.,.,.,.,.,.,.,.,.,.,.,.,.
2022,8,19,29,.,.,.,.,.,.,.,.,.,.,.,.,.
2022,8,19,30,.,.,.,.,.,.,.,.,.,.,.,.,.
2022,8,19,31,.,.,.,.,.,.,.,.,.,.,.,.,.
2022,8,19,32,.,.,.,.,.,.,.,.,.,.,.,.,.
2022,8,19,33,.,.,.,.,.,.,.,.,.,.,.,.,.
2022,8,19,34,.,.,.,.,.,.,.,.,.,.,.,.,.
2022,8,19,35,.,.,.,.,.,.,.,.,.,.,.,.,.
2022,8,19,36,.,.,.,.,.,.,.,.,.,.,.,.,.
2022,8,19,37,.,.,.,.,.,.,.,.,.,.,.,.,.
2022,8,19,38,.,.,.,.,.,.,.,.,.,.,.,.,.
2022,8,19,39,.,.,.,.,.,.,.,.,.,.,.,.,.
2022,8,19,40,.,.,.,.,.,.,.,.,.,.,.,.,.
2022,8,19,41,.,.,.,.,.,.,.,.,.,.,.,.,.
2022,8,19,42,.,.,.,.,.,.,.,.,.,.,.,.,.
2022,8,19,44,.,.,.,.,.,.,.,.,.,.,.,.,.
2022,8,19,45,.,.,.,.,.,.,.,.,.,.,.,.,.
2022,8,19,46,.,.,.,.,.,.,.,.,.,.,.,.,.
2022,8,19,47,.,.,.,.,.,.,.,.,.,.,.,.,.
2022,8,19,48,.,.,.,.,.,.,.,.,.,.,.,.,.
2022,8,19,49,.,.,.,.,.,.,.,.,.,.,.,.,.
2022,8,19,50,.,.,.,.,.,.,.,.,.,.,.,.,.
2022,8,19,51,.,.,.,.,.,.,.,.,.,.,.,.,.
2022,8,19,53,.,.,.,.,.,.,.,.,.,.,.,.,.
2022,8,19,54,.,.,.,.,.,.,.,.,.,.,.,.,.
2022,8,19,55,.,.,.,.,.,.,.,.,.,.,.,.,.
2022,8,19,56,.,.,.,.,.,.,.,.,.,.,.,.,.
2022,8,26,1,.,.,.,.,.,.,.,.,.,.,.,.,.
2022,8,26,2,.,.,.,.,.,.,.,.,.,.,.,.,.
2022,8,26,4,.,.,.,.,.,.,.,.,.,.,.,.,.
2022,8,26,5,.,.,.,.,.,.,.,.,.,.,.,.,.
2022,8,26,6,.,.,.,.,.,.,.,.,.,.,.,.,.
2022,8,26,8,.,.,.,.,.,.,.,.,.,.,.,.,.
2022,8,26,9,.,.,.,.,.,.,.,.,.,.,.,.,.
2022,8,26,10,.,.,.,.,.,.,.,.,.,.,.,.,.
2022,8,26,11,.,.,.,.,.,.,.,.,.,.,.,.,.
2022,8,26,12,.,.,.,.,.,.,.,.,.,.,.,.,.
2022,8,26,13,.,.,.,.,.,.,.,.,.,.,.,.,.
2022,8,26,15,.,.,.,.,.,.,.,.,.,.,.,.,.
2022,8,26,16,.,.,.,.,.,.,.,.,.,.,.,.,.
2022,8,26,17,.,.,.,.,.,.,.,.,.,.,.,.,.
2022,8,26,18,.,.,.,.,.,.,.,.,.,.,.,.,.
2022,8,26,19,.,.,.,.,.,.,.,.,.,.,.,.,.
2022,8,26,20,.,.,.,.,.,.,.,.,.,.,.,.,.
2022,8,26,21,.,.,.,.,.,.,.,.,.,.,.,.,.
2022,8,26,22,.,.,.,.,.,.,.,.,.,.,.,.,.
2022,8,26,23,.,.,.,.,.,.,.,.,.,.,.,.,.
2022,8,26,24,.,.,.,.,.,.,.,.,.,.,.,.,.
2022,8,26,25,.,.,.,.,.,.,.,.,.,.,.,.,.
2022,8,26,26,.,.,.,.,.,.,.,.,.,.,.,.,.
2022,8,26,27,.,.,.,.,.,.,.,.,.,.,.,.,.
2022,8,26,28,.,.,.,.,.,.,.,.,.,.,.,.,.
2022,8,26,29,.,.,.,.,.,.,.,.,.,.,.,.,.
2022,8,26,30,.,.,.,.,.,.,.,.,.,.,.,.,.
2022,8,26,31,.,.,.,.,.,.,.,.,.,.,.,.,.
2022,8,26,32,.,.,.,.,.,.,.,.,.,.,.,.,.
2022,8,26,33,.,.,.,.,.,.,.,.,.,.,.,.,.
2022,8,26,34,.,.,.,.,.,.,.,.,.,.,.,.,.
2022,8,26,35,.,.,.,.,.,.,.,.,.,.,.,.,.
2022,8,26,36,.,.,.,.,.,.,.,.,.,.,.,.,.
2022,8,26,37,.,.,.,.,.,.,.,.,.,.,.,.,.
2022,8,26,38,.,.,.,.,.,.,.,.,.,.,.,.,.
2022,8,26,39,.,.,.,.,.,.,.,.,.,.,.,.,.
2022,8,26,40,.,.,.,.,.,.,.,.,.,.,.,.,.
2022,8,26,41,.,.,.,.,.,.,.,.,.,.,.,.,.
2022,8,26,42,.,.,.,.,.,.,.,.,.,.,.,.,.
2022,8,26,44,.,.,.,.,.,.,.,.,.,.,.,.,.
2022,8,26,45,.,.,.,.,.,.,.,.,.,.,.,.,.
2022,8,26,46,.,.,.,.,.,.,.,.,.,.,.,.,.
2022,8,26,47,.,.,.,.,.,.,.,.,.,.,.,.,.
2022,8,26,48,.,.,.,.,.,.,.,.,.,.,.,.,.
2022,8,26,49,.,.,.,.,.,.,.,.,.,.,.,.,.
2022,8,26,50,.,.,.,.,.,.,.,.,.,.,.,.,.
2022,8,26,51,.,.,.,.,.,.,.,.,.,.,.,.,.
2022,8,26,53,.,.,.,.,.,.,.,.,.,.,.,.,.
2022,8,26,54,.,.,.,.,.,.,.,.,.,.,.,.,.
2022,8,26,55,.,.,.,.,.,.,.,.,.,.,.,.,.
2022,8,26,56,.,.,.,.,.,.,.,.,.,.,.,.,.
2022,9,2,1,.,.,.,.,.,.,.,.,.,.,.,.,.
2022,9,2,2,.,.,.,.,.,.,.,.,.,.,.,.,.
2022,9,2,4,.,.,.,.,.,.,.,.,.,.,.,.,.
2022,9,2,5,.,.,.,.,.,.,.,.,.,.,.,.,.
2022,9,2,6,.,.,.,.,.,.,.,.,.,.,.,.,.
2022,9,2,8,.,.,.,.,.,.,.,.,.,.,.,.,.
2022,9,2,9,.,.,.,.,.,.,.,.,.,.,.,.,.
2022,9,2,10,.,.,.,.,.,.,.,.,.,.,.,.,.
2022,9,2,11,.,.,.,.,.,.,.,.,.,.,.,.,.
2022,9,2,12,.,.,.,.,.,.,.,.,.,.,.,.,.
2022,9,2,13,.,.,.,.,.,.,.,.,.,.,.,.,.
2022,9,2,15,.,.,.,.,.,.,.,.,.,.,.,.,.
2022,9,2,16,.,.,.,.,.,.,.,.,.,.,.,.,.
2022,9,2,17,.,.,.,.,.,.,.,.,.,.,.,.,.
2022,9,2,18,.,.,.,.,.,.,.,.,.,.,.,.,.
2022,9,2,19,.,.,.,.,.,.,.,.,.,.,.,.,.
2022,9,2,20,.,.,.,.,.,.,.,.,.,.,.,.,.
2022,9,2,21,.,.,.,.,.,.,.,.,.,.,.,.,.
2022,9,2,22,.,.,.,.,.,.,.,.,.,.,.,.,.
2022,9,2,23,.,.,.,.,.,.,.,.,.,.,.,.,.
2022,9,2,24,.,.,.,.,.,.,.,.,.,.,.,.,.
2022,9,2,25,.,.,.,.,.,.,.,.,.,.,.,.,.
2022,9,2,26,.,.,.,.,.,.,.,.,.,.,.,.,.
2022,9,2,27,.,.,.,.,.,.,.,.,.,.,.,.,.
2022,9,2,28,.,.,.,.,.,.,.,.,.,.,.,.,.
2022,9,2,29,.,.,.,.,.,.,.,.,.,.,.,.,.
2022,9,2,30,.,.,.,.,.,.,.,.,.,.,.,.,.
2022,9,2,31,.,.,.,.,.,.,.,.,.,.,.,.,.
2022,9,2,32,.,.,.,.,.,.,.,.,.,.,.,.,.
2022,9,2,33,.,.,.,.,.,.,.,.,.,.,.,.,.
2022,9,2,34,.,.,.,.,.,.,.,.,.,.,.,.,.
2022,9,2,35,.,.,.,.,.,.,.,.,.,.,.,.,.
2022,9,2,36,.,.,.,.,.,.,.,.,.,.,.,.,.
2022,9,2,37,.,.,.,.,.,.,.,.,.,.,.,.,.
2022,9,2,38,.,.,.,.,.,.,.,.,.,.,.,.,.
2022,9,2,39,.,.,.,.,.,.,.,.,.,.,.,.,.
2022,9,2,40,.,.,.,.,.,.,.,.,.,.,.,.,.
2022,9,2,41,.,.,.,.,.,.,.,.,.,.,.,.,.
2022,9,2,42,.,.,.,.,.,.,.,.,.,.,.,.,.
2022,9,2,44,.,.,.,.,.,.,.,.,.,.,.,.,.
2022,9,2,45,.,.,.,.,.,.,.,.,.,.,.,.,.
2022,9,2,46,.,.,.,.,.,.,.,.,.,.,.,.,.
2022,9,2,47,.,.,.,.,.,.,.,.,.,.,.,.,.
2022,9,2,48,.,.,.,.,.,.,.,.,.,.,.,.,.
2022,9,2,49,.,.,.,.,.,.,.,.,.,.,.,.,.
2022,9,2,50,.,.,.,.,.,.,.,.,.,.,.,.,.
2022,9,2,51,.,.,.,.,.,.,.,.,.,.,.,.,.
2022,9,2,53,.,.,.,.,.,.,.,.,.,.,.,.,.
2022,9,2,54,.,.,.,.,.,.,.,.,.,.,.,.,.
2022,9,2,55,.,.,.,.,.,.,.,.,.,.,.,.,.
2022,9,2,56,.,.,.,.,.,.,.,.,.,.,.,.,.
2022,9,9,1,.,.,.,.,.,.,.,.,.,.,.,.,.
2022,9,9,2,.,.,.,.,.,.,.,.,.,.,.,.,.
2022,9,9,4,.,.,.,.,.,.,.,.,.,.,.,.,.
2022,9,9,5,.,.,.,.,.,.,.,.,.,.,.,.,.
2022,9,9,6,.,.,.,.,.,.,.,.,.,.,.,.,.
2022,9,9,8,.,.,.,.,.,.,.,.,.,.,.,.,.
2022,9,9,9,.,.,.,.,.,.,.,.,.,.,.,.,.
2022,9,9,10,.,.,.,.,.,.,.,.,.,.,.,.,.
2022,9,9,11,.,.,.,.,.,.,.,.,.,.,.,.,.
2022,9,9,12,.,.,.,.,.,.,.,.,.,.,.,.,.
2022,9,9,13,.,.,.,.,.,.,.,.,.,.,.,.,.
2022,9,9,15,.,.,.,.,.,.,.,.,.,.,.,.,.
2022,9,9,16,.,.,.,.,.,.,.,.,.,.,.,.,.
2022,9,9,17,.,.,.,.,.,.,.,.,.,.,.,.,.
2022,9,9,18,.,.,.,.,.,.,.,.,.,.,.,.,.
2022,9,9,19,.,.,.,.,.,.,.,.,.,.,.,.,.
2022,9,9,20,.,.,.,.,.,.,.,.,.,.,.,.,.
2022,9,9,21,.,.,.,.,.,.,.,.,.,.,.,.,.
2022,9,9,22,.,.,.,.,.,.,.,.,.,.,.,.,.
2022,9,9,23,.,.,.,.,.,.,.,.,.,.,.,.,.
2022,9,9,24,.,.,.,.,.,.,.,.,.,.,.,.,.
2022,9,9,25,.,.,.,.,.,.,.,.,.,.,.,.,.
2022,9,9,26,.,.,.,.,.,.,.,.,.,.,.,.,.
2022,9,9,27,.,.,.,.,.,.,.,.,.,.,.,.,.
2022,9,9,28,.,.,.,.,.,.,.,.,.,.,.,.,.
2022,9,9,29,.,.,.,.,.,.,.,.,.,.,.,.,.
2022,9,9,30,.,.,.,.,.,.,.,.,.,.,.,.,.
2022,9,9,31,.,.,.,.,.,.,.,.,.,.,.,.,.
2022,9,9,32,.,.,.,.,.,.,.,.,.,.,.,.,.
2022,9,9,33,.,.,.,.,.,.,.,.,.,.,.,.,.
2022,9,9,34,.,.,.,.,.,.,.,.,.,.,.,.,.
2022,9,9,35,.,.,.,.,.,.,.,.,.,.,.,.,.
2022,9,9,36,.,.,.,.,.,.,.,.,.,.,.,.,.
2022,9,9,37,.,.,.,.,.,.,.,.,.,.,.,.,.
2022,9,9,38,.,.,.,.,.,.,.,.,.,.,.,.,.
2022,9,9,39,.,.,.,.,.,.,.,.,.,.,.,.,.
2022,9,9,40,.,.,.,.,.,.,.,.,.,.,.,.,.
2022,9,9,41,.,.,.,.,.,.,.,.,.,.,.,.,.
2022,9,9,42,.,.,.,.,.,.,.,.,.,.,.,.,.
2022,9,9,44,.,.,.,.,.,.,.,.,.,.,.,.,.
2022,9,9,45,.,.,.,.,.,.,.,.,.,.,.,.,.
2022,9,9,46,.,.,.,.,.,.,.,.,.,.,.,.,.
2022,9,9,47,.,.,.,.,.,.,.,.,.,.,.,.,.
2022,9,9,48,.,.,.,.,.,.,.,.,.,.,.,.,.
2022,9,9,49,.,.,.,.,.,.,.,.,.,.,.,.,.
2022,9,9,50,.,.,.,.,.,.,.,.,.,.,.,.,.
2022,9,9,51,.,.,.,.,.,.,.,.,.,.,.,.,.
2022,9,9,53,.,.,.,.,.,.,.,.,.,.,.,.,.
2022,9,9,54,.,.,.,.,.,.,.,.,.,.,.,.,.
2022,9,9,55,.,.,.,.,.,.,.,.,.,.,.,.,.
2022,9,9,56,.,.,.,.,.,.,.,.,.,.,.,.,.
2022,9,16,1,.,.,.,.,.,.,.,.,.,.,.,.,.
2022,9,16,2,.,.,.,.,.,.,.,.,.,.,.,.,.
2022,9,16,4,.,.,.,.,.,.,.,.,.,.,.,.,.
2022,9,16,5,.,.,.,.,.,.,.,.,.,.,.,.,.
2022,9,16,6,.,.,.,.,.,.,.,.,.,.,.,.,.
2022,9,16,8,.,.,.,.,.,.,.,.,.,.,.,.,.
2022,9,16,9,.,.,.,.,.,.,.,.,.,.,.,.,.
2022,9,16,10,.,.,.,.,.,.,.,.,.,.,.,.,.
2022,9,16,11,.,.,.,.,.,.,.,.,.,.,.,.,.
2022,9,16,12,.,.,.,.,.,.,.,.,.,.,.,.,.
2022,9,16,13,.,.,.,.,.,.,.,.,.,.,.,.,.
2022,9,16,15,.,.,.,.,.,.,.,.,.,.,.,.,.
2022,9,16,16,.,.,.,.,.,.,.,.,.,.,.,.,.
2022,9,16,17,.,.,.,.,.,.,.,.,.,.,.,.,.
2022,9,16,18,.,.,.,.,.,.,.,.,.,.,.,.,.
2022,9,16,19,.,.,.,.,.,.,.,.,.,.,.,.,.
2022,9,16,20,.,.,.,.,.,.,.,.,.,.,.,.,.
2022,9,16,21,.,.,.,.,.,.,.,.,.,.,.,.,.
2022,9,16,22,.,.,.,.,.,.,.,.,.,.,.,.,.
2022,9,16,23,.,.,.,.,.,.,.,.,.,.,.,.,.
2022,9,16,24,.,.,.,.,.,.,.,.,.,.,.,.,.
2022,9,16,25,.,.,.,.,.,.,.,.,.,.,.,.,.
2022,9,16,26,.,.,.,.,.,.,.,.,.,.,.,.,.
2022,9,16,27,.,.,.,.,.,.,.,.,.,.,.,.,.
2022,9,16,28,.,.,.,.,.,.,.,.,.,.,.,.,.
2022,9,16,29,.,.,.,.,.,.,.,.,.,.,.,.,.
2022,9,16,30,.,.,.,.,.,.,.,.,.,.,.,.,.
2022,9,16,31,.,.,.,.,.,.,.,.,.,.,.,.,.
2022,9,16,32,.,.,.,.,.,.,.,.,.,.,.,.,.
2022,9,16,33,.,.,.,.,.,.,.,.,.,.,.,.,.
2022,9,16,34,.,.,.,.,.,.,.,.,.,.,.,.,.
2022,9,16,35,.,.,.,.,.,.,.,.,.,.,.,.,.
2022,9,16,36,.,.,.,.,.,.,.,.,.,.,.,.,.
2022,9,16,37,.,.,.,.,.,.,.,.,.,.,.,.,.
2022,9,16,38,.,.,.,.,.,.,.,.,.,.,.,.,.
2022,9,16,39,.,.,.,.,.,.,.,.,.,.,.,.,.
2022,9,16,40,.,.,.,.,.,.,.,.,.,.,.,.,.
2022,9,16,41,.,.,.,.,.,.,.,.,.,.,.,.,.
2022,9,16,42,.,.,.,.,.,.,.,.,.,.,.,.,.
2022,9,16,44,.,.,.,.,.,.,.,.,.,.,.,.,.
2022,9,16,45,.,.,.,.,.,.,.,.,.,.,.,.,.
2022,9,16,46,.,.,.,.,.,.,.,.,.,.,.,.,.
2022,9,16,47,.,.,.,.,.,.,.,.,.,.,.,.,.
2022,9,16,48,.,.,.,.,.,.,.,.,.,.,.,.,.
2022,9,16,49,.,.,.,.,.,.,.,.,.,.,.,.,.
2022,9,16,50,.,.,.,.,.,.,.,.,.,.,.,.,.
2022,9,16,51,.,.,.,.,.,.,.,.,.,.,.,.,.
2022,9,16,53,.,.,.,.,.,.,.,.,.,.,.,.,.
2022,9,16,54,.,.,.,.,.,.,.,.,.,.,.,.,.
2022,9,16,55,.,.,.,.,.,.,.,.,.,.,.,.,.
2022,9,16,56,.,.,.,.,.,.,.,.,.,.,.,.,.
2022,9,23,1,.,.,.,.,.,.,.,.,.,.,.,.,.
2022,9,23,2,.,.,.,.,.,.,.,.,.,.,.,.,.
2022,9,23,4,.,.,.,.,.,.,.,.,.,.,.,.,.
2022,9,23,5,.,.,.,.,.,.,.,.,.,.,.,.,.
2022,9,23,6,.,.,.,.,.,.,.,.,.,.,.,.,.
2022,9,23,8,.,.,.,.,.,.,.,.,.,.,.,.,.
2022,9,23,9,.,.,.,.,.,.,.,.,.,.,.,.,.
2022,9,23,10,.,.,.,.,.,.,.,.,.,.,.,.,.
2022,9,23,11,.,.,.,.,.,.,.,.,.,.,.,.,.
2022,9,23,12,.,.,.,.,.,.,.,.,.,.,.,.,.
2022,9,23,13,.,.,.,.,.,.,.,.,.,.,.,.,.
2022,9,23,15,.,.,.,.,.,.,.,.,.,.,.,.,.
2022,9,23,16,.,.,.,.,.,.,.,.,.,.,.,.,.
2022,9,23,17,.,.,.,.,.,.,.,.,.,.,.,.,.
2022,9,23,18,.,.,.,.,.,.,.,.,.,.,.,.,.
2022,9,23,19,.,.,.,.,.,.,.,.,.,.,.,.,.
2022,9,23,20,.,.,.,.,.,.,.,.,.,.,.,.,.
2022,9,23,21,.,.,.,.,.,.,.,.,.,.,.,.,.
2022,9,23,22,.,.,.,.,.,.,.,.,.,.,.,.,.
2022,9,23,23,.,.,.,.,.,.,.,.,.,.,.,.,.
2022,9,23,24,.,.,.,.,.,.,.,.,.,.,.,.,.
2022,9,23,25,.,.,.,.,.,.,.,.,.,.,.,.,.
2022,9,23,26,.,.,.,.,.,.,.,.,.,.,.,.,.
2022,9,23,27,.,.,.,.,.,.,.,.,.,.,.,.,.
2022,9,23,28,.,.,.,.,.,.,.,.,.,.,.,.,.
2022,9,23,29,.,.,.,.,.,.,.,.,.,.,.,.,.
2022,9,23,30,.,.,.,.,.,.,.,.,.,.,.,.,.
2022,9,23,31,.,.,.,.,.,.,.,.,.,.,.,.,.
2022,9,23,32,.,.,.,.,.,.,.,.,.,.,.,.,.
2022,9,23,33,.,.,.,.,.,.,.,.,.,.,.,.,.
2022,9,23,34,.,.,.,.,.,.,.,.,.,.,.,.,.
2022,9,23,35,.,.,.,.,.,.,.,.,.,.,.,.,.
2022,9,23,36,.,.,.,.,.,.,.,.,.,.,.,.,.
2022,9,23,37,.,.,.,.,.,.,.,.,.,.,.,.,.
2022,9,23,38,.,.,.,.,.,.,.,.,.,.,.,.,.
2022,9,23,39,.,.,.,.,.,.,.,.,.,.,.,.,.
2022,9,23,40,.,.,.,.,.,.,.,.,.,.,.,.,.
2022,9,23,41,.,.,.,.,.,.,.,.,.,.,.,.,.
2022,9,23,42,.,.,.,.,.,.,.,.,.,.,.,.,.
2022,9,23,44,.,.,.,.,.,.,.,.,.,.,.,.,.
2022,9,23,45,.,.,.,.,.,.,.,.,.,.,.,.,.
2022,9,23,46,.,.,.,.,.,.,.,.,.,.,.,.,.
2022,9,23,47,.,.,.,.,.,.,.,.,.,.,.,.,.
2022,9,23,48,.,.,.,.,.,.,.,.,.,.,.,.,.
2022,9,23,49,.,.,.,.,.,.,.,.,.,.,.,.,.
2022,9,23,50,.,.,.,.,.,.,.,.,.,.,.,.,.
2022,9,23,51,.,.,.,.,.,.,.,.,.,.,.,.,.
2022,9,23,53,.,.,.,.,.,.,.,.,.,.,.,.,.
2022,9,23,54,.,.,.,.,.,.,.,.,.,.,.,.,.
2022,9,23,55,.,.,.,.,.,.,.,.,.,.,.,.,.
2022,9,23,56,.,.,.,.,.,.,.,.,.,.,.,.,.
2022,9,30,1,.,.,.,.,.,.,.,.,.,.,.,.,.
2022,9,30,2,.,.,.,.,.,.,.,.,.,.,.,.,.
2022,9,30,4,.,.,.,.,.,.,.,.,.,.,.,.,.
2022,9,30,5,.,.,.,.,.,.,.,.,.,.,.,.,.
2022,9,30,6,.,.,.,.,.,.,.,.,.,.,.,.,.
2022,9,30,8,.,.,.,.,.,.,.,.,.,.,.,.,.
2022,9,30,9,.,.,.,.,.,.,.,.,.,.,.,.,.
2022,9,30,10,.,.,.,.,.,.,.,.,.,.,.,.,.
2022,9,30,11,.,.,.,.,.,.,.,.,.,.,.,.,.
2022,9,30,12,.,.,.,.,.,.,.,.,.,.,.,.,.
2022,9,30,13,.,.,.,.,.,.,.,.,.,.,.,.,.
2022,9,30,15,.,.,.,.,.,.,.,.,.,.,.,.,.
2022,9,30,16,.,.,.,.,.,.,.,.,.,.,.,.,.
2022,9,30,17,.,.,.,.,.,.,.,.,.,.,.,.,.
2022,9,30,18,.,.,.,.,.,.,.,.,.,.,.,.,.
2022,9,30,19,.,.,.,.,.,.,.,.,.,.,.,.,.
2022,9,30,20,.,.,.,.,.,.,.,.,.,.,.,.,.
2022,9,30,21,.,.,.,.,.,.,.,.,.,.,.,.,.
2022,9,30,22,.,.,.,.,.,.,.,.,.,.,.,.,.
2022,9,30,23,.,.,.,.,.,.,.,.,.,.,.,.,.
2022,9,30,24,.,.,.,.,.,.,.,.,.,.,.,.,.
2022,9,30,25,.,.,.,.,.,.,.,.,.,.,.,.,.
2022,9,30,26,.,.,.,.,.,.,.,.,.,.,.,.,.
2022,9,30,27,.,.,.,.,.,.,.,.,.,.,.,.,.
2022,9,30,28,.,.,.,.,.,.,.,.,.,.,.,.,.
2022,9,30,29,.,.,.,.,.,.,.,.,.,.,.,.,.
2022,9,30,30,.,.,.,.,.,.,.,.,.,.,.,.,.
2022,9,30,31,.,.,.,.,.,.,.,.,.,.,.,.,.
2022,9,30,32,.,.,.,.,.,.,.,.,.,.,.,.,.
2022,9,30,33,.,.,.,.,.,.,.,.,.,.,.,.,.
2022,9,30,34,.,.,.,.,.,.,.,.,.,.,.,.,.
2022,9,30,35,.,.,.,.,.,.,.,.,.,.,.,.,.
2022,9,30,36,.,.,.,.,.,.,.,.,.,.,.,.,.
2022,9,30,37,.,.,.,.,.,.,.,.,.,.,.,.,.
2022,9,30,38,.,.,.,.,.,.,.,.,.,.,.,.,.
2022,9,30,39,.,.,.,.,.,.,.,.,.,.,.,.,.
2022,9,30,40,.,.,.,.,.,.,.,.,.,.,.,.,.
2022,9,30,41,.,.,.,.,.,.,.,.,.,.,.,.,.
2022,9,30,42,.,.,.,.,.,.,.,.,.,.,.,.,.
2022,9,30,44,.,.,.,.,.,.,.,.,.,.,.,.,.
2022,9,30,45,.,.,.,.,.,.,.,.,.,.,.,.,.
2022,9,30,46,.,.,.,.,.,.,.,.,.,.,.,.,.
2022,9,30,47,.,.,.,.,.,.,.,.,.,.,.,.,.
2022,9,30,48,.,.,.,.,.,.,.,.,.,.,.,.,.
2022,9,30,49,.,.,.,.,.,.,.,.,.,.,.,.,.
2022,9,30,50,.,.,.,.,.,.,.,.,.,.,.,.,.
2022,9,30,51,.,.,.,.,.,.,.,.,.,.,.,.,.
2022,9,30,53,.,.,.,.,.,.,.,.,.,.,.,.,.
2022,9,30,54,.,.,.,.,.,.,.,.,.,.,.,.,.
2022,9,30,55,.,.,.,.,.,.,.,.,.,.,.,.,.
2022,9,30,56,.,.,.,.,.,.,.,.,.,.,.,.,.
2022,10,7,1,.,.,.,.,.,.,.,.,.,.,.,.,.
2022,10,7,2,.,.,.,.,.,.,.,.,.,.,.,.,.
2022,10,7,4,.,.,.,.,.,.,.,.,.,.,.,.,.
2022,10,7,5,.,.,.,.,.,.,.,.,.,.,.,.,.
2022,10,7,6,.,.,.,.,.,.,.,.,.,.,.,.,.
2022,10,7,8,.,.,.,.,.,.,.,.,.,.,.,.,.
2022,10,7,9,.,.,.,.,.,.,.,.,.,.,.,.,.
2022,10,7,10,.,.,.,.,.,.,.,.,.,.,.,.,.
2022,10,7,11,.,.,.,.,.,.,.,.,.,.,.,.,.
2022,10,7,12,.,.,.,.,.,.,.,.,.,.,.,.,.
2022,10,7,13,.,.,.,.,.,.,.,.,.,.,.,.,.
2022,10,7,15,.,.,.,.,.,.,.,.,.,.,.,.,.
2022,10,7,16,.,.,.,.,.,.,.,.,.,.,.,.,.
2022,10,7,17,.,.,.,.,.,.,.,.,.,.,.,.,.
2022,10,7,18,.,.,.,.,.,.,.,.,.,.,.,.,.
2022,10,7,19,.,.,.,.,.,.,.,.,.,.,.,.,.
2022,10,7,20,.,.,.,.,.,.,.,.,.,.,.,.,.
2022,10,7,21,.,.,.,.,.,.,.,.,.,.,.,.,.
2022,10,7,22,.,.,.,.,.,.,.,.,.,.,.,.,.
2022,10,7,23,.,.,.,.,.,.,.,.,.,.,.,.,.
2022,10,7,24,.,.,.,.,.,.,.,.,.,.,.,.,.
2022,10,7,25,.,.,.,.,.,.,.,.,.,.,.,.,.
2022,10,7,26,.,.,.,.,.,.,.,.,.,.,.,.,.
2022,10,7,27,.,.,.,.,.,.,.,.,.,.,.,.,.
2022,10,7,28,.,.,.,.,.,.,.,.,.,.,.,.,.
2022,10,7,29,.,.,.,.,.,.,.,.,.,.,.,.,.
2022,10,7,30,.,.,.,.,.,.,.,.,.,.,.,.,.
2022,10,7,31,.,.,.,.,.,.,.,.,.,.,.,.,.
2022,10,7,32,.,.,.,.,.,.,.,.,.,.,.,.,.
2022,10,7,33,.,.,.,.,.,.,.,.,.,.,.,.,.
2022,10,7,34,.,.,.,.,.,.,.,.,.,.,.,.,.
2022,10,7,35,.,.,.,.,.,.,.,.,.,.,.,.,.
2022,10,7,36,.,.,.,.,.,.,.,.,.,.,.,.,.
2022,10,7,37,.,.,.,.,.,.,.,.,.,.,.,.,.
2022,10,7,38,.,.,.,.,.,.,.,.,.,.,.,.,.
2022,10,7,39,.,.,.,.,.,.,.,.,.,.,.,.,.
2022,10,7,40,.,.,.,.,.,.,.,.,.,.,.,.,.
2022,10,7,41,.,.,.,.,.,.,.,.,.,.,.,.,.
2022,10,7,42,.,.,.,.,.,.,.,.,.,.,.,.,.
2022,10,7,44,.,.,.,.,.,.,.,.,.,.,.,.,.
2022,10,7,45,.,.,.,.,.,.,.,.,.,.,.,.,.
2022,10,7,46,.,.,.,.,.,.,.,.,.,.,.,.,.
2022,10,7,47,.,.,.,.,.,.,.,.,.,.,.,.,.
2022,10,7,48,.,.,.,.,.,.,.,.,.,.,.,.,.
2022,10,7,49,.,.,.,.,.,.,.,.,.,.,.,.,.
2022,10,7,50,.,.,.,.,.,.,.,.,.,.,.,.,.
2022,10,7,51,.,.,.,.,.,.,.,.,.,.,.,.,.
2022,10,7,53,.,.,.,.,.,.,.,.,.,.,.,.,.
2022,10,7,54,.,.,.,.,.,.,.,.,.,.,.,.,.
2022,10,7,55,.,.,.,.,.,.,.,.,.,.,.,.,.
2022,10,7,56,.,.,.,.,.,.,.,.,.,.,.,.,.
2022,10,14,1,.,.,.,.,.,.,.,.,.,.,.,.,.
2022,10,14,2,.,.,.,.,.,.,.,.,.,.,.,.,.
2022,10,14,4,.,.,.,.,.,.,.,.,.,.,.,.,.
2022,10,14,5,.,.,.,.,.,.,.,.,.,.,.,.,.
2022,10,14,6,.,.,.,.,.,.,.,.,.,.,.,.,.
2022,10,14,8,.,.,.,.,.,.,.,.,.,.,.,.,.
2022,10,14,9,.,.,.,.,.,.,.,.,.,.,.,.,.
2022,10,14,10,.,.,.,.,.,.,.,.,.,.,.,.,.
2022,10,14,11,.,.,.,.,.,.,.,.,.,.,.,.,.
2022,10,14,12,.,.,.,.,.,.,.,.,.,.,.,.,.
2022,10,14,13,.,.,.,.,.,.,.,.,.,.,.,.,.
2022,10,14,15,.,.,.,.,.,.,.,.,.,.,.,.,.
2022,10,14,16,.,.,.,.,.,.,.,.,.,.,.,.,.
2022,10,14,17,.,.,.,.,.,.,.,.,.,.,.,.,.
2022,10,14,18,.,.,.,.,.,.,.,.,.,.,.,.,.
2022,10,14,19,.,.,.,.,.,.,.,.,.,.,.,.,.
2022,10,14,20,.,.,.,.,.,.,.,.,.,.,.,.,.
2022,10,14,21,.,.,.,.,.,.,.,.,.,.,.,.,.
2022,10,14,22,.,.,.,.,.,.,.,.,.,.,.,.,.
2022,10,14,23,.,.,.,.,.,.,.,.,.,.,.,.,.
2022,10,14,24,.,.,.,.,.,.,.,.,.,.,.,.,.
2022,10,14,25,.,.,.,.,.,.,.,.,.,.,.,.,.
2022,10,14,26,.,.,.,.,.,.,.,.,.,.,.,.,.
2022,10,14,27,.,.,.,.,.,.,.,.,.,.,.,.,.
2022,10,14,28,.,.,.,.,.,.,.,.,.,.,.,.,.
2022,10,14,29,.,.,.,.,.,.,.,.,.,.,.,.,.
2022,10,14,30,.,.,.,.,.,.,.,.,.,.,.,.,.
2022,10,14,31,.,.,.,.,.,.,.,.,.,.,.,.,.
2022,10,14,32,.,.,.,.,.,.,.,.,.,.,.,.,.
2022,10,14,33,.,.,.,.,.,.,.,.,.,.,.,.,.
2022,10,14,34,.,.,.,.,.,.,.,.,.,.,.,.,.
2022,10,14,35,.,.,.,.,.,.,.,.,.,.,.,.,.
2022,10,14,36,.,.,.,.,.,.,.,.,.,.,.,.,.
2022,10,14,37,.,.,.,.,.,.,.,.,.,.,.,.,.
2022,10,14,38,.,.,.,.,.,.,.,.,.,.,.,.,.
2022,10,14,39,.,.,.,.,.,.,.,.,.,.,.,.,.
2022,10,14,40,.,.,.,.,.,.,.,.,.,.,.,.,.
2022,10,14,41,.,.,.,.,.,.,.,.,.,.,.,.,.
2022,10,14,42,.,.,.,.,.,.,.,.,.,.,.,.,.
2022,10,14,44,.,.,.,.,.,.,.,.,.,.,.,.,.
2022,10,14,45,.,.,.,.,.,.,.,.,.,.,.,.,.
2022,10,14,46,.,.,.,.,.,.,.,.,.,.,.,.,.
2022,10,14,47,.,.,.,.,.,.,.,.,.,.,.,.,.
2022,10,14,48,.,.,.,.,.,.,.,.,.,.,.,.,.
2022,10,14,49,.,.,.,.,.,.,.,.,.,.,.,.,.
2022,10,14,50,.,.,.,.,.,.,.,.,.,.,.,.,.
2022,10,14,51,.,.,.,.,.,.,.,.,.,.,.,.,.
2022,10,14,53,.,.,.,.,.,.,.,.,.,.,.,.,.
2022,10,14,54,.,.,.,.,.,.,.,.,.,.,.,.,.
2022,10,14,55,.,.,.,.,.,.,.,.,.,.,.,.,.
2022,10,14,56,.,.,.,.,.,.,.,.,.,.,.,.,.
2022,10,21,1,.,.,.,.,.,.,.,.,.,.,.,.,.
2022,10,21,2,.,.,.,.,.,.,.,.,.,.,.,.,.
2022,10,21,4,.,.,.,.,.,.,.,.,.,.,.,.,.
2022,10,21,5,.,.,.,.,.,.,.,.,.,.,.,.,.
2022,10,21,6,.,.,.,.,.,.,.,.,.,.,.,.,.
2022,10,21,8,.,.,.,.,.,.,.,.,.,.,.,.,.
2022,10,21,9,.,.,.,.,.,.,.,.,.,.,.,.,.
2022,10,21,10,.,.,.,.,.,.,.,.,.,.,.,.,.
2022,10,21,11,.,.,.,.,.,.,.,.,.,.,.,.,.
2022,10,21,12,.,.,.,.,.,.,.,.,.,.,.,.,.
2022,10,21,13,.,.,.,.,.,.,.,.,.,.,.,.,.
2022,10,21,15,.,.,.,.,.,.,.,.,.,.,.,.,.
2022,10,21,16,.,.,.,.,.,.,.,.,.,.,.,.,.
2022,10,21,17,.,.,.,.,.,.,.,.,.,.,.,.,.
2022,10,21,18,.,.,.,.,.,.,.,.,.,.,.,.,.
2022,10,21,19,.,.,.,.,.,.,.,.,.,.,.,.,.
2022,10,21,20,.,.,.,.,.,.,.,.,.,.,.,.,.
2022,10,21,21,.,.,.,.,.,.,.,.,.,.,.,.,.
2022,10,21,22,.,.,.,.,.,.,.,.,.,.,.,.,.
2022,10,21,23,.,.,.,.,.,.,.,.,.,.,.,.,.
2022,10,21,24,.,.,.,.,.,.,.,.,.,.,.,.,.
2022,10,21,25,.,.,.,.,.,.,.,.,.,.,.,.,.
2022,10,21,26,.,.,.,.,.,.,.,.,.,.,.,.,.
2022,10,21,27,.,.,.,.,.,.,.,.,.,.,.,.,.
2022,10,21,28,.,.,.,.,.,.,.,.,.,.,.,.,.
2022,10,21,29,.,.,.,.,.,.,.,.,.,.,.,.,.
2022,10,21,30,.,.,.,.,.,.,.,.,.,.,.,.,.
2022,10,21,31,.,.,.,.,.,.,.,.,.,.,.,.,.
2022,10,21,32,.,.,.,.,.,.,.,.,.,.,.,.,.
2022,10,21,33,.,.,.,.,.,.,.,.,.,.,.,.,.
2022,10,21,34,.,.,.,.,.,.,.,.,.,.,.,.,.
2022,10,21,35,.,.,.,.,.,.,.,.,.,.,.,.,.
2022,10,21,36,.,.,.,.,.,.,.,.,.,.,.,.,.
2022,10,21,37,.,.,.,.,.,.,.,.,.,.,.,.,.
2022,10,21,38,.,.,.,.,.,.,.,.,.,.,.,.,.
2022,10,21,39,.,.,.,.,.,.,.,.,.,.,.,.,.
2022,10,21,40,.,.,.,.,.,.,.,.,.,.,.,.,.
2022,10,21,41,.,.,.,.,.,.,.,.,.,.,.,.,.
2022,10,21,42,.,.,.,.,.,.,.,.,.,.,.,.,.
2022,10,21,44,.,.,.,.,.,.,.,.,.,.,.,.,.
2022,10,21,45,.,.,.,.,.,.,.,.,.,.,.,.,.
2022,10,21,46,.,.,.,.,.,.,.,.,.,.,.,.,.
2022,10,21,47,.,.,.,.,.,.,.,.,.,.,.,.,.
2022,10,21,48,.,.,.,.,.,.,.,.,.,.,.,.,.
2022,10,21,49,.,.,.,.,.,.,.,.,.,.,.,.,.
2022,10,21,50,.,.,.,.,.,.,.,.,.,.,.,.,.
2022,10,21,51,.,.,.,.,.,.,.,.,.,.,.,.,.
2022,10,21,53,.,.,.,.,.,.,.,.,.,.,.,.,.
2022,10,21,54,.,.,.,.,.,.,.,.,.,.,.,.,.
2022,10,21,55,.,.,.,.,.,.,.,.,.,.,.,.,.
2022,10,21,56,.,.,.,.,.,.,.,.,.,.,.,.,.
2022,10,28,1,.,.,.,.,.,.,.,.,.,.,.,.,.
2022,10,28,2,.,.,.,.,.,.,.,.,.,.,.,.,.
2022,10,28,4,.,.,.,.,.,.,.,.,.,.,.,.,.
2022,10,28,5,.,.,.,.,.,.,.,.,.,.,.,.,.
2022,10,28,6,.,.,.,.,.,.,.,.,.,.,.,.,.
2022,10,28,8,.,.,.,.,.,.,.,.,.,.,.,.,.
2022,10,28,9,.,.,.,.,.,.,.,.,.,.,.,.,.
2022,10,28,10,.,.,.,.,.,.,.,.,.,.,.,.,.
2022,10,28,11,.,.,.,.,.,.,.,.,.,.,.,.,.
2022,10,28,12,.,.,.,.,.,.,.,.,.,.,.,.,.
2022,10,28,13,.,.,.,.,.,.,.,.,.,.,.,.,.
2022,10,28,15,.,.,.,.,.,.,.,.,.,.,.,.,.
2022,10,28,16,.,.,.,.,.,.,.,.,.,.,.,.,.
2022,10,28,17,.,.,.,.,.,.,.,.,.,.,.,.,.
2022,10,28,18,.,.,.,.,.,.,.,.,.,.,.,.,.
2022,10,28,19,.,.,.,.,.,.,.,.,.,.,.,.,.
2022,10,28,20,.,.,.,.,.,.,.,.,.,.,.,.,.
2022,10,28,21,.,.,.,.,.,.,.,.,.,.,.,.,.
2022,10,28,22,.,.,.,.,.,.,.,.,.,.,.,.,.
2022,10,28,23,.,.,.,.,.,.,.,.,.,.,.,.,.
2022,10,28,24,.,.,.,.,.,.,.,.,.,.,.,.,.
2022,10,28,25,.,.,.,.,.,.,.,.,.,.,.,.,.
2022,10,28,26,.,.,.,.,.,.,.,.,.,.,.,.,.
2022,10,28,27,.,.,.,.,.,.,.,.,.,.,.,.,.
2022,10,28,28,.,.,.,.,.,.,.,.,.,.,.,.,.
2022,10,28,29,.,.,.,.,.,.,.,.,.,.,.,.,.
2022,10,28,30,.,.,.,.,.,.,.,.,.,.,.,.,.
2022,10,28,31,.,.,.,.,.,.,.,.,.,.,.,.,.
2022,10,28,32,.,.,.,.,.,.,.,.,.,.,.,.,.
2022,10,28,33,.,.,.,.,.,.,.,.,.,.,.,.,.
2022,10,28,34,.,.,.,.,.,.,.,.,.,.,.,.,.
2022,10,28,35,.,.,.,.,.,.,.,.,.,.,.,.,.
2022,10,28,36,.,.,.,.,.,.,.,.,.,.,.,.,.
2022,10,28,37,.,.,.,.,.,.,.,.,.,.,.,.,.
2022,10,28,38,.,.,.,.,.,.,.,.,.,.,.,.,.
2022,10,28,39,.,.,.,.,.,.,.,.,.,.,.,.,.
2022,10,28,40,.,.,.,.,.,.,.,.,.,.,.,.,.
2022,10,28,41,.,.,.,.,.,.,.,.,.,.,.,.,.
2022,10,28,42,.,.,.,.,.,.,.,.,.,.,.,.,.
2022,10,28,44,.,.,.,.,.,.,.,.,.,.,.,.,.
2022,10,28,45,.,.,.,.,.,.,.,.,.,.,.,.,.
2022,10,28,46,.,.,.,.,.,.,.,.,.,.,.,.,.
2022,10,28,47,.,.,.,.,.,.,.,.,.,.,.,.,.
2022,10,28,48,.,.,.,.,.,.,.,.,.,.,.,.,.
2022,10,28,49,.,.,.,.,.,.,.,.,.,.,.,.,.
2022,10,28,50,.,.,.,.,.,.,.,.,.,.,.,.,.
2022,10,28,51,.,.,.,.,.,.,.,.,.,.,.,.,.
2022,10,28,53,.,.,.,.,.,.,.,.,.,.,.,.,.
2022,10,28,54,.,.,.,.,.,.,.,.,.,.,.,.,.
2022,10,28,55,.,.,.,.,.,.,.,.,.,.,.,.,.
2022,10,28,56,.,.,.,.,.,.,.,.,.,.,.,.,.
2022,11,4,1,.,.,.,.,.,.,.,.,.,.,.,.,.
2022,11,4,2,.,.,.,.,.,.,.,.,.,.,.,.,.
2022,11,4,4,.,.,.,.,.,.,.,.,.,.,.,.,.
2022,11,4,5,.,.,.,.,.,.,.,.,.,.,.,.,.
2022,11,4,6,.,.,.,.,.,.,.,.,.,.,.,.,.
2022,11,4,8,.,.,.,.,.,.,.,.,.,.,.,.,.
2022,11,4,9,.,.,.,.,.,.,.,.,.,.,.,.,.
2022,11,4,10,.,.,.,.,.,.,.,.,.,.,.,.,.
2022,11,4,11,.,.,.,.,.,.,.,.,.,.,.,.,.
2022,11,4,12,.,.,.,.,.,.,.,.,.,.,.,.,.
2022,11,4,13,.,.,.,.,.,.,.,.,.,.,.,.,.
2022,11,4,15,.,.,.,.,.,.,.,.,.,.,.,.,.
2022,11,4,16,.,.,.,.,.,.,.,.,.,.,.,.,.
2022,11,4,17,.,.,.,.,.,.,.,.,.,.,.,.,.
2022,11,4,18,.,.,.,.,.,.,.,.,.,.,.,.,.
2022,11,4,19,.,.,.,.,.,.,.,.,.,.,.,.,.
2022,11,4,20,.,.,.,.,.,.,.,.,.,.,.,.,.
2022,11,4,21,.,.,.,.,.,.,.,.,.,.,.,.,.
2022,11,4,22,.,.,.,.,.,.,.,.,.,.,.,.,.
2022,11,4,23,.,.,.,.,.,.,.,.,.,.,.,.,.
2022,11,4,24,.,.,.,.,.,.,.,.,.,.,.,.,.
2022,11,4,25,.,.,.,.,.,.,.,.,.,.,.,.,.
2022,11,4,26,.,.,.,.,.,.,.,.,.,.,.,.,.
2022,11,4,27,.,.,.,.,.,.,.,.,.,.,.,.,.
2022,11,4,28,.,.,.,.,.,.,.,.,.,.,.,.,.
2022,11,4,29,.,.,.,.,.,.,.,.,.,.,.,.,.
2022,11,4,30,.,.,.,.,.,.,.,.,.,.,.,.,.
2022,11,4,31,.,.,.,.,.,.,.,.,.,.,.,.,.
2022,11,4,32,.,.,.,.,.,.,.,.,.,.,.,.,.
2022,11,4,33,.,.,.,.,.,.,.,.,.,.,.,.,.
2022,11,4,34,.,.,.,.,.,.,.,.,.,.,.,.,.
2022,11,4,35,.,.,.,.,.,.,.,.,.,.,.,.,.
2022,11,4,36,.,.,.,.,.,.,.,.,.,.,.,.,.
2022,11,4,37,.,.,.,.,.,.,.,.,.,.,.,.,.
2022,11,4,38,.,.,.,.,.,.,.,.,.,.,.,.,.
2022,11,4,39,.,.,.,.,.,.,.,.,.,.,.,.,.
2022,11,4,40,.,.,.,.,.,.,.,.,.,.,.,.,.
2022,11,4,41,.,.,.,.,.,.,.,.,.,.,.,.,.
2022,11,4,42,.,.,.,.,.,.,.,.,.,.,.,.,.
2022,11,4,44,.,.,.,.,.,.,.,.,.,.,.,.,.
2022,11,4,45,.,.,.,.,.,.,.,.,.,.,.,.,.
2022,11,4,46,.,.,.,.,.,.,.,.,.,.,.,.,.
2022,11,4,47,.,.,.,.,.,.,.,.,.,.,.,.,.
2022,11,4,48,.,.,.,.,.,.,.,.,.,.,.,.,.
2022,11,4,49,.,.,.,.,.,.,.,.,.,.,.,.,.
2022,11,4,50,.,.,.,.,.,.,.,.,.,.,.,.,.
2022,11,4,51,.,.,.,.,.,.,.,.,.,.,.,.,.
2022,11,4,53,.,.,.,.,.,.,.,.,.,.,.,.,.
2022,11,4,54,.,.,.,.,.,.,.,.,.,.,.,.,.
2022,11,4,55,.,.,.,.,.,.,.,.,.,.,.,.,.
2022,11,4,56,.,.,.,.,.,.,.,.,.,.,.,.,.
2022,11,11,1,.,.,.,.,.,.,.,.,.,.,.,.,.
2022,11,11,2,.,.,.,.,.,.,.,.,.,.,.,.,.
2022,11,11,4,.,.,.,.,.,.,.,.,.,.,.,.,.
2022,11,11,5,.,.,.,.,.,.,.,.,.,.,.,.,.
2022,11,11,6,.,.,.,.,.,.,.,.,.,.,.,.,.
2022,11,11,8,.,.,.,.,.,.,.,.,.,.,.,.,.
2022,11,11,9,.,.,.,.,.,.,.,.,.,.,.,.,.
2022,11,11,10,.,.,.,.,.,.,.,.,.,.,.,.,.
2022,11,11,11,.,.,.,.,.,.,.,.,.,.,.,.,.
2022,11,11,12,.,.,.,.,.,.,.,.,.,.,.,.,.
2022,11,11,13,.,.,.,.,.,.,.,.,.,.,.,.,.
2022,11,11,15,.,.,.,.,.,.,.,.,.,.,.,.,.
2022,11,11,16,.,.,.,.,.,.,.,.,.,.,.,.,.
2022,11,11,17,.,.,.,.,.,.,.,.,.,.,.,.,.
2022,11,11,18,.,.,.,.,.,.,.,.,.,.,.,.,.
2022,11,11,19,.,.,.,.,.,.,.,.,.,.,.,.,.
2022,11,11,20,.,.,.,.,.,.,.,.,.,.,.,.,.
2022,11,11,21,.,.,.,.,.,.,.,.,.,.,.,.,.
2022,11,11,22,.,.,.,.,.,.,.,.,.,.,.,.,.
2022,11,11,23,.,.,.,.,.,.,.,.,.,.,.,.,.
2022,11,11,24,.,.,.,.,.,.,.,.,.,.,.,.,.
2022,11,11,25,.,.,.,.,.,.,.,.,.,.,.,.,.
2022,11,11,26,.,.,.,.,.,.,.,.,.,.,.,.,.
2022,11,11,27,.,.,.,.,.,.,.,.,.,.,.,.,.
2022,11,11,28,.,.,.,.,.,.,.,.,.,.,.,.,.
2022,11,11,29,.,.,.,.,.,.,.,.,.,.,.,.,.
2022,11,11,30,.,.,.,.,.,.,.,.,.,.,.,.,.
2022,11,11,31,.,.,.,.,.,.,.,.,.,.,.,.,.
2022,11,11,32,.,.,.,.,.,.,.,.,.,.,.,.,.
2022,11,11,33,.,.,.,.,.,.,.,.,.,.,.,.,.
2022,11,11,34,.,.,.,.,.,.,.,.,.,.,.,.,.
2022,11,11,35,.,.,.,.,.,.,.,.,.,.,.,.,.
2022,11,11,36,.,.,.,.,.,.,.,.,.,.,.,.,.
2022,11,11,37,.,.,.,.,.,.,.,.,.,.,.,.,.
2022,11,11,38,.,.,.,.,.,.,.,.,.,.,.,.,.
2022,11,11,39,.,.,.,.,.,.,.,.,.,.,.,.,.
2022,11,11,40,.,.,.,.,.,.,.,.,.,.,.,.,.
2022,11,11,41,.,.,.,.,.,.,.,.,.,.,.,.,.
2022,11,11,42,.,.,.,.,.,.,.,.,.,.,.,.,.
2022,11,11,44,.,.,.,.,.,.,.,.,.,.,.,.,.
2022,11,11,45,.,.,.,.,.,.,.,.,.,.,.,.,.
2022,11,11,46,.,.,.,.,.,.,.,.,.,.,.,.,.
2022,11,11,47,.,.,.,.,.,.,.,.,.,.,.,.,.
2022,11,11,48,.,.,.,.,.,.,.,.,.,.,.,.,.
2022,11,11,49,.,.,.,.,.,.,.,.,.,.,.,.,.
2022,11,11,50,.,.,.,.,.,.,.,.,.,.,.,.,.
2022,11,11,51,.,.,.,.,.,.,.,.,.,.,.,.,.
2022,11,11,53,.,.,.,.,.,.,.,.,.,.,.,.,.
2022,11,11,54,.,.,.,.,.,.,.,.,.,.,.,.,.
2022,11,11,55,.,.,.,.,.,.,.,.,.,.,.,.,.
2022,11,11,56,.,.,.,.,.,.,.,.,.,.,.,.,.
2022,11,18,1,.,.,.,.,.,.,.,.,.,.,.,.,.
2022,11,18,2,.,.,.,.,.,.,.,.,.,.,.,.,.
2022,11,18,4,.,.,.,.,.,.,.,.,.,.,.,.,.
2022,11,18,5,.,.,.,.,.,.,.,.,.,.,.,.,.
2022,11,18,6,.,.,.,.,.,.,.,.,.,.,.,.,.
2022,11,18,8,.,.,.,.,.,.,.,.,.,.,.,.,.
2022,11,18,9,.,.,.,.,.,.,.,.,.,.,.,.,.
2022,11,18,10,.,.,.,.,.,.,.,.,.,.,.,.,.
2022,11,18,11,.,.,.,.,.,.,.,.,.,.,.,.,.
2022,11,18,12,.,.,.,.,.,.,.,.,.,.,.,.,.
2022,11,18,13,.,.,.,.,.,.,.,.,.,.,.,.,.
2022,11,18,15,.,.,.,.,.,.,.,.,.,.,.,.,.
2022,11,18,16,.,.,.,.,.,.,.,.,.,.,.,.,.
2022,11,18,17,.,.,.,.,.,.,.,.,.,.,.,.,.
2022,11,18,18,.,.,.,.,.,.,.,.,.,.,.,.,.
2022,11,18,19,.,.,.,.,.,.,.,.,.,.,.,.,.
2022,11,18,20,.,.,.,.,.,.,.,.,.,.,.,.,.
2022,11,18,21,.,.,.,.,.,.,.,.,.,.,.,.,.
2022,11,18,22,.,.,.,.,.,.,.,.,.,.,.,.,.
2022,11,18,23,.,.,.,.,.,.,.,.,.,.,.,.,.
2022,11,18,24,.,.,.,.,.,.,.,.,.,.,.,.,.
2022,11,18,25,.,.,.,.,.,.,.,.,.,.,.,.,.
2022,11,18,26,.,.,.,.,.,.,.,.,.,.,.,.,.
2022,11,18,27,.,.,.,.,.,.,.,.,.,.,.,.,.
2022,11,18,28,.,.,.,.,.,.,.,.,.,.,.,.,.
2022,11,18,29,.,.,.,.,.,.,.,.,.,.,.,.,.
2022,11,18,30,.,.,.,.,.,.,.,.,.,.,.,.,.
2022,11,18,31,.,.,.,.,.,.,.,.,.,.,.,.,.
2022,11,18,32,.,.,.,.,.,.,.,.,.,.,.,.,.
2022,11,18,33,.,.,.,.,.,.,.,.,.,.,.,.,.
2022,11,18,34,.,.,.,.,.,.,.,.,.,.,.,.,.
2022,11,18,35,.,.,.,.,.,.,.,.,.,.,.,.,.
2022,11,18,36,.,.,.,.,.,.,.,.,.,.,.,.,.
2022,11,18,37,.,.,.,.,.,.,.,.,.,.,.,.,.
2022,11,18,38,.,.,.,.,.,.,.,.,.,.,.,.,.
2022,11,18,39,.,.,.,.,.,.,.,.,.,.,.,.,.
2022,11,18,40,.,.,.,.,.,.,.,.,.,.,.,.,.
2022,11,18,41,.,.,.,.,.,.,.,.,.,.,.,.,.
2022,11,18,42,.,.,.,.,.,.,.,.,.,.,.,.,.
2022,11,18,44,.,.,.,.,.,.,.,.,.,.,.,.,.
2022,11,18,45,.,.,.,.,.,.,.,.,.,.,.,.,.
2022,11,18,46,.,.,.,.,.,.,.,.,.,.,.,.,.
2022,11,18,47,.,.,.,.,.,.,.,.,.,.,.,.,.
2022,11,18,48,.,.,.,.,.,.,.,.,.,.,.,.,.
2022,11,18,49,.,.,.,.,.,.,.,.,.,.,.,.,.
2022,11,18,50,.,.,.,.,.,.,.,.,.,.,.,.,.
2022,11,18,51,.,.,.,.,.,.,.,.,.,.,.,.,.
2022,11,18,53,.,.,.,.,.,.,.,.,.,.,.,.,.
2022,11,18,54,.,.,.,.,.,.,.,.,.,.,.,.,.
2022,11,18,55,.,.,.,.,.,.,.,.,.,.,.,.,.
2022,11,18,56,.,.,.,.,.,.,.,.,.,.,.,.,.
2022,11,25,1,.,.,.,.,.,.,.,.,.,.,.,.,.
2022,11,25,2,.,.,.,.,.,.,.,.,.,.,.,.,.
2022,11,25,4,.,.,.,.,.,.,.,.,.,.,.,.,.
2022,11,25,5,.,.,.,.,.,.,.,.,.,.,.,.,.
2022,11,25,6,.,.,.,.,.,.,.,.,.,.,.,.,.
2022,11,25,8,.,.,.,.,.,.,.,.,.,.,.,.,.
2022,11,25,9,.,.,.,.,.,.,.,.,.,.,.,.,.
2022,11,25,10,.,.,.,.,.,.,.,.,.,.,.,.,.
2022,11,25,11,.,.,.,.,.,.,.,.,.,.,.,.,.
2022,11,25,12,.,.,.,.,.,.,.,.,.,.,.,.,.
2022,11,25,13,.,.,.,.,.,.,.,.,.,.,.,.,.
2022,11,25,15,.,.,.,.,.,.,.,.,.,.,.,.,.
2022,11,25,16,.,.,.,.,.,.,.,.,.,.,.,.,.
2022,11,25,17,.,.,.,.,.,.,.,.,.,.,.,.,.
2022,11,25,18,.,.,.,.,.,.,.,.,.,.,.,.,.
2022,11,25,19,.,.,.,.,.,.,.,.,.,.,.,.,.
2022,11,25,20,.,.,.,.,.,.,.,.,.,.,.,.,.
2022,11,25,21,.,.,.,.,.,.,.,.,.,.,.,.,.
2022,11,25,22,.,.,.,.,.,.,.,.,.,.,.,.,.
2022,11,25,23,.,.,.,.,.,.,.,.,.,.,.,.,.
2022,11,25,24,.,.,.,.,.,.,.,.,.,.,.,.,.
2022,11,25,25,.,.,.,.,.,.,.,.,.,.,.,.,.
2022,11,25,26,.,.,.,.,.,.,.,.,.,.,.,.,.
2022,11,25,27,.,.,.,.,.,.,.,.,.,.,.,.,.
2022,11,25,28,.,.,.,.,.,.,.,.,.,.,.,.,.
2022,11,25,29,.,.,.,.,.,.,.,.,.,.,.,.,.
2022,11,25,30,.,.,.,.,.,.,.,.,.,.,.,.,.
2022,11,25,31,.,.,.,.,.,.,.,.,.,.,.,.,.
2022,11,25,32,.,.,.,.,.,.,.,.,.,.,.,.,.
2022,11,25,33,.,.,.,.,.,.,.,.,.,.,.,.,.
2022,11,25,34,.,.,.,.,.,.,.,.,.,.,.,.,.
2022,11,25,35,.,.,.,.,.,.,.,.,.,.,.,.,.
2022,11,25,36,.,.,.,.,.,.,.,.,.,.,.,.,.
2022,11,25,37,.,.,.,.,.,.,.,.,.,.,.,.,.
2022,11,25,38,.,.,.,.,.,.,.,.,.,.,.,.,.
2022,11,25,39,.,.,.,.,.,.,.,.,.,.,.,.,.
2022,11,25,40,.,.,.,.,.,.,.,.,.,.,.,.,.
2022,11,25,41,.,.,.,.,.,.,.,.,.,.,.,.,.
2022,11,25,42,.,.,.,.,.,.,.,.,.,.,.,.,.
2022,11,25,44,.,.,.,.,.,.,.,.,.,.,.,.,.
2022,11,25,45,.,.,.,.,.,.,.,.,.,.,.,.,.
2022,11,25,46,.,.,.,.,.,.,.,.,.,.,.,.,.
2022,11,25,47,.,.,.,.,.,.,.,.,.,.,.,.,.
2022,11,25,48,.,.,.,.,.,.,.,.,.,.,.,.,.
2022,11,25,49,.,.,.,.,.,.,.,.,.,.,.,.,.
2022,11,25,50,.,.,.,.,.,.,.,.,.,.,.,.,.
2022,11,25,51,.,.,.,.,.,.,.,.,.,.,.,.,.
2022,11,25,53,.,.,.,.,.,.,.,.,.,.,.,.,.
2022,11,25,54,.,.,.,.,.,.,.,.,.,.,.,.,.
2022,11,25,55,.,.,.,.,.,.,.,.,.,.,.,.,.
2022,11,25,56,.,.,.,.,.,.,.,.,.,.,.,.,.
2022,12,2,1,.,.,.,.,.,.,.,.,.,.,.,.,.
2022,12,2,2,.,.,.,.,.,.,.,.,.,.,.,.,.
2022,12,2,4,.,.,.,.,.,.,.,.,.,.,.,.,.
2022,12,2,5,.,.,.,.,.,.,.,.,.,.,.,.,.
2022,12,2,6,.,.,.,.,.,.,.,.,.,.,.,.,.
2022,12,2,8,.,.,.,.,.,.,.,.,.,.,.,.,.
2022,12,2,9,.,.,.,.,.,.,.,.,.,.,.,.,.
2022,12,2,10,.,.,.,.,.,.,.,.,.,.,.,.,.
2022,12,2,11,.,.,.,.,.,.,.,.,.,.,.,.,.
2022,12,2,12,.,.,.,.,.,.,.,.,.,.,.,.,.
2022,12,2,13,.,.,.,.,.,.,.,.,.,.,.,.,.
2022,12,2,15,.,.,.,.,.,.,.,.,.,.,.,.,.
2022,12,2,16,.,.,.,.,.,.,.,.,.,.,.,.,.
2022,12,2,17,.,.,.,.,.,.,.,.,.,.,.,.,.
2022,12,2,18,.,.,.,.,.,.,.,.,.,.,.,.,.
2022,12,2,19,.,.,.,.,.,.,.,.,.,.,.,.,.
2022,12,2,20,.,.,.,.,.,.,.,.,.,.,.,.,.
2022,12,2,21,.,.,.,.,.,.,.,.,.,.,.,.,.
2022,12,2,22,.,.,.,.,.,.,.,.,.,.,.,.,.
2022,12,2,23,.,.,.,.,.,.,.,.,.,.,.,.,.
2022,12,2,24,.,.,.,.,.,.,.,.,.,.,.,.,.
2022,12,2,25,.,.,.,.,.,.,.,.,.,.,.,.,.
2022,12,2,26,.,.,.,.,.,.,.,.,.,.,.,.,.
2022,12,2,27,.,.,.,.,.,.,.,.,.,.,.,.,.
2022,12,2,28,.,.,.,.,.,.,.,.,.,.,.,.,.
2022,12,2,29,.,.,.,.,.,.,.,.,.,.,.,.,.
2022,12,2,30,.,.,.,.,.,.,.,.,.,.,.,.,.
2022,12,2,31,.,.,.,.,.,.,.,.,.,.,.,.,.
2022,12,2,32,.,.,.,.,.,.,.,.,.,.,.,.,.
2022,12,2,33,.,.,.,.,.,.,.,.,.,.,.,.,.
2022,12,2,34,.,.,.,.,.,.,.,.,.,.,.,.,.
2022,12,2,35,.,.,.,.,.,.,.,.,.,.,.,.,.
2022,12,2,36,.,.,.,.,.,.,.,.,.,.,.,.,.
2022,12,2,37,.,.,.,.,.,.,.,.,.,.,.,.,.
2022,12,2,38,.,.,.,.,.,.,.,.,.,.,.,.,.
2022,12,2,39,.,.,.,.,.,.,.,.,.,.,.,.,.
2022,12,2,40,.,.,.,.,.,.,.,.,.,.,.,.,.
2022,12,2,41,.,.,.,.,.,.,.,.,.,.,.,.,.
2022,12,2,42,.,.,.,.,.,.,.,.,.,.,.,.,.
2022,12,2,44,.,.,.,.,.,.,.,.,.,.,.,.,.
2022,12,2,45,.,.,.,.,.,.,.,.,.,.,.,.,.
2022,12,2,46,.,.,.,.,.,.,.,.,.,.,.,.,.
2022,12,2,47,.,.,.,.,.,.,.,.,.,.,.,.,.
2022,12,2,48,.,.,.,.,.,.,.,.,.,.,.,.,.
2022,12,2,49,.,.,.,.,.,.,.,.,.,.,.,.,.
2022,12,2,50,.,.,.,.,.,.,.,.,.,.,.,.,.
2022,12,2,51,.,.,.,.,.,.,.,.,.,.,.,.,.
2022,12,2,53,.,.,.,.,.,.,.,.,.,.,.,.,.
2022,12,2,54,.,.,.,.,.,.,.,.,.,.,.,.,.
2022,12,2,55,.,.,.,.,.,.,.,.,.,.,.,.,.
2022,12,2,56,.,.,.,.,.,.,.,.,.,.,.,.,.
2022,12,9,1,.,.,.,.,.,.,.,.,.,.,.,.,.
2022,12,9,2,.,.,.,.,.,.,.,.,.,.,.,.,.
2022,12,9,4,.,.,.,.,.,.,.,.,.,.,.,.,.
2022,12,9,5,.,.,.,.,.,.,.,.,.,.,.,.,.
2022,12,9,6,.,.,.,.,.,.,.,.,.,.,.,.,.
2022,12,9,8,.,.,.,.,.,.,.,.,.,.,.,.,.
2022,12,9,9,.,.,.,.,.,.,.,.,.,.,.,.,.
2022,12,9,10,.,.,.,.,.,.,.,.,.,.,.,.,.
2022,12,9,11,.,.,.,.,.,.,.,.,.,.,.,.,.
2022,12,9,12,.,.,.,.,.,.,.,.,.,.,.,.,.
2022,12,9,13,.,.,.,.,.,.,.,.,.,.,.,.,.
2022,12,9,15,.,.,.,.,.,.,.,.,.,.,.,.,.
2022,12,9,16,.,.,.,.,.,.,.,.,.,.,.,.,.
2022,12,9,17,.,.,.,.,.,.,.,.,.,.,.,.,.
2022,12,9,18,.,.,.,.,.,.,.,.,.,.,.,.,.
2022,12,9,19,.,.,.,.,.,.,.,.,.,.,.,.,.
2022,12,9,20,.,.,.,.,.,.,.,.,.,.,.,.,.
2022,12,9,21,.,.,.,.,.,.,.,.,.,.,.,.,.
2022,12,9,22,.,.,.,.,.,.,.,.,.,.,.,.,.
2022,12,9,23,.,.,.,.,.,.,.,.,.,.,.,.,.
2022,12,9,24,.,.,.,.,.,.,.,.,.,.,.,.,.
2022,12,9,25,.,.,.,.,.,.,.,.,.,.,.,.,.
2022,12,9,26,.,.,.,.,.,.,.,.,.,.,.,.,.
2022,12,9,27,.,.,.,.,.,.,.,.,.,.,.,.,.
2022,12,9,28,.,.,.,.,.,.,.,.,.,.,.,.,.
2022,12,9,29,.,.,.,.,.,.,.,.,.,.,.,.,.
2022,12,9,30,.,.,.,.,.,.,.,.,.,.,.,.,.
2022,12,9,31,.,.,.,.,.,.,.,.,.,.,.,.,.
2022,12,9,32,.,.,.,.,.,.,.,.,.,.,.,.,.
2022,12,9,33,.,.,.,.,.,.,.,.,.,.,.,.,.
2022,12,9,34,.,.,.,.,.,.,.,.,.,.,.,.,.
2022,12,9,35,.,.,.,.,.,.,.,.,.,.,.,.,.
2022,12,9,36,.,.,.,.,.,.,.,.,.,.,.,.,.
2022,12,9,37,.,.,.,.,.,.,.,.,.,.,.,.,.
2022,12,9,38,.,.,.,.,.,.,.,.,.,.,.,.,.
2022,12,9,39,.,.,.,.,.,.,.,.,.,.,.,.,.
2022,12,9,40,.,.,.,.,.,.,.,.,.,.,.,.,.
2022,12,9,41,.,.,.,.,.,.,.,.,.,.,.,.,.
2022,12,9,42,.,.,.,.,.,.,.,.,.,.,.,.,.
2022,12,9,44,.,.,.,.,.,.,.,.,.,.,.,.,.
2022,12,9,45,.,.,.,.,.,.,.,.,.,.,.,.,.
2022,12,9,46,.,.,.,.,.,.,.,.,.,.,.,.,.
2022,12,9,47,.,.,.,.,.,.,.,.,.,.,.,.,.
2022,12,9,48,.,.,.,.,.,.,.,.,.,.,.,.,.
2022,12,9,49,.,.,.,.,.,.,.,.,.,.,.,.,.
2022,12,9,50,.,.,.,.,.,.,.,.,.,.,.,.,.
2022,12,9,51,.,.,.,.,.,.,.,.,.,.,.,.,.
2022,12,9,53,.,.,.,.,.,.,.,.,.,.,.,.,.
2022,12,9,54,.,.,.,.,.,.,.,.,.,.,.,.,.
2022,12,9,55,.,.,.,.,.,.,.,.,.,.,.,.,.
2022,12,9,56,.,.,.,.,.,.,.,.,.,.,.,.,.
2022,12,16,1,.,.,.,.,.,.,.,.,.,.,.,.,.
2022,12,16,2,.,.,.,.,.,.,.,.,.,.,.,.,.
2022,12,16,4,.,.,.,.,.,.,.,.,.,.,.,.,.
2022,12,16,5,.,.,.,.,.,.,.,.,.,.,.,.,.
2022,12,16,6,.,.,.,.,.,.,.,.,.,.,.,.,.
2022,12,16,8,.,.,.,.,.,.,.,.,.,.,.,.,.
2022,12,16,9,.,.,.,.,.,.,.,.,.,.,.,.,.
2022,12,16,10,.,.,.,.,.,.,.,.,.,.,.,.,.
2022,12,16,11,.,.,.,.,.,.,.,.,.,.,.,.,.
2022,12,16,12,.,.,.,.,.,.,.,.,.,.,.,.,.
2022,12,16,13,.,.,.,.,.,.,.,.,.,.,.,.,.
2022,12,16,15,.,.,.,.,.,.,.,.,.,.,.,.,.
2022,12,16,16,.,.,.,.,.,.,.,.,.,.,.,.,.
2022,12,16,17,.,.,.,.,.,.,.,.,.,.,.,.,.
2022,12,16,18,.,.,.,.,.,.,.,.,.,.,.,.,.
2022,12,16,19,.,.,.,.,.,.,.,.,.,.,.,.,.
2022,12,16,20,.,.,.,.,.,.,.,.,.,.,.,.,.
2022,12,16,21,.,.,.,.,.,.,.,.,.,.,.,.,.
2022,12,16,22,.,.,.,.,.,.,.,.,.,.,.,.,.
2022,12,16,23,.,.,.,.,.,.,.,.,.,.,.,.,.
2022,12,16,24,.,.,.,.,.,.,.,.,.,.,.,.,.
2022,12,16,25,.,.,.,.,.,.,.,.,.,.,.,.,.
2022,12,16,26,.,.,.,.,.,.,.,.,.,.,.,.,.
2022,12,16,27,.,.,.,.,.,.,.,.,.,.,.,.,.
2022,12,16,28,.,.,.,.,.,.,.,.,.,.,.,.,.
2022,12,16,29,.,.,.,.,.,.,.,.,.,.,.,.,.
2022,12,16,30,.,.,.,.,.,.,.,.,.,.,.,.,.
2022,12,16,31,.,.,.,.,.,.,.,.,.,.,.,.,.
2022,12,16,32,.,.,.,.,.,.,.,.,.,.,.,.,.
2022,12,16,33,.,.,.,.,.,.,.,.,.,.,.,.,.
2022,12,16,34,.,.,.,.,.,.,.,.,.,.,.,.,.
2022,12,16,35,.,.,.,.,.,.,.,.,.,.,.,.,.
2022,12,16,36,.,.,.,.,.,.,.,.,.,.,.,.,.
2022,12,16,37,.,.,.,.,.,.,.,.,.,.,.,.,.
2022,12,16,38,.,.,.,.,.,.,.,.,.,.,.,.,.
2022,12,16,39,.,.,.,.,.,.,.,.,.,.,.,.,.
2022,12,16,40,.,.,.,.,.,.,.,.,.,.,.,.,.
2022,12,16,41,.,.,.,.,.,.,.,.,.,.,.,.,.
2022,12,16,42,.,.,.,.,.,.,.,.,.,.,.,.,.
2022,12,16,44,.,.,.,.,.,.,.,.,.,.,.,.,.
2022,12,16,45,.,.,.,.,.,.,.,.,.,.,.,.,.
2022,12,16,46,.,.,.,.,.,.,.,.,.,.,.,.,.
2022,12,16,47,.,.,.,.,.,.,.,.,.,.,.,.,.
2022,12,16,48,.,.,.,.,.,.,.,.,.,.,.,.,.
2022,12,16,49,.,.,.,.,.,.,.,.,.,.,.,.,.
2022,12,16,50,.,.,.,.,.,.,.,.,.,.,.,.,.
2022,12,16,51,.,.,.,.,.,.,.,.,.,.,.,.,.
2022,12,16,53,.,.,.,.,.,.,.,.,.,.,.,.,.
2022,12,16,54,.,.,.,.,.,.,.,.,.,.,.,.,.
2022,12,16,55,.,.,.,.,.,.,.,.,.,.,.,.,.
2022,12,16,56,.,.,.,.,.,.,.,.,.,.,.,.,.
2022,12,23,1,.,.,.,.,.,.,.,.,.,.,.,.,.
2022,12,23,2,.,.,.,.,.,.,.,.,.,.,.,.,.
2022,12,23,4,.,.,.,.,.,.,.,.,.,.,.,.,.
2022,12,23,5,.,.,.,.,.,.,.,.,.,.,.,.,.
2022,12,23,6,.,.,.,.,.,.,.,.,.,.,.,.,.
2022,12,23,8,.,.,.,.,.,.,.,.,.,.,.,.,.
2022,12,23,9,.,.,.,.,.,.,.,.,.,.,.,.,.
2022,12,23,10,.,.,.,.,.,.,.,.,.,.,.,.,.
2022,12,23,11,.,.,.,.,.,.,.,.,.,.,.,.,.
2022,12,23,12,.,.,.,.,.,.,.,.,.,.,.,.,.
2022,12,23,13,.,.,.,.,.,.,.,.,.,.,.,.,.
2022,12,23,15,.,.,.,.,.,.,.,.,.,.,.,.,.
2022,12,23,16,.,.,.,.,.,.,.,.,.,.,.,.,.
2022,12,23,17,.,.,.,.,.,.,.,.,.,.,.,.,.
2022,12,23,18,.,.,.,.,.,.,.,.,.,.,.,.,.
2022,12,23,19,.,.,.,.,.,.,.,.,.,.,.,.,.
2022,12,23,20,.,.,.,.,.,.,.,.,.,.,.,.,.
2022,12,23,21,.,.,.,.,.,.,.,.,.,.,.,.,.
2022,12,23,22,.,.,.,.,.,.,.,.,.,.,.,.,.
2022,12,23,23,.,.,.,.,.,.,.,.,.,.,.,.,.
2022,12,23,24,.,.,.,.,.,.,.,.,.,.,.,.,.
2022,12,23,25,.,.,.,.,.,.,.,.,.,.,.,.,.
2022,12,23,26,.,.,.,.,.,.,.,.,.,.,.,.,.
2022,12,23,27,.,.,.,.,.,.,.,.,.,.,.,.,.
2022,12,23,28,.,.,.,.,.,.,.,.,.,.,.,.,.
2022,12,23,29,.,.,.,.,.,.,.,.,.,.,.,.,.
2022,12,23,30,.,.,.,.,.,.,.,.,.,.,.,.,.
2022,12,23,31,.,.,.,.,.,.,.,.,.,.,.,.,.
2022,12,23,32,.,.,.,.,.,.,.,.,.,.,.,.,.
2022,12,23,33,.,.,.,.,.,.,.,.,.,.,.,.,.
2022,12,23,34,.,.,.,.,.,.,.,.,.,.,.,.,.
2022,12,23,35,.,.,.,.,.,.,.,.,.,.,.,.,.
2022,12,23,36,.,.,.,.,.,.,.,.,.,.,.,.,.
2022,12,23,37,.,.,.,.,.,.,.,.,.,.,.,.,.
2022,12,23,38,.,.,.,.,.,.,.,.,.,.,.,.,.
2022,12,23,39,.,.,.,.,.,.,.,.,.,.,.,.,.
2022,12,23,40,.,.,.,.,.,.,.,.,.,.,.,.,.
2022,12,23,41,.,.,.,.,.,.,.,.,.,.,.,.,.
2022,12,23,42,.,.,.,.,.,.,.,.,.,.,.,.,.
2022,12,23,44,.,.,.,.,.,.,.,.,.,.,.,.,.
2022,12,23,45,.,.,.,.,.,.,.,.,.,.,.,.,.
2022,12,23,46,.,.,.,.,.,.,.,.,.,.,.,.,.
2022,12,23,47,.,.,.,.,.,.,.,.,.,.,.,.,.
2022,12,23,48,.,.,.,.,.,.,.,.,.,.,.,.,.
2022,12,23,49,.,.,.,.,.,.,.,.,.,.,.,.,.
2022,12,23,50,.,.,.,.,.,.,.,.,.,.,.,.,.
2022,12,23,51,.,.,.,.,.,.,.,.,.,.,.,.,.
2022,12,23,53,.,.,.,.,.,.,.,.,.,.,.,.,.
2022,12,23,54,.,.,.,.,.,.,.,.,.,.,.,.,.
2022,12,23,55,.,.,.,.,.,.,.,.,.,.,.,.,.
2022,12,23,56,.,.,.,.,.,.,.,.,.,.,.,.,.
2022,12,30,1,.,.,.,.,.,.,.,.,.,.,.,.,.
2022,12,30,2,.,.,.,.,.,.,.,.,.,.,.,.,.
2022,12,30,4,.,.,.,.,.,.,.,.,.,.,.,.,.
2022,12,30,5,.,.,.,.,.,.,.,.,.,.,.,.,.
2022,12,30,6,.,.,.,.,.,.,.,.,.,.,.,.,.
2022,12,30,8,.,.,.,.,.,.,.,.,.,.,.,.,.
2022,12,30,9,.,.,.,.,.,.,.,.,.,.,.,.,.
2022,12,30,10,.,.,.,.,.,.,.,.,.,.,.,.,.
2022,12,30,11,.,.,.,.,.,.,.,.,.,.,.,.,.
2022,12,30,12,.,.,.,.,.,.,.,.,.,.,.,.,.
2022,12,30,13,.,.,.,.,.,.,.,.,.,.,.,.,.
2022,12,30,15,.,.,.,.,.,.,.,.,.,.,.,.,.
2022,12,30,16,.,.,.,.,.,.,.,.,.,.,.,.,.
2022,12,30,17,.,.,.,.,.,.,.,.,.,.,.,.,.
2022,12,30,18,.,.,.,.,.,.,.,.,.,.,.,.,.
2022,12,30,19,.,.,.,.,.,.,.,.,.,.,.,.,.
2022,12,30,20,.,.,.,.,.,.,.,.,.,.,.,.,.
2022,12,30,21,.,.,.,.,.,.,.,.,.,.,.,.,.
2022,12,30,22,.,.,.,.,.,.,.,.,.,.,.,.,.
2022,12,30,23,.,.,.,.,.,.,.,.,.,.,.,.,.
2022,12,30,24,.,.,.,.,.,.,.,.,.,.,.,.,.
2022,12,30,25,.,.,.,.,.,.,.,.,.,.,.,.,.
2022,12,30,26,.,.,.,.,.,.,.,.,.,.,.,.,.
2022,12,30,27,.,.,.,.,.,.,.,.,.,.,.,.,.
2022,12,30,28,.,.,.,.,.,.,.,.,.,.,.,.,.
2022,12,30,29,.,.,.,.,.,.,.,.,.,.,.,.,.
2022,12,30,30,.,.,.,.,.,.,.,.,.,.,.,.,.
2022,12,30,31,.,.,.,.,.,.,.,.,.,.,.,.,.
2022,12,30,32,.,.,.,.,.,.,.,.,.,.,.,.,.
2022,12,30,33,.,.,.,.,.,.,.,.,.,.,.,.,.
2022,12,30,34,.,.,.,.,.,.,.,.,.,.,.,.,.
2022,12,30,35,.,.,.,.,.,.,.,.,.,.,.,.,.
2022,12,30,36,.,.,.,.,.,.,.,.,.,.,.,.,.
2022,12,30,37,.,.,.,.,.,.,.,.,.,.,.,.,.
2022,12,30,38,.,.,.,.,.,.,.,.,.,.,.,.,.
2022,12,30,39,.,.,.,.,.,.,.,.,.,.,.,.,.
2022,12,30,40,.,.,.,.,.,.,.,.,.,.,.,.,.
2022,12,30,41,.,.,.,.,.,.,.,.,.,.,.,.,.
2022,12,30,42,.,.,.,.,.,.,.,.,.,.,.,.,.
2022,12,30,44,.,.,.,.,.,.,.,.,.,.,.,.,.
2022,12,30,45,.,.,.,.,.,.,.,.,.,.,.,.,.
2022,12,30,46,.,.,.,.,.,.,.,.,.,.,.,.,.
2022,12,30,47,.,.,.,.,.,.,.,.,.,.,.,.,.
2022,12,30,48,.,.,.,.,.,.,.,.,.,.,.,.,.
2022,12,30,49,.,.,.,.,.,.,.,.,.,.,.,.,.
2022,12,30,50,.,.,.,.,.,.,.,.,.,.,.,.,.
2022,12,30,51,.,.,.,.,.,.,.,.,.,.,.,.,.
2022,12,30,53,.,.,.,.,.,.,.,.,.,.,.,.,.
2022,12,30,54,.,.,.,.,.,.,.,.,.,.,.,.,.
2022,12,30,55,.,.,.,.,.,.,.,.,.,.,.,.,.
2022,12,30,56,.,.,.,.,.,.,.,.,.,.,.,.,.
2023,1,6,1,.,.,.,.,.,.,.,.,.,.,.,.,.
2023,1,6,2,.,.,.,.,.,.,.,.,.,.,.,.,.
2023,1,6,4,.,.,.,.,.,.,.,.,.,.,.,.,.
2023,1,6,5,.,.,.,.,.,.,.,.,.,.,.,.,.
2023,1,6,6,.,.,.,.,.,.,.,.,.,.,.,.,.
2023,1,6,8,.,.,.,.,.,.,.,.,.,.,.,.,.
2023,1,6,9,.,.,.,.,.,.,.,.,.,.,.,.,.
2023,1,6,10,.,.,.,.,.,.,.,.,.,.,.,.,.
2023,1,6,11,.,.,.,.,.,.,.,.,.,.,.,.,.
2023,1,6,12,.,.,.,.,.,.,.,.,.,.,.,.,.
2023,1,6,13,.,.,.,.,.,.,.,.,.,.,.,.,.
2023,1,6,15,.,.,.,.,.,.,.,.,.,.,.,.,.
2023,1,6,16,.,.,.,.,.,.,.,.,.,.,.,.,.
2023,1,6,17,.,.,.,.,.,.,.,.,.,.,.,.,.
2023,1,6,18,.,.,.,.,.,.,.,.,.,.,.,.,.
2023,1,6,19,.,.,.,.,.,.,.,.,.,.,.,.,.
2023,1,6,20,.,.,.,.,.,.,.,.,.,.,.,.,.
2023,1,6,21,.,.,.,.,.,.,.,.,.,.,.,.,.
2023,1,6,22,.,.,.,.,.,.,.,.,.,.,.,.,.
2023,1,6,23,.,.,.,.,.,.,.,.,.,.,.,.,.
2023,1,6,24,.,.,.,.,.,.,.,.,.,.,.,.,.
2023,1,6,25,.,.,.,.,.,.,.,.,.,.,.,.,.
2023,1,6,26,.,.,.,.,.,.,.,.,.,.,.,.,.
2023,1,6,27,.,.,.,.,.,.,.,.,.,.,.,.,.
2023,1,6,28,.,.,.,.,.,.,.,.,.,.,.,.,.
2023,1,6,29,.,.,.,.,.,.,.,.,.,.,.,.,.
2023,1,6,30,.,.,.,.,.,.,.,.,.,.,.,.,.
2023,1,6,31,.,.,.,.,.,.,.,.,.,.,.,.,.
2023,1,6,32,.,.,.,.,.,.,.,.,.,.,.,.,.
2023,1,6,33,.,.,.,.,.,.,.,.,.,.,.,.,.
2023,1,6,34,.,.,.,.,.,.,.,.,.,.,.,.,.
2023,1,6,35,.,.,.,.,.,.,.,.,.,.,.,.,.
2023,1,6,36,.,.,.,.,.,.,.,.,.,.,.,.,.
2023,1,6,37,.,.,.,.,.,.,.,.,.,.,.,.,.
2023,1,6,38,.,.,.,.,.,.,.,.,.,.,.,.,.
2023,1,6,39,.,.,.,.,.,.,.,.,.,.,.,.,.
2023,1,6,40,.,.,.,.,.,.,.,.,.,.,.,.,.
2023,1,6,41,.,.,.,.,.,.,.,.,.,.,.,.,.
2023,1,6,42,.,.,.,.,.,.,.,.,.,.,.,.,.
2023,1,6,44,.,.,.,.,.,.,.,.,.,.,.,.,.
2023,1,6,45,.,.,.,.,.,.,.,.,.,.,.,.,.
2023,1,6,46,.,.,.,.,.,.,.,.,.,.,.,.,.
2023,1,6,47,.,.,.,.,.,.,.,.,.,.,.,.,.
2023,1,6,48,.,.,.,.,.,.,.,.,.,.,.,.,.
2023,1,6,49,.,.,.,.,.,.,.,.,.,.,.,.,.
2023,1,6,50,.,.,.,.,.,.,.,.,.,.,.,.,.
2023,1,6,51,.,.,.,.,.,.,.,.,.,.,.,.,.
2023,1,6,53,.,.,.,.,.,.,.,.,.,.,.,.,.
2023,1,6,54,.,.,.,.,.,.,.,.,.,.,.,.,.
2023,1,6,55,.,.,.,.,.,.,.,.,.,.,.,.,.
2023,1,6,56,.,.,.,.,.,.,.,.,.,.,.,.,.
2023,1,13,1,.,.,.,.,.,.,.,.,.,.,.,.,.
2023,1,13,2,.,.,.,.,.,.,.,.,.,.,.,.,.
2023,1,13,4,.,.,.,.,.,.,.,.,.,.,.,.,.
2023,1,13,5,.,.,.,.,.,.,.,.,.,.,.,.,.
2023,1,13,6,.,.,.,.,.,.,.,.,.,.,.,.,.
2023,1,13,8,.,.,.,.,.,.,.,.,.,.,.,.,.
2023,1,13,9,.,.,.,.,.,.,.,.,.,.,.,.,.
2023,1,13,10,.,.,.,.,.,.,.,.,.,.,.,.,.
2023,1,13,11,.,.,.,.,.,.,.,.,.,.,.,.,.
2023,1,13,12,.,.,.,.,.,.,.,.,.,.,.,.,.
2023,1,13,13,.,.,.,.,.,.,.,.,.,.,.,.,.
2023,1,13,15,.,.,.,.,.,.,.,.,.,.,.,.,.
2023,1,13,16,.,.,.,.,.,.,.,.,.,.,.,.,.
2023,1,13,17,.,.,.,.,.,.,.,.,.,.,.,.,.
2023,1,13,18,.,.,.,.,.,.,.,.,.,.,.,.,.
2023,1,13,19,.,.,.,.,.,.,.,.,.,.,.,.,.
2023,1,13,20,.,.,.,.,.,.,.,.,.,.,.,.,.
2023,1,13,21,.,.,.,.,.,.,.,.,.,.,.,.,.
2023,1,13,22,.,.,.,.,.,.,.,.,.,.,.,.,.
2023,1,13,23,.,.,.,.,.,.,.,.,.,.,.,.,.
2023,1,13,24,.,.,.,.,.,.,.,.,.,.,.,.,.
2023,1,13,25,.,.,.,.,.,.,.,.,.,.,.,.,.
2023,1,13,26,.,.,.,.,.,.,.,.,.,.,.,.,.
2023,1,13,27,.,.,.,.,.,.,.,.,.,.,.,.,.
2023,1,13,28,.,.,.,.,.,.,.,.,.,.,.,.,.
2023,1,13,29,.,.,.,.,.,.,.,.,.,.,.,.,.
2023,1,13,30,.,.,.,.,.,.,.,.,.,.,.,.,.
2023,1,13,31,.,.,.,.,.,.,.,.,.,.,.,.,.
2023,1,13,32,.,.,.,.,.,.,.,.,.,.,.,.,.
2023,1,13,33,.,.,.,.,.,.,.,.,.,.,.,.,.
2023,1,13,34,.,.,.,.,.,.,.,.,.,.,.,.,.
2023,1,13,35,.,.,.,.,.,.,.,.,.,.,.,.,.
2023,1,13,36,.,.,.,.,.,.,.,.,.,.,.,.,.
2023,1,13,37,.,.,.,.,.,.,.,.,.,.,.,.,.
2023,1,13,38,.,.,.,.,.,.,.,.,.,.,.,.,.
2023,1,13,39,.,.,.,.,.,.,.,.,.,.,.,.,.
2023,1,13,40,.,.,.,.,.,.,.,.,.,.,.,.,.
2023,1,13,41,.,.,.,.,.,.,.,.,.,.,.,.,.
2023,1,13,42,.,.,.,.,.,.,.,.,.,.,.,.,.
2023,1,13,44,.,.,.,.,.,.,.,.,.,.,.,.,.
2023,1,13,45,.,.,.,.,.,.,.,.,.,.,.,.,.
2023,1,13,46,.,.,.,.,.,.,.,.,.,.,.,.,.
2023,1,13,47,.,.,.,.,.,.,.,.,.,.,.,.,.
2023,1,13,48,.,.,.,.,.,.,.,.,.,.,.,.,.
2023,1,13,49,.,.,.,.,.,.,.,.,.,.,.,.,.
2023,1,13,50,.,.,.,.,.,.,.,.,.,.,.,.,.
2023,1,13,51,.,.,.,.,.,.,.,.,.,.,.,.,.
2023,1,13,53,.,.,.,.,.,.,.,.,.,.,.,.,.
2023,1,13,54,.,.,.,.,.,.,.,.,.,.,.,.,.
2023,1,13,55,.,.,.,.,.,.,.,.,.,.,.,.,.
2023,1,13,56,.,.,.,.,.,.,.,.,.,.,.,.,.
2023,1,20,1,.,.,.,.,.,.,.,.,.,.,.,.,.
2023,1,20,2,.,.,.,.,.,.,.,.,.,.,.,.,.
2023,1,20,4,.,.,.,.,.,.,.,.,.,.,.,.,.
2023,1,20,5,.,.,.,.,.,.,.,.,.,.,.,.,.
2023,1,20,6,.,.,.,.,.,.,.,.,.,.,.,.,.
2023,1,20,8,.,.,.,.,.,.,.,.,.,.,.,.,.
2023,1,20,9,.,.,.,.,.,.,.,.,.,.,.,.,.
2023,1,20,10,.,.,.,.,.,.,.,.,.,.,.,.,.
2023,1,20,11,.,.,.,.,.,.,.,.,.,.,.,.,.
2023,1,20,12,.,.,.,.,.,.,.,.,.,.,.,.,.
2023,1,20,13,.,.,.,.,.,.,.,.,.,.,.,.,.
2023,1,20,15,.,.,.,.,.,.,.,.,.,.,.,.,.
2023,1,20,16,.,.,.,.,.,.,.,.,.,.,.,.,.
2023,1,20,17,.,.,.,.,.,.,.,.,.,.,.,.,.
2023,1,20,18,.,.,.,.,.,.,.,.,.,.,.,.,.
2023,1,20,19,.,.,.,.,.,.,.,.,.,.,.,.,.
2023,1,20,20,.,.,.,.,.,.,.,.,.,.,.,.,.
2023,1,20,21,.,.,.,.,.,.,.,.,.,.,.,.,.
2023,1,20,22,.,.,.,.,.,.,.,.,.,.,.,.,.
2023,1,20,23,.,.,.,.,.,.,.,.,.,.,.,.,.
2023,1,20,24,.,.,.,.,.,.,.,.,.,.,.,.,.
2023,1,20,25,.,.,.,.,.,.,.,.,.,.,.,.,.
2023,1,20,26,.,.,.,.,.,.,.,.,.,.,.,.,.
2023,1,20,27,.,.,.,.,.,.,.,.,.,.,.,.,.
2023,1,20,28,.,.,.,.,.,.,.,.,.,.,.,.,.
2023,1,20,29,.,.,.,.,.,.,.,.,.,.,.,.,.
2023,1,20,30,.,.,.,.,.,.,.,.,.,.,.,.,.
2023,1,20,31,.,.,.,.,.,.,.,.,.,.,.,.,.
2023,1,20,32,.,.,.,.,.,.,.,.,.,.,.,.,.
2023,1,20,33,.,.,.,.,.,.,.,.,.,.,.,.,.
2023,1,20,34,.,.,.,.,.,.,.,.,.,.,.,.,.
2023,1,20,35,.,.,.,.,.,.,.,.,.,.,.,.,.
2023,1,20,36,.,.,.,.,.,.,.,.,.,.,.,.,.
2023,1,20,37,.,.,.,.,.,.,.,.,.,.,.,.,.
2023,1,20,38,.,.,.,.,.,.,.,.,.,.,.,.,.
2023,1,20,39,.,.,.,.,.,.,.,.,.,.,.,.,.
2023,1,20,40,.,.,.,.,.,.,.,.,.,.,.,.,.
2023,1,20,41,.,.,.,.,.,.,.,.,.,.,.,.,.
2023,1,20,42,.,.,.,.,.,.,.,.,.,.,.,.,.
2023,1,20,44,.,.,.,.,.,.,.,.,.,.,.,.,.
2023,1,20,45,.,.,.,.,.,.,.,.,.,.,.,.,.
2023,1,20,46,.,.,.,.,.,.,.,.,.,.,.,.,.
2023,1,20,47,.,.,.,.,.,.,.,.,.,.,.,.,.
2023,1,20,48,.,.,.,.,.,.,.,.,.,.,.,.,.
2023,1,20,49,.,.,.,.,.,.,.,.,.,.,.,.,.
2023,1,20,50,.,.,.,.,.,.,.,.,.,.,.,.,.
2023,1,20,51,.,.,.,.,.,.,.,.,.,.,.,.,.
2023,1,20,53,.,.,.,.,.,.,.,.,.,.,.,.,.
2023,1,20,54,.,.,.,.,.,.,.,.,.,.,.,.,.
2023,1,20,55,.,.,.,.,.,.,.,.,.,.,.,.,.
2023,1,20,56,.,.,.,.,.,.,.,.,.,.,.,.,.
2023,1,27,1,.,.,.,.,.,.,.,.,.,.,.,.,.
2023,1,27,2,.,.,.,.,.,.,.,.,.,.,.,.,.
2023,1,27,4,.,.,.,.,.,.,.,.,.,.,.,.,.
2023,1,27,5,.,.,.,.,.,.,.,.,.,.,.,.,.
2023,1,27,6,.,.,.,.,.,.,.,.,.,.,.,.,.
2023,1,27,8,.,.,.,.,.,.,.,.,.,.,.,.,.
2023,1,27,9,.,.,.,.,.,.,.,.,.,.,.,.,.
2023,1,27,10,.,.,.,.,.,.,.,.,.,.,.,.,.
2023,1,27,11,.,.,.,.,.,.,.,.,.,.,.,.,.
2023,1,27,12,.,.,.,.,.,.,.,.,.,.,.,.,.
2023,1,27,13,.,.,.,.,.,.,.,.,.,.,.,.,.
2023,1,27,15,.,.,.,.,.,.,.,.,.,.,.,.,.
2023,1,27,16,.,.,.,.,.,.,.,.,.,.,.,.,.
2023,1,27,17,.,.,.,.,.,.,.,.,.,.,.,.,.
2023,1,27,18,.,.,.,.,.,.,.,.,.,.,.,.,.
2023,1,27,19,.,.,.,.,.,.,.,.,.,.,.,.,.
2023,1,27,20,.,.,.,.,.,.,.,.,.,.,.,.,.
2023,1,27,21,.,.,.,.,.,.,.,.,.,.,.,.,.
2023,1,27,22,.,.,.,.,.,.,.,.,.,.,.,.,.
2023,1,27,23,.,.,.,.,.,.,.,.,.,.,.,.,.
2023,1,27,24,.,.,.,.,.,.,.,.,.,.,.,.,.
2023,1,27,25,.,.,.,.,.,.,.,.,.,.,.,.,.
2023,1,27,26,.,.,.,.,.,.,.,.,.,.,.,.,.
2023,1,27,27,.,.,.,.,.,.,.,.,.,.,.,.,.
2023,1,27,28,.,.,.,.,.,.,.,.,.,.,.,.,.
2023,1,27,29,.,.,.,.,.,.,.,.,.,.,.,.,.
2023,1,27,30,.,.,.,.,.,.,.,.,.,.,.,.,.
2023,1,27,31,.,.,.,.,.,.,.,.,.,.,.,.,.
2023,1,27,32,.,.,.,.,.,.,.,.,.,.,.,.,.
2023,1,27,33,.,.,.,.,.,.,.,.,.,.,.,.,.
2023,1,27,34,.,.,.,.,.,.,.,.,.,.,.,.,.
2023,1,27,35,.,.,.,.,.,.,.,.,.,.,.,.,.
2023,1,27,36,.,.,.,.,.,.,.,.,.,.,.,.,.
2023,1,27,37,.,.,.,.,.,.,.,.,.,.,.,.,.
2023,1,27,38,.,.,.,.,.,.,.,.,.,.,.,.,.
2023,1,27,39,.,.,.,.,.,.,.,.,.,.,.,.,.
2023,1,27,40,.,.,.,.,.,.,.,.,.,.,.,.,.
2023,1,27,41,.,.,.,.,.,.,.,.,.,.,.,.,.
2023,1,27,42,.,.,.,.,.,.,.,.,.,.,.,.,.
2023,1,27,44,.,.,.,.,.,.,.,.,.,.,.,.,.
2023,1,27,45,.,.,.,.,.,.,.,.,.,.,.,.,.
2023,1,27,46,.,.,.,.,.,.,.,.,.,.,.,.,.
2023,1,27,47,.,.,.,.,.,.,.,.,.,.,.,.,.
2023,1,27,48,.,.,.,.,.,.,.,.,.,.,.,.,.
2023,1,27,49,.,.,.,.,.,.,.,.,.,.,.,.,.
2023,1,27,50,.,.,.,.,.,.,.,.,.,.,.,.,.
2023,1,27,51,.,.,.,.,.,.,.,.,.,.,.,.,.
2023,1,27,53,.,.,.,.,.,.,.,.,.,.,.,.,.
2023,1,27,54,.,.,.,.,.,.,.,.,.,.,.,.,.
2023,1,27,55,.,.,.,.,.,.,.,.,.,.,.,.,.
2023,1,27,56,.,.,.,.,.,.,.,.,.,.,.,.,.
2023,2,3,1,.,.,.,.,.,.,.,.,.,.,.,.,.
2023,2,3,2,.,.,.,.,.,.,.,.,.,.,.,.,.
2023,2,3,4,.,.,.,.,.,.,.,.,.,.,.,.,.
2023,2,3,5,.,.,.,.,.,.,.,.,.,.,.,.,.
2023,2,3,6,.,.,.,.,.,.,.,.,.,.,.,.,.
2023,2,3,8,.,.,.,.,.,.,.,.,.,.,.,.,.
2023,2,3,9,.,.,.,.,.,.,.,.,.,.,.,.,.
2023,2,3,10,.,.,.,.,.,.,.,.,.,.,.,.,.
2023,2,3,11,.,.,.,.,.,.,.,.,.,.,.,.,.
2023,2,3,12,.,.,.,.,.,.,.,.,.,.,.,.,.
2023,2,3,13,.,.,.,.,.,.,.,.,.,.,.,.,.
2023,2,3,15,.,.,.,.,.,.,.,.,.,.,.,.,.
2023,2,3,16,.,.,.,.,.,.,.,.,.,.,.,.,.
2023,2,3,17,.,.,.,.,.,.,.,.,.,.,.,.,.
2023,2,3,18,.,.,.,.,.,.,.,.,.,.,.,.,.
2023,2,3,19,.,.,.,.,.,.,.,.,.,.,.,.,.
2023,2,3,20,.,.,.,.,.,.,.,.,.,.,.,.,.
2023,2,3,21,.,.,.,.,.,.,.,.,.,.,.,.,.
2023,2,3,22,.,.,.,.,.,.,.,.,.,.,.,.,.
2023,2,3,23,.,.,.,.,.,.,.,.,.,.,.,.,.
2023,2,3,24,.,.,.,.,.,.,.,.,.,.,.,.,.
2023,2,3,25,.,.,.,.,.,.,.,.,.,.,.,.,.
2023,2,3,26,.,.,.,.,.,.,.,.,.,.,.,.,.
2023,2,3,27,.,.,.,.,.,.,.,.,.,.,.,.,.
2023,2,3,28,.,.,.,.,.,.,.,.,.,.,.,.,.
2023,2,3,29,.,.,.,.,.,.,.,.,.,.,.,.,.
2023,2,3,30,.,.,.,.,.,.,.,.,.,.,.,.,.
2023,2,3,31,.,.,.,.,.,.,.,.,.,.,.,.,.
2023,2,3,32,.,.,.,.,.,.,.,.,.,.,.,.,.
2023,2,3,33,.,.,.,.,.,.,.,.,.,.,.,.,.
2023,2,3,34,.,.,.,.,.,.,.,.,.,.,.,.,.
2023,2,3,35,.,.,.,.,.,.,.,.,.,.,.,.,.
2023,2,3,36,.,.,.,.,.,.,.,.,.,.,.,.,.
2023,2,3,37,.,.,.,.,.,.,.,.,.,.,.,.,.
2023,2,3,38,.,.,.,.,.,.,.,.,.,.,.,.,.
2023,2,3,39,.,.,.,.,.,.,.,.,.,.,.,.,.
2023,2,3,40,.,.,.,.,.,.,.,.,.,.,.,.,.
2023,2,3,41,.,.,.,.,.,.,.,.,.,.,.,.,.
2023,2,3,42,.,.,.,.,.,.,.,.,.,.,.,.,.
2023,2,3,44,.,.,.,.,.,.,.,.,.,.,.,.,.
2023,2,3,45,.,.,.,.,.,.,.,.,.,.,.,.,.
2023,2,3,46,.,.,.,.,.,.,.,.,.,.,.,.,.
2023,2,3,47,.,.,.,.,.,.,.,.,.,.,.,.,.
2023,2,3,48,.,.,.,.,.,.,.,.,.,.,.,.,.
2023,2,3,49,.,.,.,.,.,.,.,.,.,.,.,.,.
2023,2,3,50,.,.,.,.,.,.,.,.,.,.,.,.,.
2023,2,3,51,.,.,.,.,.,.,.,.,.,.,.,.,.
2023,2,3,53,.,.,.,.,.,.,.,.,.,.,.,.,.
2023,2,3,54,.,.,.,.,.,.,.,.,.,.,.,.,.
2023,2,3,55,.,.,.,.,.,.,.,.,.,.,.,.,.
2023,2,3,56,.,.,.,.,.,.,.,.,.,.,.,.,.
2023,2,10,1,.,.,.,.,.,.,.,.,.,.,.,.,.
2023,2,10,2,.,.,.,.,.,.,.,.,.,.,.,.,.
2023,2,10,4,.,.,.,.,.,.,.,.,.,.,.,.,.
2023,2,10,5,.,.,.,.,.,.,.,.,.,.,.,.,.
2023,2,10,6,.,.,.,.,.,.,.,.,.,.,.,.,.
2023,2,10,8,.,.,.,.,.,.,.,.,.,.,.,.,.
2023,2,10,9,.,.,.,.,.,.,.,.,.,.,.,.,.
2023,2,10,10,.,.,.,.,.,.,.,.,.,.,.,.,.
2023,2,10,11,.,.,.,.,.,.,.,.,.,.,.,.,.
2023,2,10,12,.,.,.,.,.,.,.,.,.,.,.,.,.
2023,2,10,13,.,.,.,.,.,.,.,.,.,.,.,.,.
2023,2,10,15,.,.,.,.,.,.,.,.,.,.,.,.,.
2023,2,10,16,.,.,.,.,.,.,.,.,.,.,.,.,.
2023,2,10,17,.,.,.,.,.,.,.,.,.,.,.,.,.
2023,2,10,18,.,.,.,.,.,.,.,.,.,.,.,.,.
2023,2,10,19,.,.,.,.,.,.,.,.,.,.,.,.,.
2023,2,10,20,.,.,.,.,.,.,.,.,.,.,.,.,.
2023,2,10,21,.,.,.,.,.,.,.,.,.,.,.,.,.
2023,2,10,22,.,.,.,.,.,.,.,.,.,.,.,.,.
2023,2,10,23,.,.,.,.,.,.,.,.,.,.,.,.,.
2023,2,10,24,.,.,.,.,.,.,.,.,.,.,.,.,.
2023,2,10,25,.,.,.,.,.,.,.,.,.,.,.,.,.
2023,2,10,26,.,.,.,.,.,.,.,.,.,.,.,.,.
2023,2,10,27,.,.,.,.,.,.,.,.,.,.,.,.,.
2023,2,10,28,.,.,.,.,.,.,.,.,.,.,.,.,.
2023,2,10,29,.,.,.,.,.,.,.,.,.,.,.,.,.
2023,2,10,30,.,.,.,.,.,.,.,.,.,.,.,.,.
2023,2,10,31,.,.,.,.,.,.,.,.,.,.,.,.,.
2023,2,10,32,.,.,.,.,.,.,.,.,.,.,.,.,.
2023,2,10,33,.,.,.,.,.,.,.,.,.,.,.,.,.
2023,2,10,34,.,.,.,.,.,.,.,.,.,.,.,.,.
2023,2,10,35,.,.,.,.,.,.,.,.,.,.,.,.,.
2023,2,10,36,.,.,.,.,.,.,.,.,.,.,.,.,.
2023,2,10,37,.,.,.,.,.,.,.,.,.,.,.,.,.
2023,2,10,38,.,.,.,.,.,.,.,.,.,.,.,.,.
2023,2,10,39,.,.,.,.,.,.,.,.,.,.,.,.,.
2023,2,10,40,.,.,.,.,.,.,.,.,.,.,.,.,.
2023,2,10,41,.,.,.,.,.,.,.,.,.,.,.,.,.
2023,2,10,42,.,.,.,.,.,.,.,.,.,.,.,.,.
2023,2,10,44,.,.,.,.,.,.,.,.,.,.,.,.,.
2023,2,10,45,.,.,.,.,.,.,.,.,.,.,.,.,.
2023,2,10,46,.,.,.,.,.,.,.,.,.,.,.,.,.
2023,2,10,47,.,.,.,.,.,.,.,.,.,.,.,.,.
2023,2,10,48,.,.,.,.,.,.,.,.,.,.,.,.,.
2023,2,10,49,.,.,.,.,.,.,.,.,.,.,.,.,.
2023,2,10,50,.,.,.,.,.,.,.,.,.,.,.,.,.
2023,2,10,51,.,.,.,.,.,.,.,.,.,.,.,.,.
2023,2,10,53,.,.,.,.,.,.,.,.,.,.,.,.,.
2023,2,10,54,.,.,.,.,.,.,.,.,.,.,.,.,.
2023,2,10,55,.,.,.,.,.,.,.,.,.,.,.,.,.
2023,2,10,56,.,.,.,.,.,.,.,.,.,.,.,.,.
2023,2,17,1,.,.,.,.,.,.,.,.,.,.,.,.,.
2023,2,17,2,.,.,.,.,.,.,.,.,.,.,.,.,.
2023,2,17,4,.,.,.,.,.,.,.,.,.,.,.,.,.
2023,2,17,5,.,.,.,.,.,.,.,.,.,.,.,.,.
2023,2,17,6,.,.,.,.,.,.,.,.,.,.,.,.,.
2023,2,17,8,.,.,.,.,.,.,.,.,.,.,.,.,.
2023,2,17,9,.,.,.,.,.,.,.,.,.,.,.,.,.
2023,2,17,10,.,.,.,.,.,.,.,.,.,.,.,.,.
2023,2,17,11,.,.,.,.,.,.,.,.,.,.,.,.,.
2023,2,17,12,.,.,.,.,.,.,.,.,.,.,.,.,.
2023,2,17,13,.,.,.,.,.,.,.,.,.,.,.,.,.
2023,2,17,15,.,.,.,.,.,.,.,.,.,.,.,.,.
2023,2,17,16,.,.,.,.,.,.,.,.,.,.,.,.,.
2023,2,17,17,.,.,.,.,.,.,.,.,.,.,.,.,.
2023,2,17,18,.,.,.,.,.,.,.,.,.,.,.,.,.
2023,2,17,19,.,.,.,.,.,.,.,.,.,.,.,.,.
2023,2,17,20,.,.,.,.,.,.,.,.,.,.,.,.,.
2023,2,17,21,.,.,.,.,.,.,.,.,.,.,.,.,.
2023,2,17,22,.,.,.,.,.,.,.,.,.,.,.,.,.
2023,2,17,23,.,.,.,.,.,.,.,.,.,.,.,.,.
2023,2,17,24,.,.,.,.,.,.,.,.,.,.,.,.,.
2023,2,17,25,.,.,.,.,.,.,.,.,.,.,.,.,.
2023,2,17,26,.,.,.,.,.,.,.,.,.,.,.,.,.
2023,2,17,27,.,.,.,.,.,.,.,.,.,.,.,.,.
2023,2,17,28,.,.,.,.,.,.,.,.,.,.,.,.,.
2023,2,17,29,.,.,.,.,.,.,.,.,.,.,.,.,.
2023,2,17,30,.,.,.,.,.,.,.,.,.,.,.,.,.
2023,2,17,31,.,.,.,.,.,.,.,.,.,.,.,.,.
2023,2,17,32,.,.,.,.,.,.,.,.,.,.,.,.,.
2023,2,17,33,.,.,.,.,.,.,.,.,.,.,.,.,.
2023,2,17,34,.,.,.,.,.,.,.,.,.,.,.,.,.
2023,2,17,35,.,.,.,.,.,.,.,.,.,.,.,.,.
2023,2,17,36,.,.,.,.,.,.,.,.,.,.,.,.,.
2023,2,17,37,.,.,.,.,.,.,.,.,.,.,.,.,.
2023,2,17,38,.,.,.,.,.,.,.,.,.,.,.,.,.
2023,2,17,39,.,.,.,.,.,.,.,.,.,.,.,.,.
2023,2,17,40,.,.,.,.,.,.,.,.,.,.,.,.,.
2023,2,17,41,.,.,.,.,.,.,.,.,.,.,.,.,.
2023,2,17,42,.,.,.,.,.,.,.,.,.,.,.,.,.
2023,2,17,44,.,.,.,.,.,.,.,.,.,.,.,.,.
2023,2,17,45,.,.,.,.,.,.,.,.,.,.,.,.,.
2023,2,17,46,.,.,.,.,.,.,.,.,.,.,.,.,.
2023,2,17,47,.,.,.,.,.,.,.,.,.,.,.,.,.
2023,2,17,48,.,.,.,.,.,.,.,.,.,.,.,.,.
2023,2,17,49,.,.,.,.,.,.,.,.,.,.,.,.,.
2023,2,17,50,.,.,.,.,.,.,.,.,.,.,.,.,.
2023,2,17,51,.,.,.,.,.,.,.,.,.,.,.,.,.
2023,2,17,53,.,.,.,.,.,.,.,.,.,.,.,.,.
2023,2,17,54,.,.,.,.,.,.,.,.,.,.,.,.,.
2023,2,17,55,.,.,.,.,.,.,.,.,.,.,.,.,.
2023,2,17,56,.,.,.,.,.,.,.,.,.,.,.,.,.
2023,2,24,1,.,.,.,.,.,.,.,.,.,.,.,.,.
2023,2,24,2,.,.,.,.,.,.,.,.,.,.,.,.,.
2023,2,24,4,.,.,.,.,.,.,.,.,.,.,.,.,.
2023,2,24,5,.,.,.,.,.,.,.,.,.,.,.,.,.
2023,2,24,6,.,.,.,.,.,.,.,.,.,.,.,.,.
2023,2,24,8,.,.,.,.,.,.,.,.,.,.,.,.,.
2023,2,24,9,.,.,.,.,.,.,.,.,.,.,.,.,.
2023,2,24,10,.,.,.,.,.,.,.,.,.,.,.,.,.
2023,2,24,11,.,.,.,.,.,.,.,.,.,.,.,.,.
2023,2,24,12,.,.,.,.,.,.,.,.,.,.,.,.,.
2023,2,24,13,.,.,.,.,.,.,.,.,.,.,.,.,.
2023,2,24,15,.,.,.,.,.,.,.,.,.,.,.,.,.
2023,2,24,16,.,.,.,.,.,.,.,.,.,.,.,.,.
2023,2,24,17,.,.,.,.,.,.,.,.,.,.,.,.,.
2023,2,24,18,.,.,.,.,.,.,.,.,.,.,.,.,.
2023,2,24,19,.,.,.,.,.,.,.,.,.,.,.,.,.
2023,2,24,20,.,.,.,.,.,.,.,.,.,.,.,.,.
2023,2,24,21,.,.,.,.,.,.,.,.,.,.,.,.,.
2023,2,24,22,.,.,.,.,.,.,.,.,.,.,.,.,.
2023,2,24,23,.,.,.,.,.,.,.,.,.,.,.,.,.
2023,2,24,24,.,.,.,.,.,.,.,.,.,.,.,.,.
2023,2,24,25,.,.,.,.,.,.,.,.,.,.,.,.,.
2023,2,24,26,.,.,.,.,.,.,.,.,.,.,.,.,.
2023,2,24,27,.,.,.,.,.,.,.,.,.,.,.,.,.
2023,2,24,28,.,.,.,.,.,.,.,.,.,.,.,.,.
2023,2,24,29,.,.,.,.,.,.,.,.,.,.,.,.,.
2023,2,24,30,.,.,.,.,.,.,.,.,.,.,.,.,.
2023,2,24,31,.,.,.,.,.,.,.,.,.,.,.,.,.
2023,2,24,32,.,.,.,.,.,.,.,.,.,.,.,.,.
2023,2,24,33,.,.,.,.,.,.,.,.,.,.,.,.,.
2023,2,24,34,.,.,.,.,.,.,.,.,.,.,.,.,.
2023,2,24,35,.,.,.,.,.,.,.,.,.,.,.,.,.
2023,2,24,36,.,.,.,.,.,.,.,.,.,.,.,.,.
2023,2,24,37,.,.,.,.,.,.,.,.,.,.,.,.,.
2023,2,24,38,.,.,.,.,.,.,.,.,.,.,.,.,.
2023,2,24,39,.,.,.,.,.,.,.,.,.,.,.,.,.
2023,2,24,40,.,.,.,.,.,.,.,.,.,.,.,.,.
2023,2,24,41,.,.,.,.,.,.,.,.,.,.,.,.,.
2023,2,24,42,.,.,.,.,.,.,.,.,.,.,.,.,.
2023,2,24,44,.,.,.,.,.,.,.,.,.,.,.,.,.
2023,2,24,45,.,.,.,.,.,.,.,.,.,.,.,.,.
2023,2,24,46,.,.,.,.,.,.,.,.,.,.,.,.,.
2023,2,24,47,.,.,.,.,.,.,.,.,.,.,.,.,.
2023,2,24,48,.,.,.,.,.,.,.,.,.,.,.,.,.
2023,2,24,49,.,.,.,.,.,.,.,.,.,.,.,.,.
2023,2,24,50,.,.,.,.,.,.,.,.,.,.,.,.,.
2023,2,24,51,.,.,.,.,.,.,.,.,.,.,.,.,.
2023,2,24,53,.,.,.,.,.,.,.,.,.,.,.,.,.
2023,2,24,54,.,.,.,.,.,.,.,.,.,.,.,.,.
2023,2,24,55,.,.,.,.,.,.,.,.,.,.,.,.,.
2023,2,24,56,.,.,.,.,.,.,.,.,.,.,.,.,.
2023,3,3,1,.,.,.,.,.,.,.,.,.,.,.,.,.
2023,3,3,2,.,.,.,.,.,.,.,.,.,.,.,.,.
2023,3,3,4,.,.,.,.,.,.,.,.,.,.,.,.,.
2023,3,3,5,.,.,.,.,.,.,.,.,.,.,.,.,.
2023,3,3,6,.,.,.,.,.,.,.,.,.,.,.,.,.
2023,3,3,8,.,.,.,.,.,.,.,.,.,.,.,.,.
2023,3,3,9,.,.,.,.,.,.,.,.,.,.,.,.,.
2023,3,3,10,.,.,.,.,.,.,.,.,.,.,.,.,.
2023,3,3,11,.,.,.,.,.,.,.,.,.,.,.,.,.
2023,3,3,12,.,.,.,.,.,.,.,.,.,.,.,.,.
2023,3,3,13,.,.,.,.,.,.,.,.,.,.,.,.,.
2023,3,3,15,.,.,.,.,.,.,.,.,.,.,.,.,.
2023,3,3,16,.,.,.,.,.,.,.,.,.,.,.,.,.
2023,3,3,17,.,.,.,.,.,.,.,.,.,.,.,.,.
2023,3,3,18,.,.,.,.,.,.,.,.,.,.,.,.,.
2023,3,3,19,.,.,.,.,.,.,.,.,.,.,.,.,.
2023,3,3,20,.,.,.,.,.,.,.,.,.,.,.,.,.
2023,3,3,21,.,.,.,.,.,.,.,.,.,.,.,.,.
2023,3,3,22,.,.,.,.,.,.,.,.,.,.,.,.,.
2023,3,3,23,.,.,.,.,.,.,.,.,.,.,.,.,.
2023,3,3,24,.,.,.,.,.,.,.,.,.,.,.,.,.
2023,3,3,25,.,.,.,.,.,.,.,.,.,.,.,.,.
2023,3,3,26,.,.,.,.,.,.,.,.,.,.,.,.,.
2023,3,3,27,.,.,.,.,.,.,.,.,.,.,.,.,.
2023,3,3,28,.,.,.,.,.,.,.,.,.,.,.,.,.
2023,3,3,29,.,.,.,.,.,.,.,.,.,.,.,.,.
2023,3,3,30,.,.,.,.,.,.,.,.,.,.,.,.,.
2023,3,3,31,.,.,.,.,.,.,.,.,.,.,.,.,.
2023,3,3,32,.,.,.,.,.,.,.,.,.,.,.,.,.
2023,3,3,33,.,.,.,.,.,.,.,.,.,.,.,.,.
2023,3,3,34,.,.,.,.,.,.,.,.,.,.,.,.,.
2023,3,3,35,.,.,.,.,.,.,.,.,.,.,.,.,.
2023,3,3,36,.,.,.,.,.,.,.,.,.,.,.,.,.
2023,3,3,37,.,.,.,.,.,.,.,.,.,.,.,.,.
2023,3,3,38,.,.,.,.,.,.,.,.,.,.,.,.,.
2023,3,3,39,.,.,.,.,.,.,.,.,.,.,.,.,.
2023,3,3,40,.,.,.,.,.,.,.,.,.,.,.,.,.
2023,3,3,41,.,.,.,.,.,.,.,.,.,.,.,.,.
2023,3,3,42,.,.,.,.,.,.,.,.,.,.,.,.,.
2023,3,3,44,.,.,.,.,.,.,.,.,.,.,.,.,.
2023,3,3,45,.,.,.,.,.,.,.,.,.,.,.,.,.
2023,3,3,46,.,.,.,.,.,.,.,.,.,.,.,.,.
2023,3,3,47,.,.,.,.,.,.,.,.,.,.,.,.,.
2023,3,3,48,.,.,.,.,.,.,.,.,.,.,.,.,.
2023,3,3,49,.,.,.,.,.,.,.,.,.,.,.,.,.
2023,3,3,50,.,.,.,.,.,.,.,.,.,.,.,.,.
2023,3,3,51,.,.,.,.,.,.,.,.,.,.,.,.,.
2023,3,3,53,.,.,.,.,.,.,.,.,.,.,.,.,.
2023,3,3,54,.,.,.,.,.,.,.,.,.,.,.,.,.
2023,3,3,55,.,.,.,.,.,.,.,.,.,.,.,.,.
2023,3,3,56,.,.,.,.,.,.,.,.,.,.,.,.,.
2023,3,10,1,.,.,.,.,.,.,.,.,.,.,.,.,.
2023,3,10,2,.,.,.,.,.,.,.,.,.,.,.,.,.
2023,3,10,4,.,.,.,.,.,.,.,.,.,.,.,.,.
2023,3,10,5,.,.,.,.,.,.,.,.,.,.,.,.,.
2023,3,10,6,.,.,.,.,.,.,.,.,.,.,.,.,.
2023,3,10,8,.,.,.,.,.,.,.,.,.,.,.,.,.
2023,3,10,9,.,.,.,.,.,.,.,.,.,.,.,.,.
2023,3,10,10,.,.,.,.,.,.,.,.,.,.,.,.,.
2023,3,10,11,.,.,.,.,.,.,.,.,.,.,.,.,.
2023,3,10,12,.,.,.,.,.,.,.,.,.,.,.,.,.
2023,3,10,13,.,.,.,.,.,.,.,.,.,.,.,.,.
2023,3,10,15,.,.,.,.,.,.,.,.,.,.,.,.,.
2023,3,10,16,.,.,.,.,.,.,.,.,.,.,.,.,.
2023,3,10,17,.,.,.,.,.,.,.,.,.,.,.,.,.
2023,3,10,18,.,.,.,.,.,.,.,.,.,.,.,.,.
2023,3,10,19,.,.,.,.,.,.,.,.,.,.,.,.,.
2023,3,10,20,.,.,.,.,.,.,.,.,.,.,.,.,.
2023,3,10,21,.,.,.,.,.,.,.,.,.,.,.,.,.
2023,3,10,22,.,.,.,.,.,.,.,.,.,.,.,.,.
2023,3,10,23,.,.,.,.,.,.,.,.,.,.,.,.,.
2023,3,10,24,.,.,.,.,.,.,.,.,.,.,.,.,.
2023,3,10,25,.,.,.,.,.,.,.,.,.,.,.,.,.
2023,3,10,26,.,.,.,.,.,.,.,.,.,.,.,.,.
2023,3,10,27,.,.,.,.,.,.,.,.,.,.,.,.,.
2023,3,10,28,.,.,.,.,.,.,.,.,.,.,.,.,.
2023,3,10,29,.,.,.,.,.,.,.,.,.,.,.,.,.
2023,3,10,30,.,.,.,.,.,.,.,.,.,.,.,.,.
2023,3,10,31,.,.,.,.,.,.,.,.,.,.,.,.,.
2023,3,10,32,.,.,.,.,.,.,.,.,.,.,.,.,.
2023,3,10,33,.,.,.,.,.,.,.,.,.,.,.,.,.
2023,3,10,34,.,.,.,.,.,.,.,.,.,.,.,.,.
2023,3,10,35,.,.,.,.,.,.,.,.,.,.,.,.,.
2023,3,10,36,.,.,.,.,.,.,.,.,.,.,.,.,.
2023,3,10,37,.,.,.,.,.,.,.,.,.,.,.,.,.
2023,3,10,38,.,.,.,.,.,.,.,.,.,.,.,.,.
2023,3,10,39,.,.,.,.,.,.,.,.,.,.,.,.,.
2023,3,10,40,.,.,.,.,.,.,.,.,.,.,.,.,.
2023,3,10,41,.,.,.,.,.,.,.,.,.,.,.,.,.
2023,3,10,42,.,.,.,.,.,.,.,.,.,.,.,.,.
2023,3,10,44,.,.,.,.,.,.,.,.,.,.,.,.,.
2023,3,10,45,.,.,.,.,.,.,.,.,.,.,.,.,.
2023,3,10,46,.,.,.,.,.,.,.,.,.,.,.,.,.
2023,3,10,47,.,.,.,.,.,.,.,.,.,.,.,.,.
2023,3,10,48,.,.,.,.,.,.,.,.,.,.,.,.,.
2023,3,10,49,.,.,.,.,.,.,.,.,.,.,.,.,.
2023,3,10,50,.,.,.,.,.,.,.,.,.,.,.,.,.
2023,3,10,51,.,.,.,.,.,.,.,.,.,.,.,.,.
2023,3,10,53,.,.,.,.,.,.,.,.,.,.,.,.,.
2023,3,10,54,.,.,.,.,.,.,.,.,.,.,.,.,.
2023,3,10,55,.,.,.,.,.,.,.,.,.,.,.,.,.
2023,3,10,56,.,.,.,.,.,.,.,.,.,.,.,.,.
2023,3,17,1,.,.,.,.,.,.,.,.,.,.,.,.,.
2023,3,17,2,.,.,.,.,.,.,.,.,.,.,.,.,.
2023,3,17,4,.,.,.,.,.,.,.,.,.,.,.,.,.
2023,3,17,5,.,.,.,.,.,.,.,.,.,.,.,.,.
2023,3,17,6,.,.,.,.,.,.,.,.,.,.,.,.,.
2023,3,17,8,.,.,.,.,.,.,.,.,.,.,.,.,.
2023,3,17,9,.,.,.,.,.,.,.,.,.,.,.,.,.
2023,3,17,10,.,.,.,.,.,.,.,.,.,.,.,.,.
2023,3,17,11,.,.,.,.,.,.,.,.,.,.,.,.,.
2023,3,17,12,.,.,.,.,.,.,.,.,.,.,.,.,.
2023,3,17,13,.,.,.,.,.,.,.,.,.,.,.,.,.
2023,3,17,15,.,.,.,.,.,.,.,.,.,.,.,.,.
2023,3,17,16,.,.,.,.,.,.,.,.,.,.,.,.,.
2023,3,17,17,.,.,.,.,.,.,.,.,.,.,.,.,.
2023,3,17,18,.,.,.,.,.,.,.,.,.,.,.,.,.
2023,3,17,19,.,.,.,.,.,.,.,.,.,.,.,.,.
2023,3,17,20,.,.,.,.,.,.,.,.,.,.,.,.,.
2023,3,17,21,.,.,.,.,.,.,.,.,.,.,.,.,.
2023,3,17,22,.,.,.,.,.,.,.,.,.,.,.,.,.
2023,3,17,23,.,.,.,.,.,.,.,.,.,.,.,.,.
2023,3,17,24,.,.,.,.,.,.,.,.,.,.,.,.,.
2023,3,17,25,.,.,.,.,.,.,.,.,.,.,.,.,.
2023,3,17,26,.,.,.,.,.,.,.,.,.,.,.,.,.
2023,3,17,27,.,.,.,.,.,.,.,.,.,.,.,.,.
2023,3,17,28,.,.,.,.,.,.,.,.,.,.,.,.,.
2023,3,17,29,.,.,.,.,.,.,.,.,.,.,.,.,.
2023,3,17,30,.,.,.,.,.,.,.,.,.,.,.,.,.
2023,3,17,31,.,.,.,.,.,.,.,.,.,.,.,.,.
2023,3,17,32,.,.,.,.,.,.,.,.,.,.,.,.,.
2023,3,17,33,.,.,.,.,.,.,.,.,.,.,.,.,.
2023,3,17,34,.,.,.,.,.,.,.,.,.,.,.,.,.
2023,3,17,35,.,.,.,.,.,.,.,.,.,.,.,.,.
2023,3,17,36,.,.,.,.,.,.,.,.,.,.,.,.,.
2023,3,17,37,.,.,.,.,.,.,.,.,.,.,.,.,.
2023,3,17,38,.,.,.,.,.,.,.,.,.,.,.,.,.
2023,3,17,39,.,.,.,.,.,.,.,.,.,.,.,.,.
2023,3,17,40,.,.,.,.,.,.,.,.,.,.,.,.,.
2023,3,17,41,.,.,.,.,.,.,.,.,.,.,.,.,.
2023,3,17,42,.,.,.,.,.,.,.,.,.,.,.,.,.
2023,3,17,44,.,.,.,.,.,.,.,.,.,.,.,.,.
2023,3,17,45,.,.,.,.,.,.,.,.,.,.,.,.,.
2023,3,17,46,.,.,.,.,.,.,.,.,.,.,.,.,.
2023,3,17,47,.,.,.,.,.,.,.,.,.,.,.,.,.
2023,3,17,48,.,.,.,.,.,.,.,.,.,.,.,.,.
2023,3,17,49,.,.,.,.,.,.,.,.,.,.,.,.,.
2023,3,17,50,.,.,.,.,.,.,.,.,.,.,.,.,.
2023,3,17,51,.,.,.,.,.,.,.,.,.,.,.,.,.
2023,3,17,53,.,.,.,.,.,.,.,.,.,.,.,.,.
2023,3,17,54,.,.,.,.,.,.,.,.,.,.,.,.,.
2023,3,17,55,.,.,.,.,.,.,.,.,.,.,.,.,.
2023,3,17,56,.,.,.,.,.,.,.,.,.,.,.,.,.
2023,3,24,1,.,.,.,.,.,.,.,.,.,.,.,.,.
2023,3,24,2,.,.,.,.,.,.,.,.,.,.,.,.,.
2023,3,24,4,.,.,.,.,.,.,.,.,.,.,.,.,.
2023,3,24,5,.,.,.,.,.,.,.,.,.,.,.,.,.
2023,3,24,6,.,.,.,.,.,.,.,.,.,.,.,.,.
2023,3,24,8,.,.,.,.,.,.,.,.,.,.,.,.,.
2023,3,24,9,.,.,.,.,.,.,.,.,.,.,.,.,.
2023,3,24,10,.,.,.,.,.,.,.,.,.,.,.,.,.
2023,3,24,11,.,.,.,.,.,.,.,.,.,.,.,.,.
2023,3,24,12,.,.,.,.,.,.,.,.,.,.,.,.,.
2023,3,24,13,.,.,.,.,.,.,.,.,.,.,.,.,.
2023,3,24,15,.,.,.,.,.,.,.,.,.,.,.,.,.
2023,3,24,16,.,.,.,.,.,.,.,.,.,.,.,.,.
2023,3,24,17,.,.,.,.,.,.,.,.,.,.,.,.,.
2023,3,24,18,.,.,.,.,.,.,.,.,.,.,.,.,.
2023,3,24,19,.,.,.,.,.,.,.,.,.,.,.,.,.
2023,3,24,20,.,.,.,.,.,.,.,.,.,.,.,.,.
2023,3,24,21,.,.,.,.,.,.,.,.,.,.,.,.,.
2023,3,24,22,.,.,.,.,.,.,.,.,.,.,.,.,.
2023,3,24,23,.,.,.,.,.,.,.,.,.,.,.,.,.
2023,3,24,24,.,.,.,.,.,.,.,.,.,.,.,.,.
2023,3,24,25,.,.,.,.,.,.,.,.,.,.,.,.,.
2023,3,24,26,.,.,.,.,.,.,.,.,.,.,.,.,.
2023,3,24,27,.,.,.,.,.,.,.,.,.,.,.,.,.
2023,3,24,28,.,.,.,.,.,.,.,.,.,.,.,.,.
2023,3,24,29,.,.,.,.,.,.,.,.,.,.,.,.,.
2023,3,24,30,.,.,.,.,.,.,.,.,.,.,.,.,.
2023,3,24,31,.,.,.,.,.,.,.,.,.,.,.,.,.
2023,3,24,32,.,.,.,.,.,.,.,.,.,.,.,.,.
2023,3,24,33,.,.,.,.,.,.,.,.,.,.,.,.,.
2023,3,24,34,.,.,.,.,.,.,.,.,.,.,.,.,.
2023,3,24,35,.,.,.,.,.,.,.,.,.,.,.,.,.
2023,3,24,36,.,.,.,.,.,.,.,.,.,.,.,.,.
2023,3,24,37,.,.,.,.,.,.,.,.,.,.,.,.,.
2023,3,24,38,.,.,.,.,.,.,.,.,.,.,.,.,.
2023,3,24,39,.,.,.,.,.,.,.,.,.,.,.,.,.
2023,3,24,40,.,.,.,.,.,.,.,.,.,.,.,.,.
2023,3,24,41,.,.,.,.,.,.,.,.,.,.,.,.,.
2023,3,24,42,.,.,.,.,.,.,.,.,.,.,.,.,.
2023,3,24,44,.,.,.,.,.,.,.,.,.,.,.,.,.
2023,3,24,45,.,.,.,.,.,.,.,.,.,.,.,.,.
2023,3,24,46,.,.,.,.,.,.,.,.,.,.,.,.,.
2023,3,24,47,.,.,.,.,.,.,.,.,.,.,.,.,.
2023,3,24,48,.,.,.,.,.,.,.,.,.,.,.,.,.
2023,3,24,49,.,.,.,.,.,.,.,.,.,.,.,.,.
2023,3,24,50,.,.,.,.,.,.,.,.,.,.,.,.,.
2023,3,24,51,.,.,.,.,.,.,.,.,.,.,.,.,.
2023,3,24,53,.,.,.,.,.,.,.,.,.,.,.,.,.
2023,3,24,54,.,.,.,.,.,.,.,.,.,.,.,.,.
2023,3,24,55,.,.,.,.,.,.,.,.,.,.,.,.,.
2023,3,24,56,.,.,.,.,.,.,.,.,.,.,.,.,.
2023,3,31,1,.,.,.,.,.,.,.,.,.,.,.,.,.
2023,3,31,2,.,.,.,.,.,.,.,.,.,.,.,.,.
2023,3,31,4,.,.,.,.,.,.,.,.,.,.,.,.,.
2023,3,31,5,.,.,.,.,.,.,.,.,.,.,.,.,.
2023,3,31,6,.,.,.,.,.,.,.,.,.,.,.,.,.
2023,3,31,8,.,.,.,.,.,.,.,.,.,.,.,.,.
2023,3,31,9,.,.,.,.,.,.,.,.,.,.,.,.,.
2023,3,31,10,.,.,.,.,.,.,.,.,.,.,.,.,.
2023,3,31,11,.,.,.,.,.,.,.,.,.,.,.,.,.
2023,3,31,12,.,.,.,.,.,.,.,.,.,.,.,.,.
2023,3,31,13,.,.,.,.,.,.,.,.,.,.,.,.,.
2023,3,31,15,.,.,.,.,.,.,.,.,.,.,.,.,.
2023,3,31,16,.,.,.,.,.,.,.,.,.,.,.,.,.
2023,3,31,17,.,.,.,.,.,.,.,.,.,.,.,.,.
2023,3,31,18,.,.,.,.,.,.,.,.,.,.,.,.,.
2023,3,31,19,.,.,.,.,.,.,.,.,.,.,.,.,.
2023,3,31,20,.,.,.,.,.,.,.,.,.,.,.,.,.
2023,3,31,21,.,.,.,.,.,.,.,.,.,.,.,.,.
2023,3,31,22,.,.,.,.,.,.,.,.,.,.,.,.,.
2023,3,31,23,.,.,.,.,.,.,.,.,.,.,.,.,.
2023,3,31,24,.,.,.,.,.,.,.,.,.,.,.,.,.
2023,3,31,25,.,.,.,.,.,.,.,.,.,.,.,.,.
2023,3,31,26,.,.,.,.,.,.,.,.,.,.,.,.,.
2023,3,31,27,.,.,.,.,.,.,.,.,.,.,.,.,.
2023,3,31,28,.,.,.,.,.,.,.,.,.,.,.,.,.
2023,3,31,29,.,.,.,.,.,.,.,.,.,.,.,.,.
2023,3,31,30,.,.,.,.,.,.,.,.,.,.,.,.,.
2023,3,31,31,.,.,.,.,.,.,.,.,.,.,.,.,.
2023,3,31,32,.,.,.,.,.,.,.,.,.,.,.,.,.
2023,3,31,33,.,.,.,.,.,.,.,.,.,.,.,.,.
2023,3,31,34,.,.,.,.,.,.,.,.,.,.,.,.,.
2023,3,31,35,.,.,.,.,.,.,.,.,.,.,.,.,.
2023,3,31,36,.,.,.,.,.,.,.,.,.,.,.,.,.
2023,3,31,37,.,.,.,.,.,.,.,.,.,.,.,.,.
2023,3,31,38,.,.,.,.,.,.,.,.,.,.,.,.,.
2023,3,31,39,.,.,.,.,.,.,.,.,.,.,.,.,.
2023,3,31,40,.,.,.,.,.,.,.,.,.,.,.,.,.
2023,3,31,41,.,.,.,.,.,.,.,.,.,.,.,.,.
2023,3,31,42,.,.,.,.,.,.,.,.,.,.,.,.,.
2023,3,31,44,.,.,.,.,.,.,.,.,.,.,.,.,.
2023,3,31,45,.,.,.,.,.,.,.,.,.,.,.,.,.
2023,3,31,46,.,.,.,.,.,.,.,.,.,.,.,.,.
2023,3,31,47,.,.,.,.,.,.,.,.,.,.,.,.,.
2023,3,31,48,.,.,.,.,.,.,.,.,.,.,.,.,.
2023,3,31,49,.,.,.,.,.,.,.,.,.,.,.,.,.
2023,3,31,50,.,.,.,.,.,.,.,.,.,.,.,.,.
2023,3,31,51,.,.,.,.,.,.,.,.,.,.,.,.,.
2023,3,31,53,.,.,.,.,.,.,.,.,.,.,.,.,.
2023,3,31,54,.,.,.,.,.,.,.,.,.,.,.,.,.
2023,3,31,55,.,.,.,.,.,.,.,.,.,.,.,.,.
2023,3,31,56,.,.,.,.,.,.,.,.,.,.,.,.,.
2023,4,7,1,.,.,.,.,.,.,.,.,.,.,.,.,.
2023,4,7,2,.,.,.,.,.,.,.,.,.,.,.,.,.
2023,4,7,4,.,.,.,.,.,.,.,.,.,.,.,.,.
2023,4,7,5,.,.,.,.,.,.,.,.,.,.,.,.,.
2023,4,7,6,.,.,.,.,.,.,.,.,.,.,.,.,.
2023,4,7,8,.,.,.,.,.,.,.,.,.,.,.,.,.
2023,4,7,9,.,.,.,.,.,.,.,.,.,.,.,.,.
2023,4,7,10,.,.,.,.,.,.,.,.,.,.,.,.,.
2023,4,7,11,.,.,.,.,.,.,.,.,.,.,.,.,.
2023,4,7,12,.,.,.,.,.,.,.,.,.,.,.,.,.
2023,4,7,13,.,.,.,.,.,.,.,.,.,.,.,.,.
2023,4,7,15,.,.,.,.,.,.,.,.,.,.,.,.,.
2023,4,7,16,.,.,.,.,.,.,.,.,.,.,.,.,.
2023,4,7,17,.,.,.,.,.,.,.,.,.,.,.,.,.
2023,4,7,18,.,.,.,.,.,.,.,.,.,.,.,.,.
2023,4,7,19,.,.,.,.,.,.,.,.,.,.,.,.,.
2023,4,7,20,.,.,.,.,.,.,.,.,.,.,.,.,.
2023,4,7,21,.,.,.,.,.,.,.,.,.,.,.,.,.
2023,4,7,22,.,.,.,.,.,.,.,.,.,.,.,.,.
2023,4,7,23,.,.,.,.,.,.,.,.,.,.,.,.,.
2023,4,7,24,.,.,.,.,.,.,.,.,.,.,.,.,.
2023,4,7,25,.,.,.,.,.,.,.,.,.,.,.,.,.
2023,4,7,26,.,.,.,.,.,.,.,.,.,.,.,.,.
2023,4,7,27,.,.,.,.,.,.,.,.,.,.,.,.,.
2023,4,7,28,.,.,.,.,.,.,.,.,.,.,.,.,.
2023,4,7,29,.,.,.,.,.,.,.,.,.,.,.,.,.
2023,4,7,30,.,.,.,.,.,.,.,.,.,.,.,.,.
2023,4,7,31,.,.,.,.,.,.,.,.,.,.,.,.,.
2023,4,7,32,.,.,.,.,.,.,.,.,.,.,.,.,.
2023,4,7,33,.,.,.,.,.,.,.,.,.,.,.,.,.
2023,4,7,34,.,.,.,.,.,.,.,.,.,.,.,.,.
2023,4,7,35,.,.,.,.,.,.,.,.,.,.,.,.,.
2023,4,7,36,.,.,.,.,.,.,.,.,.,.,.,.,.
2023,4,7,37,.,.,.,.,.,.,.,.,.,.,.,.,.
2023,4,7,38,.,.,.,.,.,.,.,.,.,.,.,.,.
2023,4,7,39,.,.,.,.,.,.,.,.,.,.,.,.,.
2023,4,7,40,.,.,.,.,.,.,.,.,.,.,.,.,.
2023,4,7,41,.,.,.,.,.,.,.,.,.,.,.,.,.
2023,4,7,42,.,.,.,.,.,.,.,.,.,.,.,.,.
2023,4,7,44,.,.,.,.,.,.,.,.,.,.,.,.,.
2023,4,7,45,.,.,.,.,.,.,.,.,.,.,.,.,.
2023,4,7,46,.,.,.,.,.,.,.,.,.,.,.,.,.
2023,4,7,47,.,.,.,.,.,.,.,.,.,.,.,.,.
2023,4,7,48,.,.,.,.,.,.,.,.,.,.,.,.,.
2023,4,7,49,.,.,.,.,.,.,.,.,.,.,.,.,.
2023,4,7,50,.,.,.,.,.,.,.,.,.,.,.,.,.
2023,4,7,51,.,.,.,.,.,.,.,.,.,.,.,.,.
2023,4,7,53,.,.,.,.,.,.,.,.,.,.,.,.,.
2023,4,7,54,.,.,.,.,.,.,.,.,.,.,.,.,.
2023,4,7,55,.,.,.,.,.,.,.,.,.,.,.,.,.
2023,4,7,56,.,.,.,.,.,.,.,.,.,.,.,.,.
2023,4,14,1,.,.,.,.,.,.,.,.,.,.,.,.,.
2023,4,14,2,.,.,.,.,.,.,.,.,.,.,.,.,.
2023,4,14,4,.,.,.,.,.,.,.,.,.,.,.,.,.
2023,4,14,5,.,.,.,.,.,.,.,.,.,.,.,.,.
2023,4,14,6,.,.,.,.,.,.,.,.,.,.,.,.,.
2023,4,14,8,.,.,.,.,.,.,.,.,.,.,.,.,.
2023,4,14,9,.,.,.,.,.,.,.,.,.,.,.,.,.
2023,4,14,10,.,.,.,.,.,.,.,.,.,.,.,.,.
2023,4,14,11,.,.,.,.,.,.,.,.,.,.,.,.,.
2023,4,14,12,.,.,.,.,.,.,.,.,.,.,.,.,.
2023,4,14,13,.,.,.,.,.,.,.,.,.,.,.,.,.
2023,4,14,15,.,.,.,.,.,.,.,.,.,.,.,.,.
2023,4,14,16,.,.,.,.,.,.,.,.,.,.,.,.,.
2023,4,14,17,.,.,.,.,.,.,.,.,.,.,.,.,.
2023,4,14,18,.,.,.,.,.,.,.,.,.,.,.,.,.
2023,4,14,19,.,.,.,.,.,.,.,.,.,.,.,.,.
2023,4,14,20,.,.,.,.,.,.,.,.,.,.,.,.,.
2023,4,14,21,.,.,.,.,.,.,.,.,.,.,.,.,.
2023,4,14,22,.,.,.,.,.,.,.,.,.,.,.,.,.
2023,4,14,23,.,.,.,.,.,.,.,.,.,.,.,.,.
2023,4,14,24,.,.,.,.,.,.,.,.,.,.,.,.,.
2023,4,14,25,.,.,.,.,.,.,.,.,.,.,.,.,.
2023,4,14,26,.,.,.,.,.,.,.,.,.,.,.,.,.
2023,4,14,27,.,.,.,.,.,.,.,.,.,.,.,.,.
2023,4,14,28,.,.,.,.,.,.,.,.,.,.,.,.,.
2023,4,14,29,.,.,.,.,.,.,.,.,.,.,.,.,.
2023,4,14,30,.,.,.,.,.,.,.,.,.,.,.,.,.
2023,4,14,31,.,.,.,.,.,.,.,.,.,.,.,.,.
2023,4,14,32,.,.,.,.,.,.,.,.,.,.,.,.,.
2023,4,14,33,.,.,.,.,.,.,.,.,.,.,.,.,.
2023,4,14,34,.,.,.,.,.,.,.,.,.,.,.,.,.
2023,4,14,35,.,.,.,.,.,.,.,.,.,.,.,.,.
2023,4,14,36,.,.,.,.,.,.,.,.,.,.,.,.,.
2023,4,14,37,.,.,.,.,.,.,.,.,.,.,.,.,.
2023,4,14,38,.,.,.,.,.,.,.,.,.,.,.,.,.
2023,4,14,39,.,.,.,.,.,.,.,.,.,.,.,.,.
2023,4,14,40,.,.,.,.,.,.,.,.,.,.,.,.,.
2023,4,14,41,.,.,.,.,.,.,.,.,.,.,.,.,.
2023,4,14,42,.,.,.,.,.,.,.,.,.,.,.,.,.
2023,4,14,44,.,.,.,.,.,.,.,.,.,.,.,.,.
2023,4,14,45,.,.,.,.,.,.,.,.,.,.,.,.,.
2023,4,14,46,.,.,.,.,.,.,.,.,.,.,.,.,.
2023,4,14,47,.,.,.,.,.,.,.,.,.,.,.,.,.
2023,4,14,48,.,.,.,.,.,.,.,.,.,.,.,.,.
2023,4,14,49,.,.,.,.,.,.,.,.,.,.,.,.,.
2023,4,14,50,.,.,.,.,.,.,.,.,.,.,.,.,.
2023,4,14,51,.,.,.,.,.,.,.,.,.,.,.,.,.
2023,4,14,53,.,.,.,.,.,.,.,.,.,.,.,.,.
2023,4,14,54,.,.,.,.,.,.,.,.,.,.,.,.,.
2023,4,14,55,.,.,.,.,.,.,.,.,.,.,.,.,.
2023,4,14,56,.,.,.,.,.,.,.,.,.,.,.,.,.
2023,4,21,1,.,.,.,.,.,.,.,.,.,.,.,.,.
2023,4,21,2,.,.,.,.,.,.,.,.,.,.,.,.,.
2023,4,21,4,.,.,.,.,.,.,.,.,.,.,.,.,.
2023,4,21,5,.,.,.,.,.,.,.,.,.,.,.,.,.
2023,4,21,6,.,.,.,.,.,.,.,.,.,.,.,.,.
2023,4,21,8,.,.,.,.,.,.,.,.,.,.,.,.,.
2023,4,21,9,.,.,.,.,.,.,.,.,.,.,.,.,.
2023,4,21,10,.,.,.,.,.,.,.,.,.,.,.,.,.
2023,4,21,11,.,.,.,.,.,.,.,.,.,.,.,.,.
2023,4,21,12,.,.,.,.,.,.,.,.,.,.,.,.,.
2023,4,21,13,.,.,.,.,.,.,.,.,.,.,.,.,.
2023,4,21,15,.,.,.,.,.,.,.,.,.,.,.,.,.
2023,4,21,16,.,.,.,.,.,.,.,.,.,.,.,.,.
2023,4,21,17,.,.,.,.,.,.,.,.,.,.,.,.,.
2023,4,21,18,.,.,.,.,.,.,.,.,.,.,.,.,.
2023,4,21,19,.,.,.,.,.,.,.,.,.,.,.,.,.
2023,4,21,20,.,.,.,.,.,.,.,.,.,.,.,.,.
2023,4,21,21,.,.,.,.,.,.,.,.,.,.,.,.,.
2023,4,21,22,.,.,.,.,.,.,.,.,.,.,.,.,.
2023,4,21,23,.,.,.,.,.,.,.,.,.,.,.,.,.
2023,4,21,24,.,.,.,.,.,.,.,.,.,.,.,.,.
2023,4,21,25,.,.,.,.,.,.,.,.,.,.,.,.,.
2023,4,21,26,.,.,.,.,.,.,.,.,.,.,.,.,.
2023,4,21,27,.,.,.,.,.,.,.,.,.,.,.,.,.
2023,4,21,28,.,.,.,.,.,.,.,.,.,.,.,.,.
2023,4,21,29,.,.,.,.,.,.,.,.,.,.,.,.,.
2023,4,21,30,.,.,.,.,.,.,.,.,.,.,.,.,.
2023,4,21,31,.,.,.,.,.,.,.,.,.,.,.,.,.
2023,4,21,32,.,.,.,.,.,.,.,.,.,.,.,.,.
2023,4,21,33,.,.,.,.,.,.,.,.,.,.,.,.,.
2023,4,21,34,.,.,.,.,.,.,.,.,.,.,.,.,.
2023,4,21,35,.,.,.,.,.,.,.,.,.,.,.,.,.
2023,4,21,36,.,.,.,.,.,.,.,.,.,.,.,.,.
2023,4,21,37,.,.,.,.,.,.,.,.,.,.,.,.,.
2023,4,21,38,.,.,.,.,.,.,.,.,.,.,.,.,.
2023,4,21,39,.,.,.,.,.,.,.,.,.,.,.,.,.
2023,4,21,40,.,.,.,.,.,.,.,.,.,.,.,.,.
2023,4,21,41,.,.,.,.,.,.,.,.,.,.,.,.,.
2023,4,21,42,.,.,.,.,.,.,.,.,.,.,.,.,.
2023,4,21,44,.,.,.,.,.,.,.,.,.,.,.,.,.
2023,4,21,45,.,.,.,.,.,.,.,.,.,.,.,.,.
2023,4,21,46,.,.,.,.,.,.,.,.,.,.,.,.,.
2023,4,21,47,.,.,.,.,.,.,.,.,.,.,.,.,.
2023,4,21,48,.,.,.,.,.,.,.,.,.,.,.,.,.
2023,4,21,49,.,.,.,.,.,.,.,.,.,.,.,.,.
2023,4,21,50,.,.,.,.,.,.,.,.,.,.,.,.,.
2023,4,21,51,.,.,.,.,.,.,.,.,.,.,.,.,.
2023,4,21,53,.,.,.,.,.,.,.,.,.,.,.,.,.
2023,4,21,54,.,.,.,.,.,.,.,.,.,.,.,.,.
2023,4,21,55,.,.,.,.,.,.,.,.,.,.,.,.,.
2023,4,21,56,.,.,.,.,.,.,.,.,.,.,.,.,.
2023,4,28,1,.,.,.,.,.,.,.,.,.,.,.,.,.
2023,4,28,2,.,.,.,.,.,.,.,.,.,.,.,.,.
2023,4,28,4,.,.,.,.,.,.,.,.,.,.,.,.,.
2023,4,28,5,.,.,.,.,.,.,.,.,.,.,.,.,.
2023,4,28,6,.,.,.,.,.,.,.,.,.,.,.,.,.
2023,4,28,8,.,.,.,.,.,.,.,.,.,.,.,.,.
2023,4,28,9,.,.,.,.,.,.,.,.,.,.,.,.,.
2023,4,28,10,.,.,.,.,.,.,.,.,.,.,.,.,.
2023,4,28,11,.,.,.,.,.,.,.,.,.,.,.,.,.
2023,4,28,12,.,.,.,.,.,.,.,.,.,.,.,.,.
2023,4,28,13,.,.,.,.,.,.,.,.,.,.,.,.,.
2023,4,28,15,.,.,.,.,.,.,.,.,.,.,.,.,.
2023,4,28,16,.,.,.,.,.,.,.,.,.,.,.,.,.
2023,4,28,17,.,.,.,.,.,.,.,.,.,.,.,.,.
2023,4,28,18,.,.,.,.,.,.,.,.,.,.,.,.,.
2023,4,28,19,.,.,.,.,.,.,.,.,.,.,.,.,.
2023,4,28,20,.,.,.,.,.,.,.,.,.,.,.,.,.
2023,4,28,21,.,.,.,.,.,.,.,.,.,.,.,.,.
2023,4,28,22,.,.,.,.,.,.,.,.,.,.,.,.,.
2023,4,28,23,.,.,.,.,.,.,.,.,.,.,.,.,.
2023,4,28,24,.,.,.,.,.,.,.,.,.,.,.,.,.
2023,4,28,25,.,.,.,.,.,.,.,.,.,.,.,.,.
2023,4,28,26,.,.,.,.,.,.,.,.,.,.,.,.,.
2023,4,28,27,.,.,.,.,.,.,.,.,.,.,.,.,.
2023,4,28,28,.,.,.,.,.,.,.,.,.,.,.,.,.
2023,4,28,29,.,.,.,.,.,.,.,.,.,.,.,.,.
2023,4,28,30,.,.,.,.,.,.,.,.,.,.,.,.,.
2023,4,28,31,.,.,.,.,.,.,.,.,.,.,.,.,.
2023,4,28,32,.,.,.,.,.,.,.,.,.,.,.,.,.
2023,4,28,33,.,.,.,.,.,.,.,.,.,.,.,.,.
2023,4,28,34,.,.,.,.,.,.,.,.,.,.,.,.,.
2023,4,28,35,.,.,.,.,.,.,.,.,.,.,.,.,.
2023,4,28,36,.,.,.,.,.,.,.,.,.,.,.,.,.
2023,4,28,37,.,.,.,.,.,.,.,.,.,.,.,.,.
2023,4,28,38,.,.,.,.,.,.,.,.,.,.,.,.,.
2023,4,28,39,.,.,.,.,.,.,.,.,.,.,.,.,.
2023,4,28,40,.,.,.,.,.,.,.,.,.,.,.,.,.
2023,4,28,41,.,.,.,.,.,.,.,.,.,.,.,.,.
2023,4,28,42,.,.,.,.,.,.,.,.,.,.,.,.,.
2023,4,28,44,.,.,.,.,.,.,.,.,.,.,.,.,.
2023,4,28,45,.,.,.,.,.,.,.,.,.,.,.,.,.
2023,4,28,46,.,.,.,.,.,.,.,.,.,.,.,.,.
2023,4,28,47,.,.,.,.,.,.,.,.,.,.,.,.,.
2023,4,28,48,.,.,.,.,.,.,.,.,.,.,.,.,.
2023,4,28,49,.,.,.,.,.,.,.,.,.,.,.,.,.
2023,4,28,50,.,.,.,.,.,.,.,.,.,.,.,.,.
2023,4,28,51,.,.,.,.,.,.,.,.,.,.,.,.,.
2023,4,28,53,.,.,.,.,.,.,.,.,.,.,.,.,.
2023,4,28,54,.,.,.,.,.,.,.,.,.,.,.,.,.
2023,4,28,55,.,.,.,.,.,.,.,.,.,.,.,.,.
2023,4,28,56,.,.,.,.,.,.,.,.,.,.,.,.,.
2023,5,5,1,.,.,.,.,.,.,.,.,.,.,.,.,.
2023,5,5,2,.,.,.,.,.,.,.,.,.,.,.,.,.
2023,5,5,4,.,.,.,.,.,.,.,.,.,.,.,.,.
2023,5,5,5,.,.,.,.,.,.,.,.,.,.,.,.,.
2023,5,5,6,.,.,.,.,.,.,.,.,.,.,.,.,.
2023,5,5,8,.,.,.,.,.,.,.,.,.,.,.,.,.
2023,5,5,9,.,.,.,.,.,.,.,.,.,.,.,.,.
2023,5,5,10,.,.,.,.,.,.,.,.,.,.,.,.,.
2023,5,5,11,.,.,.,.,.,.,.,.,.,.,.,.,.
2023,5,5,12,.,.,.,.,.,.,.,.,.,.,.,.,.
2023,5,5,13,.,.,.,.,.,.,.,.,.,.,.,.,.
2023,5,5,15,.,.,.,.,.,.,.,.,.,.,.,.,.
2023,5,5,16,.,.,.,.,.,.,.,.,.,.,.,.,.
2023,5,5,17,.,.,.,.,.,.,.,.,.,.,.,.,.
2023,5,5,18,.,.,.,.,.,.,.,.,.,.,.,.,.
2023,5,5,19,.,.,.,.,.,.,.,.,.,.,.,.,.
2023,5,5,20,.,.,.,.,.,.,.,.,.,.,.,.,.
2023,5,5,21,.,.,.,.,.,.,.,.,.,.,.,.,.
2023,5,5,22,.,.,.,.,.,.,.,.,.,.,.,.,.
2023,5,5,23,.,.,.,.,.,.,.,.,.,.,.,.,.
2023,5,5,24,.,.,.,.,.,.,.,.,.,.,.,.,.
2023,5,5,25,.,.,.,.,.,.,.,.,.,.,.,.,.
2023,5,5,26,.,.,.,.,.,.,.,.,.,.,.,.,.
2023,5,5,27,.,.,.,.,.,.,.,.,.,.,.,.,.
2023,5,5,28,.,.,.,.,.,.,.,.,.,.,.,.,.
2023,5,5,29,.,.,.,.,.,.,.,.,.,.,.,.,.
2023,5,5,30,.,.,.,.,.,.,.,.,.,.,.,.,.
2023,5,5,31,.,.,.,.,.,.,.,.,.,.,.,.,.
2023,5,5,32,.,.,.,.,.,.,.,.,.,.,.,.,.
2023,5,5,33,.,.,.,.,.,.,.,.,.,.,.,.,.
2023,5,5,34,.,.,.,.,.,.,.,.,.,.,.,.,.
2023,5,5,35,.,.,.,.,.,.,.,.,.,.,.,.,.
2023,5,5,36,.,.,.,.,.,.,.,.,.,.,.,.,.
2023,5,5,37,.,.,.,.,.,.,.,.,.,.,.,.,.
2023,5,5,38,.,.,.,.,.,.,.,.,.,.,.,.,.
2023,5,5,39,.,.,.,.,.,.,.,.,.,.,.,.,.
2023,5,5,40,.,.,.,.,.,.,.,.,.,.,.,.,.
2023,5,5,41,.,.,.,.,.,.,.,.,.,.,.,.,.
2023,5,5,42,.,.,.,.,.,.,.,.,.,.,.,.,.
2023,5,5,44,.,.,.,.,.,.,.,.,.,.,.,.,.
2023,5,5,45,.,.,.,.,.,.,.,.,.,.,.,.,.
2023,5,5,46,.,.,.,.,.,.,.,.,.,.,.,.,.
2023,5,5,47,.,.,.,.,.,.,.,.,.,.,.,.,.
2023,5,5,48,.,.,.,.,.,.,.,.,.,.,.,.,.
2023,5,5,49,.,.,.,.,.,.,.,.,.,.,.,.,.
2023,5,5,50,.,.,.,.,.,.,.,.,.,.,.,.,.
2023,5,5,51,.,.,.,.,.,.,.,.,.,.,.,.,.
2023,5,5,53,.,.,.,.,.,.,.,.,.,.,.,.,.
2023,5,5,54,.,.,.,.,.,.,.,.,.,.,.,.,.
2023,5,5,55,.,.,.,.,.,.,.,.,.,.,.,.,.
2023,5,5,56,.,.,.,.,.,.,.,.,.,.,.,.,.
2023,5,12,1,.,.,.,.,.,.,.,.,.,.,.,.,.
2023,5,12,2,.,.,.,.,.,.,.,.,.,.,.,.,.
2023,5,12,4,.,.,.,.,.,.,.,.,.,.,.,.,.
2023,5,12,5,.,.,.,.,.,.,.,.,.,.,.,.,.
2023,5,12,6,.,.,.,.,.,.,.,.,.,.,.,.,.
2023,5,12,8,.,.,.,.,.,.,.,.,.,.,.,.,.
2023,5,12,9,.,.,.,.,.,.,.,.,.,.,.,.,.
2023,5,12,10,.,.,.,.,.,.,.,.,.,.,.,.,.
2023,5,12,11,.,.,.,.,.,.,.,.,.,.,.,.,.
2023,5,12,12,.,.,.,.,.,.,.,.,.,.,.,.,.
2023,5,12,13,.,.,.,.,.,.,.,.,.,.,.,.,.
2023,5,12,15,.,.,.,.,.,.,.,.,.,.,.,.,.
2023,5,12,16,.,.,.,.,.,.,.,.,.,.,.,.,.
2023,5,12,17,.,.,.,.,.,.,.,.,.,.,.,.,.
2023,5,12,18,.,.,.,.,.,.,.,.,.,.,.,.,.
2023,5,12,19,.,.,.,.,.,.,.,.,.,.,.,.,.
2023,5,12,20,.,.,.,.,.,.,.,.,.,.,.,.,.
2023,5,12,21,.,.,.,.,.,.,.,.,.,.,.,.,.
2023,5,12,22,.,.,.,.,.,.,.,.,.,.,.,.,.
2023,5,12,23,.,.,.,.,.,.,.,.,.,.,.,.,.
2023,5,12,24,.,.,.,.,.,.,.,.,.,.,.,.,.
2023,5,12,25,.,.,.,.,.,.,.,.,.,.,.,.,.
2023,5,12,26,.,.,.,.,.,.,.,.,.,.,.,.,.
2023,5,12,27,.,.,.,.,.,.,.,.,.,.,.,.,.
2023,5,12,28,.,.,.,.,.,.,.,.,.,.,.,.,.
2023,5,12,29,.,.,.,.,.,.,.,.,.,.,.,.,.
2023,5,12,30,.,.,.,.,.,.,.,.,.,.,.,.,.
2023,5,12,31,.,.,.,.,.,.,.,.,.,.,.,.,.
2023,5,12,32,.,.,.,.,.,.,.,.,.,.,.,.,.
2023,5,12,33,.,.,.,.,.,.,.,.,.,.,.,.,.
2023,5,12,34,.,.,.,.,.,.,.,.,.,.,.,.,.
2023,5,12,35,.,.,.,.,.,.,.,.,.,.,.,.,.
2023,5,12,36,.,.,.,.,.,.,.,.,.,.,.,.,.
2023,5,12,37,.,.,.,.,.,.,.,.,.,.,.,.,.
2023,5,12,38,.,.,.,.,.,.,.,.,.,.,.,.,.
2023,5,12,39,.,.,.,.,.,.,.,.,.,.,.,.,.
2023,5,12,40,.,.,.,.,.,.,.,.,.,.,.,.,.
2023,5,12,41,.,.,.,.,.,.,.,.,.,.,.,.,.
2023,5,12,42,.,.,.,.,.,.,.,.,.,.,.,.,.
2023,5,12,44,.,.,.,.,.,.,.,.,.,.,.,.,.
2023,5,12,45,.,.,.,.,.,.,.,.,.,.,.,.,.
2023,5,12,46,.,.,.,.,.,.,.,.,.,.,.,.,.
2023,5,12,47,.,.,.,.,.,.,.,.,.,.,.,.,.
2023,5,12,48,.,.,.,.,.,.,.,.,.,.,.,.,.
2023,5,12,49,.,.,.,.,.,.,.,.,.,.,.,.,.
2023,5,12,50,.,.,.,.,.,.,.,.,.,.,.,.,.
2023,5,12,51,.,.,.,.,.,.,.,.,.,.,.,.,.
2023,5,12,53,.,.,.,.,.,.,.,.,.,.,.,.,.
2023,5,12,54,.,.,.,.,.,.,.,.,.,.,.,.,.
2023,5,12,55,.,.,.,.,.,.,.,.,.,.,.,.,.
2023,5,12,56,.,.,.,.,.,.,.,.,.,.,.,.,.
2023,5,19,1,.,.,.,.,.,.,.,.,.,.,.,.,.
2023,5,19,2,.,.,.,.,.,.,.,.,.,.,.,.,.
2023,5,19,4,.,.,.,.,.,.,.,.,.,.,.,.,.
2023,5,19,5,.,.,.,.,.,.,.,.,.,.,.,.,.
2023,5,19,6,.,.,.,.,.,.,.,.,.,.,.,.,.
2023,5,19,8,.,.,.,.,.,.,.,.,.,.,.,.,.
2023,5,19,9,.,.,.,.,.,.,.,.,.,.,.,.,.
2023,5,19,10,.,.,.,.,.,.,.,.,.,.,.,.,.
2023,5,19,11,.,.,.,.,.,.,.,.,.,.,.,.,.
2023,5,19,12,.,.,.,.,.,.,.,.,.,.,.,.,.
2023,5,19,13,.,.,.,.,.,.,.,.,.,.,.,.,.
2023,5,19,15,.,.,.,.,.,.,.,.,.,.,.,.,.
2023,5,19,16,.,.,.,.,.,.,.,.,.,.,.,.,.
2023,5,19,17,.,.,.,.,.,.,.,.,.,.,.,.,.
2023,5,19,18,.,.,.,.,.,.,.,.,.,.,.,.,.
2023,5,19,19,.,.,.,.,.,.,.,.,.,.,.,.,.
2023,5,19,20,.,.,.,.,.,.,.,.,.,.,.,.,.
2023,5,19,21,.,.,.,.,.,.,.,.,.,.,.,.,.
2023,5,19,22,.,.,.,.,.,.,.,.,.,.,.,.,.
2023,5,19,23,.,.,.,.,.,.,.,.,.,.,.,.,.
2023,5,19,24,.,.,.,.,.,.,.,.,.,.,.,.,.
2023,5,19,25,.,.,.,.,.,.,.,.,.,.,.,.,.
2023,5,19,26,.,.,.,.,.,.,.,.,.,.,.,.,.
2023,5,19,27,.,.,.,.,.,.,.,.,.,.,.,.,.
2023,5,19,28,.,.,.,.,.,.,.,.,.,.,.,.,.
2023,5,19,29,.,.,.,.,.,.,.,.,.,.,.,.,.
2023,5,19,30,.,.,.,.,.,.,.,.,.,.,.,.,.
2023,5,19,31,.,.,.,.,.,.,.,.,.,.,.,.,.
2023,5,19,32,.,.,.,.,.,.,.,.,.,.,.,.,.
2023,5,19,33,.,.,.,.,.,.,.,.,.,.,.,.,.
2023,5,19,34,.,.,.,.,.,.,.,.,.,.,.,.,.
2023,5,19,35,.,.,.,.,.,.,.,.,.,.,.,.,.
2023,5,19,36,.,.,.,.,.,.,.,.,.,.,.,.,.
2023,5,19,37,.,.,.,.,.,.,.,.,.,.,.,.,.
2023,5,19,38,.,.,.,.,.,.,.,.,.,.,.,.,.
2023,5,19,39,.,.,.,.,.,.,.,.,.,.,.,.,.
2023,5,19,40,.,.,.,.,.,.,.,.,.,.,.,.,.
2023,5,19,41,.,.,.,.,.,.,.,.,.,.,.,.,.
2023,5,19,42,.,.,.,.,.,.,.,.,.,.,.,.,.
2023,5,19,44,.,.,.,.,.,.,.,.,.,.,.,.,.
2023,5,19,45,.,.,.,.,.,.,.,.,.,.,.,.,.
2023,5,19,46,.,.,.,.,.,.,.,.,.,.,.,.,.
2023,5,19,47,.,.,.,.,.,.,.,.,.,.,.,.,.
2023,5,19,48,.,.,.,.,.,.,.,.,.,.,.,.,.
2023,5,19,49,.,.,.,.,.,.,.,.,.,.,.,.,.
2023,5,19,50,.,.,.,.,.,.,.,.,.,.,.,.,.
2023,5,19,51,.,.,.,.,.,.,.,.,.,.,.,.,.
2023,5,19,53,.,.,.,.,.,.,.,.,.,.,.,.,.
2023,5,19,54,.,.,.,.,.,.,.,.,.,.,.,.,.
2023,5,19,55,.,.,.,.,.,.,.,.,.,.,.,.,.
2023,5,19,56,.,.,.,.,.,.,.,.,.,.,.,.,.
2023,5,26,1,.,.,.,.,.,.,.,.,.,.,.,.,.
2023,5,26,2,.,.,.,.,.,.,.,.,.,.,.,.,.
2023,5,26,4,.,.,.,.,.,.,.,.,.,.,.,.,.
2023,5,26,5,.,.,.,.,.,.,.,.,.,.,.,.,.
2023,5,26,6,.,.,.,.,.,.,.,.,.,.,.,.,.
2023,5,26,8,.,.,.,.,.,.,.,.,.,.,.,.,.
2023,5,26,9,.,.,.,.,.,.,.,.,.,.,.,.,.
2023,5,26,10,.,.,.,.,.,.,.,.,.,.,.,.,.
2023,5,26,11,.,.,.,.,.,.,.,.,.,.,.,.,.
2023,5,26,12,.,.,.,.,.,.,.,.,.,.,.,.,.
2023,5,26,13,.,.,.,.,.,.,.,.,.,.,.,.,.
2023,5,26,15,.,.,.,.,.,.,.,.,.,.,.,.,.
2023,5,26,16,.,.,.,.,.,.,.,.,.,.,.,.,.
2023,5,26,17,.,.,.,.,.,.,.,.,.,.,.,.,.
2023,5,26,18,.,.,.,.,.,.,.,.,.,.,.,.,.
2023,5,26,19,.,.,.,.,.,.,.,.,.,.,.,.,.
2023,5,26,20,.,.,.,.,.,.,.,.,.,.,.,.,.
2023,5,26,21,.,.,.,.,.,.,.,.,.,.,.,.,.
2023,5,26,22,.,.,.,.,.,.,.,.,.,.,.,.,.
2023,5,26,23,.,.,.,.,.,.,.,.,.,.,.,.,.
2023,5,26,24,.,.,.,.,.,.,.,.,.,.,.,.,.
2023,5,26,25,.,.,.,.,.,.,.,.,.,.,.,.,.
2023,5,26,26,.,.,.,.,.,.,.,.,.,.,.,.,.
2023,5,26,27,.,.,.,.,.,.,.,.,.,.,.,.,.
2023,5,26,28,.,.,.,.,.,.,.,.,.,.,.,.,.
2023,5,26,29,.,.,.,.,.,.,.,.,.,.,.,.,.
2023,5,26,30,.,.,.,.,.,.,.,.,.,.,.,.,.
2023,5,26,31,.,.,.,.,.,.,.,.,.,.,.,.,.
2023,5,26,32,.,.,.,.,.,.,.,.,.,.,.,.,.
2023,5,26,33,.,.,.,.,.,.,.,.,.,.,.,.,.
2023,5,26,34,.,.,.,.,.,.,.,.,.,.,.,.,.
2023,5,26,35,.,.,.,.,.,.,.,.,.,.,.,.,.
2023,5,26,36,.,.,.,.,.,.,.,.,.,.,.,.,.
2023,5,26,37,.,.,.,.,.,.,.,.,.,.,.,.,.
2023,5,26,38,.,.,.,.,.,.,.,.,.,.,.,.,.
2023,5,26,39,.,.,.,.,.,.,.,.,.,.,.,.,.
2023,5,26,40,.,.,.,.,.,.,.,.,.,.,.,.,.
2023,5,26,41,.,.,.,.,.,.,.,.,.,.,.,.,.
2023,5,26,42,.,.,.,.,.,.,.,.,.,.,.,.,.
2023,5,26,44,.,.,.,.,.,.,.,.,.,.,.,.,.
2023,5,26,45,.,.,.,.,.,.,.,.,.,.,.,.,.
2023,5,26,46,.,.,.,.,.,.,.,.,.,.,.,.,.
2023,5,26,47,.,.,.,.,.,.,.,.,.,.,.,.,.
2023,5,26,48,.,.,.,.,.,.,.,.,.,.,.,.,.
2023,5,26,49,.,.,.,.,.,.,.,.,.,.,.,.,.
2023,5,26,50,.,.,.,.,.,.,.,.,.,.,.,.,.
2023,5,26,51,.,.,.,.,.,.,.,.,.,.,.,.,.
2023,5,26,53,.,.,.,.,.,.,.,.,.,.,.,.,.
2023,5,26,54,.,.,.,.,.,.,.,.,.,.,.,.,.
2023,5,26,55,.,.,.,.,.,.,.,.,.,.,.,.,.
2023,5,26,56,.,.,.,.,.,.,.,.,.,.,.,.,.
2023,6,2,1,.,.,.,.,.,.,.,.,.,.,.,.,.
2023,6,2,2,.,.,.,.,.,.,.,.,.,.,.,.,.
2023,6,2,4,.,.,.,.,.,.,.,.,.,.,.,.,.
2023,6,2,5,.,.,.,.,.,.,.,.,.,.,.,.,.
2023,6,2,6,.,.,.,.,.,.,.,.,.,.,.,.,.
2023,6,2,8,.,.,.,.,.,.,.,.,.,.,.,.,.
2023,6,2,9,.,.,.,.,.,.,.,.,.,.,.,.,.
2023,6,2,10,.,.,.,.,.,.,.,.,.,.,.,.,.
2023,6,2,11,.,.,.,.,.,.,.,.,.,.,.,.,.
2023,6,2,12,.,.,.,.,.,.,.,.,.,.,.,.,.
2023,6,2,13,.,.,.,.,.,.,.,.,.,.,.,.,.
2023,6,2,15,.,.,.,.,.,.,.,.,.,.,.,.,.
2023,6,2,16,.,.,.,.,.,.,.,.,.,.,.,.,.
2023,6,2,17,.,.,.,.,.,.,.,.,.,.,.,.,.
2023,6,2,18,.,.,.,.,.,.,.,.,.,.,.,.,.
2023,6,2,19,.,.,.,.,.,.,.,.,.,.,.,.,.
2023,6,2,20,.,.,.,.,.,.,.,.,.,.,.,.,.
2023,6,2,21,.,.,.,.,.,.,.,.,.,.,.,.,.
2023,6,2,22,.,.,.,.,.,.,.,.,.,.,.,.,.
2023,6,2,23,.,.,.,.,.,.,.,.,.,.,.,.,.
2023,6,2,24,.,.,.,.,.,.,.,.,.,.,.,.,.
2023,6,2,25,.,.,.,.,.,.,.,.,.,.,.,.,.
2023,6,2,26,.,.,.,.,.,.,.,.,.,.,.,.,.
2023,6,2,27,.,.,.,.,.,.,.,.,.,.,.,.,.
2023,6,2,28,.,.,.,.,.,.,.,.,.,.,.,.,.
2023,6,2,29,.,.,.,.,.,.,.,.,.,.,.,.,.
2023,6,2,30,.,.,.,.,.,.,.,.,.,.,.,.,.
2023,6,2,31,.,.,.,.,.,.,.,.,.,.,.,.,.
2023,6,2,32,.,.,.,.,.,.,.,.,.,.,.,.,.
2023,6,2,33,.,.,.,.,.,.,.,.,.,.,.,.,.
2023,6,2,34,.,.,.,.,.,.,.,.,.,.,.,.,.
2023,6,2,35,.,.,.,.,.,.,.,.,.,.,.,.,.
2023,6,2,36,.,.,.,.,.,.,.,.,.,.,.,.,.
2023,6,2,37,.,.,.,.,.,.,.,.,.,.,.,.,.
2023,6,2,38,.,.,.,.,.,.,.,.,.,.,.,.,.
2023,6,2,39,.,.,.,.,.,.,.,.,.,.,.,.,.
2023,6,2,40,.,.,.,.,.,.,.,.,.,.,.,.,.
2023,6,2,41,.,.,.,.,.,.,.,.,.,.,.,.,.
2023,6,2,42,.,.,.,.,.,.,.,.,.,.,.,.,.
2023,6,2,44,.,.,.,.,.,.,.,.,.,.,.,.,.
2023,6,2,45,.,.,.,.,.,.,.,.,.,.,.,.,.
2023,6,2,46,.,.,.,.,.,.,.,.,.,.,.,.,.
2023,6,2,47,.,.,.,.,.,.,.,.,.,.,.,.,.
2023,6,2,48,.,.,.,.,.,.,.,.,.,.,.,.,.
2023,6,2,49,.,.,.,.,.,.,.,.,.,.,.,.,.
2023,6,2,50,.,.,.,.,.,.,.,.,.,.,.,.,.
2023,6,2,51,.,.,.,.,.,.,.,.,.,.,.,.,.
2023,6,2,53,.,.,.,.,.,.,.,.,.,.,.,.,.
2023,6,2,54,.,.,.,.,.,.,.,.,.,.,.,.,.
2023,6,2,55,.,.,.,.,.,.,.,.,.,.,.,.,.
2023,6,2,56,.,.,.,.,.,.,.,.,.,.,.,.,.
2023,6,9,1,.,.,.,.,.,.,.,.,.,.,.,.,.
2023,6,9,2,.,.,.,.,.,.,.,.,.,.,.,.,.
2023,6,9,4,.,.,.,.,.,.,.,.,.,.,.,.,.
2023,6,9,5,.,.,.,.,.,.,.,.,.,.,.,.,.
2023,6,9,6,.,.,.,.,.,.,.,.,.,.,.,.,.
2023,6,9,8,.,.,.,.,.,.,.,.,.,.,.,.,.
2023,6,9,9,.,.,.,.,.,.,.,.,.,.,.,.,.
2023,6,9,10,.,.,.,.,.,.,.,.,.,.,.,.,.
2023,6,9,11,.,.,.,.,.,.,.,.,.,.,.,.,.
2023,6,9,12,.,.,.,.,.,.,.,.,.,.,.,.,.
2023,6,9,13,.,.,.,.,.,.,.,.,.,.,.,.,.
2023,6,9,15,.,.,.,.,.,.,.,.,.,.,.,.,.
2023,6,9,16,.,.,.,.,.,.,.,.,.,.,.,.,.
2023,6,9,17,.,.,.,.,.,.,.,.,.,.,.,.,.
2023,6,9,18,.,.,.,.,.,.,.,.,.,.,.,.,.
2023,6,9,19,.,.,.,.,.,.,.,.,.,.,.,.,.
2023,6,9,20,.,.,.,.,.,.,.,.,.,.,.,.,.
2023,6,9,21,.,.,.,.,.,.,.,.,.,.,.,.,.
2023,6,9,22,.,.,.,.,.,.,.,.,.,.,.,.,.
2023,6,9,23,.,.,.,.,.,.,.,.,.,.,.,.,.
2023,6,9,24,.,.,.,.,.,.,.,.,.,.,.,.,.
2023,6,9,25,.,.,.,.,.,.,.,.,.,.,.,.,.
2023,6,9,26,.,.,.,.,.,.,.,.,.,.,.,.,.
2023,6,9,27,.,.,.,.,.,.,.,.,.,.,.,.,.
2023,6,9,28,.,.,.,.,.,.,.,.,.,.,.,.,.
2023,6,9,29,.,.,.,.,.,.,.,.,.,.,.,.,.
2023,6,9,30,.,.,.,.,.,.,.,.,.,.,.,.,.
2023,6,9,31,.,.,.,.,.,.,.,.,.,.,.,.,.
2023,6,9,32,.,.,.,.,.,.,.,.,.,.,.,.,.
2023,6,9,33,.,.,.,.,.,.,.,.,.,.,.,.,.
2023,6,9,34,.,.,.,.,.,.,.,.,.,.,.,.,.
2023,6,9,35,.,.,.,.,.,.,.,.,.,.,.,.,.
2023,6,9,36,.,.,.,.,.,.,.,.,.,.,.,.,.
2023,6,9,37,.,.,.,.,.,.,.,.,.,.,.,.,.
2023,6,9,38,.,.,.,.,.,.,.,.,.,.,.,.,.
2023,6,9,39,.,.,.,.,.,.,.,.,.,.,.,.,.
2023,6,9,40,.,.,.,.,.,.,.,.,.,.,.,.,.
2023,6,9,41,.,.,.,.,.,.,.,.,.,.,.,.,.
2023,6,9,42,.,.,.,.,.,.,.,.,.,.,.,.,.
2023,6,9,44,.,.,.,.,.,.,.,.,.,.,.,.,.
2023,6,9,45,.,.,.,.,.,.,.,.,.,.,.,.,.
2023,6,9,46,.,.,.,.,.,.,.,.,.,.,.,.,.
2023,6,9,47,.,.,.,.,.,.,.,.,.,.,.,.,.
2023,6,9,48,.,.,.,.,.,.,.,.,.,.,.,.,.
2023,6,9,49,.,.,.,.,.,.,.,.,.,.,.,.,.
2023,6,9,50,.,.,.,.,.,.,.,.,.,.,.,.,.
2023,6,9,51,.,.,.,.,.,.,.,.,.,.,.,.,.
2023,6,9,53,.,.,.,.,.,.,.,.,.,.,.,.,.
2023,6,9,54,.,.,.,.,.,.,.,.,.,.,.,.,.
2023,6,9,55,.,.,.,.,.,.,.,.,.,.,.,.,.
2023,6,9,56,.,.,.,.,.,.,.,.,.,.,.,.,.
2023,6,16,1,.,.,.,.,.,.,.,.,.,.,.,.,.
2023,6,16,2,.,.,.,.,.,.,.,.,.,.,.,.,.
2023,6,16,4,.,.,.,.,.,.,.,.,.,.,.,.,.
2023,6,16,5,.,.,.,.,.,.,.,.,.,.,.,.,.
2023,6,16,6,.,.,.,.,.,.,.,.,.,.,.,.,.
2023,6,16,8,.,.,.,.,.,.,.,.,.,.,.,.,.
2023,6,16,9,.,.,.,.,.,.,.,.,.,.,.,.,.
2023,6,16,10,.,.,.,.,.,.,.,.,.,.,.,.,.
2023,6,16,11,.,.,.,.,.,.,.,.,.,.,.,.,.
2023,6,16,12,.,.,.,.,.,.,.,.,.,.,.,.,.
2023,6,16,13,.,.,.,.,.,.,.,.,.,.,.,.,.
2023,6,16,15,.,.,.,.,.,.,.,.,.,.,.,.,.
2023,6,16,16,.,.,.,.,.,.,.,.,.,.,.,.,.
2023,6,16,17,.,.,.,.,.,.,.,.,.,.,.,.,.
2023,6,16,18,.,.,.,.,.,.,.,.,.,.,.,.,.
2023,6,16,19,.,.,.,.,.,.,.,.,.,.,.,.,.
2023,6,16,20,.,.,.,.,.,.,.,.,.,.,.,.,.
2023,6,16,21,.,.,.,.,.,.,.,.,.,.,.,.,.
2023,6,16,22,.,.,.,.,.,.,.,.,.,.,.,.,.
2023,6,16,23,.,.,.,.,.,.,.,.,.,.,.,.,.
2023,6,16,24,.,.,.,.,.,.,.,.,.,.,.,.,.
2023,6,16,25,.,.,.,.,.,.,.,.,.,.,.,.,.
2023,6,16,26,.,.,.,.,.,.,.,.,.,.,.,.,.
2023,6,16,27,.,.,.,.,.,.,.,.,.,.,.,.,.
2023,6,16,28,.,.,.,.,.,.,.,.,.,.,.,.,.
2023,6,16,29,.,.,.,.,.,.,.,.,.,.,.,.,.
2023,6,16,30,.,.,.,.,.,.,.,.,.,.,.,.,.
2023,6,16,31,.,.,.,.,.,.,.,.,.,.,.,.,.
2023,6,16,32,.,.,.,.,.,.,.,.,.,.,.,.,.
2023,6,16,33,.,.,.,.,.,.,.,.,.,.,.,.,.
2023,6,16,34,.,.,.,.,.,.,.,.,.,.,.,.,.
2023,6,16,35,.,.,.,.,.,.,.,.,.,.,.,.,.
2023,6,16,36,.,.,.,.,.,.,.,.,.,.,.,.,.
2023,6,16,37,.,.,.,.,.,.,.,.,.,.,.,.,.
2023,6,16,38,.,.,.,.,.,.,.,.,.,.,.,.,.
2023,6,16,39,.,.,.,.,.,.,.,.,.,.,.,.,.
2023,6,16,40,.,.,.,.,.,.,.,.,.,.,.,.,.
2023,6,16,41,.,.,.,.,.,.,.,.,.,.,.,.,.
2023,6,16,42,.,.,.,.,.,.,.,.,.,.,.,.,.
2023,6,16,44,.,.,.,.,.,.,.,.,.,.,.,.,.
2023,6,16,45,.,.,.,.,.,.,.,.,.,.,.,.,.
2023,6,16,46,.,.,.,.,.,.,.,.,.,.,.,.,.
2023,6,16,47,.,.,.,.,.,.,.,.,.,.,.,.,.
2023,6,16,48,.,.,.,.,.,.,.,.,.,.,.,.,.
2023,6,16,49,.,.,.,.,.,.,.,.,.,.,.,.,.
2023,6,16,50,.,.,.,.,.,.,.,.,.,.,.,.,.
2023,6,16,51,.,.,.,.,.,.,.,.,.,.,.,.,.
2023,6,16,53,.,.,.,.,.,.,.,.,.,.,.,.,.
2023,6,16,54,.,.,.,.,.,.,.,.,.,.,.,.,.
2023,6,16,55,.,.,.,.,.,.,.,.,.,.,.,.,.
2023,6,16,56,.,.,.,.,.,.,.,.,.,.,.,.,.
2023,6,23,1,.,.,.,.,.,.,.,.,.,.,.,.,.
2023,6,23,2,.,.,.,.,.,.,.,.,.,.,.,.,.
2023,6,23,4,.,.,.,.,.,.,.,.,.,.,.,.,.
2023,6,23,5,.,.,.,.,.,.,.,.,.,.,.,.,.
2023,6,23,6,.,.,.,.,.,.,.,.,.,.,.,.,.
2023,6,23,8,.,.,.,.,.,.,.,.,.,.,.,.,.
2023,6,23,9,.,.,.,.,.,.,.,.,.,.,.,.,.
2023,6,23,10,.,.,.,.,.,.,.,.,.,.,.,.,.
2023,6,23,11,.,.,.,.,.,.,.,.,.,.,.,.,.
2023,6,23,12,.,.,.,.,.,.,.,.,.,.,.,.,.
2023,6,23,13,.,.,.,.,.,.,.,.,.,.,.,.,.
2023,6,23,15,.,.,.,.,.,.,.,.,.,.,.,.,.
2023,6,23,16,.,.,.,.,.,.,.,.,.,.,.,.,.
2023,6,23,17,.,.,.,.,.,.,.,.,.,.,.,.,.
2023,6,23,18,.,.,.,.,.,.,.,.,.,.,.,.,.
2023,6,23,19,.,.,.,.,.,.,.,.,.,.,.,.,.
2023,6,23,20,.,.,.,.,.,.,.,.,.,.,.,.,.
2023,6,23,21,.,.,.,.,.,.,.,.,.,.,.,.,.
2023,6,23,22,.,.,.,.,.,.,.,.,.,.,.,.,.
2023,6,23,23,.,.,.,.,.,.,.,.,.,.,.,.,.
2023,6,23,24,.,.,.,.,.,.,.,.,.,.,.,.,.
2023,6,23,25,.,.,.,.,.,.,.,.,.,.,.,.,.
2023,6,23,26,.,.,.,.,.,.,.,.,.,.,.,.,.
2023,6,23,27,.,.,.,.,.,.,.,.,.,.,.,.,.
2023,6,23,28,.,.,.,.,.,.,.,.,.,.,.,.,.
2023,6,23,29,.,.,.,.,.,.,.,.,.,.,.,.,.
2023,6,23,30,.,.,.,.,.,.,.,.,.,.,.,.,.
2023,6,23,31,.,.,.,.,.,.,.,.,.,.,.,.,.
2023,6,23,32,.,.,.,.,.,.,.,.,.,.,.,.,.
2023,6,23,33,.,.,.,.,.,.,.,.,.,.,.,.,.
2023,6,23,34,.,.,.,.,.,.,.,.,.,.,.,.,.
2023,6,23,35,.,.,.,.,.,.,.,.,.,.,.,.,.
2023,6,23,36,.,.,.,.,.,.,.,.,.,.,.,.,.
2023,6,23,37,.,.,.,.,.,.,.,.,.,.,.,.,.
2023,6,23,38,.,.,.,.,.,.,.,.,.,.,.,.,.
2023,6,23,39,.,.,.,.,.,.,.,.,.,.,.,.,.
2023,6,23,40,.,.,.,.,.,.,.,.,.,.,.,.,.
2023,6,23,41,.,.,.,.,.,.,.,.,.,.,.,.,.
2023,6,23,42,.,.,.,.,.,.,.,.,.,.,.,.,.
2023,6,23,44,.,.,.,.,.,.,.,.,.,.,.,.,.
2023,6,23,45,.,.,.,.,.,.,.,.,.,.,.,.,.
2023,6,23,46,.,.,.,.,.,.,.,.,.,.,.,.,.
2023,6,23,47,.,.,.,.,.,.,.,.,.,.,.,.,.
2023,6,23,48,.,.,.,.,.,.,.,.,.,.,.,.,.
2023,6,23,49,.,.,.,.,.,.,.,.,.,.,.,.,.
2023,6,23,50,.,.,.,.,.,.,.,.,.,.,.,.,.
2023,6,23,51,.,.,.,.,.,.,.,.,.,.,.,.,.
2023,6,23,53,.,.,.,.,.,.,.,.,.,.,.,.,.
2023,6,23,54,.,.,.,.,.,.,.,.,.,.,.,.,.
2023,6,23,55,.,.,.,.,.,.,.,.,.,.,.,.,.
2023,6,23,56,.,.,.,.,.,.,.,.,.,.,.,.,.
2023,6,30,1,.,.,.,.,.,.,.,.,.,.,.,.,.
2023,6,30,2,.,.,.,.,.,.,.,.,.,.,.,.,.
2023,6,30,4,.,.,.,.,.,.,.,.,.,.,.,.,.
2023,6,30,5,.,.,.,.,.,.,.,.,.,.,.,.,.
2023,6,30,6,.,.,.,.,.,.,.,.,.,.,.,.,.
2023,6,30,8,.,.,.,.,.,.,.,.,.,.,.,.,.
2023,6,30,9,.,.,.,.,.,.,.,.,.,.,.,.,.
2023,6,30,10,.,.,.,.,.,.,.,.,.,.,.,.,.
2023,6,30,11,.,.,.,.,.,.,.,.,.,.,.,.,.
2023,6,30,12,.,.,.,.,.,.,.,.,.,.,.,.,.
2023,6,30,13,.,.,.,.,.,.,.,.,.,.,.,.,.
2023,6,30,15,.,.,.,.,.,.,.,.,.,.,.,.,.
2023,6,30,16,.,.,.,.,.,.,.,.,.,.,.,.,.
2023,6,30,17,.,.,.,.,.,.,.,.,.,.,.,.,.
2023,6,30,18,.,.,.,.,.,.,.,.,.,.,.,.,.
2023,6,30,19,.,.,.,.,.,.,.,.,.,.,.,.,.
2023,6,30,20,.,.,.,.,.,.,.,.,.,.,.,.,.
2023,6,30,21,.,.,.,.,.,.,.,.,.,.,.,.,.
2023,6,30,22,.,.,.,.,.,.,.,.,.,.,.,.,.
2023,6,30,23,.,.,.,.,.,.,.,.,.,.,.,.,.
2023,6,30,24,.,.,.,.,.,.,.,.,.,.,.,.,.
2023,6,30,25,.,.,.,.,.,.,.,.,.,.,.,.,.
2023,6,30,26,.,.,.,.,.,.,.,.,.,.,.,.,.
2023,6,30,27,.,.,.,.,.,.,.,.,.,.,.,.,.
2023,6,30,28,.,.,.,.,.,.,.,.,.,.,.,.,.
2023,6,30,29,.,.,.,.,.,.,.,.,.,.,.,.,.
2023,6,30,30,.,.,.,.,.,.,.,.,.,.,.,.,.
2023,6,30,31,.,.,.,.,.,.,.,.,.,.,.,.,.
2023,6,30,32,.,.,.,.,.,.,.,.,.,.,.,.,.
2023,6,30,33,.,.,.,.,.,.,.,.,.,.,.,.,.
2023,6,30,34,.,.,.,.,.,.,.,.,.,.,.,.,.
2023,6,30,35,.,.,.,.,.,.,.,.,.,.,.,.,.
2023,6,30,36,.,.,.,.,.,.,.,.,.,.,.,.,.
2023,6,30,37,.,.,.,.,.,.,.,.,.,.,.,.,.
2023,6,30,38,.,.,.,.,.,.,.,.,.,.,.,.,.
2023,6,30,39,.,.,.,.,.,.,.,.,.,.,.,.,.
2023,6,30,40,.,.,.,.,.,.,.,.,.,.,.,.,.
2023,6,30,41,.,.,.,.,.,.,.,.,.,.,.,.,.
2023,6,30,42,.,.,.,.,.,.,.,.,.,.,.,.,.
2023,6,30,44,.,.,.,.,.,.,.,.,.,.,.,.,.
2023,6,30,45,.,.,.,.,.,.,.,.,.,.,.,.,.
2023,6,30,46,.,.,.,.,.,.,.,.,.,.,.,.,.
2023,6,30,47,.,.,.,.,.,.,.,.,.,.,.,.,.
2023,6,30,48,.,.,.,.,.,.,.,.,.,.,.,.,.
2023,6,30,49,.,.,.,.,.,.,.,.,.,.,.,.,.
2023,6,30,50,.,.,.,.,.,.,.,.,.,.,.,.,.
2023,6,30,51,.,.,.,.,.,.,.,.,.,.,.,.,.
2023,6,30,53,.,.,.,.,.,.,.,.,.,.,.,.,.
2023,6,30,54,.,.,.,.,.,.,.,.,.,.,.,.,.
2023,6,30,55,.,.,.,.,.,.,.,.,.,.,.,.,.
2023,6,30,56,.,.,.,.,.,.,.,.,.,.,.,.,.
2023,7,7,1,.,.,.,.,.,.,.,.,.,.,.,.,.
2023,7,7,2,.,.,.,.,.,.,.,.,.,.,.,.,.
2023,7,7,4,.,.,.,.,.,.,.,.,.,.,.,.,.
2023,7,7,5,.,.,.,.,.,.,.,.,.,.,.,.,.
2023,7,7,6,.,.,.,.,.,.,.,.,.,.,.,.,.
2023,7,7,8,.,.,.,.,.,.,.,.,.,.,.,.,.
2023,7,7,9,.,.,.,.,.,.,.,.,.,.,.,.,.
2023,7,7,10,.,.,.,.,.,.,.,.,.,.,.,.,.
2023,7,7,11,.,.,.,.,.,.,.,.,.,.,.,.,.
2023,7,7,12,.,.,.,.,.,.,.,.,.,.,.,.,.
2023,7,7,13,.,.,.,.,.,.,.,.,.,.,.,.,.
2023,7,7,15,.,.,.,.,.,.,.,.,.,.,.,.,.
2023,7,7,16,.,.,.,.,.,.,.,.,.,.,.,.,.
2023,7,7,17,.,.,.,.,.,.,.,.,.,.,.,.,.
2023,7,7,18,.,.,.,.,.,.,.,.,.,.,.,.,.
2023,7,7,19,.,.,.,.,.,.,.,.,.,.,.,.,.
2023,7,7,20,.,.,.,.,.,.,.,.,.,.,.,.,.
2023,7,7,21,.,.,.,.,.,.,.,.,.,.,.,.,.
2023,7,7,22,.,.,.,.,.,.,.,.,.,.,.,.,.
2023,7,7,23,.,.,.,.,.,.,.,.,.,.,.,.,.
2023,7,7,24,.,.,.,.,.,.,.,.,.,.,.,.,.
2023,7,7,25,.,.,.,.,.,.,.,.,.,.,.,.,.
2023,7,7,26,.,.,.,.,.,.,.,.,.,.,.,.,.
2023,7,7,27,.,.,.,.,.,.,.,.,.,.,.,.,.
2023,7,7,28,.,.,.,.,.,.,.,.,.,.,.,.,.
2023,7,7,29,.,.,.,.,.,.,.,.,.,.,.,.,.
2023,7,7,30,.,.,.,.,.,.,.,.,.,.,.,.,.
2023,7,7,31,.,.,.,.,.,.,.,.,.,.,.,.,.
2023,7,7,32,.,.,.,.,.,.,.,.,.,.,.,.,.
2023,7,7,33,.,.,.,.,.,.,.,.,.,.,.,.,.
2023,7,7,34,.,.,.,.,.,.,.,.,.,.,.,.,.
2023,7,7,35,.,.,.,.,.,.,.,.,.,.,.,.,.
2023,7,7,36,.,.,.,.,.,.,.,.,.,.,.,.,.
2023,7,7,37,.,.,.,.,.,.,.,.,.,.,.,.,.
2023,7,7,38,.,.,.,.,.,.,.,.,.,.,.,.,.
2023,7,7,39,.,.,.,.,.,.,.,.,.,.,.,.,.
2023,7,7,40,.,.,.,.,.,.,.,.,.,.,.,.,.
2023,7,7,41,.,.,.,.,.,.,.,.,.,.,.,.,.
2023,7,7,42,.,.,.,.,.,.,.,.,.,.,.,.,.
2023,7,7,44,.,.,.,.,.,.,.,.,.,.,.,.,.
2023,7,7,45,.,.,.,.,.,.,.,.,.,.,.,.,.
2023,7,7,46,.,.,.,.,.,.,.,.,.,.,.,.,.
2023,7,7,47,.,.,.,.,.,.,.,.,.,.,.,.,.
2023,7,7,48,.,.,.,.,.,.,.,.,.,.,.,.,.
2023,7,7,49,.,.,.,.,.,.,.,.,.,.,.,.,.
2023,7,7,50,.,.,.,.,.,.,.,.,.,.,.,.,.
2023,7,7,51,.,.,.,.,.,.,.,.,.,.,.,.,.
2023,7,7,53,.,.,.,.,.,.,.,.,.,.,.,.,.
2023,7,7,54,.,.,.,.,.,.,.,.,.,.,.,.,.
2023,7,7,55,.,.,.,.,.,.,.,.,.,.,.,.,.
2023,7,7,56,.,.,.,.,.,.,.,.,.,.,.,.,.
2023,7,14,1,.,.,.,.,.,.,.,.,.,.,.,.,.
2023,7,14,2,.,.,.,.,.,.,.,.,.,.,.,.,.
2023,7,14,4,.,.,.,.,.,.,.,.,.,.,.,.,.
2023,7,14,5,.,.,.,.,.,.,.,.,.,.,.,.,.
2023,7,14,6,.,.,.,.,.,.,.,.,.,.,.,.,.
2023,7,14,8,.,.,.,.,.,.,.,.,.,.,.,.,.
2023,7,14,9,.,.,.,.,.,.,.,.,.,.,.,.,.
2023,7,14,10,.,.,.,.,.,.,.,.,.,.,.,.,.
2023,7,14,11,.,.,.,.,.,.,.,.,.,.,.,.,.
2023,7,14,12,.,.,.,.,.,.,.,.,.,.,.,.,.
2023,7,14,13,.,.,.,.,.,.,.,.,.,.,.,.,.
2023,7,14,15,.,.,.,.,.,.,.,.,.,.,.,.,.
2023,7,14,16,.,.,.,.,.,.,.,.,.,.,.,.,.
2023,7,14,17,.,.,.,.,.,.,.,.,.,.,.,.,.
2023,7,14,18,.,.,.,.,.,.,.,.,.,.,.,.,.
2023,7,14,19,.,.,.,.,.,.,.,.,.,.,.,.,.
2023,7,14,20,.,.,.,.,.,.,.,.,.,.,.,.,.
2023,7,14,21,.,.,.,.,.,.,.,.,.,.,.,.,.
2023,7,14,22,.,.,.,.,.,.,.,.,.,.,.,.,.
2023,7,14,23,.,.,.,.,.,.,.,.,.,.,.,.,.
2023,7,14,24,.,.,.,.,.,.,.,.,.,.,.,.,.
2023,7,14,25,.,.,.,.,.,.,.,.,.,.,.,.,.
2023,7,14,26,.,.,.,.,.,.,.,.,.,.,.,.,.
2023,7,14,27,.,.,.,.,.,.,.,.,.,.,.,.,.
2023,7,14,28,.,.,.,.,.,.,.,.,.,.,.,.,.
2023,7,14,29,.,.,.,.,.,.,.,.,.,.,.,.,.
2023,7,14,30,.,.,.,.,.,.,.,.,.,.,.,.,.
2023,7,14,31,.,.,.,.,.,.,.,.,.,.,.,.,.
2023,7,14,32,.,.,.,.,.,.,.,.,.,.,.,.,.
2023,7,14,33,.,.,.,.,.,.,.,.,.,.,.,.,.
2023,7,14,34,.,.,.,.,.,.,.,.,.,.,.,.,.
2023,7,14,35,.,.,.,.,.,.,.,.,.,.,.,.,.
2023,7,14,36,.,.,.,.,.,.,.,.,.,.,.,.,.
2023,7,14,37,.,.,.,.,.,.,.,.,.,.,.,.,.
2023,7,14,38,.,.,.,.,.,.,.,.,.,.,.,.,.
2023,7,14,39,.,.,.,.,.,.,.,.,.,.,.,.,.
2023,7,14,40,.,.,.,.,.,.,.,.,.,.,.,.,.
2023,7,14,41,.,.,.,.,.,.,.,.,.,.,.,.,.
2023,7,14,42,.,.,.,.,.,.,.,.,.,.,.,.,.
2023,7,14,44,.,.,.,.,.,.,.,.,.,.,.,.,.
2023,7,14,45,.,.,.,.,.,.,.,.,.,.,.,.,.
2023,7,14,46,.,.,.,.,.,.,.,.,.,.,.,.,.
2023,7,14,47,.,.,.,.,.,.,.,.,.,.,.,.,.
2023,7,14,48,.,.,.,.,.,.,.,.,.,.,.,.,.
2023,7,14,49,.,.,.,.,.,.,.,.,.,.,.,.,.
2023,7,14,50,.,.,.,.,.,.,.,.,.,.,.,.,.
2023,7,14,51,.,.,.,.,.,.,.,.,.,.,.,.,.
2023,7,14,53,.,.,.,.,.,.,.,.,.,.,.,.,.
2023,7,14,54,.,.,.,.,.,.,.,.,.,.,.,.,.
2023,7,14,55,.,.,.,.,.,.,.,.,.,.,.,.,.
2023,7,14,56,.,.,.,.,.,.,.,.,.,.,.,.,.
2023,7,21,1,.,.,.,.,.,.,.,.,.,.,.,.,.
2023,7,21,2,.,.,.,.,.,.,.,.,.,.,.,.,.
2023,7,21,4,.,.,.,.,.,.,.,.,.,.,.,.,.
2023,7,21,5,.,.,.,.,.,.,.,.,.,.,.,.,.
2023,7,21,6,.,.,.,.,.,.,.,.,.,.,.,.,.
2023,7,21,8,.,.,.,.,.,.,.,.,.,.,.,.,.
2023,7,21,9,.,.,.,.,.,.,.,.,.,.,.,.,.
2023,7,21,10,.,.,.,.,.,.,.,.,.,.,.,.,.
2023,7,21,11,.,.,.,.,.,.,.,.,.,.,.,.,.
2023,7,21,12,.,.,.,.,.,.,.,.,.,.,.,.,.
2023,7,21,13,.,.,.,.,.,.,.,.,.,.,.,.,.
2023,7,21,15,.,.,.,.,.,.,.,.,.,.,.,.,.
2023,7,21,16,.,.,.,.,.,.,.,.,.,.,.,.,.
2023,7,21,17,.,.,.,.,.,.,.,.,.,.,.,.,.
2023,7,21,18,.,.,.,.,.,.,.,.,.,.,.,.,.
2023,7,21,19,.,.,.,.,.,.,.,.,.,.,.,.,.
2023,7,21,20,.,.,.,.,.,.,.,.,.,.,.,.,.
2023,7,21,21,.,.,.,.,.,.,.,.,.,.,.,.,.
2023,7,21,22,.,.,.,.,.,.,.,.,.,.,.,.,.
2023,7,21,23,.,.,.,.,.,.,.,.,.,.,.,.,.
2023,7,21,24,.,.,.,.,.,.,.,.,.,.,.,.,.
2023,7,21,25,.,.,.,.,.,.,.,.,.,.,.,.,.
2023,7,21,26,.,.,.,.,.,.,.,.,.,.,.,.,.
2023,7,21,27,.,.,.,.,.,.,.,.,.,.,.,.,.
2023,7,21,28,.,.,.,.,.,.,.,.,.,.,.,.,.
2023,7,21,29,.,.,.,.,.,.,.,.,.,.,.,.,.
2023,7,21,30,.,.,.,.,.,.,.,.,.,.,.,.,.
2023,7,21,31,.,.,.,.,.,.,.,.,.,.,.,.,.
2023,7,21,32,.,.,.,.,.,.,.,.,.,.,.,.,.
2023,7,21,33,.,.,.,.,.,.,.,.,.,.,.,.,.
2023,7,21,34,.,.,.,.,.,.,.,.,.,.,.,.,.
2023,7,21,35,.,.,.,.,.,.,.,.,.,.,.,.,.
2023,7,21,36,.,.,.,.,.,.,.,.,.,.,.,.,.
2023,7,21,37,.,.,.,.,.,.,.,.,.,.,.,.,.
2023,7,21,38,.,.,.,.,.,.,.,.,.,.,.,.,.
2023,7,21,39,.,.,.,.,.,.,.,.,.,.,.,.,.
2023,7,21,40,.,.,.,.,.,.,.,.,.,.,.,.,.
2023,7,21,41,.,.,.,.,.,.,.,.,.,.,.,.,.
2023,7,21,42,.,.,.,.,.,.,.,.,.,.,.,.,.
2023,7,21,44,.,.,.,.,.,.,.,.,.,.,.,.,.
2023,7,21,45,.,.,.,.,.,.,.,.,.,.,.,.,.
2023,7,21,46,.,.,.,.,.,.,.,.,.,.,.,.,.
2023,7,21,47,.,.,.,.,.,.,.,.,.,.,.,.,.
2023,7,21,48,.,.,.,.,.,.,.,.,.,.,.,.,.
2023,7,21,49,.,.,.,.,.,.,.,.,.,.,.,.,.
2023,7,21,50,.,.,.,.,.,.,.,.,.,.,.,.,.
2023,7,21,51,.,.,.,.,.,.,.,.,.,.,.,.,.
2023,7,21,53,.,.,.,.,.,.,.,.,.,.,.,.,.
2023,7,21,54,.,.,.,.,.,.,.,.,.,.,.,.,.
2023,7,21,55,.,.,.,.,.,.,.,.,.,.,.,.,.
2023,7,21,56,.,.,.,.,.,.,.,.,.,.,.,.,.
2023,7,28,1,.,.,.,.,.,.,.,.,.,.,.,.,.
2023,7,28,2,.,.,.,.,.,.,.,.,.,.,.,.,.
2023,7,28,4,.,.,.,.,.,.,.,.,.,.,.,.,.
2023,7,28,5,.,.,.,.,.,.,.,.,.,.,.,.,.
2023,7,28,6,.,.,.,.,.,.,.,.,.,.,.,.,.
2023,7,28,8,.,.,.,.,.,.,.,.,.,.,.,.,.
2023,7,28,9,.,.,.,.,.,.,.,.,.,.,.,.,.
2023,7,28,10,.,.,.,.,.,.,.,.,.,.,.,.,.
2023,7,28,11,.,.,.,.,.,.,.,.,.,.,.,.,.
2023,7,28,12,.,.,.,.,.,.,.,.,.,.,.,.,.
2023,7,28,13,.,.,.,.,.,.,.,.,.,.,.,.,.
2023,7,28,15,.,.,.,.,.,.,.,.,.,.,.,.,.
2023,7,28,16,.,.,.,.,.,.,.,.,.,.,.,.,.
2023,7,28,17,.,.,.,.,.,.,.,.,.,.,.,.,.
2023,7,28,18,.,.,.,.,.,.,.,.,.,.,.,.,.
2023,7,28,19,.,.,.,.,.,.,.,.,.,.,.,.,.
2023,7,28,20,.,.,.,.,.,.,.,.,.,.,.,.,.
2023,7,28,21,.,.,.,.,.,.,.,.,.,.,.,.,.
2023,7,28,22,.,.,.,.,.,.,.,.,.,.,.,.,.
2023,7,28,23,.,.,.,.,.,.,.,.,.,.,.,.,.
2023,7,28,24,.,.,.,.,.,.,.,.,.,.,.,.,.
2023,7,28,25,.,.,.,.,.,.,.,.,.,.,.,.,.
2023,7,28,26,.,.,.,.,.,.,.,.,.,.,.,.,.
2023,7,28,27,.,.,.,.,.,.,.,.,.,.,.,.,.
2023,7,28,28,.,.,.,.,.,.,.,.,.,.,.,.,.
2023,7,28,29,.,.,.,.,.,.,.,.,.,.,.,.,.
2023,7,28,30,.,.,.,.,.,.,.,.,.,.,.,.,.
2023,7,28,31,.,.,.,.,.,.,.,.,.,.,.,.,.
2023,7,28,32,.,.,.,.,.,.,.,.,.,.,.,.,.
2023,7,28,33,.,.,.,.,.,.,.,.,.,.,.,.,.
2023,7,28,34,.,.,.,.,.,.,.,.,.,.,.,.,.
2023,7,28,35,.,.,.,.,.,.,.,.,.,.,.,.,.
2023,7,28,36,.,.,.,.,.,.,.,.,.,.,.,.,.
2023,7,28,37,.,.,.,.,.,.,.,.,.,.,.,.,.
2023,7,28,38,.,.,.,.,.,.,.,.,.,.,.,.,.
2023,7,28,39,.,.,.,.,.,.,.,.,.,.,.,.,.
2023,7,28,40,.,.,.,.,.,.,.,.,.,.,.,.,.
2023,7,28,41,.,.,.,.,.,.,.,.,.,.,.,.,.
2023,7,28,42,.,.,.,.,.,.,.,.,.,.,.,.,.
2023,7,28,44,.,.,.,.,.,.,.,.,.,.,.,.,.
2023,7,28,45,.,.,.,.,.,.,.,.,.,.,.,.,.
2023,7,28,46,.,.,.,.,.,.,.,.,.,.,.,.,.
2023,7,28,47,.,.,.,.,.,.,.,.,.,.,.,.,.
2023,7,28,48,.,.,.,.,.,.,.,.,.,.,.,.,.
2023,7,28,49,.,.,.,.,.,.,.,.,.,.,.,.,.
2023,7,28,50,.,.,.,.,.,.,.,.,.,.,.,.,.
2023,7,28,51,.,.,.,.,.,.,.,.,.,.,.,.,.
2023,7,28,53,.,.,.,.,.,.,.,.,.,.,.,.,.
2023,7,28,54,.,.,.,.,.,.,.,.,.,.,.,.,.
2023,7,28,55,.,.,.,.,.,.,.,.,.,.,.,.,.
2023,7,28,56,.,.,.,.,.,.,.,.,.,.,.,.,.
2023,8,4,1,.,.,.,.,.,.,.,.,.,.,.,.,.
2023,8,4,2,.,.,.,.,.,.,.,.,.,.,.,.,.
2023,8,4,4,.,.,.,.,.,.,.,.,.,.,.,.,.
2023,8,4,5,.,.,.,.,.,.,.,.,.,.,.,.,.
2023,8,4,6,.,.,.,.,.,.,.,.,.,.,.,.,.
2023,8,4,8,.,.,.,.,.,.,.,.,.,.,.,.,.
2023,8,4,9,.,.,.,.,.,.,.,.,.,.,.,.,.
2023,8,4,10,.,.,.,.,.,.,.,.,.,.,.,.,.
2023,8,4,11,.,.,.,.,.,.,.,.,.,.,.,.,.
2023,8,4,12,.,.,.,.,.,.,.,.,.,.,.,.,.
2023,8,4,13,.,.,.,.,.,.,.,.,.,.,.,.,.
2023,8,4,15,.,.,.,.,.,.,.,.,.,.,.,.,.
2023,8,4,16,.,.,.,.,.,.,.,.,.,.,.,.,.
2023,8,4,17,.,.,.,.,.,.,.,.,.,.,.,.,.
2023,8,4,18,.,.,.,.,.,.,.,.,.,.,.,.,.
2023,8,4,19,.,.,.,.,.,.,.,.,.,.,.,.,.
2023,8,4,20,.,.,.,.,.,.,.,.,.,.,.,.,.
2023,8,4,21,.,.,.,.,.,.,.,.,.,.,.,.,.
2023,8,4,22,.,.,.,.,.,.,.,.,.,.,.,.,.
2023,8,4,23,.,.,.,.,.,.,.,.,.,.,.,.,.
2023,8,4,24,.,.,.,.,.,.,.,.,.,.,.,.,.
2023,8,4,25,.,.,.,.,.,.,.,.,.,.,.,.,.
2023,8,4,26,.,.,.,.,.,.,.,.,.,.,.,.,.
2023,8,4,27,.,.,.,.,.,.,.,.,.,.,.,.,.
2023,8,4,28,.,.,.,.,.,.,.,.,.,.,.,.,.
2023,8,4,29,.,.,.,.,.,.,.,.,.,.,.,.,.
2023,8,4,30,.,.,.,.,.,.,.,.,.,.,.,.,.
2023,8,4,31,.,.,.,.,.,.,.,.,.,.,.,.,.
2023,8,4,32,.,.,.,.,.,.,.,.,.,.,.,.,.
2023,8,4,33,.,.,.,.,.,.,.,.,.,.,.,.,.
2023,8,4,34,.,.,.,.,.,.,.,.,.,.,.,.,.
2023,8,4,35,.,.,.,.,.,.,.,.,.,.,.,.,.
2023,8,4,36,.,.,.,.,.,.,.,.,.,.,.,.,.
2023,8,4,37,.,.,.,.,.,.,.,.,.,.,.,.,.
2023,8,4,38,.,.,.,.,.,.,.,.,.,.,.,.,.
2023,8,4,39,.,.,.,.,.,.,.,.,.,.,.,.,.
2023,8,4,40,.,.,.,.,.,.,.,.,.,.,.,.,.
2023,8,4,41,.,.,.,.,.,.,.,.,.,.,.,.,.
2023,8,4,42,.,.,.,.,.,.,.,.,.,.,.,.,.
2023,8,4,44,.,.,.,.,.,.,.,.,.,.,.,.,.
2023,8,4,45,.,.,.,.,.,.,.,.,.,.,.,.,.
2023,8,4,46,.,.,.,.,.,.,.,.,.,.,.,.,.
2023,8,4,47,.,.,.,.,.,.,.,.,.,.,.,.,.
2023,8,4,48,.,.,.,.,.,.,.,.,.,.,.,.,.
2023,8,4,49,.,.,.,.,.,.,.,.,.,.,.,.,.
2023,8,4,50,.,.,.,.,.,.,.,.,.,.,.,.,.
2023,8,4,51,.,.,.,.,.,.,.,.,.,.,.,.,.
2023,8,4,53,.,.,.,.,.,.,.,.,.,.,.,.,.
2023,8,4,54,.,.,.,.,.,.,.,.,.,.,.,.,.
2023,8,4,55,.,.,.,.,.,.,.,.,.,.,.,.,.
2023,8,4,56,.,.,.,.,.,.,.,.,.,.,.,.,.
2023,8,11,1,.,.,.,.,.,.,.,.,.,.,.,.,.
2023,8,11,2,.,.,.,.,.,.,.,.,.,.,.,.,.
2023,8,11,4,.,.,.,.,.,.,.,.,.,.,.,.,.
2023,8,11,5,.,.,.,.,.,.,.,.,.,.,.,.,.
2023,8,11,6,.,.,.,.,.,.,.,.,.,.,.,.,.
2023,8,11,8,.,.,.,.,.,.,.,.,.,.,.,.,.
2023,8,11,9,.,.,.,.,.,.,.,.,.,.,.,.,.
2023,8,11,10,.,.,.,.,.,.,.,.,.,.,.,.,.
2023,8,11,11,.,.,.,.,.,.,.,.,.,.,.,.,.
2023,8,11,12,.,.,.,.,.,.,.,.,.,.,.,.,.
2023,8,11,13,.,.,.,.,.,.,.,.,.,.,.,.,.
2023,8,11,15,.,.,.,.,.,.,.,.,.,.,.,.,.
2023,8,11,16,.,.,.,.,.,.,.,.,.,.,.,.,.
2023,8,11,17,.,.,.,.,.,.,.,.,.,.,.,.,.
2023,8,11,18,.,.,.,.,.,.,.,.,.,.,.,.,.
2023,8,11,19,.,.,.,.,.,.,.,.,.,.,.,.,.
2023,8,11,20,.,.,.,.,.,.,.,.,.,.,.,.,.
2023,8,11,21,.,.,.,.,.,.,.,.,.,.,.,.,.
2023,8,11,22,.,.,.,.,.,.,.,.,.,.,.,.,.
2023,8,11,23,.,.,.,.,.,.,.,.,.,.,.,.,.
2023,8,11,24,.,.,.,.,.,.,.,.,.,.,.,.,.
2023,8,11,25,.,.,.,.,.,.,.,.,.,.,.,.,.
2023,8,11,26,.,.,.,.,.,.,.,.,.,.,.,.,.
2023,8,11,27,.,.,.,.,.,.,.,.,.,.,.,.,.
2023,8,11,28,.,.,.,.,.,.,.,.,.,.,.,.,.
2023,8,11,29,.,.,.,.,.,.,.,.,.,.,.,.,.
2023,8,11,30,.,.,.,.,.,.,.,.,.,.,.,.,.
2023,8,11,31,.,.,.,.,.,.,.,.,.,.,.,.,.
2023,8,11,32,.,.,.,.,.,.,.,.,.,.,.,.,.
2023,8,11,33,.,.,.,.,.,.,.,.,.,.,.,.,.
2023,8,11,34,.,.,.,.,.,.,.,.,.,.,.,.,.
2023,8,11,35,.,.,.,.,.,.,.,.,.,.,.,.,.
2023,8,11,36,.,.,.,.,.,.,.,.,.,.,.,.,.
2023,8,11,37,.,.,.,.,.,.,.,.,.,.,.,.,.
2023,8,11,38,.,.,.,.,.,.,.,.,.,.,.,.,.
2023,8,11,39,.,.,.,.,.,.,.,.,.,.,.,.,.
2023,8,11,40,.,.,.,.,.,.,.,.,.,.,.,.,.
2023,8,11,41,.,.,.,.,.,.,.,.,.,.,.,.,.
2023,8,11,42,.,.,.,.,.,.,.,.,.,.,.,.,.
2023,8,11,44,.,.,.,.,.,.,.,.,.,.,.,.,.
2023,8,11,45,.,.,.,.,.,.,.,.,.,.,.,.,.
2023,8,11,46,.,.,.,.,.,.,.,.,.,.,.,.,.
2023,8,11,47,.,.,.,.,.,.,.,.,.,.,.,.,.
2023,8,11,48,.,.,.,.,.,.,.,.,.,.,.,.,.
2023,8,11,49,.,.,.,.,.,.,.,.,.,.,.,.,.
2023,8,11,50,.,.,.,.,.,.,.,.,.,.,.,.,.
2023,8,11,51,.,.,.,.,.,.,.,.,.,.,.,.,.
2023,8,11,53,.,.,.,.,.,.,.,.,.,.,.,.,.
2023,8,11,54,.,.,.,.,.,.,.,.,.,.,.,.,.
2023,8,11,55,.,.,.,.,.,.,.,.,.,.,.,.,.
2023,8,11,56,.,.,.,.,.,.,.,.,.,.,.,.,.
2023,8,18,1,.,.,.,.,.,.,.,.,.,.,.,.,.
2023,8,18,2,.,.,.,.,.,.,.,.,.,.,.,.,.
2023,8,18,4,.,.,.,.,.,.,.,.,.,.,.,.,.
2023,8,18,5,.,.,.,.,.,.,.,.,.,.,.,.,.
2023,8,18,6,.,.,.,.,.,.,.,.,.,.,.,.,.
2023,8,18,8,.,.,.,.,.,.,.,.,.,.,.,.,.
2023,8,18,9,.,.,.,.,.,.,.,.,.,.,.,.,.
2023,8,18,10,.,.,.,.,.,.,.,.,.,.,.,.,.
2023,8,18,11,.,.,.,.,.,.,.,.,.,.,.,.,.
2023,8,18,12,.,.,.,.,.,.,.,.,.,.,.,.,.
2023,8,18,13,.,.,.,.,.,.,.,.,.,.,.,.,.
2023,8,18,15,.,.,.,.,.,.,.,.,.,.,.,.,.
2023,8,18,16,.,.,.,.,.,.,.,.,.,.,.,.,.
2023,8,18,17,.,.,.,.,.,.,.,.,.,.,.,.,.
2023,8,18,18,.,.,.,.,.,.,.,.,.,.,.,.,.
2023,8,18,19,.,.,.,.,.,.,.,.,.,.,.,.,.
2023,8,18,20,.,.,.,.,.,.,.,.,.,.,.,.,.
2023,8,18,21,.,.,.,.,.,.,.,.,.,.,.,.,.
2023,8,18,22,.,.,.,.,.,.,.,.,.,.,.,.,.
2023,8,18,23,.,.,.,.,.,.,.,.,.,.,.,.,.
2023,8,18,24,.,.,.,.,.,.,.,.,.,.,.,.,.
2023,8,18,25,.,.,.,.,.,.,.,.,.,.,.,.,.
2023,8,18,26,.,.,.,.,.,.,.,.,.,.,.,.,.
2023,8,18,27,.,.,.,.,.,.,.,.,.,.,.,.,.
2023,8,18,28,.,.,.,.,.,.,.,.,.,.,.,.,.
2023,8,18,29,.,.,.,.,.,.,.,.,.,.,.,.,.
2023,8,18,30,.,.,.,.,.,.,.,.,.,.,.,.,.
2023,8,18,31,.,.,.,.,.,.,.,.,.,.,.,.,.
2023,8,18,32,.,.,.,.,.,.,.,.,.,.,.,.,.
2023,8,18,33,.,.,.,.,.,.,.,.,.,.,.,.,.
2023,8,18,34,.,.,.,.,.,.,.,.,.,.,.,.,.
2023,8,18,35,.,.,.,.,.,.,.,.,.,.,.,.,.
2023,8,18,36,.,.,.,.,.,.,.,.,.,.,.,.,.
2023,8,18,37,.,.,.,.,.,.,.,.,.,.,.,.,.
2023,8,18,38,.,.,.,.,.,.,.,.,.,.,.,.,.
2023,8,18,39,.,.,.,.,.,.,.,.,.,.,.,.,.
2023,8,18,40,.,.,.,.,.,.,.,.,.,.,.,.,.
2023,8,18,41,.,.,.,.,.,.,.,.,.,.,.,.,.
2023,8,18,42,.,.,.,.,.,.,.,.,.,.,.,.,.
2023,8,18,44,.,.,.,.,.,.,.,.,.,.,.,.,.
2023,8,18,45,.,.,.,.,.,.,.,.,.,.,.,.,.
2023,8,18,46,.,.,.,.,.,.,.,.,.,.,.,.,.
2023,8,18,47,.,.,.,.,.,.,.,.,.,.,.,.,.
2023,8,18,48,.,.,.,.,.,.,.,.,.,.,.,.,.
2023,8,18,49,.,.,.,.,.,.,.,.,.,.,.,.,.
2023,8,18,50,.,.,.,.,.,.,.,.,.,.,.,.,.
2023,8,18,51,.,.,.,.,.,.,.,.,.,.,.,.,.
2023,8,18,53,.,.,.,.,.,.,.,.,.,.,.,.,.
2023,8,18,54,.,.,.,.,.,.,.,.,.,.,.,.,.
2023,8,18,55,.,.,.,.,.,.,.,.,.,.,.,.,.
2023,8,18,56,.,.,.,.,.,.,.,.,.,.,.,.,.
2023,8,25,1,.,.,.,.,.,.,.,.,.,.,.,.,.
2023,8,25,2,.,.,.,.,.,.,.,.,.,.,.,.,.
2023,8,25,4,.,.,.,.,.,.,.,.,.,.,.,.,.
2023,8,25,5,.,.,.,.,.,.,.,.,.,.,.,.,.
2023,8,25,6,.,.,.,.,.,.,.,.,.,.,.,.,.
2023,8,25,8,.,.,.,.,.,.,.,.,.,.,.,.,.
2023,8,25,9,.,.,.,.,.,.,.,.,.,.,.,.,.
2023,8,25,10,.,.,.,.,.,.,.,.,.,.,.,.,.
2023,8,25,11,.,.,.,.,.,.,.,.,.,.,.,.,.
2023,8,25,12,.,.,.,.,.,.,.,.,.,.,.,.,.
2023,8,25,13,.,.,.,.,.,.,.,.,.,.,.,.,.
2023,8,25,15,.,.,.,.,.,.,.,.,.,.,.,.,.
2023,8,25,16,.,.,.,.,.,.,.,.,.,.,.,.,.
2023,8,25,17,.,.,.,.,.,.,.,.,.,.,.,.,.
2023,8,25,18,.,.,.,.,.,.,.,.,.,.,.,.,.
2023,8,25,19,.,.,.,.,.,.,.,.,.,.,.,.,.
2023,8,25,20,.,.,.,.,.,.,.,.,.,.,.,.,.
2023,8,25,21,.,.,.,.,.,.,.,.,.,.,.,.,.
2023,8,25,22,.,.,.,.,.,.,.,.,.,.,.,.,.
2023,8,25,23,.,.,.,.,.,.,.,.,.,.,.,.,.
2023,8,25,24,.,.,.,.,.,.,.,.,.,.,.,.,.
2023,8,25,25,.,.,.,.,.,.,.,.,.,.,.,.,.
2023,8,25,26,.,.,.,.,.,.,.,.,.,.,.,.,.
2023,8,25,27,.,.,.,.,.,.,.,.,.,.,.,.,.
2023,8,25,28,.,.,.,.,.,.,.,.,.,.,.,.,.
2023,8,25,29,.,.,.,.,.,.,.,.,.,.,.,.,.
2023,8,25,30,.,.,.,.,.,.,.,.,.,.,.,.,.
2023,8,25,31,.,.,.,.,.,.,.,.,.,.,.,.,.
2023,8,25,32,.,.,.,.,.,.,.,.,.,.,.,.,.
2023,8,25,33,.,.,.,.,.,.,.,.,.,.,.,.,.
2023,8,25,34,.,.,.,.,.,.,.,.,.,.,.,.,.
2023,8,25,35,.,.,.,.,.,.,.,.,.,.,.,.,.
2023,8,25,36,.,.,.,.,.,.,.,.,.,.,.,.,.
2023,8,25,37,.,.,.,.,.,.,.,.,.,.,.,.,.
2023,8,25,38,.,.,.,.,.,.,.,.,.,.,.,.,.
2023,8,25,39,.,.,.,.,.,.,.,.,.,.,.,.,.
2023,8,25,40,.,.,.,.,.,.,.,.,.,.,.,.,.
2023,8,25,41,.,.,.,.,.,.,.,.,.,.,.,.,.
2023,8,25,42,.,.,.,.,.,.,.,.,.,.,.,.,.
2023,8,25,44,.,.,.,.,.,.,.,.,.,.,.,.,.
2023,8,25,45,.,.,.,.,.,.,.,.,.,.,.,.,.
2023,8,25,46,.,.,.,.,.,.,.,.,.,.,.,.,.
2023,8,25,47,.,.,.,.,.,.,.,.,.,.,.,.,.
2023,8,25,48,.,.,.,.,.,.,.,.,.,.,.,.,.
2023,8,25,49,.,.,.,.,.,.,.,.,.,.,.,.,.
2023,8,25,50,.,.,.,.,.,.,.,.,.,.,.,.,.
2023,8,25,51,.,.,.,.,.,.,.,.,.,.,.,.,.
2023,8,25,53,.,.,.,.,.,.,.,.,.,.,.,.,.
2023,8,25,54,.,.,.,.,.,.,.,.,.,.,.,.,.
2023,8,25,55,.,.,.,.,.,.,.,.,.,.,.,.,.
2023,8,25,56,.,.,.,.,.,.,.,.,.,.,.,.,.
2023,9,1,1,.,.,.,.,.,.,.,.,.,.,.,.,.
2023,9,1,2,.,.,.,.,.,.,.,.,.,.,.,.,.
2023,9,1,4,.,.,.,.,.,.,.,.,.,.,.,.,.
2023,9,1,5,.,.,.,.,.,.,.,.,.,.,.,.,.
2023,9,1,6,.,.,.,.,.,.,.,.,.,.,.,.,.
2023,9,1,8,.,.,.,.,.,.,.,.,.,.,.,.,.
2023,9,1,9,.,.,.,.,.,.,.,.,.,.,.,.,.
2023,9,1,10,.,.,.,.,.,.,.,.,.,.,.,.,.
2023,9,1,11,.,.,.,.,.,.,.,.,.,.,.,.,.
2023,9,1,12,.,.,.,.,.,.,.,.,.,.,.,.,.
2023,9,1,13,.,.,.,.,.,.,.,.,.,.,.,.,.
2023,9,1,15,.,.,.,.,.,.,.,.,.,.,.,.,.
2023,9,1,16,.,.,.,.,.,.,.,.,.,.,.,.,.
2023,9,1,17,.,.,.,.,.,.,.,.,.,.,.,.,.
2023,9,1,18,.,.,.,.,.,.,.,.,.,.,.,.,.
2023,9,1,19,.,.,.,.,.,.,.,.,.,.,.,.,.
2023,9,1,20,.,.,.,.,.,.,.,.,.,.,.,.,.
2023,9,1,21,.,.,.,.,.,.,.,.,.,.,.,.,.
2023,9,1,22,.,.,.,.,.,.,.,.,.,.,.,.,.
2023,9,1,23,.,.,.,.,.,.,.,.,.,.,.,.,.
2023,9,1,24,.,.,.,.,.,.,.,.,.,.,.,.,.
2023,9,1,25,.,.,.,.,.,.,.,.,.,.,.,.,.
2023,9,1,26,.,.,.,.,.,.,.,.,.,.,.,.,.
2023,9,1,27,.,.,.,.,.,.,.,.,.,.,.,.,.
2023,9,1,28,.,.,.,.,.,.,.,.,.,.,.,.,.
2023,9,1,29,.,.,.,.,.,.,.,.,.,.,.,.,.
2023,9,1,30,.,.,.,.,.,.,.,.,.,.,.,.,.
2023,9,1,31,.,.,.,.,.,.,.,.,.,.,.,.,.
2023,9,1,32,.,.,.,.,.,.,.,.,.,.,.,.,.
2023,9,1,33,.,.,.,.,.,.,.,.,.,.,.,.,.
2023,9,1,34,.,.,.,.,.,.,.,.,.,.,.,.,.
2023,9,1,35,.,.,.,.,.,.,.,.,.,.,.,.,.
2023,9,1,36,.,.,.,.,.,.,.,.,.,.,.,.,.
2023,9,1,37,.,.,.,.,.,.,.,.,.,.,.,.,.
2023,9,1,38,.,.,.,.,.,.,.,.,.,.,.,.,.
2023,9,1,39,.,.,.,.,.,.,.,.,.,.,.,.,.
2023,9,1,40,.,.,.,.,.,.,.,.,.,.,.,.,.
2023,9,1,41,.,.,.,.,.,.,.,.,.,.,.,.,.
2023,9,1,42,.,.,.,.,.,.,.,.,.,.,.,.,.
2023,9,1,44,.,.,.,.,.,.,.,.,.,.,.,.,.
2023,9,1,45,.,.,.,.,.,.,.,.,.,.,.,.,.
2023,9,1,46,.,.,.,.,.,.,.,.,.,.,.,.,.
2023,9,1,47,.,.,.,.,.,.,.,.,.,.,.,.,.
2023,9,1,48,.,.,.,.,.,.,.,.,.,.,.,.,.
2023,9,1,49,.,.,.,.,.,.,.,.,.,.,.,.,.
2023,9,1,50,.,.,.,.,.,.,.,.,.,.,.,.,.
2023,9,1,51,.,.,.,.,.,.,.,.,.,.,.,.,.
2023,9,1,53,.,.,.,.,.,.,.,.,.,.,.,.,.
2023,9,1,54,.,.,.,.,.,.,.,.,.,.,.,.,.
2023,9,1,55,.,.,.,.,.,.,.,.,.,.,.,.,.
2023,9,1,56,.,.,.,.,.,.,.,.,.,.,.,.,.
2023,9,8,1,.,.,.,.,.,.,.,.,.,.,.,.,.
2023,9,8,2,.,.,.,.,.,.,.,.,.,.,.,.,.
2023,9,8,4,.,.,.,.,.,.,.,.,.,.,.,.,.
2023,9,8,5,.,.,.,.,.,.,.,.,.,.,.,.,.
2023,9,8,6,.,.,.,.,.,.,.,.,.,.,.,.,.
2023,9,8,8,.,.,.,.,.,.,.,.,.,.,.,.,.
2023,9,8,9,.,.,.,.,.,.,.,.,.,.,.,.,.
2023,9,8,10,.,.,.,.,.,.,.,.,.,.,.,.,.
2023,9,8,11,.,.,.,.,.,.,.,.,.,.,.,.,.
2023,9,8,12,.,.,.,.,.,.,.,.,.,.,.,.,.
2023,9,8,13,.,.,.,.,.,.,.,.,.,.,.,.,.
2023,9,8,15,.,.,.,.,.,.,.,.,.,.,.,.,.
2023,9,8,16,.,.,.,.,.,.,.,.,.,.,.,.,.
2023,9,8,17,.,.,.,.,.,.,.,.,.,.,.,.,.
2023,9,8,18,.,.,.,.,.,.,.,.,.,.,.,.,.
2023,9,8,19,.,.,.,.,.,.,.,.,.,.,.,.,.
2023,9,8,20,.,.,.,.,.,.,.,.,.,.,.,.,.
2023,9,8,21,.,.,.,.,.,.,.,.,.,.,.,.,.
2023,9,8,22,.,.,.,.,.,.,.,.,.,.,.,.,.
2023,9,8,23,.,.,.,.,.,.,.,.,.,.,.,.,.
2023,9,8,24,.,.,.,.,.,.,.,.,.,.,.,.,.
2023,9,8,25,.,.,.,.,.,.,.,.,.,.,.,.,.
2023,9,8,26,.,.,.,.,.,.,.,.,.,.,.,.,.
2023,9,8,27,.,.,.,.,.,.,.,.,.,.,.,.,.
2023,9,8,28,.,.,.,.,.,.,.,.,.,.,.,.,.
2023,9,8,29,.,.,.,.,.,.,.,.,.,.,.,.,.
2023,9,8,30,.,.,.,.,.,.,.,.,.,.,.,.,.
2023,9,8,31,.,.,.,.,.,.,.,.,.,.,.,.,.
2023,9,8,32,.,.,.,.,.,.,.,.,.,.,.,.,.
2023,9,8,33,.,.,.,.,.,.,.,.,.,.,.,.,.
2023,9,8,34,.,.,.,.,.,.,.,.,.,.,.,.,.
2023,9,8,35,.,.,.,.,.,.,.,.,.,.,.,.,.
2023,9,8,36,.,.,.,.,.,.,.,.,.,.,.,.,.
2023,9,8,37,.,.,.,.,.,.,.,.,.,.,.,.,.
2023,9,8,38,.,.,.,.,.,.,.,.,.,.,.,.,.
2023,9,8,39,.,.,.,.,.,.,.,.,.,.,.,.,.
2023,9,8,40,.,.,.,.,.,.,.,.,.,.,.,.,.
2023,9,8,41,.,.,.,.,.,.,.,.,.,.,.,.,.
2023,9,8,42,.,.,.,.,.,.,.,.,.,.,.,.,.
2023,9,8,44,.,.,.,.,.,.,.,.,.,.,.,.,.
2023,9,8,45,.,.,.,.,.,.,.,.,.,.,.,.,.
2023,9,8,46,.,.,.,.,.,.,.,.,.,.,.,.,.
2023,9,8,47,.,.,.,.,.,.,.,.,.,.,.,.,.
2023,9,8,48,.,.,.,.,.,.,.,.,.,.,.,.,.
2023,9,8,49,.,.,.,.,.,.,.,.,.,.,.,.,.
2023,9,8,50,.,.,.,.,.,.,.,.,.,.,.,.,.
2023,9,8,51,.,.,.,.,.,.,.,.,.,.,.,.,.
2023,9,8,53,.,.,.,.,.,.,.,.,.,.,.,.,.
2023,9,8,54,.,.,.,.,.,.,.,.,.,.,.,.,.
2023,9,8,55,.,.,.,.,.,.,.,.,.,.,.,.,.
2023,9,8,56,.,.,.,.,.,.,.,.,.,.,.,.,.
2023,9,15,1,.,.,.,.,.,.,.,.,.,.,.,.,.
2023,9,15,2,.,.,.,.,.,.,.,.,.,.,.,.,.
2023,9,15,4,.,.,.,.,.,.,.,.,.,.,.,.,.
2023,9,15,5,.,.,.,.,.,.,.,.,.,.,.,.,.
2023,9,15,6,.,.,.,.,.,.,.,.,.,.,.,.,.
2023,9,15,8,.,.,.,.,.,.,.,.,.,.,.,.,.
2023,9,15,9,.,.,.,.,.,.,.,.,.,.,.,.,.
2023,9,15,10,.,.,.,.,.,.,.,.,.,.,.,.,.
2023,9,15,11,.,.,.,.,.,.,.,.,.,.,.,.,.
2023,9,15,12,.,.,.,.,.,.,.,.,.,.,.,.,.
2023,9,15,13,.,.,.,.,.,.,.,.,.,.,.,.,.
2023,9,15,15,.,.,.,.,.,.,.,.,.,.,.,.,.
2023,9,15,16,.,.,.,.,.,.,.,.,.,.,.,.,.
2023,9,15,17,.,.,.,.,.,.,.,.,.,.,.,.,.
2023,9,15,18,.,.,.,.,.,.,.,.,.,.,.,.,.
2023,9,15,19,.,.,.,.,.,.,.,.,.,.,.,.,.
2023,9,15,20,.,.,.,.,.,.,.,.,.,.,.,.,.
2023,9,15,21,.,.,.,.,.,.,.,.,.,.,.,.,.
2023,9,15,22,.,.,.,.,.,.,.,.,.,.,.,.,.
2023,9,15,23,.,.,.,.,.,.,.,.,.,.,.,.,.
2023,9,15,24,.,.,.,.,.,.,.,.,.,.,.,.,.
2023,9,15,25,.,.,.,.,.,.,.,.,.,.,.,.,.
2023,9,15,26,.,.,.,.,.,.,.,.,.,.,.,.,.
2023,9,15,27,.,.,.,.,.,.,.,.,.,.,.,.,.
2023,9,15,28,.,.,.,.,.,.,.,.,.,.,.,.,.
2023,9,15,29,.,.,.,.,.,.,.,.,.,.,.,.,.
2023,9,15,30,.,.,.,.,.,.,.,.,.,.,.,.,.
2023,9,15,31,.,.,.,.,.,.,.,.,.,.,.,.,.
2023,9,15,32,.,.,.,.,.,.,.,.,.,.,.,.,.
2023,9,15,33,.,.,.,.,.,.,.,.,.,.,.,.,.
2023,9,15,34,.,.,.,.,.,.,.,.,.,.,.,.,.
2023,9,15,35,.,.,.,.,.,.,.,.,.,.,.,.,.
2023,9,15,36,.,.,.,.,.,.,.,.,.,.,.,.,.
2023,9,15,37,.,.,.,.,.,.,.,.,.,.,.,.,.
2023,9,15,38,.,.,.,.,.,.,.,.,.,.,.,.,.
2023,9,15,39,.,.,.,.,.,.,.,.,.,.,.,.,.
2023,9,15,40,.,.,.,.,.,.,.,.,.,.,.,.,.
2023,9,15,41,.,.,.,.,.,.,.,.,.,.,.,.,.
2023,9,15,42,.,.,.,.,.,.,.,.,.,.,.,.,.
2023,9,15,44,.,.,.,.,.,.,.,.,.,.,.,.,.
2023,9,15,45,.,.,.,.,.,.,.,.,.,.,.,.,.
2023,9,15,46,.,.,.,.,.,.,.,.,.,.,.,.,.
2023,9,15,47,.,.,.,.,.,.,.,.,.,.,.,.,.
2023,9,15,48,.,.,.,.,.,.,.,.,.,.,.,.,.
2023,9,15,49,.,.,.,.,.,.,.,.,.,.,.,.,.
2023,9,15,50,.,.,.,.,.,.,.,.,.,.,.,.,.
2023,9,15,51,.,.,.,.,.,.,.,.,.,.,.,.,.
2023,9,15,53,.,.,.,.,.,.,.,.,.,.,.,.,.
2023,9,15,54,.,.,.,.,.,.,.,.,.,.,.,.,.
2023,9,15,55,.,.,.,.,.,.,.,.,.,.,.,.,.
2023,9,15,56,.,.,.,.,.,.,.,.,.,.,.,.,.
2023,9,22,1,.,.,.,.,.,.,.,.,.,.,.,.,.
2023,9,22,2,.,.,.,.,.,.,.,.,.,.,.,.,.
2023,9,22,4,.,.,.,.,.,.,.,.,.,.,.,.,.
2023,9,22,5,.,.,.,.,.,.,.,.,.,.,.,.,.
2023,9,22,6,.,.,.,.,.,.,.,.,.,.,.,.,.
2023,9,22,8,.,.,.,.,.,.,.,.,.,.,.,.,.
2023,9,22,9,.,.,.,.,.,.,.,.,.,.,.,.,.
2023,9,22,10,.,.,.,.,.,.,.,.,.,.,.,.,.
2023,9,22,11,.,.,.,.,.,.,.,.,.,.,.,.,.
2023,9,22,12,.,.,.,.,.,.,.,.,.,.,.,.,.
2023,9,22,13,.,.,.,.,.,.,.,.,.,.,.,.,.
2023,9,22,15,.,.,.,.,.,.,.,.,.,.,.,.,.
2023,9,22,16,.,.,.,.,.,.,.,.,.,.,.,.,.
2023,9,22,17,.,.,.,.,.,.,.,.,.,.,.,.,.
2023,9,22,18,.,.,.,.,.,.,.,.,.,.,.,.,.
2023,9,22,19,.,.,.,.,.,.,.,.,.,.,.,.,.
2023,9,22,20,.,.,.,.,.,.,.,.,.,.,.,.,.
2023,9,22,21,.,.,.,.,.,.,.,.,.,.,.,.,.
2023,9,22,22,.,.,.,.,.,.,.,.,.,.,.,.,.
2023,9,22,23,.,.,.,.,.,.,.,.,.,.,.,.,.
2023,9,22,24,.,.,.,.,.,.,.,.,.,.,.,.,.
2023,9,22,25,.,.,.,.,.,.,.,.,.,.,.,.,.
2023,9,22,26,.,.,.,.,.,.,.,.,.,.,.,.,.
2023,9,22,27,.,.,.,.,.,.,.,.,.,.,.,.,.
2023,9,22,28,.,.,.,.,.,.,.,.,.,.,.,.,.
2023,9,22,29,.,.,.,.,.,.,.,.,.,.,.,.,.
2023,9,22,30,.,.,.,.,.,.,.,.,.,.,.,.,.
2023,9,22,31,.,.,.,.,.,.,.,.,.,.,.,.,.
2023,9,22,32,.,.,.,.,.,.,.,.,.,.,.,.,.
2023,9,22,33,.,.,.,.,.,.,.,.,.,.,.,.,.
2023,9,22,34,.,.,.,.,.,.,.,.,.,.,.,.,.
2023,9,22,35,.,.,.,.,.,.,.,.,.,.,.,.,.
2023,9,22,36,.,.,.,.,.,.,.,.,.,.,.,.,.
2023,9,22,37,.,.,.,.,.,.,.,.,.,.,.,.,.
2023,9,22,38,.,.,.,.,.,.,.,.,.,.,.,.,.
2023,9,22,39,.,.,.,.,.,.,.,.,.,.,.,.,.
2023,9,22,40,.,.,.,.,.,.,.,.,.,.,.,.,.
2023,9,22,41,.,.,.,.,.,.,.,.,.,.,.,.,.
2023,9,22,42,.,.,.,.,.,.,.,.,.,.,.,.,.
2023,9,22,44,.,.,.,.,.,.,.,.,.,.,.,.,.
2023,9,22,45,.,.,.,.,.,.,.,.,.,.,.,.,.
2023,9,22,46,.,.,.,.,.,.,.,.,.,.,.,.,.
2023,9,22,47,.,.,.,.,.,.,.,.,.,.,.,.,.
2023,9,22,48,.,.,.,.,.,.,.,.,.,.,.,.,.
2023,9,22,49,.,.,.,.,.,.,.,.,.,.,.,.,.
2023,9,22,50,.,.,.,.,.,.,.,.,.,.,.,.,.
2023,9,22,51,.,.,.,.,.,.,.,.,.,.,.,.,.
2023,9,22,53,.,.,.,.,.,.,.,.,.,.,.,.,.
2023,9,22,54,.,.,.,.,.,.,.,.,.,.,.,.,.
2023,9,22,55,.,.,.,.,.,.,.,.,.,.,.,.,.
2023,9,22,56,.,.,.,.,.,.,.,.,.,.,.,.,.
2023,9,29,1,.,.,.,.,.,.,.,.,.,.,.,.,.
2023,9,29,2,.,.,.,.,.,.,.,.,.,.,.,.,.
2023,9,29,4,.,.,.,.,.,.,.,.,.,.,.,.,.
2023,9,29,5,.,.,.,.,.,.,.,.,.,.,.,.,.
2023,9,29,6,.,.,.,.,.,.,.,.,.,.,.,.,.
2023,9,29,8,.,.,.,.,.,.,.,.,.,.,.,.,.
2023,9,29,9,.,.,.,.,.,.,.,.,.,.,.,.,.
2023,9,29,10,.,.,.,.,.,.,.,.,.,.,.,.,.
2023,9,29,11,.,.,.,.,.,.,.,.,.,.,.,.,.
2023,9,29,12,.,.,.,.,.,.,.,.,.,.,.,.,.
2023,9,29,13,.,.,.,.,.,.,.,.,.,.,.,.,.
2023,9,29,15,.,.,.,.,.,.,.,.,.,.,.,.,.
2023,9,29,16,.,.,.,.,.,.,.,.,.,.,.,.,.
2023,9,29,17,.,.,.,.,.,.,.,.,.,.,.,.,.
2023,9,29,18,.,.,.,.,.,.,.,.,.,.,.,.,.
2023,9,29,19,.,.,.,.,.,.,.,.,.,.,.,.,.
2023,9,29,20,.,.,.,.,.,.,.,.,.,.,.,.,.
2023,9,29,21,.,.,.,.,.,.,.,.,.,.,.,.,.
2023,9,29,22,.,.,.,.,.,.,.,.,.,.,.,.,.
2023,9,29,23,.,.,.,.,.,.,.,.,.,.,.,.,.
2023,9,29,24,.,.,.,.,.,.,.,.,.,.,.,.,.
2023,9,29,25,.,.,.,.,.,.,.,.,.,.,.,.,.
2023,9,29,26,.,.,.,.,.,.,.,.,.,.,.,.,.
2023,9,29,27,.,.,.,.,.,.,.,.,.,.,.,.,.
2023,9,29,28,.,.,.,.,.,.,.,.,.,.,.,.,.
2023,9,29,29,.,.,.,.,.,.,.,.,.,.,.,.,.
2023,9,29,30,.,.,.,.,.,.,.,.,.,.,.,.,.
2023,9,29,31,.,.,.,.,.,.,.,.,.,.,.,.,.
2023,9,29,32,.,.,.,.,.,.,.,.,.,.,.,.,.
2023,9,29,33,.,.,.,.,.,.,.,.,.,.,.,.,.
2023,9,29,34,.,.,.,.,.,.,.,.,.,.,.,.,.
2023,9,29,35,.,.,.,.,.,.,.,.,.,.,.,.,.
2023,9,29,36,.,.,.,.,.,.,.,.,.,.,.,.,.
2023,9,29,37,.,.,.,.,.,.,.,.,.,.,.,.,.
2023,9,29,38,.,.,.,.,.,.,.,.,.,.,.,.,.
2023,9,29,39,.,.,.,.,.,.,.,.,.,.,.,.,.
2023,9,29,40,.,.,.,.,.,.,.,.,.,.,.,.,.
2023,9,29,41,.,.,.,.,.,.,.,.,.,.,.,.,.
2023,9,29,42,.,.,.,.,.,.,.,.,.,.,.,.,.
2023,9,29,44,.,.,.,.,.,.,.,.,.,.,.,.,.
2023,9,29,45,.,.,.,.,.,.,.,.,.,.,.,.,.
2023,9,29,46,.,.,.,.,.,.,.,.,.,.,.,.,.
2023,9,29,47,.,.,.,.,.,.,.,.,.,.,.,.,.
2023,9,29,48,.,.,.,.,.,.,.,.,.,.,.,.,.
2023,9,29,49,.,.,.,.,.,.,.,.,.,.,.,.,.
2023,9,29,50,.,.,.,.,.,.,.,.,.,.,.,.,.
2023,9,29,51,.,.,.,.,.,.,.,.,.,.,.,.,.
2023,9,29,53,.,.,.,.,.,.,.,.,.,.,.,.,.
2023,9,29,54,.,.,.,.,.,.,.,.,.,.,.,.,.
2023,9,29,55,.,.,.,.,.,.,.,.,.,.,.,.,.
2023,9,29,56,.,.,.,.,.,.,.,.,.,.,.,.,.
2023,10,6,1,.,.,.,.,.,.,.,.,.,.,.,.,.
2023,10,6,2,.,.,.,.,.,.,.,.,.,.,.,.,.
2023,10,6,4,.,.,.,.,.,.,.,.,.,.,.,.,.
2023,10,6,5,.,.,.,.,.,.,.,.,.,.,.,.,.
2023,10,6,6,.,.,.,.,.,.,.,.,.,.,.,.,.
2023,10,6,8,.,.,.,.,.,.,.,.,.,.,.,.,.
2023,10,6,9,.,.,.,.,.,.,.,.,.,.,.,.,.
2023,10,6,10,.,.,.,.,.,.,.,.,.,.,.,.,.
2023,10,6,11,.,.,.,.,.,.,.,.,.,.,.,.,.
2023,10,6,12,.,.,.,.,.,.,.,.,.,.,.,.,.
2023,10,6,13,.,.,.,.,.,.,.,.,.,.,.,.,.
2023,10,6,15,.,.,.,.,.,.,.,.,.,.,.,.,.
2023,10,6,16,.,.,.,.,.,.,.,.,.,.,.,.,.
2023,10,6,17,.,.,.,.,.,.,.,.,.,.,.,.,.
2023,10,6,18,.,.,.,.,.,.,.,.,.,.,.,.,.
2023,10,6,19,.,.,.,.,.,.,.,.,.,.,.,.,.
2023,10,6,20,.,.,.,.,.,.,.,.,.,.,.,.,.
2023,10,6,21,.,.,.,.,.,.,.,.,.,.,.,.,.
2023,10,6,22,.,.,.,.,.,.,.,.,.,.,.,.,.
2023,10,6,23,.,.,.,.,.,.,.,.,.,.,.,.,.
2023,10,6,24,.,.,.,.,.,.,.,.,.,.,.,.,.
2023,10,6,25,.,.,.,.,.,.,.,.,.,.,.,.,.
2023,10,6,26,.,.,.,.,.,.,.,.,.,.,.,.,.
2023,10,6,27,.,.,.,.,.,.,.,.,.,.,.,.,.
2023,10,6,28,.,.,.,.,.,.,.,.,.,.,.,.,.
2023,10,6,29,.,.,.,.,.,.,.,.,.,.,.,.,.
2023,10,6,30,.,.,.,.,.,.,.,.,.,.,.,.,.
2023,10,6,31,.,.,.,.,.,.,.,.,.,.,.,.,.
2023,10,6,32,.,.,.,.,.,.,.,.,.,.,.,.,.
2023,10,6,33,.,.,.,.,.,.,.,.,.,.,.,.,.
2023,10,6,34,.,.,.,.,.,.,.,.,.,.,.,.,.
2023,10,6,35,.,.,.,.,.,.,.,.,.,.,.,.,.
2023,10,6,36,.,.,.,.,.,.,.,.,.,.,.,.,.
2023,10,6,37,.,.,.,.,.,.,.,.,.,.,.,.,.
2023,10,6,38,.,.,.,.,.,.,.,.,.,.,.,.,.
2023,10,6,39,.,.,.,.,.,.,.,.,.,.,.,.,.
2023,10,6,40,.,.,.,.,.,.,.,.,.,.,.,.,.
2023,10,6,41,.,.,.,.,.,.,.,.,.,.,.,.,.
2023,10,6,42,.,.,.,.,.,.,.,.,.,.,.,.,.
2023,10,6,44,.,.,.,.,.,.,.,.,.,.,.,.,.
2023,10,6,45,.,.,.,.,.,.,.,.,.,.,.,.,.
2023,10,6,46,.,.,.,.,.,.,.,.,.,.,.,.,.
2023,10,6,47,.,.,.,.,.,.,.,.,.,.,.,.,.
2023,10,6,48,.,.,.,.,.,.,.,.,.,.,.,.,.
2023,10,6,49,.,.,.,.,.,.,.,.,.,.,.,.,.
2023,10,6,50,.,.,.,.,.,.,.,.,.,.,.,.,.
2023,10,6,51,.,.,.,.,.,.,.,.,.,.,.,.,.
2023,10,6,53,.,.,.,.,.,.,.,.,.,.,.,.,.
2023,10,6,54,.,.,.,.,.,.,.,.,.,.,.,.,.
2023,10,6,55,.,.,.,.,.,.,.,.,.,.,.,.,.
2023,10,6,56,.,.,.,.,.,.,.,.,.,.,.,.,.
2023,10,13,1,.,.,.,.,.,.,.,.,.,.,.,.,.
2023,10,13,2,.,.,.,.,.,.,.,.,.,.,.,.,.
2023,10,13,4,.,.,.,.,.,.,.,.,.,.,.,.,.
2023,10,13,5,.,.,.,.,.,.,.,.,.,.,.,.,.
2023,10,13,6,.,.,.,.,.,.,.,.,.,.,.,.,.
2023,10,13,8,.,.,.,.,.,.,.,.,.,.,.,.,.
2023,10,13,9,.,.,.,.,.,.,.,.,.,.,.,.,.
2023,10,13,10,.,.,.,.,.,.,.,.,.,.,.,.,.
2023,10,13,11,.,.,.,.,.,.,.,.,.,.,.,.,.
2023,10,13,12,.,.,.,.,.,.,.,.,.,.,.,.,.
2023,10,13,13,.,.,.,.,.,.,.,.,.,.,.,.,.
2023,10,13,15,.,.,.,.,.,.,.,.,.,.,.,.,.
2023,10,13,16,.,.,.,.,.,.,.,.,.,.,.,.,.
2023,10,13,17,.,.,.,.,.,.,.,.,.,.,.,.,.
2023,10,13,18,.,.,.,.,.,.,.,.,.,.,.,.,.
2023,10,13,19,.,.,.,.,.,.,.,.,.,.,.,.,.
2023,10,13,20,.,.,.,.,.,.,.,.,.,.,.,.,.
2023,10,13,21,.,.,.,.,.,.,.,.,.,.,.,.,.
2023,10,13,22,.,.,.,.,.,.,.,.,.,.,.,.,.
2023,10,13,23,.,.,.,.,.,.,.,.,.,.,.,.,.
2023,10,13,24,.,.,.,.,.,.,.,.,.,.,.,.,.
2023,10,13,25,.,.,.,.,.,.,.,.,.,.,.,.,.
2023,10,13,26,.,.,.,.,.,.,.,.,.,.,.,.,.
2023,10,13,27,.,.,.,.,.,.,.,.,.,.,.,.,.
2023,10,13,28,.,.,.,.,.,.,.,.,.,.,.,.,.
2023,10,13,29,.,.,.,.,.,.,.,.,.,.,.,.,.
2023,10,13,30,.,.,.,.,.,.,.,.,.,.,.,.,.
2023,10,13,31,.,.,.,.,.,.,.,.,.,.,.,.,.
2023,10,13,32,.,.,.,.,.,.,.,.,.,.,.,.,.
2023,10,13,33,.,.,.,.,.,.,.,.,.,.,.,.,.
2023,10,13,34,.,.,.,.,.,.,.,.,.,.,.,.,.
2023,10,13,35,.,.,.,.,.,.,.,.,.,.,.,.,.
2023,10,13,36,.,.,.,.,.,.,.,.,.,.,.,.,.
2023,10,13,37,.,.,.,.,.,.,.,.,.,.,.,.,.
2023,10,13,38,.,.,.,.,.,.,.,.,.,.,.,.,.
2023,10,13,39,.,.,.,.,.,.,.,.,.,.,.,.,.
2023,10,13,40,.,.,.,.,.,.,.,.,.,.,.,.,.
2023,10,13,41,.,.,.,.,.,.,.,.,.,.,.,.,.
2023,10,13,42,.,.,.,.,.,.,.,.,.,.,.,.,.
2023,10,13,44,.,.,.,.,.,.,.,.,.,.,.,.,.
2023,10,13,45,.,.,.,.,.,.,.,.,.,.,.,.,.
2023,10,13,46,.,.,.,.,.,.,.,.,.,.,.,.,.
2023,10,13,47,.,.,.,.,.,.,.,.,.,.,.,.,.
2023,10,13,48,.,.,.,.,.,.,.,.,.,.,.,.,.
2023,10,13,49,.,.,.,.,.,.,.,.,.,.,.,.,.
2023,10,13,50,.,.,.,.,.,.,.,.,.,.,.,.,.
2023,10,13,51,.,.,.,.,.,.,.,.,.,.,.,.,.
2023,10,13,53,.,.,.,.,.,.,.,.,.,.,.,.,.
2023,10,13,54,.,.,.,.,.,.,.,.,.,.,.,.,.
2023,10,13,55,.,.,.,.,.,.,.,.,.,.,.,.,.
2023,10,13,56,.,.,.,.,.,.,.,.,.,.,.,.,.
2023,10,20,1,.,.,.,.,.,.,.,.,.,.,.,.,.
2023,10,20,2,.,.,.,.,.,.,.,.,.,.,.,.,.
2023,10,20,4,.,.,.,.,.,.,.,.,.,.,.,.,.
2023,10,20,5,.,.,.,.,.,.,.,.,.,.,.,.,.
2023,10,20,6,.,.,.,.,.,.,.,.,.,.,.,.,.
2023,10,20,8,.,.,.,.,.,.,.,.,.,.,.,.,.
2023,10,20,9,.,.,.,.,.,.,.,.,.,.,.,.,.
2023,10,20,10,.,.,.,.,.,.,.,.,.,.,.,.,.
2023,10,20,11,.,.,.,.,.,.,.,.,.,.,.,.,.
2023,10,20,12,.,.,.,.,.,.,.,.,.,.,.,.,.
2023,10,20,13,.,.,.,.,.,.,.,.,.,.,.,.,.
2023,10,20,15,.,.,.,.,.,.,.,.,.,.,.,.,.
2023,10,20,16,.,.,.,.,.,.,.,.,.,.,.,.,.
2023,10,20,17,.,.,.,.,.,.,.,.,.,.,.,.,.
2023,10,20,18,.,.,.,.,.,.,.,.,.,.,.,.,.
2023,10,20,19,.,.,.,.,.,.,.,.,.,.,.,.,.
2023,10,20,20,.,.,.,.,.,.,.,.,.,.,.,.,.
2023,10,20,21,.,.,.,.,.,.,.,.,.,.,.,.,.
2023,10,20,22,.,.,.,.,.,.,.,.,.,.,.,.,.
2023,10,20,23,.,.,.,.,.,.,.,.,.,.,.,.,.
2023,10,20,24,.,.,.,.,.,.,.,.,.,.,.,.,.
2023,10,20,25,.,.,.,.,.,.,.,.,.,.,.,.,.
2023,10,20,26,.,.,.,.,.,.,.,.,.,.,.,.,.
2023,10,20,27,.,.,.,.,.,.,.,.,.,.,.,.,.
2023,10,20,28,.,.,.,.,.,.,.,.,.,.,.,.,.
2023,10,20,29,.,.,.,.,.,.,.,.,.,.,.,.,.
2023,10,20,30,.,.,.,.,.,.,.,.,.,.,.,.,.
2023,10,20,31,.,.,.,.,.,.,.,.,.,.,.,.,.
2023,10,20,32,.,.,.,.,.,.,.,.,.,.,.,.,.
2023,10,20,33,.,.,.,.,.,.,.,.,.,.,.,.,.
2023,10,20,34,.,.,.,.,.,.,.,.,.,.,.,.,.
2023,10,20,35,.,.,.,.,.,.,.,.,.,.,.,.,.
2023,10,20,36,.,.,.,.,.,.,.,.,.,.,.,.,.
2023,10,20,37,.,.,.,.,.,.,.,.,.,.,.,.,.
2023,10,20,38,.,.,.,.,.,.,.,.,.,.,.,.,.
2023,10,20,39,.,.,.,.,.,.,.,.,.,.,.,.,.
2023,10,20,40,.,.,.,.,.,.,.,.,.,.,.,.,.
2023,10,20,41,.,.,.,.,.,.,.,.,.,.,.,.,.
2023,10,20,42,.,.,.,.,.,.,.,.,.,.,.,.,.
2023,10,20,44,.,.,.,.,.,.,.,.,.,.,.,.,.
2023,10,20,45,.,.,.,.,.,.,.,.,.,.,.,.,.
2023,10,20,46,.,.,.,.,.,.,.,.,.,.,.,.,.
2023,10,20,47,.,.,.,.,.,.,.,.,.,.,.,.,.
2023,10,20,48,.,.,.,.,.,.,.,.,.,.,.,.,.
2023,10,20,49,.,.,.,.,.,.,.,.,.,.,.,.,.
2023,10,20,50,.,.,.,.,.,.,.,.,.,.,.,.,.
2023,10,20,51,.,.,.,.,.,.,.,.,.,.,.,.,.
2023,10,20,53,.,.,.,.,.,.,.,.,.,.,.,.,.
2023,10,20,54,.,.,.,.,.,.,.,.,.,.,.,.,.
2023,10,20,55,.,.,.,.,.,.,.,.,.,.,.,.,.
2023,10,20,56,.,.,.,.,.,.,.,.,.,.,.,.,.
2023,10,27,1,.,.,.,.,.,.,.,.,.,.,.,.,.
2023,10,27,2,.,.,.,.,.,.,.,.,.,.,.,.,.
2023,10,27,4,.,.,.,.,.,.,.,.,.,.,.,.,.
2023,10,27,5,.,.,.,.,.,.,.,.,.,.,.,.,.
2023,10,27,6,.,.,.,.,.,.,.,.,.,.,.,.,.
2023,10,27,8,.,.,.,.,.,.,.,.,.,.,.,.,.
2023,10,27,9,.,.,.,.,.,.,.,.,.,.,.,.,.
2023,10,27,10,.,.,.,.,.,.,.,.,.,.,.,.,.
2023,10,27,11,.,.,.,.,.,.,.,.,.,.,.,.,.
2023,10,27,12,.,.,.,.,.,.,.,.,.,.,.,.,.
2023,10,27,13,.,.,.,.,.,.,.,.,.,.,.,.,.
2023,10,27,15,.,.,.,.,.,.,.,.,.,.,.,.,.
2023,10,27,16,.,.,.,.,.,.,.,.,.,.,.,.,.
2023,10,27,17,.,.,.,.,.,.,.,.,.,.,.,.,.
2023,10,27,18,.,.,.,.,.,.,.,.,.,.,.,.,.
2023,10,27,19,.,.,.,.,.,.,.,.,.,.,.,.,.
2023,10,27,20,.,.,.,.,.,.,.,.,.,.,.,.,.
2023,10,27,21,.,.,.,.,.,.,.,.,.,.,.,.,.
2023,10,27,22,.,.,.,.,.,.,.,.,.,.,.,.,.
2023,10,27,23,.,.,.,.,.,.,.,.,.,.,.,.,.
2023,10,27,24,.,.,.,.,.,.,.,.,.,.,.,.,.
2023,10,27,25,.,.,.,.,.,.,.,.,.,.,.,.,.
2023,10,27,26,.,.,.,.,.,.,.,.,.,.,.,.,.
2023,10,27,27,.,.,.,.,.,.,.,.,.,.,.,.,.
2023,10,27,28,.,.,.,.,.,.,.,.,.,.,.,.,.
2023,10,27,29,.,.,.,.,.,.,.,.,.,.,.,.,.
2023,10,27,30,.,.,.,.,.,.,.,.,.,.,.,.,.
2023,10,27,31,.,.,.,.,.,.,.,.,.,.,.,.,.
2023,10,27,32,.,.,.,.,.,.,.,.,.,.,.,.,.
2023,10,27,33,.,.,.,.,.,.,.,.,.,.,.,.,.
2023,10,27,34,.,.,.,.,.,.,.,.,.,.,.,.,.
2023,10,27,35,.,.,.,.,.,.,.,.,.,.,.,.,.
2023,10,27,36,.,.,.,.,.,.,.,.,.,.,.,.,.
2023,10,27,37,.,.,.,.,.,.,.,.,.,.,.,.,.
2023,10,27,38,.,.,.,.,.,.,.,.,.,.,.,.,.
2023,10,27,39,.,.,.,.,.,.,.,.,.,.,.,.,.
2023,10,27,40,.,.,.,.,.,.,.,.,.,.,.,.,.
2023,10,27,41,.,.,.,.,.,.,.,.,.,.,.,.,.
2023,10,27,42,.,.,.,.,.,.,.,.,.,.,.,.,.
2023,10,27,44,.,.,.,.,.,.,.,.,.,.,.,.,.
2023,10,27,45,.,.,.,.,.,.,.,.,.,.,.,.,.
2023,10,27,46,.,.,.,.,.,.,.,.,.,.,.,.,.
2023,10,27,47,.,.,.,.,.,.,.,.,.,.,.,.,.
2023,10,27,48,.,.,.,.,.,.,.,.,.,.,.,.,.
2023,10,27,49,.,.,.,.,.,.,.,.,.,.,.,.,.
2023,10,27,50,.,.,.,.,.,.,.,.,.,.,.,.,.
2023,10,27,51,.,.,.,.,.,.,.,.,.,.,.,.,.
2023,10,27,53,.,.,.,.,.,.,.,.,.,.,.,.,.
2023,10,27,54,.,.,.,.,.,.,.,.,.,.,.,.,.
2023,10,27,55,.,.,.,.,.,.,.,.,.,.,.,.,.
2023,10,27,56,.,.,.,.,.,.,.,.,.,.,.,.,.
2023,11,3,1,.,.,.,.,.,.,.,.,.,.,.,.,.
2023,11,3,2,.,.,.,.,.,.,.,.,.,.,.,.,.
2023,11,3,4,.,.,.,.,.,.,.,.,.,.,.,.,.
2023,11,3,5,.,.,.,.,.,.,.,.,.,.,.,.,.
2023,11,3,6,.,.,.,.,.,.,.,.,.,.,.,.,.
2023,11,3,8,.,.,.,.,.,.,.,.,.,.,.,.,.
2023,11,3,9,.,.,.,.,.,.,.,.,.,.,.,.,.
2023,11,3,10,.,.,.,.,.,.,.,.,.,.,.,.,.
2023,11,3,11,.,.,.,.,.,.,.,.,.,.,.,.,.
2023,11,3,12,.,.,.,.,.,.,.,.,.,.,.,.,.
2023,11,3,13,.,.,.,.,.,.,.,.,.,.,.,.,.
2023,11,3,15,.,.,.,.,.,.,.,.,.,.,.,.,.
2023,11,3,16,.,.,.,.,.,.,.,.,.,.,.,.,.
2023,11,3,17,.,.,.,.,.,.,.,.,.,.,.,.,.
2023,11,3,18,.,.,.,.,.,.,.,.,.,.,.,.,.
2023,11,3,19,.,.,.,.,.,.,.,.,.,.,.,.,.
2023,11,3,20,.,.,.,.,.,.,.,.,.,.,.,.,.
2023,11,3,21,.,.,.,.,.,.,.,.,.,.,.,.,.
2023,11,3,22,.,.,.,.,.,.,.,.,.,.,.,.,.
2023,11,3,23,.,.,.,.,.,.,.,.,.,.,.,.,.
2023,11,3,24,.,.,.,.,.,.,.,.,.,.,.,.,.
2023,11,3,25,.,.,.,.,.,.,.,.,.,.,.,.,.
2023,11,3,26,.,.,.,.,.,.,.,.,.,.,.,.,.
2023,11,3,27,.,.,.,.,.,.,.,.,.,.,.,.,.
2023,11,3,28,.,.,.,.,.,.,.,.,.,.,.,.,.
2023,11,3,29,.,.,.,.,.,.,.,.,.,.,.,.,.
2023,11,3,30,.,.,.,.,.,.,.,.,.,.,.,.,.
2023,11,3,31,.,.,.,.,.,.,.,.,.,.,.,.,.
2023,11,3,32,.,.,.,.,.,.,.,.,.,.,.,.,.
2023,11,3,33,.,.,.,.,.,.,.,.,.,.,.,.,.
2023,11,3,34,.,.,.,.,.,.,.,.,.,.,.,.,.
2023,11,3,35,.,.,.,.,.,.,.,.,.,.,.,.,.
2023,11,3,36,.,.,.,.,.,.,.,.,.,.,.,.,.
2023,11,3,37,.,.,.,.,.,.,.,.,.,.,.,.,.
2023,11,3,38,.,.,.,.,.,.,.,.,.,.,.,.,.
2023,11,3,39,.,.,.,.,.,.,.,.,.,.,.,.,.
2023,11,3,40,.,.,.,.,.,.,.,.,.,.,.,.,.
2023,11,3,41,.,.,.,.,.,.,.,.,.,.,.,.,.
2023,11,3,42,.,.,.,.,.,.,.,.,.,.,.,.,.
2023,11,3,44,.,.,.,.,.,.,.,.,.,.,.,.,.
2023,11,3,45,.,.,.,.,.,.,.,.,.,.,.,.,.
2023,11,3,46,.,.,.,.,.,.,.,.,.,.,.,.,.
2023,11,3,47,.,.,.,.,.,.,.,.,.,.,.,.,.
2023,11,3,48,.,.,.,.,.,.,.,.,.,.,.,.,.
2023,11,3,49,.,.,.,.,.,.,.,.,.,.,.,.,.
2023,11,3,50,.,.,.,.,.,.,.,.,.,.,.,.,.
2023,11,3,51,.,.,.,.,.,.,.,.,.,.,.,.,.
2023,11,3,53,.,.,.,.,.,.,.,.,.,.,.,.,.
2023,11,3,54,.,.,.,.,.,.,.,.,.,.,.,.,.
2023,11,3,55,.,.,.,.,.,.,.,.,.,.,.,.,.
2023,11,3,56,.,.,.,.,.,.,.,.,.,.,.,.,.
2023,11,10,1,.,.,.,.,.,.,.,.,.,.,.,.,.
2023,11,10,2,.,.,.,.,.,.,.,.,.,.,.,.,.
2023,11,10,4,.,.,.,.,.,.,.,.,.,.,.,.,.
2023,11,10,5,.,.,.,.,.,.,.,.,.,.,.,.,.
2023,11,10,6,.,.,.,.,.,.,.,.,.,.,.,.,.
2023,11,10,8,.,.,.,.,.,.,.,.,.,.,.,.,.
2023,11,10,9,.,.,.,.,.,.,.,.,.,.,.,.,.
2023,11,10,10,.,.,.,.,.,.,.,.,.,.,.,.,.
2023,11,10,11,.,.,.,.,.,.,.,.,.,.,.,.,.
2023,11,10,12,.,.,.,.,.,.,.,.,.,.,.,.,.
2023,11,10,13,.,.,.,.,.,.,.,.,.,.,.,.,.
2023,11,10,15,.,.,.,.,.,.,.,.,.,.,.,.,.
2023,11,10,16,.,.,.,.,.,.,.,.,.,.,.,.,.
2023,11,10,17,.,.,.,.,.,.,.,.,.,.,.,.,.
2023,11,10,18,.,.,.,.,.,.,.,.,.,.,.,.,.
2023,11,10,19,.,.,.,.,.,.,.,.,.,.,.,.,.
2023,11,10,20,.,.,.,.,.,.,.,.,.,.,.,.,.
2023,11,10,21,.,.,.,.,.,.,.,.,.,.,.,.,.
2023,11,10,22,.,.,.,.,.,.,.,.,.,.,.,.,.
2023,11,10,23,.,.,.,.,.,.,.,.,.,.,.,.,.
2023,11,10,24,.,.,.,.,.,.,.,.,.,.,.,.,.
2023,11,10,25,.,.,.,.,.,.,.,.,.,.,.,.,.
2023,11,10,26,.,.,.,.,.,.,.,.,.,.,.,.,.
2023,11,10,27,.,.,.,.,.,.,.,.,.,.,.,.,.
2023,11,10,28,.,.,.,.,.,.,.,.,.,.,.,.,.
2023,11,10,29,.,.,.,.,.,.,.,.,.,.,.,.,.
2023,11,10,30,.,.,.,.,.,.,.,.,.,.,.,.,.
2023,11,10,31,.,.,.,.,.,.,.,.,.,.,.,.,.
2023,11,10,32,.,.,.,.,.,.,.,.,.,.,.,.,.
2023,11,10,33,.,.,.,.,.,.,.,.,.,.,.,.,.
2023,11,10,34,.,.,.,.,.,.,.,.,.,.,.,.,.
2023,11,10,35,.,.,.,.,.,.,.,.,.,.,.,.,.
2023,11,10,36,.,.,.,.,.,.,.,.,.,.,.,.,.
2023,11,10,37,.,.,.,.,.,.,.,.,.,.,.,.,.
2023,11,10,38,.,.,.,.,.,.,.,.,.,.,.,.,.
2023,11,10,39,.,.,.,.,.,.,.,.,.,.,.,.,.
2023,11,10,40,.,.,.,.,.,.,.,.,.,.,.,.,.
2023,11,10,41,.,.,.,.,.,.,.,.,.,.,.,.,.
2023,11,10,42,.,.,.,.,.,.,.,.,.,.,.,.,.
2023,11,10,44,.,.,.,.,.,.,.,.,.,.,.,.,.
2023,11,10,45,.,.,.,.,.,.,.,.,.,.,.,.,.
2023,11,10,46,.,.,.,.,.,.,.,.,.,.,.,.,.
2023,11,10,47,.,.,.,.,.,.,.,.,.,.,.,.,.
2023,11,10,48,.,.,.,.,.,.,.,.,.,.,.,.,.
2023,11,10,49,.,.,.,.,.,.,.,.,.,.,.,.,.
2023,11,10,50,.,.,.,.,.,.,.,.,.,.,.,.,.
2023,11,10,51,.,.,.,.,.,.,.,.,.,.,.,.,.
2023,11,10,53,.,.,.,.,.,.,.,.,.,.,.,.,.
2023,11,10,54,.,.,.,.,.,.,.,.,.,.,.,.,.
2023,11,10,55,.,.,.,.,.,.,.,.,.,.,.,.,.
2023,11,10,56,.,.,.,.,.,.,.,.,.,.,.,.,.
2023,11,17,1,.,.,.,.,.,.,.,.,.,.,.,.,.
2023,11,17,2,.,.,.,.,.,.,.,.,.,.,.,.,.
2023,11,17,4,.,.,.,.,.,.,.,.,.,.,.,.,.
2023,11,17,5,.,.,.,.,.,.,.,.,.,.,.,.,.
2023,11,17,6,.,.,.,.,.,.,.,.,.,.,.,.,.
2023,11,17,8,.,.,.,.,.,.,.,.,.,.,.,.,.
2023,11,17,9,.,.,.,.,.,.,.,.,.,.,.,.,.
2023,11,17,10,.,.,.,.,.,.,.,.,.,.,.,.,.
2023,11,17,11,.,.,.,.,.,.,.,.,.,.,.,.,.
2023,11,17,12,.,.,.,.,.,.,.,.,.,.,.,.,.
2023,11,17,13,.,.,.,.,.,.,.,.,.,.,.,.,.
2023,11,17,15,.,.,.,.,.,.,.,.,.,.,.,.,.
2023,11,17,16,.,.,.,.,.,.,.,.,.,.,.,.,.
2023,11,17,17,.,.,.,.,.,.,.,.,.,.,.,.,.
2023,11,17,18,.,.,.,.,.,.,.,.,.,.,.,.,.
2023,11,17,19,.,.,.,.,.,.,.,.,.,.,.,.,.
2023,11,17,20,.,.,.,.,.,.,.,.,.,.,.,.,.
2023,11,17,21,.,.,.,.,.,.,.,.,.,.,.,.,.
2023,11,17,22,.,.,.,.,.,.,.,.,.,.,.,.,.
2023,11,17,23,.,.,.,.,.,.,.,.,.,.,.,.,.
2023,11,17,24,.,.,.,.,.,.,.,.,.,.,.,.,.
2023,11,17,25,.,.,.,.,.,.,.,.,.,.,.,.,.
2023,11,17,26,.,.,.,.,.,.,.,.,.,.,.,.,.
2023,11,17,27,.,.,.,.,.,.,.,.,.,.,.,.,.
2023,11,17,28,.,.,.,.,.,.,.,.,.,.,.,.,.
2023,11,17,29,.,.,.,.,.,.,.,.,.,.,.,.,.
2023,11,17,30,.,.,.,.,.,.,.,.,.,.,.,.,.
2023,11,17,31,.,.,.,.,.,.,.,.,.,.,.,.,.
2023,11,17,32,.,.,.,.,.,.,.,.,.,.,.,.,.
2023,11,17,33,.,.,.,.,.,.,.,.,.,.,.,.,.
2023,11,17,34,.,.,.,.,.,.,.,.,.,.,.,.,.
2023,11,17,35,.,.,.,.,.,.,.,.,.,.,.,.,.
2023,11,17,36,.,.,.,.,.,.,.,.,.,.,.,.,.
2023,11,17,37,.,.,.,.,.,.,.,.,.,.,.,.,.
2023,11,17,38,.,.,.,.,.,.,.,.,.,.,.,.,.
2023,11,17,39,.,.,.,.,.,.,.,.,.,.,.,.,.
2023,11,17,40,.,.,.,.,.,.,.,.,.,.,.,.,.
2023,11,17,41,.,.,.,.,.,.,.,.,.,.,.,.,.
2023,11,17,42,.,.,.,.,.,.,.,.,.,.,.,.,.
2023,11,17,44,.,.,.,.,.,.,.,.,.,.,.,.,.
2023,11,17,45,.,.,.,.,.,.,.,.,.,.,.,.,.
2023,11,17,46,.,.,.,.,.,.,.,.,.,.,.,.,.
2023,11,17,47,.,.,.,.,.,.,.,.,.,.,.,.,.
2023,11,17,48,.,.,.,.,.,.,.,.,.,.,.,.,.
2023,11,17,49,.,.,.,.,.,.,.,.,.,.,.,.,.
2023,11,17,50,.,.,.,.,.,.,.,.,.,.,.,.,.
2023,11,17,51,.,.,.,.,.,.,.,.,.,.,.,.,.
2023,11,17,53,.,.,.,.,.,.,.,.,.,.,.,.,.
2023,11,17,54,.,.,.,.,.,.,.,.,.,.,.,.,.
2023,11,17,55,.,.,.,.,.,.,.,.,.,.,.,.,.
2023,11,17,56,.,.,.,.,.,.,.,.,.,.,.,.,.
2023,11,24,1,.,.,.,.,.,.,.,.,.,.,.,.,.
2023,11,24,2,.,.,.,.,.,.,.,.,.,.,.,.,.
2023,11,24,4,.,.,.,.,.,.,.,.,.,.,.,.,.
2023,11,24,5,.,.,.,.,.,.,.,.,.,.,.,.,.
2023,11,24,6,.,.,.,.,.,.,.,.,.,.,.,.,.
2023,11,24,8,.,.,.,.,.,.,.,.,.,.,.,.,.
2023,11,24,9,.,.,.,.,.,.,.,.,.,.,.,.,.
2023,11,24,10,.,.,.,.,.,.,.,.,.,.,.,.,.
2023,11,24,11,.,.,.,.,.,.,.,.,.,.,.,.,.
2023,11,24,12,.,.,.,.,.,.,.,.,.,.,.,.,.
2023,11,24,13,.,.,.,.,.,.,.,.,.,.,.,.,.
2023,11,24,15,.,.,.,.,.,.,.,.,.,.,.,.,.
2023,11,24,16,.,.,.,.,.,.,.,.,.,.,.,.,.
2023,11,24,17,.,.,.,.,.,.,.,.,.,.,.,.,.
2023,11,24,18,.,.,.,.,.,.,.,.,.,.,.,.,.
2023,11,24,19,.,.,.,.,.,.,.,.,.,.,.,.,.
2023,11,24,20,.,.,.,.,.,.,.,.,.,.,.,.,.
2023,11,24,21,.,.,.,.,.,.,.,.,.,.,.,.,.
2023,11,24,22,.,.,.,.,.,.,.,.,.,.,.,.,.
2023,11,24,23,.,.,.,.,.,.,.,.,.,.,.,.,.
2023,11,24,24,.,.,.,.,.,.,.,.,.,.,.,.,.
2023,11,24,25,.,.,.,.,.,.,.,.,.,.,.,.,.
2023,11,24,26,.,.,.,.,.,.,.,.,.,.,.,.,.
2023,11,24,27,.,.,.,.,.,.,.,.,.,.,.,.,.
2023,11,24,28,.,.,.,.,.,.,.,.,.,.,.,.,.
2023,11,24,29,.,.,.,.,.,.,.,.,.,.,.,.,.
2023,11,24,30,.,.,.,.,.,.,.,.,.,.,.,.,.
2023,11,24,31,.,.,.,.,.,.,.,.,.,.,.,.,.
2023,11,24,32,.,.,.,.,.,.,.,.,.,.,.,.,.
2023,11,24,33,.,.,.,.,.,.,.,.,.,.,.,.,.
2023,11,24,34,.,.,.,.,.,.,.,.,.,.,.,.,.
2023,11,24,35,.,.,.,.,.,.,.,.,.,.,.,.,.
2023,11,24,36,.,.,.,.,.,.,.,.,.,.,.,.,.
2023,11,24,37,.,.,.,.,.,.,.,.,.,.,.,.,.
2023,11,24,38,.,.,.,.,.,.,.,.,.,.,.,.,.
2023,11,24,39,.,.,.,.,.,.,.,.,.,.,.,.,.
2023,11,24,40,.,.,.,.,.,.,.,.,.,.,.,.,.
2023,11,24,41,.,.,.,.,.,.,.,.,.,.,.,.,.
2023,11,24,42,.,.,.,.,.,.,.,.,.,.,.,.,.
2023,11,24,44,.,.,.,.,.,.,.,.,.,.,.,.,.
2023,11,24,45,.,.,.,.,.,.,.,.,.,.,.,.,.
2023,11,24,46,.,.,.,.,.,.,.,.,.,.,.,.,.
2023,11,24,47,.,.,.,.,.,.,.,.,.,.,.,.,.
2023,11,24,48,.,.,.,.,.,.,.,.,.,.,.,.,.
2023,11,24,49,.,.,.,.,.,.,.,.,.,.,.,.,.
2023,11,24,50,.,.,.,.,.,.,.,.,.,.,.,.,.
2023,11,24,51,.,.,.,.,.,.,.,.,.,.,.,.,.
2023,11,24,53,.,.,.,.,.,.,.,.,.,.,.,.,.
2023,11,24,54,.,.,.,.,.,.,.,.,.,.,.,.,.
2023,11,24,55,.,.,.,.,.,.,.,.,.,.,.,.,.
2023,11,24,56,.,.,.,.,.,.,.,.,.,.,.,.,.
2023,12,1,1,.,.,.,.,.,.,.,.,.,.,.,.,.
2023,12,1,2,.,.,.,.,.,.,.,.,.,.,.,.,.
2023,12,1,4,.,.,.,.,.,.,.,.,.,.,.,.,.
2023,12,1,5,.,.,.,.,.,.,.,.,.,.,.,.,.
2023,12,1,6,.,.,.,.,.,.,.,.,.,.,.,.,.
2023,12,1,8,.,.,.,.,.,.,.,.,.,.,.,.,.
2023,12,1,9,.,.,.,.,.,.,.,.,.,.,.,.,.
2023,12,1,10,.,.,.,.,.,.,.,.,.,.,.,.,.
2023,12,1,11,.,.,.,.,.,.,.,.,.,.,.,.,.
2023,12,1,12,.,.,.,.,.,.,.,.,.,.,.,.,.
2023,12,1,13,.,.,.,.,.,.,.,.,.,.,.,.,.
2023,12,1,15,.,.,.,.,.,.,.,.,.,.,.,.,.
2023,12,1,16,.,.,.,.,.,.,.,.,.,.,.,.,.
2023,12,1,17,.,.,.,.,.,.,.,.,.,.,.,.,.
2023,12,1,18,.,.,.,.,.,.,.,.,.,.,.,.,.
2023,12,1,19,.,.,.,.,.,.,.,.,.,.,.,.,.
2023,12,1,20,.,.,.,.,.,.,.,.,.,.,.,.,.
2023,12,1,21,.,.,.,.,.,.,.,.,.,.,.,.,.
2023,12,1,22,.,.,.,.,.,.,.,.,.,.,.,.,.
2023,12,1,23,.,.,.,.,.,.,.,.,.,.,.,.,.
2023,12,1,24,.,.,.,.,.,.,.,.,.,.,.,.,.
2023,12,1,25,.,.,.,.,.,.,.,.,.,.,.,.,.
2023,12,1,26,.,.,.,.,.,.,.,.,.,.,.,.,.
2023,12,1,27,.,.,.,.,.,.,.,.,.,.,.,.,.
2023,12,1,28,.,.,.,.,.,.,.,.,.,.,.,.,.
2023,12,1,29,.,.,.,.,.,.,.,.,.,.,.,.,.
2023,12,1,30,.,.,.,.,.,.,.,.,.,.,.,.,.
2023,12,1,31,.,.,.,.,.,.,.,.,.,.,.,.,.
2023,12,1,32,.,.,.,.,.,.,.,.,.,.,.,.,.
2023,12,1,33,.,.,.,.,.,.,.,.,.,.,.,.,.
2023,12,1,34,.,.,.,.,.,.,.,.,.,.,.,.,.
2023,12,1,35,.,.,.,.,.,.,.,.,.,.,.,.,.
2023,12,1,36,.,.,.,.,.,.,.,.,.,.,.,.,.
2023,12,1,37,.,.,.,.,.,.,.,.,.,.,.,.,.
2023,12,1,38,.,.,.,.,.,.,.,.,.,.,.,.,.
2023,12,1,39,.,.,.,.,.,.,.,.,.,.,.,.,.
2023,12,1,40,.,.,.,.,.,.,.,.,.,.,.,.,.
2023,12,1,41,.,.,.,.,.,.,.,.,.,.,.,.,.
2023,12,1,42,.,.,.,.,.,.,.,.,.,.,.,.,.
2023,12,1,44,.,.,.,.,.,.,.,.,.,.,.,.,.
2023,12,1,45,.,.,.,.,.,.,.,.,.,.,.,.,.
2023,12,1,46,.,.,.,.,.,.,.,.,.,.,.,.,.
2023,12,1,47,.,.,.,.,.,.,.,.,.,.,.,.,.
2023,12,1,48,.,.,.,.,.,.,.,.,.,.,.,.,.
2023,12,1,49,.,.,.,.,.,.,.,.,.,.,.,.,.
2023,12,1,50,.,.,.,.,.,.,.,.,.,.,.,.,.
2023,12,1,51,.,.,.,.,.,.,.,.,.,.,.,.,.
2023,12,1,53,.,.,.,.,.,.,.,.,.,.,.,.,.
2023,12,1,54,.,.,.,.,.,.,.,.,.,.,.,.,.
2023,12,1,55,.,.,.,.,.,.,.,.,.,.,.,.,.
2023,12,1,56,.,.,.,.,.,.,.,.,.,.,.,.,.
2023,12,8,1,.,.,.,.,.,.,.,.,.,.,.,.,.
2023,12,8,2,.,.,.,.,.,.,.,.,.,.,.,.,.
2023,12,8,4,.,.,.,.,.,.,.,.,.,.,.,.,.
2023,12,8,5,.,.,.,.,.,.,.,.,.,.,.,.,.
2023,12,8,6,.,.,.,.,.,.,.,.,.,.,.,.,.
2023,12,8,8,.,.,.,.,.,.,.,.,.,.,.,.,.
2023,12,8,9,.,.,.,.,.,.,.,.,.,.,.,.,.
2023,12,8,10,.,.,.,.,.,.,.,.,.,.,.,.,.
2023,12,8,11,.,.,.,.,.,.,.,.,.,.,.,.,.
2023,12,8,12,.,.,.,.,.,.,.,.,.,.,.,.,.
2023,12,8,13,.,.,.,.,.,.,.,.,.,.,.,.,.
2023,12,8,15,.,.,.,.,.,.,.,.,.,.,.,.,.
2023,12,8,16,.,.,.,.,.,.,.,.,.,.,.,.,.
2023,12,8,17,.,.,.,.,.,.,.,.,.,.,.,.,.
2023,12,8,18,.,.,.,.,.,.,.,.,.,.,.,.,.
2023,12,8,19,.,.,.,.,.,.,.,.,.,.,.,.,.
2023,12,8,20,.,.,.,.,.,.,.,.,.,.,.,.,.
2023,12,8,21,.,.,.,.,.,.,.,.,.,.,.,.,.
2023,12,8,22,.,.,.,.,.,.,.,.,.,.,.,.,.
2023,12,8,23,.,.,.,.,.,.,.,.,.,.,.,.,.
2023,12,8,24,.,.,.,.,.,.,.,.,.,.,.,.,.
2023,12,8,25,.,.,.,.,.,.,.,.,.,.,.,.,.
2023,12,8,26,.,.,.,.,.,.,.,.,.,.,.,.,.
2023,12,8,27,.,.,.,.,.,.,.,.,.,.,.,.,.
2023,12,8,28,.,.,.,.,.,.,.,.,.,.,.,.,.
2023,12,8,29,.,.,.,.,.,.,.,.,.,.,.,.,.
2023,12,8,30,.,.,.,.,.,.,.,.,.,.,.,.,.
2023,12,8,31,.,.,.,.,.,.,.,.,.,.,.,.,.
2023,12,8,32,.,.,.,.,.,.,.,.,.,.,.,.,.
2023,12,8,33,.,.,.,.,.,.,.,.,.,.,.,.,.
2023,12,8,34,.,.,.,.,.,.,.,.,.,.,.,.,.
2023,12,8,35,.,.,.,.,.,.,.,.,.,.,.,.,.
2023,12,8,36,.,.,.,.,.,.,.,.,.,.,.,.,.
2023,12,8,37,.,.,.,.,.,.,.,.,.,.,.,.,.
2023,12,8,38,.,.,.,.,.,.,.,.,.,.,.,.,.
2023,12,8,39,.,.,.,.,.,.,.,.,.,.,.,.,.
2023,12,8,40,.,.,.,.,.,.,.,.,.,.,.,.,.
2023,12,8,41,.,.,.,.,.,.,.,.,.,.,.,.,.
2023,12,8,42,.,.,.,.,.,.,.,.,.,.,.,.,.
2023,12,8,44,.,.,.,.,.,.,.,.,.,.,.,.,.
2023,12,8,45,.,.,.,.,.,.,.,.,.,.,.,.,.
2023,12,8,46,.,.,.,.,.,.,.,.,.,.,.,.,.
2023,12,8,47,.,.,.,.,.,.,.,.,.,.,.,.,.
2023,12,8,48,.,.,.,.,.,.,.,.,.,.,.,.,.
2023,12,8,49,.,.,.,.,.,.,.,.,.,.,.,.,.
2023,12,8,50,.,.,.,.,.,.,.,.,.,.,.,.,.
2023,12,8,51,.,.,.,.,.,.,.,.,.,.,.,.,.
2023,12,8,53,.,.,.,.,.,.,.,.,.,.,.,.,.
2023,12,8,54,.,.,.,.,.,.,.,.,.,.,.,.,.
2023,12,8,55,.,.,.,.,.,.,.,.,.,.,.,.,.
2023,12,8,56,.,.,.,.,.,.,.,.,.,.,.,.,.
2023,12,15,1,.,.,.,.,.,.,.,.,.,.,.,.,.
2023,12,15,2,.,.,.,.,.,.,.,.,.,.,.,.,.
2023,12,15,4,.,.,.,.,.,.,.,.,.,.,.,.,.
2023,12,15,5,.,.,.,.,.,.,.,.,.,.,.,.,.
2023,12,15,6,.,.,.,.,.,.,.,.,.,.,.,.,.
2023,12,15,8,.,.,.,.,.,.,.,.,.,.,.,.,.
2023,12,15,9,.,.,.,.,.,.,.,.,.,.,.,.,.
2023,12,15,10,.,.,.,.,.,.,.,.,.,.,.,.,.
2023,12,15,11,.,.,.,.,.,.,.,.,.,.,.,.,.
2023,12,15,12,.,.,.,.,.,.,.,.,.,.,.,.,.
2023,12,15,13,.,.,.,.,.,.,.,.,.,.,.,.,.
2023,12,15,15,.,.,.,.,.,.,.,.,.,.,.,.,.
2023,12,15,16,.,.,.,.,.,.,.,.,.,.,.,.,.
2023,12,15,17,.,.,.,.,.,.,.,.,.,.,.,.,.
2023,12,15,18,.,.,.,.,.,.,.,.,.,.,.,.,.
2023,12,15,19,.,.,.,.,.,.,.,.,.,.,.,.,.
2023,12,15,20,.,.,.,.,.,.,.,.,.,.,.,.,.
2023,12,15,21,.,.,.,.,.,.,.,.,.,.,.,.,.
2023,12,15,22,.,.,.,.,.,.,.,.,.,.,.,.,.
2023,12,15,23,.,.,.,.,.,.,.,.,.,.,.,.,.
2023,12,15,24,.,.,.,.,.,.,.,.,.,.,.,.,.
2023,12,15,25,.,.,.,.,.,.,.,.,.,.,.,.,.
2023,12,15,26,.,.,.,.,.,.,.,.,.,.,.,.,.
2023,12,15,27,.,.,.,.,.,.,.,.,.,.,.,.,.
2023,12,15,28,.,.,.,.,.,.,.,.,.,.,.,.,.
2023,12,15,29,.,.,.,.,.,.,.,.,.,.,.,.,.
2023,12,15,30,.,.,.,.,.,.,.,.,.,.,.,.,.
2023,12,15,31,.,.,.,.,.,.,.,.,.,.,.,.,.
2023,12,15,32,.,.,.,.,.,.,.,.,.,.,.,.,.
2023,12,15,33,.,.,.,.,.,.,.,.,.,.,.,.,.
2023,12,15,34,.,.,.,.,.,.,.,.,.,.,.,.,.
2023,12,15,35,.,.,.,.,.,.,.,.,.,.,.,.,.
2023,12,15,36,.,.,.,.,.,.,.,.,.,.,.,.,.
2023,12,15,37,.,.,.,.,.,.,.,.,.,.,.,.,.
2023,12,15,38,.,.,.,.,.,.,.,.,.,.,.,.,.
2023,12,15,39,.,.,.,.,.,.,.,.,.,.,.,.,.
2023,12,15,40,.,.,.,.,.,.,.,.,.,.,.,.,.
2023,12,15,41,.,.,.,.,.,.,.,.,.,.,.,.,.
2023,12,15,42,.,.,.,.,.,.,.,.,.,.,.,.,.
2023,12,15,44,.,.,.,.,.,.,.,.,.,.,.,.,.
2023,12,15,45,.,.,.,.,.,.,.,.,.,.,.,.,.
2023,12,15,46,.,.,.,.,.,.,.,.,.,.,.,.,.
2023,12,15,47,.,.,.,.,.,.,.,.,.,.,.,.,.
2023,12,15,48,.,.,.,.,.,.,.,.,.,.,.,.,.
2023,12,15,49,.,.,.,.,.,.,.,.,.,.,.,.,.
2023,12,15,50,.,.,.,.,.,.,.,.,.,.,.,.,.
2023,12,15,51,.,.,.,.,.,.,.,.,.,.,.,.,.
2023,12,15,53,.,.,.,.,.,.,.,.,.,.,.,.,.
2023,12,15,54,.,.,.,.,.,.,.,.,.,.,.,.,.
2023,12,15,55,.,.,.,.,.,.,.,.,.,.,.,.,.
2023,12,15,56,.,.,.,.,.,.,.,.,.,.,.,.,.
2023,12,22,1,.,.,.,.,.,.,.,.,.,.,.,.,.
2023,12,22,2,.,.,.,.,.,.,.,.,.,.,.,.,.
2023,12,22,4,.,.,.,.,.,.,.,.,.,.,.,.,.
2023,12,22,5,.,.,.,.,.,.,.,.,.,.,.,.,.
2023,12,22,6,.,.,.,.,.,.,.,.,.,.,.,.,.
2023,12,22,8,.,.,.,.,.,.,.,.,.,.,.,.,.
2023,12,22,9,.,.,.,.,.,.,.,.,.,.,.,.,.
2023,12,22,10,.,.,.,.,.,.,.,.,.,.,.,.,.
2023,12,22,11,.,.,.,.,.,.,.,.,.,.,.,.,.
2023,12,22,12,.,.,.,.,.,.,.,.,.,.,.,.,.
2023,12,22,13,.,.,.,.,.,.,.,.,.,.,.,.,.
2023,12,22,15,.,.,.,.,.,.,.,.,.,.,.,.,.
2023,12,22,16,.,.,.,.,.,.,.,.,.,.,.,.,.
2023,12,22,17,.,.,.,.,.,.,.,.,.,.,.,.,.
2023,12,22,18,.,.,.,.,.,.,.,.,.,.,.,.,.
2023,12,22,19,.,.,.,.,.,.,.,.,.,.,.,.,.
2023,12,22,20,.,.,.,.,.,.,.,.,.,.,.,.,.
2023,12,22,21,.,.,.,.,.,.,.,.,.,.,.,.,.
2023,12,22,22,.,.,.,.,.,.,.,.,.,.,.,.,.
2023,12,22,23,.,.,.,.,.,.,.,.,.,.,.,.,.
2023,12,22,24,.,.,.,.,.,.,.,.,.,.,.,.,.
2023,12,22,25,.,.,.,.,.,.,.,.,.,.,.,.,.
2023,12,22,26,.,.,.,.,.,.,.,.,.,.,.,.,.
2023,12,22,27,.,.,.,.,.,.,.,.,.,.,.,.,.
2023,12,22,28,.,.,.,.,.,.,.,.,.,.,.,.,.
2023,12,22,29,.,.,.,.,.,.,.,.,.,.,.,.,.
2023,12,22,30,.,.,.,.,.,.,.,.,.,.,.,.,.
2023,12,22,31,.,.,.,.,.,.,.,.,.,.,.,.,.
2023,12,22,32,.,.,.,.,.,.,.,.,.,.,.,.,.
2023,12,22,33,.,.,.,.,.,.,.,.,.,.,.,.,.
2023,12,22,34,.,.,.,.,.,.,.,.,.,.,.,.,.
2023,12,22,35,.,.,.,.,.,.,.,.,.,.,.,.,.
2023,12,22,36,.,.,.,.,.,.,.,.,.,.,.,.,.
2023,12,22,37,.,.,.,.,.,.,.,.,.,.,.,.,.
2023,12,22,38,.,.,.,.,.,.,.,.,.,.,.,.,.
2023,12,22,39,.,.,.,.,.,.,.,.,.,.,.,.,.
2023,12,22,40,.,.,.,.,.,.,.,.,.,.,.,.,.
2023,12,22,41,.,.,.,.,.,.,.,.,.,.,.,.,.
2023,12,22,42,.,.,.,.,.,.,.,.,.,.,.,.,.
2023,12,22,44,.,.,.,.,.,.,.,.,.,.,.,.,.
2023,12,22,45,.,.,.,.,.,.,.,.,.,.,.,.,.
2023,12,22,46,.,.,.,.,.,.,.,.,.,.,.,.,.
2023,12,22,47,.,.,.,.,.,.,.,.,.,.,.,.,.
2023,12,22,48,.,.,.,.,.,.,.,.,.,.,.,.,.
2023,12,22,49,.,.,.,.,.,.,.,.,.,.,.,.,.
2023,12,22,50,.,.,.,.,.,.,.,.,.,.,.,.,.
2023,12,22,51,.,.,.,.,.,.,.,.,.,.,.,.,.
2023,12,22,53,.,.,.,.,.,.,.,.,.,.,.,.,.
2023,12,22,54,.,.,.,.,.,.,.,.,.,.,.,.,.
2023,12,22,55,.,.,.,.,.,.,.,.,.,.,.,.,.
2023,12,22,56,.,.,.,.,.,.,.,.,.,.,.,.,.
2023,12,29,1,.,.,.,.,.,.,.,.,.,.,.,.,.
2023,12,29,2,.,.,.,.,.,.,.,.,.,.,.,.,.
2023,12,29,4,.,.,.,.,.,.,.,.,.,.,.,.,.
2023,12,29,5,.,.,.,.,.,.,.,.,.,.,.,.,.
2023,12,29,6,.,.,.,.,.,.,.,.,.,.,.,.,.
2023,12,29,8,.,.,.,.,.,.,.,.,.,.,.,.,.
2023,12,29,9,.,.,.,.,.,.,.,.,.,.,.,.,.
2023,12,29,10,.,.,.,.,.,.,.,.,.,.,.,.,.
2023,12,29,11,.,.,.,.,.,.,.,.,.,.,.,.,.
2023,12,29,12,.,.,.,.,.,.,.,.,.,.,.,.,.
2023,12,29,13,.,.,.,.,.,.,.,.,.,.,.,.,.
2023,12,29,15,.,.,.,.,.,.,.,.,.,.,.,.,.
2023,12,29,16,.,.,.,.,.,.,.,.,.,.,.,.,.
2023,12,29,17,.,.,.,.,.,.,.,.,.,.,.,.,.
2023,12,29,18,.,.,.,.,.,.,.,.,.,.,.,.,.
2023,12,29,19,.,.,.,.,.,.,.,.,.,.,.,.,.
2023,12,29,20,.,.,.,.,.,.,.,.,.,.,.,.,.
2023,12,29,21,.,.,.,.,.,.,.,.,.,.,.,.,.
2023,12,29,22,.,.,.,.,.,.,.,.,.,.,.,.,.
2023,12,29,23,.,.,.,.,.,.,.,.,.,.,.,.,.
2023,12,29,24,.,.,.,.,.,.,.,.,.,.,.,.,.
2023,12,29,25,.,.,.,.,.,.,.,.,.,.,.,.,.
2023,12,29,26,.,.,.,.,.,.,.,.,.,.,.,.,.
2023,12,29,27,.,.,.,.,.,.,.,.,.,.,.,.,.
2023,12,29,28,.,.,.,.,.,.,.,.,.,.,.,.,.
2023,12,29,29,.,.,.,.,.,.,.,.,.,.,.,.,.
2023,12,29,30,.,.,.,.,.,.,.,.,.,.,.,.,.
2023,12,29,31,.,.,.,.,.,.,.,.,.,.,.,.,.
2023,12,29,32,.,.,.,.,.,.,.,.,.,.,.,.,.
2023,12,29,33,.,.,.,.,.,.,.,.,.,.,.,.,.
2023,12,29,34,.,.,.,.,.,.,.,.,.,.,.,.,.
2023,12,29,35,.,.,.,.,.,.,.,.,.,.,.,.,.
2023,12,29,36,.,.,.,.,.,.,.,.,.,.,.,.,.
2023,12,29,37,.,.,.,.,.,.,.,.,.,.,.,.,.
2023,12,29,38,.,.,.,.,.,.,.,.,.,.,.,.,.
2023,12,29,39,.,.,.,.,.,.,.,.,.,.,.,.,.
2023,12,29,40,.,.,.,.,.,.,.,.,.,.,.,.,.
2023,12,29,41,.,.,.,.,.,.,.,.,.,.,.,.,.
2023,12,29,42,.,.,.,.,.,.,.,.,.,.,.,.,.
2023,12,29,44,.,.,.,.,.,.,.,.,.,.,.,.,.
2023,12,29,45,.,.,.,.,.,.,.,.,.,.,.,.,.
2023,12,29,46,.,.,.,.,.,.,.,.,.,.,.,.,.
2023,12,29,47,.,.,.,.,.,.,.,.,.,.,.,.,.
2023,12,29,48,.,.,.,.,.,.,.,.,.,.,.,.,.
2023,12,29,49,.,.,.,.,.,.,.,.,.,.,.,.,.
2023,12,29,50,.,.,.,.,.,.,.,.,.,.,.,.,.
2023,12,29,51,.,.,.,.,.,.,.,.,.,.,.,.,.
2023,12,29,53,.,.,.,.,.,.,.,.,.,.,.,.,.
2023,12,29,54,.,.,.,.,.,.,.,.,.,.,.,.,.
2023,12,29,55,.,.,.,.,.,.,.,.,.,.,.,.,.
2023,12,29,56,.,.,.,.,.,.,.,.,.,.,.,.,.
2024,1,5,1,.,.,.,.,.,.,.,.,.,.,.,.,.
2024,1,5,2,.,.,.,.,.,.,.,.,.,.,.,.,.
2024,1,5,4,.,.,.,.,.,.,.,.,.,.,.,.,.
2024,1,5,5,.,.,.,.,.,.,.,.,.,.,.,.,.
2024,1,5,6,.,.,.,.,.,.,.,.,.,.,.,.,.
2024,1,5,8,.,.,.,.,.,.,.,.,.,.,.,.,.
2024,1,5,9,.,.,.,.,.,.,.,.,.,.,.,.,.
2024,1,5,10,.,.,.,.,.,.,.,.,.,.,.,.,.
2024,1,5,11,.,.,.,.,.,.,.,.,.,.,.,.,.
2024,1,5,12,.,.,.,.,.,.,.,.,.,.,.,.,.
2024,1,5,13,.,.,.,.,.,.,.,.,.,.,.,.,.
2024,1,5,15,.,.,.,.,.,.,.,.,.,.,.,.,.
2024,1,5,16,.,.,.,.,.,.,.,.,.,.,.,.,.
2024,1,5,17,.,.,.,.,.,.,.,.,.,.,.,.,.
2024,1,5,18,.,.,.,.,.,.,.,.,.,.,.,.,.
2024,1,5,19,.,.,.,.,.,.,.,.,.,.,.,.,.
2024,1,5,20,.,.,.,.,.,.,.,.,.,.,.,.,.
2024,1,5,21,.,.,.,.,.,.,.,.,.,.,.,.,.
2024,1,5,22,.,.,.,.,.,.,.,.,.,.,.,.,.
2024,1,5,23,.,.,.,.,.,.,.,.,.,.,.,.,.
2024,1,5,24,.,.,.,.,.,.,.,.,.,.,.,.,.
2024,1,5,25,.,.,.,.,.,.,.,.,.,.,.,.,.
2024,1,5,26,.,.,.,.,.,.,.,.,.,.,.,.,.
2024,1,5,27,.,.,.,.,.,.,.,.,.,.,.,.,.
2024,1,5,28,.,.,.,.,.,.,.,.,.,.,.,.,.
2024,1,5,29,.,.,.,.,.,.,.,.,.,.,.,.,.
2024,1,5,30,.,.,.,.,.,.,.,.,.,.,.,.,.
2024,1,5,31,.,.,.,.,.,.,.,.,.,.,.,.,.
2024,1,5,32,.,.,.,.,.,.,.,.,.,.,.,.,.
2024,1,5,33,.,.,.,.,.,.,.,.,.,.,.,.,.
2024,1,5,34,.,.,.,.,.,.,.,.,.,.,.,.,.
2024,1,5,35,.,.,.,.,.,.,.,.,.,.,.,.,.
2024,1,5,36,.,.,.,.,.,.,.,.,.,.,.,.,.
2024,1,5,37,.,.,.,.,.,.,.,.,.,.,.,.,.
2024,1,5,38,.,.,.,.,.,.,.,.,.,.,.,.,.
2024,1,5,39,.,.,.,.,.,.,.,.,.,.,.,.,.
2024,1,5,40,.,.,.,.,.,.,.,.,.,.,.,.,.
2024,1,5,41,.,.,.,.,.,.,.,.,.,.,.,.,.
2024,1,5,42,.,.,.,.,.,.,.,.,.,.,.,.,.
2024,1,5,44,.,.,.,.,.,.,.,.,.,.,.,.,.
2024,1,5,45,.,.,.,.,.,.,.,.,.,.,.,.,.
2024,1,5,46,.,.,.,.,.,.,.,.,.,.,.,.,.
2024,1,5,47,.,.,.,.,.,.,.,.,.,.,.,.,.
2024,1,5,48,.,.,.,.,.,.,.,.,.,.,.,.,.
2024,1,5,49,.,.,.,.,.,.,.,.,.,.,.,.,.
2024,1,5,50,.,.,.,.,.,.,.,.,.,.,.,.,.
2024,1,5,51,.,.,.,.,.,.,.,.,.,.,.,.,.
2024,1,5,53,.,.,.,.,.,.,.,.,.,.,.,.,.
2024,1,5,54,.,.,.,.,.,.,.,.,.,.,.,.,.
2024,1,5,55,.,.,.,.,.,.,.,.,.,.,.,.,.
2024,1,5,56,.,.,.,.,.,.,.,.,.,.,.,.,.
2024,1,12,1,.,.,.,.,.,.,.,.,.,.,.,.,.
2024,1,12,2,.,.,.,.,.,.,.,.,.,.,.,.,.
2024,1,12,4,.,.,.,.,.,.,.,.,.,.,.,.,.
2024,1,12,5,.,.,.,.,.,.,.,.,.,.,.,.,.
2024,1,12,6,.,.,.,.,.,.,.,.,.,.,.,.,.
2024,1,12,8,.,.,.,.,.,.,.,.,.,.,.,.,.
2024,1,12,9,.,.,.,.,.,.,.,.,.,.,.,.,.
2024,1,12,10,.,.,.,.,.,.,.,.,.,.,.,.,.
2024,1,12,11,.,.,.,.,.,.,.,.,.,.,.,.,.
2024,1,12,12,.,.,.,.,.,.,.,.,.,.,.,.,.
2024,1,12,13,.,.,.,.,.,.,.,.,.,.,.,.,.
2024,1,12,15,.,.,.,.,.,.,.,.,.,.,.,.,.
2024,1,12,16,.,.,.,.,.,.,.,.,.,.,.,.,.
2024,1,12,17,.,.,.,.,.,.,.,.,.,.,.,.,.
2024,1,12,18,.,.,.,.,.,.,.,.,.,.,.,.,.
2024,1,12,19,.,.,.,.,.,.,.,.,.,.,.,.,.
2024,1,12,20,.,.,.,.,.,.,.,.,.,.,.,.,.
2024,1,12,21,.,.,.,.,.,.,.,.,.,.,.,.,.
2024,1,12,22,.,.,.,.,.,.,.,.,.,.,.,.,.
2024,1,12,23,.,.,.,.,.,.,.,.,.,.,.,.,.
2024,1,12,24,.,.,.,.,.,.,.,.,.,.,.,.,.
2024,1,12,25,.,.,.,.,.,.,.,.,.,.,.,.,.
2024,1,12,26,.,.,.,.,.,.,.,.,.,.,.,.,.
2024,1,12,27,.,.,.,.,.,.,.,.,.,.,.,.,.
2024,1,12,28,.,.,.,.,.,.,.,.,.,.,.,.,.
2024,1,12,29,.,.,.,.,.,.,.,.,.,.,.,.,.
2024,1,12,30,.,.,.,.,.,.,.,.,.,.,.,.,.
2024,1,12,31,.,.,.,.,.,.,.,.,.,.,.,.,.
2024,1,12,32,.,.,.,.,.,.,.,.,.,.,.,.,.
2024,1,12,33,.,.,.,.,.,.,.,.,.,.,.,.,.
2024,1,12,34,.,.,.,.,.,.,.,.,.,.,.,.,.
2024,1,12,35,.,.,.,.,.,.,.,.,.,.,.,.,.
2024,1,12,36,.,.,.,.,.,.,.,.,.,.,.,.,.
2024,1,12,37,.,.,.,.,.,.,.,.,.,.,.,.,.
2024,1,12,38,.,.,.,.,.,.,.,.,.,.,.,.,.
2024,1,12,39,.,.,.,.,.,.,.,.,.,.,.,.,.
2024,1,12,40,.,.,.,.,.,.,.,.,.,.,.,.,.
2024,1,12,41,.,.,.,.,.,.,.,.,.,.,.,.,.
2024,1,12,42,.,.,.,.,.,.,.,.,.,.,.,.,.
2024,1,12,44,.,.,.,.,.,.,.,.,.,.,.,.,.
2024,1,12,45,.,.,.,.,.,.,.,.,.,.,.,.,.
2024,1,12,46,.,.,.,.,.,.,.,.,.,.,.,.,.
2024,1,12,47,.,.,.,.,.,.,.,.,.,.,.,.,.
2024,1,12,48,.,.,.,.,.,.,.,.,.,.,.,.,.
2024,1,12,49,.,.,.,.,.,.,.,.,.,.,.,.,.
2024,1,12,50,.,.,.,.,.,.,.,.,.,.,.,.,.
2024,1,12,51,.,.,.,.,.,.,.,.,.,.,.,.,.
2024,1,12,53,.,.,.,.,.,.,.,.,.,.,.,.,.
2024,1,12,54,.,.,.,.,.,.,.,.,.,.,.,.,.
2024,1,12,55,.,.,.,.,.,.,.,.,.,.,.,.,.
2024,1,12,56,.,.,.,.,.,.,.,.,.,.,.,.,.
2024,1,19,1,.,.,.,.,.,.,.,.,.,.,.,.,.
2024,1,19,2,.,.,.,.,.,.,.,.,.,.,.,.,.
2024,1,19,4,.,.,.,.,.,.,.,.,.,.,.,.,.
2024,1,19,5,.,.,.,.,.,.,.,.,.,.,.,.,.
2024,1,19,6,.,.,.,.,.,.,.,.,.,.,.,.,.
2024,1,19,8,.,.,.,.,.,.,.,.,.,.,.,.,.
2024,1,19,9,.,.,.,.,.,.,.,.,.,.,.,.,.
2024,1,19,10,.,.,.,.,.,.,.,.,.,.,.,.,.
2024,1,19,11,.,.,.,.,.,.,.,.,.,.,.,.,.
2024,1,19,12,.,.,.,.,.,.,.,.,.,.,.,.,.
2024,1,19,13,.,.,.,.,.,.,.,.,.,.,.,.,.
2024,1,19,15,.,.,.,.,.,.,.,.,.,.,.,.,.
2024,1,19,16,.,.,.,.,.,.,.,.,.,.,.,.,.
2024,1,19,17,.,.,.,.,.,.,.,.,.,.,.,.,.
2024,1,19,18,.,.,.,.,.,.,.,.,.,.,.,.,.
2024,1,19,19,.,.,.,.,.,.,.,.,.,.,.,.,.
2024,1,19,20,.,.,.,.,.,.,.,.,.,.,.,.,.
2024,1,19,21,.,.,.,.,.,.,.,.,.,.,.,.,.
2024,1,19,22,.,.,.,.,.,.,.,.,.,.,.,.,.
2024,1,19,23,.,.,.,.,.,.,.,.,.,.,.,.,.
2024,1,19,24,.,.,.,.,.,.,.,.,.,.,.,.,.
2024,1,19,25,.,.,.,.,.,.,.,.,.,.,.,.,.
2024,1,19,26,.,.,.,.,.,.,.,.,.,.,.,.,.
2024,1,19,27,.,.,.,.,.,.,.,.,.,.,.,.,.
2024,1,19,28,.,.,.,.,.,.,.,.,.,.,.,.,.
2024,1,19,29,.,.,.,.,.,.,.,.,.,.,.,.,.
2024,1,19,30,.,.,.,.,.,.,.,.,.,.,.,.,.
2024,1,19,31,.,.,.,.,.,.,.,.,.,.,.,.,.
2024,1,19,32,.,.,.,.,.,.,.,.,.,.,.,.,.
2024,1,19,33,.,.,.,.,.,.,.,.,.,.,.,.,.
2024,1,19,34,.,.,.,.,.,.,.,.,.,.,.,.,.
2024,1,19,35,.,.,.,.,.,.,.,.,.,.,.,.,.
2024,1,19,36,.,.,.,.,.,.,.,.,.,.,.,.,.
2024,1,19,37,.,.,.,.,.,.,.,.,.,.,.,.,.
2024,1,19,38,.,.,.,.,.,.,.,.,.,.,.,.,.
2024,1,19,39,.,.,.,.,.,.,.,.,.,.,.,.,.
2024,1,19,40,.,.,.,.,.,.,.,.,.,.,.,.,.
2024,1,19,41,.,.,.,.,.,.,.,.,.,.,.,.,.
2024,1,19,42,.,.,.,.,.,.,.,.,.,.,.,.,.
2024,1,19,44,.,.,.,.,.,.,.,.,.,.,.,.,.
2024,1,19,45,.,.,.,.,.,.,.,.,.,.,.,.,.
2024,1,19,46,.,.,.,.,.,.,.,.,.,.,.,.,.
2024,1,19,47,.,.,.,.,.,.,.,.,.,.,.,.,.
2024,1,19,48,.,.,.,.,.,.,.,.,.,.,.,.,.
2024,1,19,49,.,.,.,.,.,.,.,.,.,.,.,.,.
2024,1,19,50,.,.,.,.,.,.,.,.,.,.,.,.,.
2024,1,19,51,.,.,.,.,.,.,.,.,.,.,.,.,.
2024,1,19,53,.,.,.,.,.,.,.,.,.,.,.,.,.
2024,1,19,54,.,.,.,.,.,.,.,.,.,.,.,.,.
2024,1,19,55,.,.,.,.,.,.,.,.,.,.,.,.,.
2024,1,19,56,.,.,.,.,.,.,.,.,.,.,.,.,.
2024,1,26,1,.,.,.,.,.,.,.,.,.,.,.,.,.
2024,1,26,2,.,.,.,.,.,.,.,.,.,.,.,.,.
2024,1,26,4,.,.,.,.,.,.,.,.,.,.,.,.,.
2024,1,26,5,.,.,.,.,.,.,.,.,.,.,.,.,.
2024,1,26,6,.,.,.,.,.,.,.,.,.,.,.,.,.
2024,1,26,8,.,.,.,.,.,.,.,.,.,.,.,.,.
2024,1,26,9,.,.,.,.,.,.,.,.,.,.,.,.,.
2024,1,26,10,.,.,.,.,.,.,.,.,.,.,.,.,.
2024,1,26,11,.,.,.,.,.,.,.,.,.,.,.,.,.
2024,1,26,12,.,.,.,.,.,.,.,.,.,.,.,.,.
2024,1,26,13,.,.,.,.,.,.,.,.,.,.,.,.,.
2024,1,26,15,.,.,.,.,.,.,.,.,.,.,.,.,.
2024,1,26,16,.,.,.,.,.,.,.,.,.,.,.,.,.
2024,1,26,17,.,.,.,.,.,.,.,.,.,.,.,.,.
2024,1,26,18,.,.,.,.,.,.,.,.,.,.,.,.,.
2024,1,26,19,.,.,.,.,.,.,.,.,.,.,.,.,.
2024,1,26,20,.,.,.,.,.,.,.,.,.,.,.,.,.
2024,1,26,21,.,.,.,.,.,.,.,.,.,.,.,.,.
2024,1,26,22,.,.,.,.,.,.,.,.,.,.,.,.,.
2024,1,26,23,.,.,.,.,.,.,.,.,.,.,.,.,.
2024,1,26,24,.,.,.,.,.,.,.,.,.,.,.,.,.
2024,1,26,25,.,.,.,.,.,.,.,.,.,.,.,.,.
2024,1,26,26,.,.,.,.,.,.,.,.,.,.,.,.,.
2024,1,26,27,.,.,.,.,.,.,.,.,.,.,.,.,.
2024,1,26,28,.,.,.,.,.,.,.,.,.,.,.,.,.
2024,1,26,29,.,.,.,.,.,.,.,.,.,.,.,.,.
2024,1,26,30,.,.,.,.,.,.,.,.,.,.,.,.,.
2024,1,26,31,.,.,.,.,.,.,.,.,.,.,.,.,.
2024,1,26,32,.,.,.,.,.,.,.,.,.,.,.,.,.
2024,1,26,33,.,.,.,.,.,.,.,.,.,.,.,.,.
2024,1,26,34,.,.,.,.,.,.,.,.,.,.,.,.,.
2024,1,26,35,.,.,.,.,.,.,.,.,.,.,.,.,.
2024,1,26,36,.,.,.,.,.,.,.,.,.,.,.,.,.
2024,1,26,37,.,.,.,.,.,.,.,.,.,.,.,.,.
2024,1,26,38,.,.,.,.,.,.,.,.,.,.,.,.,.
2024,1,26,39,.,.,.,.,.,.,.,.,.,.,.,.,.
2024,1,26,40,.,.,.,.,.,.,.,.,.,.,.,.,.
2024,1,26,41,.,.,.,.,.,.,.,.,.,.,.,.,.
2024,1,26,42,.,.,.,.,.,.,.,.,.,.,.,.,.
2024,1,26,44,.,.,.,.,.,.,.,.,.,.,.,.,.
2024,1,26,45,.,.,.,.,.,.,.,.,.,.,.,.,.
2024,1,26,46,.,.,.,.,.,.,.,.,.,.,.,.,.
2024,1,26,47,.,.,.,.,.,.,.,.,.,.,.,.,.
2024,1,26,48,.,.,.,.,.,.,.,.,.,.,.,.,.
2024,1,26,49,.,.,.,.,.,.,.,.,.,.,.,.,.
2024,1,26,50,.,.,.,.,.,.,.,.,.,.,.,.,.
2024,1,26,51,.,.,.,.,.,.,.,.,.,.,.,.,.
2024,1,26,53,.,.,.,.,.,.,.,.,.,.,.,.,.
2024,1,26,54,.,.,.,.,.,.,.,.,.,.,.,.,.
2024,1,26,55,.,.,.,.,.,.,.,.,.,.,.,.,.
2024,1,26,56,.,.,.,.,.,.,.,.,.,.,.,.,.
2024,2,2,1,.,.,.,.,.,.,.,.,.,.,.,.,.
2024,2,2,2,.,.,.,.,.,.,.,.,.,.,.,.,.
2024,2,2,4,.,.,.,.,.,.,.,.,.,.,.,.,.
2024,2,2,5,.,.,.,.,.,.,.,.,.,.,.,.,.
2024,2,2,6,.,.,.,.,.,.,.,.,.,.,.,.,.
2024,2,2,8,.,.,.,.,.,.,.,.,.,.,.,.,.
2024,2,2,9,.,.,.,.,.,.,.,.,.,.,.,.,.
2024,2,2,10,.,.,.,.,.,.,.,.,.,.,.,.,.
2024,2,2,11,.,.,.,.,.,.,.,.,.,.,.,.,.
2024,2,2,12,.,.,.,.,.,.,.,.,.,.,.,.,.
2024,2,2,13,.,.,.,.,.,.,.,.,.,.,.,.,.
2024,2,2,15,.,.,.,.,.,.,.,.,.,.,.,.,.
2024,2,2,16,.,.,.,.,.,.,.,.,.,.,.,.,.
2024,2,2,17,.,.,.,.,.,.,.,.,.,.,.,.,.
2024,2,2,18,.,.,.,.,.,.,.,.,.,.,.,.,.
2024,2,2,19,.,.,.,.,.,.,.,.,.,.,.,.,.
2024,2,2,20,.,.,.,.,.,.,.,.,.,.,.,.,.
2024,2,2,21,.,.,.,.,.,.,.,.,.,.,.,.,.
2024,2,2,22,.,.,.,.,.,.,.,.,.,.,.,.,.
2024,2,2,23,.,.,.,.,.,.,.,.,.,.,.,.,.
2024,2,2,24,.,.,.,.,.,.,.,.,.,.,.,.,.
2024,2,2,25,.,.,.,.,.,.,.,.,.,.,.,.,.
2024,2,2,26,.,.,.,.,.,.,.,.,.,.,.,.,.
2024,2,2,27,.,.,.,.,.,.,.,.,.,.,.,.,.
2024,2,2,28,.,.,.,.,.,.,.,.,.,.,.,.,.
2024,2,2,29,.,.,.,.,.,.,.,.,.,.,.,.,.
2024,2,2,30,.,.,.,.,.,.,.,.,.,.,.,.,.
2024,2,2,31,.,.,.,.,.,.,.,.,.,.,.,.,.
2024,2,2,32,.,.,.,.,.,.,.,.,.,.,.,.,.
2024,2,2,33,.,.,.,.,.,.,.,.,.,.,.,.,.
2024,2,2,34,.,.,.,.,.,.,.,.,.,.,.,.,.
2024,2,2,35,.,.,.,.,.,.,.,.,.,.,.,.,.
2024,2,2,36,.,.,.,.,.,.,.,.,.,.,.,.,.
2024,2,2,37,.,.,.,.,.,.,.,.,.,.,.,.,.
2024,2,2,38,.,.,.,.,.,.,.,.,.,.,.,.,.
2024,2,2,39,.,.,.,.,.,.,.,.,.,.,.,.,.
2024,2,2,40,.,.,.,.,.,.,.,.,.,.,.,.,.
2024,2,2,41,.,.,.,.,.,.,.,.,.,.,.,.,.
2024,2,2,42,.,.,.,.,.,.,.,.,.,.,.,.,.
2024,2,2,44,.,.,.,.,.,.,.,.,.,.,.,.,.
2024,2,2,45,.,.,.,.,.,.,.,.,.,.,.,.,.
2024,2,2,46,.,.,.,.,.,.,.,.,.,.,.,.,.
2024,2,2,47,.,.,.,.,.,.,.,.,.,.,.,.,.
2024,2,2,48,.,.,.,.,.,.,.,.,.,.,.,.,.
2024,2,2,49,.,.,.,.,.,.,.,.,.,.,.,.,.
2024,2,2,50,.,.,.,.,.,.,.,.,.,.,.,.,.
2024,2,2,51,.,.,.,.,.,.,.,.,.,.,.,.,.
2024,2,2,53,.,.,.,.,.,.,.,.,.,.,.,.,.
2024,2,2,54,.,.,.,.,.,.,.,.,.,.,.,.,.
2024,2,2,55,.,.,.,.,.,.,.,.,.,.,.,.,.
2024,2,2,56,.,.,.,.,.,.,.,.,.,.,.,.,.
2024,2,9,1,.,.,.,.,.,.,.,.,.,.,.,.,.
2024,2,9,2,.,.,.,.,.,.,.,.,.,.,.,.,.
2024,2,9,4,.,.,.,.,.,.,.,.,.,.,.,.,.
2024,2,9,5,.,.,.,.,.,.,.,.,.,.,.,.,.
2024,2,9,6,.,.,.,.,.,.,.,.,.,.,.,.,.
2024,2,9,8,.,.,.,.,.,.,.,.,.,.,.,.,.
2024,2,9,9,.,.,.,.,.,.,.,.,.,.,.,.,.
2024,2,9,10,.,.,.,.,.,.,.,.,.,.,.,.,.
2024,2,9,11,.,.,.,.,.,.,.,.,.,.,.,.,.
2024,2,9,12,.,.,.,.,.,.,.,.,.,.,.,.,.
2024,2,9,13,.,.,.,.,.,.,.,.,.,.,.,.,.
2024,2,9,15,.,.,.,.,.,.,.,.,.,.,.,.,.
2024,2,9,16,.,.,.,.,.,.,.,.,.,.,.,.,.
2024,2,9,17,.,.,.,.,.,.,.,.,.,.,.,.,.
2024,2,9,18,.,.,.,.,.,.,.,.,.,.,.,.,.
2024,2,9,19,.,.,.,.,.,.,.,.,.,.,.,.,.
2024,2,9,20,.,.,.,.,.,.,.,.,.,.,.,.,.
2024,2,9,21,.,.,.,.,.,.,.,.,.,.,.,.,.
2024,2,9,22,.,.,.,.,.,.,.,.,.,.,.,.,.
2024,2,9,23,.,.,.,.,.,.,.,.,.,.,.,.,.
2024,2,9,24,.,.,.,.,.,.,.,.,.,.,.,.,.
2024,2,9,25,.,.,.,.,.,.,.,.,.,.,.,.,.
2024,2,9,26,.,.,.,.,.,.,.,.,.,.,.,.,.
2024,2,9,27,.,.,.,.,.,.,.,.,.,.,.,.,.
2024,2,9,28,.,.,.,.,.,.,.,.,.,.,.,.,.
2024,2,9,29,.,.,.,.,.,.,.,.,.,.,.,.,.
2024,2,9,30,.,.,.,.,.,.,.,.,.,.,.,.,.
2024,2,9,31,.,.,.,.,.,.,.,.,.,.,.,.,.
2024,2,9,32,.,.,.,.,.,.,.,.,.,.,.,.,.
2024,2,9,33,.,.,.,.,.,.,.,.,.,.,.,.,.
2024,2,9,34,.,.,.,.,.,.,.,.,.,.,.,.,.
2024,2,9,35,.,.,.,.,.,.,.,.,.,.,.,.,.
2024,2,9,36,.,.,.,.,.,.,.,.,.,.,.,.,.
2024,2,9,37,.,.,.,.,.,.,.,.,.,.,.,.,.
2024,2,9,38,.,.,.,.,.,.,.,.,.,.,.,.,.
2024,2,9,39,.,.,.,.,.,.,.,.,.,.,.,.,.
2024,2,9,40,.,.,.,.,.,.,.,.,.,.,.,.,.
2024,2,9,41,.,.,.,.,.,.,.,.,.,.,.,.,.
2024,2,9,42,.,.,.,.,.,.,.,.,.,.,.,.,.
2024,2,9,44,.,.,.,.,.,.,.,.,.,.,.,.,.
2024,2,9,45,.,.,.,.,.,.,.,.,.,.,.,.,.
2024,2,9,46,.,.,.,.,.,.,.,.,.,.,.,.,.
2024,2,9,47,.,.,.,.,.,.,.,.,.,.,.,.,.
2024,2,9,48,.,.,.,.,.,.,.,.,.,.,.,.,.
2024,2,9,49,.,.,.,.,.,.,.,.,.,.,.,.,.
2024,2,9,50,.,.,.,.,.,.,.,.,.,.,.,.,.
2024,2,9,51,.,.,.,.,.,.,.,.,.,.,.,.,.
2024,2,9,53,.,.,.,.,.,.,.,.,.,.,.,.,.
2024,2,9,54,.,.,.,.,.,.,.,.,.,.,.,.,.
2024,2,9,55,.,.,.,.,.,.,.,.,.,.,.,.,.
2024,2,9,56,.,.,.,.,.,.,.,.,.,.,.,.,.
2024,2,16,1,.,.,.,.,.,.,.,.,.,.,.,.,.
2024,2,16,2,.,.,.,.,.,.,.,.,.,.,.,.,.
2024,2,16,4,.,.,.,.,.,.,.,.,.,.,.,.,.
2024,2,16,5,.,.,.,.,.,.,.,.,.,.,.,.,.
2024,2,16,6,.,.,.,.,.,.,.,.,.,.,.,.,.
2024,2,16,8,.,.,.,.,.,.,.,.,.,.,.,.,.
2024,2,16,9,.,.,.,.,.,.,.,.,.,.,.,.,.
2024,2,16,10,.,.,.,.,.,.,.,.,.,.,.,.,.
2024,2,16,11,.,.,.,.,.,.,.,.,.,.,.,.,.
2024,2,16,12,.,.,.,.,.,.,.,.,.,.,.,.,.
2024,2,16,13,.,.,.,.,.,.,.,.,.,.,.,.,.
2024,2,16,15,.,.,.,.,.,.,.,.,.,.,.,.,.
2024,2,16,16,.,.,.,.,.,.,.,.,.,.,.,.,.
2024,2,16,17,.,.,.,.,.,.,.,.,.,.,.,.,.
2024,2,16,18,.,.,.,.,.,.,.,.,.,.,.,.,.
2024,2,16,19,.,.,.,.,.,.,.,.,.,.,.,.,.
2024,2,16,20,.,.,.,.,.,.,.,.,.,.,.,.,.
2024,2,16,21,.,.,.,.,.,.,.,.,.,.,.,.,.
2024,2,16,22,.,.,.,.,.,.,.,.,.,.,.,.,.
2024,2,16,23,.,.,.,.,.,.,.,.,.,.,.,.,.
2024,2,16,24,.,.,.,.,.,.,.,.,.,.,.,.,.
2024,2,16,25,.,.,.,.,.,.,.,.,.,.,.,.,.
2024,2,16,26,.,.,.,.,.,.,.,.,.,.,.,.,.
2024,2,16,27,.,.,.,.,.,.,.,.,.,.,.,.,.
2024,2,16,28,.,.,.,.,.,.,.,.,.,.,.,.,.
2024,2,16,29,.,.,.,.,.,.,.,.,.,.,.,.,.
2024,2,16,30,.,.,.,.,.,.,.,.,.,.,.,.,.
2024,2,16,31,.,.,.,.,.,.,.,.,.,.,.,.,.
2024,2,16,32,.,.,.,.,.,.,.,.,.,.,.,.,.
2024,2,16,33,.,.,.,.,.,.,.,.,.,.,.,.,.
2024,2,16,34,.,.,.,.,.,.,.,.,.,.,.,.,.
2024,2,16,35,.,.,.,.,.,.,.,.,.,.,.,.,.
2024,2,16,36,.,.,.,.,.,.,.,.,.,.,.,.,.
2024,2,16,37,.,.,.,.,.,.,.,.,.,.,.,.,.
2024,2,16,38,.,.,.,.,.,.,.,.,.,.,.,.,.
2024,2,16,39,.,.,.,.,.,.,.,.,.,.,.,.,.
2024,2,16,40,.,.,.,.,.,.,.,.,.,.,.,.,.
2024,2,16,41,.,.,.,.,.,.,.,.,.,.,.,.,.
2024,2,16,42,.,.,.,.,.,.,.,.,.,.,.,.,.
2024,2,16,44,.,.,.,.,.,.,.,.,.,.,.,.,.
2024,2,16,45,.,.,.,.,.,.,.,.,.,.,.,.,.
2024,2,16,46,.,.,.,.,.,.,.,.,.,.,.,.,.
2024,2,16,47,.,.,.,.,.,.,.,.,.,.,.,.,.
2024,2,16,48,.,.,.,.,.,.,.,.,.,.,.,.,.
2024,2,16,49,.,.,.,.,.,.,.,.,.,.,.,.,.
2024,2,16,50,.,.,.,.,.,.,.,.,.,.,.,.,.
2024,2,16,51,.,.,.,.,.,.,.,.,.,.,.,.,.
2024,2,16,53,.,.,.,.,.,.,.,.,.,.,.,.,.
2024,2,16,54,.,.,.,.,.,.,.,.,.,.,.,.,.
2024,2,16,55,.,.,.,.,.,.,.,.,.,.,.,.,.
2024,2,16,56,.,.,.,.,.,.,.,.,.,.,.,.,.
2024,2,23,1,.,.,.,.,.,.,.,.,.,.,.,.,.
2024,2,23,2,.,.,.,.,.,.,.,.,.,.,.,.,.
2024,2,23,4,.,.,.,.,.,.,.,.,.,.,.,.,.
2024,2,23,5,.,.,.,.,.,.,.,.,.,.,.,.,.
2024,2,23,6,.,.,.,.,.,.,.,.,.,.,.,.,.
2024,2,23,8,.,.,.,.,.,.,.,.,.,.,.,.,.
2024,2,23,9,.,.,.,.,.,.,.,.,.,.,.,.,.
2024,2,23,10,.,.,.,.,.,.,.,.,.,.,.,.,.
2024,2,23,11,.,.,.,.,.,.,.,.,.,.,.,.,.
2024,2,23,12,.,.,.,.,.,.,.,.,.,.,.,.,.
2024,2,23,13,.,.,.,.,.,.,.,.,.,.,.,.,.
2024,2,23,15,.,.,.,.,.,.,.,.,.,.,.,.,.
2024,2,23,16,.,.,.,.,.,.,.,.,.,.,.,.,.
2024,2,23,17,.,.,.,.,.,.,.,.,.,.,.,.,.
2024,2,23,18,.,.,.,.,.,.,.,.,.,.,.,.,.
2024,2,23,19,.,.,.,.,.,.,.,.,.,.,.,.,.
2024,2,23,20,.,.,.,.,.,.,.,.,.,.,.,.,.
2024,2,23,21,.,.,.,.,.,.,.,.,.,.,.,.,.
2024,2,23,22,.,.,.,.,.,.,.,.,.,.,.,.,.
2024,2,23,23,.,.,.,.,.,.,.,.,.,.,.,.,.
2024,2,23,24,.,.,.,.,.,.,.,.,.,.,.,.,.
2024,2,23,25,.,.,.,.,.,.,.,.,.,.,.,.,.
2024,2,23,26,.,.,.,.,.,.,.,.,.,.,.,.,.
2024,2,23,27,.,.,.,.,.,.,.,.,.,.,.,.,.
2024,2,23,28,.,.,.,.,.,.,.,.,.,.,.,.,.
2024,2,23,29,.,.,.,.,.,.,.,.,.,.,.,.,.
2024,2,23,30,.,.,.,.,.,.,.,.,.,.,.,.,.
2024,2,23,31,.,.,.,.,.,.,.,.,.,.,.,.,.
2024,2,23,32,.,.,.,.,.,.,.,.,.,.,.,.,.
2024,2,23,33,.,.,.,.,.,.,.,.,.,.,.,.,.
2024,2,23,34,.,.,.,.,.,.,.,.,.,.,.,.,.
2024,2,23,35,.,.,.,.,.,.,.,.,.,.,.,.,.
2024,2,23,36,.,.,.,.,.,.,.,.,.,.,.,.,.
2024,2,23,37,.,.,.,.,.,.,.,.,.,.,.,.,.
2024,2,23,38,.,.,.,.,.,.,.,.,.,.,.,.,.
2024,2,23,39,.,.,.,.,.,.,.,.,.,.,.,.,.
2024,2,23,40,.,.,.,.,.,.,.,.,.,.,.,.,.
2024,2,23,41,.,.,.,.,.,.,.,.,.,.,.,.,.
2024,2,23,42,.,.,.,.,.,.,.,.,.,.,.,.,.
2024,2,23,44,.,.,.,.,.,.,.,.,.,.,.,.,.
2024,2,23,45,.,.,.,.,.,.,.,.,.,.,.,.,.
2024,2,23,46,.,.,.,.,.,.,.,.,.,.,.,.,.
2024,2,23,47,.,.,.,.,.,.,.,.,.,.,.,.,.
2024,2,23,48,.,.,.,.,.,.,.,.,.,.,.,.,.
2024,2,23,49,.,.,.,.,.,.,.,.,.,.,.,.,.
2024,2,23,50,.,.,.,.,.,.,.,.,.,.,.,.,.
2024,2,23,51,.,.,.,.,.,.,.,.,.,.,.,.,.
2024,2,23,53,.,.,.,.,.,.,.,.,.,.,.,.,.
2024,2,23,54,.,.,.,.,.,.,.,.,.,.,.,.,.
2024,2,23,55,.,.,.,.,.,.,.,.,.,.,.,.,.
2024,2,23,56,.,.,.,.,.,.,.,.,.,.,.,.,.
2024,3,1,1,.,.,.,.,.,.,.,.,.,.,.,.,.
2024,3,1,2,.,.,.,.,.,.,.,.,.,.,.,.,.
2024,3,1,4,.,.,.,.,.,.,.,.,.,.,.,.,.
2024,3,1,5,.,.,.,.,.,.,.,.,.,.,.,.,.
2024,3,1,6,.,.,.,.,.,.,.,.,.,.,.,.,.
2024,3,1,8,.,.,.,.,.,.,.,.,.,.,.,.,.
2024,3,1,9,.,.,.,.,.,.,.,.,.,.,.,.,.
2024,3,1,10,.,.,.,.,.,.,.,.,.,.,.,.,.
2024,3,1,11,.,.,.,.,.,.,.,.,.,.,.,.,.
2024,3,1,12,.,.,.,.,.,.,.,.,.,.,.,.,.
2024,3,1,13,.,.,.,.,.,.,.,.,.,.,.,.,.
2024,3,1,15,.,.,.,.,.,.,.,.,.,.,.,.,.
2024,3,1,16,.,.,.,.,.,.,.,.,.,.,.,.,.
2024,3,1,17,.,.,.,.,.,.,.,.,.,.,.,.,.
2024,3,1,18,.,.,.,.,.,.,.,.,.,.,.,.,.
2024,3,1,19,.,.,.,.,.,.,.,.,.,.,.,.,.
2024,3,1,20,.,.,.,.,.,.,.,.,.,.,.,.,.
2024,3,1,21,.,.,.,.,.,.,.,.,.,.,.,.,.
2024,3,1,22,.,.,.,.,.,.,.,.,.,.,.,.,.
2024,3,1,23,.,.,.,.,.,.,.,.,.,.,.,.,.
2024,3,1,24,.,.,.,.,.,.,.,.,.,.,.,.,.
2024,3,1,25,.,.,.,.,.,.,.,.,.,.,.,.,.
2024,3,1,26,.,.,.,.,.,.,.,.,.,.,.,.,.
2024,3,1,27,.,.,.,.,.,.,.,.,.,.,.,.,.
2024,3,1,28,.,.,.,.,.,.,.,.,.,.,.,.,.
2024,3,1,29,.,.,.,.,.,.,.,.,.,.,.,.,.
2024,3,1,30,.,.,.,.,.,.,.,.,.,.,.,.,.
2024,3,1,31,.,.,.,.,.,.,.,.,.,.,.,.,.
2024,3,1,32,.,.,.,.,.,.,.,.,.,.,.,.,.
2024,3,1,33,.,.,.,.,.,.,.,.,.,.,.,.,.
2024,3,1,34,.,.,.,.,.,.,.,.,.,.,.,.,.
2024,3,1,35,.,.,.,.,.,.,.,.,.,.,.,.,.
2024,3,1,36,.,.,.,.,.,.,.,.,.,.,.,.,.
2024,3,1,37,.,.,.,.,.,.,.,.,.,.,.,.,.
2024,3,1,38,.,.,.,.,.,.,.,.,.,.,.,.,.
2024,3,1,39,.,.,.,.,.,.,.,.,.,.,.,.,.
2024,3,1,40,.,.,.,.,.,.,.,.,.,.,.,.,.
2024,3,1,41,.,.,.,.,.,.,.,.,.,.,.,.,.
2024,3,1,42,.,.,.,.,.,.,.,.,.,.,.,.,.
2024,3,1,44,.,.,.,.,.,.,.,.,.,.,.,.,.
2024,3,1,45,.,.,.,.,.,.,.,.,.,.,.,.,.
2024,3,1,46,.,.,.,.,.,.,.,.,.,.,.,.,.
2024,3,1,47,.,.,.,.,.,.,.,.,.,.,.,.,.
2024,3,1,48,.,.,.,.,.,.,.,.,.,.,.,.,.
2024,3,1,49,.,.,.,.,.,.,.,.,.,.,.,.,.
2024,3,1,50,.,.,.,.,.,.,.,.,.,.,.,.,.
2024,3,1,51,.,.,.,.,.,.,.,.,.,.,.,.,.
2024,3,1,53,.,.,.,.,.,.,.,.,.,.,.,.,.
2024,3,1,54,.,.,.,.,.,.,.,.,.,.,.,.,.
2024,3,1,55,.,.,.,.,.,.,.,.,.,.,.,.,.
2024,3,1,56,.,.,.,.,.,.,.,.,.,.,.,.,.
2024,3,8,1,.,.,.,.,.,.,.,.,.,.,.,.,.
2024,3,8,2,.,.,.,.,.,.,.,.,.,.,.,.,.
2024,3,8,4,.,.,.,.,.,.,.,.,.,.,.,.,.
2024,3,8,5,.,.,.,.,.,.,.,.,.,.,.,.,.
2024,3,8,6,.,.,.,.,.,.,.,.,.,.,.,.,.
2024,3,8,8,.,.,.,.,.,.,.,.,.,.,.,.,.
2024,3,8,9,.,.,.,.,.,.,.,.,.,.,.,.,.
2024,3,8,10,.,.,.,.,.,.,.,.,.,.,.,.,.
2024,3,8,11,.,.,.,.,.,.,.,.,.,.,.,.,.
2024,3,8,12,.,.,.,.,.,.,.,.,.,.,.,.,.
2024,3,8,13,.,.,.,.,.,.,.,.,.,.,.,.,.
2024,3,8,15,.,.,.,.,.,.,.,.,.,.,.,.,.
2024,3,8,16,.,.,.,.,.,.,.,.,.,.,.,.,.
2024,3,8,17,.,.,.,.,.,.,.,.,.,.,.,.,.
2024,3,8,18,.,.,.,.,.,.,.,.,.,.,.,.,.
2024,3,8,19,.,.,.,.,.,.,.,.,.,.,.,.,.
2024,3,8,20,.,.,.,.,.,.,.,.,.,.,.,.,.
2024,3,8,21,.,.,.,.,.,.,.,.,.,.,.,.,.
2024,3,8,22,.,.,.,.,.,.,.,.,.,.,.,.,.
2024,3,8,23,.,.,.,.,.,.,.,.,.,.,.,.,.
2024,3,8,24,.,.,.,.,.,.,.,.,.,.,.,.,.
2024,3,8,25,.,.,.,.,.,.,.,.,.,.,.,.,.
2024,3,8,26,.,.,.,.,.,.,.,.,.,.,.,.,.
2024,3,8,27,.,.,.,.,.,.,.,.,.,.,.,.,.
2024,3,8,28,.,.,.,.,.,.,.,.,.,.,.,.,.
2024,3,8,29,.,.,.,.,.,.,.,.,.,.,.,.,.
2024,3,8,30,.,.,.,.,.,.,.,.,.,.,.,.,.
2024,3,8,31,.,.,.,.,.,.,.,.,.,.,.,.,.
2024,3,8,32,.,.,.,.,.,.,.,.,.,.,.,.,.
2024,3,8,33,.,.,.,.,.,.,.,.,.,.,.,.,.
2024,3,8,34,.,.,.,.,.,.,.,.,.,.,.,.,.
2024,3,8,35,.,.,.,.,.,.,.,.,.,.,.,.,.
2024,3,8,36,.,.,.,.,.,.,.,.,.,.,.,.,.
2024,3,8,37,.,.,.,.,.,.,.,.,.,.,.,.,.
2024,3,8,38,.,.,.,.,.,.,.,.,.,.,.,.,.
2024,3,8,39,.,.,.,.,.,.,.,.,.,.,.,.,.
2024,3,8,40,.,.,.,.,.,.,.,.,.,.,.,.,.
2024,3,8,41,.,.,.,.,.,.,.,.,.,.,.,.,.
2024,3,8,42,.,.,.,.,.,.,.,.,.,.,.,.,.
2024,3,8,44,.,.,.,.,.,.,.,.,.,.,.,.,.
2024,3,8,45,.,.,.,.,.,.,.,.,.,.,.,.,.
2024,3,8,46,.,.,.,.,.,.,.,.,.,.,.,.,.
2024,3,8,47,.,.,.,.,.,.,.,.,.,.,.,.,.
2024,3,8,48,.,.,.,.,.,.,.,.,.,.,.,.,.
2024,3,8,49,.,.,.,.,.,.,.,.,.,.,.,.,.
2024,3,8,50,.,.,.,.,.,.,.,.,.,.,.,.,.
2024,3,8,51,.,.,.,.,.,.,.,.,.,.,.,.,.
2024,3,8,53,.,.,.,.,.,.,.,.,.,.,.,.,.
2024,3,8,54,.,.,.,.,.,.,.,.,.,.,.,.,.
2024,3,8,55,.,.,.,.,.,.,.,.,.,.,.,.,.
2024,3,8,56,.,.,.,.,.,.,.,.,.,.,.,.,.
2024,3,15,1,.,.,.,.,.,.,.,.,.,.,.,.,.
2024,3,15,2,.,.,.,.,.,.,.,.,.,.,.,.,.
2024,3,15,4,.,.,.,.,.,.,.,.,.,.,.,.,.
2024,3,15,5,.,.,.,.,.,.,.,.,.,.,.,.,.
2024,3,15,6,.,.,.,.,.,.,.,.,.,.,.,.,.
2024,3,15,8,.,.,.,.,.,.,.,.,.,.,.,.,.
2024,3,15,9,.,.,.,.,.,.,.,.,.,.,.,.,.
2024,3,15,10,.,.,.,.,.,.,.,.,.,.,.,.,.
2024,3,15,11,.,.,.,.,.,.,.,.,.,.,.,.,.
2024,3,15,12,.,.,.,.,.,.,.,.,.,.,.,.,.
2024,3,15,13,.,.,.,.,.,.,.,.,.,.,.,.,.
2024,3,15,15,.,.,.,.,.,.,.,.,.,.,.,.,.
2024,3,15,16,.,.,.,.,.,.,.,.,.,.,.,.,.
2024,3,15,17,.,.,.,.,.,.,.,.,.,.,.,.,.
2024,3,15,18,.,.,.,.,.,.,.,.,.,.,.,.,.
2024,3,15,19,.,.,.,.,.,.,.,.,.,.,.,.,.
2024,3,15,20,.,.,.,.,.,.,.,.,.,.,.,.,.
2024,3,15,21,.,.,.,.,.,.,.,.,.,.,.,.,.
2024,3,15,22,.,.,.,.,.,.,.,.,.,.,.,.,.
2024,3,15,23,.,.,.,.,.,.,.,.,.,.,.,.,.
2024,3,15,24,.,.,.,.,.,.,.,.,.,.,.,.,.
2024,3,15,25,.,.,.,.,.,.,.,.,.,.,.,.,.
2024,3,15,26,.,.,.,.,.,.,.,.,.,.,.,.,.
2024,3,15,27,.,.,.,.,.,.,.,.,.,.,.,.,.
2024,3,15,28,.,.,.,.,.,.,.,.,.,.,.,.,.
2024,3,15,29,.,.,.,.,.,.,.,.,.,.,.,.,.
2024,3,15,30,.,.,.,.,.,.,.,.,.,.,.,.,.
2024,3,15,31,.,.,.,.,.,.,.,.,.,.,.,.,.
2024,3,15,32,.,.,.,.,.,.,.,.,.,.,.,.,.
2024,3,15,33,.,.,.,.,.,.,.,.,.,.,.,.,.
2024,3,15,34,.,.,.,.,.,.,.,.,.,.,.,.,.
2024,3,15,35,.,.,.,.,.,.,.,.,.,.,.,.,.
2024,3,15,36,.,.,.,.,.,.,.,.,.,.,.,.,.
2024,3,15,37,.,.,.,.,.,.,.,.,.,.,.,.,.
2024,3,15,38,.,.,.,.,.,.,.,.,.,.,.,.,.
2024,3,15,39,.,.,.,.,.,.,.,.,.,.,.,.,.
2024,3,15,40,.,.,.,.,.,.,.,.,.,.,.,.,.
2024,3,15,41,.,.,.,.,.,.,.,.,.,.,.,.,.
2024,3,15,42,.,.,.,.,.,.,.,.,.,.,.,.,.
2024,3,15,44,.,.,.,.,.,.,.,.,.,.,.,.,.
2024,3,15,45,.,.,.,.,.,.,.,.,.,.,.,.,.
2024,3,15,46,.,.,.,.,.,.,.,.,.,.,.,.,.
2024,3,15,47,.,.,.,.,.,.,.,.,.,.,.,.,.
2024,3,15,48,.,.,.,.,.,.,.,.,.,.,.,.,.
2024,3,15,49,.,.,.,.,.,.,.,.,.,.,.,.,.
2024,3,15,50,.,.,.,.,.,.,.,.,.,.,.,.,.
2024,3,15,51,.,.,.,.,.,.,.,.,.,.,.,.,.
2024,3,15,53,.,.,.,.,.,.,.,.,.,.,.,.,.
2024,3,15,54,.,.,.,.,.,.,.,.,.,.,.,.,.
2024,3,15,55,.,.,.,.,.,.,.,.,.,.,.,.,.
2024,3,15,56,.,.,.,.,.,.,.,.,.,.,.,.,.
2024,3,22,1,.,.,.,.,.,.,.,.,.,.,.,.,.
2024,3,22,2,.,.,.,.,.,.,.,.,.,.,.,.,.
2024,3,22,4,.,.,.,.,.,.,.,.,.,.,.,.,.
2024,3,22,5,.,.,.,.,.,.,.,.,.,.,.,.,.
2024,3,22,6,.,.,.,.,.,.,.,.,.,.,.,.,.
2024,3,22,8,.,.,.,.,.,.,.,.,.,.,.,.,.
2024,3,22,9,.,.,.,.,.,.,.,.,.,.,.,.,.
2024,3,22,10,.,.,.,.,.,.,.,.,.,.,.,.,.
2024,3,22,11,.,.,.,.,.,.,.,.,.,.,.,.,.
2024,3,22,12,.,.,.,.,.,.,.,.,.,.,.,.,.
2024,3,22,13,.,.,.,.,.,.,.,.,.,.,.,.,.
2024,3,22,15,.,.,.,.,.,.,.,.,.,.,.,.,.
2024,3,22,16,.,.,.,.,.,.,.,.,.,.,.,.,.
2024,3,22,17,.,.,.,.,.,.,.,.,.,.,.,.,.
2024,3,22,18,.,.,.,.,.,.,.,.,.,.,.,.,.
2024,3,22,19,.,.,.,.,.,.,.,.,.,.,.,.,.
2024,3,22,20,.,.,.,.,.,.,.,.,.,.,.,.,.
2024,3,22,21,.,.,.,.,.,.,.,.,.,.,.,.,.
2024,3,22,22,.,.,.,.,.,.,.,.,.,.,.,.,.
2024,3,22,23,.,.,.,.,.,.,.,.,.,.,.,.,.
2024,3,22,24,.,.,.,.,.,.,.,.,.,.,.,.,.
2024,3,22,25,.,.,.,.,.,.,.,.,.,.,.,.,.
2024,3,22,26,.,.,.,.,.,.,.,.,.,.,.,.,.
2024,3,22,27,.,.,.,.,.,.,.,.,.,.,.,.,.
2024,3,22,28,.,.,.,.,.,.,.,.,.,.,.,.,.
2024,3,22,29,.,.,.,.,.,.,.,.,.,.,.,.,.
2024,3,22,30,.,.,.,.,.,.,.,.,.,.,.,.,.
2024,3,22,31,.,.,.,.,.,.,.,.,.,.,.,.,.
2024,3,22,32,.,.,.,.,.,.,.,.,.,.,.,.,.
2024,3,22,33,.,.,.,.,.,.,.,.,.,.,.,.,.
2024,3,22,34,.,.,.,.,.,.,.,.,.,.,.,.,.
2024,3,22,35,.,.,.,.,.,.,.,.,.,.,.,.,.
2024,3,22,36,.,.,.,.,.,.,.,.,.,.,.,.,.
2024,3,22,37,.,.,.,.,.,.,.,.,.,.,.,.,.
2024,3,22,38,.,.,.,.,.,.,.,.,.,.,.,.,.
2024,3,22,39,.,.,.,.,.,.,.,.,.,.,.,.,.
2024,3,22,40,.,.,.,.,.,.,.,.,.,.,.,.,.
2024,3,22,41,.,.,.,.,.,.,.,.,.,.,.,.,.
2024,3,22,42,.,.,.,.,.,.,.,.,.,.,.,.,.
2024,3,22,44,.,.,.,.,.,.,.,.,.,.,.,.,.
2024,3,22,45,.,.,.,.,.,.,.,.,.,.,.,.,.
2024,3,22,46,.,.,.,.,.,.,.,.,.,.,.,.,.
2024,3,22,47,.,.,.,.,.,.,.,.,.,.,.,.,.
2024,3,22,48,.,.,.,.,.,.,.,.,.,.,.,.,.
2024,3,22,49,.,.,.,.,.,.,.,.,.,.,.,.,.
2024,3,22,50,.,.,.,.,.,.,.,.,.,.,.,.,.
2024,3,22,51,.,.,.,.,.,.,.,.,.,.,.,.,.
2024,3,22,53,.,.,.,.,.,.,.,.,.,.,.,.,.
2024,3,22,54,.,.,.,.,.,.,.,.,.,.,.,.,.
2024,3,22,55,.,.,.,.,.,.,.,.,.,.,.,.,.
2024,3,22,56,.,.,.,.,.,.,.,.,.,.,.,.,.
2024,3,29,1,.,.,.,.,.,.,.,.,.,.,.,.,.
2024,3,29,2,.,.,.,.,.,.,.,.,.,.,.,.,.
2024,3,29,4,.,.,.,.,.,.,.,.,.,.,.,.,.
2024,3,29,5,.,.,.,.,.,.,.,.,.,.,.,.,.
2024,3,29,6,.,.,.,.,.,.,.,.,.,.,.,.,.
2024,3,29,8,.,.,.,.,.,.,.,.,.,.,.,.,.
2024,3,29,9,.,.,.,.,.,.,.,.,.,.,.,.,.
2024,3,29,10,.,.,.,.,.,.,.,.,.,.,.,.,.
2024,3,29,11,.,.,.,.,.,.,.,.,.,.,.,.,.
2024,3,29,12,.,.,.,.,.,.,.,.,.,.,.,.,.
2024,3,29,13,.,.,.,.,.,.,.,.,.,.,.,.,.
2024,3,29,15,.,.,.,.,.,.,.,.,.,.,.,.,.
2024,3,29,16,.,.,.,.,.,.,.,.,.,.,.,.,.
2024,3,29,17,.,.,.,.,.,.,.,.,.,.,.,.,.
2024,3,29,18,.,.,.,.,.,.,.,.,.,.,.,.,.
2024,3,29,19,.,.,.,.,.,.,.,.,.,.,.,.,.
2024,3,29,20,.,.,.,.,.,.,.,.,.,.,.,.,.
2024,3,29,21,.,.,.,.,.,.,.,.,.,.,.,.,.
2024,3,29,22,.,.,.,.,.,.,.,.,.,.,.,.,.
2024,3,29,23,.,.,.,.,.,.,.,.,.,.,.,.,.
2024,3,29,24,.,.,.,.,.,.,.,.,.,.,.,.,.
2024,3,29,25,.,.,.,.,.,.,.,.,.,.,.,.,.
2024,3,29,26,.,.,.,.,.,.,.,.,.,.,.,.,.
2024,3,29,27,.,.,.,.,.,.,.,.,.,.,.,.,.
2024,3,29,28,.,.,.,.,.,.,.,.,.,.,.,.,.
2024,3,29,29,.,.,.,.,.,.,.,.,.,.,.,.,.
2024,3,29,30,.,.,.,.,.,.,.,.,.,.,.,.,.
2024,3,29,31,.,.,.,.,.,.,.,.,.,.,.,.,.
2024,3,29,32,.,.,.,.,.,.,.,.,.,.,.,.,.
2024,3,29,33,.,.,.,.,.,.,.,.,.,.,.,.,.
2024,3,29,34,.,.,.,.,.,.,.,.,.,.,.,.,.
2024,3,29,35,.,.,.,.,.,.,.,.,.,.,.,.,.
2024,3,29,36,.,.,.,.,.,.,.,.,.,.,.,.,.
2024,3,29,37,.,.,.,.,.,.,.,.,.,.,.,.,.
2024,3,29,38,.,.,.,.,.,.,.,.,.,.,.,.,.
2024,3,29,39,.,.,.,.,.,.,.,.,.,.,.,.,.
2024,3,29,40,.,.,.,.,.,.,.,.,.,.,.,.,.
2024,3,29,41,.,.,.,.,.,.,.,.,.,.,.,.,.
2024,3,29,42,.,.,.,.,.,.,.,.,.,.,.,.,.
2024,3,29,44,.,.,.,.,.,.,.,.,.,.,.,.,.
2024,3,29,45,.,.,.,.,.,.,.,.,.,.,.,.,.
2024,3,29,46,.,.,.,.,.,.,.,.,.,.,.,.,.
2024,3,29,47,.,.,.,.,.,.,.,.,.,.,.,.,.
2024,3,29,48,.,.,.,.,.,.,.,.,.,.,.,.,.
2024,3,29,49,.,.,.,.,.,.,.,.,.,.,.,.,.
2024,3,29,50,.,.,.,.,.,.,.,.,.,.,.,.,.
2024,3,29,51,.,.,.,.,.,.,.,.,.,.,.,.,.
2024,3,29,53,.,.,.,.,.,.,.,.,.,.,.,.,.
2024,3,29,54,.,.,.,.,.,.,.,.,.,.,.,.,.
2024,3,29,55,.,.,.,.,.,.,.,.,.,.,.,.,.
2024,3,29,56,.,.,.,.,.,.,.,.,.,.,.,.,.
2024,4,5,1,.,.,.,.,.,.,.,.,.,.,.,.,.
2024,4,5,2,.,.,.,.,.,.,.,.,.,.,.,.,.
2024,4,5,4,.,.,.,.,.,.,.,.,.,.,.,.,.
2024,4,5,5,.,.,.,.,.,.,.,.,.,.,.,.,.
2024,4,5,6,.,.,.,.,.,.,.,.,.,.,.,.,.
2024,4,5,8,.,.,.,.,.,.,.,.,.,.,.,.,.
2024,4,5,9,.,.,.,.,.,.,.,.,.,.,.,.,.
2024,4,5,10,.,.,.,.,.,.,.,.,.,.,.,.,.
2024,4,5,11,.,.,.,.,.,.,.,.,.,.,.,.,.
2024,4,5,12,.,.,.,.,.,.,.,.,.,.,.,.,.
2024,4,5,13,.,.,.,.,.,.,.,.,.,.,.,.,.
2024,4,5,15,.,.,.,.,.,.,.,.,.,.,.,.,.
2024,4,5,16,.,.,.,.,.,.,.,.,.,.,.,.,.
2024,4,5,17,.,.,.,.,.,.,.,.,.,.,.,.,.
2024,4,5,18,.,.,.,.,.,.,.,.,.,.,.,.,.
2024,4,5,19,.,.,.,.,.,.,.,.,.,.,.,.,.
2024,4,5,20,.,.,.,.,.,.,.,.,.,.,.,.,.
2024,4,5,21,.,.,.,.,.,.,.,.,.,.,.,.,.
2024,4,5,22,.,.,.,.,.,.,.,.,.,.,.,.,.
2024,4,5,23,.,.,.,.,.,.,.,.,.,.,.,.,.
2024,4,5,24,.,.,.,.,.,.,.,.,.,.,.,.,.
2024,4,5,25,.,.,.,.,.,.,.,.,.,.,.,.,.
2024,4,5,26,.,.,.,.,.,.,.,.,.,.,.,.,.
2024,4,5,27,.,.,.,.,.,.,.,.,.,.,.,.,.
2024,4,5,28,.,.,.,.,.,.,.,.,.,.,.,.,.
2024,4,5,29,.,.,.,.,.,.,.,.,.,.,.,.,.
2024,4,5,30,.,.,.,.,.,.,.,.,.,.,.,.,.
2024,4,5,31,.,.,.,.,.,.,.,.,.,.,.,.,.
2024,4,5,32,.,.,.,.,.,.,.,.,.,.,.,.,.
2024,4,5,33,.,.,.,.,.,.,.,.,.,.,.,.,.
2024,4,5,34,.,.,.,.,.,.,.,.,.,.,.,.,.
2024,4,5,35,.,.,.,.,.,.,.,.,.,.,.,.,.
2024,4,5,36,.,.,.,.,.,.,.,.,.,.,.,.,.
2024,4,5,37,.,.,.,.,.,.,.,.,.,.,.,.,.
2024,4,5,38,.,.,.,.,.,.,.,.,.,.,.,.,.
2024,4,5,39,.,.,.,.,.,.,.,.,.,.,.,.,.
2024,4,5,40,.,.,.,.,.,.,.,.,.,.,.,.,.
2024,4,5,41,.,.,.,.,.,.,.,.,.,.,.,.,.
2024,4,5,42,.,.,.,.,.,.,.,.,.,.,.,.,.
2024,4,5,44,.,.,.,.,.,.,.,.,.,.,.,.,.
2024,4,5,45,.,.,.,.,.,.,.,.,.,.,.,.,.
2024,4,5,46,.,.,.,.,.,.,.,.,.,.,.,.,.
2024,4,5,47,.,.,.,.,.,.,.,.,.,.,.,.,.
2024,4,5,48,.,.,.,.,.,.,.,.,.,.,.,.,.
2024,4,5,49,.,.,.,.,.,.,.,.,.,.,.,.,.
2024,4,5,50,.,.,.,.,.,.,.,.,.,.,.,.,.
2024,4,5,51,.,.,.,.,.,.,.,.,.,.,.,.,.
2024,4,5,53,.,.,.,.,.,.,.,.,.,.,.,.,.
2024,4,5,54,.,.,.,.,.,.,.,.,.,.,.,.,.
2024,4,5,55,.,.,.,.,.,.,.,.,.,.,.,.,.
2024,4,5,56,.,.,.,.,.,.,.,.,.,.,.,.,.
2024,4,12,1,.,.,.,.,.,.,.,.,.,.,.,.,.
2024,4,12,2,.,.,.,.,.,.,.,.,.,.,.,.,.
2024,4,12,4,.,.,.,.,.,.,.,.,.,.,.,.,.
2024,4,12,5,.,.,.,.,.,.,.,.,.,.,.,.,.
2024,4,12,6,.,.,.,.,.,.,.,.,.,.,.,.,.
2024,4,12,8,.,.,.,.,.,.,.,.,.,.,.,.,.
2024,4,12,9,.,.,.,.,.,.,.,.,.,.,.,.,.
2024,4,12,10,.,.,.,.,.,.,.,.,.,.,.,.,.
2024,4,12,11,.,.,.,.,.,.,.,.,.,.,.,.,.
2024,4,12,12,.,.,.,.,.,.,.,.,.,.,.,.,.
2024,4,12,13,.,.,.,.,.,.,.,.,.,.,.,.,.
2024,4,12,15,.,.,.,.,.,.,.,.,.,.,.,.,.
2024,4,12,16,.,.,.,.,.,.,.,.,.,.,.,.,.
2024,4,12,17,.,.,.,.,.,.,.,.,.,.,.,.,.
2024,4,12,18,.,.,.,.,.,.,.,.,.,.,.,.,.
2024,4,12,19,.,.,.,.,.,.,.,.,.,.,.,.,.
2024,4,12,20,.,.,.,.,.,.,.,.,.,.,.,.,.
2024,4,12,21,.,.,.,.,.,.,.,.,.,.,.,.,.
2024,4,12,22,.,.,.,.,.,.,.,.,.,.,.,.,.
2024,4,12,23,.,.,.,.,.,.,.,.,.,.,.,.,.
2024,4,12,24,.,.,.,.,.,.,.,.,.,.,.,.,.
2024,4,12,25,.,.,.,.,.,.,.,.,.,.,.,.,.
2024,4,12,26,.,.,.,.,.,.,.,.,.,.,.,.,.
2024,4,12,27,.,.,.,.,.,.,.,.,.,.,.,.,.
2024,4,12,28,.,.,.,.,.,.,.,.,.,.,.,.,.
2024,4,12,29,.,.,.,.,.,.,.,.,.,.,.,.,.
2024,4,12,30,.,.,.,.,.,.,.,.,.,.,.,.,.
2024,4,12,31,.,.,.,.,.,.,.,.,.,.,.,.,.
2024,4,12,32,.,.,.,.,.,.,.,.,.,.,.,.,.
2024,4,12,33,.,.,.,.,.,.,.,.,.,.,.,.,.
2024,4,12,34,.,.,.,.,.,.,.,.,.,.,.,.,.
2024,4,12,35,.,.,.,.,.,.,.,.,.,.,.,.,.
2024,4,12,36,.,.,.,.,.,.,.,.,.,.,.,.,.
2024,4,12,37,.,.,.,.,.,.,.,.,.,.,.,.,.
2024,4,12,38,.,.,.,.,.,.,.,.,.,.,.,.,.
2024,4,12,39,.,.,.,.,.,.,.,.,.,.,.,.,.
2024,4,12,40,.,.,.,.,.,.,.,.,.,.,.,.,.
2024,4,12,41,.,.,.,.,.,.,.,.,.,.,.,.,.
2024,4,12,42,.,.,.,.,.,.,.,.,.,.,.,.,.
2024,4,12,44,.,.,.,.,.,.,.,.,.,.,.,.,.
2024,4,12,45,.,.,.,.,.,.,.,.,.,.,.,.,.
2024,4,12,46,.,.,.,.,.,.,.,.,.,.,.,.,.
2024,4,12,47,.,.,.,.,.,.,.,.,.,.,.,.,.
2024,4,12,48,.,.,.,.,.,.,.,.,.,.,.,.,.
2024,4,12,49,.,.,.,.,.,.,.,.,.,.,.,.,.
2024,4,12,50,.,.,.,.,.,.,.,.,.,.,.,.,.
2024,4,12,51,.,.,.,.,.,.,.,.,.,.,.,.,.
2024,4,12,53,.,.,.,.,.,.,.,.,.,.,.,.,.
2024,4,12,54,.,.,.,.,.,.,.,.,.,.,.,.,.
2024,4,12,55,.,.,.,.,.,.,.,.,.,.,.,.,.
2024,4,12,56,.,.,.,.,.,.,.,.,.,.,.,.,.
2024,4,19,1,.,.,.,.,.,.,.,.,.,.,.,.,.
2024,4,19,2,.,.,.,.,.,.,.,.,.,.,.,.,.
2024,4,19,4,.,.,.,.,.,.,.,.,.,.,.,.,.
2024,4,19,5,.,.,.,.,.,.,.,.,.,.,.,.,.
2024,4,19,6,.,.,.,.,.,.,.,.,.,.,.,.,.
2024,4,19,8,.,.,.,.,.,.,.,.,.,.,.,.,.
2024,4,19,9,.,.,.,.,.,.,.,.,.,.,.,.,.
2024,4,19,10,.,.,.,.,.,.,.,.,.,.,.,.,.
2024,4,19,11,.,.,.,.,.,.,.,.,.,.,.,.,.
2024,4,19,12,.,.,.,.,.,.,.,.,.,.,.,.,.
2024,4,19,13,.,.,.,.,.,.,.,.,.,.,.,.,.
2024,4,19,15,.,.,.,.,.,.,.,.,.,.,.,.,.
2024,4,19,16,.,.,.,.,.,.,.,.,.,.,.,.,.
2024,4,19,17,.,.,.,.,.,.,.,.,.,.,.,.,.
2024,4,19,18,.,.,.,.,.,.,.,.,.,.,.,.,.
2024,4,19,19,.,.,.,.,.,.,.,.,.,.,.,.,.
2024,4,19,20,.,.,.,.,.,.,.,.,.,.,.,.,.
2024,4,19,21,.,.,.,.,.,.,.,.,.,.,.,.,.
2024,4,19,22,.,.,.,.,.,.,.,.,.,.,.,.,.
2024,4,19,23,.,.,.,.,.,.,.,.,.,.,.,.,.
2024,4,19,24,.,.,.,.,.,.,.,.,.,.,.,.,.
2024,4,19,25,.,.,.,.,.,.,.,.,.,.,.,.,.
2024,4,19,26,.,.,.,.,.,.,.,.,.,.,.,.,.
2024,4,19,27,.,.,.,.,.,.,.,.,.,.,.,.,.
2024,4,19,28,.,.,.,.,.,.,.,.,.,.,.,.,.
2024,4,19,29,.,.,.,.,.,.,.,.,.,.,.,.,.
2024,4,19,30,.,.,.,.,.,.,.,.,.,.,.,.,.
2024,4,19,31,.,.,.,.,.,.,.,.,.,.,.,.,.
2024,4,19,32,.,.,.,.,.,.,.,.,.,.,.,.,.
2024,4,19,33,.,.,.,.,.,.,.,.,.,.,.,.,.
2024,4,19,34,.,.,.,.,.,.,.,.,.,.,.,.,.
2024,4,19,35,.,.,.,.,.,.,.,.,.,.,.,.,.
2024,4,19,36,.,.,.,.,.,.,.,.,.,.,.,.,.
2024,4,19,37,.,.,.,.,.,.,.,.,.,.,.,.,.
2024,4,19,38,.,.,.,.,.,.,.,.,.,.,.,.,.
2024,4,19,39,.,.,.,.,.,.,.,.,.,.,.,.,.
2024,4,19,40,.,.,.,.,.,.,.,.,.,.,.,.,.
2024,4,19,41,.,.,.,.,.,.,.,.,.,.,.,.,.
2024,4,19,42,.,.,.,.,.,.,.,.,.,.,.,.,.
2024,4,19,44,.,.,.,.,.,.,.,.,.,.,.,.,.
2024,4,19,45,.,.,.,.,.,.,.,.,.,.,.,.,.
2024,4,19,46,.,.,.,.,.,.,.,.,.,.,.,.,.
2024,4,19,47,.,.,.,.,.,.,.,.,.,.,.,.,.
2024,4,19,48,.,.,.,.,.,.,.,.,.,.,.,.,.
2024,4,19,49,.,.,.,.,.,.,.,.,.,.,.,.,.
2024,4,19,50,.,.,.,.,.,.,.,.,.,.,.,.,.
2024,4,19,51,.,.,.,.,.,.,.,.,.,.,.,.,.
2024,4,19,53,.,.,.,.,.,.,.,.,.,.,.,.,.
2024,4,19,54,.,.,.,.,.,.,.,.,.,.,.,.,.
2024,4,19,55,.,.,.,.,.,.,.,.,.,.,.,.,.
2024,4,19,56,.,.,.,.,.,.,.,.,.,.,.,.,.
2024,4,26,1,.,.,.,.,.,.,.,.,.,.,.,.,.
2024,4,26,2,.,.,.,.,.,.,.,.,.,.,.,.,.
2024,4,26,4,.,.,.,.,.,.,.,.,.,.,.,.,.
2024,4,26,5,.,.,.,.,.,.,.,.,.,.,.,.,.
2024,4,26,6,.,.,.,.,.,.,.,.,.,.,.,.,.
2024,4,26,8,.,.,.,.,.,.,.,.,.,.,.,.,.
2024,4,26,9,.,.,.,.,.,.,.,.,.,.,.,.,.
2024,4,26,10,.,.,.,.,.,.,.,.,.,.,.,.,.
2024,4,26,11,.,.,.,.,.,.,.,.,.,.,.,.,.
2024,4,26,12,.,.,.,.,.,.,.,.,.,.,.,.,.
2024,4,26,13,.,.,.,.,.,.,.,.,.,.,.,.,.
2024,4,26,15,.,.,.,.,.,.,.,.,.,.,.,.,.
2024,4,26,16,.,.,.,.,.,.,.,.,.,.,.,.,.
2024,4,26,17,.,.,.,.,.,.,.,.,.,.,.,.,.
2024,4,26,18,.,.,.,.,.,.,.,.,.,.,.,.,.
2024,4,26,19,.,.,.,.,.,.,.,.,.,.,.,.,.
2024,4,26,20,.,.,.,.,.,.,.,.,.,.,.,.,.
2024,4,26,21,.,.,.,.,.,.,.,.,.,.,.,.,.
2024,4,26,22,.,.,.,.,.,.,.,.,.,.,.,.,.
2024,4,26,23,.,.,.,.,.,.,.,.,.,.,.,.,.
2024,4,26,24,.,.,.,.,.,.,.,.,.,.,.,.,.
2024,4,26,25,.,.,.,.,.,.,.,.,.,.,.,.,.
2024,4,26,26,.,.,.,.,.,.,.,.,.,.,.,.,.
2024,4,26,27,.,.,.,.,.,.,.,.,.,.,.,.,.
2024,4,26,28,.,.,.,.,.,.,.,.,.,.,.,.,.
2024,4,26,29,.,.,.,.,.,.,.,.,.,.,.,.,.
2024,4,26,30,.,.,.,.,.,.,.,.,.,.,.,.,.
2024,4,26,31,.,.,.,.,.,.,.,.,.,.,.,.,.
2024,4,26,32,.,.,.,.,.,.,.,.,.,.,.,.,.
2024,4,26,33,.,.,.,.,.,.,.,.,.,.,.,.,.
2024,4,26,34,.,.,.,.,.,.,.,.,.,.,.,.,.
2024,4,26,35,.,.,.,.,.,.,.,.,.,.,.,.,.
2024,4,26,36,.,.,.,.,.,.,.,.,.,.,.,.,.
2024,4,26,37,.,.,.,.,.,.,.,.,.,.,.,.,.
2024,4,26,38,.,.,.,.,.,.,.,.,.,.,.,.,.
2024,4,26,39,.,.,.,.,.,.,.,.,.,.,.,.,.
2024,4,26,40,.,.,.,.,.,.,.,.,.,.,.,.,.
2024,4,26,41,.,.,.,.,.,.,.,.,.,.,.,.,.
2024,4,26,42,.,.,.,.,.,.,.,.,.,.,.,.,.
2024,4,26,44,.,.,.,.,.,.,.,.,.,.,.,.,.
2024,4,26,45,.,.,.,.,.,.,.,.,.,.,.,.,.
2024,4,26,46,.,.,.,.,.,.,.,.,.,.,.,.,.
2024,4,26,47,.,.,.,.,.,.,.,.,.,.,.,.,.
2024,4,26,48,.,.,.,.,.,.,.,.,.,.,.,.,.
2024,4,26,49,.,.,.,.,.,.,.,.,.,.,.,.,.
2024,4,26,50,.,.,.,.,.,.,.,.,.,.,.,.,.
2024,4,26,51,.,.,.,.,.,.,.,.,.,.,.,.,.
2024,4,26,53,.,.,.,.,.,.,.,.,.,.,.,.,.
2024,4,26,54,.,.,.,.,.,.,.,.,.,.,.,.,.
2024,4,26,55,.,.,.,.,.,.,.,.,.,.,.,.,.
2024,4,26,56,.,.,.,.,.,.,.,.,.,.,.,.,.
2024,5,3,1,.,.,.,.,.,.,.,.,.,.,.,.,.
2024,5,3,2,.,.,.,.,.,.,.,.,.,.,.,.,.
2024,5,3,4,.,.,.,.,.,.,.,.,.,.,.,.,.
2024,5,3,5,.,.,.,.,.,.,.,.,.,.,.,.,.
2024,5,3,6,.,.,.,.,.,.,.,.,.,.,.,.,.
2024,5,3,8,.,.,.,.,.,.,.,.,.,.,.,.,.
2024,5,3,9,.,.,.,.,.,.,.,.,.,.,.,.,.
2024,5,3,10,.,.,.,.,.,.,.,.,.,.,.,.,.
2024,5,3,11,.,.,.,.,.,.,.,.,.,.,.,.,.
2024,5,3,12,.,.,.,.,.,.,.,.,.,.,.,.,.
2024,5,3,13,.,.,.,.,.,.,.,.,.,.,.,.,.
2024,5,3,15,.,.,.,.,.,.,.,.,.,.,.,.,.
2024,5,3,16,.,.,.,.,.,.,.,.,.,.,.,.,.
2024,5,3,17,.,.,.,.,.,.,.,.,.,.,.,.,.
2024,5,3,18,.,.,.,.,.,.,.,.,.,.,.,.,.
2024,5,3,19,.,.,.,.,.,.,.,.,.,.,.,.,.
2024,5,3,20,.,.,.,.,.,.,.,.,.,.,.,.,.
2024,5,3,21,.,.,.,.,.,.,.,.,.,.,.,.,.
2024,5,3,22,.,.,.,.,.,.,.,.,.,.,.,.,.
2024,5,3,23,.,.,.,.,.,.,.,.,.,.,.,.,.
2024,5,3,24,.,.,.,.,.,.,.,.,.,.,.,.,.
2024,5,3,25,.,.,.,.,.,.,.,.,.,.,.,.,.
2024,5,3,26,.,.,.,.,.,.,.,.,.,.,.,.,.
2024,5,3,27,.,.,.,.,.,.,.,.,.,.,.,.,.
2024,5,3,28,.,.,.,.,.,.,.,.,.,.,.,.,.
2024,5,3,29,.,.,.,.,.,.,.,.,.,.,.,.,.
2024,5,3,30,.,.,.,.,.,.,.,.,.,.,.,.,.
2024,5,3,31,.,.,.,.,.,.,.,.,.,.,.,.,.
2024,5,3,32,.,.,.,.,.,.,.,.,.,.,.,.,.
2024,5,3,33,.,.,.,.,.,.,.,.,.,.,.,.,.
2024,5,3,34,.,.,.,.,.,.,.,.,.,.,.,.,.
2024,5,3,35,.,.,.,.,.,.,.,.,.,.,.,.,.
2024,5,3,36,.,.,.,.,.,.,.,.,.,.,.,.,.
2024,5,3,37,.,.,.,.,.,.,.,.,.,.,.,.,.
2024,5,3,38,.,.,.,.,.,.,.,.,.,.,.,.,.
2024,5,3,39,.,.,.,.,.,.,.,.,.,.,.,.,.
2024,5,3,40,.,.,.,.,.,.,.,.,.,.,.,.,.
2024,5,3,41,.,.,.,.,.,.,.,.,.,.,.,.,.
2024,5,3,42,.,.,.,.,.,.,.,.,.,.,.,.,.
2024,5,3,44,.,.,.,.,.,.,.,.,.,.,.,.,.
2024,5,3,45,.,.,.,.,.,.,.,.,.,.,.,.,.
2024,5,3,46,.,.,.,.,.,.,.,.,.,.,.,.,.
2024,5,3,47,.,.,.,.,.,.,.,.,.,.,.,.,.
2024,5,3,48,.,.,.,.,.,.,.,.,.,.,.,.,.
2024,5,3,49,.,.,.,.,.,.,.,.,.,.,.,.,.
2024,5,3,50,.,.,.,.,.,.,.,.,.,.,.,.,.
2024,5,3,51,.,.,.,.,.,.,.,.,.,.,.,.,.
2024,5,3,53,.,.,.,.,.,.,.,.,.,.,.,.,.
2024,5,3,54,.,.,.,.,.,.,.,.,.,.,.,.,.
2024,5,3,55,.,.,.,.,.,.,.,.,.,.,.,.,.
2024,5,3,56,.,.,.,.,.,.,.,.,.,.,.,.,.
2024,5,10,1,.,.,.,.,.,.,.,.,.,.,.,.,.
2024,5,10,2,.,.,.,.,.,.,.,.,.,.,.,.,.
2024,5,10,4,.,.,.,.,.,.,.,.,.,.,.,.,.
2024,5,10,5,.,.,.,.,.,.,.,.,.,.,.,.,.
2024,5,10,6,.,.,.,.,.,.,.,.,.,.,.,.,.
2024,5,10,8,.,.,.,.,.,.,.,.,.,.,.,.,.
2024,5,10,9,.,.,.,.,.,.,.,.,.,.,.,.,.
2024,5,10,10,.,.,.,.,.,.,.,.,.,.,.,.,.
2024,5,10,11,.,.,.,.,.,.,.,.,.,.,.,.,.
2024,5,10,12,.,.,.,.,.,.,.,.,.,.,.,.,.
2024,5,10,13,.,.,.,.,.,.,.,.,.,.,.,.,.
2024,5,10,15,.,.,.,.,.,.,.,.,.,.,.,.,.
2024,5,10,16,.,.,.,.,.,.,.,.,.,.,.,.,.
2024,5,10,17,.,.,.,.,.,.,.,.,.,.,.,.,.
2024,5,10,18,.,.,.,.,.,.,.,.,.,.,.,.,.
2024,5,10,19,.,.,.,.,.,.,.,.,.,.,.,.,.
2024,5,10,20,.,.,.,.,.,.,.,.,.,.,.,.,.
2024,5,10,21,.,.,.,.,.,.,.,.,.,.,.,.,.
2024,5,10,22,.,.,.,.,.,.,.,.,.,.,.,.,.
2024,5,10,23,.,.,.,.,.,.,.,.,.,.,.,.,.
2024,5,10,24,.,.,.,.,.,.,.,.,.,.,.,.,.
2024,5,10,25,.,.,.,.,.,.,.,.,.,.,.,.,.
2024,5,10,26,.,.,.,.,.,.,.,.,.,.,.,.,.
2024,5,10,27,.,.,.,.,.,.,.,.,.,.,.,.,.
2024,5,10,28,.,.,.,.,.,.,.,.,.,.,.,.,.
2024,5,10,29,.,.,.,.,.,.,.,.,.,.,.,.,.
2024,5,10,30,.,.,.,.,.,.,.,.,.,.,.,.,.
2024,5,10,31,.,.,.,.,.,.,.,.,.,.,.,.,.
2024,5,10,32,.,.,.,.,.,.,.,.,.,.,.,.,.
2024,5,10,33,.,.,.,.,.,.,.,.,.,.,.,.,.
2024,5,10,34,.,.,.,.,.,.,.,.,.,.,.,.,.
2024,5,10,35,.,.,.,.,.,.,.,.,.,.,.,.,.
2024,5,10,36,.,.,.,.,.,.,.,.,.,.,.,.,.
2024,5,10,37,.,.,.,.,.,.,.,.,.,.,.,.,.
2024,5,10,38,.,.,.,.,.,.,.,.,.,.,.,.,.
2024,5,10,39,.,.,.,.,.,.,.,.,.,.,.,.,.
2024,5,10,40,.,.,.,.,.,.,.,.,.,.,.,.,.
2024,5,10,41,.,.,.,.,.,.,.,.,.,.,.,.,.
2024,5,10,42,.,.,.,.,.,.,.,.,.,.,.,.,.
2024,5,10,44,.,.,.,.,.,.,.,.,.,.,.,.,.
2024,5,10,45,.,.,.,.,.,.,.,.,.,.,.,.,.
2024,5,10,46,.,.,.,.,.,.,.,.,.,.,.,.,.
2024,5,10,47,.,.,.,.,.,.,.,.,.,.,.,.,.
2024,5,10,48,.,.,.,.,.,.,.,.,.,.,.,.,.
2024,5,10,49,.,.,.,.,.,.,.,.,.,.,.,.,.
2024,5,10,50,.,.,.,.,.,.,.,.,.,.,.,.,.
2024,5,10,51,.,.,.,.,.,.,.,.,.,.,.,.,.
2024,5,10,53,.,.,.,.,.,.,.,.,.,.,.,.,.
2024,5,10,54,.,.,.,.,.,.,.,.,.,.,.,.,.
2024,5,10,55,.,.,.,.,.,.,.,.,.,.,.,.,.
2024,5,10,56,.,.,.,.,.,.,.,.,.,.,.,.,.
2024,5,17,1,.,.,.,.,.,.,.,.,.,.,.,.,.
2024,5,17,2,.,.,.,.,.,.,.,.,.,.,.,.,.
2024,5,17,4,.,.,.,.,.,.,.,.,.,.,.,.,.
2024,5,17,5,.,.,.,.,.,.,.,.,.,.,.,.,.
2024,5,17,6,.,.,.,.,.,.,.,.,.,.,.,.,.
2024,5,17,8,.,.,.,.,.,.,.,.,.,.,.,.,.
2024,5,17,9,.,.,.,.,.,.,.,.,.,.,.,.,.
2024,5,17,10,.,.,.,.,.,.,.,.,.,.,.,.,.
2024,5,17,11,.,.,.,.,.,.,.,.,.,.,.,.,.
2024,5,17,12,.,.,.,.,.,.,.,.,.,.,.,.,.
2024,5,17,13,.,.,.,.,.,.,.,.,.,.,.,.,.
2024,5,17,15,.,.,.,.,.,.,.,.,.,.,.,.,.
2024,5,17,16,.,.,.,.,.,.,.,.,.,.,.,.,.
2024,5,17,17,.,.,.,.,.,.,.,.,.,.,.,.,.
2024,5,17,18,.,.,.,.,.,.,.,.,.,.,.,.,.
2024,5,17,19,.,.,.,.,.,.,.,.,.,.,.,.,.
2024,5,17,20,.,.,.,.,.,.,.,.,.,.,.,.,.
2024,5,17,21,.,.,.,.,.,.,.,.,.,.,.,.,.
2024,5,17,22,.,.,.,.,.,.,.,.,.,.,.,.,.
2024,5,17,23,.,.,.,.,.,.,.,.,.,.,.,.,.
2024,5,17,24,.,.,.,.,.,.,.,.,.,.,.,.,.
2024,5,17,25,.,.,.,.,.,.,.,.,.,.,.,.,.
2024,5,17,26,.,.,.,.,.,.,.,.,.,.,.,.,.
2024,5,17,27,.,.,.,.,.,.,.,.,.,.,.,.,.
2024,5,17,28,.,.,.,.,.,.,.,.,.,.,.,.,.
2024,5,17,29,.,.,.,.,.,.,.,.,.,.,.,.,.
2024,5,17,30,.,.,.,.,.,.,.,.,.,.,.,.,.
2024,5,17,31,.,.,.,.,.,.,.,.,.,.,.,.,.
2024,5,17,32,.,.,.,.,.,.,.,.,.,.,.,.,.
2024,5,17,33,.,.,.,.,.,.,.,.,.,.,.,.,.
2024,5,17,34,.,.,.,.,.,.,.,.,.,.,.,.,.
2024,5,17,35,.,.,.,.,.,.,.,.,.,.,.,.,.
2024,5,17,36,.,.,.,.,.,.,.,.,.,.,.,.,.
2024,5,17,37,.,.,.,.,.,.,.,.,.,.,.,.,.
2024,5,17,38,.,.,.,.,.,.,.,.,.,.,.,.,.
2024,5,17,39,.,.,.,.,.,.,.,.,.,.,.,.,.
2024,5,17,40,.,.,.,.,.,.,.,.,.,.,.,.,.
2024,5,17,41,.,.,.,.,.,.,.,.,.,.,.,.,.
2024,5,17,42,.,.,.,.,.,.,.,.,.,.,.,.,.
2024,5,17,44,.,.,.,.,.,.,.,.,.,.,.,.,.
2024,5,17,45,.,.,.,.,.,.,.,.,.,.,.,.,.
2024,5,17,46,.,.,.,.,.,.,.,.,.,.,.,.,.
2024,5,17,47,.,.,.,.,.,.,.,.,.,.,.,.,.
2024,5,17,48,.,.,.,.,.,.,.,.,.,.,.,.,.
2024,5,17,49,.,.,.,.,.,.,.,.,.,.,.,.,.
2024,5,17,50,.,.,.,.,.,.,.,.,.,.,.,.,.
2024,5,17,51,.,.,.,.,.,.,.,.,.,.,.,.,.
2024,5,17,53,.,.,.,.,.,.,.,.,.,.,.,.,.
2024,5,17,54,.,.,.,.,.,.,.,.,.,.,.,.,.
2024,5,17,55,.,.,.,.,.,.,.,.,.,.,.,.,.
2024,5,17,56,.,.,.,.,.,.,.,.,.,.,.,.,.
2024,5,24,1,.,.,.,.,.,.,.,.,.,.,.,.,.
2024,5,24,2,.,.,.,.,.,.,.,.,.,.,.,.,.
2024,5,24,4,.,.,.,.,.,.,.,.,.,.,.,.,.
2024,5,24,5,.,.,.,.,.,.,.,.,.,.,.,.,.
2024,5,24,6,.,.,.,.,.,.,.,.,.,.,.,.,.
2024,5,24,8,.,.,.,.,.,.,.,.,.,.,.,.,.
2024,5,24,9,.,.,.,.,.,.,.,.,.,.,.,.,.
2024,5,24,10,.,.,.,.,.,.,.,.,.,.,.,.,.
2024,5,24,11,.,.,.,.,.,.,.,.,.,.,.,.,.
2024,5,24,12,.,.,.,.,.,.,.,.,.,.,.,.,.
2024,5,24,13,.,.,.,.,.,.,.,.,.,.,.,.,.
2024,5,24,15,.,.,.,.,.,.,.,.,.,.,.,.,.
2024,5,24,16,.,.,.,.,.,.,.,.,.,.,.,.,.
2024,5,24,17,.,.,.,.,.,.,.,.,.,.,.,.,.
2024,5,24,18,.,.,.,.,.,.,.,.,.,.,.,.,.
2024,5,24,19,.,.,.,.,.,.,.,.,.,.,.,.,.
2024,5,24,20,.,.,.,.,.,.,.,.,.,.,.,.,.
2024,5,24,21,.,.,.,.,.,.,.,.,.,.,.,.,.
2024,5,24,22,.,.,.,.,.,.,.,.,.,.,.,.,.
2024,5,24,23,.,.,.,.,.,.,.,.,.,.,.,.,.
2024,5,24,24,.,.,.,.,.,.,.,.,.,.,.,.,.
2024,5,24,25,.,.,.,.,.,.,.,.,.,.,.,.,.
2024,5,24,26,.,.,.,.,.,.,.,.,.,.,.,.,.
2024,5,24,27,.,.,.,.,.,.,.,.,.,.,.,.,.
2024,5,24,28,.,.,.,.,.,.,.,.,.,.,.,.,.
2024,5,24,29,.,.,.,.,.,.,.,.,.,.,.,.,.
2024,5,24,30,.,.,.,.,.,.,.,.,.,.,.,.,.
2024,5,24,31,.,.,.,.,.,.,.,.,.,.,.,.,.
2024,5,24,32,.,.,.,.,.,.,.,.,.,.,.,.,.
2024,5,24,33,.,.,.,.,.,.,.,.,.,.,.,.,.
2024,5,24,34,.,.,.,.,.,.,.,.,.,.,.,.,.
2024,5,24,35,.,.,.,.,.,.,.,.,.,.,.,.,.
2024,5,24,36,.,.,.,.,.,.,.,.,.,.,.,.,.
2024,5,24,37,.,.,.,.,.,.,.,.,.,.,.,.,.
2024,5,24,38,.,.,.,.,.,.,.,.,.,.,.,.,.
2024,5,24,39,.,.,.,.,.,.,.,.,.,.,.,.,.
2024,5,24,40,.,.,.,.,.,.,.,.,.,.,.,.,.
2024,5,24,41,.,.,.,.,.,.,.,.,.,.,.,.,.
2024,5,24,42,.,.,.,.,.,.,.,.,.,.,.,.,.
2024,5,24,44,.,.,.,.,.,.,.,.,.,.,.,.,.
2024,5,24,45,.,.,.,.,.,.,.,.,.,.,.,.,.
2024,5,24,46,.,.,.,.,.,.,.,.,.,.,.,.,.
2024,5,24,47,.,.,.,.,.,.,.,.,.,.,.,.,.
2024,5,24,48,.,.,.,.,.,.,.,.,.,.,.,.,.
2024,5,24,49,.,.,.,.,.,.,.,.,.,.,.,.,.
2024,5,24,50,.,.,.,.,.,.,.,.,.,.,.,.,.
2024,5,24,51,.,.,.,.,.,.,.,.,.,.,.,.,.
2024,5,24,53,.,.,.,.,.,.,.,.,.,.,.,.,.
2024,5,24,54,.,.,.,.,.,.,.,.,.,.,.,.,.
2024,5,24,55,.,.,.,.,.,.,.,.,.,.,.,.,.
2024,5,24,56,.,.,.,.,.,.,.,.,.,.,.,.,.
2024,5,31,1,.,.,.,.,.,.,.,.,.,.,.,.,.
2024,5,31,2,.,.,.,.,.,.,.,.,.,.,.,.,.
2024,5,31,4,.,.,.,.,.,.,.,.,.,.,.,.,.
2024,5,31,5,.,.,.,.,.,.,.,.,.,.,.,.,.
2024,5,31,6,.,.,.,.,.,.,.,.,.,.,.,.,.
2024,5,31,8,.,.,.,.,.,.,.,.,.,.,.,.,.
2024,5,31,9,.,.,.,.,.,.,.,.,.,.,.,.,.
2024,5,31,10,.,.,.,.,.,.,.,.,.,.,.,.,.
2024,5,31,11,.,.,.,.,.,.,.,.,.,.,.,.,.
2024,5,31,12,.,.,.,.,.,.,.,.,.,.,.,.,.
2024,5,31,13,.,.,.,.,.,.,.,.,.,.,.,.,.
2024,5,31,15,.,.,.,.,.,.,.,.,.,.,.,.,.
2024,5,31,16,.,.,.,.,.,.,.,.,.,.,.,.,.
2024,5,31,17,.,.,.,.,.,.,.,.,.,.,.,.,.
2024,5,31,18,.,.,.,.,.,.,.,.,.,.,.,.,.
2024,5,31,19,.,.,.,.,.,.,.,.,.,.,.,.,.
2024,5,31,20,.,.,.,.,.,.,.,.,.,.,.,.,.
2024,5,31,21,.,.,.,.,.,.,.,.,.,.,.,.,.
2024,5,31,22,.,.,.,.,.,.,.,.,.,.,.,.,.
2024,5,31,23,.,.,.,.,.,.,.,.,.,.,.,.,.
2024,5,31,24,.,.,.,.,.,.,.,.,.,.,.,.,.
2024,5,31,25,.,.,.,.,.,.,.,.,.,.,.,.,.
2024,5,31,26,.,.,.,.,.,.,.,.,.,.,.,.,.
2024,5,31,27,.,.,.,.,.,.,.,.,.,.,.,.,.
2024,5,31,28,.,.,.,.,.,.,.,.,.,.,.,.,.
2024,5,31,29,.,.,.,.,.,.,.,.,.,.,.,.,.
2024,5,31,30,.,.,.,.,.,.,.,.,.,.,.,.,.
2024,5,31,31,.,.,.,.,.,.,.,.,.,.,.,.,.
2024,5,31,32,.,.,.,.,.,.,.,.,.,.,.,.,.
2024,5,31,33,.,.,.,.,.,.,.,.,.,.,.,.,.
2024,5,31,34,.,.,.,.,.,.,.,.,.,.,.,.,.
2024,5,31,35,.,.,.,.,.,.,.,.,.,.,.,.,.
2024,5,31,36,.,.,.,.,.,.,.,.,.,.,.,.,.
2024,5,31,37,.,.,.,.,.,.,.,.,.,.,.,.,.
2024,5,31,38,.,.,.,.,.,.,.,.,.,.,.,.,.
2024,5,31,39,.,.,.,.,.,.,.,.,.,.,.,.,.
2024,5,31,40,.,.,.,.,.,.,.,.,.,.,.,.,.
2024,5,31,41,.,.,.,.,.,.,.,.,.,.,.,.,.
2024,5,31,42,.,.,.,.,.,.,.,.,.,.,.,.,.
2024,5,31,44,.,.,.,.,.,.,.,.,.,.,.,.,.
2024,5,31,45,.,.,.,.,.,.,.,.,.,.,.,.,.
2024,5,31,46,.,.,.,.,.,.,.,.,.,.,.,.,.
2024,5,31,47,.,.,.,.,.,.,.,.,.,.,.,.,.
2024,5,31,48,.,.,.,.,.,.,.,.,.,.,.,.,.
2024,5,31,49,.,.,.,.,.,.,.,.,.,.,.,.,.
2024,5,31,50,.,.,.,.,.,.,.,.,.,.,.,.,.
2024,5,31,51,.,.,.,.,.,.,.,.,.,.,.,.,.
2024,5,31,53,.,.,.,.,.,.,.,.,.,.,.,.,.
2024,5,31,54,.,.,.,.,.,.,.,.,.,.,.,.,.
2024,5,31,55,.,.,.,.,.,.,.,.,.,.,.,.,.
2024,5,31,56,.,.,.,.,.,.,.,.,.,.,.,.,.
2024,6,7,1,.,.,.,.,.,.,.,.,.,.,.,.,.
2024,6,7,2,.,.,.,.,.,.,.,.,.,.,.,.,.
2024,6,7,4,.,.,.,.,.,.,.,.,.,.,.,.,.
2024,6,7,5,.,.,.,.,.,.,.,.,.,.,.,.,.
2024,6,7,6,.,.,.,.,.,.,.,.,.,.,.,.,.
2024,6,7,8,.,.,.,.,.,.,.,.,.,.,.,.,.
2024,6,7,9,.,.,.,.,.,.,.,.,.,.,.,.,.
2024,6,7,10,.,.,.,.,.,.,.,.,.,.,.,.,.
2024,6,7,11,.,.,.,.,.,.,.,.,.,.,.,.,.
2024,6,7,12,.,.,.,.,.,.,.,.,.,.,.,.,.
2024,6,7,13,.,.,.,.,.,.,.,.,.,.,.,.,.
2024,6,7,15,.,.,.,.,.,.,.,.,.,.,.,.,.
2024,6,7,16,.,.,.,.,.,.,.,.,.,.,.,.,.
2024,6,7,17,.,.,.,.,.,.,.,.,.,.,.,.,.
2024,6,7,18,.,.,.,.,.,.,.,.,.,.,.,.,.
2024,6,7,19,.,.,.,.,.,.,.,.,.,.,.,.,.
2024,6,7,20,.,.,.,.,.,.,.,.,.,.,.,.,.
2024,6,7,21,.,.,.,.,.,.,.,.,.,.,.,.,.
2024,6,7,22,.,.,.,.,.,.,.,.,.,.,.,.,.
2024,6,7,23,.,.,.,.,.,.,.,.,.,.,.,.,.
2024,6,7,24,.,.,.,.,.,.,.,.,.,.,.,.,.
2024,6,7,25,.,.,.,.,.,.,.,.,.,.,.,.,.
2024,6,7,26,.,.,.,.,.,.,.,.,.,.,.,.,.
2024,6,7,27,.,.,.,.,.,.,.,.,.,.,.,.,.
2024,6,7,28,.,.,.,.,.,.,.,.,.,.,.,.,.
2024,6,7,29,.,.,.,.,.,.,.,.,.,.,.,.,.
2024,6,7,30,.,.,.,.,.,.,.,.,.,.,.,.,.
2024,6,7,31,.,.,.,.,.,.,.,.,.,.,.,.,.
2024,6,7,32,.,.,.,.,.,.,.,.,.,.,.,.,.
2024,6,7,33,.,.,.,.,.,.,.,.,.,.,.,.,.
2024,6,7,34,.,.,.,.,.,.,.,.,.,.,.,.,.
2024,6,7,35,.,.,.,.,.,.,.,.,.,.,.,.,.
2024,6,7,36,.,.,.,.,.,.,.,.,.,.,.,.,.
2024,6,7,37,.,.,.,.,.,.,.,.,.,.,.,.,.
2024,6,7,38,.,.,.,.,.,.,.,.,.,.,.,.,.
2024,6,7,39,.,.,.,.,.,.,.,.,.,.,.,.,.
2024,6,7,40,.,.,.,.,.,.,.,.,.,.,.,.,.
2024,6,7,41,.,.,.,.,.,.,.,.,.,.,.,.,.
2024,6,7,42,.,.,.,.,.,.,.,.,.,.,.,.,.
2024,6,7,44,.,.,.,.,.,.,.,.,.,.,.,.,.
2024,6,7,45,.,.,.,.,.,.,.,.,.,.,.,.,.
2024,6,7,46,.,.,.,.,.,.,.,.,.,.,.,.,.
2024,6,7,47,.,.,.,.,.,.,.,.,.,.,.,.,.
2024,6,7,48,.,.,.,.,.,.,.,.,.,.,.,.,.
2024,6,7,49,.,.,.,.,.,.,.,.,.,.,.,.,.
2024,6,7,50,.,.,.,.,.,.,.,.,.,.,.,.,.
2024,6,7,51,.,.,.,.,.,.,.,.,.,.,.,.,.
2024,6,7,53,.,.,.,.,.,.,.,.,.,.,.,.,.
2024,6,7,54,.,.,.,.,.,.,.,.,.,.,.,.,.
2024,6,7,55,.,.,.,.,.,.,.,.,.,.,.,.,.
2024,6,7,56,.,.,.,.,.,.,.,.,.,.,.,.,.
2024,6,14,1,.,.,.,.,.,.,.,.,.,.,.,.,.
2024,6,14,2,.,.,.,.,.,.,.,.,.,.,.,.,.
2024,6,14,4,.,.,.,.,.,.,.,.,.,.,.,.,.
2024,6,14,5,.,.,.,.,.,.,.,.,.,.,.,.,.
2024,6,14,6,.,.,.,.,.,.,.,.,.,.,.,.,.
2024,6,14,8,.,.,.,.,.,.,.,.,.,.,.,.,.
2024,6,14,9,.,.,.,.,.,.,.,.,.,.,.,.,.
2024,6,14,10,.,.,.,.,.,.,.,.,.,.,.,.,.
2024,6,14,11,.,.,.,.,.,.,.,.,.,.,.,.,.
2024,6,14,12,.,.,.,.,.,.,.,.,.,.,.,.,.
2024,6,14,13,.,.,.,.,.,.,.,.,.,.,.,.,.
2024,6,14,15,.,.,.,.,.,.,.,.,.,.,.,.,.
2024,6,14,16,.,.,.,.,.,.,.,.,.,.,.,.,.
2024,6,14,17,.,.,.,.,.,.,.,.,.,.,.,.,.
2024,6,14,18,.,.,.,.,.,.,.,.,.,.,.,.,.
2024,6,14,19,.,.,.,.,.,.,.,.,.,.,.,.,.
2024,6,14,20,.,.,.,.,.,.,.,.,.,.,.,.,.
2024,6,14,21,.,.,.,.,.,.,.,.,.,.,.,.,.
2024,6,14,22,.,.,.,.,.,.,.,.,.,.,.,.,.
2024,6,14,23,.,.,.,.,.,.,.,.,.,.,.,.,.
2024,6,14,24,.,.,.,.,.,.,.,.,.,.,.,.,.
2024,6,14,25,.,.,.,.,.,.,.,.,.,.,.,.,.
2024,6,14,26,.,.,.,.,.,.,.,.,.,.,.,.,.
2024,6,14,27,.,.,.,.,.,.,.,.,.,.,.,.,.
2024,6,14,28,.,.,.,.,.,.,.,.,.,.,.,.,.
2024,6,14,29,.,.,.,.,.,.,.,.,.,.,.,.,.
2024,6,14,30,.,.,.,.,.,.,.,.,.,.,.,.,.
2024,6,14,31,.,.,.,.,.,.,.,.,.,.,.,.,.
2024,6,14,32,.,.,.,.,.,.,.,.,.,.,.,.,.
2024,6,14,33,.,.,.,.,.,.,.,.,.,.,.,.,.
2024,6,14,34,.,.,.,.,.,.,.,.,.,.,.,.,.
2024,6,14,35,.,.,.,.,.,.,.,.,.,.,.,.,.
2024,6,14,36,.,.,.,.,.,.,.,.,.,.,.,.,.
2024,6,14,37,.,.,.,.,.,.,.,.,.,.,.,.,.
2024,6,14,38,.,.,.,.,.,.,.,.,.,.,.,.,.
2024,6,14,39,.,.,.,.,.,.,.,.,.,.,.,.,.
2024,6,14,40,.,.,.,.,.,.,.,.,.,.,.,.,.
2024,6,14,41,.,.,.,.,.,.,.,.,.,.,.,.,.
2024,6,14,42,.,.,.,.,.,.,.,.,.,.,.,.,.
2024,6,14,44,.,.,.,.,.,.,.,.,.,.,.,.,.
2024,6,14,45,.,.,.,.,.,.,.,.,.,.,.,.,.
2024,6,14,46,.,.,.,.,.,.,.,.,.,.,.,.,.
2024,6,14,47,.,.,.,.,.,.,.,.,.,.,.,.,.
2024,6,14,48,.,.,.,.,.,.,.,.,.,.,.,.,.
2024,6,14,49,.,.,.,.,.,.,.,.,.,.,.,.,.
2024,6,14,50,.,.,.,.,.,.,.,.,.,.,.,.,.
2024,6,14,51,.,.,.,.,.,.,.,.,.,.,.,.,.
2024,6,14,53,.,.,.,.,.,.,.,.,.,.,.,.,.
2024,6,14,54,.,.,.,.,.,.,.,.,.,.,.,.,.
2024,6,14,55,.,.,.,.,.,.,.,.,.,.,.,.,.
2024,6,14,56,.,.,.,.,.,.,.,.,.,.,.,.,.
2024,6,21,1,.,.,.,.,.,.,.,.,.,.,.,.,.
2024,6,21,2,.,.,.,.,.,.,.,.,.,.,.,.,.
2024,6,21,4,.,.,.,.,.,.,.,.,.,.,.,.,.
2024,6,21,5,.,.,.,.,.,.,.,.,.,.,.,.,.
2024,6,21,6,.,.,.,.,.,.,.,.,.,.,.,.,.
2024,6,21,8,.,.,.,.,.,.,.,.,.,.,.,.,.
2024,6,21,9,.,.,.,.,.,.,.,.,.,.,.,.,.
2024,6,21,10,.,.,.,.,.,.,.,.,.,.,.,.,.
2024,6,21,11,.,.,.,.,.,.,.,.,.,.,.,.,.
2024,6,21,12,.,.,.,.,.,.,.,.,.,.,.,.,.
2024,6,21,13,.,.,.,.,.,.,.,.,.,.,.,.,.
2024,6,21,15,.,.,.,.,.,.,.,.,.,.,.,.,.
2024,6,21,16,.,.,.,.,.,.,.,.,.,.,.,.,.
2024,6,21,17,.,.,.,.,.,.,.,.,.,.,.,.,.
2024,6,21,18,.,.,.,.,.,.,.,.,.,.,.,.,.
2024,6,21,19,.,.,.,.,.,.,.,.,.,.,.,.,.
2024,6,21,20,.,.,.,.,.,.,.,.,.,.,.,.,.
2024,6,21,21,.,.,.,.,.,.,.,.,.,.,.,.,.
2024,6,21,22,.,.,.,.,.,.,.,.,.,.,.,.,.
2024,6,21,23,.,.,.,.,.,.,.,.,.,.,.,.,.
2024,6,21,24,.,.,.,.,.,.,.,.,.,.,.,.,.
2024,6,21,25,.,.,.,.,.,.,.,.,.,.,.,.,.
2024,6,21,26,.,.,.,.,.,.,.,.,.,.,.,.,.
2024,6,21,27,.,.,.,.,.,.,.,.,.,.,.,.,.
2024,6,21,28,.,.,.,.,.,.,.,.,.,.,.,.,.
2024,6,21,29,.,.,.,.,.,.,.,.,.,.,.,.,.
2024,6,21,30,.,.,.,.,.,.,.,.,.,.,.,.,.
2024,6,21,31,.,.,.,.,.,.,.,.,.,.,.,.,.
2024,6,21,32,.,.,.,.,.,.,.,.,.,.,.,.,.
2024,6,21,33,.,.,.,.,.,.,.,.,.,.,.,.,.
2024,6,21,34,.,.,.,.,.,.,.,.,.,.,.,.,.
2024,6,21,35,.,.,.,.,.,.,.,.,.,.,.,.,.
2024,6,21,36,.,.,.,.,.,.,.,.,.,.,.,.,.
2024,6,21,37,.,.,.,.,.,.,.,.,.,.,.,.,.
2024,6,21,38,.,.,.,.,.,.,.,.,.,.,.,.,.
2024,6,21,39,.,.,.,.,.,.,.,.,.,.,.,.,.
2024,6,21,40,.,.,.,.,.,.,.,.,.,.,.,.,.
2024,6,21,41,.,.,.,.,.,.,.,.,.,.,.,.,.
2024,6,21,42,.,.,.,.,.,.,.,.,.,.,.,.,.
2024,6,21,44,.,.,.,.,.,.,.,.,.,.,.,.,.
2024,6,21,45,.,.,.,.,.,.,.,.,.,.,.,.,.
2024,6,21,46,.,.,.,.,.,.,.,.,.,.,.,.,.
2024,6,21,47,.,.,.,.,.,.,.,.,.,.,.,.,.
2024,6,21,48,.,.,.,.,.,.,.,.,.,.,.,.,.
2024,6,21,49,.,.,.,.,.,.,.,.,.,.,.,.,.
2024,6,21,50,.,.,.,.,.,.,.,.,.,.,.,.,.
2024,6,21,51,.,.,.,.,.,.,.,.,.,.,.,.,.
2024,6,21,53,.,.,.,.,.,.,.,.,.,.,.,.,.
2024,6,21,54,.,.,.,.,.,.,.,.,.,.,.,.,.
2024,6,21,55,.,.,.,.,.,.,.,.,.,.,.,.,.
2024,6,21,56,.,.,.,.,.,.,.,.,.,.,.,.,.
2024,6,28,1,.,.,.,.,.,.,.,.,.,.,.,.,.
2024,6,28,2,.,.,.,.,.,.,.,.,.,.,.,.,.
2024,6,28,4,.,.,.,.,.,.,.,.,.,.,.,.,.
2024,6,28,5,.,.,.,.,.,.,.,.,.,.,.,.,.
2024,6,28,6,.,.,.,.,.,.,.,.,.,.,.,.,.
2024,6,28,8,.,.,.,.,.,.,.,.,.,.,.,.,.
2024,6,28,9,.,.,.,.,.,.,.,.,.,.,.,.,.
2024,6,28,10,.,.,.,.,.,.,.,.,.,.,.,.,.
2024,6,28,11,.,.,.,.,.,.,.,.,.,.,.,.,.
2024,6,28,12,.,.,.,.,.,.,.,.,.,.,.,.,.
2024,6,28,13,.,.,.,.,.,.,.,.,.,.,.,.,.
2024,6,28,15,.,.,.,.,.,.,.,.,.,.,.,.,.
2024,6,28,16,.,.,.,.,.,.,.,.,.,.,.,.,.
2024,6,28,17,.,.,.,.,.,.,.,.,.,.,.,.,.
2024,6,28,18,.,.,.,.,.,.,.,.,.,.,.,.,.
2024,6,28,19,.,.,.,.,.,.,.,.,.,.,.,.,.
2024,6,28,20,.,.,.,.,.,.,.,.,.,.,.,.,.
2024,6,28,21,.,.,.,.,.,.,.,.,.,.,.,.,.
2024,6,28,22,.,.,.,.,.,.,.,.,.,.,.,.,.
2024,6,28,23,.,.,.,.,.,.,.,.,.,.,.,.,.
2024,6,28,24,.,.,.,.,.,.,.,.,.,.,.,.,.
2024,6,28,25,.,.,.,.,.,.,.,.,.,.,.,.,.
2024,6,28,26,.,.,.,.,.,.,.,.,.,.,.,.,.
2024,6,28,27,.,.,.,.,.,.,.,.,.,.,.,.,.
2024,6,28,28,.,.,.,.,.,.,.,.,.,.,.,.,.
2024,6,28,29,.,.,.,.,.,.,.,.,.,.,.,.,.
2024,6,28,30,.,.,.,.,.,.,.,.,.,.,.,.,.
2024,6,28,31,.,.,.,.,.,.,.,.,.,.,.,.,.
2024,6,28,32,.,.,.,.,.,.,.,.,.,.,.,.,.
2024,6,28,33,.,.,.,.,.,.,.,.,.,.,.,.,.
2024,6,28,34,.,.,.,.,.,.,.,.,.,.,.,.,.
2024,6,28,35,.,.,.,.,.,.,.,.,.,.,.,.,.
2024,6,28,36,.,.,.,.,.,.,.,.,.,.,.,.,.
2024,6,28,37,.,.,.,.,.,.,.,.,.,.,.,.,.
2024,6,28,38,.,.,.,.,.,.,.,.,.,.,.,.,.
2024,6,28,39,.,.,.,.,.,.,.,.,.,.,.,.,.
2024,6,28,40,.,.,.,.,.,.,.,.,.,.,.,.,.
2024,6,28,41,.,.,.,.,.,.,.,.,.,.,.,.,.
2024,6,28,42,.,.,.,.,.,.,.,.,.,.,.,.,.
2024,6,28,44,.,.,.,.,.,.,.,.,.,.,.,.,.
2024,6,28,45,.,.,.,.,.,.,.,.,.,.,.,.,.
2024,6,28,46,.,.,.,.,.,.,.,.,.,.,.,.,.
2024,6,28,47,.,.,.,.,.,.,.,.,.,.,.,.,.
2024,6,28,48,.,.,.,.,.,.,.,.,.,.,.,.,.
2024,6,28,49,.,.,.,.,.,.,.,.,.,.,.,.,.
2024,6,28,50,.,.,.,.,.,.,.,.,.,.,.,.,.
2024,6,28,51,.,.,.,.,.,.,.,.,.,.,.,.,.
2024,6,28,53,.,.,.,.,.,.,.,.,.,.,.,.,.
2024,6,28,54,.,.,.,.,.,.,.,.,.,.,.,.,.
2024,6,28,55,.,.,.,.,.,.,.,.,.,.,.,.,.
2024,6,28,56,.,.,.,.,.,.,.,.,.,.,.,.,.
2024,7,5,1,.,.,.,.,.,.,.,.,.,.,.,.,.
2024,7,5,2,.,.,.,.,.,.,.,.,.,.,.,.,.
2024,7,5,4,.,.,.,.,.,.,.,.,.,.,.,.,.
2024,7,5,5,.,.,.,.,.,.,.,.,.,.,.,.,.
2024,7,5,6,.,.,.,.,.,.,.,.,.,.,.,.,.
2024,7,5,8,.,.,.,.,.,.,.,.,.,.,.,.,.
2024,7,5,9,.,.,.,.,.,.,.,.,.,.,.,.,.
2024,7,5,10,.,.,.,.,.,.,.,.,.,.,.,.,.
2024,7,5,11,.,.,.,.,.,.,.,.,.,.,.,.,.
2024,7,5,12,.,.,.,.,.,.,.,.,.,.,.,.,.
2024,7,5,13,.,.,.,.,.,.,.,.,.,.,.,.,.
2024,7,5,15,.,.,.,.,.,.,.,.,.,.,.,.,.
2024,7,5,16,.,.,.,.,.,.,.,.,.,.,.,.,.
2024,7,5,17,.,.,.,.,.,.,.,.,.,.,.,.,.
2024,7,5,18,.,.,.,.,.,.,.,.,.,.,.,.,.
2024,7,5,19,.,.,.,.,.,.,.,.,.,.,.,.,.
2024,7,5,20,.,.,.,.,.,.,.,.,.,.,.,.,.
2024,7,5,21,.,.,.,.,.,.,.,.,.,.,.,.,.
2024,7,5,22,.,.,.,.,.,.,.,.,.,.,.,.,.
2024,7,5,23,.,.,.,.,.,.,.,.,.,.,.,.,.
2024,7,5,24,.,.,.,.,.,.,.,.,.,.,.,.,.
2024,7,5,25,.,.,.,.,.,.,.,.,.,.,.,.,.
2024,7,5,26,.,.,.,.,.,.,.,.,.,.,.,.,.
2024,7,5,27,.,.,.,.,.,.,.,.,.,.,.,.,.
2024,7,5,28,.,.,.,.,.,.,.,.,.,.,.,.,.
2024,7,5,29,.,.,.,.,.,.,.,.,.,.,.,.,.
2024,7,5,30,.,.,.,.,.,.,.,.,.,.,.,.,.
2024,7,5,31,.,.,.,.,.,.,.,.,.,.,.,.,.
2024,7,5,32,.,.,.,.,.,.,.,.,.,.,.,.,.
2024,7,5,33,.,.,.,.,.,.,.,.,.,.,.,.,.
2024,7,5,34,.,.,.,.,.,.,.,.,.,.,.,.,.
2024,7,5,35,.,.,.,.,.,.,.,.,.,.,.,.,.
2024,7,5,36,.,.,.,.,.,.,.,.,.,.,.,.,.
2024,7,5,37,.,.,.,.,.,.,.,.,.,.,.,.,.
2024,7,5,38,.,.,.,.,.,.,.,.,.,.,.,.,.
2024,7,5,39,.,.,.,.,.,.,.,.,.,.,.,.,.
2024,7,5,40,.,.,.,.,.,.,.,.,.,.,.,.,.
2024,7,5,41,.,.,.,.,.,.,.,.,.,.,.,.,.
2024,7,5,42,.,.,.,.,.,.,.,.,.,.,.,.,.
2024,7,5,44,.,.,.,.,.,.,.,.,.,.,.,.,.
2024,7,5,45,.,.,.,.,.,.,.,.,.,.,.,.,.
2024,7,5,46,.,.,.,.,.,.,.,.,.,.,.,.,.
2024,7,5,47,.,.,.,.,.,.,.,.,.,.,.,.,.
2024,7,5,48,.,.,.,.,.,.,.,.,.,.,.,.,.
2024,7,5,49,.,.,.,.,.,.,.,.,.,.,.,.,.
2024,7,5,50,.,.,.,.,.,.,.,.,.,.,.,.,.
2024,7,5,51,.,.,.,.,.,.,.,.,.,.,.,.,.
2024,7,5,53,.,.,.,.,.,.,.,.,.,.,.,.,.
2024,7,5,54,.,.,.,.,.,.,.,.,.,.,.,.,.
2024,7,5,55,.,.,.,.,.,.,.,.,.,.,.,.,.
2024,7,5,56,.,.,.,.,.,.,.,.,.,.,.,.,.
2024,7,12,1,.,.,.,.,.,.,.,.,.,.,.,.,.
2024,7,12,2,.,.,.,.,.,.,.,.,.,.,.,.,.
2024,7,12,4,.,.,.,.,.,.,.,.,.,.,.,.,.
2024,7,12,5,.,.,.,.,.,.,.,.,.,.,.,.,.
2024,7,12,6,.,.,.,.,.,.,.,.,.,.,.,.,.
2024,7,12,8,.,.,.,.,.,.,.,.,.,.,.,.,.
2024,7,12,9,.,.,.,.,.,.,.,.,.,.,.,.,.
2024,7,12,10,.,.,.,.,.,.,.,.,.,.,.,.,.
2024,7,12,11,.,.,.,.,.,.,.,.,.,.,.,.,.
2024,7,12,12,.,.,.,.,.,.,.,.,.,.,.,.,.
2024,7,12,13,.,.,.,.,.,.,.,.,.,.,.,.,.
2024,7,12,15,.,.,.,.,.,.,.,.,.,.,.,.,.
2024,7,12,16,.,.,.,.,.,.,.,.,.,.,.,.,.
2024,7,12,17,.,.,.,.,.,.,.,.,.,.,.,.,.
2024,7,12,18,.,.,.,.,.,.,.,.,.,.,.,.,.
2024,7,12,19,.,.,.,.,.,.,.,.,.,.,.,.,.
2024,7,12,20,.,.,.,.,.,.,.,.,.,.,.,.,.
2024,7,12,21,.,.,.,.,.,.,.,.,.,.,.,.,.
2024,7,12,22,.,.,.,.,.,.,.,.,.,.,.,.,.
2024,7,12,23,.,.,.,.,.,.,.,.,.,.,.,.,.
2024,7,12,24,.,.,.,.,.,.,.,.,.,.,.,.,.
2024,7,12,25,.,.,.,.,.,.,.,.,.,.,.,.,.
2024,7,12,26,.,.,.,.,.,.,.,.,.,.,.,.,.
2024,7,12,27,.,.,.,.,.,.,.,.,.,.,.,.,.
2024,7,12,28,.,.,.,.,.,.,.,.,.,.,.,.,.
2024,7,12,29,.,.,.,.,.,.,.,.,.,.,.,.,.
2024,7,12,30,.,.,.,.,.,.,.,.,.,.,.,.,.
2024,7,12,31,.,.,.,.,.,.,.,.,.,.,.,.,.
2024,7,12,32,.,.,.,.,.,.,.,.,.,.,.,.,.
2024,7,12,33,.,.,.,.,.,.,.,.,.,.,.,.,.
2024,7,12,34,.,.,.,.,.,.,.,.,.,.,.,.,.
2024,7,12,35,.,.,.,.,.,.,.,.,.,.,.,.,.
2024,7,12,36,.,.,.,.,.,.,.,.,.,.,.,.,.
2024,7,12,37,.,.,.,.,.,.,.,.,.,.,.,.,.
2024,7,12,38,.,.,.,.,.,.,.,.,.,.,.,.,.
2024,7,12,39,.,.,.,.,.,.,.,.,.,.,.,.,.
2024,7,12,40,.,.,.,.,.,.,.,.,.,.,.,.,.
2024,7,12,41,.,.,.,.,.,.,.,.,.,.,.,.,.
2024,7,12,42,.,.,.,.,.,.,.,.,.,.,.,.,.
2024,7,12,44,.,.,.,.,.,.,.,.,.,.,.,.,.
2024,7,12,45,.,.,.,.,.,.,.,.,.,.,.,.,.
2024,7,12,46,.,.,.,.,.,.,.,.,.,.,.,.,.
2024,7,12,47,.,.,.,.,.,.,.,.,.,.,.,.,.
2024,7,12,48,.,.,.,.,.,.,.,.,.,.,.,.,.
2024,7,12,49,.,.,.,.,.,.,.,.,.,.,.,.,.
2024,7,12,50,.,.,.,.,.,.,.,.,.,.,.,.,.
2024,7,12,51,.,.,.,.,.,.,.,.,.,.,.,.,.
2024,7,12,53,.,.,.,.,.,.,.,.,.,.,.,.,.
2024,7,12,54,.,.,.,.,.,.,.,.,.,.,.,.,.
2024,7,12,55,.,.,.,.,.,.,.,.,.,.,.,.,.
2024,7,12,56,.,.,.,.,.,.,.,.,.,.,.,.,.
2024,7,19,1,.,.,.,.,.,.,.,.,.,.,.,.,.
2024,7,19,2,.,.,.,.,.,.,.,.,.,.,.,.,.
2024,7,19,4,.,.,.,.,.,.,.,.,.,.,.,.,.
2024,7,19,5,.,.,.,.,.,.,.,.,.,.,.,.,.
2024,7,19,6,.,.,.,.,.,.,.,.,.,.,.,.,.
2024,7,19,8,.,.,.,.,.,.,.,.,.,.,.,.,.
2024,7,19,9,.,.,.,.,.,.,.,.,.,.,.,.,.
2024,7,19,10,.,.,.,.,.,.,.,.,.,.,.,.,.
2024,7,19,11,.,.,.,.,.,.,.,.,.,.,.,.,.
2024,7,19,12,.,.,.,.,.,.,.,.,.,.,.,.,.
2024,7,19,13,.,.,.,.,.,.,.,.,.,.,.,.,.
2024,7,19,15,.,.,.,.,.,.,.,.,.,.,.,.,.
2024,7,19,16,.,.,.,.,.,.,.,.,.,.,.,.,.
2024,7,19,17,.,.,.,.,.,.,.,.,.,.,.,.,.
2024,7,19,18,.,.,.,.,.,.,.,.,.,.,.,.,.
2024,7,19,19,.,.,.,.,.,.,.,.,.,.,.,.,.
2024,7,19,20,.,.,.,.,.,.,.,.,.,.,.,.,.
2024,7,19,21,.,.,.,.,.,.,.,.,.,.,.,.,.
2024,7,19,22,.,.,.,.,.,.,.,.,.,.,.,.,.
2024,7,19,23,.,.,.,.,.,.,.,.,.,.,.,.,.
2024,7,19,24,.,.,.,.,.,.,.,.,.,.,.,.,.
2024,7,19,25,.,.,.,.,.,.,.,.,.,.,.,.,.
2024,7,19,26,.,.,.,.,.,.,.,.,.,.,.,.,.
2024,7,19,27,.,.,.,.,.,.,.,.,.,.,.,.,.
2024,7,19,28,.,.,.,.,.,.,.,.,.,.,.,.,.
2024,7,19,29,.,.,.,.,.,.,.,.,.,.,.,.,.
2024,7,19,30,.,.,.,.,.,.,.,.,.,.,.,.,.
2024,7,19,31,.,.,.,.,.,.,.,.,.,.,.,.,.
2024,7,19,32,.,.,.,.,.,.,.,.,.,.,.,.,.
2024,7,19,33,.,.,.,.,.,.,.,.,.,.,.,.,.
2024,7,19,34,.,.,.,.,.,.,.,.,.,.,.,.,.
2024,7,19,35,.,.,.,.,.,.,.,.,.,.,.,.,.
2024,7,19,36,.,.,.,.,.,.,.,.,.,.,.,.,.
2024,7,19,37,.,.,.,.,.,.,.,.,.,.,.,.,.
2024,7,19,38,.,.,.,.,.,.,.,.,.,.,.,.,.
2024,7,19,39,.,.,.,.,.,.,.,.,.,.,.,.,.
2024,7,19,40,.,.,.,.,.,.,.,.,.,.,.,.,.
2024,7,19,41,.,.,.,.,.,.,.,.,.,.,.,.,.
2024,7,19,42,.,.,.,.,.,.,.,.,.,.,.,.,.
2024,7,19,44,.,.,.,.,.,.,.,.,.,.,.,.,.
2024,7,19,45,.,.,.,.,.,.,.,.,.,.,.,.,.
2024,7,19,46,.,.,.,.,.,.,.,.,.,.,.,.,.
2024,7,19,47,.,.,.,.,.,.,.,.,.,.,.,.,.
2024,7,19,48,.,.,.,.,.,.,.,.,.,.,.,.,.
2024,7,19,49,.,.,.,.,.,.,.,.,.,.,.,.,.
2024,7,19,50,.,.,.,.,.,.,.,.,.,.,.,.,.
2024,7,19,51,.,.,.,.,.,.,.,.,.,.,.,.,.
2024,7,19,53,.,.,.,.,.,.,.,.,.,.,.,.,.
2024,7,19,54,.,.,.,.,.,.,.,.,.,.,.,.,.
2024,7,19,55,.,.,.,.,.,.,.,.,.,.,.,.,.
2024,7,19,56,.,.,.,.,.,.,.,.,.,.,.,.,.
2024,7,26,1,.,.,.,.,.,.,.,.,.,.,.,.,.
2024,7,26,2,.,.,.,.,.,.,.,.,.,.,.,.,.
2024,7,26,4,.,.,.,.,.,.,.,.,.,.,.,.,.
2024,7,26,5,.,.,.,.,.,.,.,.,.,.,.,.,.
2024,7,26,6,.,.,.,.,.,.,.,.,.,.,.,.,.
2024,7,26,8,.,.,.,.,.,.,.,.,.,.,.,.,.
2024,7,26,9,.,.,.,.,.,.,.,.,.,.,.,.,.
2024,7,26,10,.,.,.,.,.,.,.,.,.,.,.,.,.
2024,7,26,11,.,.,.,.,.,.,.,.,.,.,.,.,.
2024,7,26,12,.,.,.,.,.,.,.,.,.,.,.,.,.
2024,7,26,13,.,.,.,.,.,.,.,.,.,.,.,.,.
2024,7,26,15,.,.,.,.,.,.,.,.,.,.,.,.,.
2024,7,26,16,.,.,.,.,.,.,.,.,.,.,.,.,.
2024,7,26,17,.,.,.,.,.,.,.,.,.,.,.,.,.
2024,7,26,18,.,.,.,.,.,.,.,.,.,.,.,.,.
2024,7,26,19,.,.,.,.,.,.,.,.,.,.,.,.,.
2024,7,26,20,.,.,.,.,.,.,.,.,.,.,.,.,.
2024,7,26,21,.,.,.,.,.,.,.,.,.,.,.,.,.
2024,7,26,22,.,.,.,.,.,.,.,.,.,.,.,.,.
2024,7,26,23,.,.,.,.,.,.,.,.,.,.,.,.,.
2024,7,26,24,.,.,.,.,.,.,.,.,.,.,.,.,.
2024,7,26,25,.,.,.,.,.,.,.,.,.,.,.,.,.
2024,7,26,26,.,.,.,.,.,.,.,.,.,.,.,.,.
2024,7,26,27,.,.,.,.,.,.,.,.,.,.,.,.,.
2024,7,26,28,.,.,.,.,.,.,.,.,.,.,.,.,.
2024,7,26,29,.,.,.,.,.,.,.,.,.,.,.,.,.
2024,7,26,30,.,.,.,.,.,.,.,.,.,.,.,.,.
2024,7,26,31,.,.,.,.,.,.,.,.,.,.,.,.,.
2024,7,26,32,.,.,.,.,.,.,.,.,.,.,.,.,.
2024,7,26,33,.,.,.,.,.,.,.,.,.,.,.,.,.
2024,7,26,34,.,.,.,.,.,.,.,.,.,.,.,.,.
2024,7,26,35,.,.,.,.,.,.,.,.,.,.,.,.,.
2024,7,26,36,.,.,.,.,.,.,.,.,.,.,.,.,.
2024,7,26,37,.,.,.,.,.,.,.,.,.,.,.,.,.
2024,7,26,38,.,.,.,.,.,.,.,.,.,.,.,.,.
2024,7,26,39,.,.,.,.,.,.,.,.,.,.,.,.,.
2024,7,26,40,.,.,.,.,.,.,.,.,.,.,.,.,.
2024,7,26,41,.,.,.,.,.,.,.,.,.,.,.,.,.
2024,7,26,42,.,.,.,.,.,.,.,.,.,.,.,.,.
2024,7,26,44,.,.,.,.,.,.,.,.,.,.,.,.,.
2024,7,26,45,.,.,.,.,.,.,.,.,.,.,.,.,.
2024,7,26,46,.,.,.,.,.,.,.,.,.,.,.,.,.
2024,7,26,47,.,.,.,.,.,.,.,.,.,.,.,.,.
2024,7,26,48,.,.,.,.,.,.,.,.,.,.,.,.,.
2024,7,26,49,.,.,.,.,.,.,.,.,.,.,.,.,.
2024,7,26,50,.,.,.,.,.,.,.,.,.,.,.,.,.
2024,7,26,51,.,.,.,.,.,.,.,.,.,.,.,.,.
2024,7,26,53,.,.,.,.,.,.,.,.,.,.,.,.,.
2024,7,26,54,.,.,.,.,.,.,.,.,.,.,.,.,.
2024,7,26,55,.,.,.,.,.,.,.,.,.,.,.,.,.
2024,7,26,56,.,.,.,.,.,.,.,.,.,.,.,.,.
2024,8,2,1,.,.,.,.,.,.,.,.,.,.,.,.,.
2024,8,2,2,.,.,.,.,.,.,.,.,.,.,.,.,.
2024,8,2,4,.,.,.,.,.,.,.,.,.,.,.,.,.
2024,8,2,5,.,.,.,.,.,.,.,.,.,.,.,.,.
2024,8,2,6,.,.,.,.,.,.,.,.,.,.,.,.,.
2024,8,2,8,.,.,.,.,.,.,.,.,.,.,.,.,.
2024,8,2,9,.,.,.,.,.,.,.,.,.,.,.,.,.
2024,8,2,10,.,.,.,.,.,.,.,.,.,.,.,.,.
2024,8,2,11,.,.,.,.,.,.,.,.,.,.,.,.,.
2024,8,2,12,.,.,.,.,.,.,.,.,.,.,.,.,.
2024,8,2,13,.,.,.,.,.,.,.,.,.,.,.,.,.
2024,8,2,15,.,.,.,.,.,.,.,.,.,.,.,.,.
2024,8,2,16,.,.,.,.,.,.,.,.,.,.,.,.,.
2024,8,2,17,.,.,.,.,.,.,.,.,.,.,.,.,.
2024,8,2,18,.,.,.,.,.,.,.,.,.,.,.,.,.
2024,8,2,19,.,.,.,.,.,.,.,.,.,.,.,.,.
2024,8,2,20,.,.,.,.,.,.,.,.,.,.,.,.,.
2024,8,2,21,.,.,.,.,.,.,.,.,.,.,.,.,.
2024,8,2,22,.,.,.,.,.,.,.,.,.,.,.,.,.
2024,8,2,23,.,.,.,.,.,.,.,.,.,.,.,.,.
2024,8,2,24,.,.,.,.,.,.,.,.,.,.,.,.,.
2024,8,2,25,.,.,.,.,.,.,.,.,.,.,.,.,.
2024,8,2,26,.,.,.,.,.,.,.,.,.,.,.,.,.
2024,8,2,27,.,.,.,.,.,.,.,.,.,.,.,.,.
2024,8,2,28,.,.,.,.,.,.,.,.,.,.,.,.,.
2024,8,2,29,.,.,.,.,.,.,.,.,.,.,.,.,.
2024,8,2,30,.,.,.,.,.,.,.,.,.,.,.,.,.
2024,8,2,31,.,.,.,.,.,.,.,.,.,.,.,.,.
2024,8,2,32,.,.,.,.,.,.,.,.,.,.,.,.,.
2024,8,2,33,.,.,.,.,.,.,.,.,.,.,.,.,.
2024,8,2,34,.,.,.,.,.,.,.,.,.,.,.,.,.
2024,8,2,35,.,.,.,.,.,.,.,.,.,.,.,.,.
2024,8,2,36,.,.,.,.,.,.,.,.,.,.,.,.,.
2024,8,2,37,.,.,.,.,.,.,.,.,.,.,.,.,.
2024,8,2,38,.,.,.,.,.,.,.,.,.,.,.,.,.
2024,8,2,39,.,.,.,.,.,.,.,.,.,.,.,.,.
2024,8,2,40,.,.,.,.,.,.,.,.,.,.,.,.,.
2024,8,2,41,.,.,.,.,.,.,.,.,.,.,.,.,.
2024,8,2,42,.,.,.,.,.,.,.,.,.,.,.,.,.
2024,8,2,44,.,.,.,.,.,.,.,.,.,.,.,.,.
2024,8,2,45,.,.,.,.,.,.,.,.,.,.,.,.,.
2024,8,2,46,.,.,.,.,.,.,.,.,.,.,.,.,.
2024,8,2,47,.,.,.,.,.,.,.,.,.,.,.,.,.
2024,8,2,48,.,.,.,.,.,.,.,.,.,.,.,.,.
2024,8,2,49,.,.,.,.,.,.,.,.,.,.,.,.,.
2024,8,2,50,.,.,.,.,.,.,.,.,.,.,.,.,.
2024,8,2,51,.,.,.,.,.,.,.,.,.,.,.,.,.
2024,8,2,53,.,.,.,.,.,.,.,.,.,.,.,.,.
2024,8,2,54,.,.,.,.,.,.,.,.,.,.,.,.,.
2024,8,2,55,.,.,.,.,.,.,.,.,.,.,.,.,.
2024,8,2,56,.,.,.,.,.,.,.,.,.,.,.,.,.
2024,8,9,1,.,.,.,.,.,.,.,.,.,.,.,.,.
2024,8,9,2,.,.,.,.,.,.,.,.,.,.,.,.,.
2024,8,9,4,.,.,.,.,.,.,.,.,.,.,.,.,.
2024,8,9,5,.,.,.,.,.,.,.,.,.,.,.,.,.
2024,8,9,6,.,.,.,.,.,.,.,.,.,.,.,.,.
2024,8,9,8,.,.,.,.,.,.,.,.,.,.,.,.,.
2024,8,9,9,.,.,.,.,.,.,.,.,.,.,.,.,.
2024,8,9,10,.,.,.,.,.,.,.,.,.,.,.,.,.
2024,8,9,11,.,.,.,.,.,.,.,.,.,.,.,.,.
2024,8,9,12,.,.,.,.,.,.,.,.,.,.,.,.,.
2024,8,9,13,.,.,.,.,.,.,.,.,.,.,.,.,.
2024,8,9,15,.,.,.,.,.,.,.,.,.,.,.,.,.
2024,8,9,16,.,.,.,.,.,.,.,.,.,.,.,.,.
2024,8,9,17,.,.,.,.,.,.,.,.,.,.,.,.,.
2024,8,9,18,.,.,.,.,.,.,.,.,.,.,.,.,.
2024,8,9,19,.,.,.,.,.,.,.,.,.,.,.,.,.
2024,8,9,20,.,.,.,.,.,.,.,.,.,.,.,.,.
2024,8,9,21,.,.,.,.,.,.,.,.,.,.,.,.,.
2024,8,9,22,.,.,.,.,.,.,.,.,.,.,.,.,.
2024,8,9,23,.,.,.,.,.,.,.,.,.,.,.,.,.
2024,8,9,24,.,.,.,.,.,.,.,.,.,.,.,.,.
2024,8,9,25,.,.,.,.,.,.,.,.,.,.,.,.,.
2024,8,9,26,.,.,.,.,.,.,.,.,.,.,.,.,.
2024,8,9,27,.,.,.,.,.,.,.,.,.,.,.,.,.
2024,8,9,28,.,.,.,.,.,.,.,.,.,.,.,.,.
2024,8,9,29,.,.,.,.,.,.,.,.,.,.,.,.,.
2024,8,9,30,.,.,.,.,.,.,.,.,.,.,.,.,.
2024,8,9,31,.,.,.,.,.,.,.,.,.,.,.,.,.
2024,8,9,32,.,.,.,.,.,.,.,.,.,.,.,.,.
2024,8,9,33,.,.,.,.,.,.,.,.,.,.,.,.,.
2024,8,9,34,.,.,.,.,.,.,.,.,.,.,.,.,.
2024,8,9,35,.,.,.,.,.,.,.,.,.,.,.,.,.
2024,8,9,36,.,.,.,.,.,.,.,.,.,.,.,.,.
2024,8,9,37,.,.,.,.,.,.,.,.,.,.,.,.,.
2024,8,9,38,.,.,.,.,.,.,.,.,.,.,.,.,.
2024,8,9,39,.,.,.,.,.,.,.,.,.,.,.,.,.
2024,8,9,40,.,.,.,.,.,.,.,.,.,.,.,.,.
2024,8,9,41,.,.,.,.,.,.,.,.,.,.,.,.,.
2024,8,9,42,.,.,.,.,.,.,.,.,.,.,.,.,.
2024,8,9,44,.,.,.,.,.,.,.,.,.,.,.,.,.
2024,8,9,45,.,.,.,.,.,.,.,.,.,.,.,.,.
2024,8,9,46,.,.,.,.,.,.,.,.,.,.,.,.,.
2024,8,9,47,.,.,.,.,.,.,.,.,.,.,.,.,.
2024,8,9,48,.,.,.,.,.,.,.,.,.,.,.,.,.
2024,8,9,49,.,.,.,.,.,.,.,.,.,.,.,.,.
2024,8,9,50,.,.,.,.,.,.,.,.,.,.,.,.,.
2024,8,9,51,.,.,.,.,.,.,.,.,.,.,.,.,.
2024,8,9,53,.,.,.,.,.,.,.,.,.,.,.,.,.
2024,8,9,54,.,.,.,.,.,.,.,.,.,.,.,.,.
2024,8,9,55,.,.,.,.,.,.,.,.,.,.,.,.,.
2024,8,9,56,.,.,.,.,.,.,.,.,.,.,.,.,.
2024,8,16,1,.,.,.,.,.,.,.,.,.,.,.,.,.
2024,8,16,2,.,.,.,.,.,.,.,.,.,.,.,.,.
2024,8,16,4,.,.,.,.,.,.,.,.,.,.,.,.,.
2024,8,16,5,.,.,.,.,.,.,.,.,.,.,.,.,.
2024,8,16,6,.,.,.,.,.,.,.,.,.,.,.,.,.
2024,8,16,8,.,.,.,.,.,.,.,.,.,.,.,.,.
2024,8,16,9,.,.,.,.,.,.,.,.,.,.,.,.,.
2024,8,16,10,.,.,.,.,.,.,.,.,.,.,.,.,.
2024,8,16,11,.,.,.,.,.,.,.,.,.,.,.,.,.
2024,8,16,12,.,.,.,.,.,.,.,.,.,.,.,.,.
2024,8,16,13,.,.,.,.,.,.,.,.,.,.,.,.,.
2024,8,16,15,.,.,.,.,.,.,.,.,.,.,.,.,.
2024,8,16,16,.,.,.,.,.,.,.,.,.,.,.,.,.
2024,8,16,17,.,.,.,.,.,.,.,.,.,.,.,.,.
2024,8,16,18,.,.,.,.,.,.,.,.,.,.,.,.,.
2024,8,16,19,.,.,.,.,.,.,.,.,.,.,.,.,.
2024,8,16,20,.,.,.,.,.,.,.,.,.,.,.,.,.
2024,8,16,21,.,.,.,.,.,.,.,.,.,.,.,.,.
2024,8,16,22,.,.,.,.,.,.,.,.,.,.,.,.,.
2024,8,16,23,.,.,.,.,.,.,.,.,.,.,.,.,.
2024,8,16,24,.,.,.,.,.,.,.,.,.,.,.,.,.
2024,8,16,25,.,.,.,.,.,.,.,.,.,.,.,.,.
2024,8,16,26,.,.,.,.,.,.,.,.,.,.,.,.,.
2024,8,16,27,.,.,.,.,.,.,.,.,.,.,.,.,.
2024,8,16,28,.,.,.,.,.,.,.,.,.,.,.,.,.
2024,8,16,29,.,.,.,.,.,.,.,.,.,.,.,.,.
2024,8,16,30,.,.,.,.,.,.,.,.,.,.,.,.,.
2024,8,16,31,.,.,.,.,.,.,.,.,.,.,.,.,.
2024,8,16,32,.,.,.,.,.,.,.,.,.,.,.,.,.
2024,8,16,33,.,.,.,.,.,.,.,.,.,.,.,.,.
2024,8,16,34,.,.,.,.,.,.,.,.,.,.,.,.,.
2024,8,16,35,.,.,.,.,.,.,.,.,.,.,.,.,.
2024,8,16,36,.,.,.,.,.,.,.,.,.,.,.,.,.
2024,8,16,37,.,.,.,.,.,.,.,.,.,.,.,.,.
2024,8,16,38,.,.,.,.,.,.,.,.,.,.,.,.,.
2024,8,16,39,.,.,.,.,.,.,.,.,.,.,.,.,.
2024,8,16,40,.,.,.,.,.,.,.,.,.,.,.,.,.
2024,8,16,41,.,.,.,.,.,.,.,.,.,.,.,.,.
2024,8,16,42,.,.,.,.,.,.,.,.,.,.,.,.,.
2024,8,16,44,.,.,.,.,.,.,.,.,.,.,.,.,.
2024,8,16,45,.,.,.,.,.,.,.,.,.,.,.,.,.
2024,8,16,46,.,.,.,.,.,.,.,.,.,.,.,.,.
2024,8,16,47,.,.,.,.,.,.,.,.,.,.,.,.,.
2024,8,16,48,.,.,.,.,.,.,.,.,.,.,.,.,.
2024,8,16,49,.,.,.,.,.,.,.,.,.,.,.,.,.
2024,8,16,50,.,.,.,.,.,.,.,.,.,.,.,.,.
2024,8,16,51,.,.,.,.,.,.,.,.,.,.,.,.,.
2024,8,16,53,.,.,.,.,.,.,.,.,.,.,.,.,.
2024,8,16,54,.,.,.,.,.,.,.,.,.,.,.,.,.
2024,8,16,55,.,.,.,.,.,.,.,.,.,.,.,.,.
2024,8,16,56,.,.,.,.,.,.,.,.,.,.,.,.,.
2024,8,23,1,.,.,.,.,.,.,.,.,.,.,.,.,.
2024,8,23,2,.,.,.,.,.,.,.,.,.,.,.,.,.
2024,8,23,4,.,.,.,.,.,.,.,.,.,.,.,.,.
2024,8,23,5,.,.,.,.,.,.,.,.,.,.,.,.,.
2024,8,23,6,.,.,.,.,.,.,.,.,.,.,.,.,.
2024,8,23,8,.,.,.,.,.,.,.,.,.,.,.,.,.
2024,8,23,9,.,.,.,.,.,.,.,.,.,.,.,.,.
2024,8,23,10,.,.,.,.,.,.,.,.,.,.,.,.,.
2024,8,23,11,.,.,.,.,.,.,.,.,.,.,.,.,.
2024,8,23,12,.,.,.,.,.,.,.,.,.,.,.,.,.
2024,8,23,13,.,.,.,.,.,.,.,.,.,.,.,.,.
2024,8,23,15,.,.,.,.,.,.,.,.,.,.,.,.,.
2024,8,23,16,.,.,.,.,.,.,.,.,.,.,.,.,.
2024,8,23,17,.,.,.,.,.,.,.,.,.,.,.,.,.
2024,8,23,18,.,.,.,.,.,.,.,.,.,.,.,.,.
2024,8,23,19,.,.,.,.,.,.,.,.,.,.,.,.,.
2024,8,23,20,.,.,.,.,.,.,.,.,.,.,.,.,.
2024,8,23,21,.,.,.,.,.,.,.,.,.,.,.,.,.
2024,8,23,22,.,.,.,.,.,.,.,.,.,.,.,.,.
2024,8,23,23,.,.,.,.,.,.,.,.,.,.,.,.,.
2024,8,23,24,.,.,.,.,.,.,.,.,.,.,.,.,.
2024,8,23,25,.,.,.,.,.,.,.,.,.,.,.,.,.
2024,8,23,26,.,.,.,.,.,.,.,.,.,.,.,.,.
2024,8,23,27,.,.,.,.,.,.,.,.,.,.,.,.,.
2024,8,23,28,.,.,.,.,.,.,.,.,.,.,.,.,.
2024,8,23,29,.,.,.,.,.,.,.,.,.,.,.,.,.
2024,8,23,30,.,.,.,.,.,.,.,.,.,.,.,.,.
2024,8,23,31,.,.,.,.,.,.,.,.,.,.,.,.,.
2024,8,23,32,.,.,.,.,.,.,.,.,.,.,.,.,.
2024,8,23,33,.,.,.,.,.,.,.,.,.,.,.,.,.
2024,8,23,34,.,.,.,.,.,.,.,.,.,.,.,.,.
2024,8,23,35,.,.,.,.,.,.,.,.,.,.,.,.,.
2024,8,23,36,.,.,.,.,.,.,.,.,.,.,.,.,.
2024,8,23,37,.,.,.,.,.,.,.,.,.,.,.,.,.
2024,8,23,38,.,.,.,.,.,.,.,.,.,.,.,.,.
2024,8,23,39,.,.,.,.,.,.,.,.,.,.,.,.,.
2024,8,23,40,.,.,.,.,.,.,.,.,.,.,.,.,.
2024,8,23,41,.,.,.,.,.,.,.,.,.,.,.,.,.
2024,8,23,42,.,.,.,.,.,.,.,.,.,.,.,.,.
2024,8,23,44,.,.,.,.,.,.,.,.,.,.,.,.,.
2024,8,23,45,.,.,.,.,.,.,.,.,.,.,.,.,.
2024,8,23,46,.,.,.,.,.,.,.,.,.,.,.,.,.
2024,8,23,47,.,.,.,.,.,.,.,.,.,.,.,.,.
2024,8,23,48,.,.,.,.,.,.,.,.,.,.,.,.,.
2024,8,23,49,.,.,.,.,.,.,.,.,.,.,.,.,.
2024,8,23,50,.,.,.,.,.,.,.,.,.,.,.,.,.
2024,8,23,51,.,.,.,.,.,.,.,.,.,.,.,.,.
2024,8,23,53,.,.,.,.,.,.,.,.,.,.,.,.,.
2024,8,23,54,.,.,.,.,.,.,.,.,.,.,.,.,.
2024,8,23,55,.,.,.,.,.,.,.,.,.,.,.,.,.
2024,8,23,56,.,.,.,.,.,.,.,.,.,.,.,.,.
2024,8,30,1,.,.,.,.,.,.,.,.,.,.,.,.,.
2024,8,30,2,.,.,.,.,.,.,.,.,.,.,.,.,.
2024,8,30,4,.,.,.,.,.,.,.,.,.,.,.,.,.
2024,8,30,5,.,.,.,.,.,.,.,.,.,.,.,.,.
2024,8,30,6,.,.,.,.,.,.,.,.,.,.,.,.,.
2024,8,30,8,.,.,.,.,.,.,.,.,.,.,.,.,.
2024,8,30,9,.,.,.,.,.,.,.,.,.,.,.,.,.
2024,8,30,10,.,.,.,.,.,.,.,.,.,.,.,.,.
2024,8,30,11,.,.,.,.,.,.,.,.,.,.,.,.,.
2024,8,30,12,.,.,.,.,.,.,.,.,.,.,.,.,.
2024,8,30,13,.,.,.,.,.,.,.,.,.,.,.,.,.
2024,8,30,15,.,.,.,.,.,.,.,.,.,.,.,.,.
2024,8,30,16,.,.,.,.,.,.,.,.,.,.,.,.,.
2024,8,30,17,.,.,.,.,.,.,.,.,.,.,.,.,.
2024,8,30,18,.,.,.,.,.,.,.,.,.,.,.,.,.
2024,8,30,19,.,.,.,.,.,.,.,.,.,.,.,.,.
2024,8,30,20,.,.,.,.,.,.,.,.,.,.,.,.,.
2024,8,30,21,.,.,.,.,.,.,.,.,.,.,.,.,.
2024,8,30,22,.,.,.,.,.,.,.,.,.,.,.,.,.
2024,8,30,23,.,.,.,.,.,.,.,.,.,.,.,.,.
2024,8,30,24,.,.,.,.,.,.,.,.,.,.,.,.,.
2024,8,30,25,.,.,.,.,.,.,.,.,.,.,.,.,.
2024,8,30,26,.,.,.,.,.,.,.,.,.,.,.,.,.
2024,8,30,27,.,.,.,.,.,.,.,.,.,.,.,.,.
2024,8,30,28,.,.,.,.,.,.,.,.,.,.,.,.,.
2024,8,30,29,.,.,.,.,.,.,.,.,.,.,.,.,.
2024,8,30,30,.,.,.,.,.,.,.,.,.,.,.,.,.
2024,8,30,31,.,.,.,.,.,.,.,.,.,.,.,.,.
2024,8,30,32,.,.,.,.,.,.,.,.,.,.,.,.,.
2024,8,30,33,.,.,.,.,.,.,.,.,.,.,.,.,.
2024,8,30,34,.,.,.,.,.,.,.,.,.,.,.,.,.
2024,8,30,35,.,.,.,.,.,.,.,.,.,.,.,.,.
2024,8,30,36,.,.,.,.,.,.,.,.,.,.,.,.,.
2024,8,30,37,.,.,.,.,.,.,.,.,.,.,.,.,.
2024,8,30,38,.,.,.,.,.,.,.,.,.,.,.,.,.
2024,8,30,39,.,.,.,.,.,.,.,.,.,.,.,.,.
2024,8,30,40,.,.,.,.,.,.,.,.,.,.,.,.,.
2024,8,30,41,.,.,.,.,.,.,.,.,.,.,.,.,.
2024,8,30,42,.,.,.,.,.,.,.,.,.,.,.,.,.
2024,8,30,44,.,.,.,.,.,.,.,.,.,.,.,.,.
2024,8,30,45,.,.,.,.,.,.,.,.,.,.,.,.,.
2024,8,30,46,.,.,.,.,.,.,.,.,.,.,.,.,.
2024,8,30,47,.,.,.,.,.,.,.,.,.,.,.,.,.
2024,8,30,48,.,.,.,.,.,.,.,.,.,.,.,.,.
2024,8,30,49,.,.,.,.,.,.,.,.,.,.,.,.,.
2024,8,30,50,.,.,.,.,.,.,.,.,.,.,.,.,.
2024,8,30,51,.,.,.,.,.,.,.,.,.,.,.,.,.
2024,8,30,53,.,.,.,.,.,.,.,.,.,.,.,.,.
2024,8,30,54,.,.,.,.,.,.,.,.,.,.,.,.,.
2024,8,30,55,.,.,.,.,.,.,.,.,.,.,.,.,.
2024,8,30,56,.,.,.,.,.,.,.,.,.,.,.,.,.
2024,9,6,1,.,.,.,.,.,.,.,.,.,.,.,.,.
2024,9,6,2,.,.,.,.,.,.,.,.,.,.,.,.,.
2024,9,6,4,.,.,.,.,.,.,.,.,.,.,.,.,.
2024,9,6,5,.,.,.,.,.,.,.,.,.,.,.,.,.
2024,9,6,6,.,.,.,.,.,.,.,.,.,.,.,.,.
2024,9,6,8,.,.,.,.,.,.,.,.,.,.,.,.,.
2024,9,6,9,.,.,.,.,.,.,.,.,.,.,.,.,.
2024,9,6,10,.,.,.,.,.,.,.,.,.,.,.,.,.
2024,9,6,11,.,.,.,.,.,.,.,.,.,.,.,.,.
2024,9,6,12,.,.,.,.,.,.,.,.,.,.,.,.,.
2024,9,6,13,.,.,.,.,.,.,.,.,.,.,.,.,.
2024,9,6,15,.,.,.,.,.,.,.,.,.,.,.,.,.
2024,9,6,16,.,.,.,.,.,.,.,.,.,.,.,.,.
2024,9,6,17,.,.,.,.,.,.,.,.,.,.,.,.,.
2024,9,6,18,.,.,.,.,.,.,.,.,.,.,.,.,.
2024,9,6,19,.,.,.,.,.,.,.,.,.,.,.,.,.
2024,9,6,20,.,.,.,.,.,.,.,.,.,.,.,.,.
2024,9,6,21,.,.,.,.,.,.,.,.,.,.,.,.,.
2024,9,6,22,.,.,.,.,.,.,.,.,.,.,.,.,.
2024,9,6,23,.,.,.,.,.,.,.,.,.,.,.,.,.
2024,9,6,24,.,.,.,.,.,.,.,.,.,.,.,.,.
2024,9,6,25,.,.,.,.,.,.,.,.,.,.,.,.,.
2024,9,6,26,.,.,.,.,.,.,.,.,.,.,.,.,.
2024,9,6,27,.,.,.,.,.,.,.,.,.,.,.,.,.
2024,9,6,28,.,.,.,.,.,.,.,.,.,.,.,.,.
2024,9,6,29,.,.,.,.,.,.,.,.,.,.,.,.,.
2024,9,6,30,.,.,.,.,.,.,.,.,.,.,.,.,.
2024,9,6,31,.,.,.,.,.,.,.,.,.,.,.,.,.
2024,9,6,32,.,.,.,.,.,.,.,.,.,.,.,.,.
2024,9,6,33,.,.,.,.,.,.,.,.,.,.,.,.,.
2024,9,6,34,.,.,.,.,.,.,.,.,.,.,.,.,.
2024,9,6,35,.,.,.,.,.,.,.,.,.,.,.,.,.
2024,9,6,36,.,.,.,.,.,.,.,.,.,.,.,.,.
2024,9,6,37,.,.,.,.,.,.,.,.,.,.,.,.,.
2024,9,6,38,.,.,.,.,.,.,.,.,.,.,.,.,.
2024,9,6,39,.,.,.,.,.,.,.,.,.,.,.,.,.
2024,9,6,40,.,.,.,.,.,.,.,.,.,.,.,.,.
2024,9,6,41,.,.,.,.,.,.,.,.,.,.,.,.,.
2024,9,6,42,.,.,.,.,.,.,.,.,.,.,.,.,.
2024,9,6,44,.,.,.,.,.,.,.,.,.,.,.,.,.
2024,9,6,45,.,.,.,.,.,.,.,.,.,.,.,.,.
2024,9,6,46,.,.,.,.,.,.,.,.,.,.,.,.,.
2024,9,6,47,.,.,.,.,.,.,.,.,.,.,.,.,.
2024,9,6,48,.,.,.,.,.,.,.,.,.,.,.,.,.
2024,9,6,49,.,.,.,.,.,.,.,.,.,.,.,.,.
2024,9,6,50,.,.,.,.,.,.,.,.,.,.,.,.,.
2024,9,6,51,.,.,.,.,.,.,.,.,.,.,.,.,.
2024,9,6,53,.,.,.,.,.,.,.,.,.,.,.,.,.
2024,9,6,54,.,.,.,.,.,.,.,.,.,.,.,.,.
2024,9,6,55,.,.,.,.,.,.,.,.,.,.,.,.,.
2024,9,6,56,.,.,.,.,.,.,.,.,.,.,.,.,.
2024,9,13,1,.,.,.,.,.,.,.,.,.,.,.,.,.
2024,9,13,2,.,.,.,.,.,.,.,.,.,.,.,.,.
2024,9,13,4,.,.,.,.,.,.,.,.,.,.,.,.,.
2024,9,13,5,.,.,.,.,.,.,.,.,.,.,.,.,.
2024,9,13,6,.,.,.,.,.,.,.,.,.,.,.,.,.
2024,9,13,8,.,.,.,.,.,.,.,.,.,.,.,.,.
2024,9,13,9,.,.,.,.,.,.,.,.,.,.,.,.,.
2024,9,13,10,.,.,.,.,.,.,.,.,.,.,.,.,.
2024,9,13,11,.,.,.,.,.,.,.,.,.,.,.,.,.
2024,9,13,12,.,.,.,.,.,.,.,.,.,.,.,.,.
2024,9,13,13,.,.,.,.,.,.,.,.,.,.,.,.,.
2024,9,13,15,.,.,.,.,.,.,.,.,.,.,.,.,.
2024,9,13,16,.,.,.,.,.,.,.,.,.,.,.,.,.
2024,9,13,17,.,.,.,.,.,.,.,.,.,.,.,.,.
2024,9,13,18,.,.,.,.,.,.,.,.,.,.,.,.,.
2024,9,13,19,.,.,.,.,.,.,.,.,.,.,.,.,.
2024,9,13,20,.,.,.,.,.,.,.,.,.,.,.,.,.
2024,9,13,21,.,.,.,.,.,.,.,.,.,.,.,.,.
2024,9,13,22,.,.,.,.,.,.,.,.,.,.,.,.,.
2024,9,13,23,.,.,.,.,.,.,.,.,.,.,.,.,.
2024,9,13,24,.,.,.,.,.,.,.,.,.,.,.,.,.
2024,9,13,25,.,.,.,.,.,.,.,.,.,.,.,.,.
2024,9,13,26,.,.,.,.,.,.,.,.,.,.,.,.,.
2024,9,13,27,.,.,.,.,.,.,.,.,.,.,.,.,.
2024,9,13,28,.,.,.,.,.,.,.,.,.,.,.,.,.
2024,9,13,29,.,.,.,.,.,.,.,.,.,.,.,.,.
2024,9,13,30,.,.,.,.,.,.,.,.,.,.,.,.,.
2024,9,13,31,.,.,.,.,.,.,.,.,.,.,.,.,.
2024,9,13,32,.,.,.,.,.,.,.,.,.,.,.,.,.
2024,9,13,33,.,.,.,.,.,.,.,.,.,.,.,.,.
2024,9,13,34,.,.,.,.,.,.,.,.,.,.,.,.,.
2024,9,13,35,.,.,.,.,.,.,.,.,.,.,.,.,.
2024,9,13,36,.,.,.,.,.,.,.,.,.,.,.,.,.
2024,9,13,37,.,.,.,.,.,.,.,.,.,.,.,.,.
2024,9,13,38,.,.,.,.,.,.,.,.,.,.,.,.,.
2024,9,13,39,.,.,.,.,.,.,.,.,.,.,.,.,.
2024,9,13,40,.,.,.,.,.,.,.,.,.,.,.,.,.
2024,9,13,41,.,.,.,.,.,.,.,.,.,.,.,.,.
2024,9,13,42,.,.,.,.,.,.,.,.,.,.,.,.,.
2024,9,13,44,.,.,.,.,.,.,.,.,.,.,.,.,.
2024,9,13,45,.,.,.,.,.,.,.,.,.,.,.,.,.
2024,9,13,46,.,.,.,.,.,.,.,.,.,.,.,.,.
2024,9,13,47,.,.,.,.,.,.,.,.,.,.,.,.,.
2024,9,13,48,.,.,.,.,.,.,.,.,.,.,.,.,.
2024,9,13,49,.,.,.,.,.,.,.,.,.,.,.,.,.
2024,9,13,50,.,.,.,.,.,.,.,.,.,.,.,.,.
2024,9,13,51,.,.,.,.,.,.,.,.,.,.,.,.,.
2024,9,13,53,.,.,.,.,.,.,.,.,.,.,.,.,.
2024,9,13,54,.,.,.,.,.,.,.,.,.,.,.,.,.
2024,9,13,55,.,.,.,.,.,.,.,.,.,.,.,.,.
2024,9,13,56,.,.,.,.,.,.,.,.,.,.,.,.,.
2024,9,20,1,.,.,.,.,.,.,.,.,.,.,.,.,.
2024,9,20,2,.,.,.,.,.,.,.,.,.,.,.,.,.
2024,9,20,4,.,.,.,.,.,.,.,.,.,.,.,.,.
2024,9,20,5,.,.,.,.,.,.,.,.,.,.,.,.,.
2024,9,20,6,.,.,.,.,.,.,.,.,.,.,.,.,.
2024,9,20,8,.,.,.,.,.,.,.,.,.,.,.,.,.
2024,9,20,9,.,.,.,.,.,.,.,.,.,.,.,.,.
2024,9,20,10,.,.,.,.,.,.,.,.,.,.,.,.,.
2024,9,20,11,.,.,.,.,.,.,.,.,.,.,.,.,.
2024,9,20,12,.,.,.,.,.,.,.,.,.,.,.,.,.
2024,9,20,13,.,.,.,.,.,.,.,.,.,.,.,.,.
2024,9,20,15,.,.,.,.,.,.,.,.,.,.,.,.,.
2024,9,20,16,.,.,.,.,.,.,.,.,.,.,.,.,.
2024,9,20,17,.,.,.,.,.,.,.,.,.,.,.,.,.
2024,9,20,18,.,.,.,.,.,.,.,.,.,.,.,.,.
2024,9,20,19,.,.,.,.,.,.,.,.,.,.,.,.,.
2024,9,20,20,.,.,.,.,.,.,.,.,.,.,.,.,.
2024,9,20,21,.,.,.,.,.,.,.,.,.,.,.,.,.
2024,9,20,22,.,.,.,.,.,.,.,.,.,.,.,.,.
2024,9,20,23,.,.,.,.,.,.,.,.,.,.,.,.,.
2024,9,20,24,.,.,.,.,.,.,.,.,.,.,.,.,.
2024,9,20,25,.,.,.,.,.,.,.,.,.,.,.,.,.
2024,9,20,26,.,.,.,.,.,.,.,.,.,.,.,.,.
2024,9,20,27,.,.,.,.,.,.,.,.,.,.,.,.,.
2024,9,20,28,.,.,.,.,.,.,.,.,.,.,.,.,.
2024,9,20,29,.,.,.,.,.,.,.,.,.,.,.,.,.
2024,9,20,30,.,.,.,.,.,.,.,.,.,.,.,.,.
2024,9,20,31,.,.,.,.,.,.,.,.,.,.,.,.,.
2024,9,20,32,.,.,.,.,.,.,.,.,.,.,.,.,.
2024,9,20,33,.,.,.,.,.,.,.,.,.,.,.,.,.
2024,9,20,34,.,.,.,.,.,.,.,.,.,.,.,.,.
2024,9,20,35,.,.,.,.,.,.,.,.,.,.,.,.,.
2024,9,20,36,.,.,.,.,.,.,.,.,.,.,.,.,.
2024,9,20,37,.,.,.,.,.,.,.,.,.,.,.,.,.
2024,9,20,38,.,.,.,.,.,.,.,.,.,.,.,.,.
2024,9,20,39,.,.,.,.,.,.,.,.,.,.,.,.,.
2024,9,20,40,.,.,.,.,.,.,.,.,.,.,.,.,.
2024,9,20,41,.,.,.,.,.,.,.,.,.,.,.,.,.
2024,9,20,42,.,.,.,.,.,.,.,.,.,.,.,.,.
2024,9,20,44,.,.,.,.,.,.,.,.,.,.,.,.,.
2024,9,20,45,.,.,.,.,.,.,.,.,.,.,.,.,.
2024,9,20,46,.,.,.,.,.,.,.,.,.,.,.,.,.
2024,9,20,47,.,.,.,.,.,.,.,.,.,.,.,.,.
2024,9,20,48,.,.,.,.,.,.,.,.,.,.,.,.,.
2024,9,20,49,.,.,.,.,.,.,.,.,.,.,.,.,.
2024,9,20,50,.,.,.,.,.,.,.,.,.,.,.,.,.
2024,9,20,51,.,.,.,.,.,.,.,.,.,.,.,.,.
2024,9,20,53,.,.,.,.,.,.,.,.,.,.,.,.,.
2024,9,20,54,.,.,.,.,.,.,.,.,.,.,.,.,.
2024,9,20,55,.,.,.,.,.,.,.,.,.,.,.,.,.
2024,9,20,56,.,.,.,.,.,.,.,.,.,.,.,.,.
2024,9,27,1,.,.,.,.,.,.,.,.,.,.,.,.,.
2024,9,27,2,.,.,.,.,.,.,.,.,.,.,.,.,.
2024,9,27,4,.,.,.,.,.,.,.,.,.,.,.,.,.
2024,9,27,5,.,.,.,.,.,.,.,.,.,.,.,.,.
2024,9,27,6,.,.,.,.,.,.,.,.,.,.,.,.,.
2024,9,27,8,.,.,.,.,.,.,.,.,.,.,.,.,.
2024,9,27,9,.,.,.,.,.,.,.,.,.,.,.,.,.
2024,9,27,10,.,.,.,.,.,.,.,.,.,.,.,.,.
2024,9,27,11,.,.,.,.,.,.,.,.,.,.,.,.,.
2024,9,27,12,.,.,.,.,.,.,.,.,.,.,.,.,.
2024,9,27,13,.,.,.,.,.,.,.,.,.,.,.,.,.
2024,9,27,15,.,.,.,.,.,.,.,.,.,.,.,.,.
2024,9,27,16,.,.,.,.,.,.,.,.,.,.,.,.,.
2024,9,27,17,.,.,.,.,.,.,.,.,.,.,.,.,.
2024,9,27,18,.,.,.,.,.,.,.,.,.,.,.,.,.
2024,9,27,19,.,.,.,.,.,.,.,.,.,.,.,.,.
2024,9,27,20,.,.,.,.,.,.,.,.,.,.,.,.,.
2024,9,27,21,.,.,.,.,.,.,.,.,.,.,.,.,.
2024,9,27,22,.,.,.,.,.,.,.,.,.,.,.,.,.
2024,9,27,23,.,.,.,.,.,.,.,.,.,.,.,.,.
2024,9,27,24,.,.,.,.,.,.,.,.,.,.,.,.,.
2024,9,27,25,.,.,.,.,.,.,.,.,.,.,.,.,.
2024,9,27,26,.,.,.,.,.,.,.,.,.,.,.,.,.
2024,9,27,27,.,.,.,.,.,.,.,.,.,.,.,.,.
2024,9,27,28,.,.,.,.,.,.,.,.,.,.,.,.,.
2024,9,27,29,.,.,.,.,.,.,.,.,.,.,.,.,.
2024,9,27,30,.,.,.,.,.,.,.,.,.,.,.,.,.
2024,9,27,31,.,.,.,.,.,.,.,.,.,.,.,.,.
2024,9,27,32,.,.,.,.,.,.,.,.,.,.,.,.,.
2024,9,27,33,.,.,.,.,.,.,.,.,.,.,.,.,.
2024,9,27,34,.,.,.,.,.,.,.,.,.,.,.,.,.
2024,9,27,35,.,.,.,.,.,.,.,.,.,.,.,.,.
2024,9,27,36,.,.,.,.,.,.,.,.,.,.,.,.,.
2024,9,27,37,.,.,.,.,.,.,.,.,.,.,.,.,.
2024,9,27,38,.,.,.,.,.,.,.,.,.,.,.,.,.
2024,9,27,39,.,.,.,.,.,.,.,.,.,.,.,.,.
2024,9,27,40,.,.,.,.,.,.,.,.,.,.,.,.,.
2024,9,27,41,.,.,.,.,.,.,.,.,.,.,.,.,.
2024,9,27,42,.,.,.,.,.,.,.,.,.,.,.,.,.
2024,9,27,44,.,.,.,.,.,.,.,.,.,.,.,.,.
2024,9,27,45,.,.,.,.,.,.,.,.,.,.,.,.,.
2024,9,27,46,.,.,.,.,.,.,.,.,.,.,.,.,.
2024,9,27,47,.,.,.,.,.,.,.,.,.,.,.,.,.
2024,9,27,48,.,.,.,.,.,.,.,.,.,.,.,.,.
2024,9,27,49,.,.,.,.,.,.,.,.,.,.,.,.,.
2024,9,27,50,.,.,.,.,.,.,.,.,.,.,.,.,.
2024,9,27,51,.,.,.,.,.,.,.,.,.,.,.,.,.
2024,9,27,53,.,.,.,.,.,.,.,.,.,.,.,.,.
2024,9,27,54,.,.,.,.,.,.,.,.,.,.,.,.,.
2024,9,27,55,.,.,.,.,.,.,.,.,.,.,.,.,.
2024,9,27,56,.,.,.,.,.,.,.,.,.,.,.,.,.
2024,10,4,1,.,.,.,.,.,.,.,.,.,.,.,.,.
2024,10,4,2,.,.,.,.,.,.,.,.,.,.,.,.,.
2024,10,4,4,.,.,.,.,.,.,.,.,.,.,.,.,.
2024,10,4,5,.,.,.,.,.,.,.,.,.,.,.,.,.
2024,10,4,6,.,.,.,.,.,.,.,.,.,.,.,.,.
2024,10,4,8,.,.,.,.,.,.,.,.,.,.,.,.,.
2024,10,4,9,.,.,.,.,.,.,.,.,.,.,.,.,.
2024,10,4,10,.,.,.,.,.,.,.,.,.,.,.,.,.
2024,10,4,11,.,.,.,.,.,.,.,.,.,.,.,.,.
2024,10,4,12,.,.,.,.,.,.,.,.,.,.,.,.,.
2024,10,4,13,.,.,.,.,.,.,.,.,.,.,.,.,.
2024,10,4,15,.,.,.,.,.,.,.,.,.,.,.,.,.
2024,10,4,16,.,.,.,.,.,.,.,.,.,.,.,.,.
2024,10,4,17,.,.,.,.,.,.,.,.,.,.,.,.,.
2024,10,4,18,.,.,.,.,.,.,.,.,.,.,.,.,.
2024,10,4,19,.,.,.,.,.,.,.,.,.,.,.,.,.
2024,10,4,20,.,.,.,.,.,.,.,.,.,.,.,.,.
2024,10,4,21,.,.,.,.,.,.,.,.,.,.,.,.,.
2024,10,4,22,.,.,.,.,.,.,.,.,.,.,.,.,.
2024,10,4,23,.,.,.,.,.,.,.,.,.,.,.,.,.
2024,10,4,24,.,.,.,.,.,.,.,.,.,.,.,.,.
2024,10,4,25,.,.,.,.,.,.,.,.,.,.,.,.,.
2024,10,4,26,.,.,.,.,.,.,.,.,.,.,.,.,.
2024,10,4,27,.,.,.,.,.,.,.,.,.,.,.,.,.
2024,10,4,28,.,.,.,.,.,.,.,.,.,.,.,.,.
2024,10,4,29,.,.,.,.,.,.,.,.,.,.,.,.,.
2024,10,4,30,.,.,.,.,.,.,.,.,.,.,.,.,.
2024,10,4,31,.,.,.,.,.,.,.,.,.,.,.,.,.
2024,10,4,32,.,.,.,.,.,.,.,.,.,.,.,.,.
2024,10,4,33,.,.,.,.,.,.,.,.,.,.,.,.,.
2024,10,4,34,.,.,.,.,.,.,.,.,.,.,.,.,.
2024,10,4,35,.,.,.,.,.,.,.,.,.,.,.,.,.
2024,10,4,36,.,.,.,.,.,.,.,.,.,.,.,.,.
2024,10,4,37,.,.,.,.,.,.,.,.,.,.,.,.,.
2024,10,4,38,.,.,.,.,.,.,.,.,.,.,.,.,.
2024,10,4,39,.,.,.,.,.,.,.,.,.,.,.,.,.
2024,10,4,40,.,.,.,.,.,.,.,.,.,.,.,.,.
2024,10,4,41,.,.,.,.,.,.,.,.,.,.,.,.,.
2024,10,4,42,.,.,.,.,.,.,.,.,.,.,.,.,.
2024,10,4,44,.,.,.,.,.,.,.,.,.,.,.,.,.
2024,10,4,45,.,.,.,.,.,.,.,.,.,.,.,.,.
2024,10,4,46,.,.,.,.,.,.,.,.,.,.,.,.,.
2024,10,4,47,.,.,.,.,.,.,.,.,.,.,.,.,.
2024,10,4,48,.,.,.,.,.,.,.,.,.,.,.,.,.
2024,10,4,49,.,.,.,.,.,.,.,.,.,.,.,.,.
2024,10,4,50,.,.,.,.,.,.,.,.,.,.,.,.,.
2024,10,4,51,.,.,.,.,.,.,.,.,.,.,.,.,.
2024,10,4,53,.,.,.,.,.,.,.,.,.,.,.,.,.
2024,10,4,54,.,.,.,.,.,.,.,.,.,.,.,.,.
2024,10,4,55,.,.,.,.,.,.,.,.,.,.,.,.,.
2024,10,4,56,.,.,.,.,.,.,.,.,.,.,.,.,.
2024,10,11,1,.,.,.,.,.,.,.,.,.,.,.,.,.
2024,10,11,2,.,.,.,.,.,.,.,.,.,.,.,.,.
2024,10,11,4,.,.,.,.,.,.,.,.,.,.,.,.,.
2024,10,11,5,.,.,.,.,.,.,.,.,.,.,.,.,.
2024,10,11,6,.,.,.,.,.,.,.,.,.,.,.,.,.
2024,10,11,8,.,.,.,.,.,.,.,.,.,.,.,.,.
2024,10,11,9,.,.,.,.,.,.,.,.,.,.,.,.,.
2024,10,11,10,.,.,.,.,.,.,.,.,.,.,.,.,.
2024,10,11,11,.,.,.,.,.,.,.,.,.,.,.,.,.
2024,10,11,12,.,.,.,.,.,.,.,.,.,.,.,.,.
2024,10,11,13,.,.,.,.,.,.,.,.,.,.,.,.,.
2024,10,11,15,.,.,.,.,.,.,.,.,.,.,.,.,.
2024,10,11,16,.,.,.,.,.,.,.,.,.,.,.,.,.
2024,10,11,17,.,.,.,.,.,.,.,.,.,.,.,.,.
2024,10,11,18,.,.,.,.,.,.,.,.,.,.,.,.,.
2024,10,11,19,.,.,.,.,.,.,.,.,.,.,.,.,.
2024,10,11,20,.,.,.,.,.,.,.,.,.,.,.,.,.
2024,10,11,21,.,.,.,.,.,.,.,.,.,.,.,.,.
2024,10,11,22,.,.,.,.,.,.,.,.,.,.,.,.,.
2024,10,11,23,.,.,.,.,.,.,.,.,.,.,.,.,.
2024,10,11,24,.,.,.,.,.,.,.,.,.,.,.,.,.
2024,10,11,25,.,.,.,.,.,.,.,.,.,.,.,.,.
2024,10,11,26,.,.,.,.,.,.,.,.,.,.,.,.,.
2024,10,11,27,.,.,.,.,.,.,.,.,.,.,.,.,.
2024,10,11,28,.,.,.,.,.,.,.,.,.,.,.,.,.
2024,10,11,29,.,.,.,.,.,.,.,.,.,.,.,.,.
2024,10,11,30,.,.,.,.,.,.,.,.,.,.,.,.,.
2024,10,11,31,.,.,.,.,.,.,.,.,.,.,.,.,.
2024,10,11,32,.,.,.,.,.,.,.,.,.,.,.,.,.
2024,10,11,33,.,.,.,.,.,.,.,.,.,.,.,.,.
2024,10,11,34,.,.,.,.,.,.,.,.,.,.,.,.,.
2024,10,11,35,.,.,.,.,.,.,.,.,.,.,.,.,.
2024,10,11,36,.,.,.,.,.,.,.,.,.,.,.,.,.
2024,10,11,37,.,.,.,.,.,.,.,.,.,.,.,.,.
2024,10,11,38,.,.,.,.,.,.,.,.,.,.,.,.,.
2024,10,11,39,.,.,.,.,.,.,.,.,.,.,.,.,.
2024,10,11,40,.,.,.,.,.,.,.,.,.,.,.,.,.
2024,10,11,41,.,.,.,.,.,.,.,.,.,.,.,.,.
2024,10,11,42,.,.,.,.,.,.,.,.,.,.,.,.,.
2024,10,11,44,.,.,.,.,.,.,.,.,.,.,.,.,.
2024,10,11,45,.,.,.,.,.,.,.,.,.,.,.,.,.
2024,10,11,46,.,.,.,.,.,.,.,.,.,.,.,.,.
2024,10,11,47,.,.,.,.,.,.,.,.,.,.,.,.,.
2024,10,11,48,.,.,.,.,.,.,.,.,.,.,.,.,.
2024,10,11,49,.,.,.,.,.,.,.,.,.,.,.,.,.
2024,10,11,50,.,.,.,.,.,.,.,.,.,.,.,.,.
2024,10,11,51,.,.,.,.,.,.,.,.,.,.,.,.,.
2024,10,11,53,.,.,.,.,.,.,.,.,.,.,.,.,.
2024,10,11,54,.,.,.,.,.,.,.,.,.,.,.,.,.
2024,10,11,55,.,.,.,.,.,.,.,.,.,.,.,.,.
2024,10,11,56,.,.,.,.,.,.,.,.,.,.,.,.,.
2024,10,18,1,.,.,.,.,.,.,.,.,.,.,.,.,.
2024,10,18,2,.,.,.,.,.,.,.,.,.,.,.,.,.
2024,10,18,4,.,.,.,.,.,.,.,.,.,.,.,.,.
2024,10,18,5,.,.,.,.,.,.,.,.,.,.,.,.,.
2024,10,18,6,.,.,.,.,.,.,.,.,.,.,.,.,.
2024,10,18,8,.,.,.,.,.,.,.,.,.,.,.,.,.
2024,10,18,9,.,.,.,.,.,.,.,.,.,.,.,.,.
2024,10,18,10,.,.,.,.,.,.,.,.,.,.,.,.,.
2024,10,18,11,.,.,.,.,.,.,.,.,.,.,.,.,.
2024,10,18,12,.,.,.,.,.,.,.,.,.,.,.,.,.
2024,10,18,13,.,.,.,.,.,.,.,.,.,.,.,.,.
2024,10,18,15,.,.,.,.,.,.,.,.,.,.,.,.,.
2024,10,18,16,.,.,.,.,.,.,.,.,.,.,.,.,.
2024,10,18,17,.,.,.,.,.,.,.,.,.,.,.,.,.
2024,10,18,18,.,.,.,.,.,.,.,.,.,.,.,.,.
2024,10,18,19,.,.,.,.,.,.,.,.,.,.,.,.,.
2024,10,18,20,.,.,.,.,.,.,.,.,.,.,.,.,.
2024,10,18,21,.,.,.,.,.,.,.,.,.,.,.,.,.
2024,10,18,22,.,.,.,.,.,.,.,.,.,.,.,.,.
2024,10,18,23,.,.,.,.,.,.,.,.,.,.,.,.,.
2024,10,18,24,.,.,.,.,.,.,.,.,.,.,.,.,.
2024,10,18,25,.,.,.,.,.,.,.,.,.,.,.,.,.
2024,10,18,26,.,.,.,.,.,.,.,.,.,.,.,.,.
2024,10,18,27,.,.,.,.,.,.,.,.,.,.,.,.,.
2024,10,18,28,.,.,.,.,.,.,.,.,.,.,.,.,.
2024,10,18,29,.,.,.,.,.,.,.,.,.,.,.,.,.
2024,10,18,30,.,.,.,.,.,.,.,.,.,.,.,.,.
2024,10,18,31,.,.,.,.,.,.,.,.,.,.,.,.,.
2024,10,18,32,.,.,.,.,.,.,.,.,.,.,.,.,.
2024,10,18,33,.,.,.,.,.,.,.,.,.,.,.,.,.
2024,10,18,34,.,.,.,.,.,.,.,.,.,.,.,.,.
2024,10,18,35,.,.,.,.,.,.,.,.,.,.,.,.,.
2024,10,18,36,.,.,.,.,.,.,.,.,.,.,.,.,.
2024,10,18,37,.,.,.,.,.,.,.,.,.,.,.,.,.
2024,10,18,38,.,.,.,.,.,.,.,.,.,.,.,.,.
2024,10,18,39,.,.,.,.,.,.,.,.,.,.,.,.,.
2024,10,18,40,.,.,.,.,.,.,.,.,.,.,.,.,.
2024,10,18,41,.,.,.,.,.,.,.,.,.,.,.,.,.
2024,10,18,42,.,.,.,.,.,.,.,.,.,.,.,.,.
2024,10,18,44,.,.,.,.,.,.,.,.,.,.,.,.,.
2024,10,18,45,.,.,.,.,.,.,.,.,.,.,.,.,.
2024,10,18,46,.,.,.,.,.,.,.,.,.,.,.,.,.
2024,10,18,47,.,.,.,.,.,.,.,.,.,.,.,.,.
2024,10,18,48,.,.,.,.,.,.,.,.,.,.,.,.,.
2024,10,18,49,.,.,.,.,.,.,.,.,.,.,.,.,.
2024,10,18,50,.,.,.,.,.,.,.,.,.,.,.,.,.
2024,10,18,51,.,.,.,.,.,.,.,.,.,.,.,.,.
2024,10,18,53,.,.,.,.,.,.,.,.,.,.,.,.,.
2024,10,18,54,.,.,.,.,.,.,.,.,.,.,.,.,.
2024,10,18,55,.,.,.,.,.,.,.,.,.,.,.,.,.
2024,10,18,56,.,.,.,.,.,.,.,.,.,.,.,.,.
2024,10,25,1,.,.,.,.,.,.,.,.,.,.,.,.,.
2024,10,25,2,.,.,.,.,.,.,.,.,.,.,.,.,.
2024,10,25,4,.,.,.,.,.,.,.,.,.,.,.,.,.
2024,10,25,5,.,.,.,.,.,.,.,.,.,.,.,.,.
2024,10,25,6,.,.,.,.,.,.,.,.,.,.,.,.,.
2024,10,25,8,.,.,.,.,.,.,.,.,.,.,.,.,.
2024,10,25,9,.,.,.,.,.,.,.,.,.,.,.,.,.
2024,10,25,10,.,.,.,.,.,.,.,.,.,.,.,.,.
2024,10,25,11,.,.,.,.,.,.,.,.,.,.,.,.,.
2024,10,25,12,.,.,.,.,.,.,.,.,.,.,.,.,.
2024,10,25,13,.,.,.,.,.,.,.,.,.,.,.,.,.
2024,10,25,15,.,.,.,.,.,.,.,.,.,.,.,.,.
2024,10,25,16,.,.,.,.,.,.,.,.,.,.,.,.,.
2024,10,25,17,.,.,.,.,.,.,.,.,.,.,.,.,.
2024,10,25,18,.,.,.,.,.,.,.,.,.,.,.,.,.
2024,10,25,19,.,.,.,.,.,.,.,.,.,.,.,.,.
2024,10,25,20,.,.,.,.,.,.,.,.,.,.,.,.,.
2024,10,25,21,.,.,.,.,.,.,.,.,.,.,.,.,.
2024,10,25,22,.,.,.,.,.,.,.,.,.,.,.,.,.
2024,10,25,23,.,.,.,.,.,.,.,.,.,.,.,.,.
2024,10,25,24,.,.,.,.,.,.,.,.,.,.,.,.,.
2024,10,25,25,.,.,.,.,.,.,.,.,.,.,.,.,.
2024,10,25,26,.,.,.,.,.,.,.,.,.,.,.,.,.
2024,10,25,27,.,.,.,.,.,.,.,.,.,.,.,.,.
2024,10,25,28,.,.,.,.,.,.,.,.,.,.,.,.,.
2024,10,25,29,.,.,.,.,.,.,.,.,.,.,.,.,.
2024,10,25,30,.,.,.,.,.,.,.,.,.,.,.,.,.
2024,10,25,31,.,.,.,.,.,.,.,.,.,.,.,.,.
2024,10,25,32,.,.,.,.,.,.,.,.,.,.,.,.,.
2024,10,25,33,.,.,.,.,.,.,.,.,.,.,.,.,.
2024,10,25,34,.,.,.,.,.,.,.,.,.,.,.,.,.
2024,10,25,35,.,.,.,.,.,.,.,.,.,.,.,.,.
2024,10,25,36,.,.,.,.,.,.,.,.,.,.,.,.,.
2024,10,25,37,.,.,.,.,.,.,.,.,.,.,.,.,.
2024,10,25,38,.,.,.,.,.,.,.,.,.,.,.,.,.
2024,10,25,39,.,.,.,.,.,.,.,.,.,.,.,.,.
2024,10,25,40,.,.,.,.,.,.,.,.,.,.,.,.,.
2024,10,25,41,.,.,.,.,.,.,.,.,.,.,.,.,.
2024,10,25,42,.,.,.,.,.,.,.,.,.,.,.,.,.
2024,10,25,44,.,.,.,.,.,.,.,.,.,.,.,.,.
2024,10,25,45,.,.,.,.,.,.,.,.,.,.,.,.,.
2024,10,25,46,.,.,.,.,.,.,.,.,.,.,.,.,.
2024,10,25,47,.,.,.,.,.,.,.,.,.,.,.,.,.
2024,10,25,48,.,.,.,.,.,.,.,.,.,.,.,.,.
2024,10,25,49,.,.,.,.,.,.,.,.,.,.,.,.,.
2024,10,25,50,.,.,.,.,.,.,.,.,.,.,.,.,.
2024,10,25,51,.,.,.,.,.,.,.,.,.,.,.,.,.
2024,10,25,53,.,.,.,.,.,.,.,.,.,.,.,.,.
2024,10,25,54,.,.,.,.,.,.,.,.,.,.,.,.,.
2024,10,25,55,.,.,.,.,.,.,.,.,.,.,.,.,.
2024,10,25,56,.,.,.,.,.,.,.,.,.,.,.,.,.
2024,11,1,1,.,.,.,.,.,.,.,.,.,.,.,.,.
2024,11,1,2,.,.,.,.,.,.,.,.,.,.,.,.,.
2024,11,1,4,.,.,.,.,.,.,.,.,.,.,.,.,.
2024,11,1,5,.,.,.,.,.,.,.,.,.,.,.,.,.
2024,11,1,6,.,.,.,.,.,.,.,.,.,.,.,.,.
2024,11,1,8,.,.,.,.,.,.,.,.,.,.,.,.,.
2024,11,1,9,.,.,.,.,.,.,.,.,.,.,.,.,.
2024,11,1,10,.,.,.,.,.,.,.,.,.,.,.,.,.
2024,11,1,11,.,.,.,.,.,.,.,.,.,.,.,.,.
2024,11,1,12,.,.,.,.,.,.,.,.,.,.,.,.,.
2024,11,1,13,.,.,.,.,.,.,.,.,.,.,.,.,.
2024,11,1,15,.,.,.,.,.,.,.,.,.,.,.,.,.
2024,11,1,16,.,.,.,.,.,.,.,.,.,.,.,.,.
2024,11,1,17,.,.,.,.,.,.,.,.,.,.,.,.,.
2024,11,1,18,.,.,.,.,.,.,.,.,.,.,.,.,.
2024,11,1,19,.,.,.,.,.,.,.,.,.,.,.,.,.
2024,11,1,20,.,.,.,.,.,.,.,.,.,.,.,.,.
2024,11,1,21,.,.,.,.,.,.,.,.,.,.,.,.,.
2024,11,1,22,.,.,.,.,.,.,.,.,.,.,.,.,.
2024,11,1,23,.,.,.,.,.,.,.,.,.,.,.,.,.
2024,11,1,24,.,.,.,.,.,.,.,.,.,.,.,.,.
2024,11,1,25,.,.,.,.,.,.,.,.,.,.,.,.,.
2024,11,1,26,.,.,.,.,.,.,.,.,.,.,.,.,.
2024,11,1,27,.,.,.,.,.,.,.,.,.,.,.,.,.
2024,11,1,28,.,.,.,.,.,.,.,.,.,.,.,.,.
2024,11,1,29,.,.,.,.,.,.,.,.,.,.,.,.,.
2024,11,1,30,.,.,.,.,.,.,.,.,.,.,.,.,.
2024,11,1,31,.,.,.,.,.,.,.,.,.,.,.,.,.
2024,11,1,32,.,.,.,.,.,.,.,.,.,.,.,.,.
2024,11,1,33,.,.,.,.,.,.,.,.,.,.,.,.,.
2024,11,1,34,.,.,.,.,.,.,.,.,.,.,.,.,.
2024,11,1,35,.,.,.,.,.,.,.,.,.,.,.,.,.
2024,11,1,36,.,.,.,.,.,.,.,.,.,.,.,.,.
2024,11,1,37,.,.,.,.,.,.,.,.,.,.,.,.,.
2024,11,1,38,.,.,.,.,.,.,.,.,.,.,.,.,.
2024,11,1,39,.,.,.,.,.,.,.,.,.,.,.,.,.
2024,11,1,40,.,.,.,.,.,.,.,.,.,.,.,.,.
2024,11,1,41,.,.,.,.,.,.,.,.,.,.,.,.,.
2024,11,1,42,.,.,.,.,.,.,.,.,.,.,.,.,.
2024,11,1,44,.,.,.,.,.,.,.,.,.,.,.,.,.
2024,11,1,45,.,.,.,.,.,.,.,.,.,.,.,.,.
2024,11,1,46,.,.,.,.,.,.,.,.,.,.,.,.,.
2024,11,1,47,.,.,.,.,.,.,.,.,.,.,.,.,.
2024,11,1,48,.,.,.,.,.,.,.,.,.,.,.,.,.
2024,11,1,49,.,.,.,.,.,.,.,.,.,.,.,.,.
2024,11,1,50,.,.,.,.,.,.,.,.,.,.,.,.,.
2024,11,1,51,.,.,.,.,.,.,.,.,.,.,.,.,.
2024,11,1,53,.,.,.,.,.,.,.,.,.,.,.,.,.
2024,11,1,54,.,.,.,.,.,.,.,.,.,.,.,.,.
2024,11,1,55,.,.,.,.,.,.,.,.,.,.,.,.,.
2024,11,1,56,.,.,.,.,.,.,.,.,.,.,.,.,.
2024,11,8,1,.,.,.,.,.,.,.,.,.,.,.,.,.
2024,11,8,2,.,.,.,.,.,.,.,.,.,.,.,.,.
2024,11,8,4,.,.,.,.,.,.,.,.,.,.,.,.,.
2024,11,8,5,.,.,.,.,.,.,.,.,.,.,.,.,.
2024,11,8,6,.,.,.,.,.,.,.,.,.,.,.,.,.
2024,11,8,8,.,.,.,.,.,.,.,.,.,.,.,.,.
2024,11,8,9,.,.,.,.,.,.,.,.,.,.,.,.,.
2024,11,8,10,.,.,.,.,.,.,.,.,.,.,.,.,.
2024,11,8,11,.,.,.,.,.,.,.,.,.,.,.,.,.
2024,11,8,12,.,.,.,.,.,.,.,.,.,.,.,.,.
2024,11,8,13,.,.,.,.,.,.,.,.,.,.,.,.,.
2024,11,8,15,.,.,.,.,.,.,.,.,.,.,.,.,.
2024,11,8,16,.,.,.,.,.,.,.,.,.,.,.,.,.
2024,11,8,17,.,.,.,.,.,.,.,.,.,.,.,.,.
2024,11,8,18,.,.,.,.,.,.,.,.,.,.,.,.,.
2024,11,8,19,.,.,.,.,.,.,.,.,.,.,.,.,.
2024,11,8,20,.,.,.,.,.,.,.,.,.,.,.,.,.
2024,11,8,21,.,.,.,.,.,.,.,.,.,.,.,.,.
2024,11,8,22,.,.,.,.,.,.,.,.,.,.,.,.,.
2024,11,8,23,.,.,.,.,.,.,.,.,.,.,.,.,.
2024,11,8,24,.,.,.,.,.,.,.,.,.,.,.,.,.
2024,11,8,25,.,.,.,.,.,.,.,.,.,.,.,.,.
2024,11,8,26,.,.,.,.,.,.,.,.,.,.,.,.,.
2024,11,8,27,.,.,.,.,.,.,.,.,.,.,.,.,.
2024,11,8,28,.,.,.,.,.,.,.,.,.,.,.,.,.
2024,11,8,29,.,.,.,.,.,.,.,.,.,.,.,.,.
2024,11,8,30,.,.,.,.,.,.,.,.,.,.,.,.,.
2024,11,8,31,.,.,.,.,.,.,.,.,.,.,.,.,.
2024,11,8,32,.,.,.,.,.,.,.,.,.,.,.,.,.
2024,11,8,33,.,.,.,.,.,.,.,.,.,.,.,.,.
2024,11,8,34,.,.,.,.,.,.,.,.,.,.,.,.,.
2024,11,8,35,.,.,.,.,.,.,.,.,.,.,.,.,.
2024,11,8,36,.,.,.,.,.,.,.,.,.,.,.,.,.
2024,11,8,37,.,.,.,.,.,.,.,.,.,.,.,.,.
2024,11,8,38,.,.,.,.,.,.,.,.,.,.,.,.,.
2024,11,8,39,.,.,.,.,.,.,.,.,.,.,.,.,.
2024,11,8,40,.,.,.,.,.,.,.,.,.,.,.,.,.
2024,11,8,41,.,.,.,.,.,.,.,.,.,.,.,.,.
2024,11,8,42,.,.,.,.,.,.,.,.,.,.,.,.,.
2024,11,8,44,.,.,.,.,.,.,.,.,.,.,.,.,.
2024,11,8,45,.,.,.,.,.,.,.,.,.,.,.,.,.
2024,11,8,46,.,.,.,.,.,.,.,.,.,.,.,.,.
2024,11,8,47,.,.,.,.,.,.,.,.,.,.,.,.,.
2024,11,8,48,.,.,.,.,.,.,.,.,.,.,.,.,.
2024,11,8,49,.,.,.,.,.,.,.,.,.,.,.,.,.
2024,11,8,50,.,.,.,.,.,.,.,.,.,.,.,.,.
2024,11,8,51,.,.,.,.,.,.,.,.,.,.,.,.,.
2024,11,8,53,.,.,.,.,.,.,.,.,.,.,.,.,.
2024,11,8,54,.,.,.,.,.,.,.,.,.,.,.,.,.
2024,11,8,55,.,.,.,.,.,.,.,.,.,.,.,.,.
2024,11,8,56,.,.,.,.,.,.,.,.,.,.,.,.,.
2024,11,15,1,.,.,.,.,.,.,.,.,.,.,.,.,.
2024,11,15,2,.,.,.,.,.,.,.,.,.,.,.,.,.
2024,11,15,4,.,.,.,.,.,.,.,.,.,.,.,.,.
2024,11,15,5,.,.,.,.,.,.,.,.,.,.,.,.,.
2024,11,15,6,.,.,.,.,.,.,.,.,.,.,.,.,.
2024,11,15,8,.,.,.,.,.,.,.,.,.,.,.,.,.
2024,11,15,9,.,.,.,.,.,.,.,.,.,.,.,.,.
2024,11,15,10,.,.,.,.,.,.,.,.,.,.,.,.,.
2024,11,15,11,.,.,.,.,.,.,.,.,.,.,.,.,.
2024,11,15,12,.,.,.,.,.,.,.,.,.,.,.,.,.
2024,11,15,13,.,.,.,.,.,.,.,.,.,.,.,.,.
2024,11,15,15,.,.,.,.,.,.,.,.,.,.,.,.,.
2024,11,15,16,.,.,.,.,.,.,.,.,.,.,.,.,.
2024,11,15,17,.,.,.,.,.,.,.,.,.,.,.,.,.
2024,11,15,18,.,.,.,.,.,.,.,.,.,.,.,.,.
2024,11,15,19,.,.,.,.,.,.,.,.,.,.,.,.,.
2024,11,15,20,.,.,.,.,.,.,.,.,.,.,.,.,.
2024,11,15,21,.,.,.,.,.,.,.,.,.,.,.,.,.
2024,11,15,22,.,.,.,.,.,.,.,.,.,.,.,.,.
2024,11,15,23,.,.,.,.,.,.,.,.,.,.,.,.,.
2024,11,15,24,.,.,.,.,.,.,.,.,.,.,.,.,.
2024,11,15,25,.,.,.,.,.,.,.,.,.,.,.,.,.
2024,11,15,26,.,.,.,.,.,.,.,.,.,.,.,.,.
2024,11,15,27,.,.,.,.,.,.,.,.,.,.,.,.,.
2024,11,15,28,.,.,.,.,.,.,.,.,.,.,.,.,.
2024,11,15,29,.,.,.,.,.,.,.,.,.,.,.,.,.
2024,11,15,30,.,.,.,.,.,.,.,.,.,.,.,.,.
2024,11,15,31,.,.,.,.,.,.,.,.,.,.,.,.,.
2024,11,15,32,.,.,.,.,.,.,.,.,.,.,.,.,.
2024,11,15,33,.,.,.,.,.,.,.,.,.,.,.,.,.
2024,11,15,34,.,.,.,.,.,.,.,.,.,.,.,.,.
2024,11,15,35,.,.,.,.,.,.,.,.,.,.,.,.,.
2024,11,15,36,.,.,.,.,.,.,.,.,.,.,.,.,.
2024,11,15,37,.,.,.,.,.,.,.,.,.,.,.,.,.
2024,11,15,38,.,.,.,.,.,.,.,.,.,.,.,.,.
2024,11,15,39,.,.,.,.,.,.,.,.,.,.,.,.,.
2024,11,15,40,.,.,.,.,.,.,.,.,.,.,.,.,.
2024,11,15,41,.,.,.,.,.,.,.,.,.,.,.,.,.
2024,11,15,42,.,.,.,.,.,.,.,.,.,.,.,.,.
2024,11,15,44,.,.,.,.,.,.,.,.,.,.,.,.,.
2024,11,15,45,.,.,.,.,.,.,.,.,.,.,.,.,.
2024,11,15,46,.,.,.,.,.,.,.,.,.,.,.,.,.
2024,11,15,47,.,.,.,.,.,.,.,.,.,.,.,.,.
2024,11,15,48,.,.,.,.,.,.,.,.,.,.,.,.,.
2024,11,15,49,.,.,.,.,.,.,.,.,.,.,.,.,.
2024,11,15,50,.,.,.,.,.,.,.,.,.,.,.,.,.
2024,11,15,51,.,.,.,.,.,.,.,.,.,.,.,.,.
2024,11,15,53,.,.,.,.,.,.,.,.,.,.,.,.,.
2024,11,15,54,.,.,.,.,.,.,.,.,.,.,.,.,.
2024,11,15,55,.,.,.,.,.,.,.,.,.,.,.,.,.
2024,11,15,56,.,.,.,.,.,.,.,.,.,.,.,.,.
2024,11,22,1,.,.,.,.,.,.,.,.,.,.,.,.,.
2024,11,22,2,.,.,.,.,.,.,.,.,.,.,.,.,.
2024,11,22,4,.,.,.,.,.,.,.,.,.,.,.,.,.
2024,11,22,5,.,.,.,.,.,.,.,.,.,.,.,.,.
2024,11,22,6,.,.,.,.,.,.,.,.,.,.,.,.,.
2024,11,22,8,.,.,.,.,.,.,.,.,.,.,.,.,.
2024,11,22,9,.,.,.,.,.,.,.,.,.,.,.,.,.
2024,11,22,10,.,.,.,.,.,.,.,.,.,.,.,.,.
2024,11,22,11,.,.,.,.,.,.,.,.,.,.,.,.,.
2024,11,22,12,.,.,.,.,.,.,.,.,.,.,.,.,.
2024,11,22,13,.,.,.,.,.,.,.,.,.,.,.,.,.
2024,11,22,15,.,.,.,.,.,.,.,.,.,.,.,.,.
2024,11,22,16,.,.,.,.,.,.,.,.,.,.,.,.,.
2024,11,22,17,.,.,.,.,.,.,.,.,.,.,.,.,.
2024,11,22,18,.,.,.,.,.,.,.,.,.,.,.,.,.
2024,11,22,19,.,.,.,.,.,.,.,.,.,.,.,.,.
2024,11,22,20,.,.,.,.,.,.,.,.,.,.,.,.,.
2024,11,22,21,.,.,.,.,.,.,.,.,.,.,.,.,.
2024,11,22,22,.,.,.,.,.,.,.,.,.,.,.,.,.
2024,11,22,23,.,.,.,.,.,.,.,.,.,.,.,.,.
2024,11,22,24,.,.,.,.,.,.,.,.,.,.,.,.,.
2024,11,22,25,.,.,.,.,.,.,.,.,.,.,.,.,.
2024,11,22,26,.,.,.,.,.,.,.,.,.,.,.,.,.
2024,11,22,27,.,.,.,.,.,.,.,.,.,.,.,.,.
2024,11,22,28,.,.,.,.,.,.,.,.,.,.,.,.,.
2024,11,22,29,.,.,.,.,.,.,.,.,.,.,.,.,.
2024,11,22,30,.,.,.,.,.,.,.,.,.,.,.,.,.
2024,11,22,31,.,.,.,.,.,.,.,.,.,.,.,.,.
2024,11,22,32,.,.,.,.,.,.,.,.,.,.,.,.,.
2024,11,22,33,.,.,.,.,.,.,.,.,.,.,.,.,.
2024,11,22,34,.,.,.,.,.,.,.,.,.,.,.,.,.
2024,11,22,35,.,.,.,.,.,.,.,.,.,.,.,.,.
2024,11,22,36,.,.,.,.,.,.,.,.,.,.,.,.,.
2024,11,22,37,.,.,.,.,.,.,.,.,.,.,.,.,.
2024,11,22,38,.,.,.,.,.,.,.,.,.,.,.,.,.
2024,11,22,39,.,.,.,.,.,.,.,.,.,.,.,.,.
2024,11,22,40,.,.,.,.,.,.,.,.,.,.,.,.,.
2024,11,22,41,.,.,.,.,.,.,.,.,.,.,.,.,.
2024,11,22,42,.,.,.,.,.,.,.,.,.,.,.,.,.
2024,11,22,44,.,.,.,.,.,.,.,.,.,.,.,.,.
2024,11,22,45,.,.,.,.,.,.,.,.,.,.,.,.,.
2024,11,22,46,.,.,.,.,.,.,.,.,.,.,.,.,.
2024,11,22,47,.,.,.,.,.,.,.,.,.,.,.,.,.
2024,11,22,48,.,.,.,.,.,.,.,.,.,.,.,.,.
2024,11,22,49,.,.,.,.,.,.,.,.,.,.,.,.,.
2024,11,22,50,.,.,.,.,.,.,.,.,.,.,.,.,.
2024,11,22,51,.,.,.,.,.,.,.,.,.,.,.,.,.
2024,11,22,53,.,.,.,.,.,.,.,.,.,.,.,.,.
2024,11,22,54,.,.,.,.,.,.,.,.,.,.,.,.,.
2024,11,22,55,.,.,.,.,.,.,.,.,.,.,.,.,.
2024,11,22,56,.,.,.,.,.,.,.,.,.,.,.,.,.
2024,11,29,1,.,.,.,.,.,.,.,.,.,.,.,.,.
2024,11,29,2,.,.,.,.,.,.,.,.,.,.,.,.,.
2024,11,29,4,.,.,.,.,.,.,.,.,.,.,.,.,.
2024,11,29,5,.,.,.,.,.,.,.,.,.,.,.,.,.
2024,11,29,6,.,.,.,.,.,.,.,.,.,.,.,.,.
2024,11,29,8,.,.,.,.,.,.,.,.,.,.,.,.,.
2024,11,29,9,.,.,.,.,.,.,.,.,.,.,.,.,.
2024,11,29,10,.,.,.,.,.,.,.,.,.,.,.,.,.
2024,11,29,11,.,.,.,.,.,.,.,.,.,.,.,.,.
2024,11,29,12,.,.,.,.,.,.,.,.,.,.,.,.,.
2024,11,29,13,.,.,.,.,.,.,.,.,.,.,.,.,.
2024,11,29,15,.,.,.,.,.,.,.,.,.,.,.,.,.
2024,11,29,16,.,.,.,.,.,.,.,.,.,.,.,.,.
2024,11,29,17,.,.,.,.,.,.,.,.,.,.,.,.,.
2024,11,29,18,.,.,.,.,.,.,.,.,.,.,.,.,.
2024,11,29,19,.,.,.,.,.,.,.,.,.,.,.,.,.
2024,11,29,20,.,.,.,.,.,.,.,.,.,.,.,.,.
2024,11,29,21,.,.,.,.,.,.,.,.,.,.,.,.,.
2024,11,29,22,.,.,.,.,.,.,.,.,.,.,.,.,.
2024,11,29,23,.,.,.,.,.,.,.,.,.,.,.,.,.
2024,11,29,24,.,.,.,.,.,.,.,.,.,.,.,.,.
2024,11,29,25,.,.,.,.,.,.,.,.,.,.,.,.,.
2024,11,29,26,.,.,.,.,.,.,.,.,.,.,.,.,.
2024,11,29,27,.,.,.,.,.,.,.,.,.,.,.,.,.
2024,11,29,28,.,.,.,.,.,.,.,.,.,.,.,.,.
2024,11,29,29,.,.,.,.,.,.,.,.,.,.,.,.,.
2024,11,29,30,.,.,.,.,.,.,.,.,.,.,.,.,.
2024,11,29,31,.,.,.,.,.,.,.,.,.,.,.,.,.
2024,11,29,32,.,.,.,.,.,.,.,.,.,.,.,.,.
2024,11,29,33,.,.,.,.,.,.,.,.,.,.,.,.,.
2024,11,29,34,.,.,.,.,.,.,.,.,.,.,.,.,.
2024,11,29,35,.,.,.,.,.,.,.,.,.,.,.,.,.
2024,11,29,36,.,.,.,.,.,.,.,.,.,.,.,.,.
2024,11,29,37,.,.,.,.,.,.,.,.,.,.,.,.,.
2024,11,29,38,.,.,.,.,.,.,.,.,.,.,.,.,.
2024,11,29,39,.,.,.,.,.,.,.,.,.,.,.,.,.
2024,11,29,40,.,.,.,.,.,.,.,.,.,.,.,.,.
2024,11,29,41,.,.,.,.,.,.,.,.,.,.,.,.,.
2024,11,29,42,.,.,.,.,.,.,.,.,.,.,.,.,.
2024,11,29,44,.,.,.,.,.,.,.,.,.,.,.,.,.
2024,11,29,45,.,.,.,.,.,.,.,.,.,.,.,.,.
2024,11,29,46,.,.,.,.,.,.,.,.,.,.,.,.,.
2024,11,29,47,.,.,.,.,.,.,.,.,.,.,.,.,.
2024,11,29,48,.,.,.,.,.,.,.,.,.,.,.,.,.
2024,11,29,49,.,.,.,.,.,.,.,.,.,.,.,.,.
2024,11,29,50,.,.,.,.,.,.,.,.,.,.,.,.,.
2024,11,29,51,.,.,.,.,.,.,.,.,.,.,.,.,.
2024,11,29,53,.,.,.,.,.,.,.,.,.,.,.,.,.
2024,11,29,54,.,.,.,.,.,.,.,.,.,.,.,.,.
2024,11,29,55,.,.,.,.,.,.,.,.,.,.,.,.,.
2024,11,29,56,.,.,.,.,.,.,.,.,.,.,.,.,.
2024,12,6,1,.,.,.,.,.,.,.,.,.,.,.,.,.
2024,12,6,2,.,.,.,.,.,.,.,.,.,.,.,.,.
2024,12,6,4,.,.,.,.,.,.,.,.,.,.,.,.,.
2024,12,6,5,.,.,.,.,.,.,.,.,.,.,.,.,.
2024,12,6,6,.,.,.,.,.,.,.,.,.,.,.,.,.
2024,12,6,8,.,.,.,.,.,.,.,.,.,.,.,.,.
2024,12,6,9,.,.,.,.,.,.,.,.,.,.,.,.,.
2024,12,6,10,.,.,.,.,.,.,.,.,.,.,.,.,.
2024,12,6,11,.,.,.,.,.,.,.,.,.,.,.,.,.
2024,12,6,12,.,.,.,.,.,.,.,.,.,.,.,.,.
2024,12,6,13,.,.,.,.,.,.,.,.,.,.,.,.,.
2024,12,6,15,.,.,.,.,.,.,.,.,.,.,.,.,.
2024,12,6,16,.,.,.,.,.,.,.,.,.,.,.,.,.
2024,12,6,17,.,.,.,.,.,.,.,.,.,.,.,.,.
2024,12,6,18,.,.,.,.,.,.,.,.,.,.,.,.,.
2024,12,6,19,.,.,.,.,.,.,.,.,.,.,.,.,.
2024,12,6,20,.,.,.,.,.,.,.,.,.,.,.,.,.
2024,12,6,21,.,.,.,.,.,.,.,.,.,.,.,.,.
2024,12,6,22,.,.,.,.,.,.,.,.,.,.,.,.,.
2024,12,6,23,.,.,.,.,.,.,.,.,.,.,.,.,.
2024,12,6,24,.,.,.,.,.,.,.,.,.,.,.,.,.
2024,12,6,25,.,.,.,.,.,.,.,.,.,.,.,.,.
2024,12,6,26,.,.,.,.,.,.,.,.,.,.,.,.,.
2024,12,6,27,.,.,.,.,.,.,.,.,.,.,.,.,.
2024,12,6,28,.,.,.,.,.,.,.,.,.,.,.,.,.
2024,12,6,29,.,.,.,.,.,.,.,.,.,.,.,.,.
2024,12,6,30,.,.,.,.,.,.,.,.,.,.,.,.,.
2024,12,6,31,.,.,.,.,.,.,.,.,.,.,.,.,.
2024,12,6,32,.,.,.,.,.,.,.,.,.,.,.,.,.
2024,12,6,33,.,.,.,.,.,.,.,.,.,.,.,.,.
2024,12,6,34,.,.,.,.,.,.,.,.,.,.,.,.,.
2024,12,6,35,.,.,.,.,.,.,.,.,.,.,.,.,.
2024,12,6,36,.,.,.,.,.,.,.,.,.,.,.,.,.
2024,12,6,37,.,.,.,.,.,.,.,.,.,.,.,.,.
2024,12,6,38,.,.,.,.,.,.,.,.,.,.,.,.,.
2024,12,6,39,.,.,.,.,.,.,.,.,.,.,.,.,.
2024,12,6,40,.,.,.,.,.,.,.,.,.,.,.,.,.
2024,12,6,41,.,.,.,.,.,.,.,.,.,.,.,.,.
2024,12,6,42,.,.,.,.,.,.,.,.,.,.,.,.,.
2024,12,6,44,.,.,.,.,.,.,.,.,.,.,.,.,.
2024,12,6,45,.,.,.,.,.,.,.,.,.,.,.,.,.
2024,12,6,46,.,.,.,.,.,.,.,.,.,.,.,.,.
2024,12,6,47,.,.,.,.,.,.,.,.,.,.,.,.,.
2024,12,6,48,.,.,.,.,.,.,.,.,.,.,.,.,.
2024,12,6,49,.,.,.,.,.,.,.,.,.,.,.,.,.
2024,12,6,50,.,.,.,.,.,.,.,.,.,.,.,.,.
2024,12,6,51,.,.,.,.,.,.,.,.,.,.,.,.,.
2024,12,6,53,.,.,.,.,.,.,.,.,.,.,.,.,.
2024,12,6,54,.,.,.,.,.,.,.,.,.,.,.,.,.
2024,12,6,55,.,.,.,.,.,.,.,.,.,.,.,.,.
2024,12,6,56,.,.,.,.,.,.,.,.,.,.,.,.,.
2024,12,13,1,.,.,.,.,.,.,.,.,.,.,.,.,.
2024,12,13,2,.,.,.,.,.,.,.,.,.,.,.,.,.
2024,12,13,4,.,.,.,.,.,.,.,.,.,.,.,.,.
2024,12,13,5,.,.,.,.,.,.,.,.,.,.,.,.,.
2024,12,13,6,.,.,.,.,.,.,.,.,.,.,.,.,.
2024,12,13,8,.,.,.,.,.,.,.,.,.,.,.,.,.
2024,12,13,9,.,.,.,.,.,.,.,.,.,.,.,.,.
2024,12,13,10,.,.,.,.,.,.,.,.,.,.,.,.,.
2024,12,13,11,.,.,.,.,.,.,.,.,.,.,.,.,.
2024,12,13,12,.,.,.,.,.,.,.,.,.,.,.,.,.
2024,12,13,13,.,.,.,.,.,.,.,.,.,.,.,.,.
2024,12,13,15,.,.,.,.,.,.,.,.,.,.,.,.,.
2024,12,13,16,.,.,.,.,.,.,.,.,.,.,.,.,.
2024,12,13,17,.,.,.,.,.,.,.,.,.,.,.,.,.
2024,12,13,18,.,.,.,.,.,.,.,.,.,.,.,.,.
2024,12,13,19,.,.,.,.,.,.,.,.,.,.,.,.,.
2024,12,13,20,.,.,.,.,.,.,.,.,.,.,.,.,.
2024,12,13,21,.,.,.,.,.,.,.,.,.,.,.,.,.
2024,12,13,22,.,.,.,.,.,.,.,.,.,.,.,.,.
2024,12,13,23,.,.,.,.,.,.,.,.,.,.,.,.,.
2024,12,13,24,.,.,.,.,.,.,.,.,.,.,.,.,.
2024,12,13,25,.,.,.,.,.,.,.,.,.,.,.,.,.
2024,12,13,26,.,.,.,.,.,.,.,.,.,.,.,.,.
2024,12,13,27,.,.,.,.,.,.,.,.,.,.,.,.,.
2024,12,13,28,.,.,.,.,.,.,.,.,.,.,.,.,.
2024,12,13,29,.,.,.,.,.,.,.,.,.,.,.,.,.
2024,12,13,30,.,.,.,.,.,.,.,.,.,.,.,.,.
2024,12,13,31,.,.,.,.,.,.,.,.,.,.,.,.,.
2024,12,13,32,.,.,.,.,.,.,.,.,.,.,.,.,.
2024,12,13,33,.,.,.,.,.,.,.,.,.,.,.,.,.
2024,12,13,34,.,.,.,.,.,.,.,.,.,.,.,.,.
2024,12,13,35,.,.,.,.,.,.,.,.,.,.,.,.,.
2024,12,13,36,.,.,.,.,.,.,.,.,.,.,.,.,.
2024,12,13,37,.,.,.,.,.,.,.,.,.,.,.,.,.
2024,12,13,38,.,.,.,.,.,.,.,.,.,.,.,.,.
2024,12,13,39,.,.,.,.,.,.,.,.,.,.,.,.,.
2024,12,13,40,.,.,.,.,.,.,.,.,.,.,.,.,.
2024,12,13,41,.,.,.,.,.,.,.,.,.,.,.,.,.
2024,12,13,42,.,.,.,.,.,.,.,.,.,.,.,.,.
2024,12,13,44,.,.,.,.,.,.,.,.,.,.,.,.,.
2024,12,13,45,.,.,.,.,.,.,.,.,.,.,.,.,.
2024,12,13,46,.,.,.,.,.,.,.,.,.,.,.,.,.
2024,12,13,47,.,.,.,.,.,.,.,.,.,.,.,.,.
2024,12,13,48,.,.,.,.,.,.,.,.,.,.,.,.,.
2024,12,13,49,.,.,.,.,.,.,.,.,.,.,.,.,.
2024,12,13,50,.,.,.,.,.,.,.,.,.,.,.,.,.
2024,12,13,51,.,.,.,.,.,.,.,.,.,.,.,.,.
2024,12,13,53,.,.,.,.,.,.,.,.,.,.,.,.,.
2024,12,13,54,.,.,.,.,.,.,.,.,.,.,.,.,.
2024,12,13,55,.,.,.,.,.,.,.,.,.,.,.,.,.
2024,12,13,56,.,.,.,.,.,.,.,.,.,.,.,.,.
2024,12,20,1,.,.,.,.,.,.,.,.,.,.,.,.,.
2024,12,20,2,.,.,.,.,.,.,.,.,.,.,.,.,.
2024,12,20,4,.,.,.,.,.,.,.,.,.,.,.,.,.
2024,12,20,5,.,.,.,.,.,.,.,.,.,.,.,.,.
2024,12,20,6,.,.,.,.,.,.,.,.,.,.,.,.,.
2024,12,20,8,.,.,.,.,.,.,.,.,.,.,.,.,.
2024,12,20,9,.,.,.,.,.,.,.,.,.,.,.,.,.
2024,12,20,10,.,.,.,.,.,.,.,.,.,.,.,.,.
2024,12,20,11,.,.,.,.,.,.,.,.,.,.,.,.,.
2024,12,20,12,.,.,.,.,.,.,.,.,.,.,.,.,.
2024,12,20,13,.,.,.,.,.,.,.,.,.,.,.,.,.
2024,12,20,15,.,.,.,.,.,.,.,.,.,.,.,.,.
2024,12,20,16,.,.,.,.,.,.,.,.,.,.,.,.,.
2024,12,20,17,.,.,.,.,.,.,.,.,.,.,.,.,.
2024,12,20,18,.,.,.,.,.,.,.,.,.,.,.,.,.
2024,12,20,19,.,.,.,.,.,.,.,.,.,.,.,.,.
2024,12,20,20,.,.,.,.,.,.,.,.,.,.,.,.,.
2024,12,20,21,.,.,.,.,.,.,.,.,.,.,.,.,.
2024,12,20,22,.,.,.,.,.,.,.,.,.,.,.,.,.
2024,12,20,23,.,.,.,.,.,.,.,.,.,.,.,.,.
2024,12,20,24,.,.,.,.,.,.,.,.,.,.,.,.,.
2024,12,20,25,.,.,.,.,.,.,.,.,.,.,.,.,.
2024,12,20,26,.,.,.,.,.,.,.,.,.,.,.,.,.
2024,12,20,27,.,.,.,.,.,.,.,.,.,.,.,.,.
2024,12,20,28,.,.,.,.,.,.,.,.,.,.,.,.,.
2024,12,20,29,.,.,.,.,.,.,.,.,.,.,.,.,.
2024,12,20,30,.,.,.,.,.,.,.,.,.,.,.,.,.
2024,12,20,31,.,.,.,.,.,.,.,.,.,.,.,.,.
2024,12,20,32,.,.,.,.,.,.,.,.,.,.,.,.,.
2024,12,20,33,.,.,.,.,.,.,.,.,.,.,.,.,.
2024,12,20,34,.,.,.,.,.,.,.,.,.,.,.,.,.
2024,12,20,35,.,.,.,.,.,.,.,.,.,.,.,.,.
2024,12,20,36,.,.,.,.,.,.,.,.,.,.,.,.,.
2024,12,20,37,.,.,.,.,.,.,.,.,.,.,.,.,.
2024,12,20,38,.,.,.,.,.,.,.,.,.,.,.,.,.
2024,12,20,39,.,.,.,.,.,.,.,.,.,.,.,.,.
2024,12,20,40,.,.,.,.,.,.,.,.,.,.,.,.,.
2024,12,20,41,.,.,.,.,.,.,.,.,.,.,.,.,.
2024,12,20,42,.,.,.,.,.,.,.,.,.,.,.,.,.
2024,12,20,44,.,.,.,.,.,.,.,.,.,.,.,.,.
2024,12,20,45,.,.,.,.,.,.,.,.,.,.,.,.,.
2024,12,20,46,.,.,.,.,.,.,.,.,.,.,.,.,.
2024,12,20,47,.,.,.,.,.,.,.,.,.,.,.,.,.
2024,12,20,48,.,.,.,.,.,.,.,.,.,.,.,.,.
2024,12,20,49,.,.,.,.,.,.,.,.,.,.,.,.,.
2024,12,20,50,.,.,.,.,.,.,.,.,.,.,.,.,.
2024,12,20,51,.,.,.,.,.,.,.,.,.,.,.,.,.
2024,12,20,53,.,.,.,.,.,.,.,.,.,.,.,.,.
2024,12,20,54,.,.,.,.,.,.,.,.,.,.,.,.,.
2024,12,20,55,.,.,.,.,.,.,.,.,.,.,.,.,.
2024,12,20,56,.,.,.,.,.,.,.,.,.,.,.,.,.
2024,12,27,1,.,.,.,.,.,.,.,.,.,.,.,.,.
2024,12,27,2,.,.,.,.,.,.,.,.,.,.,.,.,.
2024,12,27,4,.,.,.,.,.,.,.,.,.,.,.,.,.
2024,12,27,5,.,.,.,.,.,.,.,.,.,.,.,.,.
2024,12,27,6,.,.,.,.,.,.,.,.,.,.,.,.,.
2024,12,27,8,.,.,.,.,.,.,.,.,.,.,.,.,.
2024,12,27,9,.,.,.,.,.,.,.,.,.,.,.,.,.
2024,12,27,10,.,.,.,.,.,.,.,.,.,.,.,.,.
2024,12,27,11,.,.,.,.,.,.,.,.,.,.,.,.,.
2024,12,27,12,.,.,.,.,.,.,.,.,.,.,.,.,.
2024,12,27,13,.,.,.,.,.,.,.,.,.,.,.,.,.
2024,12,27,15,.,.,.,.,.,.,.,.,.,.,.,.,.
2024,12,27,16,.,.,.,.,.,.,.,.,.,.,.,.,.
2024,12,27,17,.,.,.,.,.,.,.,.,.,.,.,.,.
2024,12,27,18,.,.,.,.,.,.,.,.,.,.,.,.,.
2024,12,27,19,.,.,.,.,.,.,.,.,.,.,.,.,.
2024,12,27,20,.,.,.,.,.,.,.,.,.,.,.,.,.
2024,12,27,21,.,.,.,.,.,.,.,.,.,.,.,.,.
2024,12,27,22,.,.,.,.,.,.,.,.,.,.,.,.,.
2024,12,27,23,.,.,.,.,.,.,.,.,.,.,.,.,.
2024,12,27,24,.,.,.,.,.,.,.,.,.,.,.,.,.
2024,12,27,25,.,.,.,.,.,.,.,.,.,.,.,.,.
2024,12,27,26,.,.,.,.,.,.,.,.,.,.,.,.,.
2024,12,27,27,.,.,.,.,.,.,.,.,.,.,.,.,.
2024,12,27,28,.,.,.,.,.,.,.,.,.,.,.,.,.
2024,12,27,29,.,.,.,.,.,.,.,.,.,.,.,.,.
2024,12,27,30,.,.,.,.,.,.,.,.,.,.,.,.,.
2024,12,27,31,.,.,.,.,.,.,.,.,.,.,.,.,.
2024,12,27,32,.,.,.,.,.,.,.,.,.,.,.,.,.
2024,12,27,33,.,.,.,.,.,.,.,.,.,.,.,.,.
2024,12,27,34,.,.,.,.,.,.,.,.,.,.,.,.,.
2024,12,27,35,.,.,.,.,.,.,.,.,.,.,.,.,.
2024,12,27,36,.,.,.,.,.,.,.,.,.,.,.,.,.
2024,12,27,37,.,.,.,.,.,.,.,.,.,.,.,.,.
2024,12,27,38,.,.,.,.,.,.,.,.,.,.,.,.,.
2024,12,27,39,.,.,.,.,.,.,.,.,.,.,.,.,.
2024,12,27,40,.,.,.,.,.,.,.,.,.,.,.,.,.
2024,12,27,41,.,.,.,.,.,.,.,.,.,.,.,.,.
2024,12,27,42,.,.,.,.,.,.,.,.,.,.,.,.,.
2024,12,27,44,.,.,.,.,.,.,.,.,.,.,.,.,.
2024,12,27,45,.,.,.,.,.,.,.,.,.,.,.,.,.
2024,12,27,46,.,.,.,.,.,.,.,.,.,.,.,.,.
2024,12,27,47,.,.,.,.,.,.,.,.,.,.,.,.,.
2024,12,27,48,.,.,.,.,.,.,.,.,.,.,.,.,.
2024,12,27,49,.,.,.,.,.,.,.,.,.,.,.,.,.
2024,12,27,50,.,.,.,.,.,.,.,.,.,.,.,.,.
2024,12,27,51,.,.,.,.,.,.,.,.,.,.,.,.,.
2024,12,27,53,.,.,.,.,.,.,.,.,.,.,.,.,.
2024,12,27,54,.,.,.,.,.,.,.,.,.,.,.,.,.
2024,12,27,55,.,.,.,.,.,.,.,.,.,.,.,.,.
2024,12,27,56,.,.,.,.,.,.,.,.,.,.,.,.,.
2025,1,3,1,.,.,.,.,.,.,.,.,.,.,.,.,.
2025,1,3,2,.,.,.,.,.,.,.,.,.,.,.,.,.
2025,1,3,4,.,.,.,.,.,.,.,.,.,.,.,.,.
2025,1,3,5,.,.,.,.,.,.,.,.,.,.,.,.,.
2025,1,3,6,.,.,.,.,.,.,.,.,.,.,.,.,.
2025,1,3,8,.,.,.,.,.,.,.,.,.,.,.,.,.
2025,1,3,9,.,.,.,.,.,.,.,.,.,.,.,.,.
2025,1,3,10,.,.,.,.,.,.,.,.,.,.,.,.,.
2025,1,3,11,.,.,.,.,.,.,.,.,.,.,.,.,.
2025,1,3,12,.,.,.,.,.,.,.,.,.,.,.,.,.
2025,1,3,13,.,.,.,.,.,.,.,.,.,.,.,.,.
2025,1,3,15,.,.,.,.,.,.,.,.,.,.,.,.,.
2025,1,3,16,.,.,.,.,.,.,.,.,.,.,.,.,.
2025,1,3,17,.,.,.,.,.,.,.,.,.,.,.,.,.
2025,1,3,18,.,.,.,.,.,.,.,.,.,.,.,.,.
2025,1,3,19,.,.,.,.,.,.,.,.,.,.,.,.,.
2025,1,3,20,.,.,.,.,.,.,.,.,.,.,.,.,.
2025,1,3,21,.,.,.,.,.,.,.,.,.,.,.,.,.
2025,1,3,22,.,.,.,.,.,.,.,.,.,.,.,.,.
2025,1,3,23,.,.,.,.,.,.,.,.,.,.,.,.,.
2025,1,3,24,.,.,.,.,.,.,.,.,.,.,.,.,.
2025,1,3,25,.,.,.,.,.,.,.,.,.,.,.,.,.
2025,1,3,26,.,.,.,.,.,.,.,.,.,.,.,.,.
2025,1,3,27,.,.,.,.,.,.,.,.,.,.,.,.,.
2025,1,3,28,.,.,.,.,.,.,.,.,.,.,.,.,.
2025,1,3,29,.,.,.,.,.,.,.,.,.,.,.,.,.
2025,1,3,30,.,.,.,.,.,.,.,.,.,.,.,.,.
2025,1,3,31,.,.,.,.,.,.,.,.,.,.,.,.,.
2025,1,3,32,.,.,.,.,.,.,.,.,.,.,.,.,.
2025,1,3,33,.,.,.,.,.,.,.,.,.,.,.,.,.
2025,1,3,34,.,.,.,.,.,.,.,.,.,.,.,.,.
2025,1,3,35,.,.,.,.,.,.,.,.,.,.,.,.,.
2025,1,3,36,.,.,.,.,.,.,.,.,.,.,.,.,.
2025,1,3,37,.,.,.,.,.,.,.,.,.,.,.,.,.
2025,1,3,38,.,.,.,.,.,.,.,.,.,.,.,.,.
2025,1,3,39,.,.,.,.,.,.,.,.,.,.,.,.,.
2025,1,3,40,.,.,.,.,.,.,.,.,.,.,.,.,.
2025,1,3,41,.,.,.,.,.,.,.,.,.,.,.,.,.
2025,1,3,42,.,.,.,.,.,.,.,.,.,.,.,.,.
2025,1,3,44,.,.,.,.,.,.,.,.,.,.,.,.,.
2025,1,3,45,.,.,.,.,.,.,.,.,.,.,.,.,.
2025,1,3,46,.,.,.,.,.,.,.,.,.,.,.,.,.
2025,1,3,47,.,.,.,.,.,.,.,.,.,.,.,.,.
2025,1,3,48,.,.,.,.,.,.,.,.,.,.,.,.,.
2025,1,3,49,.,.,.,.,.,.,.,.,.,.,.,.,.
2025,1,3,50,.,.,.,.,.,.,.,.,.,.,.,.,.
2025,1,3,51,.,.,.,.,.,.,.,.,.,.,.,.,.
2025,1,3,53,.,.,.,.,.,.,.,.,.,.,.,.,.
2025,1,3,54,.,.,.,.,.,.,.,.,.,.,.,.,.
2025,1,3,55,.,.,.,.,.,.,.,.,.,.,.,.,.
2025,1,3,56,.,.,.,.,.,.,.,.,.,.,.,.,.
2025,1,10,1,.,.,.,.,.,.,.,.,.,.,.,.,.
2025,1,10,2,.,.,.,.,.,.,.,.,.,.,.,.,.
2025,1,10,4,.,.,.,.,.,.,.,.,.,.,.,.,.
2025,1,10,5,.,.,.,.,.,.,.,.,.,.,.,.,.
2025,1,10,6,.,.,.,.,.,.,.,.,.,.,.,.,.
2025,1,10,8,.,.,.,.,.,.,.,.,.,.,.,.,.
2025,1,10,9,.,.,.,.,.,.,.,.,.,.,.,.,.
2025,1,10,10,.,.,.,.,.,.,.,.,.,.,.,.,.
2025,1,10,11,.,.,.,.,.,.,.,.,.,.,.,.,.
2025,1,10,12,.,.,.,.,.,.,.,.,.,.,.,.,.
2025,1,10,13,.,.,.,.,.,.,.,.,.,.,.,.,.
2025,1,10,15,.,.,.,.,.,.,.,.,.,.,.,.,.
2025,1,10,16,.,.,.,.,.,.,.,.,.,.,.,.,.
2025,1,10,17,.,.,.,.,.,.,.,.,.,.,.,.,.
2025,1,10,18,.,.,.,.,.,.,.,.,.,.,.,.,.
2025,1,10,19,.,.,.,.,.,.,.,.,.,.,.,.,.
2025,1,10,20,.,.,.,.,.,.,.,.,.,.,.,.,.
2025,1,10,21,.,.,.,.,.,.,.,.,.,.,.,.,.
2025,1,10,22,.,.,.,.,.,.,.,.,.,.,.,.,.
2025,1,10,23,.,.,.,.,.,.,.,.,.,.,.,.,.
2025,1,10,24,.,.,.,.,.,.,.,.,.,.,.,.,.
2025,1,10,25,.,.,.,.,.,.,.,.,.,.,.,.,.
2025,1,10,26,.,.,.,.,.,.,.,.,.,.,.,.,.
2025,1,10,27,.,.,.,.,.,.,.,.,.,.,.,.,.
2025,1,10,28,.,.,.,.,.,.,.,.,.,.,.,.,.
2025,1,10,29,.,.,.,.,.,.,.,.,.,.,.,.,.
2025,1,10,30,.,.,.,.,.,.,.,.,.,.,.,.,.
2025,1,10,31,.,.,.,.,.,.,.,.,.,.,.,.,.
2025,1,10,32,.,.,.,.,.,.,.,.,.,.,.,.,.
2025,1,10,33,.,.,.,.,.,.,.,.,.,.,.,.,.
2025,1,10,34,.,.,.,.,.,.,.,.,.,.,.,.,.
2025,1,10,35,.,.,.,.,.,.,.,.,.,.,.,.,.
2025,1,10,36,.,.,.,.,.,.,.,.,.,.,.,.,.
2025,1,10,37,.,.,.,.,.,.,.,.,.,.,.,.,.
2025,1,10,38,.,.,.,.,.,.,.,.,.,.,.,.,.
2025,1,10,39,.,.,.,.,.,.,.,.,.,.,.,.,.
2025,1,10,40,.,.,.,.,.,.,.,.,.,.,.,.,.
2025,1,10,41,.,.,.,.,.,.,.,.,.,.,.,.,.
2025,1,10,42,.,.,.,.,.,.,.,.,.,.,.,.,.
2025,1,10,44,.,.,.,.,.,.,.,.,.,.,.,.,.
2025,1,10,45,.,.,.,.,.,.,.,.,.,.,.,.,.
2025,1,10,46,.,.,.,.,.,.,.,.,.,.,.,.,.
2025,1,10,47,.,.,.,.,.,.,.,.,.,.,.,.,.
2025,1,10,48,.,.,.,.,.,.,.,.,.,.,.,.,.
2025,1,10,49,.,.,.,.,.,.,.,.,.,.,.,.,.
2025,1,10,50,.,.,.,.,.,.,.,.,.,.,.,.,.
2025,1,10,51,.,.,.,.,.,.,.,.,.,.,.,.,.
2025,1,10,53,.,.,.,.,.,.,.,.,.,.,.,.,.
2025,1,10,54,.,.,.,.,.,.,.,.,.,.,.,.,.
2025,1,10,55,.,.,.,.,.,.,.,.,.,.,.,.,.
2025,1,10,56,.,.,.,.,.,.,.,.,.,.,.,.,.
2025,1,17,1,.,.,.,.,.,.,.,.,.,.,.,.,.
2025,1,17,2,.,.,.,.,.,.,.,.,.,.,.,.,.
2025,1,17,4,.,.,.,.,.,.,.,.,.,.,.,.,.
2025,1,17,5,.,.,.,.,.,.,.,.,.,.,.,.,.
2025,1,17,6,.,.,.,.,.,.,.,.,.,.,.,.,.
2025,1,17,8,.,.,.,.,.,.,.,.,.,.,.,.,.
2025,1,17,9,.,.,.,.,.,.,.,.,.,.,.,.,.
2025,1,17,10,.,.,.,.,.,.,.,.,.,.,.,.,.
2025,1,17,11,.,.,.,.,.,.,.,.,.,.,.,.,.
2025,1,17,12,.,.,.,.,.,.,.,.,.,.,.,.,.
2025,1,17,13,.,.,.,.,.,.,.,.,.,.,.,.,.
2025,1,17,15,.,.,.,.,.,.,.,.,.,.,.,.,.
2025,1,17,16,.,.,.,.,.,.,.,.,.,.,.,.,.
2025,1,17,17,.,.,.,.,.,.,.,.,.,.,.,.,.
2025,1,17,18,.,.,.,.,.,.,.,.,.,.,.,.,.
2025,1,17,19,.,.,.,.,.,.,.,.,.,.,.,.,.
2025,1,17,20,.,.,.,.,.,.,.,.,.,.,.,.,.
2025,1,17,21,.,.,.,.,.,.,.,.,.,.,.,.,.
2025,1,17,22,.,.,.,.,.,.,.,.,.,.,.,.,.
2025,1,17,23,.,.,.,.,.,.,.,.,.,.,.,.,.
2025,1,17,24,.,.,.,.,.,.,.,.,.,.,.,.,.
2025,1,17,25,.,.,.,.,.,.,.,.,.,.,.,.,.
2025,1,17,26,.,.,.,.,.,.,.,.,.,.,.,.,.
2025,1,17,27,.,.,.,.,.,.,.,.,.,.,.,.,.
2025,1,17,28,.,.,.,.,.,.,.,.,.,.,.,.,.
2025,1,17,29,.,.,.,.,.,.,.,.,.,.,.,.,.
2025,1,17,30,.,.,.,.,.,.,.,.,.,.,.,.,.
2025,1,17,31,.,.,.,.,.,.,.,.,.,.,.,.,.
2025,1,17,32,.,.,.,.,.,.,.,.,.,.,.,.,.
2025,1,17,33,.,.,.,.,.,.,.,.,.,.,.,.,.
2025,1,17,34,.,.,.,.,.,.,.,.,.,.,.,.,.
2025,1,17,35,.,.,.,.,.,.,.,.,.,.,.,.,.
2025,1,17,36,.,.,.,.,.,.,.,.,.,.,.,.,.
2025,1,17,37,.,.,.,.,.,.,.,.,.,.,.,.,.
2025,1,17,38,.,.,.,.,.,.,.,.,.,.,.,.,.
2025,1,17,39,.,.,.,.,.,.,.,.,.,.,.,.,.
2025,1,17,40,.,.,.,.,.,.,.,.,.,.,.,.,.
2025,1,17,41,.,.,.,.,.,.,.,.,.,.,.,.,.
2025,1,17,42,.,.,.,.,.,.,.,.,.,.,.,.,.
2025,1,17,44,.,.,.,.,.,.,.,.,.,.,.,.,.
2025,1,17,45,.,.,.,.,.,.,.,.,.,.,.,.,.
2025,1,17,46,.,.,.,.,.,.,.,.,.,.,.,.,.
2025,1,17,47,.,.,.,.,.,.,.,.,.,.,.,.,.
2025,1,17,48,.,.,.,.,.,.,.,.,.,.,.,.,.
2025,1,17,49,.,.,.,.,.,.,.,.,.,.,.,.,.
2025,1,17,50,.,.,.,.,.,.,.,.,.,.,.,.,.
2025,1,17,51,.,.,.,.,.,.,.,.,.,.,.,.,.
2025,1,17,53,.,.,.,.,.,.,.,.,.,.,.,.,.
2025,1,17,54,.,.,.,.,.,.,.,.,.,.,.,.,.
2025,1,17,55,.,.,.,.,.,.,.,.,.,.,.,.,.
2025,1,17,56,.,.,.,.,.,.,.,.,.,.,.,.,.
2025,1,24,1,.,.,.,.,.,.,.,.,.,.,.,.,.
2025,1,24,2,.,.,.,.,.,.,.,.,.,.,.,.,.
2025,1,24,4,.,.,.,.,.,.,.,.,.,.,.,.,.
2025,1,24,5,.,.,.,.,.,.,.,.,.,.,.,.,.
2025,1,24,6,.,.,.,.,.,.,.,.,.,.,.,.,.
2025,1,24,8,.,.,.,.,.,.,.,.,.,.,.,.,.
2025,1,24,9,.,.,.,.,.,.,.,.,.,.,.,.,.
2025,1,24,10,.,.,.,.,.,.,.,.,.,.,.,.,.
2025,1,24,11,.,.,.,.,.,.,.,.,.,.,.,.,.
2025,1,24,12,.,.,.,.,.,.,.,.,.,.,.,.,.
2025,1,24,13,.,.,.,.,.,.,.,.,.,.,.,.,.
2025,1,24,15,.,.,.,.,.,.,.,.,.,.,.,.,.
2025,1,24,16,.,.,.,.,.,.,.,.,.,.,.,.,.
2025,1,24,17,.,.,.,.,.,.,.,.,.,.,.,.,.
2025,1,24,18,.,.,.,.,.,.,.,.,.,.,.,.,.
2025,1,24,19,.,.,.,.,.,.,.,.,.,.,.,.,.
2025,1,24,20,.,.,.,.,.,.,.,.,.,.,.,.,.
2025,1,24,21,.,.,.,.,.,.,.,.,.,.,.,.,.
2025,1,24,22,.,.,.,.,.,.,.,.,.,.,.,.,.
2025,1,24,23,.,.,.,.,.,.,.,.,.,.,.,.,.
2025,1,24,24,.,.,.,.,.,.,.,.,.,.,.,.,.
2025,1,24,25,.,.,.,.,.,.,.,.,.,.,.,.,.
2025,1,24,26,.,.,.,.,.,.,.,.,.,.,.,.,.
2025,1,24,27,.,.,.,.,.,.,.,.,.,.,.,.,.
2025,1,24,28,.,.,.,.,.,.,.,.,.,.,.,.,.
2025,1,24,29,.,.,.,.,.,.,.,.,.,.,.,.,.
2025,1,24,30,.,.,.,.,.,.,.,.,.,.,.,.,.
2025,1,24,31,.,.,.,.,.,.,.,.,.,.,.,.,.
2025,1,24,32,.,.,.,.,.,.,.,.,.,.,.,.,.
2025,1,24,33,.,.,.,.,.,.,.,.,.,.,.,.,.
2025,1,24,34,.,.,.,.,.,.,.,.,.,.,.,.,.
2025,1,24,35,.,.,.,.,.,.,.,.,.,.,.,.,.
2025,1,24,36,.,.,.,.,.,.,.,.,.,.,.,.,.
2025,1,24,37,.,.,.,.,.,.,.,.,.,.,.,.,.
2025,1,24,38,.,.,.,.,.,.,.,.,.,.,.,.,.
2025,1,24,39,.,.,.,.,.,.,.,.,.,.,.,.,.
2025,1,24,40,.,.,.,.,.,.,.,.,.,.,.,.,.
2025,1,24,41,.,.,.,.,.,.,.,.,.,.,.,.,.
2025,1,24,42,.,.,.,.,.,.,.,.,.,.,.,.,.
2025,1,24,44,.,.,.,.,.,.,.,.,.,.,.,.,.
2025,1,24,45,.,.,.,.,.,.,.,.,.,.,.,.,.
2025,1,24,46,.,.,.,.,.,.,.,.,.,.,.,.,.
2025,1,24,47,.,.,.,.,.,.,.,.,.,.,.,.,.
2025,1,24,48,.,.,.,.,.,.,.,.,.,.,.,.,.
2025,1,24,49,.,.,.,.,.,.,.,.,.,.,.,.,.
2025,1,24,50,.,.,.,.,.,.,.,.,.,.,.,.,.
2025,1,24,51,.,.,.,.,.,.,.,.,.,.,.,.,.
2025,1,24,53,.,.,.,.,.,.,.,.,.,.,.,.,.
2025,1,24,54,.,.,.,.,.,.,.,.,.,.,.,.,.
2025,1,24,55,.,.,.,.,.,.,.,.,.,.,.,.,.
2025,1,24,56,.,.,.,.,.,.,.,.,.,.,.,.,.
2025,1,31,1,.,.,.,.,.,.,.,.,.,.,.,.,.
2025,1,31,2,.,.,.,.,.,.,.,.,.,.,.,.,.
2025,1,31,4,.,.,.,.,.,.,.,.,.,.,.,.,.
2025,1,31,5,.,.,.,.,.,.,.,.,.,.,.,.,.
2025,1,31,6,.,.,.,.,.,.,.,.,.,.,.,.,.
2025,1,31,8,.,.,.,.,.,.,.,.,.,.,.,.,.
2025,1,31,9,.,.,.,.,.,.,.,.,.,.,.,.,.
2025,1,31,10,.,.,.,.,.,.,.,.,.,.,.,.,.
2025,1,31,11,.,.,.,.,.,.,.,.,.,.,.,.,.
2025,1,31,12,.,.,.,.,.,.,.,.,.,.,.,.,.
2025,1,31,13,.,.,.,.,.,.,.,.,.,.,.,.,.
2025,1,31,15,.,.,.,.,.,.,.,.,.,.,.,.,.
2025,1,31,16,.,.,.,.,.,.,.,.,.,.,.,.,.
2025,1,31,17,.,.,.,.,.,.,.,.,.,.,.,.,.
2025,1,31,18,.,.,.,.,.,.,.,.,.,.,.,.,.
2025,1,31,19,.,.,.,.,.,.,.,.,.,.,.,.,.
2025,1,31,20,.,.,.,.,.,.,.,.,.,.,.,.,.
2025,1,31,21,.,.,.,.,.,.,.,.,.,.,.,.,.
2025,1,31,22,.,.,.,.,.,.,.,.,.,.,.,.,.
2025,1,31,23,.,.,.,.,.,.,.,.,.,.,.,.,.
2025,1,31,24,.,.,.,.,.,.,.,.,.,.,.,.,.
2025,1,31,25,.,.,.,.,.,.,.,.,.,.,.,.,.
2025,1,31,26,.,.,.,.,.,.,.,.,.,.,.,.,.
2025,1,31,27,.,.,.,.,.,.,.,.,.,.,.,.,.
2025,1,31,28,.,.,.,.,.,.,.,.,.,.,.,.,.
2025,1,31,29,.,.,.,.,.,.,.,.,.,.,.,.,.
2025,1,31,30,.,.,.,.,.,.,.,.,.,.,.,.,.
2025,1,31,31,.,.,.,.,.,.,.,.,.,.,.,.,.
2025,1,31,32,.,.,.,.,.,.,.,.,.,.,.,.,.
2025,1,31,33,.,.,.,.,.,.,.,.,.,.,.,.,.
2025,1,31,34,.,.,.,.,.,.,.,.,.,.,.,.,.
2025,1,31,35,.,.,.,.,.,.,.,.,.,.,.,.,.
2025,1,31,36,.,.,.,.,.,.,.,.,.,.,.,.,.
2025,1,31,37,.,.,.,.,.,.,.,.,.,.,.,.,.
2025,1,31,38,.,.,.,.,.,.,.,.,.,.,.,.,.
2025,1,31,39,.,.,.,.,.,.,.,.,.,.,.,.,.
2025,1,31,40,.,.,.,.,.,.,.,.,.,.,.,.,.
2025,1,31,41,.,.,.,.,.,.,.,.,.,.,.,.,.
2025,1,31,42,.,.,.,.,.,.,.,.,.,.,.,.,.
2025,1,31,44,.,.,.,.,.,.,.,.,.,.,.,.,.
2025,1,31,45,.,.,.,.,.,.,.,.,.,.,.,.,.
2025,1,31,46,.,.,.,.,.,.,.,.,.,.,.,.,.
2025,1,31,47,.,.,.,.,.,.,.,.,.,.,.,.,.
2025,1,31,48,.,.,.,.,.,.,.,.,.,.,.,.,.
2025,1,31,49,.,.,.,.,.,.,.,.,.,.,.,.,.
2025,1,31,50,.,.,.,.,.,.,.,.,.,.,.,.,.
2025,1,31,51,.,.,.,.,.,.,.,.,.,.,.,.,.
2025,1,31,53,.,.,.,.,.,.,.,.,.,.,.,.,.
2025,1,31,54,.,.,.,.,.,.,.,.,.,.,.,.,.
2025,1,31,55,.,.,.,.,.,.,.,.,.,.,.,.,.
2025,1,31,56,.,.,.,.,.,.,.,.,.,.,.,.,.
2025,2,7,1,.,.,.,.,.,.,.,.,.,.,.,.,.
2025,2,7,2,.,.,.,.,.,.,.,.,.,.,.,.,.
2025,2,7,4,.,.,.,.,.,.,.,.,.,.,.,.,.
2025,2,7,5,.,.,.,.,.,.,.,.,.,.,.,.,.
2025,2,7,6,.,.,.,.,.,.,.,.,.,.,.,.,.
2025,2,7,8,.,.,.,.,.,.,.,.,.,.,.,.,.
2025,2,7,9,.,.,.,.,.,.,.,.,.,.,.,.,.
2025,2,7,10,.,.,.,.,.,.,.,.,.,.,.,.,.
2025,2,7,11,.,.,.,.,.,.,.,.,.,.,.,.,.
2025,2,7,12,.,.,.,.,.,.,.,.,.,.,.,.,.
2025,2,7,13,.,.,.,.,.,.,.,.,.,.,.,.,.
2025,2,7,15,.,.,.,.,.,.,.,.,.,.,.,.,.
2025,2,7,16,.,.,.,.,.,.,.,.,.,.,.,.,.
2025,2,7,17,.,.,.,.,.,.,.,.,.,.,.,.,.
2025,2,7,18,.,.,.,.,.,.,.,.,.,.,.,.,.
2025,2,7,19,.,.,.,.,.,.,.,.,.,.,.,.,.
2025,2,7,20,.,.,.,.,.,.,.,.,.,.,.,.,.
2025,2,7,21,.,.,.,.,.,.,.,.,.,.,.,.,.
2025,2,7,22,.,.,.,.,.,.,.,.,.,.,.,.,.
2025,2,7,23,.,.,.,.,.,.,.,.,.,.,.,.,.
2025,2,7,24,.,.,.,.,.,.,.,.,.,.,.,.,.
2025,2,7,25,.,.,.,.,.,.,.,.,.,.,.,.,.
2025,2,7,26,.,.,.,.,.,.,.,.,.,.,.,.,.
2025,2,7,27,.,.,.,.,.,.,.,.,.,.,.,.,.
2025,2,7,28,.,.,.,.,.,.,.,.,.,.,.,.,.
2025,2,7,29,.,.,.,.,.,.,.,.,.,.,.,.,.
2025,2,7,30,.,.,.,.,.,.,.,.,.,.,.,.,.
2025,2,7,31,.,.,.,.,.,.,.,.,.,.,.,.,.
2025,2,7,32,.,.,.,.,.,.,.,.,.,.,.,.,.
2025,2,7,33,.,.,.,.,.,.,.,.,.,.,.,.,.
2025,2,7,34,.,.,.,.,.,.,.,.,.,.,.,.,.
2025,2,7,35,.,.,.,.,.,.,.,.,.,.,.,.,.
2025,2,7,36,.,.,.,.,.,.,.,.,.,.,.,.,.
2025,2,7,37,.,.,.,.,.,.,.,.,.,.,.,.,.
2025,2,7,38,.,.,.,.,.,.,.,.,.,.,.,.,.
2025,2,7,39,.,.,.,.,.,.,.,.,.,.,.,.,.
2025,2,7,40,.,.,.,.,.,.,.,.,.,.,.,.,.
2025,2,7,41,.,.,.,.,.,.,.,.,.,.,.,.,.
2025,2,7,42,.,.,.,.,.,.,.,.,.,.,.,.,.
2025,2,7,44,.,.,.,.,.,.,.,.,.,.,.,.,.
2025,2,7,45,.,.,.,.,.,.,.,.,.,.,.,.,.
2025,2,7,46,.,.,.,.,.,.,.,.,.,.,.,.,.
2025,2,7,47,.,.,.,.,.,.,.,.,.,.,.,.,.
2025,2,7,48,.,.,.,.,.,.,.,.,.,.,.,.,.
2025,2,7,49,.,.,.,.,.,.,.,.,.,.,.,.,.
2025,2,7,50,.,.,.,.,.,.,.,.,.,.,.,.,.
2025,2,7,51,.,.,.,.,.,.,.,.,.,.,.,.,.
2025,2,7,53,.,.,.,.,.,.,.,.,.,.,.,.,.
2025,2,7,54,.,.,.,.,.,.,.,.,.,.,.,.,.
2025,2,7,55,.,.,.,.,.,.,.,.,.,.,.,.,.
2025,2,7,56,.,.,.,.,.,.,.,.,.,.,.,.,.
2025,2,14,1,.,.,.,.,.,.,.,.,.,.,.,.,.
2025,2,14,2,.,.,.,.,.,.,.,.,.,.,.,.,.
2025,2,14,4,.,.,.,.,.,.,.,.,.,.,.,.,.
2025,2,14,5,.,.,.,.,.,.,.,.,.,.,.,.,.
2025,2,14,6,.,.,.,.,.,.,.,.,.,.,.,.,.
2025,2,14,8,.,.,.,.,.,.,.,.,.,.,.,.,.
2025,2,14,9,.,.,.,.,.,.,.,.,.,.,.,.,.
2025,2,14,10,.,.,.,.,.,.,.,.,.,.,.,.,.
2025,2,14,11,.,.,.,.,.,.,.,.,.,.,.,.,.
2025,2,14,12,.,.,.,.,.,.,.,.,.,.,.,.,.
2025,2,14,13,.,.,.,.,.,.,.,.,.,.,.,.,.
2025,2,14,15,.,.,.,.,.,.,.,.,.,.,.,.,.
2025,2,14,16,.,.,.,.,.,.,.,.,.,.,.,.,.
2025,2,14,17,.,.,.,.,.,.,.,.,.,.,.,.,.
2025,2,14,18,.,.,.,.,.,.,.,.,.,.,.,.,.
2025,2,14,19,.,.,.,.,.,.,.,.,.,.,.,.,.
2025,2,14,20,.,.,.,.,.,.,.,.,.,.,.,.,.
2025,2,14,21,.,.,.,.,.,.,.,.,.,.,.,.,.
2025,2,14,22,.,.,.,.,.,.,.,.,.,.,.,.,.
2025,2,14,23,.,.,.,.,.,.,.,.,.,.,.,.,.
2025,2,14,24,.,.,.,.,.,.,.,.,.,.,.,.,.
2025,2,14,25,.,.,.,.,.,.,.,.,.,.,.,.,.
2025,2,14,26,.,.,.,.,.,.,.,.,.,.,.,.,.
2025,2,14,27,.,.,.,.,.,.,.,.,.,.,.,.,.
2025,2,14,28,.,.,.,.,.,.,.,.,.,.,.,.,.
2025,2,14,29,.,.,.,.,.,.,.,.,.,.,.,.,.
2025,2,14,30,.,.,.,.,.,.,.,.,.,.,.,.,.
2025,2,14,31,.,.,.,.,.,.,.,.,.,.,.,.,.
2025,2,14,32,.,.,.,.,.,.,.,.,.,.,.,.,.
2025,2,14,33,.,.,.,.,.,.,.,.,.,.,.,.,.
2025,2,14,34,.,.,.,.,.,.,.,.,.,.,.,.,.
2025,2,14,35,.,.,.,.,.,.,.,.,.,.,.,.,.
2025,2,14,36,.,.,.,.,.,.,.,.,.,.,.,.,.
2025,2,14,37,.,.,.,.,.,.,.,.,.,.,.,.,.
2025,2,14,38,.,.,.,.,.,.,.,.,.,.,.,.,.
2025,2,14,39,.,.,.,.,.,.,.,.,.,.,.,.,.
2025,2,14,40,.,.,.,.,.,.,.,.,.,.,.,.,.
2025,2,14,41,.,.,.,.,.,.,.,.,.,.,.,.,.
2025,2,14,42,.,.,.,.,.,.,.,.,.,.,.,.,.
2025,2,14,44,.,.,.,.,.,.,.,.,.,.,.,.,.
2025,2,14,45,.,.,.,.,.,.,.,.,.,.,.,.,.
2025,2,14,46,.,.,.,.,.,.,.,.,.,.,.,.,.
2025,2,14,47,.,.,.,.,.,.,.,.,.,.,.,.,.
2025,2,14,48,.,.,.,.,.,.,.,.,.,.,.,.,.
2025,2,14,49,.,.,.,.,.,.,.,.,.,.,.,.,.
2025,2,14,50,.,.,.,.,.,.,.,.,.,.,.,.,.
2025,2,14,51,.,.,.,.,.,.,.,.,.,.,.,.,.
2025,2,14,53,.,.,.,.,.,.,.,.,.,.,.,.,.
2025,2,14,54,.,.,.,.,.,.,.,.,.,.,.,.,.
2025,2,14,55,.,.,.,.,.,.,.,.,.,.,.,.,.
2025,2,14,56,.,.,.,.,.,.,.,.,.,.,.,.,.
2025,2,21,1,.,.,.,.,.,.,.,.,.,.,.,.,.
2025,2,21,2,.,.,.,.,.,.,.,.,.,.,.,.,.
2025,2,21,4,.,.,.,.,.,.,.,.,.,.,.,.,.
2025,2,21,5,.,.,.,.,.,.,.,.,.,.,.,.,.
2025,2,21,6,.,.,.,.,.,.,.,.,.,.,.,.,.
2025,2,21,8,.,.,.,.,.,.,.,.,.,.,.,.,.
2025,2,21,9,.,.,.,.,.,.,.,.,.,.,.,.,.
2025,2,21,10,.,.,.,.,.,.,.,.,.,.,.,.,.
2025,2,21,11,.,.,.,.,.,.,.,.,.,.,.,.,.
2025,2,21,12,.,.,.,.,.,.,.,.,.,.,.,.,.
2025,2,21,13,.,.,.,.,.,.,.,.,.,.,.,.,.
2025,2,21,15,.,.,.,.,.,.,.,.,.,.,.,.,.
2025,2,21,16,.,.,.,.,.,.,.,.,.,.,.,.,.
2025,2,21,17,.,.,.,.,.,.,.,.,.,.,.,.,.
2025,2,21,18,.,.,.,.,.,.,.,.,.,.,.,.,.
2025,2,21,19,.,.,.,.,.,.,.,.,.,.,.,.,.
2025,2,21,20,.,.,.,.,.,.,.,.,.,.,.,.,.
2025,2,21,21,.,.,.,.,.,.,.,.,.,.,.,.,.
2025,2,21,22,.,.,.,.,.,.,.,.,.,.,.,.,.
2025,2,21,23,.,.,.,.,.,.,.,.,.,.,.,.,.
2025,2,21,24,.,.,.,.,.,.,.,.,.,.,.,.,.
2025,2,21,25,.,.,.,.,.,.,.,.,.,.,.,.,.
2025,2,21,26,.,.,.,.,.,.,.,.,.,.,.,.,.
2025,2,21,27,.,.,.,.,.,.,.,.,.,.,.,.,.
2025,2,21,28,.,.,.,.,.,.,.,.,.,.,.,.,.
2025,2,21,29,.,.,.,.,.,.,.,.,.,.,.,.,.
2025,2,21,30,.,.,.,.,.,.,.,.,.,.,.,.,.
2025,2,21,31,.,.,.,.,.,.,.,.,.,.,.,.,.
2025,2,21,32,.,.,.,.,.,.,.,.,.,.,.,.,.
2025,2,21,33,.,.,.,.,.,.,.,.,.,.,.,.,.
2025,2,21,34,.,.,.,.,.,.,.,.,.,.,.,.,.
2025,2,21,35,.,.,.,.,.,.,.,.,.,.,.,.,.
2025,2,21,36,.,.,.,.,.,.,.,.,.,.,.,.,.
2025,2,21,37,.,.,.,.,.,.,.,.,.,.,.,.,.
2025,2,21,38,.,.,.,.,.,.,.,.,.,.,.,.,.
2025,2,21,39,.,.,.,.,.,.,.,.,.,.,.,.,.
2025,2,21,40,.,.,.,.,.,.,.,.,.,.,.,.,.
2025,2,21,41,.,.,.,.,.,.,.,.,.,.,.,.,.
2025,2,21,42,.,.,.,.,.,.,.,.,.,.,.,.,.
2025,2,21,44,.,.,.,.,.,.,.,.,.,.,.,.,.
2025,2,21,45,.,.,.,.,.,.,.,.,.,.,.,.,.
2025,2,21,46,.,.,.,.,.,.,.,.,.,.,.,.,.
2025,2,21,47,.,.,.,.,.,.,.,.,.,.,.,.,.
2025,2,21,48,.,.,.,.,.,.,.,.,.,.,.,.,.
2025,2,21,49,.,.,.,.,.,.,.,.,.,.,.,.,.
2025,2,21,50,.,.,.,.,.,.,.,.,.,.,.,.,.
2025,2,21,51,.,.,.,.,.,.,.,.,.,.,.,.,.
2025,2,21,53,.,.,.,.,.,.,.,.,.,.,.,.,.
2025,2,21,54,.,.,.,.,.,.,.,.,.,.,.,.,.
2025,2,21,55,.,.,.,.,.,.,.,.,.,.,.,.,.
2025,2,21,56,.,.,.,.,.,.,.,.,.,.,.,.,.
2025,2,28,1,.,.,.,.,.,.,.,.,.,.,.,.,.
2025,2,28,2,.,.,.,.,.,.,.,.,.,.,.,.,.
2025,2,28,4,.,.,.,.,.,.,.,.,.,.,.,.,.
2025,2,28,5,.,.,.,.,.,.,.,.,.,.,.,.,.
2025,2,28,6,.,.,.,.,.,.,.,.,.,.,.,.,.
2025,2,28,8,.,.,.,.,.,.,.,.,.,.,.,.,.
2025,2,28,9,.,.,.,.,.,.,.,.,.,.,.,.,.
2025,2,28,10,.,.,.,.,.,.,.,.,.,.,.,.,.
2025,2,28,11,.,.,.,.,.,.,.,.,.,.,.,.,.
2025,2,28,12,.,.,.,.,.,.,.,.,.,.,.,.,.
2025,2,28,13,.,.,.,.,.,.,.,.,.,.,.,.,.
2025,2,28,15,.,.,.,.,.,.,.,.,.,.,.,.,.
2025,2,28,16,.,.,.,.,.,.,.,.,.,.,.,.,.
2025,2,28,17,.,.,.,.,.,.,.,.,.,.,.,.,.
2025,2,28,18,.,.,.,.,.,.,.,.,.,.,.,.,.
2025,2,28,19,.,.,.,.,.,.,.,.,.,.,.,.,.
2025,2,28,20,.,.,.,.,.,.,.,.,.,.,.,.,.
2025,2,28,21,.,.,.,.,.,.,.,.,.,.,.,.,.
2025,2,28,22,.,.,.,.,.,.,.,.,.,.,.,.,.
2025,2,28,23,.,.,.,.,.,.,.,.,.,.,.,.,.
2025,2,28,24,.,.,.,.,.,.,.,.,.,.,.,.,.
2025,2,28,25,.,.,.,.,.,.,.,.,.,.,.,.,.
2025,2,28,26,.,.,.,.,.,.,.,.,.,.,.,.,.
2025,2,28,27,.,.,.,.,.,.,.,.,.,.,.,.,.
2025,2,28,28,.,.,.,.,.,.,.,.,.,.,.,.,.
2025,2,28,29,.,.,.,.,.,.,.,.,.,.,.,.,.
2025,2,28,30,.,.,.,.,.,.,.,.,.,.,.,.,.
2025,2,28,31,.,.,.,.,.,.,.,.,.,.,.,.,.
2025,2,28,32,.,.,.,.,.,.,.,.,.,.,.,.,.
2025,2,28,33,.,.,.,.,.,.,.,.,.,.,.,.,.
2025,2,28,34,.,.,.,.,.,.,.,.,.,.,.,.,.
2025,2,28,35,.,.,.,.,.,.,.,.,.,.,.,.,.
2025,2,28,36,.,.,.,.,.,.,.,.,.,.,.,.,.
2025,2,28,37,.,.,.,.,.,.,.,.,.,.,.,.,.
2025,2,28,38,.,.,.,.,.,.,.,.,.,.,.,.,.
2025,2,28,39,.,.,.,.,.,.,.,.,.,.,.,.,.
2025,2,28,40,.,.,.,.,.,.,.,.,.,.,.,.,.
2025,2,28,41,.,.,.,.,.,.,.,.,.,.,.,.,.
2025,2,28,42,.,.,.,.,.,.,.,.,.,.,.,.,.
2025,2,28,44,.,.,.,.,.,.,.,.,.,.,.,.,.
2025,2,28,45,.,.,.,.,.,.,.,.,.,.,.,.,.
2025,2,28,46,.,.,.,.,.,.,.,.,.,.,.,.,.
2025,2,28,47,.,.,.,.,.,.,.,.,.,.,.,.,.
2025,2,28,48,.,.,.,.,.,.,.,.,.,.,.,.,.
2025,2,28,49,.,.,.,.,.,.,.,.,.,.,.,.,.
2025,2,28,50,.,.,.,.,.,.,.,.,.,.,.,.,.
2025,2,28,51,.,.,.,.,.,.,.,.,.,.,.,.,.
2025,2,28,53,.,.,.,.,.,.,.,.,.,.,.,.,.
2025,2,28,54,.,.,.,.,.,.,.,.,.,.,.,.,.
2025,2,28,55,.,.,.,.,.,.,.,.,.,.,.,.,.
2025,2,28,56,.,.,.,.,.,.,.,.,.,.,.,.,.
2025,3,7,1,.,.,.,.,.,.,.,.,.,.,.,.,.
2025,3,7,2,.,.,.,.,.,.,.,.,.,.,.,.,.
2025,3,7,4,.,.,.,.,.,.,.,.,.,.,.,.,.
2025,3,7,5,.,.,.,.,.,.,.,.,.,.,.,.,.
2025,3,7,6,.,.,.,.,.,.,.,.,.,.,.,.,.
2025,3,7,8,.,.,.,.,.,.,.,.,.,.,.,.,.
2025,3,7,9,.,.,.,.,.,.,.,.,.,.,.,.,.
2025,3,7,10,.,.,.,.,.,.,.,.,.,.,.,.,.
2025,3,7,11,.,.,.,.,.,.,.,.,.,.,.,.,.
2025,3,7,12,.,.,.,.,.,.,.,.,.,.,.,.,.
2025,3,7,13,.,.,.,.,.,.,.,.,.,.,.,.,.
2025,3,7,15,.,.,.,.,.,.,.,.,.,.,.,.,.
2025,3,7,16,.,.,.,.,.,.,.,.,.,.,.,.,.
2025,3,7,17,.,.,.,.,.,.,.,.,.,.,.,.,.
2025,3,7,18,.,.,.,.,.,.,.,.,.,.,.,.,.
2025,3,7,19,.,.,.,.,.,.,.,.,.,.,.,.,.
2025,3,7,20,.,.,.,.,.,.,.,.,.,.,.,.,.
2025,3,7,21,.,.,.,.,.,.,.,.,.,.,.,.,.
2025,3,7,22,.,.,.,.,.,.,.,.,.,.,.,.,.
2025,3,7,23,.,.,.,.,.,.,.,.,.,.,.,.,.
2025,3,7,24,.,.,.,.,.,.,.,.,.,.,.,.,.
2025,3,7,25,.,.,.,.,.,.,.,.,.,.,.,.,.
2025,3,7,26,.,.,.,.,.,.,.,.,.,.,.,.,.
2025,3,7,27,.,.,.,.,.,.,.,.,.,.,.,.,.
2025,3,7,28,.,.,.,.,.,.,.,.,.,.,.,.,.
2025,3,7,29,.,.,.,.,.,.,.,.,.,.,.,.,.
2025,3,7,30,.,.,.,.,.,.,.,.,.,.,.,.,.
2025,3,7,31,.,.,.,.,.,.,.,.,.,.,.,.,.
2025,3,7,32,.,.,.,.,.,.,.,.,.,.,.,.,.
2025,3,7,33,.,.,.,.,.,.,.,.,.,.,.,.,.
2025,3,7,34,.,.,.,.,.,.,.,.,.,.,.,.,.
2025,3,7,35,.,.,.,.,.,.,.,.,.,.,.,.,.
2025,3,7,36,.,.,.,.,.,.,.,.,.,.,.,.,.
2025,3,7,37,.,.,.,.,.,.,.,.,.,.,.,.,.
2025,3,7,38,.,.,.,.,.,.,.,.,.,.,.,.,.
2025,3,7,39,.,.,.,.,.,.,.,.,.,.,.,.,.
2025,3,7,40,.,.,.,.,.,.,.,.,.,.,.,.,.
2025,3,7,41,.,.,.,.,.,.,.,.,.,.,.,.,.
2025,3,7,42,.,.,.,.,.,.,.,.,.,.,.,.,.
2025,3,7,44,.,.,.,.,.,.,.,.,.,.,.,.,.
2025,3,7,45,.,.,.,.,.,.,.,.,.,.,.,.,.
2025,3,7,46,.,.,.,.,.,.,.,.,.,.,.,.,.
2025,3,7,47,.,.,.,.,.,.,.,.,.,.,.,.,.
2025,3,7,48,.,.,.,.,.,.,.,.,.,.,.,.,.
2025,3,7,49,.,.,.,.,.,.,.,.,.,.,.,.,.
2025,3,7,50,.,.,.,.,.,.,.,.,.,.,.,.,.
2025,3,7,51,.,.,.,.,.,.,.,.,.,.,.,.,.
2025,3,7,53,.,.,.,.,.,.,.,.,.,.,.,.,.
2025,3,7,54,.,.,.,.,.,.,.,.,.,.,.,.,.
2025,3,7,55,.,.,.,.,.,.,.,.,.,.,.,.,.
2025,3,7,56,.,.,.,.,.,.,.,.,.,.,.,.,.
2025,3,14,1,.,.,.,.,.,.,.,.,.,.,.,.,.
2025,3,14,2,.,.,.,.,.,.,.,.,.,.,.,.,.
2025,3,14,4,.,.,.,.,.,.,.,.,.,.,.,.,.
2025,3,14,5,.,.,.,.,.,.,.,.,.,.,.,.,.
2025,3,14,6,.,.,.,.,.,.,.,.,.,.,.,.,.
2025,3,14,8,.,.,.,.,.,.,.,.,.,.,.,.,.
2025,3,14,9,.,.,.,.,.,.,.,.,.,.,.,.,.
2025,3,14,10,.,.,.,.,.,.,.,.,.,.,.,.,.
2025,3,14,11,.,.,.,.,.,.,.,.,.,.,.,.,.
2025,3,14,12,.,.,.,.,.,.,.,.,.,.,.,.,.
2025,3,14,13,.,.,.,.,.,.,.,.,.,.,.,.,.
2025,3,14,15,.,.,.,.,.,.,.,.,.,.,.,.,.
2025,3,14,16,.,.,.,.,.,.,.,.,.,.,.,.,.
2025,3,14,17,.,.,.,.,.,.,.,.,.,.,.,.,.
2025,3,14,18,.,.,.,.,.,.,.,.,.,.,.,.,.
2025,3,14,19,.,.,.,.,.,.,.,.,.,.,.,.,.
2025,3,14,20,.,.,.,.,.,.,.,.,.,.,.,.,.
2025,3,14,21,.,.,.,.,.,.,.,.,.,.,.,.,.
2025,3,14,22,.,.,.,.,.,.,.,.,.,.,.,.,.
2025,3,14,23,.,.,.,.,.,.,.,.,.,.,.,.,.
2025,3,14,24,.,.,.,.,.,.,.,.,.,.,.,.,.
2025,3,14,25,.,.,.,.,.,.,.,.,.,.,.,.,.
2025,3,14,26,.,.,.,.,.,.,.,.,.,.,.,.,.
2025,3,14,27,.,.,.,.,.,.,.,.,.,.,.,.,.
2025,3,14,28,.,.,.,.,.,.,.,.,.,.,.,.,.
2025,3,14,29,.,.,.,.,.,.,.,.,.,.,.,.,.
2025,3,14,30,.,.,.,.,.,.,.,.,.,.,.,.,.
2025,3,14,31,.,.,.,.,.,.,.,.,.,.,.,.,.
2025,3,14,32,.,.,.,.,.,.,.,.,.,.,.,.,.
2025,3,14,33,.,.,.,.,.,.,.,.,.,.,.,.,.
2025,3,14,34,.,.,.,.,.,.,.,.,.,.,.,.,.
2025,3,14,35,.,.,.,.,.,.,.,.,.,.,.,.,.
2025,3,14,36,.,.,.,.,.,.,.,.,.,.,.,.,.
2025,3,14,37,.,.,.,.,.,.,.,.,.,.,.,.,.
2025,3,14,38,.,.,.,.,.,.,.,.,.,.,.,.,.
2025,3,14,39,.,.,.,.,.,.,.,.,.,.,.,.,.
2025,3,14,40,.,.,.,.,.,.,.,.,.,.,.,.,.
2025,3,14,41,.,.,.,.,.,.,.,.,.,.,.,.,.
2025,3,14,42,.,.,.,.,.,.,.,.,.,.,.,.,.
2025,3,14,44,.,.,.,.,.,.,.,.,.,.,.,.,.
2025,3,14,45,.,.,.,.,.,.,.,.,.,.,.,.,.
2025,3,14,46,.,.,.,.,.,.,.,.,.,.,.,.,.
2025,3,14,47,.,.,.,.,.,.,.,.,.,.,.,.,.
2025,3,14,48,.,.,.,.,.,.,.,.,.,.,.,.,.
2025,3,14,49,.,.,.,.,.,.,.,.,.,.,.,.,.
2025,3,14,50,.,.,.,.,.,.,.,.,.,.,.,.,.
2025,3,14,51,.,.,.,.,.,.,.,.,.,.,.,.,.
2025,3,14,53,.,.,.,.,.,.,.,.,.,.,.,.,.
2025,3,14,54,.,.,.,.,.,.,.,.,.,.,.,.,.
2025,3,14,55,.,.,.,.,.,.,.,.,.,.,.,.,.
2025,3,14,56,.,.,.,.,.,.,.,.,.,.,.,.,.
2025,3,21,1,.,.,.,.,.,.,.,.,.,.,.,.,.
2025,3,21,2,.,.,.,.,.,.,.,.,.,.,.,.,.
2025,3,21,4,.,.,.,.,.,.,.,.,.,.,.,.,.
2025,3,21,5,.,.,.,.,.,.,.,.,.,.,.,.,.
2025,3,21,6,.,.,.,.,.,.,.,.,.,.,.,.,.
2025,3,21,8,.,.,.,.,.,.,.,.,.,.,.,.,.
2025,3,21,9,.,.,.,.,.,.,.,.,.,.,.,.,.
2025,3,21,10,.,.,.,.,.,.,.,.,.,.,.,.,.
2025,3,21,11,.,.,.,.,.,.,.,.,.,.,.,.,.
2025,3,21,12,.,.,.,.,.,.,.,.,.,.,.,.,.
2025,3,21,13,.,.,.,.,.,.,.,.,.,.,.,.,.
2025,3,21,15,.,.,.,.,.,.,.,.,.,.,.,.,.
2025,3,21,16,.,.,.,.,.,.,.,.,.,.,.,.,.
2025,3,21,17,.,.,.,.,.,.,.,.,.,.,.,.,.
2025,3,21,18,.,.,.,.,.,.,.,.,.,.,.,.,.
2025,3,21,19,.,.,.,.,.,.,.,.,.,.,.,.,.
2025,3,21,20,.,.,.,.,.,.,.,.,.,.,.,.,.
2025,3,21,21,.,.,.,.,.,.,.,.,.,.,.,.,.
2025,3,21,22,.,.,.,.,.,.,.,.,.,.,.,.,.
2025,3,21,23,.,.,.,.,.,.,.,.,.,.,.,.,.
2025,3,21,24,.,.,.,.,.,.,.,.,.,.,.,.,.
2025,3,21,25,.,.,.,.,.,.,.,.,.,.,.,.,.
2025,3,21,26,.,.,.,.,.,.,.,.,.,.,.,.,.
2025,3,21,27,.,.,.,.,.,.,.,.,.,.,.,.,.
2025,3,21,28,.,.,.,.,.,.,.,.,.,.,.,.,.
2025,3,21,29,.,.,.,.,.,.,.,.,.,.,.,.,.
2025,3,21,30,.,.,.,.,.,.,.,.,.,.,.,.,.
2025,3,21,31,.,.,.,.,.,.,.,.,.,.,.,.,.
2025,3,21,32,.,.,.,.,.,.,.,.,.,.,.,.,.
2025,3,21,33,.,.,.,.,.,.,.,.,.,.,.,.,.
2025,3,21,34,.,.,.,.,.,.,.,.,.,.,.,.,.
2025,3,21,35,.,.,.,.,.,.,.,.,.,.,.,.,.
2025,3,21,36,.,.,.,.,.,.,.,.,.,.,.,.,.
2025,3,21,37,.,.,.,.,.,.,.,.,.,.,.,.,.
2025,3,21,38,.,.,.,.,.,.,.,.,.,.,.,.,.
2025,3,21,39,.,.,.,.,.,.,.,.,.,.,.,.,.
2025,3,21,40,.,.,.,.,.,.,.,.,.,.,.,.,.
2025,3,21,41,.,.,.,.,.,.,.,.,.,.,.,.,.
2025,3,21,42,.,.,.,.,.,.,.,.,.,.,.,.,.
2025,3,21,44,.,.,.,.,.,.,.,.,.,.,.,.,.
2025,3,21,45,.,.,.,.,.,.,.,.,.,.,.,.,.
2025,3,21,46,.,.,.,.,.,.,.,.,.,.,.,.,.
2025,3,21,47,.,.,.,.,.,.,.,.,.,.,.,.,.
2025,3,21,48,.,.,.,.,.,.,.,.,.,.,.,.,.
2025,3,21,49,.,.,.,.,.,.,.,.,.,.,.,.,.
2025,3,21,50,.,.,.,.,.,.,.,.,.,.,.,.,.
2025,3,21,51,.,.,.,.,.,.,.,.,.,.,.,.,.
2025,3,21,53,.,.,.,.,.,.,.,.,.,.,.,.,.
2025,3,21,54,.,.,.,.,.,.,.,.,.,.,.,.,.
2025,3,21,55,.,.,.,.,.,.,.,.,.,.,.,.,.
2025,3,21,56,.,.,.,.,.,.,.,.,.,.,.,.,.
2025,3,28,1,.,.,.,.,.,.,.,.,.,.,.,.,.
2025,3,28,2,.,.,.,.,.,.,.,.,.,.,.,.,.
2025,3,28,4,.,.,.,.,.,.,.,.,.,.,.,.,.
2025,3,28,5,.,.,.,.,.,.,.,.,.,.,.,.,.
2025,3,28,6,.,.,.,.,.,.,.,.,.,.,.,.,.
2025,3,28,8,.,.,.,.,.,.,.,.,.,.,.,.,.
2025,3,28,9,.,.,.,.,.,.,.,.,.,.,.,.,.
2025,3,28,10,.,.,.,.,.,.,.,.,.,.,.,.,.
2025,3,28,11,.,.,.,.,.,.,.,.,.,.,.,.,.
2025,3,28,12,.,.,.,.,.,.,.,.,.,.,.,.,.
2025,3,28,13,.,.,.,.,.,.,.,.,.,.,.,.,.
2025,3,28,15,.,.,.,.,.,.,.,.,.,.,.,.,.
2025,3,28,16,.,.,.,.,.,.,.,.,.,.,.,.,.
2025,3,28,17,.,.,.,.,.,.,.,.,.,.,.,.,.
2025,3,28,18,.,.,.,.,.,.,.,.,.,.,.,.,.
2025,3,28,19,.,.,.,.,.,.,.,.,.,.,.,.,.
2025,3,28,20,.,.,.,.,.,.,.,.,.,.,.,.,.
2025,3,28,21,.,.,.,.,.,.,.,.,.,.,.,.,.
2025,3,28,22,.,.,.,.,.,.,.,.,.,.,.,.,.
2025,3,28,23,.,.,.,.,.,.,.,.,.,.,.,.,.
2025,3,28,24,.,.,.,.,.,.,.,.,.,.,.,.,.
2025,3,28,25,.,.,.,.,.,.,.,.,.,.,.,.,.
2025,3,28,26,.,.,.,.,.,.,.,.,.,.,.,.,.
2025,3,28,27,.,.,.,.,.,.,.,.,.,.,.,.,.
2025,3,28,28,.,.,.,.,.,.,.,.,.,.,.,.,.
2025,3,28,29,.,.,.,.,.,.,.,.,.,.,.,.,.
2025,3,28,30,.,.,.,.,.,.,.,.,.,.,.,.,.
2025,3,28,31,.,.,.,.,.,.,.,.,.,.,.,.,.
2025,3,28,32,.,.,.,.,.,.,.,.,.,.,.,.,.
2025,3,28,33,.,.,.,.,.,.,.,.,.,.,.,.,.
2025,3,28,34,.,.,.,.,.,.,.,.,.,.,.,.,.
2025,3,28,35,.,.,.,.,.,.,.,.,.,.,.,.,.
2025,3,28,36,.,.,.,.,.,.,.,.,.,.,.,.,.
2025,3,28,37,.,.,.,.,.,.,.,.,.,.,.,.,.
2025,3,28,38,.,.,.,.,.,.,.,.,.,.,.,.,.
2025,3,28,39,.,.,.,.,.,.,.,.,.,.,.,.,.
2025,3,28,40,.,.,.,.,.,.,.,.,.,.,.,.,.
2025,3,28,41,.,.,.,.,.,.,.,.,.,.,.,.,.
2025,3,28,42,.,.,.,.,.,.,.,.,.,.,.,.,.
2025,3,28,44,.,.,.,.,.,.,.,.,.,.,.,.,.
2025,3,28,45,.,.,.,.,.,.,.,.,.,.,.,.,.
2025,3,28,46,.,.,.,.,.,.,.,.,.,.,.,.,.
2025,3,28,47,.,.,.,.,.,.,.,.,.,.,.,.,.
2025,3,28,48,.,.,.,.,.,.,.,.,.,.,.,.,.
2025,3,28,49,.,.,.,.,.,.,.,.,.,.,.,.,.
2025,3,28,50,.,.,.,.,.,.,.,.,.,.,.,.,.
2025,3,28,51,.,.,.,.,.,.,.,.,.,.,.,.,.
2025,3,28,53,.,.,.,.,.,.,.,.,.,.,.,.,.
2025,3,28,54,.,.,.,.,.,.,.,.,.,.,.,.,.
2025,3,28,55,.,.,.,.,.,.,.,.,.,.,.,.,.
2025,3,28,56,.,.,.,.,.,.,.,.,.,.,.,.,.
2025,4,4,1,.,.,.,.,.,.,.,.,.,.,.,.,.
2025,4,4,2,.,.,.,.,.,.,.,.,.,.,.,.,.
2025,4,4,4,.,.,.,.,.,.,.,.,.,.,.,.,.
2025,4,4,5,.,.,.,.,.,.,.,.,.,.,.,.,.
2025,4,4,6,.,.,.,.,.,.,.,.,.,.,.,.,.
2025,4,4,8,.,.,.,.,.,.,.,.,.,.,.,.,.
2025,4,4,9,.,.,.,.,.,.,.,.,.,.,.,.,.
2025,4,4,10,.,.,.,.,.,.,.,.,.,.,.,.,.
2025,4,4,11,.,.,.,.,.,.,.,.,.,.,.,.,.
2025,4,4,12,.,.,.,.,.,.,.,.,.,.,.,.,.
2025,4,4,13,.,.,.,.,.,.,.,.,.,.,.,.,.
2025,4,4,15,.,.,.,.,.,.,.,.,.,.,.,.,.
2025,4,4,16,.,.,.,.,.,.,.,.,.,.,.,.,.
2025,4,4,17,.,.,.,.,.,.,.,.,.,.,.,.,.
2025,4,4,18,.,.,.,.,.,.,.,.,.,.,.,.,.
2025,4,4,19,.,.,.,.,.,.,.,.,.,.,.,.,.
2025,4,4,20,.,.,.,.,.,.,.,.,.,.,.,.,.
2025,4,4,21,.,.,.,.,.,.,.,.,.,.,.,.,.
2025,4,4,22,.,.,.,.,.,.,.,.,.,.,.,.,.
2025,4,4,23,.,.,.,.,.,.,.,.,.,.,.,.,.
2025,4,4,24,.,.,.,.,.,.,.,.,.,.,.,.,.
2025,4,4,25,.,.,.,.,.,.,.,.,.,.,.,.,.
2025,4,4,26,.,.,.,.,.,.,.,.,.,.,.,.,.
2025,4,4,27,.,.,.,.,.,.,.,.,.,.,.,.,.
2025,4,4,28,.,.,.,.,.,.,.,.,.,.,.,.,.
2025,4,4,29,.,.,.,.,.,.,.,.,.,.,.,.,.
2025,4,4,30,.,.,.,.,.,.,.,.,.,.,.,.,.
2025,4,4,31,.,.,.,.,.,.,.,.,.,.,.,.,.
2025,4,4,32,.,.,.,.,.,.,.,.,.,.,.,.,.
2025,4,4,33,.,.,.,.,.,.,.,.,.,.,.,.,.
2025,4,4,34,.,.,.,.,.,.,.,.,.,.,.,.,.
2025,4,4,35,.,.,.,.,.,.,.,.,.,.,.,.,.
2025,4,4,36,.,.,.,.,.,.,.,.,.,.,.,.,.
2025,4,4,37,.,.,.,.,.,.,.,.,.,.,.,.,.
2025,4,4,38,.,.,.,.,.,.,.,.,.,.,.,.,.
2025,4,4,39,.,.,.,.,.,.,.,.,.,.,.,.,.
2025,4,4,40,.,.,.,.,.,.,.,.,.,.,.,.,.
2025,4,4,41,.,.,.,.,.,.,.,.,.,.,.,.,.
2025,4,4,42,.,.,.,.,.,.,.,.,.,.,.,.,.
2025,4,4,44,.,.,.,.,.,.,.,.,.,.,.,.,.
2025,4,4,45,.,.,.,.,.,.,.,.,.,.,.,.,.
2025,4,4,46,.,.,.,.,.,.,.,.,.,.,.,.,.
2025,4,4,47,.,.,.,.,.,.,.,.,.,.,.,.,.
2025,4,4,48,.,.,.,.,.,.,.,.,.,.,.,.,.
2025,4,4,49,.,.,.,.,.,.,.,.,.,.,.,.,.
2025,4,4,50,.,.,.,.,.,.,.,.,.,.,.,.,.
2025,4,4,51,.,.,.,.,.,.,.,.,.,.,.,.,.
2025,4,4,53,.,.,.,.,.,.,.,.,.,.,.,.,.
2025,4,4,54,.,.,.,.,.,.,.,.,.,.,.,.,.
2025,4,4,55,.,.,.,.,.,.,.,.,.,.,.,.,.
2025,4,4,56,.,.,.,.,.,.,.,.,.,.,.,.,.
2025,4,11,1,.,.,.,.,.,.,.,.,.,.,.,.,.
2025,4,11,2,.,.,.,.,.,.,.,.,.,.,.,.,.
2025,4,11,4,.,.,.,.,.,.,.,.,.,.,.,.,.
2025,4,11,5,.,.,.,.,.,.,.,.,.,.,.,.,.
2025,4,11,6,.,.,.,.,.,.,.,.,.,.,.,.,.
2025,4,11,8,.,.,.,.,.,.,.,.,.,.,.,.,.
2025,4,11,9,.,.,.,.,.,.,.,.,.,.,.,.,.
2025,4,11,10,.,.,.,.,.,.,.,.,.,.,.,.,.
2025,4,11,11,.,.,.,.,.,.,.,.,.,.,.,.,.
2025,4,11,12,.,.,.,.,.,.,.,.,.,.,.,.,.
2025,4,11,13,.,.,.,.,.,.,.,.,.,.,.,.,.
2025,4,11,15,.,.,.,.,.,.,.,.,.,.,.,.,.
2025,4,11,16,.,.,.,.,.,.,.,.,.,.,.,.,.
2025,4,11,17,.,.,.,.,.,.,.,.,.,.,.,.,.
2025,4,11,18,.,.,.,.,.,.,.,.,.,.,.,.,.
2025,4,11,19,.,.,.,.,.,.,.,.,.,.,.,.,.
2025,4,11,20,.,.,.,.,.,.,.,.,.,.,.,.,.
2025,4,11,21,.,.,.,.,.,.,.,.,.,.,.,.,.
2025,4,11,22,.,.,.,.,.,.,.,.,.,.,.,.,.
2025,4,11,23,.,.,.,.,.,.,.,.,.,.,.,.,.
2025,4,11,24,.,.,.,.,.,.,.,.,.,.,.,.,.
2025,4,11,25,.,.,.,.,.,.,.,.,.,.,.,.,.
2025,4,11,26,.,.,.,.,.,.,.,.,.,.,.,.,.
2025,4,11,27,.,.,.,.,.,.,.,.,.,.,.,.,.
2025,4,11,28,.,.,.,.,.,.,.,.,.,.,.,.,.
2025,4,11,29,.,.,.,.,.,.,.,.,.,.,.,.,.
2025,4,11,30,.,.,.,.,.,.,.,.,.,.,.,.,.
2025,4,11,31,.,.,.,.,.,.,.,.,.,.,.,.,.
2025,4,11,32,.,.,.,.,.,.,.,.,.,.,.,.,.
2025,4,11,33,.,.,.,.,.,.,.,.,.,.,.,.,.
2025,4,11,34,.,.,.,.,.,.,.,.,.,.,.,.,.
2025,4,11,35,.,.,.,.,.,.,.,.,.,.,.,.,.
2025,4,11,36,.,.,.,.,.,.,.,.,.,.,.,.,.
2025,4,11,37,.,.,.,.,.,.,.,.,.,.,.,.,.
2025,4,11,38,.,.,.,.,.,.,.,.,.,.,.,.,.
2025,4,11,39,.,.,.,.,.,.,.,.,.,.,.,.,.
2025,4,11,40,.,.,.,.,.,.,.,.,.,.,.,.,.
2025,4,11,41,.,.,.,.,.,.,.,.,.,.,.,.,.
2025,4,11,42,.,.,.,.,.,.,.,.,.,.,.,.,.
2025,4,11,44,.,.,.,.,.,.,.,.,.,.,.,.,.
2025,4,11,45,.,.,.,.,.,.,.,.,.,.,.,.,.
2025,4,11,46,.,.,.,.,.,.,.,.,.,.,.,.,.
2025,4,11,47,.,.,.,.,.,.,.,.,.,.,.,.,.
2025,4,11,48,.,.,.,.,.,.,.,.,.,.,.,.,.
2025,4,11,49,.,.,.,.,.,.,.,.,.,.,.,.,.
2025,4,11,50,.,.,.,.,.,.,.,.,.,.,.,.,.
2025,4,11,51,.,.,.,.,.,.,.,.,.,.,.,.,.
2025,4,11,53,.,.,.,.,.,.,.,.,.,.,.,.,.
2025,4,11,54,.,.,.,.,.,.,.,.,.,.,.,.,.
2025,4,11,55,.,.,.,.,.,.,.,.,.,.,.,.,.
2025,4,11,56,.,.,.,.,.,.,.,.,.,.,.,.,.
2025,4,18,1,.,.,.,.,.,.,.,.,.,.,.,.,.
2025,4,18,2,.,.,.,.,.,.,.,.,.,.,.,.,.
2025,4,18,4,.,.,.,.,.,.,.,.,.,.,.,.,.
2025,4,18,5,.,.,.,.,.,.,.,.,.,.,.,.,.
2025,4,18,6,.,.,.,.,.,.,.,.,.,.,.,.,.
2025,4,18,8,.,.,.,.,.,.,.,.,.,.,.,.,.
2025,4,18,9,.,.,.,.,.,.,.,.,.,.,.,.,.
2025,4,18,10,.,.,.,.,.,.,.,.,.,.,.,.,.
2025,4,18,11,.,.,.,.,.,.,.,.,.,.,.,.,.
2025,4,18,12,.,.,.,.,.,.,.,.,.,.,.,.,.
2025,4,18,13,.,.,.,.,.,.,.,.,.,.,.,.,.
2025,4,18,15,.,.,.,.,.,.,.,.,.,.,.,.,.
2025,4,18,16,.,.,.,.,.,.,.,.,.,.,.,.,.
2025,4,18,17,.,.,.,.,.,.,.,.,.,.,.,.,.
2025,4,18,18,.,.,.,.,.,.,.,.,.,.,.,.,.
2025,4,18,19,.,.,.,.,.,.,.,.,.,.,.,.,.
2025,4,18,20,.,.,.,.,.,.,.,.,.,.,.,.,.
2025,4,18,21,.,.,.,.,.,.,.,.,.,.,.,.,.
2025,4,18,22,.,.,.,.,.,.,.,.,.,.,.,.,.
2025,4,18,23,.,.,.,.,.,.,.,.,.,.,.,.,.
2025,4,18,24,.,.,.,.,.,.,.,.,.,.,.,.,.
2025,4,18,25,.,.,.,.,.,.,.,.,.,.,.,.,.
2025,4,18,26,.,.,.,.,.,.,.,.,.,.,.,.,.
2025,4,18,27,.,.,.,.,.,.,.,.,.,.,.,.,.
2025,4,18,28,.,.,.,.,.,.,.,.,.,.,.,.,.
2025,4,18,29,.,.,.,.,.,.,.,.,.,.,.,.,.
2025,4,18,30,.,.,.,.,.,.,.,.,.,.,.,.,.
2025,4,18,31,.,.,.,.,.,.,.,.,.,.,.,.,.
2025,4,18,32,.,.,.,.,.,.,.,.,.,.,.,.,.
2025,4,18,33,.,.,.,.,.,.,.,.,.,.,.,.,.
2025,4,18,34,.,.,.,.,.,.,.,.,.,.,.,.,.
2025,4,18,35,.,.,.,.,.,.,.,.,.,.,.,.,.
2025,4,18,36,.,.,.,.,.,.,.,.,.,.,.,.,.
2025,4,18,37,.,.,.,.,.,.,.,.,.,.,.,.,.
2025,4,18,38,.,.,.,.,.,.,.,.,.,.,.,.,.
2025,4,18,39,.,.,.,.,.,.,.,.,.,.,.,.,.
2025,4,18,40,.,.,.,.,.,.,.,.,.,.,.,.,.
2025,4,18,41,.,.,.,.,.,.,.,.,.,.,.,.,.
2025,4,18,42,.,.,.,.,.,.,.,.,.,.,.,.,.
2025,4,18,44,.,.,.,.,.,.,.,.,.,.,.,.,.
2025,4,18,45,.,.,.,.,.,.,.,.,.,.,.,.,.
2025,4,18,46,.,.,.,.,.,.,.,.,.,.,.,.,.
2025,4,18,47,.,.,.,.,.,.,.,.,.,.,.,.,.
2025,4,18,48,.,.,.,.,.,.,.,.,.,.,.,.,.
2025,4,18,49,.,.,.,.,.,.,.,.,.,.,.,.,.
2025,4,18,50,.,.,.,.,.,.,.,.,.,.,.,.,.
2025,4,18,51,.,.,.,.,.,.,.,.,.,.,.,.,.
2025,4,18,53,.,.,.,.,.,.,.,.,.,.,.,.,.
2025,4,18,54,.,.,.,.,.,.,.,.,.,.,.,.,.
2025,4,18,55,.,.,.,.,.,.,.,.,.,.,.,.,.
2025,4,18,56,.,.,.,.,.,.,.,.,.,.,.,.,.
2025,4,25,1,.,.,.,.,.,.,.,.,.,.,.,.,.
2025,4,25,2,.,.,.,.,.,.,.,.,.,.,.,.,.
2025,4,25,4,.,.,.,.,.,.,.,.,.,.,.,.,.
2025,4,25,5,.,.,.,.,.,.,.,.,.,.,.,.,.
2025,4,25,6,.,.,.,.,.,.,.,.,.,.,.,.,.
2025,4,25,8,.,.,.,.,.,.,.,.,.,.,.,.,.
2025,4,25,9,.,.,.,.,.,.,.,.,.,.,.,.,.
2025,4,25,10,.,.,.,.,.,.,.,.,.,.,.,.,.
2025,4,25,11,.,.,.,.,.,.,.,.,.,.,.,.,.
2025,4,25,12,.,.,.,.,.,.,.,.,.,.,.,.,.
2025,4,25,13,.,.,.,.,.,.,.,.,.,.,.,.,.
2025,4,25,15,.,.,.,.,.,.,.,.,.,.,.,.,.
2025,4,25,16,.,.,.,.,.,.,.,.,.,.,.,.,.
2025,4,25,17,.,.,.,.,.,.,.,.,.,.,.,.,.
2025,4,25,18,.,.,.,.,.,.,.,.,.,.,.,.,.
2025,4,25,19,.,.,.,.,.,.,.,.,.,.,.,.,.
2025,4,25,20,.,.,.,.,.,.,.,.,.,.,.,.,.
2025,4,25,21,.,.,.,.,.,.,.,.,.,.,.,.,.
2025,4,25,22,.,.,.,.,.,.,.,.,.,.,.,.,.
2025,4,25,23,.,.,.,.,.,.,.,.,.,.,.,.,.
2025,4,25,24,.,.,.,.,.,.,.,.,.,.,.,.,.
2025,4,25,25,.,.,.,.,.,.,.,.,.,.,.,.,.
2025,4,25,26,.,.,.,.,.,.,.,.,.,.,.,.,.
2025,4,25,27,.,.,.,.,.,.,.,.,.,.,.,.,.
2025,4,25,28,.,.,.,.,.,.,.,.,.,.,.,.,.
2025,4,25,29,.,.,.,.,.,.,.,.,.,.,.,.,.
2025,4,25,30,.,.,.,.,.,.,.,.,.,.,.,.,.
2025,4,25,31,.,.,.,.,.,.,.,.,.,.,.,.,.
2025,4,25,32,.,.,.,.,.,.,.,.,.,.,.,.,.
2025,4,25,33,.,.,.,.,.,.,.,.,.,.,.,.,.
2025,4,25,34,.,.,.,.,.,.,.,.,.,.,.,.,.
2025,4,25,35,.,.,.,.,.,.,.,.,.,.,.,.,.
2025,4,25,36,.,.,.,.,.,.,.,.,.,.,.,.,.
2025,4,25,37,.,.,.,.,.,.,.,.,.,.,.,.,.
2025,4,25,38,.,.,.,.,.,.,.,.,.,.,.,.,.
2025,4,25,39,.,.,.,.,.,.,.,.,.,.,.,.,.
2025,4,25,40,.,.,.,.,.,.,.,.,.,.,.,.,.
2025,4,25,41,.,.,.,.,.,.,.,.,.,.,.,.,.
2025,4,25,42,.,.,.,.,.,.,.,.,.,.,.,.,.
2025,4,25,44,.,.,.,.,.,.,.,.,.,.,.,.,.
2025,4,25,45,.,.,.,.,.,.,.,.,.,.,.,.,.
2025,4,25,46,.,.,.,.,.,.,.,.,.,.,.,.,.
2025,4,25,47,.,.,.,.,.,.,.,.,.,.,.,.,.
2025,4,25,48,.,.,.,.,.,.,.,.,.,.,.,.,.
2025,4,25,49,.,.,.,.,.,.,.,.,.,.,.,.,.
2025,4,25,50,.,.,.,.,.,.,.,.,.,.,.,.,.
2025,4,25,51,.,.,.,.,.,.,.,.,.,.,.,.,.
2025,4,25,53,.,.,.,.,.,.,.,.,.,.,.,.,.
2025,4,25,54,.,.,.,.,.,.,.,.,.,.,.,.,.
2025,4,25,55,.,.,.,.,.,.,.,.,.,.,.,.,.
2025,4,25,56,.,.,.,.,.,.,.,.,.,.,.,.,.
2025,5,2,1,.,.,.,.,.,.,.,.,.,.,.,.,.
2025,5,2,2,.,.,.,.,.,.,.,.,.,.,.,.,.
2025,5,2,4,.,.,.,.,.,.,.,.,.,.,.,.,.
2025,5,2,5,.,.,.,.,.,.,.,.,.,.,.,.,.
2025,5,2,6,.,.,.,.,.,.,.,.,.,.,.,.,.
2025,5,2,8,.,.,.,.,.,.,.,.,.,.,.,.,.
2025,5,2,9,.,.,.,.,.,.,.,.,.,.,.,.,.
2025,5,2,10,.,.,.,.,.,.,.,.,.,.,.,.,.
2025,5,2,11,.,.,.,.,.,.,.,.,.,.,.,.,.
2025,5,2,12,.,.,.,.,.,.,.,.,.,.,.,.,.
2025,5,2,13,.,.,.,.,.,.,.,.,.,.,.,.,.
2025,5,2,15,.,.,.,.,.,.,.,.,.,.,.,.,.
2025,5,2,16,.,.,.,.,.,.,.,.,.,.,.,.,.
2025,5,2,17,.,.,.,.,.,.,.,.,.,.,.,.,.
2025,5,2,18,.,.,.,.,.,.,.,.,.,.,.,.,.
2025,5,2,19,.,.,.,.,.,.,.,.,.,.,.,.,.
2025,5,2,20,.,.,.,.,.,.,.,.,.,.,.,.,.
2025,5,2,21,.,.,.,.,.,.,.,.,.,.,.,.,.
2025,5,2,22,.,.,.,.,.,.,.,.,.,.,.,.,.
2025,5,2,23,.,.,.,.,.,.,.,.,.,.,.,.,.
2025,5,2,24,.,.,.,.,.,.,.,.,.,.,.,.,.
2025,5,2,25,.,.,.,.,.,.,.,.,.,.,.,.,.
2025,5,2,26,.,.,.,.,.,.,.,.,.,.,.,.,.
2025,5,2,27,.,.,.,.,.,.,.,.,.,.,.,.,.
2025,5,2,28,.,.,.,.,.,.,.,.,.,.,.,.,.
2025,5,2,29,.,.,.,.,.,.,.,.,.,.,.,.,.
2025,5,2,30,.,.,.,.,.,.,.,.,.,.,.,.,.
2025,5,2,31,.,.,.,.,.,.,.,.,.,.,.,.,.
2025,5,2,32,.,.,.,.,.,.,.,.,.,.,.,.,.
2025,5,2,33,.,.,.,.,.,.,.,.,.,.,.,.,.
2025,5,2,34,.,.,.,.,.,.,.,.,.,.,.,.,.
2025,5,2,35,.,.,.,.,.,.,.,.,.,.,.,.,.
2025,5,2,36,.,.,.,.,.,.,.,.,.,.,.,.,.
2025,5,2,37,.,.,.,.,.,.,.,.,.,.,.,.,.
2025,5,2,38,.,.,.,.,.,.,.,.,.,.,.,.,.
2025,5,2,39,.,.,.,.,.,.,.,.,.,.,.,.,.
2025,5,2,40,.,.,.,.,.,.,.,.,.,.,.,.,.
2025,5,2,41,.,.,.,.,.,.,.,.,.,.,.,.,.
2025,5,2,42,.,.,.,.,.,.,.,.,.,.,.,.,.
2025,5,2,44,.,.,.,.,.,.,.,.,.,.,.,.,.
2025,5,2,45,.,.,.,.,.,.,.,.,.,.,.,.,.
2025,5,2,46,.,.,.,.,.,.,.,.,.,.,.,.,.
2025,5,2,47,.,.,.,.,.,.,.,.,.,.,.,.,.
2025,5,2,48,.,.,.,.,.,.,.,.,.,.,.,.,.
2025,5,2,49,.,.,.,.,.,.,.,.,.,.,.,.,.
2025,5,2,50,.,.,.,.,.,.,.,.,.,.,.,.,.
2025,5,2,51,.,.,.,.,.,.,.,.,.,.,.,.,.
2025,5,2,53,.,.,.,.,.,.,.,.,.,.,.,.,.
2025,5,2,54,.,.,.,.,.,.,.,.,.,.,.,.,.
2025,5,2,55,.,.,.,.,.,.,.,.,.,.,.,.,.
2025,5,2,56,.,.,.,.,.,.,.,.,.,.,.,.,.
2025,5,9,1,.,.,.,.,.,.,.,.,.,.,.,.,.
2025,5,9,2,.,.,.,.,.,.,.,.,.,.,.,.,.
2025,5,9,4,.,.,.,.,.,.,.,.,.,.,.,.,.
2025,5,9,5,.,.,.,.,.,.,.,.,.,.,.,.,.
2025,5,9,6,.,.,.,.,.,.,.,.,.,.,.,.,.
2025,5,9,8,.,.,.,.,.,.,.,.,.,.,.,.,.
2025,5,9,9,.,.,.,.,.,.,.,.,.,.,.,.,.
2025,5,9,10,.,.,.,.,.,.,.,.,.,.,.,.,.
2025,5,9,11,.,.,.,.,.,.,.,.,.,.,.,.,.
2025,5,9,12,.,.,.,.,.,.,.,.,.,.,.,.,.
2025,5,9,13,.,.,.,.,.,.,.,.,.,.,.,.,.
2025,5,9,15,.,.,.,.,.,.,.,.,.,.,.,.,.
2025,5,9,16,.,.,.,.,.,.,.,.,.,.,.,.,.
2025,5,9,17,.,.,.,.,.,.,.,.,.,.,.,.,.
2025,5,9,18,.,.,.,.,.,.,.,.,.,.,.,.,.
2025,5,9,19,.,.,.,.,.,.,.,.,.,.,.,.,.
2025,5,9,20,.,.,.,.,.,.,.,.,.,.,.,.,.
2025,5,9,21,.,.,.,.,.,.,.,.,.,.,.,.,.
2025,5,9,22,.,.,.,.,.,.,.,.,.,.,.,.,.
2025,5,9,23,.,.,.,.,.,.,.,.,.,.,.,.,.
2025,5,9,24,.,.,.,.,.,.,.,.,.,.,.,.,.
2025,5,9,25,.,.,.,.,.,.,.,.,.,.,.,.,.
2025,5,9,26,.,.,.,.,.,.,.,.,.,.,.,.,.
2025,5,9,27,.,.,.,.,.,.,.,.,.,.,.,.,.
2025,5,9,28,.,.,.,.,.,.,.,.,.,.,.,.,.
2025,5,9,29,.,.,.,.,.,.,.,.,.,.,.,.,.
2025,5,9,30,.,.,.,.,.,.,.,.,.,.,.,.,.
2025,5,9,31,.,.,.,.,.,.,.,.,.,.,.,.,.
2025,5,9,32,.,.,.,.,.,.,.,.,.,.,.,.,.
2025,5,9,33,.,.,.,.,.,.,.,.,.,.,.,.,.
2025,5,9,34,.,.,.,.,.,.,.,.,.,.,.,.,.
2025,5,9,35,.,.,.,.,.,.,.,.,.,.,.,.,.
2025,5,9,36,.,.,.,.,.,.,.,.,.,.,.,.,.
2025,5,9,37,.,.,.,.,.,.,.,.,.,.,.,.,.
2025,5,9,38,.,.,.,.,.,.,.,.,.,.,.,.,.
2025,5,9,39,.,.,.,.,.,.,.,.,.,.,.,.,.
2025,5,9,40,.,.,.,.,.,.,.,.,.,.,.,.,.
2025,5,9,41,.,.,.,.,.,.,.,.,.,.,.,.,.
2025,5,9,42,.,.,.,.,.,.,.,.,.,.,.,.,.
2025,5,9,44,.,.,.,.,.,.,.,.,.,.,.,.,.
2025,5,9,45,.,.,.,.,.,.,.,.,.,.,.,.,.
2025,5,9,46,.,.,.,.,.,.,.,.,.,.,.,.,.
2025,5,9,47,.,.,.,.,.,.,.,.,.,.,.,.,.
2025,5,9,48,.,.,.,.,.,.,.,.,.,.,.,.,.
2025,5,9,49,.,.,.,.,.,.,.,.,.,.,.,.,.
2025,5,9,50,.,.,.,.,.,.,.,.,.,.,.,.,.
2025,5,9,51,.,.,.,.,.,.,.,.,.,.,.,.,.
2025,5,9,53,.,.,.,.,.,.,.,.,.,.,.,.,.
2025,5,9,54,.,.,.,.,.,.,.,.,.,.,.,.,.
2025,5,9,55,.,.,.,.,.,.,.,.,.,.,.,.,.
2025,5,9,56,.,.,.,.,.,.,.,.,.,.,.,.,.
2025,5,16,1,.,.,.,.,.,.,.,.,.,.,.,.,.
2025,5,16,2,.,.,.,.,.,.,.,.,.,.,.,.,.
2025,5,16,4,.,.,.,.,.,.,.,.,.,.,.,.,.
2025,5,16,5,.,.,.,.,.,.,.,.,.,.,.,.,.
2025,5,16,6,.,.,.,.,.,.,.,.,.,.,.,.,.
2025,5,16,8,.,.,.,.,.,.,.,.,.,.,.,.,.
2025,5,16,9,.,.,.,.,.,.,.,.,.,.,.,.,.
2025,5,16,10,.,.,.,.,.,.,.,.,.,.,.,.,.
2025,5,16,11,.,.,.,.,.,.,.,.,.,.,.,.,.
2025,5,16,12,.,.,.,.,.,.,.,.,.,.,.,.,.
2025,5,16,13,.,.,.,.,.,.,.,.,.,.,.,.,.
2025,5,16,15,.,.,.,.,.,.,.,.,.,.,.,.,.
2025,5,16,16,.,.,.,.,.,.,.,.,.,.,.,.,.
2025,5,16,17,.,.,.,.,.,.,.,.,.,.,.,.,.
2025,5,16,18,.,.,.,.,.,.,.,.,.,.,.,.,.
2025,5,16,19,.,.,.,.,.,.,.,.,.,.,.,.,.
2025,5,16,20,.,.,.,.,.,.,.,.,.,.,.,.,.
2025,5,16,21,.,.,.,.,.,.,.,.,.,.,.,.,.
2025,5,16,22,.,.,.,.,.,.,.,.,.,.,.,.,.
2025,5,16,23,.,.,.,.,.,.,.,.,.,.,.,.,.
2025,5,16,24,.,.,.,.,.,.,.,.,.,.,.,.,.
2025,5,16,25,.,.,.,.,.,.,.,.,.,.,.,.,.
2025,5,16,26,.,.,.,.,.,.,.,.,.,.,.,.,.
2025,5,16,27,.,.,.,.,.,.,.,.,.,.,.,.,.
2025,5,16,28,.,.,.,.,.,.,.,.,.,.,.,.,.
2025,5,16,29,.,.,.,.,.,.,.,.,.,.,.,.,.
2025,5,16,30,.,.,.,.,.,.,.,.,.,.,.,.,.
2025,5,16,31,.,.,.,.,.,.,.,.,.,.,.,.,.
2025,5,16,32,.,.,.,.,.,.,.,.,.,.,.,.,.
2025,5,16,33,.,.,.,.,.,.,.,.,.,.,.,.,.
2025,5,16,34,.,.,.,.,.,.,.,.,.,.,.,.,.
2025,5,16,35,.,.,.,.,.,.,.,.,.,.,.,.,.
2025,5,16,36,.,.,.,.,.,.,.,.,.,.,.,.,.
2025,5,16,37,.,.,.,.,.,.,.,.,.,.,.,.,.
2025,5,16,38,.,.,.,.,.,.,.,.,.,.,.,.,.
2025,5,16,39,.,.,.,.,.,.,.,.,.,.,.,.,.
2025,5,16,40,.,.,.,.,.,.,.,.,.,.,.,.,.
2025,5,16,41,.,.,.,.,.,.,.,.,.,.,.,.,.
2025,5,16,42,.,.,.,.,.,.,.,.,.,.,.,.,.
2025,5,16,44,.,.,.,.,.,.,.,.,.,.,.,.,.
2025,5,16,45,.,.,.,.,.,.,.,.,.,.,.,.,.
2025,5,16,46,.,.,.,.,.,.,.,.,.,.,.,.,.
2025,5,16,47,.,.,.,.,.,.,.,.,.,.,.,.,.
2025,5,16,48,.,.,.,.,.,.,.,.,.,.,.,.,.
2025,5,16,49,.,.,.,.,.,.,.,.,.,.,.,.,.
2025,5,16,50,.,.,.,.,.,.,.,.,.,.,.,.,.
2025,5,16,51,.,.,.,.,.,.,.,.,.,.,.,.,.
2025,5,16,53,.,.,.,.,.,.,.,.,.,.,.,.,.
2025,5,16,54,.,.,.,.,.,.,.,.,.,.,.,.,.
2025,5,16,55,.,.,.,.,.,.,.,.,.,.,.,.,.
2025,5,16,56,.,.,.,.,.,.,.,.,.,.,.,.,.
2025,5,23,1,.,.,.,.,.,.,.,.,.,.,.,.,.
2025,5,23,2,.,.,.,.,.,.,.,.,.,.,.,.,.
2025,5,23,4,.,.,.,.,.,.,.,.,.,.,.,.,.
2025,5,23,5,.,.,.,.,.,.,.,.,.,.,.,.,.
2025,5,23,6,.,.,.,.,.,.,.,.,.,.,.,.,.
2025,5,23,8,.,.,.,.,.,.,.,.,.,.,.,.,.
2025,5,23,9,.,.,.,.,.,.,.,.,.,.,.,.,.
2025,5,23,10,.,.,.,.,.,.,.,.,.,.,.,.,.
2025,5,23,11,.,.,.,.,.,.,.,.,.,.,.,.,.
2025,5,23,12,.,.,.,.,.,.,.,.,.,.,.,.,.
2025,5,23,13,.,.,.,.,.,.,.,.,.,.,.,.,.
2025,5,23,15,.,.,.,.,.,.,.,.,.,.,.,.,.
2025,5,23,16,.,.,.,.,.,.,.,.,.,.,.,.,.
2025,5,23,17,.,.,.,.,.,.,.,.,.,.,.,.,.
2025,5,23,18,.,.,.,.,.,.,.,.,.,.,.,.,.
2025,5,23,19,.,.,.,.,.,.,.,.,.,.,.,.,.
2025,5,23,20,.,.,.,.,.,.,.,.,.,.,.,.,.
2025,5,23,21,.,.,.,.,.,.,.,.,.,.,.,.,.
2025,5,23,22,.,.,.,.,.,.,.,.,.,.,.,.,.
2025,5,23,23,.,.,.,.,.,.,.,.,.,.,.,.,.
2025,5,23,24,.,.,.,.,.,.,.,.,.,.,.,.,.
2025,5,23,25,.,.,.,.,.,.,.,.,.,.,.,.,.
2025,5,23,26,.,.,.,.,.,.,.,.,.,.,.,.,.
2025,5,23,27,.,.,.,.,.,.,.,.,.,.,.,.,.
2025,5,23,28,.,.,.,.,.,.,.,.,.,.,.,.,.
2025,5,23,29,.,.,.,.,.,.,.,.,.,.,.,.,.
2025,5,23,30,.,.,.,.,.,.,.,.,.,.,.,.,.
2025,5,23,31,.,.,.,.,.,.,.,.,.,.,.,.,.
2025,5,23,32,.,.,.,.,.,.,.,.,.,.,.,.,.
2025,5,23,33,.,.,.,.,.,.,.,.,.,.,.,.,.
2025,5,23,34,.,.,.,.,.,.,.,.,.,.,.,.,.
2025,5,23,35,.,.,.,.,.,.,.,.,.,.,.,.,.
2025,5,23,36,.,.,.,.,.,.,.,.,.,.,.,.,.
2025,5,23,37,.,.,.,.,.,.,.,.,.,.,.,.,.
2025,5,23,38,.,.,.,.,.,.,.,.,.,.,.,.,.
2025,5,23,39,.,.,.,.,.,.,.,.,.,.,.,.,.
2025,5,23,40,.,.,.,.,.,.,.,.,.,.,.,.,.
2025,5,23,41,.,.,.,.,.,.,.,.,.,.,.,.,.
2025,5,23,42,.,.,.,.,.,.,.,.,.,.,.,.,.
2025,5,23,44,.,.,.,.,.,.,.,.,.,.,.,.,.
2025,5,23,45,.,.,.,.,.,.,.,.,.,.,.,.,.
2025,5,23,46,.,.,.,.,.,.,.,.,.,.,.,.,.
2025,5,23,47,.,.,.,.,.,.,.,.,.,.,.,.,.
2025,5,23,48,.,.,.,.,.,.,.,.,.,.,.,.,.
2025,5,23,49,.,.,.,.,.,.,.,.,.,.,.,.,.
2025,5,23,50,.,.,.,.,.,.,.,.,.,.,.,.,.
2025,5,23,51,.,.,.,.,.,.,.,.,.,.,.,.,.
2025,5,23,53,.,.,.,.,.,.,.,.,.,.,.,.,.
2025,5,23,54,.,.,.,.,.,.,.,.,.,.,.,.,.
2025,5,23,55,.,.,.,.,.,.,.,.,.,.,.,.,.
2025,5,23,56,.,.,.,.,.,.,.,.,.,.,.,.,.
2025,5,30,1,.,.,.,.,.,.,.,.,.,.,.,.,.
2025,5,30,2,.,.,.,.,.,.,.,.,.,.,.,.,.
2025,5,30,4,.,.,.,.,.,.,.,.,.,.,.,.,.
2025,5,30,5,.,.,.,.,.,.,.,.,.,.,.,.,.
2025,5,30,6,.,.,.,.,.,.,.,.,.,.,.,.,.
2025,5,30,8,.,.,.,.,.,.,.,.,.,.,.,.,.
2025,5,30,9,.,.,.,.,.,.,.,.,.,.,.,.,.
2025,5,30,10,.,.,.,.,.,.,.,.,.,.,.,.,.
2025,5,30,11,.,.,.,.,.,.,.,.,.,.,.,.,.
2025,5,30,12,.,.,.,.,.,.,.,.,.,.,.,.,.
2025,5,30,13,.,.,.,.,.,.,.,.,.,.,.,.,.
2025,5,30,15,.,.,.,.,.,.,.,.,.,.,.,.,.
2025,5,30,16,.,.,.,.,.,.,.,.,.,.,.,.,.
2025,5,30,17,.,.,.,.,.,.,.,.,.,.,.,.,.
2025,5,30,18,.,.,.,.,.,.,.,.,.,.,.,.,.
2025,5,30,19,.,.,.,.,.,.,.,.,.,.,.,.,.
2025,5,30,20,.,.,.,.,.,.,.,.,.,.,.,.,.
2025,5,30,21,.,.,.,.,.,.,.,.,.,.,.,.,.
2025,5,30,22,.,.,.,.,.,.,.,.,.,.,.,.,.
2025,5,30,23,.,.,.,.,.,.,.,.,.,.,.,.,.
2025,5,30,24,.,.,.,.,.,.,.,.,.,.,.,.,.
2025,5,30,25,.,.,.,.,.,.,.,.,.,.,.,.,.
2025,5,30,26,.,.,.,.,.,.,.,.,.,.,.,.,.
2025,5,30,27,.,.,.,.,.,.,.,.,.,.,.,.,.
2025,5,30,28,.,.,.,.,.,.,.,.,.,.,.,.,.
2025,5,30,29,.,.,.,.,.,.,.,.,.,.,.,.,.
2025,5,30,30,.,.,.,.,.,.,.,.,.,.,.,.,.
2025,5,30,31,.,.,.,.,.,.,.,.,.,.,.,.,.
2025,5,30,32,.,.,.,.,.,.,.,.,.,.,.,.,.
2025,5,30,33,.,.,.,.,.,.,.,.,.,.,.,.,.
2025,5,30,34,.,.,.,.,.,.,.,.,.,.,.,.,.
2025,5,30,35,.,.,.,.,.,.,.,.,.,.,.,.,.
2025,5,30,36,.,.,.,.,.,.,.,.,.,.,.,.,.
2025,5,30,37,.,.,.,.,.,.,.,.,.,.,.,.,.
2025,5,30,38,.,.,.,.,.,.,.,.,.,.,.,.,.
2025,5,30,39,.,.,.,.,.,.,.,.,.,.,.,.,.
2025,5,30,40,.,.,.,.,.,.,.,.,.,.,.,.,.
2025,5,30,41,.,.,.,.,.,.,.,.,.,.,.,.,.
2025,5,30,42,.,.,.,.,.,.,.,.,.,.,.,.,.
2025,5,30,44,.,.,.,.,.,.,.,.,.,.,.,.,.
2025,5,30,45,.,.,.,.,.,.,.,.,.,.,.,.,.
2025,5,30,46,.,.,.,.,.,.,.,.,.,.,.,.,.
2025,5,30,47,.,.,.,.,.,.,.,.,.,.,.,.,.
2025,5,30,48,.,.,.,.,.,.,.,.,.,.,.,.,.
2025,5,30,49,.,.,.,.,.,.,.,.,.,.,.,.,.
2025,5,30,50,.,.,.,.,.,.,.,.,.,.,.,.,.
2025,5,30,51,.,.,.,.,.,.,.,.,.,.,.,.,.
2025,5,30,53,.,.,.,.,.,.,.,.,.,.,.,.,.
2025,5,30,54,.,.,.,.,.,.,.,.,.,.,.,.,.
2025,5,30,55,.,.,.,.,.,.,.,.,.,.,.,.,.
2025,5,30,56,.,.,.,.,.,.,.,.,.,.,.,.,.
2025,6,6,1,.,.,.,.,.,.,.,.,.,.,.,.,.
2025,6,6,2,.,.,.,.,.,.,.,.,.,.,.,.,.
2025,6,6,4,.,.,.,.,.,.,.,.,.,.,.,.,.
2025,6,6,5,.,.,.,.,.,.,.,.,.,.,.,.,.
2025,6,6,6,.,.,.,.,.,.,.,.,.,.,.,.,.
2025,6,6,8,.,.,.,.,.,.,.,.,.,.,.,.,.
2025,6,6,9,.,.,.,.,.,.,.,.,.,.,.,.,.
2025,6,6,10,.,.,.,.,.,.,.,.,.,.,.,.,.
2025,6,6,11,.,.,.,.,.,.,.,.,.,.,.,.,.
2025,6,6,12,.,.,.,.,.,.,.,.,.,.,.,.,.
2025,6,6,13,.,.,.,.,.,.,.,.,.,.,.,.,.
2025,6,6,15,.,.,.,.,.,.,.,.,.,.,.,.,.
2025,6,6,16,.,.,.,.,.,.,.,.,.,.,.,.,.
2025,6,6,17,.,.,.,.,.,.,.,.,.,.,.,.,.
2025,6,6,18,.,.,.,.,.,.,.,.,.,.,.,.,.
2025,6,6,19,.,.,.,.,.,.,.,.,.,.,.,.,.
2025,6,6,20,.,.,.,.,.,.,.,.,.,.,.,.,.
2025,6,6,21,.,.,.,.,.,.,.,.,.,.,.,.,.
2025,6,6,22,.,.,.,.,.,.,.,.,.,.,.,.,.
2025,6,6,23,.,.,.,.,.,.,.,.,.,.,.,.,.
2025,6,6,24,.,.,.,.,.,.,.,.,.,.,.,.,.
2025,6,6,25,.,.,.,.,.,.,.,.,.,.,.,.,.
2025,6,6,26,.,.,.,.,.,.,.,.,.,.,.,.,.
2025,6,6,27,.,.,.,.,.,.,.,.,.,.,.,.,.
2025,6,6,28,.,.,.,.,.,.,.,.,.,.,.,.,.
2025,6,6,29,.,.,.,.,.,.,.,.,.,.,.,.,.
2025,6,6,30,.,.,.,.,.,.,.,.,.,.,.,.,.
2025,6,6,31,.,.,.,.,.,.,.,.,.,.,.,.,.
2025,6,6,32,.,.,.,.,.,.,.,.,.,.,.,.,.
2025,6,6,33,.,.,.,.,.,.,.,.,.,.,.,.,.
2025,6,6,34,.,.,.,.,.,.,.,.,.,.,.,.,.
2025,6,6,35,.,.,.,.,.,.,.,.,.,.,.,.,.
2025,6,6,36,.,.,.,.,.,.,.,.,.,.,.,.,.
2025,6,6,37,.,.,.,.,.,.,.,.,.,.,.,.,.
2025,6,6,38,.,.,.,.,.,.,.,.,.,.,.,.,.
2025,6,6,39,.,.,.,.,.,.,.,.,.,.,.,.,.
2025,6,6,40,.,.,.,.,.,.,.,.,.,.,.,.,.
2025,6,6,41,.,.,.,.,.,.,.,.,.,.,.,.,.
2025,6,6,42,.,.,.,.,.,.,.,.,.,.,.,.,.
2025,6,6,44,.,.,.,.,.,.,.,.,.,.,.,.,.
2025,6,6,45,.,.,.,.,.,.,.,.,.,.,.,.,.
2025,6,6,46,.,.,.,.,.,.,.,.,.,.,.,.,.
2025,6,6,47,.,.,.,.,.,.,.,.,.,.,.,.,.
2025,6,6,48,.,.,.,.,.,.,.,.,.,.,.,.,.
2025,6,6,49,.,.,.,.,.,.,.,.,.,.,.,.,.
2025,6,6,50,.,.,.,.,.,.,.,.,.,.,.,.,.
2025,6,6,51,.,.,.,.,.,.,.,.,.,.,.,.,.
2025,6,6,53,.,.,.,.,.,.,.,.,.,.,.,.,.
2025,6,6,54,.,.,.,.,.,.,.,.,.,.,.,.,.
2025,6,6,55,.,.,.,.,.,.,.,.,.,.,.,.,.
2025,6,6,56,.,.,.,.,.,.,.,.,.,.,.,.,.
2025,6,13,1,.,.,.,.,.,.,.,.,.,.,.,.,.
2025,6,13,2,.,.,.,.,.,.,.,.,.,.,.,.,.
2025,6,13,4,.,.,.,.,.,.,.,.,.,.,.,.,.
2025,6,13,5,.,.,.,.,.,.,.,.,.,.,.,.,.
2025,6,13,6,.,.,.,.,.,.,.,.,.,.,.,.,.
2025,6,13,8,.,.,.,.,.,.,.,.,.,.,.,.,.
2025,6,13,9,.,.,.,.,.,.,.,.,.,.,.,.,.
2025,6,13,10,.,.,.,.,.,.,.,.,.,.,.,.,.
2025,6,13,11,.,.,.,.,.,.,.,.,.,.,.,.,.
2025,6,13,12,.,.,.,.,.,.,.,.,.,.,.,.,.
2025,6,13,13,.,.,.,.,.,.,.,.,.,.,.,.,.
2025,6,13,15,.,.,.,.,.,.,.,.,.,.,.,.,.
2025,6,13,16,.,.,.,.,.,.,.,.,.,.,.,.,.
2025,6,13,17,.,.,.,.,.,.,.,.,.,.,.,.,.
2025,6,13,18,.,.,.,.,.,.,.,.,.,.,.,.,.
2025,6,13,19,.,.,.,.,.,.,.,.,.,.,.,.,.
2025,6,13,20,.,.,.,.,.,.,.,.,.,.,.,.,.
2025,6,13,21,.,.,.,.,.,.,.,.,.,.,.,.,.
2025,6,13,22,.,.,.,.,.,.,.,.,.,.,.,.,.
2025,6,13,23,.,.,.,.,.,.,.,.,.,.,.,.,.
2025,6,13,24,.,.,.,.,.,.,.,.,.,.,.,.,.
2025,6,13,25,.,.,.,.,.,.,.,.,.,.,.,.,.
2025,6,13,26,.,.,.,.,.,.,.,.,.,.,.,.,.
2025,6,13,27,.,.,.,.,.,.,.,.,.,.,.,.,.
2025,6,13,28,.,.,.,.,.,.,.,.,.,.,.,.,.
2025,6,13,29,.,.,.,.,.,.,.,.,.,.,.,.,.
2025,6,13,30,.,.,.,.,.,.,.,.,.,.,.,.,.
2025,6,13,31,.,.,.,.,.,.,.,.,.,.,.,.,.
2025,6,13,32,.,.,.,.,.,.,.,.,.,.,.,.,.
2025,6,13,33,.,.,.,.,.,.,.,.,.,.,.,.,.
2025,6,13,34,.,.,.,.,.,.,.,.,.,.,.,.,.
2025,6,13,35,.,.,.,.,.,.,.,.,.,.,.,.,.
2025,6,13,36,.,.,.,.,.,.,.,.,.,.,.,.,.
2025,6,13,37,.,.,.,.,.,.,.,.,.,.,.,.,.
2025,6,13,38,.,.,.,.,.,.,.,.,.,.,.,.,.
2025,6,13,39,.,.,.,.,.,.,.,.,.,.,.,.,.
2025,6,13,40,.,.,.,.,.,.,.,.,.,.,.,.,.
2025,6,13,41,.,.,.,.,.,.,.,.,.,.,.,.,.
2025,6,13,42,.,.,.,.,.,.,.,.,.,.,.,.,.
2025,6,13,44,.,.,.,.,.,.,.,.,.,.,.,.,.
2025,6,13,45,.,.,.,.,.,.,.,.,.,.,.,.,.
2025,6,13,46,.,.,.,.,.,.,.,.,.,.,.,.,.
2025,6,13,47,.,.,.,.,.,.,.,.,.,.,.,.,.
2025,6,13,48,.,.,.,.,.,.,.,.,.,.,.,.,.
2025,6,13,49,.,.,.,.,.,.,.,.,.,.,.,.,.
2025,6,13,50,.,.,.,.,.,.,.,.,.,.,.,.,.
2025,6,13,51,.,.,.,.,.,.,.,.,.,.,.,.,.
2025,6,13,53,.,.,.,.,.,.,.,.,.,.,.,.,.
2025,6,13,54,.,.,.,.,.,.,.,.,.,.,.,.,.
2025,6,13,55,.,.,.,.,.,.,.,.,.,.,.,.,.
2025,6,13,56,.,.,.,.,.,.,.,.,.,.,.,.,.
2025,6,20,1,.,.,.,.,.,.,.,.,.,.,.,.,.
2025,6,20,2,.,.,.,.,.,.,.,.,.,.,.,.,.
2025,6,20,4,.,.,.,.,.,.,.,.,.,.,.,.,.
2025,6,20,5,.,.,.,.,.,.,.,.,.,.,.,.,.
2025,6,20,6,.,.,.,.,.,.,.,.,.,.,.,.,.
2025,6,20,8,.,.,.,.,.,.,.,.,.,.,.,.,.
2025,6,20,9,.,.,.,.,.,.,.,.,.,.,.,.,.
2025,6,20,10,.,.,.,.,.,.,.,.,.,.,.,.,.
2025,6,20,11,.,.,.,.,.,.,.,.,.,.,.,.,.
2025,6,20,12,.,.,.,.,.,.,.,.,.,.,.,.,.
2025,6,20,13,.,.,.,.,.,.,.,.,.,.,.,.,.
2025,6,20,15,.,.,.,.,.,.,.,.,.,.,.,.,.
2025,6,20,16,.,.,.,.,.,.,.,.,.,.,.,.,.
2025,6,20,17,.,.,.,.,.,.,.,.,.,.,.,.,.
2025,6,20,18,.,.,.,.,.,.,.,.,.,.,.,.,.
2025,6,20,19,.,.,.,.,.,.,.,.,.,.,.,.,.
2025,6,20,20,.,.,.,.,.,.,.,.,.,.,.,.,.
2025,6,20,21,.,.,.,.,.,.,.,.,.,.,.,.,.
2025,6,20,22,.,.,.,.,.,.,.,.,.,.,.,.,.
2025,6,20,23,.,.,.,.,.,.,.,.,.,.,.,.,.
2025,6,20,24,.,.,.,.,.,.,.,.,.,.,.,.,.
2025,6,20,25,.,.,.,.,.,.,.,.,.,.,.,.,.
2025,6,20,26,.,.,.,.,.,.,.,.,.,.,.,.,.
2025,6,20,27,.,.,.,.,.,.,.,.,.,.,.,.,.
2025,6,20,28,.,.,.,.,.,.,.,.,.,.,.,.,.
2025,6,20,29,.,.,.,.,.,.,.,.,.,.,.,.,.
2025,6,20,30,.,.,.,.,.,.,.,.,.,.,.,.,.
2025,6,20,31,.,.,.,.,.,.,.,.,.,.,.,.,.
2025,6,20,32,.,.,.,.,.,.,.,.,.,.,.,.,.
2025,6,20,33,.,.,.,.,.,.,.,.,.,.,.,.,.
2025,6,20,34,.,.,.,.,.,.,.,.,.,.,.,.,.
2025,6,20,35,.,.,.,.,.,.,.,.,.,.,.,.,.
2025,6,20,36,.,.,.,.,.,.,.,.,.,.,.,.,.
2025,6,20,37,.,.,.,.,.,.,.,.,.,.,.,.,.
2025,6,20,38,.,.,.,.,.,.,.,.,.,.,.,.,.
2025,6,20,39,.,.,.,.,.,.,.,.,.,.,.,.,.
2025,6,20,40,.,.,.,.,.,.,.,.,.,.,.,.,.
2025,6,20,41,.,.,.,.,.,.,.,.,.,.,.,.,.
2025,6,20,42,.,.,.,.,.,.,.,.,.,.,.,.,.
2025,6,20,44,.,.,.,.,.,.,.,.,.,.,.,.,.
2025,6,20,45,.,.,.,.,.,.,.,.,.,.,.,.,.
2025,6,20,46,.,.,.,.,.,.,.,.,.,.,.,.,.
2025,6,20,47,.,.,.,.,.,.,.,.,.,.,.,.,.
2025,6,20,48,.,.,.,.,.,.,.,.,.,.,.,.,.
2025,6,20,49,.,.,.,.,.,.,.,.,.,.,.,.,.
2025,6,20,50,.,.,.,.,.,.,.,.,.,.,.,.,.
2025,6,20,51,.,.,.,.,.,.,.,.,.,.,.,.,.
2025,6,20,53,.,.,.,.,.,.,.,.,.,.,.,.,.
2025,6,20,54,.,.,.,.,.,.,.,.,.,.,.,.,.
2025,6,20,55,.,.,.,.,.,.,.,.,.,.,.,.,.
2025,6,20,56,.,.,.,.,.,.,.,.,.,.,.,.,.
2025,6,27,1,.,.,.,.,.,.,.,.,.,.,.,.,.
2025,6,27,2,.,.,.,.,.,.,.,.,.,.,.,.,.
2025,6,27,4,.,.,.,.,.,.,.,.,.,.,.,.,.
2025,6,27,5,.,.,.,.,.,.,.,.,.,.,.,.,.
2025,6,27,6,.,.,.,.,.,.,.,.,.,.,.,.,.
2025,6,27,8,.,.,.,.,.,.,.,.,.,.,.,.,.
2025,6,27,9,.,.,.,.,.,.,.,.,.,.,.,.,.
2025,6,27,10,.,.,.,.,.,.,.,.,.,.,.,.,.
2025,6,27,11,.,.,.,.,.,.,.,.,.,.,.,.,.
2025,6,27,12,.,.,.,.,.,.,.,.,.,.,.,.,.
2025,6,27,13,.,.,.,.,.,.,.,.,.,.,.,.,.
2025,6,27,15,.,.,.,.,.,.,.,.,.,.,.,.,.
2025,6,27,16,.,.,.,.,.,.,.,.,.,.,.,.,.
2025,6,27,17,.,.,.,.,.,.,.,.,.,.,.,.,.
2025,6,27,18,.,.,.,.,.,.,.,.,.,.,.,.,.
2025,6,27,19,.,.,.,.,.,.,.,.,.,.,.,.,.
2025,6,27,20,.,.,.,.,.,.,.,.,.,.,.,.,.
2025,6,27,21,.,.,.,.,.,.,.,.,.,.,.,.,.
2025,6,27,22,.,.,.,.,.,.,.,.,.,.,.,.,.
2025,6,27,23,.,.,.,.,.,.,.,.,.,.,.,.,.
2025,6,27,24,.,.,.,.,.,.,.,.,.,.,.,.,.
2025,6,27,25,.,.,.,.,.,.,.,.,.,.,.,.,.
2025,6,27,26,.,.,.,.,.,.,.,.,.,.,.,.,.
2025,6,27,27,.,.,.,.,.,.,.,.,.,.,.,.,.
2025,6,27,28,.,.,.,.,.,.,.,.,.,.,.,.,.
2025,6,27,29,.,.,.,.,.,.,.,.,.,.,.,.,.
2025,6,27,30,.,.,.,.,.,.,.,.,.,.,.,.,.
2025,6,27,31,.,.,.,.,.,.,.,.,.,.,.,.,.
2025,6,27,32,.,.,.,.,.,.,.,.,.,.,.,.,.
2025,6,27,33,.,.,.,.,.,.,.,.,.,.,.,.,.
2025,6,27,34,.,.,.,.,.,.,.,.,.,.,.,.,.
2025,6,27,35,.,.,.,.,.,.,.,.,.,.,.,.,.
2025,6,27,36,.,.,.,.,.,.,.,.,.,.,.,.,.
2025,6,27,37,.,.,.,.,.,.,.,.,.,.,.,.,.
2025,6,27,38,.,.,.,.,.,.,.,.,.,.,.,.,.
2025,6,27,39,.,.,.,.,.,.,.,.,.,.,.,.,.
2025,6,27,40,.,.,.,.,.,.,.,.,.,.,.,.,.
2025,6,27,41,.,.,.,.,.,.,.,.,.,.,.,.,.
2025,6,27,42,.,.,.,.,.,.,.,.,.,.,.,.,.
2025,6,27,44,.,.,.,.,.,.,.,.,.,.,.,.,.
2025,6,27,45,.,.,.,.,.,.,.,.,.,.,.,.,.
2025,6,27,46,.,.,.,.,.,.,.,.,.,.,.,.,.
2025,6,27,47,.,.,.,.,.,.,.,.,.,.,.,.,.
2025,6,27,48,.,.,.,.,.,.,.,.,.,.,.,.,.
2025,6,27,49,.,.,.,.,.,.,.,.,.,.,.,.,.
2025,6,27,50,.,.,.,.,.,.,.,.,.,.,.,.,.
2025,6,27,51,.,.,.,.,.,.,.,.,.,.,.,.,.
2025,6,27,53,.,.,.,.,.,.,.,.,.,.,.,.,.
2025,6,27,54,.,.,.,.,.,.,.,.,.,.,.,.,.
2025,6,27,55,.,.,.,.,.,.,.,.,.,.,.,.,.
2025,6,27,56,.,.,.,.,.,.,.,.,.,.,.,.,.
2025,7,4,1,.,.,.,.,.,.,.,.,.,.,.,.,.
2025,7,4,2,.,.,.,.,.,.,.,.,.,.,.,.,.
2025,7,4,4,.,.,.,.,.,.,.,.,.,.,.,.,.
2025,7,4,5,.,.,.,.,.,.,.,.,.,.,.,.,.
2025,7,4,6,.,.,.,.,.,.,.,.,.,.,.,.,.
2025,7,4,8,.,.,.,.,.,.,.,.,.,.,.,.,.
2025,7,4,9,.,.,.,.,.,.,.,.,.,.,.,.,.
2025,7,4,10,.,.,.,.,.,.,.,.,.,.,.,.,.
2025,7,4,11,.,.,.,.,.,.,.,.,.,.,.,.,.
2025,7,4,12,.,.,.,.,.,.,.,.,.,.,.,.,.
2025,7,4,13,.,.,.,.,.,.,.,.,.,.,.,.,.
2025,7,4,15,.,.,.,.,.,.,.,.,.,.,.,.,.
2025,7,4,16,.,.,.,.,.,.,.,.,.,.,.,.,.
2025,7,4,17,.,.,.,.,.,.,.,.,.,.,.,.,.
2025,7,4,18,.,.,.,.,.,.,.,.,.,.,.,.,.
2025,7,4,19,.,.,.,.,.,.,.,.,.,.,.,.,.
2025,7,4,20,.,.,.,.,.,.,.,.,.,.,.,.,.
2025,7,4,21,.,.,.,.,.,.,.,.,.,.,.,.,.
2025,7,4,22,.,.,.,.,.,.,.,.,.,.,.,.,.
2025,7,4,23,.,.,.,.,.,.,.,.,.,.,.,.,.
2025,7,4,24,.,.,.,.,.,.,.,.,.,.,.,.,.
2025,7,4,25,.,.,.,.,.,.,.,.,.,.,.,.,.
2025,7,4,26,.,.,.,.,.,.,.,.,.,.,.,.,.
2025,7,4,27,.,.,.,.,.,.,.,.,.,.,.,.,.
2025,7,4,28,.,.,.,.,.,.,.,.,.,.,.,.,.
2025,7,4,29,.,.,.,.,.,.,.,.,.,.,.,.,.
2025,7,4,30,.,.,.,.,.,.,.,.,.,.,.,.,.
2025,7,4,31,.,.,.,.,.,.,.,.,.,.,.,.,.
2025,7,4,32,.,.,.,.,.,.,.,.,.,.,.,.,.
2025,7,4,33,.,.,.,.,.,.,.,.,.,.,.,.,.
2025,7,4,34,.,.,.,.,.,.,.,.,.,.,.,.,.
2025,7,4,35,.,.,.,.,.,.,.,.,.,.,.,.,.
2025,7,4,36,.,.,.,.,.,.,.,.,.,.,.,.,.
2025,7,4,37,.,.,.,.,.,.,.,.,.,.,.,.,.
2025,7,4,38,.,.,.,.,.,.,.,.,.,.,.,.,.
2025,7,4,39,.,.,.,.,.,.,.,.,.,.,.,.,.
2025,7,4,40,.,.,.,.,.,.,.,.,.,.,.,.,.
2025,7,4,41,.,.,.,.,.,.,.,.,.,.,.,.,.
2025,7,4,42,.,.,.,.,.,.,.,.,.,.,.,.,.
2025,7,4,44,.,.,.,.,.,.,.,.,.,.,.,.,.
2025,7,4,45,.,.,.,.,.,.,.,.,.,.,.,.,.
2025,7,4,46,.,.,.,.,.,.,.,.,.,.,.,.,.
2025,7,4,47,.,.,.,.,.,.,.,.,.,.,.,.,.
2025,7,4,48,.,.,.,.,.,.,.,.,.,.,.,.,.
2025,7,4,49,.,.,.,.,.,.,.,.,.,.,.,.,.
2025,7,4,50,.,.,.,.,.,.,.,.,.,.,.,.,.
2025,7,4,51,.,.,.,.,.,.,.,.,.,.,.,.,.
2025,7,4,53,.,.,.,.,.,.,.,.,.,.,.,.,.
2025,7,4,54,.,.,.,.,.,.,.,.,.,.,.,.,.
2025,7,4,55,.,.,.,.,.,.,.,.,.,.,.,.,.
2025,7,4,56,.,.,.,.,.,.,.,.,.,.,.,.,.
2025,7,11,1,.,.,.,.,.,.,.,.,.,.,.,.,.
2025,7,11,2,.,.,.,.,.,.,.,.,.,.,.,.,.
2025,7,11,4,.,.,.,.,.,.,.,.,.,.,.,.,.
2025,7,11,5,.,.,.,.,.,.,.,.,.,.,.,.,.
2025,7,11,6,.,.,.,.,.,.,.,.,.,.,.,.,.
2025,7,11,8,.,.,.,.,.,.,.,.,.,.,.,.,.
2025,7,11,9,.,.,.,.,.,.,.,.,.,.,.,.,.
2025,7,11,10,.,.,.,.,.,.,.,.,.,.,.,.,.
2025,7,11,11,.,.,.,.,.,.,.,.,.,.,.,.,.
2025,7,11,12,.,.,.,.,.,.,.,.,.,.,.,.,.
2025,7,11,13,.,.,.,.,.,.,.,.,.,.,.,.,.
2025,7,11,15,.,.,.,.,.,.,.,.,.,.,.,.,.
2025,7,11,16,.,.,.,.,.,.,.,.,.,.,.,.,.
2025,7,11,17,.,.,.,.,.,.,.,.,.,.,.,.,.
2025,7,11,18,.,.,.,.,.,.,.,.,.,.,.,.,.
2025,7,11,19,.,.,.,.,.,.,.,.,.,.,.,.,.
2025,7,11,20,.,.,.,.,.,.,.,.,.,.,.,.,.
2025,7,11,21,.,.,.,.,.,.,.,.,.,.,.,.,.
2025,7,11,22,.,.,.,.,.,.,.,.,.,.,.,.,.
2025,7,11,23,.,.,.,.,.,.,.,.,.,.,.,.,.
2025,7,11,24,.,.,.,.,.,.,.,.,.,.,.,.,.
2025,7,11,25,.,.,.,.,.,.,.,.,.,.,.,.,.
2025,7,11,26,.,.,.,.,.,.,.,.,.,.,.,.,.
2025,7,11,27,.,.,.,.,.,.,.,.,.,.,.,.,.
2025,7,11,28,.,.,.,.,.,.,.,.,.,.,.,.,.
2025,7,11,29,.,.,.,.,.,.,.,.,.,.,.,.,.
2025,7,11,30,.,.,.,.,.,.,.,.,.,.,.,.,.
2025,7,11,31,.,.,.,.,.,.,.,.,.,.,.,.,.
2025,7,11,32,.,.,.,.,.,.,.,.,.,.,.,.,.
2025,7,11,33,.,.,.,.,.,.,.,.,.,.,.,.,.
2025,7,11,34,.,.,.,.,.,.,.,.,.,.,.,.,.
2025,7,11,35,.,.,.,.,.,.,.,.,.,.,.,.,.
2025,7,11,36,.,.,.,.,.,.,.,.,.,.,.,.,.
2025,7,11,37,.,.,.,.,.,.,.,.,.,.,.,.,.
2025,7,11,38,.,.,.,.,.,.,.,.,.,.,.,.,.
2025,7,11,39,.,.,.,.,.,.,.,.,.,.,.,.,.
2025,7,11,40,.,.,.,.,.,.,.,.,.,.,.,.,.
2025,7,11,41,.,.,.,.,.,.,.,.,.,.,.,.,.
2025,7,11,42,.,.,.,.,.,.,.,.,.,.,.,.,.
2025,7,11,44,.,.,.,.,.,.,.,.,.,.,.,.,.
2025,7,11,45,.,.,.,.,.,.,.,.,.,.,.,.,.
2025,7,11,46,.,.,.,.,.,.,.,.,.,.,.,.,.
2025,7,11,47,.,.,.,.,.,.,.,.,.,.,.,.,.
2025,7,11,48,.,.,.,.,.,.,.,.,.,.,.,.,.
2025,7,11,49,.,.,.,.,.,.,.,.,.,.,.,.,.
2025,7,11,50,.,.,.,.,.,.,.,.,.,.,.,.,.
2025,7,11,51,.,.,.,.,.,.,.,.,.,.,.,.,.
2025,7,11,53,.,.,.,.,.,.,.,.,.,.,.,.,.
2025,7,11,54,.,.,.,.,.,.,.,.,.,.,.,.,.
2025,7,11,55,.,.,.,.,.,.,.,.,.,.,.,.,.
2025,7,11,56,.,.,.,.,.,.,.,.,.,.,.,.,.
2025,7,18,1,.,.,.,.,.,.,.,.,.,.,.,.,.
2025,7,18,2,.,.,.,.,.,.,.,.,.,.,.,.,.
2025,7,18,4,.,.,.,.,.,.,.,.,.,.,.,.,.
2025,7,18,5,.,.,.,.,.,.,.,.,.,.,.,.,.
2025,7,18,6,.,.,.,.,.,.,.,.,.,.,.,.,.
2025,7,18,8,.,.,.,.,.,.,.,.,.,.,.,.,.
2025,7,18,9,.,.,.,.,.,.,.,.,.,.,.,.,.
2025,7,18,10,.,.,.,.,.,.,.,.,.,.,.,.,.
2025,7,18,11,.,.,.,.,.,.,.,.,.,.,.,.,.
2025,7,18,12,.,.,.,.,.,.,.,.,.,.,.,.,.
2025,7,18,13,.,.,.,.,.,.,.,.,.,.,.,.,.
2025,7,18,15,.,.,.,.,.,.,.,.,.,.,.,.,.
2025,7,18,16,.,.,.,.,.,.,.,.,.,.,.,.,.
2025,7,18,17,.,.,.,.,.,.,.,.,.,.,.,.,.
2025,7,18,18,.,.,.,.,.,.,.,.,.,.,.,.,.
2025,7,18,19,.,.,.,.,.,.,.,.,.,.,.,.,.
2025,7,18,20,.,.,.,.,.,.,.,.,.,.,.,.,.
2025,7,18,21,.,.,.,.,.,.,.,.,.,.,.,.,.
2025,7,18,22,.,.,.,.,.,.,.,.,.,.,.,.,.
2025,7,18,23,.,.,.,.,.,.,.,.,.,.,.,.,.
2025,7,18,24,.,.,.,.,.,.,.,.,.,.,.,.,.
2025,7,18,25,.,.,.,.,.,.,.,.,.,.,.,.,.
2025,7,18,26,.,.,.,.,.,.,.,.,.,.,.,.,.
2025,7,18,27,.,.,.,.,.,.,.,.,.,.,.,.,.
2025,7,18,28,.,.,.,.,.,.,.,.,.,.,.,.,.
2025,7,18,29,.,.,.,.,.,.,.,.,.,.,.,.,.
2025,7,18,30,.,.,.,.,.,.,.,.,.,.,.,.,.
2025,7,18,31,.,.,.,.,.,.,.,.,.,.,.,.,.
2025,7,18,32,.,.,.,.,.,.,.,.,.,.,.,.,.
2025,7,18,33,.,.,.,.,.,.,.,.,.,.,.,.,.
2025,7,18,34,.,.,.,.,.,.,.,.,.,.,.,.,.
2025,7,18,35,.,.,.,.,.,.,.,.,.,.,.,.,.
2025,7,18,36,.,.,.,.,.,.,.,.,.,.,.,.,.
2025,7,18,37,.,.,.,.,.,.,.,.,.,.,.,.,.
2025,7,18,38,.,.,.,.,.,.,.,.,.,.,.,.,.
2025,7,18,39,.,.,.,.,.,.,.,.,.,.,.,.,.
2025,7,18,40,.,.,.,.,.,.,.,.,.,.,.,.,.
2025,7,18,41,.,.,.,.,.,.,.,.,.,.,.,.,.
2025,7,18,42,.,.,.,.,.,.,.,.,.,.,.,.,.
2025,7,18,44,.,.,.,.,.,.,.,.,.,.,.,.,.
2025,7,18,45,.,.,.,.,.,.,.,.,.,.,.,.,.
2025,7,18,46,.,.,.,.,.,.,.,.,.,.,.,.,.
2025,7,18,47,.,.,.,.,.,.,.,.,.,.,.,.,.
2025,7,18,48,.,.,.,.,.,.,.,.,.,.,.,.,.
2025,7,18,49,.,.,.,.,.,.,.,.,.,.,.,.,.
2025,7,18,50,.,.,.,.,.,.,.,.,.,.,.,.,.
2025,7,18,51,.,.,.,.,.,.,.,.,.,.,.,.,.
2025,7,18,53,.,.,.,.,.,.,.,.,.,.,.,.,.
2025,7,18,54,.,.,.,.,.,.,.,.,.,.,.,.,.
2025,7,18,55,.,.,.,.,.,.,.,.,.,.,.,.,.
2025,7,18,56,.,.,.,.,.,.,.,.,.,.,.,.,.
2025,7,25,1,.,.,.,.,.,.,.,.,.,.,.,.,.
2025,7,25,2,.,.,.,.,.,.,.,.,.,.,.,.,.
2025,7,25,4,.,.,.,.,.,.,.,.,.,.,.,.,.
2025,7,25,5,.,.,.,.,.,.,.,.,.,.,.,.,.
2025,7,25,6,.,.,.,.,.,.,.,.,.,.,.,.,.
2025,7,25,8,.,.,.,.,.,.,.,.,.,.,.,.,.
2025,7,25,9,.,.,.,.,.,.,.,.,.,.,.,.,.
2025,7,25,10,.,.,.,.,.,.,.,.,.,.,.,.,.
2025,7,25,11,.,.,.,.,.,.,.,.,.,.,.,.,.
2025,7,25,12,.,.,.,.,.,.,.,.,.,.,.,.,.
2025,7,25,13,.,.,.,.,.,.,.,.,.,.,.,.,.
2025,7,25,15,.,.,.,.,.,.,.,.,.,.,.,.,.
2025,7,25,16,.,.,.,.,.,.,.,.,.,.,.,.,.
2025,7,25,17,.,.,.,.,.,.,.,.,.,.,.,.,.
2025,7,25,18,.,.,.,.,.,.,.,.,.,.,.,.,.
2025,7,25,19,.,.,.,.,.,.,.,.,.,.,.,.,.
2025,7,25,20,.,.,.,.,.,.,.,.,.,.,.,.,.
2025,7,25,21,.,.,.,.,.,.,.,.,.,.,.,.,.
2025,7,25,22,.,.,.,.,.,.,.,.,.,.,.,.,.
2025,7,25,23,.,.,.,.,.,.,.,.,.,.,.,.,.
2025,7,25,24,.,.,.,.,.,.,.,.,.,.,.,.,.
2025,7,25,25,.,.,.,.,.,.,.,.,.,.,.,.,.
2025,7,25,26,.,.,.,.,.,.,.,.,.,.,.,.,.
2025,7,25,27,.,.,.,.,.,.,.,.,.,.,.,.,.
2025,7,25,28,.,.,.,.,.,.,.,.,.,.,.,.,.
2025,7,25,29,.,.,.,.,.,.,.,.,.,.,.,.,.
2025,7,25,30,.,.,.,.,.,.,.,.,.,.,.,.,.
2025,7,25,31,.,.,.,.,.,.,.,.,.,.,.,.,.
2025,7,25,32,.,.,.,.,.,.,.,.,.,.,.,.,.
2025,7,25,33,.,.,.,.,.,.,.,.,.,.,.,.,.
2025,7,25,34,.,.,.,.,.,.,.,.,.,.,.,.,.
2025,7,25,35,.,.,.,.,.,.,.,.,.,.,.,.,.
2025,7,25,36,.,.,.,.,.,.,.,.,.,.,.,.,.
2025,7,25,37,.,.,.,.,.,.,.,.,.,.,.,.,.
2025,7,25,38,.,.,.,.,.,.,.,.,.,.,.,.,.
2025,7,25,39,.,.,.,.,.,.,.,.,.,.,.,.,.
2025,7,25,40,.,.,.,.,.,.,.,.,.,.,.,.,.
2025,7,25,41,.,.,.,.,.,.,.,.,.,.,.,.,.
2025,7,25,42,.,.,.,.,.,.,.,.,.,.,.,.,.
2025,7,25,44,.,.,.,.,.,.,.,.,.,.,.,.,.
2025,7,25,45,.,.,.,.,.,.,.,.,.,.,.,.,.
2025,7,25,46,.,.,.,.,.,.,.,.,.,.,.,.,.
2025,7,25,47,.,.,.,.,.,.,.,.,.,.,.,.,.
2025,7,25,48,.,.,.,.,.,.,.,.,.,.,.,.,.
2025,7,25,49,.,.,.,.,.,.,.,.,.,.,.,.,.
2025,7,25,50,.,.,.,.,.,.,.,.,.,.,.,.,.
2025,7,25,51,.,.,.,.,.,.,.,.,.,.,.,.,.
2025,7,25,53,.,.,.,.,.,.,.,.,.,.,.,.,.
2025,7,25,54,.,.,.,.,.,.,.,.,.,.,.,.,.
2025,7,25,55,.,.,.,.,.,.,.,.,.,.,.,.,.
2025,7,25,56,.,.,.,.,.,.,.,.,.,.,.,.,.
2025,8,1,1,.,.,.,.,.,.,.,.,.,.,.,.,.
2025,8,1,2,.,.,.,.,.,.,.,.,.,.,.,.,.
2025,8,1,4,.,.,.,.,.,.,.,.,.,.,.,.,.
2025,8,1,5,.,.,.,.,.,.,.,.,.,.,.,.,.
2025,8,1,6,.,.,.,.,.,.,.,.,.,.,.,.,.
2025,8,1,8,.,.,.,.,.,.,.,.,.,.,.,.,.
2025,8,1,9,.,.,.,.,.,.,.,.,.,.,.,.,.
2025,8,1,10,.,.,.,.,.,.,.,.,.,.,.,.,.
2025,8,1,11,.,.,.,.,.,.,.,.,.,.,.,.,.
2025,8,1,12,.,.,.,.,.,.,.,.,.,.,.,.,.
2025,8,1,13,.,.,.,.,.,.,.,.,.,.,.,.,.
2025,8,1,15,.,.,.,.,.,.,.,.,.,.,.,.,.
2025,8,1,16,.,.,.,.,.,.,.,.,.,.,.,.,.
2025,8,1,17,.,.,.,.,.,.,.,.,.,.,.,.,.
2025,8,1,18,.,.,.,.,.,.,.,.,.,.,.,.,.
2025,8,1,19,.,.,.,.,.,.,.,.,.,.,.,.,.
2025,8,1,20,.,.,.,.,.,.,.,.,.,.,.,.,.
2025,8,1,21,.,.,.,.,.,.,.,.,.,.,.,.,.
2025,8,1,22,.,.,.,.,.,.,.,.,.,.,.,.,.
2025,8,1,23,.,.,.,.,.,.,.,.,.,.,.,.,.
2025,8,1,24,.,.,.,.,.,.,.,.,.,.,.,.,.
2025,8,1,25,.,.,.,.,.,.,.,.,.,.,.,.,.
2025,8,1,26,.,.,.,.,.,.,.,.,.,.,.,.,.
2025,8,1,27,.,.,.,.,.,.,.,.,.,.,.,.,.
2025,8,1,28,.,.,.,.,.,.,.,.,.,.,.,.,.
2025,8,1,29,.,.,.,.,.,.,.,.,.,.,.,.,.
2025,8,1,30,.,.,.,.,.,.,.,.,.,.,.,.,.
2025,8,1,31,.,.,.,.,.,.,.,.,.,.,.,.,.
2025,8,1,32,.,.,.,.,.,.,.,.,.,.,.,.,.
2025,8,1,33,.,.,.,.,.,.,.,.,.,.,.,.,.
2025,8,1,34,.,.,.,.,.,.,.,.,.,.,.,.,.
2025,8,1,35,.,.,.,.,.,.,.,.,.,.,.,.,.
2025,8,1,36,.,.,.,.,.,.,.,.,.,.,.,.,.
2025,8,1,37,.,.,.,.,.,.,.,.,.,.,.,.,.
2025,8,1,38,.,.,.,.,.,.,.,.,.,.,.,.,.
2025,8,1,39,.,.,.,.,.,.,.,.,.,.,.,.,.
2025,8,1,40,.,.,.,.,.,.,.,.,.,.,.,.,.
2025,8,1,41,.,.,.,.,.,.,.,.,.,.,.,.,.
2025,8,1,42,.,.,.,.,.,.,.,.,.,.,.,.,.
2025,8,1,44,.,.,.,.,.,.,.,.,.,.,.,.,.
2025,8,1,45,.,.,.,.,.,.,.,.,.,.,.,.,.
2025,8,1,46,.,.,.,.,.,.,.,.,.,.,.,.,.
2025,8,1,47,.,.,.,.,.,.,.,.,.,.,.,.,.
2025,8,1,48,.,.,.,.,.,.,.,.,.,.,.,.,.
2025,8,1,49,.,.,.,.,.,.,.,.,.,.,.,.,.
2025,8,1,50,.,.,.,.,.,.,.,.,.,.,.,.,.
2025,8,1,51,.,.,.,.,.,.,.,.,.,.,.,.,.
2025,8,1,53,.,.,.,.,.,.,.,.,.,.,.,.,.
2025,8,1,54,.,.,.,.,.,.,.,.,.,.,.,.,.
2025,8,1,55,.,.,.,.,.,.,.,.,.,.,.,.,.
2025,8,1,56,.,.,.,.,.,.,.,.,.,.,.,.,.
2025,8,8,1,.,.,.,.,.,.,.,.,.,.,.,.,.
2025,8,8,2,.,.,.,.,.,.,.,.,.,.,.,.,.
2025,8,8,4,.,.,.,.,.,.,.,.,.,.,.,.,.
2025,8,8,5,.,.,.,.,.,.,.,.,.,.,.,.,.
2025,8,8,6,.,.,.,.,.,.,.,.,.,.,.,.,.
2025,8,8,8,.,.,.,.,.,.,.,.,.,.,.,.,.
2025,8,8,9,.,.,.,.,.,.,.,.,.,.,.,.,.
2025,8,8,10,.,.,.,.,.,.,.,.,.,.,.,.,.
2025,8,8,11,.,.,.,.,.,.,.,.,.,.,.,.,.
2025,8,8,12,.,.,.,.,.,.,.,.,.,.,.,.,.
2025,8,8,13,.,.,.,.,.,.,.,.,.,.,.,.,.
2025,8,8,15,.,.,.,.,.,.,.,.,.,.,.,.,.
2025,8,8,16,.,.,.,.,.,.,.,.,.,.,.,.,.
2025,8,8,17,.,.,.,.,.,.,.,.,.,.,.,.,.
2025,8,8,18,.,.,.,.,.,.,.,.,.,.,.,.,.
2025,8,8,19,.,.,.,.,.,.,.,.,.,.,.,.,.
2025,8,8,20,.,.,.,.,.,.,.,.,.,.,.,.,.
2025,8,8,21,.,.,.,.,.,.,.,.,.,.,.,.,.
2025,8,8,22,.,.,.,.,.,.,.,.,.,.,.,.,.
2025,8,8,23,.,.,.,.,.,.,.,.,.,.,.,.,.
2025,8,8,24,.,.,.,.,.,.,.,.,.,.,.,.,.
2025,8,8,25,.,.,.,.,.,.,.,.,.,.,.,.,.
2025,8,8,26,.,.,.,.,.,.,.,.,.,.,.,.,.
2025,8,8,27,.,.,.,.,.,.,.,.,.,.,.,.,.
2025,8,8,28,.,.,.,.,.,.,.,.,.,.,.,.,.
2025,8,8,29,.,.,.,.,.,.,.,.,.,.,.,.,.
2025,8,8,30,.,.,.,.,.,.,.,.,.,.,.,.,.
2025,8,8,31,.,.,.,.,.,.,.,.,.,.,.,.,.
2025,8,8,32,.,.,.,.,.,.,.,.,.,.,.,.,.
2025,8,8,33,.,.,.,.,.,.,.,.,.,.,.,.,.
2025,8,8,34,.,.,.,.,.,.,.,.,.,.,.,.,.
2025,8,8,35,.,.,.,.,.,.,.,.,.,.,.,.,.
2025,8,8,36,.,.,.,.,.,.,.,.,.,.,.,.,.
2025,8,8,37,.,.,.,.,.,.,.,.,.,.,.,.,.
2025,8,8,38,.,.,.,.,.,.,.,.,.,.,.,.,.
2025,8,8,39,.,.,.,.,.,.,.,.,.,.,.,.,.
2025,8,8,40,.,.,.,.,.,.,.,.,.,.,.,.,.
2025,8,8,41,.,.,.,.,.,.,.,.,.,.,.,.,.
2025,8,8,42,.,.,.,.,.,.,.,.,.,.,.,.,.
2025,8,8,44,.,.,.,.,.,.,.,.,.,.,.,.,.
2025,8,8,45,.,.,.,.,.,.,.,.,.,.,.,.,.
2025,8,8,46,.,.,.,.,.,.,.,.,.,.,.,.,.
2025,8,8,47,.,.,.,.,.,.,.,.,.,.,.,.,.
2025,8,8,48,.,.,.,.,.,.,.,.,.,.,.,.,.
2025,8,8,49,.,.,.,.,.,.,.,.,.,.,.,.,.
2025,8,8,50,.,.,.,.,.,.,.,.,.,.,.,.,.
2025,8,8,51,.,.,.,.,.,.,.,.,.,.,.,.,.
2025,8,8,53,.,.,.,.,.,.,.,.,.,.,.,.,.
2025,8,8,54,.,.,.,.,.,.,.,.,.,.,.,.,.
2025,8,8,55,.,.,.,.,.,.,.,.,.,.,.,.,.
2025,8,8,56,.,.,.,.,.,.,.,.,.,.,.,.,.
2025,8,15,1,.,.,.,.,.,.,.,.,.,.,.,.,.
2025,8,15,2,.,.,.,.,.,.,.,.,.,.,.,.,.
2025,8,15,4,.,.,.,.,.,.,.,.,.,.,.,.,.
2025,8,15,5,.,.,.,.,.,.,.,.,.,.,.,.,.
2025,8,15,6,.,.,.,.,.,.,.,.,.,.,.,.,.
2025,8,15,8,.,.,.,.,.,.,.,.,.,.,.,.,.
2025,8,15,9,.,.,.,.,.,.,.,.,.,.,.,.,.
2025,8,15,10,.,.,.,.,.,.,.,.,.,.,.,.,.
2025,8,15,11,.,.,.,.,.,.,.,.,.,.,.,.,.
2025,8,15,12,.,.,.,.,.,.,.,.,.,.,.,.,.
2025,8,15,13,.,.,.,.,.,.,.,.,.,.,.,.,.
2025,8,15,15,.,.,.,.,.,.,.,.,.,.,.,.,.
2025,8,15,16,.,.,.,.,.,.,.,.,.,.,.,.,.
2025,8,15,17,.,.,.,.,.,.,.,.,.,.,.,.,.
2025,8,15,18,.,.,.,.,.,.,.,.,.,.,.,.,.
2025,8,15,19,.,.,.,.,.,.,.,.,.,.,.,.,.
2025,8,15,20,.,.,.,.,.,.,.,.,.,.,.,.,.
2025,8,15,21,.,.,.,.,.,.,.,.,.,.,.,.,.
2025,8,15,22,.,.,.,.,.,.,.,.,.,.,.,.,.
2025,8,15,23,.,.,.,.,.,.,.,.,.,.,.,.,.
2025,8,15,24,.,.,.,.,.,.,.,.,.,.,.,.,.
2025,8,15,25,.,.,.,.,.,.,.,.,.,.,.,.,.
2025,8,15,26,.,.,.,.,.,.,.,.,.,.,.,.,.
2025,8,15,27,.,.,.,.,.,.,.,.,.,.,.,.,.
2025,8,15,28,.,.,.,.,.,.,.,.,.,.,.,.,.
2025,8,15,29,.,.,.,.,.,.,.,.,.,.,.,.,.
2025,8,15,30,.,.,.,.,.,.,.,.,.,.,.,.,.
2025,8,15,31,.,.,.,.,.,.,.,.,.,.,.,.,.
2025,8,15,32,.,.,.,.,.,.,.,.,.,.,.,.,.
2025,8,15,33,.,.,.,.,.,.,.,.,.,.,.,.,.
2025,8,15,34,.,.,.,.,.,.,.,.,.,.,.,.,.
2025,8,15,35,.,.,.,.,.,.,.,.,.,.,.,.,.
2025,8,15,36,.,.,.,.,.,.,.,.,.,.,.,.,.
2025,8,15,37,.,.,.,.,.,.,.,.,.,.,.,.,.
2025,8,15,38,.,.,.,.,.,.,.,.,.,.,.,.,.
2025,8,15,39,.,.,.,.,.,.,.,.,.,.,.,.,.
2025,8,15,40,.,.,.,.,.,.,.,.,.,.,.,.,.
2025,8,15,41,.,.,.,.,.,.,.,.,.,.,.,.,.
2025,8,15,42,.,.,.,.,.,.,.,.,.,.,.,.,.
2025,8,15,44,.,.,.,.,.,.,.,.,.,.,.,.,.
2025,8,15,45,.,.,.,.,.,.,.,.,.,.,.,.,.
2025,8,15,46,.,.,.,.,.,.,.,.,.,.,.,.,.
2025,8,15,47,.,.,.,.,.,.,.,.,.,.,.,.,.
2025,8,15,48,.,.,.,.,.,.,.,.,.,.,.,.,.
2025,8,15,49,.,.,.,.,.,.,.,.,.,.,.,.,.
2025,8,15,50,.,.,.,.,.,.,.,.,.,.,.,.,.
2025,8,15,51,.,.,.,.,.,.,.,.,.,.,.,.,.
2025,8,15,53,.,.,.,.,.,.,.,.,.,.,.,.,.
2025,8,15,54,.,.,.,.,.,.,.,.,.,.,.,.,.
2025,8,15,55,.,.,.,.,.,.,.,.,.,.,.,.,.
2025,8,15,56,.,.,.,.,.,.,.,.,.,.,.,.,.
2025,8,22,1,.,.,.,.,.,.,.,.,.,.,.,.,.
2025,8,22,2,.,.,.,.,.,.,.,.,.,.,.,.,.
2025,8,22,4,.,.,.,.,.,.,.,.,.,.,.,.,.
2025,8,22,5,.,.,.,.,.,.,.,.,.,.,.,.,.
2025,8,22,6,.,.,.,.,.,.,.,.,.,.,.,.,.
2025,8,22,8,.,.,.,.,.,.,.,.,.,.,.,.,.
2025,8,22,9,.,.,.,.,.,.,.,.,.,.,.,.,.
2025,8,22,10,.,.,.,.,.,.,.,.,.,.,.,.,.
2025,8,22,11,.,.,.,.,.,.,.,.,.,.,.,.,.
2025,8,22,12,.,.,.,.,.,.,.,.,.,.,.,.,.
2025,8,22,13,.,.,.,.,.,.,.,.,.,.,.,.,.
2025,8,22,15,.,.,.,.,.,.,.,.,.,.,.,.,.
2025,8,22,16,.,.,.,.,.,.,.,.,.,.,.,.,.
2025,8,22,17,.,.,.,.,.,.,.,.,.,.,.,.,.
2025,8,22,18,.,.,.,.,.,.,.,.,.,.,.,.,.
2025,8,22,19,.,.,.,.,.,.,.,.,.,.,.,.,.
2025,8,22,20,.,.,.,.,.,.,.,.,.,.,.,.,.
2025,8,22,21,.,.,.,.,.,.,.,.,.,.,.,.,.
2025,8,22,22,.,.,.,.,.,.,.,.,.,.,.,.,.
2025,8,22,23,.,.,.,.,.,.,.,.,.,.,.,.,.
2025,8,22,24,.,.,.,.,.,.,.,.,.,.,.,.,.
2025,8,22,25,.,.,.,.,.,.,.,.,.,.,.,.,.
2025,8,22,26,.,.,.,.,.,.,.,.,.,.,.,.,.
2025,8,22,27,.,.,.,.,.,.,.,.,.,.,.,.,.
2025,8,22,28,.,.,.,.,.,.,.,.,.,.,.,.,.
2025,8,22,29,.,.,.,.,.,.,.,.,.,.,.,.,.
2025,8,22,30,.,.,.,.,.,.,.,.,.,.,.,.,.
2025,8,22,31,.,.,.,.,.,.,.,.,.,.,.,.,.
2025,8,22,32,.,.,.,.,.,.,.,.,.,.,.,.,.
2025,8,22,33,.,.,.,.,.,.,.,.,.,.,.,.,.
2025,8,22,34,.,.,.,.,.,.,.,.,.,.,.,.,.
2025,8,22,35,.,.,.,.,.,.,.,.,.,.,.,.,.
2025,8,22,36,.,.,.,.,.,.,.,.,.,.,.,.,.
2025,8,22,37,.,.,.,.,.,.,.,.,.,.,.,.,.
2025,8,22,38,.,.,.,.,.,.,.,.,.,.,.,.,.
2025,8,22,39,.,.,.,.,.,.,.,.,.,.,.,.,.
2025,8,22,40,.,.,.,.,.,.,.,.,.,.,.,.,.
2025,8,22,41,.,.,.,.,.,.,.,.,.,.,.,.,.
2025,8,22,42,.,.,.,.,.,.,.,.,.,.,.,.,.
2025,8,22,44,.,.,.,.,.,.,.,.,.,.,.,.,.
2025,8,22,45,.,.,.,.,.,.,.,.,.,.,.,.,.
2025,8,22,46,.,.,.,.,.,.,.,.,.,.,.,.,.
2025,8,22,47,.,.,.,.,.,.,.,.,.,.,.,.,.
2025,8,22,48,.,.,.,.,.,.,.,.,.,.,.,.,.
2025,8,22,49,.,.,.,.,.,.,.,.,.,.,.,.,.
2025,8,22,50,.,.,.,.,.,.,.,.,.,.,.,.,.
2025,8,22,51,.,.,.,.,.,.,.,.,.,.,.,.,.
2025,8,22,53,.,.,.,.,.,.,.,.,.,.,.,.,.
2025,8,22,54,.,.,.,.,.,.,.,.,.,.,.,.,.
2025,8,22,55,.,.,.,.,.,.,.,.,.,.,.,.,.
2025,8,22,56,.,.,.,.,.,.,.,.,.,.,.,.,.
2025,8,29,1,.,.,.,.,.,.,.,.,.,.,.,.,.
2025,8,29,2,.,.,.,.,.,.,.,.,.,.,.,.,.
2025,8,29,4,.,.,.,.,.,.,.,.,.,.,.,.,.
2025,8,29,5,.,.,.,.,.,.,.,.,.,.,.,.,.
2025,8,29,6,.,.,.,.,.,.,.,.,.,.,.,.,.
2025,8,29,8,.,.,.,.,.,.,.,.,.,.,.,.,.
2025,8,29,9,.,.,.,.,.,.,.,.,.,.,.,.,.
2025,8,29,10,.,.,.,.,.,.,.,.,.,.,.,.,.
2025,8,29,11,.,.,.,.,.,.,.,.,.,.,.,.,.
2025,8,29,12,.,.,.,.,.,.,.,.,.,.,.,.,.
2025,8,29,13,.,.,.,.,.,.,.,.,.,.,.,.,.
2025,8,29,15,.,.,.,.,.,.,.,.,.,.,.,.,.
2025,8,29,16,.,.,.,.,.,.,.,.,.,.,.,.,.
2025,8,29,17,.,.,.,.,.,.,.,.,.,.,.,.,.
2025,8,29,18,.,.,.,.,.,.,.,.,.,.,.,.,.
2025,8,29,19,.,.,.,.,.,.,.,.,.,.,.,.,.
2025,8,29,20,.,.,.,.,.,.,.,.,.,.,.,.,.
2025,8,29,21,.,.,.,.,.,.,.,.,.,.,.,.,.
2025,8,29,22,.,.,.,.,.,.,.,.,.,.,.,.,.
2025,8,29,23,.,.,.,.,.,.,.,.,.,.,.,.,.
2025,8,29,24,.,.,.,.,.,.,.,.,.,.,.,.,.
2025,8,29,25,.,.,.,.,.,.,.,.,.,.,.,.,.
2025,8,29,26,.,.,.,.,.,.,.,.,.,.,.,.,.
2025,8,29,27,.,.,.,.,.,.,.,.,.,.,.,.,.
2025,8,29,28,.,.,.,.,.,.,.,.,.,.,.,.,.
2025,8,29,29,.,.,.,.,.,.,.,.,.,.,.,.,.
2025,8,29,30,.,.,.,.,.,.,.,.,.,.,.,.,.
2025,8,29,31,.,.,.,.,.,.,.,.,.,.,.,.,.
2025,8,29,32,.,.,.,.,.,.,.,.,.,.,.,.,.
2025,8,29,33,.,.,.,.,.,.,.,.,.,.,.,.,.
2025,8,29,34,.,.,.,.,.,.,.,.,.,.,.,.,.
2025,8,29,35,.,.,.,.,.,.,.,.,.,.,.,.,.
2025,8,29,36,.,.,.,.,.,.,.,.,.,.,.,.,.
2025,8,29,37,.,.,.,.,.,.,.,.,.,.,.,.,.
2025,8,29,38,.,.,.,.,.,.,.,.,.,.,.,.,.
2025,8,29,39,.,.,.,.,.,.,.,.,.,.,.,.,.
2025,8,29,40,.,.,.,.,.,.,.,.,.,.,.,.,.
2025,8,29,41,.,.,.,.,.,.,.,.,.,.,.,.,.
2025,8,29,42,.,.,.,.,.,.,.,.,.,.,.,.,.
2025,8,29,44,.,.,.,.,.,.,.,.,.,.,.,.,.
2025,8,29,45,.,.,.,.,.,.,.,.,.,.,.,.,.
2025,8,29,46,.,.,.,.,.,.,.,.,.,.,.,.,.
2025,8,29,47,.,.,.,.,.,.,.,.,.,.,.,.,.
2025,8,29,48,.,.,.,.,.,.,.,.,.,.,.,.,.
2025,8,29,49,.,.,.,.,.,.,.,.,.,.,.,.,.
2025,8,29,50,.,.,.,.,.,.,.,.,.,.,.,.,.
2025,8,29,51,.,.,.,.,.,.,.,.,.,.,.,.,.
2025,8,29,53,.,.,.,.,.,.,.,.,.,.,.,.,.
2025,8,29,54,.,.,.,.,.,.,.,.,.,.,.,.,.
2025,8,29,55,.,.,.,.,.,.,.,.,.,.,.,.,.
2025,8,29,56,.,.,.,.,.,.,.,.,.,.,.,.,.
2025,9,5,1,0.265,.,.,.,.,.,0.226,0.175,0.169,0.447,0.325,0.285,0.207
2025,9,5,2,0.196,.,.,.,.,.,0.214,0.17,0.164,0.0843,0.213,0.179,0.478
2025,9,5,4,-0.251,.,.,.,.,.,-0.398,-0.342,-0.334,-0.249,-0.211,-0.258,0.164
2025,9,5,5,0.292,.,.,.,.,.,0.887,0.161,0.0831,0.38,0.332,0.326,0.244
2025,9,5,6,-0.341,.,.,.,.,.,-0.177,-0.325,-0.343,-0.256,-0.355,-0.455,-0.0105
2025,9,5,8,-0.24,.,.,.,.,.,-0.256,-0.31,-0.317,-0.204,-0.216,-0.274,0.139
2025,9,5,9,0.297,.,.,.,.,.,0.0334,0.0922,0.0984,0.411,0.379,0.323,0.606
2025,9,5,10,0.127,.,.,.,.,.,-0.0833,0.0328,0.0439,0.0353,0.125,0.165,0.103
2025,9,5,11,-0.378,.,.,.,.,.,-0.0986,-0.292,-0.316,-0.308,-0.403,-0.432,-0.355
2025,9,5,12,-0.0408,.,.,.,.,.,-0.101,-0.102,-0.102,0.00701,-0.015,-0.149,0.665
2025,9,5,13,-0.0421,.,.,.,.,.,-0.16,-0.124,-0.119,0.134,-0.00589,-0.135,0.521
2025,9,5,15,0.401,.,.,.,.,.,0.94,0.263,0.164,0.548,0.447,0.389,0.432
2025,9,5,16,0.193,.,.,.,.,.,0.149,0.0556,0.0433,0.271,0.236,0.21,0.279
2025,9,5,17,-0.0939,.,.,.,.,.,0.102,-0.135,-0.156,-0.0261,-0.0889,-0.178,0.306
2025,9,5,18,0.0133,.,.,.,.,.,0.00192,-0.126,-0.14,0.101,0.102,0.0721,0.245
2025,9,5,19,0.3,.,.,.,.,.,0.0733,0.0516,0.0495,0.37,0.464,0.47,0.719
2025,9,5,20,0.283,.,.,.,.,.,-0.107,0.0321,0.0515,0.396,0.434,0.415,0.677
2025,9,5,21,0.0476,.,.,.,.,.,-0.119,-0.0828,-0.0789,0.159,0.138,0.055,0.47
2025,9,5,22,0.163,.,.,.,.,.,-0.0268,-0.0113,-0.00919,0.303,0.241,0.116,0.69
2025,9,5,23,1.22,.,.,.,.,.,0.869,1.11,1.15,1.44,1.25,1.15,1.2
2025,9,5,24,-0.125,.,.,.,.,.,-0.165,-0.175,-0.177,-0.0228,-0.122,-0.274,0.593
2025,9,5,25,-0.043,.,.,.,.,.,0.261,-0.0667,-0.0979,0.0681,-0.045,-0.152,0.304
2025,9,5,26,0.0456,.,.,.,.,.,-0.000282,-0.00879,-0.00985,0.171,0.071,-0.0281,0.403
2025,9,5,27,-0.0364,.,.,.,.,.,-0.0305,-0.0542,-0.0569,0.0587,-0.0533,-0.183,0.441
2025,9,5,28,0.805,.,.,.,.,.,0.429,0.223,0.202,1.04,1.37,1.54,1.66
2025,9,5,29,0.0911,.,.,.,.,.,-0.0682,0.0349,0.0492,0.244,0.116,-0.000216,0.431
2025,9,5,30,1.02,.,.,.,.,.,1.1,0.876,0.842,1.26,1.12,1.05,1.09
2025,9,5,31,0.17,.,.,.,.,.,0.134,0.0437,0.0331,0.266,0.232,0.123,0.784
2025,9,5,32,-0.276,.,.,.,.,.,-0.284,-0.307,-0.31,-0.248,-0.277,-0.326,-0.101
2025,9,5,33,1.1,.,.,.,.,.,1.52,0.739,0.666,1.42,1.27,1.07,1.9
2025,9,5,34,-0.0904,.,.,.,.,.,0.0901,-0.124,-0.143,0.0692,-0.0936,-0.233,0.459
2025,9,5,35,0.369,.,.,.,.,.,0.296,0.0521,0.0233,0.473,0.529,0.524,0.643
2025,9,5,36,0.0218,.,.,.,.,.,0.422,0.118,0.0887,0.132,-0.0345,-0.136,0.214
2025,9,5,37,-0.0577,.,.,.,.,.,-0.205,-0.133,-0.124,0.0648,-0.0291,-0.138,0.495
2025,9,5,38,0.755,.,.,.,.,.,0.458,0.128,0.097,1.31,1.16,1.18,0.745
2025,9,5,39,-0.136,.,.,.,.,.,0.0343,-0.148,-0.168,-0.0854,-0.135,-0.189,0.0102
2025,9,5,40,-0.0225,.,.,.,.,.,-0.115,-0.243,-0.258,0.0461,0.108,0.0867,0.407
2025,9,5,41,0.134,.,.,.,.,.,0.487,0.0741,0.0294,0.326,0.17,-0.0382,0.809
2025,9,5,42,-0.014,.,.,.,.,.,0.107,-0.00961,-0.021,0.145,-0.0441,-0.183,0.172
2025,9,5,44,0.391,.,.,.,.,.,1.04,0.243,0.166,0.539,0.443,0.325,0.865
2025,9,5,45,0.325,.,.,.,.,.,-0.0406,0.145,0.17,0.537,0.444,0.323,0.737
2025,9,5,46,1.25,.,.,.,.,.,1.07,0.513,0.471,1.75,1.68,1.6,1.78
2025,9,5,47,-0.0364,.,.,.,.,.,-0.0806,-0.156,-0.164,0.0193,0.0358,-0.0154,0.394
2025,9,5,48,-0.128,.,.,.,.,.,-0.198,-0.204,-0.205,-0.00533,-0.0954,-0.211,0.496
2025,9,5,49,-0.0104,.,.,.,.,.,0.372,-0.0257,-0.0707,0.0792,-0.0306,-0.127,0.199
2025,9,5,50,1.57,.,.,.,.,.,1.8,1.41,1.37,1.83,1.79,1.85,1.57
2025,9,5,51,-0.0218,.,.,.,.,.,0.0553,-0.0109,-0.0192,0.146,-0.0324,-0.16,0.422
2025,9,5,53,-0.146,.,.,.,.,.,0.307,-0.137,-0.182,-0.102,-0.157,-0.266,0.311
2025,9,5,54,0.893,.,.,.,.,.,0.902,0.678,0.659,0.91,1.05,1.19,0.907
2025,9,5,55,0.115,.,.,.,.,.,0.129,-0.0136,-0.0289,0.271,0.172,0.0983,0.272
2025,9,5,56,0.798,.,.,.,.,.,1.18,0.549,0.481,0.841,0.885,1.04,0.585
2025,9,12,1,0.4,.,.,.,.,.,0.342,0.241,0.229,0.479,0.473,0.468,0.479
2025,9,12,2,0.323,.,.,.,.,.,1.19,0.254,0.134,0.449,0.35,0.332,0.247
2025,9,12,4,-0.123,.,.,.,.,.,-0.424,-0.315,-0.299,-0.0219,-0.0229,-0.115,0.488
2025,9,12,5,0.449,.,.,.,.,.,-0.0138,0.17,0.189,0.636,0.584,0.549,0.585
2025,9,12,6,-0.29,.,.,.,.,.,-0.242,-0.3,-0.307,-0.208,-0.297,-0.4,0.0918
2025,9,12,8,-0.168,.,.,.,.,.,-0.346,-0.288,-0.28,-0.067,-0.125,-0.254,0.554
2025,9,12,9,0.357,.,.,.,.,.,0.231,0.0756,0.0589,0.426,0.492,0.427,1.01
2025,9,12,10,0.201,.,.,.,.,.,-0.0167,0.059,0.0662,0.142,0.218,0.198,0.43
2025,9,12,11,-0.253,.,.,.,.,.,-0.221,-0.242,-0.245,-0.217,-0.267,-0.301,-0.106
2025,9,12,12,0.0121,.,.,.,.,.,-0.089,-0.0764,-0.0746,0.114,0.053,-0.0745,0.57
2025,9,12,13,0.0808,.,.,.,.,.,-0.109,-0.0234,-0.0132,0.268,0.115,-0.0576,0.925
2025,9,12,15,0.426,.,.,.,.,.,0.453,0.178,0.138,0.585,0.502,0.446,0.53
2025,9,12,16,0.343,.,.,.,.,.,-0.0373,0.131,0.153,0.528,0.452,0.392,0.557
2025,9,12,17,-0.0313,.,.,.,.,.,0.0401,-0.165,-0.183,0.106,0.00205,-0.123,0.507
2025,9,12,18,0.101,.,.,.,.,.,-0.0307,-0.129,-0.14,0.265,0.24,0.12,0.723
2025,9,12,19,0.465,.,.,.,.,.,0.258,0.0299,0.00788,0.793,0.726,0.631,1.05
2025,9,12,20,0.497,.,.,.,.,.,-0.177,0.105,0.145,0.597,0.731,0.742,1.13
2025,9,12,21,0.123,.,.,.,.,.,-0.0246,-0.0825,-0.0886,0.254,0.26,0.167,0.712
2025,9,12,22,0.253,.,.,.,.,.,0.0283,0.11,0.121,0.371,0.298,0.142,0.875
2025,9,12,23,1.57,.,.,.,.,.,0.952,1.25,1.3,1.78,1.73,1.64,1.93
2025,9,12,24,-0.0778,.,.,.,.,.,-0.15,-0.21,-0.216,0.0377,-0.0407,-0.192,0.732
2025,9,12,25,0.0316,.,.,.,.,.,0.0648,-0.134,-0.153,0.248,0.079,-0.0763,0.573
2025,9,12,26,0.0995,.,.,.,.,.,-0.116,0.00557,0.0206,0.379,0.144,-0.0225,0.494
2025,9,12,27,0.112,.,.,.,.,.,-0.0324,0.0127,0.0178,0.189,0.139,0.0107,0.841
2025,9,12,28,1.11,.,.,.,.,.,0.81,0.483,0.451,1.46,1.68,1.84,1.72
2025,9,12,29,0.262,.,.,.,.,.,-0.0586,0.0881,0.108,0.481,0.321,0.135,0.948
2025,9,12,30,1.49,.,.,.,.,.,0.556,1.37,1.37,1.83,1.51,1.16,1.55
2025,9,12,31,0.287,.,.,.,.,.,0.107,-0.0739,-0.095,0.558,0.507,0.39,1.04
2025,9,12,32,-0.216,.,.,.,.,.,-0.342,-0.254,-0.243,-0.168,-0.213,-0.285,0.0407
2025,9,12,33,0.802,.,.,.,.,.,1.06,0.512,0.461,1.04,0.928,0.75,1.52
2025,9,12,34,-0.0726,.,.,.,.,.,-0.159,-0.176,-0.177,0.128,-0.0557,-0.247,0.829
2025,9,12,35,0.59,.,.,.,.,.,-0.0684,0.166,0.193,1.1,0.803,0.654,0.766
2025,9,12,36,0.0515,.,.,.,.,.,0.161,0.0155,0.0016,0.2,0.0427,-0.0842,0.466
2025,9,12,37,-0.0109,.,.,.,.,.,-0.194,-0.148,-0.142,0.249,0.0493,-0.118,0.682
2025,9,12,38,1.05,.,.,.,.,.,0.351,0.122,0.1,1.79,1.62,1.71,0.967
2025,9,12,39,-0.0853,.,.,.,.,.,-0.251,-0.185,-0.178,0.0614,-0.0415,-0.137,0.163
2025,9,12,40,0.129,.,.,.,.,.,-0.127,-0.147,-0.15,0.342,0.295,0.172,0.772
2025,9,12,41,0.288,.,.,.,.,.,0.192,0.087,0.0756,0.509,0.367,0.0716,1.47
2025,9,12,42,-0.00183,.,.,.,.,.,-0.126,-0.0421,-0.0338,0.148,-0.0188,-0.177,0.351
2025,9,12,44,0.531,.,.,.,.,.,0.143,0.183,0.187,0.713,0.684,0.613,1.01
2025,9,12,45,0.358,.,.,.,.,.,-0.0939,0.0372,0.055,0.609,0.565,0.428,1.07
2025,9,12,46,1.55,.,.,.,.,.,1.52,0.61,0.541,1.83,1.79,1.85,2.03
2025,9,12,47,0.0278,.,.,.,.,.,-0.211,-0.116,-0.106,0.128,0.093,-0.00345,0.551
2025,9,12,48,-0.0529,.,.,.,.,.,-0.266,-0.18,-0.168,0.117,-0.00393,-0.158,0.781
2025,9,12,49,0.0296,.,.,.,.,.,0.0347,-0.0621,-0.073,0.112,0.0705,-0.0182,0.498
2025,9,12,50,1.57,.,.,.,.,.,1.68,1.41,1.37,1.83,1.79,1.85,2.03
2025,9,12,51,0.0105,.,.,.,.,.,-0.0121,-0.0737,-0.0813,0.213,0.0352,-0.106,0.59
2025,9,12,53,-0.00694,.,.,.,.,.,0.144,-0.0978,-0.123,0.165,0.015,-0.173,0.685
2025,9,12,54,0.81,.,.,.,.,.,0.991,0.316,0.259,1.03,1.12,1.22,0.966
2025,9,12,55,0.1,.,.,.,.,.,-0.0709,-0.0429,-0.0399,0.31,0.193,0.0854,0.42
2025,9,12,56,1.16,.,.,.,.,.,0.846,0.662,0.643,1.72,1.38,1.4,0.874
2025,9,19,1,0.632,.,.,.,.,.,0.695,0.473,0.447,0.731,0.707,0.71,0.64
2025,9,19,2,0.588,.,.,.,.,.,0.521,0.298,0.27,0.854,0.721,0.695,0.585
2025,9,19,4,-0.0561,.,.,.,.,.,-0.158,-0.199,-0.204,-0.035,-0.0135,-0.0775,0.408
2025,9,19,5,0.776,.,.,.,.,.,0.697,0.358,0.322,0.913,1.01,1.04,1.15
2025,9,19,6,-0.269,.,.,.,.,.,-0.107,-0.247,-0.263,-0.214,-0.296,-0.4,0.121
2025,9,19,8,-0.11,.,.,.,.,.,-0.133,-0.22,-0.231,-0.0337,-0.0756,-0.193,0.581
2025,9,19,9,0.502,.,.,.,.,.,0.3,0.344,0.349,0.718,0.549,0.316,1.42
2025,9,19,10,0.535,.,.,.,.,.,0.467,0.323,0.309,0.637,0.581,0.491,0.868
2025,9,19,11,-0.197,.,.,.,.,.,0.108,-0.116,-0.144,-0.14,-0.217,-0.245,-0.147
2025,9,19,12,0.105,.,.,.,.,.,0.101,0.0309,0.0211,0.217,0.13,-0.0114,0.642
2025,9,19,13,0.23,.,.,.,.,.,0.204,0.136,0.128,0.374,0.263,0.0944,1.19
2025,9,19,15,0.789,.,.,.,.,.,0.7,0.769,0.779,0.993,0.821,0.688,0.948
2025,9,19,16,0.498,.,.,.,.,.,0.398,0.262,0.244,0.719,0.609,0.508,0.832
2025,9,19,17,0.0765,.,.,.,.,.,0.189,-0.0471,-0.0676,0.163,0.105,0.0049,0.583
2025,9,19,18,0.336,.,.,.,.,.,0.429,0.167,0.14,0.327,0.43,0.353,1.09
2025,9,19,19,0.724,.,.,.,.,.,0.806,0.337,0.291,0.977,0.939,0.793,1.63
2025,9,19,20,0.644,.,.,.,.,.,0.268,0.299,0.303,0.752,0.855,0.851,1.24
2025,9,19,21,0.442,.,.,.,.,.,0.399,0.177,0.154,0.571,0.612,0.446,1.51
2025,9,19,22,0.36,.,.,.,.,.,0.236,0.204,0.2,0.466,0.439,0.356,0.781
2025,9,19,23,1.57,.,.,.,.,.,1.87,1.41,1.37,1.83,1.79,1.85,2.03
2025,9,19,24,0.0779,.,.,.,.,.,0.1,-0.0119,-0.0237,0.292,0.1,-0.0759,0.725
2025,9,19,25,0.186,.,.,.,.,.,0.754,0.157,0.0998,0.312,0.179,0.0346,0.696
2025,9,19,26,0.172,.,.,.,.,.,0.0933,0.084,0.0828,0.459,0.209,-0.0159,0.89
2025,9,19,27,0.172,.,.,.,.,.,0.16,0.179,0.181,0.258,0.137,-0.0163,0.765
2025,9,19,28,1.15,.,.,.,.,.,0.889,0.585,0.554,1.31,1.75,1.85,1.99
2025,9,19,29,0.439,.,.,.,.,.,0.235,0.318,0.329,0.674,0.487,0.277,1.19
2025,9,19,30,1.51,.,.,.,.,.,1.28,1.31,1.31,1.62,1.64,1.5,2.03
2025,9,19,31,0.455,.,.,.,.,.,0.458,0.206,0.177,0.553,0.61,0.508,1.46
2025,9,19,32,-0.118,.,.,.,.,.,-0.0553,-0.177,-0.193,-0.0297,-0.0996,-0.195,0.204
2025,9,19,33,1.57,.,.,.,.,.,2.14,1.41,1.37,1.83,1.79,1.47,2.03
2025,9,19,34,0.11,.,.,.,.,.,0.16,0.0333,0.022,0.286,0.124,-0.0403,0.87
2025,9,19,35,0.786,.,.,.,.,.,0.518,0.258,0.227,0.95,1.04,0.948,1.52
2025,9,19,36,0.275,.,.,.,.,.,0.744,0.31,0.268,0.442,0.238,0.0618,0.857
2025,9,19,37,0.152,.,.,.,.,.,0.205,0.0659,0.0472,0.433,0.187,-0.0172,0.947
2025,9,19,38,1.11,.,.,.,.,.,1.15,0.336,0.259,1.41,1.54,1.64,1.5
2025,9,19,39,0.0914,.,.,.,.,.,0.387,0.0724,0.0375,0.115,0.0873,-0.00259,0.497
2025,9,19,40,0.282,.,.,.,.,.,0.0944,0.07,0.0671,0.448,0.404,0.31,0.734
2025,9,19,41,0.368,.,.,.,.,.,0.631,0.25,0.209,0.619,0.442,0.177,1.3
2025,9,19,42,0.231,.,.,.,.,.,0.464,0.191,0.164,0.325,0.202,0.0207,0.791
2025,9,19,44,0.671,.,.,.,.,.,0.946,0.44,0.392,0.975,0.749,0.59,1.09
2025,9,19,45,0.621,.,.,.,.,.,0.483,0.322,0.301,0.775,0.834,0.77,1.29
2025,9,19,46,1.57,.,.,.,.,.,2.14,0.7,0.569,1.83,1.79,1.85,2.03
2025,9,19,47,0.207,.,.,.,.,.,0.356,0.0999,0.0711,0.305,0.269,0.155,0.823
2025,9,19,48,0.0746,.,.,.,.,.,0.0459,-0.0169,-0.0251,0.223,0.108,-0.0628,1.05
2025,9,19,49,0.201,.,.,.,.,.,0.125,0.0966,0.0934,0.306,0.243,0.142,0.672
2025,9,19,50,1.57,.,.,.,.,.,2.14,1.41,1.37,1.83,1.79,1.85,2.03
2025,9,19,51,0.202,.,.,.,.,.,0.279,0.18,0.167,0.411,0.197,0.0285,0.856
2025,9,19,53,0.0961,.,.,.,.,.,0.471,0.0351,-0.0094,0.209,0.11,-0.0465,0.736
2025,9,19,54,1.47,.,.,.,.,.,2.14,0.932,0.821,1.61,1.79,1.85,1.9
2025,9,19,55,0.318,.,.,.,.,.,0.478,0.2,0.17,0.467,0.388,0.282,0.723
2025,9,19,56,1.39,.,.,.,.,.,1.62,0.942,0.87,1.59,1.59,1.82,1.06
2025,9,26,1,0.676,.,.,.,.,.,1.31,0.89,0.842,0.636,0.519,0.448,0.533
2025,9,26,2,0.273,.,.,.,.,.,0.641,0.361,0.325,0.346,0.223,0.192,0.115
2025,9,26,4,-0.111,.,.,.,.,.,-0.0175,-0.105,-0.118,-0.14,-0.129,-0.173,0.152
2025,9,26,5,0.983,.,.,.,.,.,1.62,1.23,1.18,0.842,0.793,0.788,0.699
2025,9,26,6,-0.235,.,.,.,.,.,0.117,-0.13,-0.159,-0.19,-0.299,-0.407,0.0771
2025,9,26,8,-0.158,.,.,.,.,.,-0.169,-0.146,-0.143,-0.08,-0.186,-0.297,0.195
2025,9,26,9,0.4,.,.,.,.,.,0.58,0.421,0.404,0.485,0.348,0.157,1.06
2025,9,26,10,0.334,.,.,.,.,.,0.9,0.273,0.213,0.337,0.313,0.342,0.153
2025,9,26,11,-0.327,.,.,.,.,.,-0.164,-0.286,-0.301,-0.274,-0.348,-0.381,-0.241
2025,9,26,12,0.116,.,.,.,.,.,0.186,0.158,0.154,0.223,0.077,-0.0774,0.466
2025,9,26,13,0.237,.,.,.,.,.,0.568,0.325,0.295,0.356,0.168,-0.0288,1.05
2025,9,26,15,0.393,.,.,.,.,.,0.476,0.282,0.254,0.699,0.492,0.316,0.72
2025,9,26,16,0.613,.,.,.,.,.,0.658,0.437,0.408,0.845,0.681,0.539,0.971
2025,9,26,17,0.0587,.,.,.,.,.,0.803,0.0606,-0.00405,0.129,0.0274,-0.0889,0.483
2025,9,26,18,0.272,.,.,.,.,.,0.529,0.246,0.216,0.277,0.267,0.154,0.756
2025,9,26,19,0.651,.,.,.,.,.,1.18,0.48,0.413,0.868,0.713,0.48,1.54
2025,9,26,20,0.593,.,.,.,.,.,0.853,0.491,0.44,0.595,0.627,0.569,1.06
2025,9,26,21,0.29,.,.,.,.,.,0.907,0.226,0.154,0.315,0.315,0.213,0.79
2025,9,26,22,0.375,.,.,.,.,.,0.276,0.322,0.329,0.54,0.378,0.172,0.933
2025,9,26,23,1.57,.,.,.,.,.,2.14,1.41,1.37,1.83,1.79,1.85,2.03
2025,9,26,24,0.0889,.,.,.,.,.,0.447,0.132,0.0988,0.212,0.058,-0.0957,0.64
2025,9,26,25,0.107,.,.,.,.,.,0.509,0.0732,0.0317,0.268,0.103,-0.0427,0.553
2025,9,26,26,0.0833,.,.,.,.,.,0.176,0.0762,0.0639,0.281,0.0828,-0.0845,0.547
2025,9,26,27,0.177,.,.,.,.,.,0.626,0.25,0.207,0.263,0.102,-0.0569,0.631
2025,9,26,28,1.14,.,.,.,.,.,1.11,0.66,0.615,1.21,1.6,1.85,1.35
2025,9,26,29,0.513,.,.,.,.,.,1.28,0.666,0.582,0.662,0.425,0.212,0.983
2025,9,26,30,1.4,.,.,.,.,.,1.69,1.41,1.37,1.44,1.28,1.09,1.55
2025,9,26,31,0.21,.,.,.,.,.,0.463,0.188,0.156,0.238,0.196,0.0921,0.678
2025,9,26,32,-0.0816,.,.,.,.,.,-0.188,-0.0733,-0.0579,0.0827,-0.108,-0.265,0.161
2025,9,26,33,1.16,.,.,.,.,.,2.14,1.26,1.16,1.31,1.04,0.724,1.89
2025,9,26,34,0.0916,.,.,.,.,.,0.571,0.148,0.11,0.232,0.0427,-0.097,0.521
2025,9,26,35,0.597,.,.,.,.,.,1.23,0.49,0.403,0.834,0.614,0.45,0.754
2025,9,26,36,0.187,.,.,.,.,.,1.13,0.388,0.316,0.352,0.0812,-0.101,0.589
2025,9,26,37,0.0527,.,.,.,.,.,0.149,0.0731,0.0629,0.254,0.0159,-0.165,0.631
2025,9,26,38,1.04,.,.,.,.,.,1.15,0.481,0.418,1.72,1.33,1.07,1.38
2025,9,26,39,0.0383,.,.,.,.,.,0.309,0.0764,0.0506,0.0626,-0.00894,-0.103,0.288
2025,9,26,40,0.271,.,.,.,.,.,0.622,0.271,0.229,0.281,0.258,0.169,0.633
2025,9,26,41,0.252,.,.,.,.,.,1.07,0.314,0.233,0.356,0.215,-0.02,1.02
2025,9,26,42,0.135,.,.,.,.,.,0.53,0.171,0.135,0.191,0.0116,-0.156,0.397
2025,9,26,44,0.507,.,.,.,.,.,1.15,0.377,0.303,0.638,0.517,0.42,0.771
2025,9,26,45,0.626,.,.,.,.,.,0.56,0.548,0.546,0.943,0.68,0.453,0.991
2025,9,26,46,1.54,.,.,.,.,.,2.14,0.793,0.652,1.83,1.79,1.58,1.77
2025,9,26,47,0.0945,.,.,.,.,.,0.722,0.161,0.0984,0.11,0.0411,-0.0484,0.345
2025,9,26,48,0.0379,.,.,.,.,.,0.231,0.0609,0.0388,0.192,0.0131,-0.162,0.751
2025,9,26,49,0.133,.,.,.,.,.,0.434,0.165,0.135,0.264,0.1,-0.0317,0.366
2025,9,26,50,1.57,.,.,.,.,.,2.14,1.41,1.37,1.83,1.79,1.85,2.03
2025,9,26,51,0.105,.,.,.,.,.,0.39,0.251,0.233,0.315,0.0289,-0.13,0.425
2025,9,26,53,0.00352,.,.,.,.,.,0.551,0.0264,-0.0271,0.13,-0.0197,-0.173,0.461
2025,9,26,54,1.34,.,.,.,.,.,2.14,1.41,1.37,1.06,1.14,1.28,0.888
2025,9,26,55,0.196,.,.,.,.,.,0.487,0.213,0.184,0.299,0.162,0.0178,0.533
2025,9,26,56,1.14,.,.,.,.,.,1.98,1.22,1.14,1.35,1.03,0.974,0.752
2025,10,3,1,0.608,.,.,.,.,.,1.6,0.686,0.579,0.801,0.55,0.458,0.345
2025,10,3,2,0.378,.,.,.,.,.,1.22,0.625,0.548,0.39,0.287,0.334,0.0279
2025,10,3,4,-0.132,.,.,.,.,.,-0.0856,-0.159,-0.169,-0.0534,-0.129,-0.217,0.135
2025,10,3,5,0.65,.,.,.,.,.,1.4,0.555,0.465,0.836,0.677,0.66,0.374
2025,10,3,6,-0.214,.,.,.,.,.,0.0917,-0.126,-0.152,-0.108,-0.266,-0.397,0.122
2025,10,3,8,-0.153,.,.,.,.,.,0.00695,-0.124,-0.141,-0.089,-0.188,-0.293,0.184
2025,10,3,9,0.512,.,.,.,.,.,1.08,0.67,0.626,0.651,0.401,0.223,0.782
2025,10,3,10,0.373,.,.,.,.,.,0.983,0.378,0.32,0.414,0.304,0.217,0.492
2025,10,3,11,-0.27,.,.,.,.,.,-0.155,-0.21,-0.217,-0.151,-0.288,-0.337,-0.169
2025,10,3,12,0.169,.,.,.,.,.,0.42,0.215,0.186,0.36,0.136,-0.059,0.497
2025,10,3,13,0.193,.,.,.,.,.,0.614,0.295,0.256,0.366,0.129,-0.0507,0.718
2025,10,3,15,0.491,.,.,.,.,.,0.828,0.477,0.426,0.752,0.539,0.369,0.72
2025,10,3,16,0.512,.,.,.,.,.,0.565,0.472,0.46,0.665,0.513,0.421,0.578
2025,10,3,17,0.084,.,.,.,.,.,0.69,0.128,0.079,0.173,0.0209,-0.0893,0.297
2025,10,3,18,0.34,.,.,.,.,.,1.01,0.312,0.24,0.499,0.346,0.177,0.674
2025,10,3,19,0.637,.,.,.,.,.,1.57,0.477,0.372,1.02,0.706,0.5,0.914
2025,10,3,20,0.671,.,.,.,.,.,0.961,0.573,0.519,0.776,0.727,0.628,1.11
2025,10,3,21,0.384,.,.,.,.,.,1.16,0.391,0.309,0.575,0.381,0.19,0.72
2025,10,3,22,0.354,.,.,.,.,.,0.478,0.273,0.245,0.523,0.395,0.265,0.664
2025,10,3,23,1.57,.,.,.,.,.,2.14,1.41,1.37,1.83,1.79,1.85,1.96
2025,10,3,24,0.0404,.,.,.,.,.,0.396,0.132,0.105,0.186,-0.0188,-0.177,0.457
2025,10,3,25,0.183,.,.,.,.,.,0.973,0.284,0.219,0.288,0.116,-0.0347,0.581
2025,10,3,26,0.158,.,.,.,.,.,0.236,0.184,0.178,0.363,0.125,-0.0437,0.477
2025,10,3,27,0.146,.,.,.,.,.,0.508,0.276,0.25,0.261,0.0492,-0.127,0.518
2025,10,3,28,1.13,.,.,.,.,.,2.14,0.873,0.726,1.29,1.41,1.54,1.27
2025,10,3,29,0.498,.,.,.,.,.,1.01,0.595,0.538,0.704,0.429,0.231,0.788
2025,10,3,30,1.35,.,.,.,.,.,1.78,1.41,1.37,1.42,1.3,1.28,1.15
2025,10,3,31,0.33,.,.,.,.,.,0.578,0.326,0.297,0.369,0.324,0.247,0.626
2025,10,3,32,-0.129,.,.,.,.,.,-0.0761,-0.0724,-0.0719,-0.0233,-0.176,-0.28,-0.0781
2025,10,3,33,1.24,.,.,.,.,.,2.14,1.29,1.16,1.43,1.17,0.819,2.03
2025,10,3,34,0.0743,.,.,.,.,.,0.562,0.197,0.164,0.177,-0.0111,-0.16,0.537
2025,10,3,35,0.637,.,.,.,.,.,0.531,0.397,0.381,0.883,0.741,0.701,0.619
2025,10,3,36,0.196,.,.,.,.,.,1.3,0.439,0.356,0.421,0.0691,-0.126,0.478
2025,10,3,37,0.0361,.,.,.,.,.,0.253,0.0957,0.0744,0.251,-0.0103,-0.185,0.487
2025,10,3,38,0.795,.,.,.,.,.,1.33,0.583,0.513,0.907,0.911,0.859,1.1
2025,10,3,39,0.103,.,.,.,.,.,0.651,0.196,0.145,0.187,0.0341,-0.0935,0.254
2025,10,3,40,0.166,.,.,.,.,.,0.87,0.157,0.072,0.284,0.162,0.0664,0.258
2025,10,3,41,0.304,.,.,.,.,.,0.733,0.366,0.326,0.446,0.264,0.0399,0.914
2025,10,3,42,0.131,.,.,.,.,.,0.476,0.223,0.198,0.314,0.056,-0.122,0.294
2025,10,3,44,0.747,.,.,.,.,.,1.56,0.684,0.6,0.844,0.75,0.578,1.48
2025,10,3,45,0.704,.,.,.,.,.,0.891,0.573,0.53,1.07,0.799,0.586,1.02
2025,10,3,46,1.4,.,.,.,.,.,2.14,1.06,0.867,1.71,1.62,1.6,1.51
2025,10,3,47,0.139,.,.,.,.,.,0.614,0.205,0.159,0.271,0.083,-0.0525,0.272
2025,10,3,48,0.081,.,.,.,.,.,0.368,0.16,0.133,0.211,0.0281,-0.114,0.485
2025,10,3,49,0.242,.,.,.,.,.,1.14,0.411,0.329,0.292,0.121,-0.0125,0.366
2025,10,3,50,1.57,.,.,.,.,.,2.14,1.41,1.37,1.83,1.79,1.85,1.42
2025,10,3,51,0.142,.,.,.,.,.,0.543,0.327,0.3,0.359,0.0581,-0.104,0.438
2025,10,3,53,0.0681,.,.,.,.,.,0.572,0.132,0.0866,0.164,0.0342,-0.105,0.483
2025,10,3,54,1.4,.,.,.,.,.,2.14,1.41,1.27,1.48,1.4,1.47,1.03
2025,10,3,55,0.311,.,.,.,.,.,0.851,0.365,0.313,0.448,0.256,0.121,0.417
2025,10,3,56,1.19,.,.,.,.,.,2.08,1.14,1.04,1.69,1.21,1.2,0.623
2025,10,10,1,0.623,.,.,.,.,.,1.25,0.747,0.689,0.637,0.542,0.47,0.62
2025,10,10,2,0.37,.,.,.,.,.,0.316,0.405,0.417,0.371,0.358,0.471,0.0815
2025,10,10,4,-0.165,.,.,.,.,.,-0.15,-0.189,-0.195,-0.143,-0.171,-0.26,0.244
2025,10,10,5,0.717,.,.,.,.,.,1.11,0.734,0.693,0.679,0.687,0.704,0.647
2025,10,10,6,-0.283,.,.,.,.,.,-0.152,-0.231,-0.241,-0.202,-0.316,-0.427,0.0655
2025,10,10,8,-0.211,.,.,.,.,.,-0.183,-0.227,-0.232,-0.122,-0.218,-0.317,0.124
2025,10,10,9,0.458,.,.,.,.,.,0.813,0.406,0.363,0.595,0.456,0.232,1.35
2025,10,10,10,0.45,.,.,.,.,.,0.85,0.4,0.357,0.493,0.409,0.328,0.612
2025,10,10,11,-0.299,.,.,.,.,.,-0.23,-0.184,-0.179,-0.246,-0.329,-0.372,-0.163
2025,10,10,12,0.174,.,.,.,.,.,0.369,0.196,0.173,0.263,0.152,-0.0499,0.92
2025,10,10,13,0.194,.,.,.,.,.,0.431,0.271,0.251,0.44,0.144,-0.0821,0.892
2025,10,10,15,0.464,.,.,.,.,.,0.933,0.461,0.392,0.699,0.482,0.33,0.573
2025,10,10,16,0.451,.,.,.,.,.,0.317,0.295,0.292,0.611,0.5,0.407,0.676
2025,10,10,17,0.0187,.,.,.,.,.,0.359,0.0148,-0.0152,0.0466,-0.018,-0.111,0.393
2025,10,10,18,0.225,.,.,.,.,.,0.515,0.163,0.127,0.256,0.245,0.124,0.773
2025,10,10,19,0.579,.,.,.,.,.,0.664,0.306,0.272,0.823,0.718,0.526,1.46
2025,10,10,20,0.568,.,.,.,.,.,0.639,0.459,0.433,0.629,0.631,0.601,0.801
2025,10,10,21,0.283,.,.,.,.,.,0.487,0.211,0.182,0.359,0.321,0.172,0.907
2025,10,10,22,0.461,.,.,.,.,.,0.671,0.505,0.483,0.448,0.405,0.306,0.779
2025,10,10,23,1.57,.,.,.,.,.,1.74,1.41,1.37,1.83,1.79,1.85,2.03
2025,10,10,24,-0.00151,.,.,.,.,.,0.258,0.118,0.104,0.0878,-0.0654,-0.226,0.565
2025,10,10,25,0.0916,.,.,.,.,.,0.55,0.0875,0.0433,0.233,0.0756,-0.0718,0.552
2025,10,10,26,0.0969,.,.,.,.,.,0.437,0.14,0.103,0.274,0.0584,-0.123,0.558
2025,10,10,27,0.0782,.,.,.,.,.,0.181,0.144,0.139,0.127,0.0138,-0.133,0.622
2025,10,10,28,1.07,.,.,.,.,.,1.81,0.767,0.663,1.03,1.37,1.55,1.67
2025,10,10,29,0.42,.,.,.,.,.,0.627,0.557,0.547,0.534,0.333,0.127,0.964
2025,10,10,30,1.45,.,.,.,.,.,1.32,1.41,1.37,1.83,1.45,1.09,1.73
2025,10,10,31,0.264,.,.,.,.,.,0.748,0.234,0.174,0.266,0.278,0.205,0.771
2025,10,10,32,-0.17,.,.,.,.,.,-0.185,-0.132,-0.125,-0.141,-0.221,-0.295,-0.0628
2025,10,10,33,1.11,.,.,.,.,.,2.1,1.15,1.06,1.15,1.03,0.853,1.59
2025,10,10,34,0.239,.,.,.,.,.,1.27,0.424,0.349,0.293,0.128,0.0158,0.466
2025,10,10,35,0.48,.,.,.,.,.,0.642,0.276,0.233,0.717,0.553,0.359,0.891
2025,10,10,36,0.172,.,.,.,.,.,0.903,0.344,0.29,0.31,0.0788,-0.0831,0.553
2025,10,10,37,0.0148,.,.,.,.,.,0.113,0.0761,0.0711,0.208,-0.0335,-0.224,0.638
2025,10,10,38,0.91,.,.,.,.,.,1.01,0.651,0.617,1.21,1.06,0.945,1.09
2025,10,10,39,0.047,.,.,.,.,.,0.494,0.141,0.102,0.0954,-0.0234,-0.147,0.284
2025,10,10,40,0.239,.,.,.,.,.,0.437,0.209,0.182,0.253,0.226,0.0963,0.798
2025,10,10,41,0.261,.,.,.,.,.,0.656,0.252,0.208,0.459,0.266,0.014,1.02
2025,10,10,42,0.21,.,.,.,.,.,0.885,0.412,0.366,0.256,0.0773,-0.0847,0.435
2025,10,10,44,0.553,.,.,.,.,.,0.946,0.331,0.271,0.646,0.616,0.551,0.906
2025,10,10,45,0.573,.,.,.,.,.,0.553,0.51,0.504,0.784,0.617,0.41,1.1
2025,10,10,46,1.5,.,.,.,.,.,2.14,1.05,0.943,1.82,1.75,1.65,1.93
2025,10,10,47,0.0958,.,.,.,.,.,0.349,0.102,0.0738,0.183,0.0759,-0.0562,0.51
2025,10,10,48,0.0422,.,.,.,.,.,0.235,0.0984,0.0807,0.157,0.00156,-0.157,0.692
2025,10,10,49,0.125,.,.,.,.,.,0.517,0.149,0.108,0.323,0.0941,-0.0692,0.332
2025,10,10,50,1.57,.,.,.,.,.,2.14,1.41,1.37,1.83,1.79,1.85,2.03
2025,10,10,51,0.0647,.,.,.,.,.,0.336,0.228,0.215,0.232,-0.0151,-0.158,0.37
2025,10,10,53,-0.0161,.,.,.,.,.,0.208,-0.00468,-0.0263,0.0379,-0.0392,-0.171,0.506
2025,10,10,54,1.29,.,.,.,.,.,2.14,1.16,1.06,1.45,1.36,1.29,1.39
2025,10,10,55,0.163,.,.,.,.,.,0.389,0.175,0.152,0.333,0.14,-0.0138,0.39
2025,10,10,56,1.25,.,.,.,.,.,2.08,1.22,1.12,1.48,1.19,1.2,0.768
2025,10,17,1,0.436,.,.,.,.,.,1.18,0.42,0.331,0.56,0.435,0.34,0.533
2025,10,17,2,0.233,.,.,.,.,.,0.556,0.296,0.263,0.402,0.216,0.258,-0.154
2025,10,17,4,-0.163,.,.,.,.,.,-0.109,-0.232,-0.249,-0.111,-0.137,-0.21,0.196
2025,10,17,5,0.431,.,.,.,.,.,0.568,0.243,0.209,0.564,0.507,0.477,0.481
2025,10,17,6,-0.298,.,.,.,.,.,-0.189,-0.273,-0.283,-0.199,-0.323,-0.436,0.041
2025,10,17,8,-0.19,.,.,.,.,.,-0.263,-0.207,-0.2,-0.126,-0.195,-0.293,0.23
2025,10,17,9,0.42,.,.,.,.,.,0.442,0.254,0.233,0.685,0.472,0.263,1.11
2025,10,17,10,0.401,.,.,.,.,.,0.9,0.292,0.234,0.409,0.364,0.266,0.702
2025,10,17,11,-0.351,.,.,.,.,.,-0.0516,-0.187,-0.203,-0.281,-0.388,-0.441,-0.189
2025,10,17,12,0.114,.,.,.,.,.,0.221,0.0837,0.0647,0.247,0.116,-0.0644,0.695
2025,10,17,13,0.112,.,.,.,.,.,0.281,0.142,0.125,0.301,0.0876,-0.0821,0.679
2025,10,17,15,0.49,.,.,.,.,.,1.34,0.642,0.54,0.606,0.403,0.232,0.616
2025,10,17,16,0.413,.,.,.,.,.,0.168,0.291,0.307,0.726,0.45,0.274,0.619
2025,10,17,17,-0.0219,.,.,.,.,.,0.265,-0.11,-0.143,0.102,-0.0051,-0.138,0.545
2025,10,17,18,0.14,.,.,.,.,.,0.354,0.0242,-0.0102,0.248,0.204,0.0726,0.681
2025,10,17,19,0.557,.,.,.,.,.,0.527,0.307,0.286,0.706,0.669,0.534,1.3
2025,10,17,20,0.477,.,.,.,.,.,0.0823,0.212,0.23,0.618,0.628,0.575,0.965
2025,10,17,21,0.228,.,.,.,.,.,0.385,0.152,0.128,0.27,0.281,0.16,0.879
2025,10,17,22,0.339,.,.,.,.,.,0.353,0.247,0.233,0.482,0.372,0.216,0.833
2025,10,17,23,1.57,.,.,.,.,.,1.93,1.41,1.37,1.83,1.79,1.46,2.03
2025,10,17,24,0.0649,.,.,.,.,.,0.574,0.128,0.0812,0.245,0.0313,-0.152,0.646
2025,10,17,25,0.0207,.,.,.,.,.,0.535,0.0462,-0.0005,0.221,-0.00627,-0.158,0.336
2025,10,17,26,0.103,.,.,.,.,.,0.23,0.0711,0.0515,0.342,0.109,-0.0598,0.477
2025,10,17,27,0.036,.,.,.,.,.,0.145,0.0589,0.0492,0.13,-0.00821,-0.18,0.682
2025,10,17,28,0.871,.,.,.,.,.,0.781,0.411,0.374,0.889,1.28,1.53,1.48
2025,10,17,29,0.298,.,.,.,.,.,0.305,0.291,0.289,0.456,0.285,0.107,0.835
2025,10,17,30,1.15,.,.,.,.,.,1.22,1.12,1.1,1.63,1.1,0.73,1.3
2025,10,17,31,0.23,.,.,.,.,.,0.195,0.0488,0.0319,0.27,0.308,0.224,0.974
2025,10,17,32,-0.171,.,.,.,.,.,-0.292,-0.198,-0.185,-0.0991,-0.172,-0.254,0.0446
2025,10,17,33,0.91,.,.,.,.,.,2.14,1.04,0.929,1.04,0.783,0.492,1.52
2025,10,17,34,0.0503,.,.,.,.,.,0.388,0.0619,0.0329,0.281,0.0284,-0.145,0.565
2025,10,17,35,0.463,.,.,.,.,.,0.309,0.102,0.0771,0.735,0.622,0.49,0.851
2025,10,17,36,0.13,.,.,.,.,.,0.516,0.21,0.18,0.277,0.0798,-0.0493,0.428
2025,10,17,37,-0.00537,.,.,.,.,.,0.0348,-0.00613,-0.0116,0.229,-0.0238,-0.204,0.538
2025,10,17,38,0.842,.,.,.,.,.,1.22,0.502,0.435,1.11,1.04,0.964,1.16
2025,10,17,39,-0.0174,.,.,.,.,.,0.229,0.0225,-0.000446,0.0607,-0.0528,-0.16,0.178
2025,10,17,40,0.0648,.,.,.,.,.,-0.056,-0.0744,-0.0766,0.199,0.133,-0.00499,0.623
2025,10,17,41,0.203,.,.,.,.,.,0.392,0.152,0.126,0.507,0.232,-0.0833,1.09
2025,10,17,42,0.127,.,.,.,.,.,0.459,0.195,0.169,0.258,0.0559,-0.112,0.384
2025,10,17,44,0.553,.,.,.,.,.,0.637,0.23,0.191,0.517,0.706,0.827,0.482
2025,10,17,45,0.581,.,.,.,.,.,0.363,0.331,0.327,0.821,0.78,0.707,1.0
2025,10,17,46,1.42,.,.,.,.,.,1.91,0.776,0.69,1.83,1.79,1.7,2.03
2025,10,17,47,0.0529,.,.,.,.,.,0.317,0.0554,0.0261,0.102,0.0405,-0.0618,0.447
2025,10,17,48,-0.0183,.,.,.,.,.,-0.0239,-0.0706,-0.0767,0.167,-0.0022,-0.167,0.694
2025,10,17,49,0.0277,.,.,.,.,.,0.177,-0.000705,-0.0208,0.186,0.0249,-0.116,0.363
2025,10,17,50,1.57,.,.,.,.,.,2.14,1.41,1.37,1.83,1.79,1.85,2.03
2025,10,17,51,0.0446,.,.,.,.,.,0.471,0.205,0.172,0.241,-0.0266,-0.216,0.637
2025,10,17,53,0.00233,.,.,.,.,.,0.0848,-0.0617,-0.0767,0.258,0.0184,-0.18,0.516
2025,10,17,54,1.14,.,.,.,.,.,2.14,1.04,0.902,1.38,1.18,1.06,1.21
2025,10,17,55,0.105,.,.,.,.,.,0.302,0.07,0.0451,0.305,0.116,-0.0274,0.326
2025,10,17,56,1.04,.,.,.,.,.,1.83,1.11,1.04,1.3,0.943,0.777,0.867
2025,10,24,1,0.356,.,.,.,.,.,0.366,0.234,0.219,0.486,0.425,0.362,0.542
2025,10,24,2,0.392,.,.,.,.,.,0.282,0.248,0.243,0.584,0.485,0.568,0.152
2025,10,24,4,-0.155,.,.,.,.,.,-0.274,-0.262,-0.261,-0.11,-0.115,-0.172,0.185
2025,10,24,5,0.387,.,.,.,.,.,0.458,0.108,0.0706,0.596,0.53,0.469,0.59
2025,10,24,6,-0.265,.,.,.,.,.,-0.251,-0.282,-0.286,-0.184,-0.266,-0.352,0.0408
2025,10,24,8,-0.222,.,.,.,.,.,-0.335,-0.279,-0.271,-0.182,-0.206,-0.266,0.118
2025,10,24,9,0.53,.,.,.,.,.,0.464,0.338,0.324,0.482,0.587,0.524,1.18
2025,10,24,10,0.344,.,.,.,.,.,0.45,0.16,0.132,0.402,0.376,0.354,0.421
2025,10,24,11,-0.341,.,.,.,.,.,-0.296,-0.258,-0.253,-0.274,-0.36,-0.409,-0.155
2025,10,24,12,0.0919,.,.,.,.,.,0.176,0.0643,0.0489,0.218,0.0939,-0.069,0.603
2025,10,24,13,0.0771,.,.,.,.,.,-0.0427,0.0317,0.0407,0.275,0.0924,-0.0629,0.676
2025,10,24,15,0.433,.,.,.,.,.,1.06,0.377,0.277,0.562,0.507,0.397,0.843
2025,10,24,16,0.3,.,.,.,.,.,-0.118,0.0866,0.113,0.511,0.396,0.344,0.357
2025,10,24,17,0.0818,.,.,.,.,.,0.206,-0.00772,-0.0263,0.144,0.103,0.0417,0.375
2025,10,24,18,0.118,.,.,.,.,.,0.0153,-0.0727,-0.0819,0.224,0.221,0.159,0.501
2025,10,24,19,0.463,.,.,.,.,.,0.3,0.157,0.144,0.666,0.654,0.567,1.09
2025,10,24,20,0.402,.,.,.,.,.,-0.0718,0.113,0.139,0.496,0.591,0.609,0.821
2025,10,24,21,0.229,.,.,.,.,.,0.0838,0.0329,0.0275,0.362,0.367,0.28,0.794
2025,10,24,22,0.254,.,.,.,.,.,0.209,0.0882,0.0715,0.356,0.343,0.259,0.739
2025,10,24,23,1.57,.,.,.,.,.,1.49,1.41,1.37,1.83,1.79,1.85,2.03
2025,10,24,24,0.0135,.,.,.,.,.,0.0103,-0.0627,-0.0704,0.163,0.0311,-0.105,0.56
2025,10,24,25,0.235,.,.,.,.,.,0.324,0.0815,0.0584,0.356,0.28,0.151,0.842
2025,10,24,26,0.0711,.,.,.,.,.,0.0933,0.00867,-0.00177,0.272,0.0974,-0.0473,0.49
2025,10,24,27,0.0493,.,.,.,.,.,-0.0668,0.076,0.0921,0.101,0.0151,-0.0881,0.423
2025,10,24,28,0.973,.,.,.,.,.,0.946,0.413,0.36,0.937,1.54,1.85,1.59
2025,10,24,29,0.358,.,.,.,.,.,0.293,0.378,0.39,0.44,0.334,0.213,0.742
2025,10,24,30,1.36,.,.,.,.,.,1.04,1.13,1.15,1.77,1.43,1.22,1.5
2025,10,24,31,0.221,.,.,.,.,.,0.0356,0.034,0.0338,0.237,0.316,0.269,0.909
2025,10,24,32,-0.178,.,.,.,.,.,-0.37,-0.222,-0.202,-0.0888,-0.157,-0.229,0.0235
2025,10,24,33,1.43,.,.,.,.,.,2.14,1.13,1.01,1.75,1.59,1.32,2.03
2025,10,24,34,0.254,.,.,.,.,.,0.0844,0.117,0.12,0.432,0.306,0.165,0.979
2025,10,24,35,0.569,.,.,.,.,.,0.231,0.312,0.321,0.56,0.698,0.745,0.79
2025,10,24,36,0.196,.,.,.,.,.,0.477,0.282,0.263,0.356,0.14,0.00788,0.469
2025,10,24,37,0.0049,.,.,.,.,.,-0.0771,-0.0373,-0.0319,0.252,0.0175,-0.149,0.534
2025,10,24,38,0.858,.,.,.,.,.,0.476,0.328,0.314,0.883,1.2,1.41,1.21
2025,10,24,39,-0.00485,.,.,.,.,.,-0.00166,-0.0147,-0.0162,0.073,-0.00682,-0.0972,0.241
2025,10,24,40,0.115,.,.,.,.,.,-0.18,-0.118,-0.11,0.328,0.26,0.102,0.839
2025,10,24,41,0.234,.,.,.,.,.,0.0845,0.0993,0.101,0.519,0.32,0.105,0.88
2025,10,24,42,0.177,.,.,.,.,.,0.359,0.215,0.2,0.334,0.128,-0.0255,0.378
2025,10,24,44,0.895,.,.,.,.,.,0.514,0.276,0.254,0.656,1.18,1.44,0.976
2025,10,24,45,0.542,.,.,.,.,.,0.367,0.301,0.292,0.831,0.726,0.56,1.2
2025,10,24,46,1.32,.,.,.,.,.,1.89,0.728,0.64,1.38,1.63,1.75,1.82
2025,10,24,47,0.0777,.,.,.,.,.,0.000814,-0.0158,-0.0177,0.191,0.129,0.0493,0.401
2025,10,24,48,-0.028,.,.,.,.,.,-0.07,-0.0955,-0.0988,0.138,-0.00681,-0.157,0.662
2025,10,24,49,0.0263,.,.,.,.,.,0.0382,0.0113,0.00824,0.0991,0.0135,-0.0708,0.252
2025,10,24,50,1.57,.,.,.,.,.,2.14,1.41,1.37,1.83,1.79,1.85,1.94
2025,10,24,51,0.101,.,.,.,.,.,0.115,0.143,0.147,0.307,0.0732,-0.0925,0.658
2025,10,24,53,-0.0105,.,.,.,.,.,0.0686,-0.122,-0.142,0.234,0.0336,-0.155,0.582
2025,10,24,54,1.15,.,.,.,.,.,1.93,0.816,0.722,1.41,1.36,1.4,1.19
2025,10,24,55,0.201,.,.,.,.,.,0.0644,0.0538,0.0527,0.428,0.303,0.196,0.502
2025,10,24,56,0.961,.,.,.,.,.,0.908,0.668,0.643,1.74,1.09,0.944,0.592
2025,10,31,1,0.34,.,.,.,.,.,0.493,0.25,0.222,0.518,0.398,0.31,0.479
2025,10,31,2,0.197,.,.,.,.,.,0.436,0.343,0.331,0.129,0.121,0.278,-0.253
2025,10,31,4,-0.233,.,.,.,.,.,-0.343,-0.285,-0.277,-0.214,-0.219,-0.254,-0.0307
2025,10,31,5,0.336,.,.,.,.,.,0.354,0.174,0.155,0.47,0.424,0.46,0.197
2025,10,31,6,-0.358,.,.,.,.,.,-0.292,-0.333,-0.338,-0.299,-0.384,-0.469,-0.0866
2025,10,31,8,-0.327,.,.,.,.,.,-0.356,-0.359,-0.36,-0.314,-0.329,-0.386,0.00554
2025,10,31,9,0.109,.,.,.,.,.,-0.014,0.131,0.146,0.236,0.0671,-0.074,0.437
2025,10,31,10,0.217,.,.,.,.,.,0.15,0.196,0.2,0.248,0.174,0.0908,0.401
2025,10,31,11,-0.394,.,.,.,.,.,-0.315,-0.308,-0.307,-0.374,-0.423,-0.461,-0.241
2025,10,31,12,0.069,.,.,.,.,.,0.147,0.0548,0.0421,0.184,0.0693,-0.0817,0.54
2025,10,31,13,-0.0203,.,.,.,.,.,0.0171,0.0113,0.0106,0.11,-0.0449,-0.185,0.513
2025,10,31,15,0.214,.,.,.,.,.,0.745,0.293,0.227,0.166,0.169,0.178,0.137
2025,10,31,16,0.266,.,.,.,.,.,0.0497,0.185,0.203,0.334,0.289,0.238,0.43
2025,10,31,17,-0.0973,.,.,.,.,.,0.13,-0.109,-0.13,-0.0887,-0.119,-0.189,0.244
2025,10,31,18,0.0478,.,.,.,.,.,0.0594,-0.0747,-0.0887,0.0937,0.103,0.0358,0.443
2025,10,31,19,0.277,.,.,.,.,.,0.428,0.0595,0.0239,0.348,0.377,0.324,0.761
2025,10,31,20,0.349,.,.,.,.,.,0.117,0.164,0.171,0.352,0.453,0.441,0.876
2025,10,31,21,0.0637,.,.,.,.,.,0.111,-0.0343,-0.0496,0.18,0.117,0.0162,0.412
2025,10,31,22,0.118,.,.,.,.,.,0.138,0.00167,-0.0172,0.257,0.17,0.00959,0.725
2025,10,31,23,1.43,.,.,.,.,.,1.06,1.27,1.3,1.78,1.49,1.22,1.88
2025,10,31,24,-0.0839,.,.,.,.,.,-0.0358,-0.112,-0.12,0.0362,-0.0824,-0.205,0.393
2025,10,31,25,-0.0103,.,.,.,.,.,0.196,-0.00245,-0.0214,0.114,-0.0335,-0.164,0.373
2025,10,31,26,0.0044,.,.,.,.,.,-0.0262,-0.0403,-0.042,0.16,0.0172,-0.123,0.483
2025,10,31,27,-0.0596,.,.,.,.,.,-0.0592,-0.0455,-0.044,-0.013,-0.0942,-0.217,0.46
2025,10,31,28,0.666,.,.,.,.,.,0.587,0.228,0.192,0.747,1.08,1.26,1.36
2025,10,31,29,0.205,.,.,.,.,.,0.208,0.209,0.209,0.345,0.181,0.021,0.642
2025,10,31,30,1.02,.,.,.,.,.,1.22,1.06,1.03,1.2,1.01,0.951,0.871
2025,10,31,31,0.0364,.,.,.,.,.,-0.0685,-0.0745,-0.0752,-0.00158,0.0871,0.0791,0.476
2025,10,31,32,-0.218,.,.,.,.,.,-0.25,-0.22,-0.216,-0.178,-0.235,-0.308,-0.0187
2025,10,31,33,1.1,.,.,.,.,.,1.97,1.11,1.03,1.17,1.04,0.801,1.92
2025,10,31,34,-0.0184,.,.,.,.,.,0.132,0.00721,-0.00386,0.122,-0.0551,-0.184,0.38
2025,10,31,35,0.256,.,.,.,.,.,0.0293,0.0425,0.044,0.381,0.344,0.299,0.423
2025,10,31,36,0.0107,.,.,.,.,.,0.382,0.175,0.156,0.139,-0.0781,-0.211,0.252
2025,10,31,37,-0.0636,.,.,.,.,.,-0.0371,-0.0319,-0.0311,0.14,-0.0967,-0.259,0.383
2025,10,31,38,0.355,.,.,.,.,.,0.493,0.131,0.097,0.368,0.45,0.458,0.601
2025,10,31,39,-0.109,.,.,.,.,.,0.0466,-0.0833,-0.0977,-0.0572,-0.139,-0.218,0.0381
2025,10,31,40,-0.0875,.,.,.,.,.,-0.0442,-0.174,-0.189,0.00846,-0.0425,-0.122,0.198
2025,10,31,41,0.0646,.,.,.,.,.,0.023,-0.00428,-0.00724,0.121,0.092,-0.0479,0.713
2025,10,31,42,0.00752,.,.,.,.,.,0.186,0.0906,0.0813,0.118,-0.0689,-0.188,0.0555
2025,10,31,44,0.265,.,.,.,.,.,0.143,0.0759,0.0694,0.326,0.317,0.226,0.806
2025,10,31,45,0.416,.,.,.,.,.,0.2,0.261,0.269,0.648,0.53,0.416,0.725
2025,10,31,46,0.834,.,.,.,.,.,1.75,0.547,0.455,0.899,0.941,0.872,1.31
2025,10,31,47,-0.0725,.,.,.,.,.,0.11,-0.0852,-0.107,-0.026,-0.0768,-0.157,0.235
2025,10,31,48,-0.116,.,.,.,.,.,-0.0722,-0.0983,-0.102,-0.0206,-0.138,-0.251,0.335
2025,10,31,49,-0.00685,.,.,.,.,.,0.0694,-0.0261,-0.0369,0.0505,-0.0171,-0.0802,0.149
2025,10,31,50,1.57,.,.,.,.,.,1.75,1.41,1.37,1.83,1.7,1.68,1.42
2025,10,31,51,-0.0555,.,.,.,.,.,-0.0027,0.0455,0.0515,0.135,-0.104,-0.236,0.226
2025,10,31,53,-0.112,.,.,.,.,.,0.0199,-0.143,-0.16,-0.022,-0.11,-0.231,0.346
2025,10,31,54,0.799,.,.,.,.,.,0.867,0.53,0.502,1.22,0.98,0.901,0.785
2025,10,31,55,-0.0113,.,.,.,.,.,0.0626,-0.0179,-0.0265,0.068,-0.0212,-0.106,0.169
2025,10,31,56,0.608,.,.,.,.,.,0.969,0.49,0.439,0.724,0.665,0.718,0.463
2025,11,7,1,0.643,.,.,.,.,.,0.493,0.463,0.46,0.83,0.766,0.734,0.748
2025,11,7,2,0.562,.,.,.,.,.,1.32,0.747,0.673,0.635,0.508,0.528,0.276
2025,11,7,4,-0.0867,.,.,.,.,.,-0.146,-0.186,-0.192,-0.0524,-0.0503,-0.139,0.449
2025,11,7,5,0.678,.,.,.,.,.,0.378,0.435,0.441,0.974,0.81,0.751,0.634
2025,11,7,6,-0.19,.,.,.,.,.,-0.213,-0.225,-0.227,-0.132,-0.193,-0.324,0.436
2025,11,7,8,-0.133,.,.,.,.,.,-0.27,-0.196,-0.186,-0.0431,-0.119,-0.22,0.309
2025,11,7,9,0.638,.,.,.,.,.,0.709,0.631,0.623,0.846,0.62,0.33,1.67
2025,11,7,10,0.468,.,.,.,.,.,0.333,0.387,0.392,0.464,0.472,0.437,0.636
2025,11,7,11,-0.325,.,.,.,.,.,-0.0516,-0.252,-0.277,-0.252,-0.344,-0.376,-0.269
2025,11,7,12,0.195,.,.,.,.,.,0.287,0.18,0.165,0.316,0.196,0.00687,0.86
2025,11,7,13,0.192,.,.,.,.,.,0.077,0.172,0.183,0.464,0.197,0.0033,0.802
2025,11,7,15,0.524,.,.,.,.,.,0.633,0.45,0.424,0.764,0.598,0.4,1.03
2025,11,7,16,0.432,.,.,.,.,.,0.329,0.333,0.334,0.528,0.451,0.328,0.873
2025,11,7,17,0.132,.,.,.,.,.,0.162,0.0575,0.0484,0.162,0.142,0.0663,0.574
2025,11,7,18,0.263,.,.,.,.,.,0.0958,0.162,0.169,0.335,0.307,0.244,0.512
2025,11,7,19,0.561,.,.,.,.,.,0.324,0.297,0.295,0.688,0.726,0.703,0.961
2025,11,7,20,0.589,.,.,.,.,.,-0.0263,0.305,0.351,0.725,0.767,0.709,1.24
2025,11,7,21,0.342,.,.,.,.,.,0.0906,0.162,0.17,0.522,0.461,0.369,0.714
2025,11,7,22,0.362,.,.,.,.,.,0.197,0.218,0.221,0.542,0.443,0.321,0.76
2025,11,7,23,1.57,.,.,.,.,.,1.46,1.41,1.37,1.83,1.79,1.72,1.89
2025,11,7,24,0.0916,.,.,.,.,.,-0.174,0.0114,0.0309,0.236,0.118,-0.0457,0.859
2025,11,7,25,0.183,.,.,.,.,.,0.352,0.142,0.122,0.341,0.174,0.0192,0.669
2025,11,7,26,0.111,.,.,.,.,.,0.00535,0.0539,0.0599,0.346,0.134,-0.0421,0.608
2025,11,7,27,0.134,.,.,.,.,.,-0.0611,0.0856,0.102,0.282,0.132,-0.0535,0.874
2025,11,7,28,1.03,.,.,.,.,.,0.443,0.45,0.45,1.29,1.61,1.85,1.45
2025,11,7,29,0.405,.,.,.,.,.,0.222,0.37,0.39,0.534,0.404,0.275,0.78
2025,11,7,30,1.37,.,.,.,.,.,0.75,1.19,1.25,1.61,1.46,1.28,1.73
2025,11,7,31,0.24,.,.,.,.,.,0.0411,0.169,0.184,0.214,0.266,0.242,0.618
2025,11,7,32,-0.0914,.,.,.,.,.,-0.178,-0.0994,-0.0889,-0.0143,-0.104,-0.183,0.0484
2025,11,7,33,1.24,.,.,.,.,.,1.74,1.23,1.18,1.26,1.15,0.96,1.79
2025,11,7,34,0.171,.,.,.,.,.,0.369,0.154,0.135,0.299,0.164,0.0333,0.738
2025,11,7,35,0.666,.,.,.,.,.,0.264,0.349,0.359,0.933,0.83,0.769,0.844
2025,11,7,36,0.261,.,.,.,.,.,0.515,0.322,0.304,0.489,0.218,0.0561,0.601
2025,11,7,37,0.089,.,.,.,.,.,-0.0462,0.0293,0.0395,0.379,0.107,-0.077,0.637
2025,11,7,38,1.11,.,.,.,.,.,0.298,0.487,0.505,1.7,1.49,1.41,1.29
2025,11,7,39,0.124,.,.,.,.,.,0.0778,0.13,0.136,0.212,0.109,-0.0287,0.546
2025,11,7,40,0.139,.,.,.,.,.,0.0914,-0.0356,-0.0507,0.33,0.239,0.108,0.613
2025,11,7,41,0.291,.,.,.,.,.,0.183,0.203,0.205,0.478,0.327,0.128,0.924
2025,11,7,42,0.149,.,.,.,.,.,0.258,0.229,0.226,0.275,0.0816,-0.0739,0.371
2025,11,7,44,0.624,.,.,.,.,.,0.591,0.278,0.248,0.809,0.76,0.588,1.59
2025,11,7,45,0.576,.,.,.,.,.,0.18,0.319,0.338,0.914,0.772,0.569,1.31
2025,11,7,46,1.33,.,.,.,.,.,1.41,0.578,0.515,1.75,1.79,1.81,1.78
2025,11,7,47,0.108,.,.,.,.,.,0.00732,0.00674,0.00668,0.239,0.167,0.0636,0.547
2025,11,7,48,0.0828,.,.,.,.,.,0.0106,0.0205,0.0218,0.243,0.106,-0.0578,0.909
2025,11,7,49,0.167,.,.,.,.,.,0.399,0.225,0.206,0.2,0.0953,-0.0235,0.49
2025,11,7,50,1.57,.,.,.,.,.,1.85,1.41,1.37,1.83,1.79,1.85,1.69
2025,11,7,51,0.101,.,.,.,.,.,0.0621,0.148,0.159,0.283,0.0734,-0.0771,0.611
2025,11,7,53,0.0478,.,.,.,.,.,0.0632,-0.0435,-0.0544,0.265,0.0802,-0.0965,0.6
2025,11,7,54,1.41,.,.,.,.,.,1.65,1.14,1.1,1.83,1.55,1.38,1.42
2025,11,7,55,0.285,.,.,.,.,.,0.229,0.19,0.186,0.446,0.342,0.27,0.413
2025,11,7,56,1.08,.,.,.,.,.,0.846,0.936,0.946,1.68,1.14,1.02,0.699
2025,11,14,1,0.424,.,.,.,.,.,0.202,0.24,0.244,0.713,0.548,0.455,0.543
2025,11,14,2,0.208,.,.,.,.,.,0.00855,0.1,0.112,0.289,0.273,0.411,-0.0671
2025,11,14,4,-0.191,.,.,.,.,.,-0.226,-0.256,-0.26,-0.132,-0.167,-0.221,0.0278
2025,11,14,5,0.443,.,.,.,.,.,0.391,0.221,0.203,0.641,0.556,0.564,0.335
2025,11,14,6,-0.302,.,.,.,.,.,-0.31,-0.319,-0.32,-0.252,-0.307,-0.389,0.0429
2025,11,14,8,-0.239,.,.,.,.,.,-0.35,-0.343,-0.342,-0.105,-0.201,-0.31,0.203
2025,11,14,9,0.386,.,.,.,.,.,0.111,0.224,0.236,0.607,0.439,0.214,1.27
2025,11,14,10,0.424,.,.,.,.,.,-0.0167,0.203,0.224,0.342,0.462,0.44,0.756
2025,11,14,11,-0.365,.,.,.,.,.,-0.38,-0.244,-0.227,-0.362,-0.388,-0.421,-0.201
2025,11,14,12,0.0832,.,.,.,.,.,0.087,0.0578,0.0538,0.177,0.0919,-0.0491,0.604
2025,11,14,13,0.0377,.,.,.,.,.,-0.0203,0.00571,0.00882,0.227,0.0431,-0.102,0.549
2025,11,14,15,0.3,.,.,.,.,.,0.783,0.319,0.251,0.432,0.316,0.245,0.321
2025,11,14,16,0.291,.,.,.,.,.,0.106,0.173,0.182,0.447,0.338,0.29,0.299
2025,11,14,17,0.00788,.,.,.,.,.,0.0268,-0.0914,-0.102,0.0747,0.0283,-0.0261,0.245
2025,11,14,18,0.136,.,.,.,.,.,0.0728,-0.0633,-0.0775,0.317,0.25,0.136,0.576
2025,11,14,19,0.331,.,.,.,.,.,0.239,0.0445,0.0257,0.544,0.505,0.439,0.752
2025,11,14,20,0.407,.,.,.,.,.,0.0508,0.156,0.17,0.499,0.551,0.565,0.651
2025,11,14,21,0.18,.,.,.,.,.,0.216,0.0251,0.005,0.297,0.289,0.229,0.542
2025,11,14,22,0.212,.,.,.,.,.,0.157,0.113,0.107,0.392,0.273,0.187,0.334
2025,11,14,23,1.47,.,.,.,.,.,0.467,1.31,1.37,1.53,1.52,1.47,1.7
2025,11,14,24,0.21,.,.,.,.,.,-0.16,0.0431,0.0644,0.325,0.255,0.111,1.0
2025,11,14,25,0.0524,.,.,.,.,.,-0.0762,0.00933,0.0175,0.172,0.0488,-0.0601,0.387
2025,11,14,26,0.042,.,.,.,.,.,-0.0386,-0.0173,-0.0147,0.211,0.0659,-0.0428,0.316
2025,11,14,27,-0.0205,.,.,.,.,.,-0.239,-0.0993,-0.0836,0.0217,-0.00758,-0.0845,0.416
2025,11,14,28,0.909,.,.,.,.,.,0.759,0.374,0.335,1.03,1.47,1.85,1.26
2025,11,14,29,0.237,.,.,.,.,.,0.122,0.191,0.201,0.466,0.246,0.105,0.44
2025,11,14,30,1.08,.,.,.,.,.,0.333,1.02,1.13,1.34,1.1,1.17,0.491
2025,11,14,31,0.119,.,.,.,.,.,0.2,-0.0551,-0.0848,0.0776,0.185,0.179,0.638
2025,11,14,32,-0.127,.,.,.,.,.,-0.277,-0.0902,-0.0652,-0.129,-0.184,-0.232,-0.0915
2025,11,14,33,1.06,.,.,.,.,.,1.18,0.888,0.861,1.21,1.14,0.97,1.81
2025,11,14,34,0.152,.,.,.,.,.,-0.0401,-0.0119,-0.0094,0.256,0.206,0.107,0.809
2025,11,14,35,0.542,.,.,.,.,.,0.14,0.178,0.183,0.679,0.715,0.739,0.7
2025,11,14,36,0.13,.,.,.,.,.,0.294,0.149,0.135,0.285,0.103,-0.0147,0.412
2025,11,14,37,-0.0625,.,.,.,.,.,-0.248,-0.122,-0.105,0.148,-0.0412,-0.185,0.447
2025,11,14,38,0.734,.,.,.,.,.,0.0844,0.0959,0.097,1.22,1.11,1.05,1.1
2025,11,14,39,-0.0291,.,.,.,.,.,-0.0878,-0.0634,-0.0607,0.125,-0.0135,-0.141,0.252
2025,11,14,40,0.0803,.,.,.,.,.,-0.0236,-0.0985,-0.107,0.268,0.202,0.0907,0.554
2025,11,14,41,0.0646,.,.,.,.,.,-0.118,0.0417,0.059,0.203,0.081,-0.0667,0.503
2025,11,14,42,0.089,.,.,.,.,.,-0.0151,0.113,0.126,0.192,0.0471,-0.0769,0.301
2025,11,14,44,0.449,.,.,.,.,.,0.421,0.104,0.0739,0.603,0.596,0.337,2.01
2025,11,14,45,0.487,.,.,.,.,.,0.154,0.233,0.243,0.781,0.679,0.542,1.02
2025,11,14,46,1.16,.,.,.,.,.,1.78,0.543,0.449,1.58,1.55,1.58,1.36
2025,11,14,47,0.00432,.,.,.,.,.,-0.0106,-0.0747,-0.0819,0.113,0.0529,-0.0247,0.316
2025,11,14,48,-0.0173,.,.,.,.,.,-0.129,-0.103,-0.1,0.114,0.0188,-0.0956,0.584
2025,11,14,49,-0.00495,.,.,.,.,.,0.153,-0.0744,-0.1,0.0991,0.0163,-0.0683,0.268
2025,11,14,50,1.57,.,.,.,.,.,1.09,1.41,1.37,1.83,1.79,1.85,1.57
2025,11,14,51,0.0554,.,.,.,.,.,-0.0553,0.0552,0.069,0.258,0.0447,-0.0947,0.492
2025,11,14,53,-0.128,.,.,.,.,.,0.0126,-0.16,-0.178,-0.0338,-0.123,-0.227,0.235
2025,11,14,54,1.04,.,.,.,.,.,1.17,0.684,0.643,1.27,1.28,1.28,1.3
2025,11,14,55,0.106,.,.,.,.,.,-0.177,-0.00566,0.0127,0.243,0.176,0.0869,0.46
2025,11,14,56,0.808,.,.,.,.,.,0.754,0.692,0.686,1.02,0.834,0.99,0.227
2025,11,21,1,0.39,.,.,.,.,.,0.257,0.253,0.253,0.616,0.487,0.419,0.468
2025,11,21,2,0.169,.,.,.,.,.,0.231,0.0962,0.0789,0.236,0.193,0.285,-0.0836
2025,11,21,4,-0.167,.,.,.,.,.,-0.295,-0.271,-0.268,-0.0929,-0.123,-0.202,0.232
2025,11,21,5,0.658,.,.,.,.,.,0.678,0.283,0.24,0.951,0.846,0.811,0.728
2025,11,21,6,-0.294,.,.,.,.,.,-0.292,-0.333,-0.338,-0.196,-0.282,-0.384,0.106
2025,11,21,8,-0.266,.,.,.,.,.,-0.397,-0.352,-0.346,-0.241,-0.243,-0.289,0.0625
2025,11,21,9,0.259,.,.,.,.,.,0.137,0.0963,0.092,0.503,0.315,0.174,0.644
2025,11,21,10,0.382,.,.,.,.,.,0.533,0.253,0.226,0.387,0.376,0.362,0.413
2025,11,21,11,-0.325,.,.,.,.,.,-0.202,-0.233,-0.237,-0.299,-0.349,-0.368,-0.303
2025,11,21,12,0.0481,.,.,.,.,.,0.15,0.00671,-0.0131,0.16,0.0665,-0.0671,0.511
2025,11,21,13,0.0231,.,.,.,.,.,0.0246,0.0219,0.0215,0.207,0.0115,-0.13,0.449
2025,11,21,15,0.479,.,.,.,.,.,0.64,0.493,0.471,0.553,0.487,0.401,0.69
2025,11,21,16,0.342,.,.,.,.,.,0.124,0.143,0.145,0.509,0.45,0.379,0.656
2025,11,21,17,-0.00121,.,.,.,.,.,0.235,-0.0444,-0.0687,0.0738,-0.00798,-0.0892,0.28
2025,11,21,18,0.0937,.,.,.,.,.,0.115,-0.0432,-0.0597,0.229,0.173,0.0962,0.357
2025,11,21,19,0.451,.,.,.,.,.,0.248,0.103,0.0887,0.569,0.648,0.667,0.78
2025,11,21,20,0.468,.,.,.,.,.,0.37,0.233,0.214,0.707,0.627,0.553,0.766
2025,11,21,21,0.177,.,.,.,.,.,0.138,0.0355,0.0246,0.329,0.28,0.208,0.472
2025,11,21,22,0.169,.,.,.,.,.,0.0436,0.0492,0.05,0.339,0.231,0.113,0.5
2025,11,21,23,1.57,.,.,.,.,.,1.27,1.41,1.37,1.83,1.72,1.65,1.43
2025,11,21,24,0.254,.,.,.,.,.,0.258,0.103,0.0866,0.344,0.302,0.19,0.917
2025,11,21,25,0.0746,.,.,.,.,.,0.0705,-0.0614,-0.0739,0.296,0.109,-0.0347,0.499
2025,11,21,26,0.058,.,.,.,.,.,0.00423,-0.0256,-0.0293,0.318,0.102,-0.0624,0.488
2025,11,21,27,-0.0215,.,.,.,.,.,-0.16,-0.0329,-0.0186,0.0278,-0.0394,-0.139,0.408
2025,11,21,28,0.828,.,.,.,.,.,0.329,0.296,0.293,0.827,1.36,1.85,0.911
2025,11,21,29,0.343,.,.,.,.,.,0.0317,0.193,0.216,0.718,0.419,0.213,0.76
2025,11,21,30,1.05,.,.,.,.,.,0.597,0.754,0.778,1.59,1.23,1.08,1.08
2025,11,21,31,0.187,.,.,.,.,.,0.321,0.034,0.000637,0.139,0.252,0.289,0.452
2025,11,21,32,-0.198,.,.,.,.,.,-0.264,-0.265,-0.265,-0.135,-0.173,-0.249,0.115
2025,11,21,33,1.21,.,.,.,.,.,1.75,0.92,0.842,1.53,1.3,1.03,2.03
2025,11,21,34,0.127,.,.,.,.,.,0.113,0.12,0.121,0.218,0.109,-0.00218,0.613
2025,11,21,35,0.455,.,.,.,.,.,0.0163,0.0838,0.0917,0.749,0.628,0.58,0.567
2025,11,21,36,0.0626,.,.,.,.,.,0.261,0.103,0.0877,0.279,0.0272,-0.106,0.279
2025,11,21,37,-0.048,.,.,.,.,.,-0.0671,-0.0665,-0.0665,0.155,-0.05,-0.2,0.43
2025,11,21,38,0.618,.,.,.,.,.,-0.00444,0.131,0.144,0.895,0.91,1.04,0.516
2025,11,21,39,-0.0511,.,.,.,.,.,-0.0499,-0.058,-0.0589,0.0358,-0.0506,-0.143,0.185
2025,11,21,40,0.122,.,.,.,.,.,-0.115,-0.117,-0.117,0.279,0.276,0.171,0.798
2025,11,21,41,0.142,.,.,.,.,.,0.269,0.0699,0.0483,0.381,0.194,-0.00456,0.696
2025,11,21,42,-0.0371,.,.,.,.,.,0.108,0.0247,0.0166,0.113,-0.0863,-0.203,-0.00461
2025,11,21,44,0.276,.,.,.,.,.,-0.0425,-0.0461,-0.0464,0.38,0.381,0.269,1.01
2025,11,21,45,0.449,.,.,.,.,.,0.191,0.216,0.219,0.674,0.608,0.491,0.958
2025,11,21,46,0.929,.,.,.,.,.,1.6,0.409,0.319,1.22,1.23,1.37,0.718
2025,11,21,47,-0.0661,.,.,.,.,.,-0.115,-0.154,-0.159,0.0328,-0.00923,-0.0655,0.187
2025,11,21,48,-0.0356,.,.,.,.,.,-0.0789,-0.124,-0.129,0.129,-0.000777,-0.147,0.688
2025,11,21,49,0.0461,.,.,.,.,.,0.125,-0.0582,-0.0789,0.0704,0.0872,0.0494,0.392
2025,11,21,50,1.57,.,.,.,.,.,1.17,1.41,1.37,1.83,1.79,1.85,1.43
2025,11,21,51,0.00267,.,.,.,.,.,0.151,0.0397,0.0258,0.15,-0.0271,-0.149,0.394
2025,11,21,53,-0.106,.,.,.,.,.,-0.065,-0.146,-0.155,0.0461,-0.0964,-0.234,0.313
2025,11,21,54,1.08,.,.,.,.,.,1.65,0.815,0.745,1.1,1.24,1.44,0.893
2025,11,21,55,0.105,.,.,.,.,.,0.0236,-0.02,-0.0247,0.3,0.183,0.069,0.451
2025,11,21,56,0.845,.,.,.,.,.,0.415,0.6,0.62,1.23,0.953,1.14,0.15
2025,11,28,1,-0.134,.,.,.,.,.,-0.161,-0.218,-0.225,0.00304,-0.0691,-0.0901,-0.151
2025,11,28,2,0.0104,.,.,.,.,.,0.162,-0.133,-0.171,0.0506,0.0585,0.115,-0.0588
2025,11,28,4,-0.432,.,.,.,.,.,-0.517,-0.517,-0.517,-0.427,-0.396,-0.414,-0.201
2025,11,28,5,-0.0538,.,.,.,.,.,0.415,-0.19,-0.255,0.0308,0.0108,0.0273,-0.0917
2025,11,28,6,-0.506,.,.,.,.,.,-0.49,-0.546,-0.553,-0.453,-0.494,-0.552,-0.253
2025,11,28,8,-0.5,.,.,.,.,.,-0.604,-0.58,-0.577,-0.45,-0.473,-0.52,-0.236
2025,11,28,9,-0.0212,.,.,.,.,.,-0.135,-0.209,-0.217,0.0943,0.0699,0.0271,0.246
2025,11,28,10,-0.00439,.,.,.,.,.,-0.133,-0.103,-0.0998,-0.0167,-0.0106,-0.0527,0.178
2025,11,28,11,-0.514,.,.,.,.,.,-0.643,-0.522,-0.507,-0.507,-0.522,-0.547,-0.373
2025,11,28,12,-0.254,.,.,.,.,.,-0.228,-0.303,-0.313,-0.173,-0.225,-0.334,0.212
2025,11,28,13,-0.312,.,.,.,.,.,-0.392,-0.362,-0.359,-0.12,-0.283,-0.39,-0.00883
2025,11,28,15,-0.0159,.,.,.,.,.,0.0412,-0.0791,-0.0968,0.0823,0.0496,0.0269,0.063
2025,11,28,16,-0.0823,.,.,.,.,.,-0.168,-0.287,-0.303,0.0704,0.0232,0.0362,-0.164
2025,11,28,17,-0.283,.,.,.,.,.,0.153,-0.378,-0.425,-0.191,-0.247,-0.321,0.0699
2025,11,28,18,-0.233,.,.,.,.,.,-0.188,-0.346,-0.362,-0.215,-0.158,-0.173,0.0773
2025,11,28,19,0.048,.,.,.,.,.,1.07,-0.208,-0.332,0.202,0.219,0.251,0.0932
2025,11,28,20,0.0263,.,.,.,.,.,0.138,-0.153,-0.194,0.0746,0.145,0.187,0.16
2025,11,28,21,-0.168,.,.,.,.,.,-0.296,-0.342,-0.347,-0.0384,-0.0396,-0.0781,0.137
2025,11,28,22,-0.143,.,.,.,.,.,-0.186,-0.203,-0.205,-0.0747,-0.106,-0.173,0.14
2025,11,28,23,0.933,.,.,.,.,.,0.0519,0.421,0.478,1.44,1.22,1.19,0.849
2025,11,28,24,-0.133,.,.,.,.,.,-0.235,-0.294,-0.3,0.147,-0.0673,-0.208,0.265
2025,11,28,25,-0.285,.,.,.,.,.,-0.253,-0.382,-0.394,-0.172,-0.256,-0.323,-0.0653
2025,11,28,26,-0.227,.,.,.,.,.,-0.349,-0.346,-0.345,-0.0254,-0.157,-0.267,0.138
2025,11,28,27,-0.323,.,.,.,.,.,-0.218,-0.354,-0.37,-0.276,-0.331,-0.412,0.0328
2025,11,28,28,0.494,.,.,.,.,.,0.372,0.0821,0.0531,0.471,0.91,1.41,0.284
2025,11,28,29,-0.0857,.,.,.,.,.,0.0817,-0.157,-0.19,0.0818,-0.0546,-0.16,0.167
2025,11,28,30,0.505,.,.,.,.,.,0.167,0.0786,0.0649,0.788,0.735,0.747,0.606
2025,11,28,31,-0.193,.,.,.,.,.,-0.0849,-0.334,-0.363,-0.223,-0.108,-0.0827,0.181
2025,11,28,32,-0.476,.,.,.,.,.,-0.48,-0.513,-0.517,-0.472,-0.46,-0.489,-0.272
2025,11,28,33,0.736,.,.,.,.,.,0.656,0.333,0.303,0.997,0.919,0.729,1.66
2025,11,28,34,-0.201,.,.,.,.,.,-0.363,-0.27,-0.262,-0.0653,-0.18,-0.277,0.198
2025,11,28,35,0.0271,.,.,.,.,.,-0.264,-0.26,-0.26,0.262,0.171,0.17,0.0118
2025,11,28,36,-0.276,.,.,.,.,.,-0.0371,-0.27,-0.293,-0.121,-0.287,-0.385,-0.0583
2025,11,28,37,-0.323,.,.,.,.,.,-0.435,-0.402,-0.398,-0.117,-0.282,-0.396,0.0533
2025,11,28,38,0.239,.,.,.,.,.,0.0844,-0.169,-0.192,0.655,0.517,0.52,0.203
2025,11,28,39,-0.346,.,.,.,.,.,-0.345,-0.382,-0.386,-0.263,-0.326,-0.378,-0.237
2025,11,28,40,-0.322,.,.,.,.,.,-0.292,-0.452,-0.471,-0.25,-0.242,-0.302,0.0827
2025,11,28,41,-0.119,.,.,.,.,.,-0.287,-0.288,-0.288,0.0944,-0.0211,-0.137,0.26
2025,11,28,42,-0.299,.,.,.,.,.,-0.211,-0.303,-0.312,-0.134,-0.302,-0.403,-0.222
2025,11,28,44,-0.0541,.,.,.,.,.,-0.0888,-0.243,-0.257,0.00124,0.00874,-0.0893,0.571
2025,11,28,45,-0.0191,.,.,.,.,.,-0.365,-0.275,-0.263,0.329,0.183,0.0584,0.347
2025,11,28,46,0.561,.,.,.,.,.,1.33,-0.00746,-0.109,0.786,0.934,1.1,0.673
2025,11,28,47,-0.309,.,.,.,.,.,-0.24,-0.372,-0.387,-0.202,-0.267,-0.325,-0.136
2025,11,28,48,-0.382,.,.,.,.,.,-0.337,-0.388,-0.395,-0.293,-0.382,-0.465,-0.0414
2025,11,28,49,-0.347,.,.,.,.,.,-0.299,-0.413,-0.426,-0.299,-0.307,-0.348,-0.0647
2025,11,28,50,1.57,.,.,.,.,.,1.45,1.04,0.988,1.83,1.79,1.85,1.06
2025,11,28,51,-0.262,.,.,.,.,.,-0.216,-0.246,-0.25,-0.0544,-0.269,-0.387,0.016
2025,11,28,53,-0.342,.,.,.,.,.,-0.381,-0.444,-0.451,-0.2,-0.303,-0.419,0.0875
2025,11,28,54,0.714,.,.,.,.,.,0.902,0.446,0.408,0.786,0.927,1.19,0.444
2025,11,28,55,-0.216,.,.,.,.,.,-0.384,-0.376,-0.375,-0.0213,-0.0964,-0.167,0.0619
2025,11,28,56,0.375,.,.,.,.,.,0.415,0.0141,-0.0288,0.694,0.5,0.614,-0.0171
2025,12,5,1,0.342,.,.,.,.,.,0.551,0.268,0.235,0.427,0.385,0.329,0.515
2025,12,5,2,0.284,.,.,.,.,.,1.21,0.504,0.414,0.315,0.212,0.251,-0.0299
2025,12,5,4,-0.212,.,.,.,.,.,-0.225,-0.273,-0.28,-0.185,-0.195,-0.268,0.178
2025,12,5,5,0.49,.,.,.,.,.,0.832,0.239,0.176,0.567,0.607,0.578,0.801
2025,12,5,6,-0.318,.,.,.,.,.,-0.225,-0.307,-0.316,-0.244,-0.339,-0.456,0.124
2025,12,5,8,-0.288,.,.,.,.,.,-0.308,-0.345,-0.35,-0.228,-0.271,-0.358,0.172
2025,12,5,9,0.309,.,.,.,.,.,0.705,0.235,0.184,0.571,0.32,0.114,0.85
2025,12,5,10,0.347,.,.,.,.,.,0.233,0.196,0.192,0.32,0.339,0.277,0.632
2025,12,5,11,-0.404,.,.,.,.,.,-0.277,-0.317,-0.322,-0.377,-0.429,-0.464,-0.259
2025,12,5,12,0.0787,.,.,.,.,.,0.294,0.0577,0.0249,0.198,0.0811,-0.102,0.726
2025,12,5,13,0.0402,.,.,.,.,.,0.149,0.0367,0.0232,0.236,0.0244,-0.187,0.945
2025,12,5,15,0.322,.,.,.,.,.,0.775,0.247,0.169,0.567,0.4,0.218,0.757
2025,12,5,16,0.268,.,.,.,.,.,-0.0124,0.0577,0.0669,0.506,0.346,0.212,0.607
2025,12,5,17,-0.0734,.,.,.,.,.,0.259,-0.102,-0.134,-0.00884,-0.0855,-0.19,0.369
2025,12,5,18,0.118,.,.,.,.,.,0.226,-0.0118,-0.0365,0.18,0.191,0.0752,0.758
2025,12,5,19,0.367,.,.,.,.,.,0.504,0.142,0.107,0.568,0.492,0.354,1.03
2025,12,5,20,0.38,.,.,.,.,.,0.18,0.149,0.145,0.502,0.508,0.425,0.997
2025,12,5,21,0.162,.,.,.,.,.,0.324,0.0135,-0.0193,0.304,0.265,0.122,0.821
2025,12,5,22,0.173,.,.,.,.,.,0.365,0.0874,0.0491,0.301,0.194,-0.00079,0.863
2025,12,5,23,1.47,.,.,.,.,.,1.24,1.09,1.07,1.82,1.62,1.39,2.03
2025,12,5,24,-0.0578,.,.,.,.,.,0.141,-0.0726,-0.0951,0.102,-0.0619,-0.228,0.574
2025,12,5,25,0.0525,.,.,.,.,.,0.703,0.0847,0.0257,0.124,0.0218,-0.0904,0.426
2025,12,5,26,-0.0194,.,.,.,.,.,-0.129,-0.108,-0.105,0.171,0.024,-0.137,0.611
2025,12,5,27,-0.00849,.,.,.,.,.,-0.084,-0.0637,-0.0614,0.135,-0.0000523,-0.148,0.539
2025,12,5,28,0.881,.,.,.,.,.,1.5,0.408,0.299,1.08,1.32,1.53,1.22
2025,12,5,29,0.218,.,.,.,.,.,0.0624,0.137,0.147,0.383,0.243,0.066,0.88
2025,12,5,30,0.874,.,.,.,.,.,0.958,0.93,0.926,1.09,0.85,0.625,1.11
2025,12,5,31,0.0547,.,.,.,.,.,0.107,-0.0677,-0.088,0.137,0.115,0.0161,0.65
2025,12,5,32,-0.203,.,.,.,.,.,-0.204,-0.229,-0.232,-0.181,-0.204,-0.285,0.16
2025,12,5,33,0.635,.,.,.,.,.,1.16,0.474,0.41,0.729,0.656,0.509,1.2
2025,12,5,34,0.0273,.,.,.,.,.,0.273,0.0511,0.0314,0.176,-0.00468,-0.163,0.64
2025,12,5,35,0.281,.,.,.,.,.,0.244,0.0618,0.0402,0.428,0.369,0.336,0.369
2025,12,5,36,0.0291,.,.,.,.,.,0.45,0.0861,0.0514,0.197,-0.019,-0.177,0.464
2025,12,5,37,-0.0568,.,.,.,.,.,0.0976,-0.0407,-0.0594,0.154,-0.0846,-0.258,0.47
2025,12,5,38,0.62,.,.,.,.,.,0.262,0.151,0.14,1.11,0.921,0.853,0.745
2025,12,5,39,-0.115,.,.,.,.,.,0.0343,-0.102,-0.117,-0.022,-0.126,-0.23,0.116
2025,12,5,40,0.0225,.,.,.,.,.,0.198,-0.0885,-0.123,0.0979,0.086,-0.0122,0.544
2025,12,5,41,0.0585,.,.,.,.,.,0.198,0.00593,-0.0149,0.168,0.0885,-0.0878,0.763
2025,12,5,42,-0.076,.,.,.,.,.,0.0923,-0.0297,-0.0416,0.0842,-0.114,-0.271,0.169
2025,12,5,44,0.22,.,.,.,.,.,1.04,0.138,0.0516,0.465,0.232,0.04,0.741
2025,12,5,45,0.38,.,.,.,.,.,0.272,0.219,0.212,0.558,0.496,0.359,0.949
2025,12,5,46,1.03,.,.,.,.,.,2.14,0.478,0.325,1.2,1.37,1.36,1.82
2025,12,5,47,-0.0475,.,.,.,.,.,0.048,-0.13,-0.15,0.0395,-0.00523,-0.0901,0.352
2025,12,5,48,-0.093,.,.,.,.,.,-0.011,-0.0916,-0.102,0.0235,-0.107,-0.256,0.602
2025,12,5,49,0.0671,.,.,.,.,.,0.26,0.054,0.0306,0.124,0.0473,-0.0708,0.538
2025,12,5,50,1.57,.,.,.,.,.,1.96,1.41,1.37,1.83,1.67,1.67,1.35
2025,12,5,51,-0.0587,.,.,.,.,.,0.356,0.0482,0.00987,0.133,-0.115,-0.27,0.359
2025,12,5,53,-0.166,.,.,.,.,.,-0.0325,-0.198,-0.214,-0.0803,-0.167,-0.327,0.509
2025,12,5,54,0.983,.,.,.,.,.,2.14,0.696,0.528,0.972,1.16,1.29,1.13
2025,12,5,55,0.0236,.,.,.,.,.,0.102,0.0254,0.0173,0.157,0.0115,-0.121,0.289
2025,12,5,56,0.646,.,.,.,.,.,1.34,0.591,0.511,0.965,0.655,0.65,0.265
2025,12,12,1,0.34,.,.,.,.,.,0.298,0.239,0.233,0.396,0.378,0.29,0.699
2025,12,12,2,0.279,.,.,.,.,.,0.35,0.267,0.257,0.278,0.275,0.248,0.333
2025,12,12,4,-0.254,.,.,.,.,.,-0.331,-0.355,-0.359,-0.222,-0.214,-0.288,0.222
2025,12,12,5,0.407,.,.,.,.,.,0.348,0.145,0.124,0.415,0.521,0.527,0.744
2025,12,12,6,-0.322,.,.,.,.,.,-0.256,-0.348,-0.358,-0.236,-0.322,-0.432,0.118
2025,12,12,8,-0.28,.,.,.,.,.,-0.352,-0.397,-0.402,-0.154,-0.242,-0.361,0.263
2025,12,12,9,0.361,.,.,.,.,.,0.0936,0.137,0.142,0.578,0.443,0.251,1.17
2025,12,12,10,0.252,.,.,.,.,.,0.35,0.075,0.0487,0.337,0.273,0.188,0.521
2025,12,12,11,-0.361,.,.,.,.,.,-0.23,-0.287,-0.294,-0.367,-0.38,-0.406,-0.215
2025,12,12,12,0.0898,.,.,.,.,.,0.211,0.0417,0.0182,0.207,0.105,-0.0529,0.663
2025,12,12,13,0.0649,.,.,.,.,.,0.0533,0.0392,0.0375,0.208,0.0582,-0.114,0.883
2025,12,12,15,0.276,.,.,.,.,.,0.678,0.281,0.222,0.462,0.292,0.16,0.419
2025,12,12,16,0.29,.,.,.,.,.,0.273,0.0368,0.00571,0.466,0.389,0.26,0.84
2025,12,12,17,-0.0134,.,.,.,.,.,0.108,-0.081,-0.0975,0.059,-0.00441,-0.108,0.478
2025,12,12,18,0.0793,.,.,.,.,.,0.0881,-0.0783,-0.0956,0.174,0.172,0.0414,0.767
2025,12,12,19,0.31,.,.,.,.,.,0.338,0.0407,0.012,0.421,0.45,0.322,1.25
2025,12,12,20,0.317,.,.,.,.,.,0.0613,0.00624,-0.00147,0.479,0.504,0.439,0.951
2025,12,12,21,0.161,.,.,.,.,.,-0.0584,-0.0657,-0.0664,0.246,0.312,0.145,1.28
2025,12,12,22,0.336,.,.,.,.,.,0.292,0.14,0.119,0.513,0.444,0.303,0.961
2025,12,12,23,1.57,.,.,.,.,.,0.965,1.24,1.29,1.83,1.79,1.49,2.03
2025,12,12,24,-0.0124,.,.,.,.,.,-0.228,-0.0477,-0.0288,0.104,-0.00935,-0.15,0.597
2025,12,12,25,0.0845,.,.,.,.,.,0.15,-0.0307,-0.0479,0.194,0.109,-0.0254,0.682
2025,12,12,26,-0.0233,.,.,.,.,.,-0.00254,-0.113,-0.126,0.15,0.013,-0.152,0.661
2025,12,12,27,-0.0267,.,.,.,.,.,-0.0286,-0.0221,-0.0214,0.0203,-0.0581,-0.199,0.633
2025,12,12,28,0.853,.,.,.,.,.,1.51,0.488,0.385,0.958,1.22,1.39,1.31
2025,12,12,29,0.256,.,.,.,.,.,0.0624,0.109,0.115,0.443,0.32,0.14,1.02
2025,12,12,30,0.968,.,.,.,.,.,1.14,0.936,0.904,1.17,0.964,0.821,1.04
2025,12,12,31,0.0808,.,.,.,.,.,-0.0904,-0.118,-0.122,0.0248,0.193,0.164,1.02
2025,12,12,32,-0.25,.,.,.,.,.,-0.339,-0.297,-0.292,-0.211,-0.236,-0.292,-0.0149
2025,12,12,33,1.03,.,.,.,.,.,1.26,0.723,0.673,1.38,1.16,0.802,2.03
2025,12,12,34,0.116,.,.,.,.,.,0.16,0.1,0.0947,0.194,0.102,-0.033,0.843
2025,12,12,35,0.399,.,.,.,.,.,0.00326,-0.00361,-0.00442,0.679,0.578,0.393,1.0
2025,12,12,36,0.099,.,.,.,.,.,0.391,0.193,0.174,0.288,0.0338,-0.15,0.588
2025,12,12,37,-0.0672,.,.,.,.,.,-0.243,-0.142,-0.128,0.161,-0.0437,-0.231,0.721
2025,12,12,38,0.689,.,.,.,.,.,0.547,0.192,0.159,0.782,0.952,0.886,1.56
2025,12,12,39,-0.0666,.,.,.,.,.,0.0703,-0.0252,-0.0358,-0.00359,-0.104,-0.215,0.192
2025,12,12,40,-0.0372,.,.,.,.,.,-0.209,-0.218,-0.219,-0.019,0.054,-0.0345,0.732
2025,12,12,41,0.11,.,.,.,.,.,0.343,0.0351,0.00175,0.208,0.133,-0.0693,0.95
2025,12,12,42,-0.0334,.,.,.,.,.,0.0207,-0.0232,-0.0275,0.119,-0.054,-0.224,0.356
2025,12,12,44,0.261,.,.,.,.,.,0.174,0.0705,0.0605,0.385,0.313,0.146,1.06
2025,12,12,45,0.49,.,.,.,.,.,0.0498,0.255,0.283,0.633,0.643,0.486,1.39
2025,12,12,46,1.08,.,.,.,.,.,1.97,0.453,0.339,1.36,1.46,1.35,2.03
2025,12,12,47,-0.0554,.,.,.,.,.,-0.0887,-0.149,-0.156,0.0287,-0.0135,-0.147,0.644
2025,12,12,48,-0.112,.,.,.,.,.,-0.0663,-0.141,-0.151,-0.0589,-0.113,-0.242,0.721
2025,12,12,49,0.02,.,.,.,.,.,0.17,-0.0451,-0.0695,0.0557,0.0409,-0.0447,0.543
2025,12,12,50,1.57,.,.,.,.,.,1.22,1.41,1.37,1.83,1.79,1.85,2.03
2025,12,12,51,-0.0191,.,.,.,.,.,-0.0364,-0.0142,-0.0115,0.13,-0.0372,-0.178,0.546
2025,12,12,53,-0.163,.,.,.,.,.,-0.0505,-0.22,-0.237,-0.108,-0.156,-0.304,0.549
2025,12,12,54,1.15,.,.,.,.,.,1.56,0.648,0.571,1.28,1.45,1.4,1.85
2025,12,12,55,0.0325,.,.,.,.,.,0.115,-0.0288,-0.0442,0.161,0.0657,-0.0789,0.563
2025,12,12,56,0.802,.,.,.,.,.,1.43,0.612,0.524,0.835,0.882,0.905,0.89
2025,12,19,1,0.337,.,.,.,.,.,0.377,0.236,0.22,0.482,0.396,0.227,0.898
2025,12,19,2,0.392,.,.,.,.,.,0.761,0.285,0.224,0.475,0.43,0.415,0.399
2025,12,19,4,-0.244,.,.,.,.,.,-0.276,-0.339,-0.348,-0.229,-0.206,-0.294,0.351
2025,12,19,5,0.451,.,.,.,.,.,0.629,0.167,0.117,0.548,0.587,0.533,0.863
2025,12,19,6,-0.335,.,.,.,.,.,-0.227,-0.369,-0.386,-0.261,-0.333,-0.456,0.214
2025,12,19,8,-0.287,.,.,.,.,.,-0.363,-0.365,-0.365,-0.219,-0.263,-0.377,0.369
2025,12,19,9,0.207,.,.,.,.,.,0.219,0.0494,0.0314,0.393,0.256,0.0464,1.08
2025,12,19,10,0.262,.,.,.,.,.,0.167,0.0226,0.00878,0.253,0.306,0.238,0.682
2025,12,19,11,-0.273,.,.,.,.,.,-0.249,-0.277,-0.28,-0.24,-0.283,-0.325,-0.0558
2025,12,19,12,0.0366,.,.,.,.,.,0.093,-0.0304,-0.0475,0.162,0.0636,-0.0986,0.653
2025,12,19,13,0.0117,.,.,.,.,.,0.052,-0.00978,-0.0172,0.171,0.00712,-0.189,0.966
2025,12,19,15,0.563,.,.,.,.,.,0.94,0.472,0.404,0.708,0.609,0.519,0.745
2025,12,19,16,0.364,.,.,.,.,.,0.708,0.102,0.022,0.646,0.497,0.342,0.889
2025,12,19,17,-0.0693,.,.,.,.,.,0.0426,-0.181,-0.2,-0.0521,-0.0434,-0.151,0.672
2025,12,19,18,0.0632,.,.,.,.,.,0.0211,-0.0873,-0.0986,0.143,0.136,-0.0525,0.987
2025,12,19,19,0.37,.,.,.,.,.,0.234,0.0528,0.0353,0.54,0.559,0.418,1.39
2025,12,19,20,0.326,.,.,.,.,.,0.131,0.0502,0.0388,0.447,0.493,0.376,1.31
2025,12,19,21,0.109,.,.,.,.,.,0.128,-0.0547,-0.0739,0.15,0.212,-0.00213,1.39
2025,12,19,22,0.272,.,.,.,.,.,0.135,0.0577,0.047,0.395,0.369,0.226,1.03
2025,12,19,23,1.56,.,.,.,.,.,1.15,1.13,1.13,1.83,1.75,1.2,2.03
2025,12,19,24,-0.0473,.,.,.,.,.,-0.143,-0.14,-0.14,0.0374,-0.0274,-0.171,0.732
2025,12,19,25,0.0362,.,.,.,.,.,0.339,-0.138,-0.184,0.187,0.087,-0.0941,0.886
2025,12,19,26,0.00053,.,.,.,.,.,0.0301,-0.137,-0.158,0.105,0.062,-0.0771,0.833
2025,12,19,27,-0.00309,.,.,.,.,.,-0.021,-0.0706,-0.0762,0.036,0.0102,-0.172,1.17
2025,12,19,28,0.811,.,.,.,.,.,0.645,0.292,0.257,0.688,1.3,1.56,2.03
2025,12,19,29,0.238,.,.,.,.,.,0.178,0.15,0.146,0.381,0.263,0.0404,1.23
2025,12,19,30,1.14,.,.,.,.,.,0.944,0.592,0.537,1.54,1.39,1.15,1.88
2025,12,19,31,0.117,.,.,.,.,.,0.134,-0.0688,-0.0924,0.25,0.224,0.0797,1.02
2025,12,19,32,-0.275,.,.,.,.,.,-0.3,-0.297,-0.297,-0.254,-0.276,-0.362,0.117
2025,12,19,33,0.765,.,.,.,.,.,0.84,0.404,0.363,1.02,0.901,0.561,2.03
2025,12,19,34,-0.0302,.,.,.,.,.,0.126,-0.115,-0.136,0.0898,-0.0262,-0.174,0.74
2025,12,19,35,0.537,.,.,.,.,.,0.238,0.148,0.137,1.27,0.743,0.385,0.965
2025,12,19,36,0.0138,.,.,.,.,.,0.196,-0.000578,-0.0194,0.167,-0.00944,-0.167,0.56
2025,12,19,37,-0.0309,.,.,.,.,.,-0.0908,-0.112,-0.115,0.155,-0.0021,-0.178,0.823
2025,12,19,38,0.751,.,.,.,.,.,0.458,0.0531,0.0151,1.48,1.19,0.839,1.75
2025,12,19,39,-0.0924,.,.,.,.,.,0.101,-0.0842,-0.105,-0.0434,-0.102,-0.19,0.2
2025,12,19,40,0.0205,.,.,.,.,.,-0.0354,-0.0434,-0.0443,-0.00878,0.0361,-0.0824,0.776
2025,12,19,41,0.157,.,.,.,.,.,0.3,-0.0496,-0.0874,0.216,0.222,-0.016,1.43
2025,12,19,42,-0.0593,.,.,.,.,.,0.233,-0.0717,-0.102,0.0363,-0.0665,-0.222,0.451
2025,12,19,44,0.138,.,.,.,.,.,0.127,-0.0854,-0.106,0.204,0.228,0.112,0.929
2025,12,19,45,0.414,.,.,.,.,.,0.196,0.149,0.143,0.647,0.592,0.373,1.44
2025,12,19,46,0.978,.,.,.,.,.,2.14,0.597,0.415,0.982,1.2,1.11,2.03
2025,12,19,47,-0.051,.,.,.,.,.,0.0724,-0.166,-0.193,0.0618,0.0105,-0.117,0.598
2025,12,19,48,-0.0773,.,.,.,.,.,-0.0885,-0.072,-0.0699,0.00797,-0.0921,-0.238,0.711
2025,12,19,49,-0.0891,.,.,.,.,.,0.0937,-0.188,-0.22,-0.0428,-0.0426,-0.12,0.461
2025,12,19,50,1.57,.,.,.,.,.,1.57,1.41,1.37,1.83,1.79,1.85,2.03
2025,12,19,51,-0.0467,.,.,.,.,.,0.0999,-0.023,-0.0383,0.104,-0.0665,-0.207,0.504
2025,12,19,53,-0.153,.,.,.,.,.,-0.0542,-0.268,-0.29,-0.0316,-0.112,-0.292,0.697
2025,12,19,54,1.05,.,.,.,.,.,2.13,0.58,0.45,1.32,1.34,1.14,1.94
2025,12,19,55,0.0369,.,.,.,.,.,0.126,-0.0366,-0.054,0.144,0.0869,-0.0413,0.609
2025,12,19,56,0.893,.,.,.,.,.,1.52,0.665,0.574,1.01,0.966,1.05,0.73
2025,12,26,1,-0.226,.,.,.,.,.,-0.202,-0.254,-0.26,-0.118,-0.21,-0.309,-0.0152
2025,12,26,2,-0.0166,.,.,.,.,.,0.111,-0.155,-0.189,-0.146,0.0143,-0.0652,0.432
2025,12,26,4,-0.524,.,.,.,.,.,-0.506,-0.569,-0.578,-0.528,-0.506,-0.569,-0.0885
2025,12,26,5,-0.0181,.,.,.,.,.,0.072,-0.18,-0.207,0.0547,0.058,-0.0353,0.387
2025,12,26,6,-0.564,.,.,.,.,.,-0.351,-0.571,-0.596,-0.555,-0.568,-0.616,-0.317
2025,12,26,8,-0.553,.,.,.,.,.,-0.514,-0.593,-0.603,-0.544,-0.545,-0.614,-0.0839
2025,12,26,9,-0.091,.,.,.,.,.,-0.173,-0.306,-0.32,-0.0935,0.0185,-0.0443,0.629
2025,12,26,10,-0.136,.,.,.,.,.,-0.3,-0.318,-0.32,-0.25,-0.0933,-0.14,0.364
2025,12,26,11,-0.556,.,.,.,.,.,-0.559,-0.593,-0.597,-0.566,-0.553,-0.587,-0.295
2025,12,26,12,-0.365,.,.,.,.,.,-0.213,-0.378,-0.401,-0.316,-0.36,-0.465,0.085
2025,12,26,13,-0.372,.,.,.,.,.,-0.341,-0.384,-0.389,-0.262,-0.37,-0.486,0.161
2025,12,26,15,-0.0569,.,.,.,.,.,0.273,-0.0983,-0.153,0.0823,-0.000763,-0.0639,0.0568
2025,12,26,16,-0.231,.,.,.,.,.,-0.168,-0.384,-0.412,-0.0759,-0.138,-0.216,0.0902
2025,12,26,17,-0.37,.,.,.,.,.,-0.214,-0.426,-0.444,-0.343,-0.349,-0.403,-0.0209
2025,12,26,18,-0.349,.,.,.,.,.,-0.318,-0.417,-0.428,-0.332,-0.311,-0.377,0.0566
2025,12,26,19,-0.17,.,.,.,.,.,-0.225,-0.333,-0.343,-0.167,-0.0839,-0.211,0.872
2025,12,26,20,-0.147,.,.,.,.,.,-0.187,-0.309,-0.326,-0.144,-0.0506,-0.0924,0.512
2025,12,26,21,-0.308,.,.,.,.,.,-0.238,-0.367,-0.38,-0.285,-0.264,-0.392,0.4
2025,12,26,22,-0.205,.,.,.,.,.,-0.21,-0.325,-0.341,-0.261,-0.134,-0.194,0.58
2025,12,26,23,0.713,.,.,.,.,.,0.661,0.282,0.224,0.694,0.923,0.701,2.03
2025,12,26,24,-0.375,.,.,.,.,.,-0.349,-0.427,-0.435,-0.287,-0.358,-0.479,0.23
2025,12,26,25,-0.317,.,.,.,.,.,-0.17,-0.431,-0.456,-0.258,-0.28,-0.348,0.0582
2025,12,26,26,-0.397,.,.,.,.,.,-0.307,-0.437,-0.454,-0.319,-0.377,-0.483,0.13
2025,12,26,27,-0.398,.,.,.,.,.,-0.351,-0.399,-0.404,-0.428,-0.415,-0.515,0.311
2025,12,26,28,0.262,.,.,.,.,.,0.0126,-0.126,-0.14,0.0431,0.643,0.854,1.53
2025,12,26,29,-0.255,.,.,.,.,.,-0.274,-0.246,-0.243,-0.198,-0.275,-0.394,0.201
2025,12,26,30,0.447,.,.,.,.,.,0.236,0.103,0.0821,0.378,0.613,0.424,1.59
2025,12,26,31,-0.18,.,.,.,.,.,-0.332,-0.108,-0.0816,-0.314,-0.233,-0.313,0.569
2025,12,26,32,-0.484,.,.,.,.,.,-0.513,-0.548,-0.552,-0.524,-0.462,-0.539,0.14
2025,12,26,33,0.462,.,.,.,.,.,0.963,0.183,0.109,0.596,0.581,0.254,2.03
2025,12,26,34,-0.216,.,.,.,.,.,-0.116,-0.3,-0.316,-0.191,-0.176,-0.26,0.499
2025,12,26,35,-0.0367,.,.,.,.,.,-0.264,-0.27,-0.271,-0.114,0.073,-0.0539,0.823
2025,12,26,36,-0.302,.,.,.,.,.,0.0572,-0.288,-0.321,-0.225,-0.318,-0.411,0.036
2025,12,26,37,-0.456,.,.,.,.,.,-0.417,-0.43,-0.432,-0.373,-0.474,-0.574,-0.0344
2025,12,26,38,0.336,.,.,.,.,.,0.28,-0.0753,-0.109,1.11,0.581,0.179,0.778
2025,12,26,39,-0.463,.,.,.,.,.,-0.259,-0.438,-0.458,-0.442,-0.485,-0.546,-0.284
2025,12,26,40,-0.371,.,.,.,.,.,-0.41,-0.479,-0.487,-0.28,-0.301,-0.4,0.135
2025,12,26,41,-0.266,.,.,.,.,.,-0.00461,-0.375,-0.415,-0.172,-0.209,-0.387,0.585
2025,12,26,42,-0.37,.,.,.,.,.,-0.232,-0.339,-0.349,-0.336,-0.394,-0.503,0.00485
2025,12,26,44,-0.261,.,.,.,.,.,0.00386,-0.402,-0.442,-0.244,-0.206,-0.315,0.494
2025,12,26,45,-0.152,.,.,.,.,.,-0.231,-0.275,-0.281,-0.0658,-0.0605,-0.16,0.409
2025,12,26,46,0.484,.,.,.,.,.,0.642,0.0989,0.0577,0.525,0.683,0.435,2.02
2025,12,26,47,-0.386,.,.,.,.,.,-0.357,-0.453,-0.464,-0.335,-0.347,-0.41,-0.0163
2025,12,26,48,-0.479,.,.,.,.,.,-0.35,-0.469,-0.484,-0.413,-0.484,-0.57,-0.0596
2025,12,26,49,-0.384,.,.,.,.,.,-0.226,-0.443,-0.467,-0.431,-0.364,-0.445,0.406
2025,12,26,50,0.953,.,.,.,.,.,0.172,0.38,0.409,1.02,1.25,0.92,2.03
2025,12,26,51,-0.355,.,.,.,.,.,-0.259,-0.294,-0.299,-0.258,-0.379,-0.473,-0.0163
2025,12,26,53,-0.439,.,.,.,.,.,-0.186,-0.494,-0.525,-0.35,-0.421,-0.53,0.0154
2025,12,26,54,0.37,.,.,.,.,.,0.831,0.0732,0.00936,0.532,0.54,0.354,1.07
2025,12,26,55,-0.354,.,.,.,.,.,-0.392,-0.381,-0.38,-0.266,-0.338,-0.454,0.0801
2025,12,26,56,0.121,.,.,.,.,.,0.169,-0.0691,-0.0947,0.135,0.205,0.29,0.0971
2026,1,2,1,-0.107,.,.,.,.,.,0.486,0.0255,-0.0281,-0.00989,-0.187,-0.323,-0.0385
2026,1,2,2,-0.114,.,.,.,.,.,0.248,-0.00875,-0.0417,-0.00562,-0.157,-0.279,-0.1
2026,1,2,4,-0.451,.,.,.,.,.,-0.255,-0.374,-0.39,-0.426,-0.499,-0.601,-0.148
2026,1,2,5,-0.0306,.,.,.,.,.,0.446,-0.0449,-0.0975,0.161,-0.0332,-0.2,0.0982
2026,1,2,6,-0.564,.,.,.,.,.,-0.334,-0.476,-0.492,-0.496,-0.611,-0.712,-0.298
2026,1,2,8,-0.503,.,.,.,.,.,-0.388,-0.456,-0.465,-0.471,-0.54,-0.646,-0.0538
2026,1,2,9,-0.0851,.,.,.,.,.,0.791,0.143,0.0741,-0.0555,-0.214,-0.435,0.618
2026,1,2,10,-0.176,.,.,.,.,.,0.683,0.00947,-0.0551,-0.153,-0.313,-0.467,0.0702
2026,1,2,11,-0.646,.,.,.,.,.,-0.418,-0.544,-0.56,-0.549,-0.669,-0.713,-0.554
2026,1,2,12,-0.241,.,.,.,.,.,0.0753,-0.18,-0.215,-0.131,-0.282,-0.46,0.219
2026,1,2,13,-0.287,.,.,.,.,.,0.0284,-0.147,-0.168,-0.136,-0.367,-0.538,0.182
2026,1,2,15,-0.0907,.,.,.,.,.,0.566,0.0331,-0.0451,0.0498,-0.181,-0.318,-0.189
2026,1,2,16,-0.0856,.,.,.,.,.,0.404,-0.0714,-0.134,0.101,-0.103,-0.284,0.275
2026,1,2,17,-0.369,.,.,.,.,.,0.045,-0.276,-0.304,-0.32,-0.427,-0.537,-0.0301
2026,1,2,18,-0.259,.,.,.,.,.,-0.00192,-0.238,-0.262,-0.212,-0.274,-0.412,0.18
2026,1,2,19,-0.104,.,.,.,.,.,0.0922,-0.184,-0.211,-0.0126,-0.0711,-0.197,0.449
2026,1,2,20,-0.0629,.,.,.,.,.,-0.0123,-0.0433,-0.0476,0.0159,-0.0743,-0.238,0.535
2026,1,2,21,-0.213,.,.,.,.,.,-0.0178,-0.174,-0.191,-0.181,-0.247,-0.419,0.369
2026,1,2,22,-0.165,.,.,.,.,.,0.166,-0.152,-0.196,-0.165,-0.197,-0.302,0.248
2026,1,2,23,1.33,.,.,.,.,.,1.63,1.11,1.03,1.83,1.33,0.806,1.89
2026,1,2,24,-0.36,.,.,.,.,.,-0.14,-0.265,-0.278,-0.234,-0.409,-0.561,0.0992
2026,1,2,25,-0.364,.,.,.,.,.,0.0,-0.256,-0.281,-0.266,-0.411,-0.533,-0.0535
2026,1,2,26,-0.216,.,.,.,.,.,0.00535,-0.21,-0.237,-0.205,-0.213,-0.276,0.166
2026,1,2,27,-0.288,.,.,.,.,.,-0.195,-0.295,-0.307,-0.175,-0.319,-0.463,0.164
2026,1,2,28,0.317,.,.,.,.,.,0.989,0.121,0.0345,0.374,0.509,0.551,0.733
2026,1,2,29,-0.026,.,.,.,.,.,0.126,0.0125,-0.00312,0.309,-0.0483,-0.274,0.237
2026,1,2,30,0.453,.,.,.,.,.,0.778,0.465,0.417,0.618,0.455,0.191,0.968
2026,1,2,31,-0.186,.,.,.,.,.,-0.205,-0.126,-0.117,-0.215,-0.226,-0.312,0.27
2026,1,2,32,-0.407,.,.,.,.,.,-0.154,-0.312,-0.333,-0.406,-0.476,-0.564,-0.21
2026,1,2,33,0.625,.,.,.,.,.,1.92,0.63,0.509,0.863,0.624,0.171,2.03
2026,1,2,34,-0.235,.,.,.,.,.,0.663,0.0296,-0.0269,-0.264,-0.394,-0.534,0.267
2026,1,2,35,-0.0402,.,.,.,.,.,0.0814,-0.138,-0.164,0.147,0.0144,-0.128,0.241
2026,1,2,36,-0.243,.,.,.,.,.,0.249,-0.135,-0.172,-0.162,-0.299,-0.421,0.136
2026,1,2,37,-0.37,.,.,.,.,.,-0.146,-0.293,-0.313,-0.227,-0.415,-0.566,0.13
2026,1,2,38,0.445,.,.,.,.,.,0.262,-0.144,-0.182,1.74,0.832,0.389,0.327
2026,1,2,39,-0.359,.,.,.,.,.,-0.0518,-0.198,-0.215,-0.36,-0.457,-0.56,-0.196
2026,1,2,40,-0.276,.,.,.,.,.,0.1,-0.253,-0.295,-0.203,-0.292,-0.409,0.0161
2026,1,2,41,-0.219,.,.,.,.,.,0.0384,-0.176,-0.199,-0.107,-0.243,-0.438,0.379
2026,1,2,42,-0.325,.,.,.,.,.,0.0733,-0.195,-0.222,-0.272,-0.42,-0.572,-0.0373
2026,1,2,44,-0.226,.,.,.,.,.,0.359,-0.0854,-0.128,-0.128,-0.305,-0.466,0.165
2026,1,2,45,-0.0387,.,.,.,.,.,0.0939,-0.0455,-0.0644,0.127,-0.0178,-0.222,0.517
2026,1,2,46,0.812,.,.,.,.,.,0.828,0.162,0.112,1.83,1.26,0.514,0.933
2026,1,2,47,-0.285,.,.,.,.,.,-0.0806,-0.237,-0.254,-0.26,-0.323,-0.424,0.0732
2026,1,2,48,-0.39,.,.,.,.,.,-0.171,-0.299,-0.316,-0.322,-0.444,-0.562,0.0516
2026,1,2,49,-0.304,.,.,.,.,.,0.153,-0.184,-0.222,-0.338,-0.382,-0.455,-0.0647
2026,1,2,50,1.09,.,.,.,.,.,1.88,1.02,0.898,1.51,1.2,0.917,1.62
2026,1,2,51,-0.34,.,.,.,.,.,-0.0702,-0.164,-0.176,-0.244,-0.425,-0.569,0.14
2026,1,2,53,-0.413,.,.,.,.,.,0.101,-0.313,-0.356,-0.326,-0.458,-0.57,-0.163
2026,1,2,54,0.421,.,.,.,.,.,1.72,0.54,0.441,0.413,0.366,0.19,0.771
2026,1,2,55,-0.288,.,.,.,.,.,-0.225,-0.254,-0.257,-0.174,-0.314,-0.447,-0.018
2026,1,2,56,0.131,.,.,.,.,.,0.908,0.27,0.202,0.306,0.0515,-0.129,0.143
2026,1,9,1,0.579,.,.,.,.,.,0.99,0.576,0.528,0.779,0.551,0.378,0.731
2026,1,9,2,0.383,.,.,.,.,.,0.692,0.403,0.366,0.494,0.343,0.391,0.00722
2026,1,9,4,-0.134,.,.,.,.,.,-0.14,-0.166,-0.17,-0.065,-0.144,-0.24,0.154
2026,1,9,5,0.523,.,.,.,.,.,0.825,0.538,0.507,0.634,0.476,0.369,0.481
2026,1,9,6,-0.294,.,.,.,.,.,-0.132,-0.247,-0.26,-0.21,-0.328,-0.429,-0.0202
2026,1,9,8,-0.208,.,.,.,.,.,-0.0892,-0.235,-0.254,-0.139,-0.216,-0.314,0.186
2026,1,9,9,0.285,.,.,.,.,.,0.326,0.244,0.235,0.43,0.277,0.0985,0.886
2026,1,9,10,0.357,.,.,.,.,.,0.617,0.308,0.279,0.493,0.325,0.257,0.331
2026,1,9,11,-0.265,.,.,.,.,.,-0.108,-0.204,-0.216,-0.148,-0.284,-0.33,-0.181
2026,1,9,12,0.214,.,.,.,.,.,0.491,0.271,0.24,0.293,0.165,-0.0201,0.783
2026,1,9,13,0.21,.,.,.,.,.,0.488,0.272,0.247,0.384,0.149,-0.0353,0.778
2026,1,9,15,0.404,.,.,.,.,.,1.19,0.531,0.435,0.55,0.349,0.25,0.247
2026,1,9,16,0.378,.,.,.,.,.,0.969,0.326,0.242,0.517,0.372,0.24,0.66
2026,1,9,17,0.0407,.,.,.,.,.,0.471,0.0133,-0.0265,0.128,0.0224,-0.102,0.52
2026,1,9,18,0.258,.,.,.,.,.,0.529,0.241,0.211,0.303,0.235,0.0957,0.678
2026,1,9,19,0.549,.,.,.,.,.,0.773,0.391,0.354,0.744,0.612,0.465,1.02
2026,1,9,20,0.519,.,.,.,.,.,0.342,0.393,0.4,0.513,0.572,0.561,0.844
2026,1,9,21,0.381,.,.,.,.,.,0.714,0.381,0.346,0.445,0.355,0.165,0.985
2026,1,9,22,0.445,.,.,.,.,.,0.478,0.4,0.39,0.74,0.44,0.225,0.603
2026,1,9,23,1.57,.,.,.,.,.,1.71,1.41,1.37,1.83,1.79,1.5,1.95
2026,1,9,24,0.152,.,.,.,.,.,0.353,0.163,0.143,0.329,0.132,-0.0314,0.66
2026,1,9,25,0.0939,.,.,.,.,.,0.528,0.0862,0.044,0.215,0.0703,-0.0363,0.346
2026,1,9,26,0.138,.,.,.,.,.,0.155,0.163,0.164,0.357,0.0967,-0.0902,0.495
2026,1,9,27,0.0712,.,.,.,.,.,0.225,0.0986,0.0843,0.14,0.0283,-0.113,0.609
2026,1,9,28,1.04,.,.,.,.,.,1.46,0.615,0.53,1.47,1.43,1.39,1.5
2026,1,9,29,0.526,.,.,.,.,.,0.648,0.529,0.512,0.686,0.483,0.27,1.14
2026,1,9,30,1.02,.,.,.,.,.,1.49,1.0,0.928,1.38,0.991,0.783,0.951
2026,1,9,31,0.186,.,.,.,.,.,0.255,0.186,0.178,0.121,0.17,0.134,0.589
2026,1,9,32,0.0599,.,.,.,.,.,0.0306,-0.141,-0.164,0.0236,0.147,0.213,0.163
2026,1,9,33,1.02,.,.,.,.,.,1.61,0.973,0.912,1.28,0.994,0.663,1.85
2026,1,9,34,0.118,.,.,.,.,.,0.705,0.225,0.183,0.277,0.0342,-0.133,0.555
2026,1,9,35,0.51,.,.,.,.,.,0.453,0.315,0.299,0.893,0.579,0.309,0.896
2026,1,9,36,0.135,.,.,.,.,.,0.769,0.273,0.225,0.307,0.0493,-0.121,0.513
2026,1,9,37,0.108,.,.,.,.,.,0.267,0.177,0.165,0.326,0.0344,-0.16,0.582
2026,1,9,38,0.749,.,.,.,.,.,0.796,0.377,0.338,0.901,0.95,0.997,0.895
2026,1,9,39,0.0983,.,.,.,.,.,0.519,0.178,0.14,0.154,0.0301,-0.0791,0.242
2026,1,9,40,0.225,.,.,.,.,.,0.224,0.0738,0.0559,0.155,0.316,0.0177,2.03
2026,1,9,41,0.227,.,.,.,.,.,0.407,0.131,0.101,0.618,0.273,-0.00456,0.768
2026,1,9,42,0.0914,.,.,.,.,.,0.473,0.157,0.126,0.236,0.0233,-0.157,0.385
2026,1,9,44,0.303,.,.,.,.,.,1.46,0.301,0.19,0.489,0.281,0.126,0.647
2026,1,9,45,0.637,.,.,.,.,.,0.532,0.506,0.502,0.894,0.711,0.508,1.14
2026,1,9,46,1.02,.,.,.,.,.,1.97,0.683,0.586,1.38,1.21,1.01,1.53
2026,1,9,47,0.101,.,.,.,.,.,0.315,0.0959,0.0713,0.203,0.0768,-0.0843,0.619
2026,1,9,48,0.0393,.,.,.,.,.,0.222,0.0836,0.0656,0.156,-0.00734,-0.171,0.7
2026,1,9,49,0.238,.,.,.,.,.,0.552,0.185,0.143,0.289,0.166,0.0742,0.321
2026,1,9,50,1.57,.,.,.,.,.,1.8,1.41,1.37,1.83,1.79,1.66,1.76
2026,1,9,51,0.093,.,.,.,.,.,0.301,0.204,0.192,0.334,0.0301,-0.141,0.473
2026,1,9,53,-0.082,.,.,.,.,.,0.274,-0.0639,-0.0984,0.0116,-0.106,-0.238,0.337
2026,1,9,54,1.14,.,.,.,.,.,2.14,1.03,0.861,1.34,1.21,1.01,1.56
2026,1,9,55,0.147,.,.,.,.,.,0.318,0.168,0.151,0.264,0.119,-0.0321,0.5
2026,1,9,56,0.843,.,.,.,.,.,1.31,0.853,0.804,1.29,0.824,0.755,0.379
2026,1,16,1,0.509,.,.,.,.,.,0.36,0.355,0.354,0.817,0.583,0.478,0.472
2026,1,16,2,0.408,.,.,.,.,.,0.282,0.238,0.232,0.492,0.485,0.726,-0.0753
2026,1,16,4,-0.138,.,.,.,.,.,-0.324,-0.211,-0.195,-0.0417,-0.115,-0.219,0.244
2026,1,16,5,0.591,.,.,.,.,.,0.678,0.312,0.273,0.961,0.731,0.596,0.673
2026,1,16,6,-0.254,.,.,.,.,.,-0.235,-0.283,-0.288,-0.151,-0.254,-0.359,0.121
2026,1,16,8,-0.202,.,.,.,.,.,-0.206,-0.312,-0.326,-0.138,-0.168,-0.277,0.466
2026,1,16,9,0.305,.,.,.,.,.,0.253,0.13,0.117,0.637,0.35,0.147,0.774
2026,1,16,10,0.401,.,.,.,.,.,0.15,0.235,0.243,0.36,0.415,0.397,0.583
2026,1,16,11,-0.255,.,.,.,.,.,-0.211,-0.246,-0.25,-0.215,-0.264,-0.318,0.0398
2026,1,16,12,0.14,.,.,.,.,.,0.148,0.108,0.102,0.309,0.141,-0.0265,0.536
2026,1,16,13,0.154,.,.,.,.,.,0.0122,0.109,0.121,0.422,0.151,-0.0479,0.773
2026,1,16,15,0.566,.,.,.,.,.,1.07,0.456,0.365,0.951,0.694,0.555,0.622
2026,1,16,16,0.366,.,.,.,.,.,0.348,0.139,0.111,0.632,0.481,0.405,0.471
2026,1,16,17,0.118,.,.,.,.,.,0.0365,-0.00558,-0.00924,0.15,0.16,0.0333,0.996
2026,1,16,18,0.212,.,.,.,.,.,0.069,0.0156,0.00998,0.36,0.317,0.154,0.939
2026,1,16,19,0.448,.,.,.,.,.,0.4,0.134,0.108,0.724,0.611,0.49,0.939
2026,1,16,20,0.519,.,.,.,.,.,0.233,0.159,0.148,0.725,0.734,0.613,1.45
2026,1,16,21,0.234,.,.,.,.,.,0.152,0.0409,0.0293,0.464,0.354,0.217,0.678
2026,1,16,22,0.309,.,.,.,.,.,0.0956,0.137,0.142,0.526,0.377,0.209,0.776
2026,1,16,23,1.57,.,.,.,.,.,1.45,1.36,1.35,1.83,1.79,1.85,2.0
2026,1,16,24,0.241,.,.,.,.,.,0.0929,0.104,0.106,0.364,0.282,0.105,1.21
2026,1,16,25,0.119,.,.,.,.,.,0.28,0.00137,-0.0252,0.214,0.14,0.0443,0.514
2026,1,16,26,0.145,.,.,.,.,.,-0.0172,0.0172,0.0215,0.407,0.209,0.0315,0.74
2026,1,16,27,0.113,.,.,.,.,.,0.273,0.175,0.164,0.2,0.0502,-0.116,0.665
2026,1,16,28,1.12,.,.,.,.,.,0.501,0.355,0.34,1.7,1.79,1.85,1.48
2026,1,16,29,0.412,.,.,.,.,.,0.272,0.325,0.333,0.63,0.443,0.255,0.999
2026,1,16,30,1.09,.,.,.,.,.,1.1,0.962,0.941,1.55,1.11,0.986,0.727
2026,1,16,31,0.16,.,.,.,.,.,0.0192,-0.042,-0.0491,0.191,0.25,0.232,0.594
2026,1,16,32,-0.146,.,.,.,.,.,-0.185,-0.156,-0.152,-0.0766,-0.157,-0.212,-0.101
2026,1,16,33,0.801,.,.,.,.,.,1.77,0.635,0.528,0.972,0.843,0.634,1.54
2026,1,16,34,0.0986,.,.,.,.,.,-0.00802,-0.0125,-0.0129,0.262,0.134,-0.0255,0.946
2026,1,16,35,0.436,.,.,.,.,.,0.212,0.133,0.124,0.733,0.558,0.488,0.475
2026,1,16,36,0.123,.,.,.,.,.,0.454,0.124,0.0925,0.338,0.0934,-0.0649,0.515
2026,1,16,37,0.0254,.,.,.,.,.,-0.0626,-0.045,-0.0427,0.314,0.043,-0.165,0.756
2026,1,16,38,0.68,.,.,.,.,.,0.298,0.16,0.147,1.43,0.999,0.807,0.699
2026,1,16,39,-0.00583,.,.,.,.,.,0.184,-0.0298,-0.0535,0.0877,-0.00957,-0.116,0.27
2026,1,16,40,0.108,.,.,.,.,.,0.0973,-0.0688,-0.0885,0.364,0.213,0.0285,0.667
2026,1,16,41,0.22,.,.,.,.,.,0.287,0.0197,-0.00924,0.426,0.32,0.0964,1.16
2026,1,16,42,0.0482,.,.,.,.,.,0.372,0.0359,0.00299,0.161,0.023,-0.119,0.382
2026,1,16,44,0.326,.,.,.,.,.,0.853,0.121,0.0501,0.428,0.385,0.265,0.953
2026,1,16,45,0.461,.,.,.,.,.,0.0846,0.212,0.23,0.866,0.632,0.427,0.92
2026,1,16,46,1.11,.,.,.,.,.,1.89,0.534,0.431,1.54,1.42,1.41,1.15
2026,1,16,47,0.0483,.,.,.,.,.,0.0334,-0.0645,-0.0755,0.198,0.104,-0.0154,0.502
2026,1,16,48,0.022,.,.,.,.,.,-0.0596,-0.0285,-0.0245,0.218,0.0276,-0.145,0.707
2026,1,16,49,0.103,.,.,.,.,.,0.0937,0.00176,-0.00864,0.197,0.157,0.0987,0.387
2026,1,16,50,1.57,.,.,.,.,.,1.75,1.41,1.37,1.83,1.79,1.85,2.03
2026,1,16,51,0.123,.,.,.,.,.,0.0459,0.0946,0.101,0.345,0.113,-0.0649,0.787
2026,1,16,53,-0.0322,.,.,.,.,.,0.141,-0.125,-0.152,0.022,-0.0086,-0.138,0.643
2026,1,16,54,1.16,.,.,.,.,.,1.74,0.673,0.583,1.44,1.45,1.37,1.69
2026,1,16,55,0.0837,.,.,.,.,.,0.0941,0.0143,0.00572,0.214,0.113,-0.00704,0.46
2026,1,16,56,0.962,.,.,.,.,.,0.938,0.594,0.557,1.22,1.14,1.27,0.73
2026,1,23,1,0.305,.,.,.,.,.,0.0959,0.0708,0.0679,0.433,0.436,0.358,0.769
2026,1,23,2,0.223,.,.,.,.,.,0.385,0.312,0.303,0.354,0.196,0.167,0.032
2026,1,23,4,-0.195,.,.,.,.,.,-0.255,-0.226,-0.222,-0.138,-0.196,-0.325,0.35
2026,1,23,5,0.365,.,.,.,.,.,0.133,0.102,0.0989,0.519,0.481,0.423,0.598
2026,1,23,6,-0.323,.,.,.,.,.,-0.265,-0.338,-0.347,-0.244,-0.33,-0.437,0.0879
2026,1,23,8,-0.253,.,.,.,.,.,-0.413,-0.317,-0.305,-0.205,-0.237,-0.323,0.241
2026,1,23,9,0.191,.,.,.,.,.,0.0549,-0.0183,-0.0261,0.422,0.262,0.0495,1.04
2026,1,23,10,0.292,.,.,.,.,.,0.167,0.304,0.317,0.11,0.25,0.192,0.731
2026,1,23,11,-0.35,.,.,.,.,.,-0.38,-0.29,-0.279,-0.264,-0.361,-0.42,-0.104
2026,1,23,12,0.0238,.,.,.,.,.,0.0303,-0.0249,-0.0326,0.101,0.0343,-0.112,0.636
2026,1,23,13,-0.00573,.,.,.,.,.,-0.174,-0.108,-0.1,0.173,0.0299,-0.14,0.856
2026,1,23,15,0.284,.,.,.,.,.,0.581,0.234,0.183,0.441,0.355,0.298,0.376
2026,1,23,16,0.302,.,.,.,.,.,0.0683,0.0772,0.0784,0.401,0.422,0.307,1.05
2026,1,23,17,0.019,.,.,.,.,.,-0.0779,0.123,0.14,0.00534,-0.0539,-0.161,0.464
2026,1,23,18,0.00928,.,.,.,.,.,-0.103,-0.139,-0.143,0.0926,0.0808,-0.024,0.529
2026,1,23,19,0.285,.,.,.,.,.,0.0827,0.0549,0.0522,0.356,0.365,0.249,1.03
2026,1,23,20,0.469,.,.,.,.,.,-0.0438,0.482,0.555,0.4,0.446,0.357,1.11
2026,1,23,21,0.0888,.,.,.,.,.,-0.0144,-0.0905,-0.0986,0.173,0.187,0.0435,0.897
2026,1,23,22,0.227,.,.,.,.,.,-0.0819,0.0975,0.122,0.37,0.273,0.11,0.807
2026,1,23,23,1.57,.,.,.,.,.,1.48,1.41,1.37,1.83,1.69,1.29,1.99
2026,1,23,24,0.0185,.,.,.,.,.,-0.0893,-0.0772,-0.076,0.195,0.0471,-0.109,0.661
2026,1,23,25,-0.00977,.,.,.,.,.,0.0362,-0.143,-0.161,0.0947,0.027,-0.113,0.665
2026,1,23,26,0.197,.,.,.,.,.,0.0696,0.323,0.355,0.302,0.106,-0.0638,0.598
2026,1,23,27,-0.0188,.,.,.,.,.,0.124,0.0746,0.069,-0.0198,-0.102,-0.216,0.394
2026,1,23,28,1.2,.,.,.,.,.,0.472,1.09,1.15,0.809,1.34,1.68,1.59
2026,1,23,29,0.33,.,.,.,.,.,0.049,0.367,0.41,0.489,0.292,0.0997,0.849
2026,1,23,30,1.01,.,.,.,.,.,0.639,0.938,0.984,1.24,1.03,0.827,1.3
2026,1,23,31,0.0627,.,.,.,.,.,-0.0247,-0.0203,-0.0198,0.0216,0.098,0.0707,0.561
2026,1,23,32,-0.17,.,.,.,.,.,-0.287,-0.159,-0.142,-0.0798,-0.196,-0.313,0.0848
2026,1,23,33,1.15,.,.,.,.,.,1.77,0.901,0.819,1.6,1.25,0.729,2.03
2026,1,23,34,0.0155,.,.,.,.,.,-0.0344,-0.0229,-0.0218,0.142,0.0077,-0.15,0.79
2026,1,23,35,0.44,.,.,.,.,.,0.101,0.253,0.271,0.539,0.517,0.416,0.809
2026,1,23,36,0.0285,.,.,.,.,.,0.354,0.0574,0.029,0.199,-0.0111,-0.175,0.518
2026,1,23,37,-0.0727,.,.,.,.,.,-0.159,-0.144,-0.142,0.123,-0.0528,-0.236,0.769
2026,1,23,38,0.584,.,.,.,.,.,0.511,0.212,0.184,0.963,0.762,0.576,0.954
2026,1,23,39,-0.1,.,.,.,.,.,-0.143,-0.125,-0.123,-0.0446,-0.104,-0.196,0.222
2026,1,23,40,0.0729,.,.,.,.,.,-0.106,-0.0594,-0.0538,0.219,0.143,0.013,0.565
2026,1,23,41,0.0153,.,.,.,.,.,0.023,-0.0538,-0.0622,0.137,0.0467,-0.185,0.969
2026,1,23,42,-0.0399,.,.,.,.,.,0.0789,-0.0444,-0.0564,0.111,-0.0644,-0.234,0.341
2026,1,23,44,0.194,.,.,.,.,.,0.189,-0.0786,-0.104,0.289,0.302,0.106,1.42
2026,1,23,45,0.349,.,.,.,.,.,0.0684,0.156,0.168,0.591,0.473,0.278,1.04
2026,1,23,46,0.933,.,.,.,.,.,1.52,0.466,0.387,1.46,1.19,1.04,1.1
2026,1,23,47,-0.0696,.,.,.,.,.,-0.048,-0.165,-0.179,0.0125,-0.0248,-0.163,0.67
2026,1,23,48,-0.0533,.,.,.,.,.,-0.141,-0.0419,-0.0291,0.0386,-0.0788,-0.238,0.764
2026,1,23,49,0.0206,.,.,.,.,.,0.0104,-0.0152,-0.0181,0.0799,0.028,-0.0744,0.506
2026,1,23,50,1.57,.,.,.,.,.,1.39,1.13,1.1,1.83,1.79,1.76,2.03
2026,1,23,51,-0.029,.,.,.,.,.,-0.0081,0.0273,0.0317,0.162,-0.0663,-0.228,0.502
2026,1,23,53,-0.14,.,.,.,.,.,0.0343,-0.168,-0.189,-0.0907,-0.146,-0.276,0.445
2026,1,23,54,0.897,.,.,.,.,.,1.13,0.529,0.478,1.07,1.08,1.02,1.27
2026,1,23,55,0.0306,.,.,.,.,.,0.0236,-0.0269,-0.0323,0.163,0.0469,-0.132,0.669
2026,1,23,56,0.975,.,.,.,.,.,0.969,0.567,0.524,1.38,1.15,1.02,1.16
2026,1,30,1,0.298,.,.,.,.,.,0.233,0.106,0.0917,0.415,0.397,0.339,0.601
2026,1,30,2,0.517,.,.,.,.,.,0.35,0.46,0.474,0.472,0.544,0.638,0.437
2026,1,30,4,-0.166,.,.,.,.,.,-0.293,-0.258,-0.254,-0.141,-0.134,-0.205,0.289
2026,1,30,5,0.534,.,.,.,.,.,-0.0505,0.557,0.622,0.386,0.49,0.5,0.697
2026,1,30,6,-0.309,.,.,.,.,.,-0.282,-0.339,-0.345,-0.227,-0.307,-0.401,0.0547
2026,1,30,8,-0.256,.,.,.,.,.,-0.342,-0.332,-0.331,-0.229,-0.244,-0.311,0.157
2026,1,30,9,0.133,.,.,.,.,.,0.0161,-0.0162,-0.0196,0.256,0.177,0.016,0.871
2026,1,30,10,0.302,.,.,.,.,.,0.233,0.0765,0.0615,0.434,0.348,0.283,0.479
2026,1,30,11,-0.268,.,.,.,.,.,-0.484,-0.324,-0.305,-0.218,-0.265,-0.316,0.0159
2026,1,30,12,0.07,.,.,.,.,.,0.116,0.0118,-0.00271,0.14,0.0902,-0.0295,0.599
2026,1,30,13,0.0303,.,.,.,.,.,-0.0689,-0.0555,-0.054,0.131,0.0616,-0.0908,0.996
2026,1,30,15,0.377,.,.,.,.,.,0.528,0.302,0.268,0.444,0.447,0.414,0.598
2026,1,30,16,0.412,.,.,.,.,.,0.236,0.15,0.139,0.455,0.535,0.481,1.01
2026,1,30,17,-0.0337,.,.,.,.,.,0.0912,-0.101,-0.118,-0.0101,-0.0312,-0.11,0.413
2026,1,30,18,0.0534,.,.,.,.,.,0.00958,-0.145,-0.161,0.112,0.156,0.0447,0.797
2026,1,30,19,0.409,.,.,.,.,.,0.513,0.0745,0.0321,0.497,0.558,0.451,1.33
2026,1,30,20,0.334,.,.,.,.,.,0.135,0.0764,0.0682,0.411,0.487,0.465,0.879
2026,1,30,21,0.0299,.,.,.,.,.,-0.0483,-0.199,-0.215,0.104,0.177,0.0832,0.829
2026,1,30,22,0.224,.,.,.,.,.,0.0559,0.0807,0.0842,0.307,0.294,0.201,0.734
2026,1,30,23,1.57,.,.,.,.,.,1.24,1.24,1.24,1.83,1.79,1.85,2.03
2026,1,30,24,0.0273,.,.,.,.,.,0.0492,-0.0966,-0.112,0.206,0.0725,-0.0704,0.639
2026,1,30,25,0.00381,.,.,.,.,.,0.158,-0.168,-0.199,0.0958,0.0526,-0.0642,0.617
2026,1,30,26,0.0352,.,.,.,.,.,-0.133,-0.0768,-0.0698,0.199,0.0897,-0.0535,0.679
2026,1,30,27,0.0451,.,.,.,.,.,-0.0172,-0.0132,-0.0128,0.0604,0.04,-0.0486,0.575
2026,1,30,28,0.757,.,.,.,.,.,1.13,0.38,0.305,0.663,1.12,1.41,1.35
2026,1,30,29,0.278,.,.,.,.,.,0.233,0.233,0.233,0.374,0.271,0.0833,1.07
2026,1,30,30,0.954,.,.,.,.,.,0.903,0.78,0.761,0.928,1.04,1.08,1.09
2026,1,30,31,0.181,.,.,.,.,.,0.129,-0.0243,-0.0421,0.12,0.281,0.236,1.18
2026,1,30,32,-0.17,.,.,.,.,.,-0.235,-0.2,-0.196,-0.136,-0.173,-0.252,0.135
2026,1,30,33,0.964,.,.,.,.,.,1.26,0.603,0.541,1.21,1.1,0.721,2.03
2026,1,30,34,-0.0315,.,.,.,.,.,-0.163,-0.0784,-0.0709,0.0932,-0.0358,-0.171,0.592
2026,1,30,35,0.458,.,.,.,.,.,0.283,0.106,0.0848,0.679,0.609,0.44,1.03
2026,1,30,36,0.0403,.,.,.,.,.,0.118,-0.0342,-0.0488,0.186,0.0424,-0.0944,0.557
2026,1,30,37,-0.0939,.,.,.,.,.,-0.34,-0.208,-0.19,0.0451,-0.047,-0.183,0.684
2026,1,30,38,0.824,.,.,.,.,.,0.422,0.151,0.125,1.17,1.21,0.968,2.03
2026,1,30,39,-0.109,.,.,.,.,.,-0.154,-0.151,-0.15,-0.087,-0.103,-0.172,0.228
2026,1,30,40,-0.00136,.,.,.,.,.,-0.0767,-0.134,-0.141,0.0915,0.0649,-0.0397,0.51
2026,1,30,41,-0.00502,.,.,.,.,.,0.0169,-0.0769,-0.0871,0.13,0.027,-0.155,0.669
2026,1,30,42,-0.046,.,.,.,.,.,0.0498,-0.0539,-0.0641,0.05,-0.0611,-0.196,0.33
2026,1,30,44,0.111,.,.,.,.,.,0.251,-0.129,-0.165,0.118,0.2,0.0835,1.04
2026,1,30,45,0.388,.,.,.,.,.,-0.022,0.0491,0.0587,0.608,0.634,0.498,1.33
2026,1,30,46,1.19,.,.,.,.,.,2.07,0.72,0.618,1.39,1.42,1.36,1.73
2026,1,30,47,-0.126,.,.,.,.,.,-0.227,-0.24,-0.241,-0.126,-0.0681,-0.118,0.418
2026,1,30,48,-0.113,.,.,.,.,.,-0.209,-0.207,-0.207,-0.0187,-0.0769,-0.177,0.512
2026,1,30,49,0.0302,.,.,.,.,.,0.146,-0.0878,-0.114,0.0189,0.0898,0.0465,0.625
2026,1,30,50,1.57,.,.,.,.,.,1.93,1.41,1.35,1.83,1.79,1.85,2.03
2026,1,30,51,-0.0137,.,.,.,.,.,-0.174,-0.0728,-0.0602,0.144,-0.00526,-0.114,0.388
2026,1,30,53,-0.0791,.,.,.,.,.,-0.0144,-0.179,-0.196,0.00561,-0.054,-0.179,0.5
2026,1,30,54,1.07,.,.,.,.,.,1.83,0.467,0.352,1.12,1.39,1.42,1.78
2026,1,30,55,0.0538,.,.,.,.,.,-0.019,-0.0571,-0.0612,0.192,0.112,-0.0279,0.626
2026,1,30,56,0.936,.,.,.,.,.,1.03,0.576,0.528,1.06,1.05,1.15,0.821
2026,2,6,1,0.591,.,.,.,.,.,0.606,0.419,0.397,0.721,0.705,0.691,0.724
2026,2,6,2,0.569,.,.,.,.,.,1.22,0.749,0.689,0.472,0.501,0.517,0.507
2026,2,6,4,-0.0838,.,.,.,.,.,-0.195,-0.186,-0.185,-0.0575,-0.0426,-0.116,0.411
2026,2,6,5,0.515,.,.,.,.,.,0.727,0.288,0.241,0.745,0.629,0.598,0.473
2026,2,6,6,-0.21,.,.,.,.,.,-0.201,-0.241,-0.246,-0.135,-0.209,-0.305,0.183
2026,2,6,8,-0.131,.,.,.,.,.,-0.168,-0.226,-0.233,-0.114,-0.107,-0.182,0.433
2026,2,6,9,0.516,.,.,.,.,.,0.804,0.458,0.421,0.763,0.52,0.323,1.02
2026,2,6,10,0.391,.,.,.,.,.,0.55,0.19,0.156,0.397,0.419,0.351,0.748
2026,2,6,11,-0.206,.,.,.,.,.,-0.305,-0.228,-0.218,-0.142,-0.209,-0.271,0.116
2026,2,6,12,0.19,.,.,.,.,.,0.122,0.101,0.0977,0.314,0.232,0.0523,0.968
2026,2,6,13,0.185,.,.,.,.,.,0.126,0.14,0.142,0.329,0.199,0.0482,0.924
2026,2,6,15,0.563,.,.,.,.,.,1.11,0.553,0.471,0.655,0.615,0.576,0.684
2026,2,6,16,0.447,.,.,.,.,.,0.348,0.32,0.317,0.563,0.489,0.399,0.75
2026,2,6,17,0.176,.,.,.,.,.,0.845,0.0846,0.0184,0.232,0.187,0.0869,0.704
2026,2,6,18,0.292,.,.,.,.,.,0.542,0.156,0.116,0.342,0.36,0.261,0.866
2026,2,6,19,0.766,.,.,.,.,.,2.14,0.648,0.456,0.7,0.818,0.709,1.78
2026,2,6,20,0.633,.,.,.,.,.,0.8,0.39,0.332,0.613,0.784,0.782,1.4
2026,2,6,21,0.247,.,.,.,.,.,0.619,0.108,0.0543,0.411,0.338,0.19,0.815
2026,2,6,22,0.356,.,.,.,.,.,0.295,0.206,0.194,0.438,0.422,0.294,1.03
2026,2,6,23,1.57,.,.,.,.,.,1.49,1.41,1.37,1.83,1.79,1.85,2.03
2026,2,6,24,0.232,.,.,.,.,.,0.0176,0.0895,0.097,0.382,0.285,0.0974,1.24
2026,2,6,25,0.195,.,.,.,.,.,0.476,0.141,0.109,0.228,0.201,0.101,0.704
2026,2,6,26,0.171,.,.,.,.,.,0.082,0.0306,0.0242,0.379,0.245,0.0943,0.8
2026,2,6,27,0.227,.,.,.,.,.,0.595,0.168,0.12,0.342,0.224,0.0533,0.982
2026,2,6,28,1.04,.,.,.,.,.,0.846,0.46,0.421,1.02,1.59,1.85,1.37
2026,2,6,29,0.57,.,.,.,.,.,0.965,0.425,0.351,0.855,0.644,0.482,0.987
2026,2,6,30,1.32,.,.,.,.,.,1.43,1.41,1.37,1.11,1.29,1.16,1.98
2026,2,6,31,0.34,.,.,.,.,.,0.753,0.324,0.274,0.187,0.341,0.351,0.869
2026,2,6,32,-0.0775,.,.,.,.,.,-0.141,-0.111,-0.107,-0.0791,-0.0599,-0.0684,0.0426
2026,2,6,33,1.27,.,.,.,.,.,1.39,0.979,0.94,1.48,1.39,1.13,2.03
2026,2,6,34,0.214,.,.,.,.,.,0.445,0.179,0.155,0.354,0.208,0.0653,0.844
2026,2,6,35,0.531,.,.,.,.,.,0.309,0.228,0.219,0.732,0.675,0.591,0.846
2026,2,6,36,0.253,.,.,.,.,.,0.588,0.242,0.209,0.314,0.233,0.125,0.711
2026,2,6,37,0.0158,.,.,.,.,.,-0.115,-0.0897,-0.0862,0.16,0.0598,-0.064,0.677
2026,2,6,38,0.958,.,.,.,.,.,0.6,0.489,0.478,1.21,1.24,1.12,1.72
2026,2,6,39,0.0856,.,.,.,.,.,0.285,0.0816,0.059,0.164,0.0755,-0.0272,0.365
2026,2,6,40,0.295,.,.,.,.,.,0.301,0.0691,0.0415,0.421,0.444,0.36,0.944
2026,2,6,41,0.292,.,.,.,.,.,0.339,0.17,0.152,0.501,0.359,0.152,1.02
2026,2,6,42,0.139,.,.,.,.,.,0.312,0.188,0.175,0.283,0.097,-0.0664,0.444
2026,2,6,44,0.458,.,.,.,.,.,0.714,0.214,0.166,0.626,0.546,0.398,1.18
2026,2,6,45,0.559,.,.,.,.,.,0.319,0.321,0.322,0.716,0.729,0.651,1.12
2026,2,6,46,1.57,.,.,.,.,.,2.14,0.991,0.77,1.83,1.79,1.85,2.03
2026,2,6,47,0.113,.,.,.,.,.,0.121,-0.0367,-0.0544,0.23,0.199,0.119,0.571
2026,2,6,48,0.0665,.,.,.,.,.,0.041,-0.00455,-0.0105,0.2,0.0922,-0.0544,0.87
2026,2,6,49,0.195,.,.,.,.,.,0.389,0.113,0.0813,0.252,0.227,0.171,0.503
2026,2,6,50,1.57,.,.,.,.,.,2.14,1.41,1.37,1.83,1.79,1.85,2.03
2026,2,6,51,0.138,.,.,.,.,.,0.085,0.0887,0.0891,0.347,0.152,-0.016,0.854
2026,2,6,53,0.0263,.,.,.,.,.,0.31,-0.00769,-0.0402,0.118,0.0296,-0.12,0.643
2026,2,6,54,1.19,.,.,.,.,.,2.14,0.924,0.754,1.3,1.38,1.43,1.4
2026,2,6,55,0.275,.,.,.,.,.,0.408,0.209,0.188,0.449,0.307,0.171,0.62
2026,2,6,56,1.21,.,.,.,.,.,2.02,1.09,0.995,1.2,1.25,1.37,1.03
2026,2,13,1,0.459,.,.,.,.,.,0.497,0.309,0.287,0.59,0.534,0.472,0.662
2026,2,13,2,0.372,.,.,.,.,.,1.14,0.483,0.399,0.191,0.335,0.417,0.358
2026,2,13,4,-0.138,.,.,.,.,.,-0.162,-0.219,-0.227,-0.103,-0.113,-0.19,0.287
2026,2,13,5,0.477,.,.,.,.,.,0.17,0.14,0.136,0.457,0.65,0.811,0.533
2026,2,13,6,-0.245,.,.,.,.,.,-0.221,-0.288,-0.296,-0.188,-0.237,-0.322,0.146
2026,2,13,8,-0.213,.,.,.,.,.,-0.392,-0.364,-0.36,-0.165,-0.158,-0.231,0.361
2026,2,13,9,0.374,.,.,.,.,.,0.0334,0.0594,0.0621,0.578,0.492,0.361,1.0
2026,2,13,10,0.27,.,.,.,.,.,0.0167,-0.024,-0.0279,0.441,0.331,0.235,0.554
2026,2,13,11,-0.183,.,.,.,.,.,0.061,-0.0995,-0.119,-0.189,-0.211,-0.254,0.0598
2026,2,13,12,0.133,.,.,.,.,.,0.142,0.067,0.0567,0.236,0.161,0.0119,0.749
2026,2,13,13,0.0985,.,.,.,.,.,0.106,0.0528,0.0465,0.232,0.107,-0.0555,0.941
2026,2,13,15,0.323,.,.,.,.,.,0.281,0.0993,0.0726,0.469,0.505,0.528,0.499
2026,2,13,16,0.293,.,.,.,.,.,0.255,0.0772,0.0539,0.35,0.386,0.321,0.807
2026,2,13,17,0.0829,.,.,.,.,.,0.35,-0.0612,-0.097,0.158,0.124,0.0388,0.572
2026,2,13,18,0.213,.,.,.,.,.,0.209,0.0347,0.0166,0.306,0.301,0.205,0.73
2026,2,13,19,0.391,.,.,.,.,.,0.452,0.0903,0.0554,0.446,0.543,0.451,1.35
2026,2,13,20,0.425,.,.,.,.,.,0.135,0.138,0.138,0.536,0.587,0.543,1.01
2026,2,13,21,0.135,.,.,.,.,.,0.0804,-0.0353,-0.0475,0.215,0.24,0.137,0.794
2026,2,13,22,0.353,.,.,.,.,.,0.236,0.148,0.136,0.537,0.45,0.342,0.732
2026,2,13,23,1.34,.,.,.,.,.,0.979,0.774,0.742,1.64,1.59,1.39,2.03
2026,2,13,24,0.126,.,.,.,.,.,-0.0334,-0.0618,-0.0648,0.204,0.195,0.0794,0.924
2026,2,13,25,0.155,.,.,.,.,.,0.23,-0.0253,-0.0498,0.288,0.21,0.076,0.795
2026,2,13,26,0.104,.,.,.,.,.,0.0966,-0.019,-0.0332,0.263,0.162,0.0286,0.716
2026,2,13,27,0.165,.,.,.,.,.,0.187,0.097,0.0869,0.116,0.17,0.121,0.695
2026,2,13,28,0.902,.,.,.,.,.,0.415,0.166,0.141,0.948,1.61,1.85,1.72
2026,2,13,29,0.316,.,.,.,.,.,0.176,0.213,0.218,0.439,0.344,0.211,0.853
2026,2,13,30,0.935,.,.,.,.,.,1.17,0.696,0.623,1.04,0.995,0.799,1.52
2026,2,13,31,0.164,.,.,.,.,.,0.134,-0.0237,-0.0421,0.149,0.258,0.17,1.22
2026,2,13,32,-0.13,.,.,.,.,.,-0.178,-0.13,-0.124,-0.0522,-0.149,-0.266,0.19
2026,2,13,33,1.03,.,.,.,.,.,1.28,0.619,0.556,1.29,1.2,0.902,2.03
2026,2,13,34,0.148,.,.,.,.,.,0.00519,0.00274,0.00252,0.281,0.206,0.113,0.674
2026,2,13,35,0.427,.,.,.,.,.,0.0814,0.105,0.108,0.549,0.561,0.54,0.655
2026,2,13,36,0.169,.,.,.,.,.,0.191,0.0393,0.0248,0.308,0.198,0.0846,0.645
2026,2,13,37,0.00259,.,.,.,.,.,-0.108,-0.0818,-0.0782,0.169,0.035,-0.103,0.651
2026,2,13,38,0.903,.,.,.,.,.,0.76,0.149,0.092,1.18,1.37,1.42,1.64
2026,2,13,39,-0.0286,.,.,.,.,.,0.0201,-0.0659,-0.0754,0.0376,-0.0194,-0.115,0.33
2026,2,13,40,0.0961,.,.,.,.,.,0.118,-0.0935,-0.119,0.202,0.196,0.108,0.625
2026,2,13,41,0.146,.,.,.,.,.,0.127,-0.0343,-0.0518,0.321,0.23,0.0428,0.928
2026,2,13,42,-0.0257,.,.,.,.,.,0.0229,-0.0865,-0.0972,0.0985,-0.0102,-0.125,0.291
2026,2,13,44,0.366,.,.,.,.,.,0.236,0.0149,-0.00631,0.584,0.518,0.334,1.38
2026,2,13,45,0.49,.,.,.,.,.,0.147,0.179,0.184,0.762,0.7,0.527,1.32
2026,2,13,46,1.57,.,.,.,.,.,1.07,0.535,0.495,1.83,1.79,1.85,2.03
2026,2,13,47,0.087,.,.,.,.,.,-0.0138,-0.0977,-0.107,0.158,0.181,0.102,0.726
2026,2,13,48,0.0756,.,.,.,.,.,0.158,0.017,-0.0013,0.182,0.0889,-0.032,0.712
2026,2,13,49,0.0655,.,.,.,.,.,0.16,-0.0628,-0.0879,0.154,0.137,0.0498,0.643
2026,2,13,50,1.57,.,.,.,.,.,1.42,1.14,1.1,1.83,1.79,1.85,2.03
2026,2,13,51,0.0601,.,.,.,.,.,-0.0229,0.0693,0.0807,0.211,0.0385,-0.0994,0.583
2026,2,13,53,-0.0614,.,.,.,.,.,0.119,-0.131,-0.157,-0.00123,-0.0493,-0.165,0.479
2026,2,13,54,0.866,.,.,.,.,.,0.76,0.412,0.382,0.941,1.11,1.1,1.45
2026,2,13,55,0.145,.,.,.,.,.,0.285,0.0632,0.0394,0.3,0.188,0.0321,0.698
2026,2,13,56,0.636,.,.,.,.,.,0.754,0.38,0.34,0.794,0.717,0.669,0.73
2026,2,20,1,0.475,.,.,.,.,.,0.517,0.32,0.298,0.622,0.549,0.481,0.66
2026,2,20,2,0.502,.,.,.,.,.,1.38,0.821,0.75,0.489,0.366,0.334,0.259
2026,2,20,4,-0.142,.,.,.,.,.,-0.0971,-0.225,-0.243,-0.122,-0.116,-0.193,0.327
2026,2,20,5,0.708,.,.,.,.,.,0.519,0.51,0.509,0.536,0.796,0.928,0.931
2026,2,20,6,-0.264,.,.,.,.,.,-0.163,-0.28,-0.294,-0.187,-0.272,-0.375,0.13
2026,2,20,8,-0.21,.,.,.,.,.,-0.212,-0.302,-0.314,-0.176,-0.181,-0.255,0.309
2026,2,20,9,0.269,.,.,.,.,.,0.425,0.183,0.157,0.444,0.261,0.0812,0.807
2026,2,20,10,0.322,.,.,.,.,.,0.467,0.18,0.152,0.434,0.336,0.234,0.603
2026,2,20,11,-0.218,.,.,.,.,.,0.408,-0.175,-0.248,-0.224,-0.241,-0.298,0.137
2026,2,20,12,0.148,.,.,.,.,.,0.243,0.115,0.097,0.24,0.151,-0.00727,0.748
2026,2,20,13,0.122,.,.,.,.,.,0.331,0.119,0.0939,0.23,0.103,-0.0514,0.862
2026,2,20,15,0.431,.,.,.,.,.,0.768,0.286,0.216,0.659,0.565,0.422,0.942
2026,2,20,16,0.277,.,.,.,.,.,0.261,0.0786,0.0547,0.417,0.361,0.286,0.59
2026,2,20,17,0.114,.,.,.,.,.,0.3,-0.0231,-0.0513,0.172,0.153,0.0521,0.749
2026,2,20,18,0.247,.,.,.,.,.,0.383,0.0966,0.0667,0.28,0.314,0.151,1.17
2026,2,20,19,0.573,.,.,.,.,.,0.745,0.214,0.162,0.716,0.76,0.603,1.76
2026,2,20,20,0.512,.,.,.,.,.,0.208,0.245,0.25,0.466,0.664,0.667,1.34
2026,2,20,21,0.262,.,.,.,.,.,0.341,0.0258,-0.0075,0.414,0.417,0.28,1.07
2026,2,20,22,0.196,.,.,.,.,.,0.249,0.067,0.0419,0.409,0.242,0.0421,0.744
2026,2,20,23,1.57,.,.,.,.,.,2.02,1.14,1.0,1.68,1.79,1.7,2.03
2026,2,20,24,0.128,.,.,.,.,.,0.217,0.0597,0.0432,0.272,0.147,-0.00862,0.816
2026,2,20,25,0.0197,.,.,.,.,.,0.354,-0.0688,-0.109,0.0812,0.0333,-0.0551,0.426
2026,2,20,26,0.121,.,.,.,.,.,0.174,0.0417,0.0254,0.254,0.148,-0.00273,0.793
2026,2,20,27,0.235,.,.,.,.,.,0.397,0.205,0.184,0.232,0.205,0.0578,1.11
2026,2,20,28,1.2,.,.,.,.,.,0.788,0.491,0.462,1.3,1.79,1.85,1.73
2026,2,20,29,0.492,.,.,.,.,.,0.445,0.377,0.368,0.643,0.548,0.421,1.01
2026,2,20,30,0.971,.,.,.,.,.,1.32,0.977,0.924,0.922,0.918,0.774,1.35
2026,2,20,31,0.147,.,.,.,.,.,0.0904,0.0128,0.00382,0.172,0.224,0.156,0.852
2026,2,20,32,-0.177,.,.,.,.,.,-0.245,-0.211,-0.206,-0.176,-0.185,-0.262,0.194
2026,2,20,33,0.822,.,.,.,.,.,1.49,0.698,0.623,0.873,0.835,0.599,1.95
2026,2,20,34,0.0771,.,.,.,.,.,0.139,0.0325,0.023,0.226,0.0683,-0.0845,0.742
2026,2,20,35,0.446,.,.,.,.,.,0.231,0.17,0.163,0.601,0.553,0.443,0.825
2026,2,20,36,0.128,.,.,.,.,.,0.487,0.132,0.0977,0.212,0.101,-0.0108,0.537
2026,2,20,37,0.0172,.,.,.,.,.,0.0284,-0.0463,-0.0564,0.232,0.0359,-0.132,0.682
2026,2,20,38,0.927,.,.,.,.,.,0.618,0.134,0.0886,0.75,1.42,1.85,0.824
2026,2,20,39,0.0193,.,.,.,.,.,0.229,0.0178,-0.00559,0.0633,0.00493,-0.103,0.416
2026,2,20,40,0.104,.,.,.,.,.,0.0236,-0.0302,-0.0366,0.199,0.18,0.0855,0.601
2026,2,20,41,0.157,.,.,.,.,.,0.389,0.0693,0.0347,0.288,0.192,-0.0163,0.979
2026,2,20,42,0.0605,.,.,.,.,.,0.399,0.0856,0.0549,0.164,0.0248,-0.121,0.4
2026,2,20,44,0.179,.,.,.,.,.,0.344,0.0664,0.0397,0.187,0.21,0.112,0.806
2026,2,20,45,0.527,.,.,.,.,.,0.384,0.294,0.281,0.698,0.666,0.514,1.27
2026,2,20,46,1.26,.,.,.,.,.,2.14,0.784,0.622,1.2,1.52,1.76,1.43
2026,2,20,47,0.101,.,.,.,.,.,0.172,0.00905,-0.00924,0.172,0.146,0.0208,0.806
2026,2,20,48,0.00119,.,.,.,.,.,-0.0147,-0.0296,-0.0315,0.125,0.00189,-0.139,0.674
2026,2,20,49,0.069,.,.,.,.,.,0.257,0.0286,0.00275,0.0417,0.0757,0.0258,0.522
2026,2,20,50,1.57,.,.,.,.,.,1.8,1.41,1.37,1.83,1.79,1.85,2.03
2026,2,20,51,0.0384,.,.,.,.,.,0.208,0.0957,0.0817,0.192,-0.00773,-0.151,0.503
2026,2,20,53,-0.083,.,.,.,.,.,0.226,-0.112,-0.147,-0.0204,-0.0909,-0.214,0.421
2026,2,20,54,0.99,.,.,.,.,.,1.88,0.626,0.52,0.961,1.18,1.16,1.63
2026,2,20,55,0.13,.,.,.,.,.,0.415,0.0524,0.0135,0.272,0.167,0.0461,0.508
2026,2,20,56,0.782,.,.,.,.,.,1.49,0.749,0.669,0.671,0.762,0.944,0.455
2026,2,27,1,0.616,.,.,.,.,.,0.671,0.472,0.448,0.789,0.694,0.431,1.56
2026,2,27,2,0.367,.,.,.,.,.,0.863,0.394,0.333,0.385,0.355,0.293,0.453
2026,2,27,4,-0.141,.,.,.,.,.,-0.342,-0.261,-0.25,-0.116,-0.104,-0.275,0.893
2026,2,27,5,0.595,.,.,.,.,.,0.544,0.389,0.373,0.685,0.675,0.474,1.34
2026,2,27,6,-0.272,.,.,.,.,.,-0.23,-0.324,-0.335,-0.199,-0.261,-0.406,0.438
2026,2,27,8,-0.191,.,.,.,.,.,-0.27,-0.327,-0.335,-0.173,-0.156,-0.317,1.01
2026,2,27,9,0.194,.,.,.,.,.,0.24,0.00125,-0.0242,0.451,0.265,0.0267,1.13
2026,2,27,10,0.26,.,.,.,.,.,0.417,0.203,0.183,0.285,0.239,0.2,0.322
2026,2,27,11,-0.305,.,.,.,.,.,-0.136,-0.209,-0.218,-0.333,-0.336,-0.389,0.0418
2026,2,27,12,0.0604,.,.,.,.,.,0.166,0.0165,-0.00418,0.126,0.0662,-0.154,1.1
2026,2,27,13,0.135,.,.,.,.,.,0.0109,0.0419,0.0456,0.298,0.163,-0.0749,1.53
2026,2,27,15,0.441,.,.,.,.,.,0.738,0.242,0.169,0.713,0.618,0.417,1.25
2026,2,27,16,0.441,.,.,.,.,.,0.373,0.171,0.144,0.443,0.548,0.229,2.03
2026,2,27,17,0.0407,.,.,.,.,.,0.13,-0.0929,-0.112,0.103,0.0742,-0.0699,0.913
2026,2,27,18,0.141,.,.,.,.,.,0.113,0.00669,-0.00439,0.211,0.197,0.00909,1.02
2026,2,27,19,0.434,.,.,.,.,.,0.499,0.218,0.191,0.51,0.527,0.216,2.03
2026,2,27,20,0.502,.,.,.,.,.,0.215,0.21,0.21,0.555,0.659,0.412,2.03
2026,2,27,21,0.287,.,.,.,.,.,0.446,0.0846,0.0464,0.371,0.41,0.0768,2.03
2026,2,27,22,0.334,.,.,.,.,.,0.126,0.227,0.241,0.595,0.377,0.142,0.905
2026,2,27,23,1.57,.,.,.,.,.,2.09,1.41,1.37,1.83,1.79,1.85,2.03
2026,2,27,24,0.229,.,.,.,.,.,0.0589,0.0352,0.0327,0.323,0.306,0.175,1.11
2026,2,27,25,-0.00949,.,.,.,.,.,0.171,-0.164,-0.196,0.0852,0.0347,-0.104,0.709
2026,2,27,26,0.105,.,.,.,.,.,0.182,0.0556,0.04,0.27,0.114,-0.0905,0.95
2026,2,27,27,0.0679,.,.,.,.,.,0.153,0.00846,-0.0078,0.0904,0.0524,-0.111,1.04
2026,2,27,28,1.26,.,.,.,.,.,0.393,0.557,0.573,1.48,1.79,1.85,2.03
2026,2,27,29,0.425,.,.,.,.,.,0.258,0.274,0.276,0.548,0.496,0.325,1.34
2026,2,27,30,1.29,.,.,.,.,.,1.0,1.05,1.06,1.79,1.43,1.0,2.03
2026,2,27,31,0.349,.,.,.,.,.,-0.0411,0.0739,0.0873,0.182,0.457,0.0421,2.03
2026,2,27,32,-0.175,.,.,.,.,.,-0.219,-0.144,-0.134,-0.199,-0.212,-0.292,0.175
2026,2,27,33,1.33,.,.,.,.,.,1.55,0.716,0.637,1.69,1.64,0.985,2.03
2026,2,27,34,0.099,.,.,.,.,.,0.0203,0.0202,0.0201,0.313,0.0978,-0.0896,0.854
2026,2,27,35,0.452,.,.,.,.,.,0.322,0.127,0.104,0.747,0.597,0.416,0.92
2026,2,27,36,0.151,.,.,.,.,.,0.425,0.133,0.105,0.359,0.131,-0.0785,0.904
2026,2,27,37,0.0785,.,.,.,.,.,0.0922,0.0293,0.0208,0.37,0.0817,-0.215,1.41
2026,2,27,38,1.57,.,.,.,.,.,1.08,0.541,0.49,1.83,1.79,1.31,2.03
2026,2,27,39,0.0207,.,.,.,.,.,0.0589,0.0112,0.00595,0.0709,0.0113,-0.173,0.845
2026,2,27,40,0.174,.,.,.,.,.,0.124,0.00862,-0.00508,0.394,0.269,0.074,0.863
2026,2,27,41,0.281,.,.,.,.,.,0.644,0.226,0.18,0.454,0.31,-0.0285,1.62
2026,2,27,42,0.0986,.,.,.,.,.,0.238,0.0985,0.0849,0.259,0.059,-0.163,0.663
2026,2,27,44,0.372,.,.,.,.,.,0.328,-0.0799,-0.119,0.259,0.543,0.123,2.03
2026,2,27,45,0.627,.,.,.,.,.,0.377,0.337,0.331,0.868,0.822,0.512,2.03
2026,2,27,46,1.57,.,.,.,.,.,2.14,0.757,0.62,1.43,1.79,1.53,2.03
2026,2,27,47,0.0593,.,.,.,.,.,0.0919,-0.062,-0.0793,0.139,0.109,-0.106,1.29
2026,2,27,48,0.0183,.,.,.,.,.,-0.034,-0.036,-0.0363,0.192,0.0331,-0.155,0.953
2026,2,27,49,0.0809,.,.,.,.,.,0.306,-0.0444,-0.084,0.03,0.13,-0.0582,1.71
2026,2,27,50,1.57,.,.,.,.,.,1.73,1.41,1.37,1.83,1.79,1.85,2.03
2026,2,27,51,0.164,.,.,.,.,.,0.267,0.146,0.131,0.362,0.133,-0.133,1.46
2026,2,27,53,-0.0865,.,.,.,.,.,0.0776,-0.181,-0.207,0.0393,-0.0583,-0.268,0.872
2026,2,27,54,1.41,.,.,.,.,.,2.14,1.33,1.22,1.67,1.5,1.28,1.8
2026,2,27,55,0.249,.,.,.,.,.,0.333,0.159,0.14,0.4,0.287,-0.0388,1.71
2026,2,27,56,1.22,.,.,.,.,.,1.31,0.877,0.83,1.74,1.4,1.22,1.36
2026,3,6,1,0.882,0.6,0.202,0.507,1.05,0.56,1.23,0.842,0.797,0.963,0.86,0.63,1.57
2026,3,6,2,0.718,2.72,0.555,0.253,1.07,0.149,1.15,0.792,0.746,0.573,0.646,0.767,0.474
2026,3,6,4,-0.0892,0.0221,-0.342,-0.244,-0.00681,-0.26,-0.202,-0.197,-0.197,-0.0575,-0.0592,-0.171,0.561
2026,3,6,5,1.14,1.12,0.932,0.785,0.82,0.837,1.27,1.18,1.17,1.04,1.05,1.03,1.15
2026,3,6,6,-0.203,-0.205,-0.378,-0.376,-0.0779,-0.189,-0.0464,-0.212,-0.231,-0.165,-0.216,-0.339,0.39
2026,3,6,8,-0.104,-0.162,-0.341,-0.314,0.142,-0.233,-0.0475,-0.16,-0.175,-0.143,-0.104,-0.202,0.703
2026,3,6,9,1.15,0.719,0.0208,0.364,1.69,0.413,0.752,0.573,0.554,1.07,1.42,1.19,2.03
2026,3,6,10,0.372,1.1,0.227,-0.0401,0.151,0.702,1.18,0.416,0.342,0.3,0.316,0.222,0.74
2026,3,6,11,-0.114,0.347,0.0403,-0.361,0.0952,-0.0695,0.0986,-0.00829,-0.0215,-0.0963,-0.146,-0.211,0.241
2026,3,6,12,0.186,0.176,-0.0553,0.00839,0.193,0.0876,0.319,0.161,0.139,0.249,0.169,0.000166,0.856
2026,3,6,13,0.274,0.237,-0.021,0.0495,0.63,0.0421,0.463,0.275,0.252,0.373,0.247,0.0337,1.46
2026,3,6,15,0.569,0.308,0.351,0.684,1.01,0.319,0.738,0.388,0.337,0.84,0.704,0.516,1.17
2026,3,6,16,0.397,0.598,0.361,0.202,0.152,0.222,0.422,0.322,0.309,0.366,0.415,0.364,0.795
2026,3,6,17,0.212,0.271,-0.227,-0.0998,0.477,0.203,0.794,0.219,0.168,0.259,0.179,0.0473,0.8
2026,3,6,18,0.278,0.435,0.0642,0.0351,0.158,0.0545,0.628,0.214,0.17,0.286,0.282,0.141,0.916
2026,3,6,19,0.653,0.467,-0.272,0.359,0.918,0.709,1.03,0.499,0.448,0.656,0.707,0.549,1.73
2026,3,6,20,0.584,0.795,0.339,0.557,0.53,0.0846,0.471,0.37,0.356,0.6,0.691,0.622,1.4
2026,3,6,21,0.299,0.424,-0.0955,0.136,0.385,-0.0781,0.507,0.191,0.157,0.328,0.348,0.238,0.915
2026,3,6,22,0.381,0.318,0.286,0.233,0.278,-0.132,0.435,0.29,0.27,0.439,0.385,0.223,1.05
2026,3,6,23,1.57,2.84,1.41,1.51,1.69,1.54,2.11,1.41,1.37,1.83,1.79,1.85,2.03
2026,3,6,24,0.318,0.622,-0.254,-0.0679,0.782,-0.0917,0.389,0.201,0.181,0.375,0.356,0.159,1.59
2026,3,6,25,0.233,0.137,0.121,-0.0145,0.314,0.336,0.815,0.162,0.0993,0.302,0.236,0.101,0.853
2026,3,6,26,0.147,0.16,-0.0798,-0.0458,0.061,-0.0741,0.348,0.135,0.109,0.319,0.129,-0.046,0.672
2026,3,6,27,0.169,-0.0296,-0.274,-0.0903,0.36,0.25,0.355,0.22,0.205,0.176,0.0983,-0.0443,0.803
2026,3,6,28,1.37,1.66,1.6,1.51,1.12,0.378,1.35,0.827,0.775,1.2,1.79,1.85,2.03
2026,3,6,29,0.675,0.498,-0.162,0.215,0.917,0.291,0.735,0.562,0.538,1.0,0.726,0.522,1.12
2026,3,6,30,1.42,2.08,0.907,1.39,0.904,0.981,1.83,1.38,1.31,1.31,1.42,1.21,2.03
2026,3,6,31,0.209,0.292,0.168,0.0867,0.149,-0.0228,0.249,0.0848,0.0656,0.197,0.256,0.18,0.958
2026,3,6,32,-0.128,0.00639,-0.295,-0.26,-0.248,-0.316,-0.198,-0.131,-0.122,-0.15,-0.144,-0.193,0.14
2026,3,6,33,1.33,1.06,0.747,1.51,1.08,0.943,2.14,1.11,0.993,1.5,1.45,1.11,2.03
2026,3,6,34,0.275,0.263,-0.125,-0.0756,0.313,0.161,0.505,0.27,0.249,0.371,0.229,0.0441,1.19
2026,3,6,35,0.686,0.663,0.431,0.554,0.768,0.316,0.661,0.385,0.353,0.805,0.82,0.676,1.32
2026,3,6,36,0.366,0.382,0.134,0.141,0.716,0.092,0.825,0.43,0.392,0.452,0.301,0.137,0.962
2026,3,6,37,0.151,0.161,-0.157,-0.132,0.381,0.0046,0.363,0.18,0.155,0.351,0.115,-0.113,1.09
2026,3,6,38,1.57,1.36,0.201,0.941,1.69,0.712,1.01,0.469,0.418,1.83,1.79,1.85,1.76
2026,3,6,39,0.142,0.211,-0.13,-0.0188,-0.0791,0.243,0.411,0.201,0.177,0.246,0.0793,-0.0851,0.461
2026,3,6,40,0.301,0.119,0.114,0.121,0.459,0.0574,0.378,0.151,0.124,0.351,0.376,0.239,1.14
2026,3,6,41,0.222,-0.00559,0.015,-0.0943,0.234,0.797,0.429,0.22,0.197,0.296,0.201,-0.0297,1.11
2026,3,6,42,0.281,0.403,-0.133,-0.107,0.324,0.11,0.777,0.425,0.391,0.33,0.17,-0.0395,0.807
2026,3,6,44,0.489,1.3,0.163,0.112,0.883,0.397,0.838,0.245,0.188,0.502,0.567,0.365,1.84
2026,3,6,45,0.851,1.12,0.39,0.641,0.571,0.327,0.694,0.62,0.61,1.04,0.995,0.741,2.03
2026,3,6,46,1.57,1.44,0.819,1.29,1.69,1.71,2.14,0.787,0.62,1.83,1.79,1.85,2.03
2026,3,6,47,0.244,0.399,-0.131,-0.046,0.389,-0.0697,0.318,0.179,0.164,0.376,0.261,0.0901,0.897
2026,3,6,48,0.114,0.0989,-0.144,-0.243,0.669,-0.067,0.148,0.0213,0.00487,0.204,0.147,-0.027,1.34
2026,3,6,49,0.176,0.372,-0.0847,-0.234,0.095,0.0887,0.382,0.166,0.141,0.154,0.155,0.0946,0.551
2026,3,6,50,1.57,2.84,1.79,1.51,1.58,1.23,1.65,1.41,1.37,1.83,1.79,1.85,2.03
2026,3,6,51,0.217,0.217,-0.172,-0.125,0.523,0.187,0.402,0.267,0.25,0.433,0.173,-0.0429,1.05
2026,3,6,53,-0.0239,0.448,-0.123,-0.244,-0.0287,0.132,0.356,-0.0512,-0.0927,0.025,-0.0408,-0.186,0.608
2026,3,6,54,1.5,1.94,0.638,1.14,1.27,1.83,2.14,1.32,1.21,1.49,1.54,1.4,2.01
2026,3,6,55,0.317,0.0927,-0.119,-0.014,0.442,0.211,0.754,0.332,0.287,0.332,0.269,0.116,0.917
2026,3,6,56,1.19,2.37,0.913,0.365,0.755,0.992,2.14,1.3,1.07,0.947,1.02,1.14,0.851
2026,3,13,1,0.659,0.635,0.501,0.466,0.719,1.18,0.87,0.524,0.483,0.697,0.714,0.604,1.21
2026,3,13,2,0.509,2.0,0.375,0.304,0.431,0.755,1.09,0.541,0.471,0.508,0.452,0.462,0.346
2026,3,13,4,-0.0815,0.125,-0.305,-0.254,-0.0834,-0.103,-0.00288,-0.142,-0.162,-0.115,-0.0697,-0.138,0.446
2026,3,13,5,0.77,1.02,1.25,0.377,0.766,1.83,1.32,0.654,0.583,0.69,0.766,0.765,0.944
2026,3,13,6,-0.179,-0.0118,-0.411,-0.371,-0.0958,-0.0343,0.0811,-0.186,-0.217,-0.184,-0.19,-0.28,0.329
2026,3,13,8,-0.103,-0.0218,-0.282,-0.32,-0.0487,0.0933,0.212,-0.0827,-0.121,-0.132,-0.131,-0.209,0.407
2026,3,13,9,0.608,0.4,-0.0555,0.119,1.67,0.673,1.02,0.426,0.363,0.82,0.681,0.439,1.67
2026,3,13,10,0.508,0.958,0.258,0.123,0.49,1.61,1.15,0.518,0.457,0.444,0.455,0.403,0.69
2026,3,13,11,-0.143,0.414,-0.00805,-0.35,0.191,-0.0919,0.192,-0.0446,-0.074,-0.161,-0.17,-0.215,0.135
2026,3,13,12,0.208,0.322,0.0264,-0.0123,0.144,0.354,0.602,0.243,0.194,0.273,0.171,0.00435,0.774
2026,3,13,13,0.257,0.226,0.115,0.0489,0.678,0.429,0.463,0.25,0.224,0.339,0.241,0.0415,1.44
2026,3,13,15,0.534,0.238,0.076,0.668,0.731,0.525,0.805,0.398,0.338,0.55,0.622,0.601,0.905
2026,3,13,16,0.678,0.628,0.332,0.16,0.774,1.58,1.27,0.698,0.623,0.792,0.638,0.449,1.18
2026,3,13,17,0.166,0.228,-0.0776,-0.145,0.456,0.458,0.759,0.0975,0.0399,0.171,0.175,0.0868,0.753
2026,3,13,18,0.294,0.537,0.14,-0.0133,0.267,0.731,0.845,0.243,0.181,0.238,0.29,0.202,0.853
2026,3,13,19,0.638,0.53,-0.177,0.207,1.16,0.805,0.626,0.364,0.338,0.621,0.777,0.759,1.35
2026,3,13,20,0.615,0.922,0.554,0.522,0.358,0.534,0.695,0.48,0.45,0.448,0.677,0.671,1.51
2026,3,13,21,0.375,0.547,0.0367,0.272,0.569,0.327,0.802,0.217,0.156,0.42,0.473,0.364,1.14
2026,3,13,22,0.452,0.26,0.326,0.199,0.563,0.276,0.555,0.347,0.318,0.539,0.473,0.378,0.76
2026,3,13,23,1.57,2.84,1.77,1.51,1.69,1.83,2.14,1.41,1.37,1.83,1.79,1.85,2.03
2026,3,13,24,0.185,0.153,-0.165,-0.128,0.52,0.0788,0.53,0.139,0.0983,0.244,0.175,0.0157,1.02
2026,3,13,25,0.278,0.346,0.118,0.0652,0.179,0.596,0.806,0.266,0.214,0.305,0.254,0.138,0.796
2026,3,13,26,0.211,0.156,0.109,-0.032,0.194,0.103,0.553,0.224,0.184,0.318,0.184,0.0464,0.659
2026,3,13,27,0.131,0.0837,-0.264,-0.104,0.16,0.513,0.531,0.225,0.19,0.0778,0.0489,-0.0862,0.872
2026,3,13,28,1.16,1.37,1.61,1.51,1.03,1.1,1.39,0.645,0.571,1.01,1.62,1.85,2.03
2026,3,13,29,0.534,0.522,0.0111,0.254,0.514,0.847,0.962,0.586,0.534,0.549,0.493,0.357,1.13
2026,3,13,30,1.44,1.98,1.08,1.37,1.14,1.59,1.88,1.41,1.37,1.18,1.39,1.34,1.91
2026,3,13,31,0.265,0.378,0.229,0.185,0.155,0.304,0.611,0.182,0.133,0.0681,0.296,0.306,1.11
2026,3,13,32,-0.0805,0.0626,-0.348,-0.236,-0.197,-0.141,-0.00846,-0.0717,-0.0802,-0.0605,-0.102,-0.204,0.315
2026,3,13,33,1.54,1.09,0.702,1.51,1.31,1.83,2.14,1.41,1.3,1.51,1.58,1.32,2.03
2026,3,13,34,0.258,0.00979,0.053,-0.0891,0.346,0.678,0.935,0.275,0.216,0.352,0.224,0.0548,1.11
2026,3,13,35,0.941,0.973,0.515,0.599,1.65,1.03,0.954,0.509,0.456,0.919,1.15,1.25,1.23
2026,3,13,36,0.374,0.204,0.186,0.0749,0.845,0.402,1.34,0.449,0.364,0.49,0.318,0.166,0.856
2026,3,13,37,0.173,0.226,-0.0837,-0.128,0.581,0.256,0.513,0.2,0.157,0.296,0.138,-0.0398,0.977
2026,3,13,38,1.17,1.09,0.236,0.973,1.69,1.83,1.31,0.611,0.545,1.24,1.5,1.58,1.81
2026,3,13,39,0.152,0.325,-0.00654,-0.0792,-0.0307,0.939,0.978,0.253,0.173,0.151,0.0763,-0.0273,0.414
2026,3,13,40,0.267,0.16,0.264,0.0837,0.496,0.436,0.678,0.146,0.0829,0.288,0.339,0.258,0.903
2026,3,13,41,0.289,-0.0503,-0.131,-0.0459,0.396,0.731,0.745,0.334,0.29,0.33,0.249,0.0354,1.11
2026,3,13,42,0.211,0.256,-0.118,-0.111,0.316,0.457,0.908,0.323,0.266,0.238,0.127,-0.0287,0.621
2026,3,13,44,0.575,0.943,0.181,0.323,0.807,1.12,1.73,0.451,0.328,0.581,0.617,0.472,1.51
2026,3,13,45,0.77,1.05,0.523,0.589,0.706,0.682,0.794,0.508,0.469,0.895,0.943,0.823,1.63
2026,3,13,46,1.52,1.8,0.933,1.28,1.69,1.83,2.14,0.815,0.702,1.83,1.79,1.64,2.03
2026,3,13,47,0.225,0.435,-0.132,0.155,0.195,0.124,0.631,0.241,0.198,0.244,0.205,0.0776,0.835
2026,3,13,48,0.0808,0.157,-0.139,-0.259,0.341,0.0988,0.24,0.0613,0.0381,0.134,0.0731,-0.0381,0.74
2026,3,13,49,0.161,0.212,-0.0953,-0.265,0.408,0.272,0.535,0.155,0.112,0.104,0.136,0.0669,0.701
2026,3,13,50,1.57,2.84,1.87,1.51,1.51,1.83,2.14,1.41,1.37,1.83,1.79,1.85,2.03
2026,3,13,51,0.204,0.131,-0.00296,-0.109,0.486,0.618,0.71,0.367,0.325,0.311,0.113,-0.0408,0.699
2026,3,13,53,0.0101,0.401,-0.124,-0.235,-0.0206,0.607,0.666,0.0632,0.00166,0.00588,-0.0328,-0.139,0.464
2026,3,13,54,1.5,1.98,0.806,1.35,1.26,1.83,2.14,1.41,1.18,1.33,1.55,1.54,1.97
2026,3,13,55,0.266,0.201,-0.00212,-0.0603,0.421,0.538,0.582,0.273,0.24,0.284,0.244,0.116,0.817
2026,3,13,56,1.28,2.42,0.926,0.532,1.68,1.35,2.14,1.19,1.03,1.18,1.28,1.32,1.33
2026,3,20,1,0.513,0.331,0.411,0.38,0.54,0.556,0.579,0.328,0.299,0.814,0.615,0.501,0.62
2026,3,20,2,0.397,1.24,0.521,0.0428,0.539,0.372,1.07,0.396,0.309,0.267,0.392,0.492,0.346
2026,3,20,4,-0.171,-0.0522,-0.374,-0.31,-0.148,-0.295,-0.153,-0.215,-0.224,-0.157,-0.176,-0.255,0.206
2026,3,20,5,0.609,1.09,1.31,0.315,0.669,0.796,0.801,0.324,0.273,0.584,0.733,0.79,0.876
2026,3,20,6,-0.253,-0.183,-0.374,-0.43,-0.221,-0.153,0.0553,-0.214,-0.246,-0.23,-0.284,-0.37,0.0893
2026,3,20,8,-0.178,-0.0657,-0.306,-0.355,-0.0924,-0.167,0.0,-0.22,-0.248,-0.211,-0.183,-0.236,0.273
2026,3,20,9,0.459,0.443,0.0259,0.127,1.0,0.4,0.856,0.311,0.253,0.567,0.495,0.308,1.34
2026,3,20,10,0.421,0.529,0.441,0.103,0.192,0.766,0.717,0.343,0.307,0.506,0.382,0.323,0.426
2026,3,20,11,-0.241,-0.0894,0.147,-0.419,-0.0474,-0.0951,0.277,-0.0808,-0.125,-0.205,-0.284,-0.351,0.0618
2026,3,20,12,0.112,0.141,0.0353,-0.0437,0.0667,0.0782,0.266,0.107,0.0852,0.189,0.104,-0.0359,0.613
2026,3,20,13,0.15,0.136,0.103,-0.0487,0.603,0.0441,0.24,0.0994,0.0825,0.255,0.148,-0.000879,0.934
2026,3,20,15,0.346,0.0462,-0.0877,0.393,0.421,0.119,0.76,0.199,0.117,0.56,0.472,0.376,0.659
2026,3,20,16,0.435,0.381,0.38,0.198,0.307,0.467,0.944,0.468,0.406,0.482,0.39,0.292,0.643
2026,3,20,17,0.107,0.213,-0.124,-0.142,0.357,0.115,0.342,-0.0303,-0.0627,0.122,0.143,0.0759,0.636
2026,3,20,18,0.251,0.543,0.197,0.0261,0.324,0.127,0.441,0.0911,0.0547,0.355,0.337,0.218,0.834
2026,3,20,19,0.425,0.354,-0.132,0.223,0.585,0.558,0.73,0.126,0.0673,0.551,0.572,0.465,1.22
2026,3,20,20,0.417,0.466,0.477,0.554,0.307,0.149,0.377,0.189,0.162,0.442,0.529,0.452,1.26
2026,3,20,21,0.353,0.404,0.142,0.293,0.534,-0.0365,0.213,0.0994,0.0875,0.53,0.513,0.358,1.19
2026,3,20,22,0.31,0.268,0.44,0.183,0.29,-0.00544,0.295,0.163,0.145,0.404,0.355,0.263,0.676
2026,3,20,23,1.57,2.49,1.23,1.51,1.56,1.83,2.14,1.41,1.37,1.83,1.79,1.85,2.03
2026,3,20,24,0.102,0.0705,-0.114,-0.214,0.308,0.145,0.236,0.0366,0.0156,0.183,0.111,-0.0177,0.752
2026,3,20,25,0.177,0.154,0.159,-0.0202,0.108,0.252,0.762,0.135,0.0757,0.235,0.162,0.0619,0.564
2026,3,20,26,0.0778,0.12,-0.0224,-0.0806,0.114,-0.125,0.269,0.0238,-0.00651,0.225,0.0917,-0.0404,0.531
2026,3,20,27,0.0736,0.00301,-0.157,-0.0737,0.142,0.074,0.288,0.0806,0.0572,0.0808,0.0343,-0.0595,0.514
2026,3,20,28,1.08,1.53,1.87,1.51,1.09,0.794,1.27,0.513,0.438,1.14,1.62,1.84,2.03
2026,3,20,29,0.304,0.354,-0.124,0.176,0.164,0.305,0.431,0.287,0.268,0.359,0.282,0.159,0.781
2026,3,20,30,1.5,1.68,1.87,0.788,0.861,1.15,2.0,1.29,1.17,1.83,1.63,1.29,1.18
2026,3,20,31,0.184,0.231,0.201,0.0987,0.0844,0.3,0.288,0.0265,-0.00382,0.0955,0.244,0.232,0.889
2026,3,20,32,-0.104,0.0421,-0.308,-0.202,-0.273,-0.167,0.0488,-0.088,-0.106,-0.0618,-0.14,-0.262,0.275
2026,3,20,33,1.27,0.946,0.607,1.37,0.743,1.83,2.14,1.26,1.1,1.46,1.21,0.898,2.03
2026,3,20,34,0.145,-0.0239,0.0188,-0.166,0.175,0.267,0.55,0.174,0.14,0.247,0.11,-0.0129,0.621
2026,3,20,35,0.452,0.608,0.526,0.314,0.412,0.159,0.59,0.217,0.173,0.708,0.539,0.374,0.778
2026,3,20,36,0.202,0.142,0.0076,-0.0445,0.491,0.252,0.896,0.295,0.238,0.305,0.139,0.0156,0.526
2026,3,20,37,0.043,0.153,-0.119,-0.166,0.277,-0.0736,0.135,-0.00916,-0.0286,0.276,0.0513,-0.113,0.58
2026,3,20,38,0.844,1.02,0.569,0.744,1.32,1.72,1.47,0.443,0.346,0.848,1.05,1.19,1.04
2026,3,20,39,0.0384,0.211,-0.0529,-0.104,-0.164,0.289,0.308,0.0655,0.0387,0.0896,0.00762,-0.101,0.351
2026,3,20,40,0.0149,0.154,0.131,-0.0347,-0.0224,-0.0582,0.106,-0.0697,-0.0906,0.0998,0.0523,-0.0648,0.494
2026,3,20,41,0.213,-0.124,-0.0972,-0.0918,0.178,0.464,0.892,0.226,0.154,0.32,0.192,-0.00513,0.843
2026,3,20,42,0.0587,0.14,-0.0868,-0.253,0.17,0.172,0.569,0.149,0.107,0.101,-0.0101,-0.129,0.301
2026,3,20,44,0.518,0.906,-0.027,0.122,0.937,0.764,1.52,0.436,0.332,0.616,0.507,0.375,0.982
2026,3,20,45,0.617,1.01,0.376,0.495,0.589,0.217,0.469,0.341,0.324,0.847,0.796,0.684,1.16
2026,3,20,46,1.11,2.1,0.857,1.51,0.815,1.45,2.1,0.618,0.505,1.05,1.35,1.44,1.77
2026,3,20,47,0.0806,0.356,0.00748,-0.0321,0.009,-0.0425,0.312,0.0169,-0.0162,0.169,0.105,-0.0154,0.608
2026,3,20,48,-0.0313,0.0979,-0.162,-0.32,0.118,-0.224,0.0113,-0.0628,-0.0725,0.0683,-0.0351,-0.159,0.574
2026,3,20,49,0.57,0.328,0.0217,-0.245,0.147,-0.00403,0.59,0.197,0.152,1.56,0.829,0.435,0.738
2026,3,20,50,1.57,2.84,1.87,1.51,1.69,1.83,2.14,1.41,1.37,1.83,1.79,1.85,2.03
2026,3,20,51,0.107,0.0155,-0.125,-0.152,0.394,0.483,0.439,0.18,0.148,0.26,0.0578,-0.103,0.687
2026,3,20,53,-0.0633,0.228,-0.0857,-0.285,-0.044,0.197,0.464,-0.0194,-0.0687,-0.0879,-0.106,-0.195,0.354
2026,3,20,54,1.29,1.35,0.935,1.37,1.15,1.83,2.14,0.985,0.86,1.55,1.46,1.33,1.65
2026,3,20,55,0.105,0.0465,-0.0754,-0.133,0.153,0.301,0.539,0.0375,-0.0164,0.158,0.142,0.069,0.485
2026,3,20,56,0.915,2.44,1.21,0.158,0.865,0.572,1.77,0.728,0.616,1.18,0.958,1.11,0.326
2026,3,27,1,0.408,0.399,0.406,0.243,0.464,0.696,0.651,0.264,0.219,0.565,0.472,0.391,0.592
2026,3,27,2,0.428,2.09,0.915,0.155,0.628,0.277,0.658,0.434,0.406,0.399,0.427,0.411,0.503
2026,3,27,4,-0.151,0.0708,-0.337,-0.282,-0.107,-0.341,-0.222,-0.221,-0.221,-0.149,-0.132,-0.203,0.318
2026,3,27,5,0.391,0.902,0.894,0.187,0.357,0.297,0.403,0.261,0.245,0.346,0.435,0.49,0.45
2026,3,27,6,-0.281,-0.2,-0.393,-0.426,-0.289,-0.262,-0.0756,-0.246,-0.266,-0.276,-0.309,-0.398,0.137
2026,3,27,8,-0.2,-0.065,-0.286,-0.357,-0.2,-0.225,-0.11,-0.236,-0.252,-0.191,-0.21,-0.295,0.309
2026,3,27,9,0.259,0.354,0.0276,0.0931,0.42,-0.0446,0.468,0.115,0.0773,0.422,0.289,0.114,0.935
2026,3,27,10,0.284,0.813,0.308,0.0968,0.0321,0.489,0.667,0.17,0.122,0.164,0.266,0.252,0.496
2026,3,27,11,-0.205,0.052,0.172,-0.406,-0.104,-0.143,0.108,-0.0756,-0.0984,-0.2,-0.246,-0.302,0.0837
2026,3,27,12,0.0988,0.162,0.0592,-0.0406,0.0145,0.0248,0.193,0.0819,0.0665,0.169,0.0964,-0.0673,0.778
2026,3,27,13,0.119,0.195,0.111,-0.0627,0.505,-0.00346,0.0807,0.0602,0.0577,0.239,0.128,-0.0402,1.05
2026,3,27,15,0.32,0.369,-0.0468,0.393,0.314,0.336,0.715,0.218,0.145,0.453,0.408,0.394,0.352
2026,3,27,16,0.413,0.618,0.431,0.365,0.333,-0.135,0.615,0.257,0.21,0.543,0.462,0.375,0.693
2026,3,27,17,0.025,0.301,-0.186,-0.21,0.179,0.00541,0.227,-0.0947,-0.123,0.077,0.0577,-0.0201,0.501
2026,3,27,18,0.101,0.434,0.0794,-0.123,0.0657,-0.0589,0.255,-0.0221,-0.0509,0.121,0.147,0.0608,0.621
2026,3,27,19,0.446,0.462,-0.252,0.114,0.799,0.2,0.291,0.133,0.118,0.472,0.589,0.514,1.36
2026,3,27,20,0.452,0.922,0.536,0.669,0.197,0.103,0.327,0.228,0.214,0.473,0.577,0.545,1.12
2026,3,27,21,0.219,0.511,-0.00105,0.149,0.27,-0.0482,0.409,0.0901,0.0564,0.243,0.296,0.189,0.945
2026,3,27,22,0.276,0.189,0.413,0.0921,0.324,-0.0185,0.12,0.132,0.134,0.402,0.333,0.207,0.769
2026,3,27,23,1.57,2.84,1.55,1.51,0.988,1.83,2.04,1.41,1.37,1.83,1.79,1.85,2.03
2026,3,27,24,0.0949,0.152,-0.115,-0.194,0.305,-0.0278,0.277,0.0678,0.0457,0.172,0.0859,-0.0368,0.651
2026,3,27,25,0.177,0.182,0.0922,0.046,0.116,0.265,0.855,0.104,0.0328,0.201,0.181,0.0897,0.653
2026,3,27,26,0.12,0.137,-0.0493,-0.122,0.0809,-0.0802,0.363,0.136,0.108,0.121,0.0823,-0.0212,0.635
2026,3,27,27,0.0272,0.0603,-0.253,-0.146,0.119,0.0134,0.2,0.0216,0.00145,0.0448,0.00141,-0.0961,0.517
2026,3,27,28,0.948,1.52,1.87,1.37,0.638,0.353,0.645,0.374,0.347,1.15,1.49,1.77,1.4
2026,3,27,29,0.31,0.392,-0.127,0.135,0.3,0.232,0.372,0.305,0.295,0.414,0.296,0.114,1.02
2026,3,27,30,1.12,1.93,1.06,0.841,0.562,1.63,1.9,1.41,1.33,0.978,0.932,0.911,0.917
2026,3,27,31,0.16,0.24,0.18,0.14,0.0332,0.205,0.118,0.0448,0.0363,0.0976,0.219,0.197,0.824
2026,3,27,32,-0.167,-0.0192,-0.313,-0.268,-0.392,-0.2,-0.0189,-0.0936,-0.104,-0.165,-0.229,-0.312,0.0177
2026,3,27,33,0.93,1.01,0.298,1.2,0.573,0.822,2.12,0.817,0.695,1.0,0.973,0.683,2.03
2026,3,27,34,0.194,-0.00876,0.00564,-0.123,0.24,-0.0227,0.314,0.0655,0.0433,0.342,0.22,0.0939,0.796
2026,3,27,35,0.385,0.876,0.562,0.306,0.235,-0.125,0.57,0.179,0.133,0.509,0.465,0.318,0.868
2026,3,27,36,0.167,0.158,0.0919,-0.00807,0.364,-0.0296,0.83,0.184,0.122,0.341,0.132,-0.0237,0.621
2026,3,27,37,0.0493,0.215,-0.118,-0.159,0.297,-0.0443,0.0721,-0.00948,-0.0205,0.213,0.0587,-0.118,0.902
2026,3,27,38,0.762,1.21,0.219,0.68,1.31,0.223,0.973,0.328,0.268,1.15,1.03,1.01,0.83
2026,3,27,39,-0.029,0.21,-0.0398,-0.164,-0.168,0.00941,0.206,-0.0224,-0.0476,-0.026,-0.0518,-0.129,0.297
2026,3,27,40,0.0724,0.206,0.158,-0.0861,0.248,-0.254,0.056,-0.12,-0.14,0.159,0.172,0.0692,0.734
2026,3,27,41,0.0983,-0.0109,-0.0435,-0.221,-0.118,0.26,0.647,0.143,0.0879,0.132,0.0656,-0.0642,0.54
2026,3,27,42,0.0316,0.193,-0.124,-0.219,0.131,0.0158,0.429,0.0722,0.0372,0.092,-0.023,-0.149,0.315
2026,3,27,44,0.336,1.1,0.116,0.0109,0.285,0.996,1.22,0.386,0.306,0.301,0.284,0.182,0.806
2026,3,27,45,0.578,1.18,0.539,0.464,0.446,0.207,0.335,0.323,0.322,0.772,0.76,0.637,1.29
2026,3,27,46,1.03,1.84,1.14,1.44,0.853,0.945,2.14,0.578,0.445,1.02,1.26,1.22,2.03
2026,3,27,47,0.0558,0.298,-0.101,-0.0591,-0.0174,-0.0962,0.221,-0.0148,-0.0413,0.101,0.0828,-0.00345,0.535
2026,3,27,48,0.0164,0.122,-0.12,-0.276,0.18,-0.17,0.031,-0.0194,-0.0259,0.089,0.0125,-0.125,0.831
2026,3,27,49,0.0325,0.265,0.0377,-0.268,-0.0419,-0.0524,0.205,-0.031,-0.0577,0.00129,0.0538,0.0539,0.242
2026,3,27,50,1.57,2.84,1.87,1.51,1.05,1.62,2.14,1.41,1.37,1.83,1.79,1.85,2.03
2026,3,27,51,0.0562,0.0283,-0.0912,-0.19,0.369,0.177,0.36,0.16,0.135,0.147,-0.0152,-0.157,0.586
2026,3,27,53,-0.114,0.25,-0.186,-0.322,-0.081,0.0511,0.253,-0.115,-0.152,-0.127,-0.134,-0.224,0.356
2026,3,27,54,1.08,1.55,0.926,0.786,1.07,1.25,1.61,0.742,0.668,1.15,1.25,1.24,1.44
2026,3,27,55,0.0913,0.134,-0.131,-0.139,0.119,0.113,0.313,0.0555,0.0278,0.178,0.0997,-0.0409,0.628
2026,3,27,56,0.96,2.8,1.23,0.24,1.02,0.65,1.68,0.859,0.771,1.08,0.968,1.11,0.478
2026,4,3,1,0.653,0.297,0.487,0.329,0.426,0.755,1.09,0.81,0.777,0.665,0.551,0.463,0.651
2026,4,3,2,0.585,2.32,0.42,0.202,0.646,0.351,0.915,0.662,0.629,0.598,0.556,0.64,0.3
2026,4,3,4,-0.0701,0.145,-0.258,-0.246,0.0148,-0.328,-0.17,-0.134,-0.129,-0.0791,-0.0582,-0.14,0.459
2026,4,3,5,0.647,0.743,0.904,0.345,0.446,0.482,0.403,0.736,0.772,0.605,0.543,0.509,0.517
2026,4,3,6,-0.195,-0.115,-0.382,-0.343,-0.236,-0.257,-0.116,-0.205,-0.216,-0.189,-0.202,-0.268,0.163
2026,4,3,8,-0.12,-0.0874,-0.247,-0.325,-0.0622,-0.29,-0.00927,-0.135,-0.151,-0.107,-0.13,-0.216,0.382
2026,4,3,9,0.635,0.304,-0.0844,0.199,1.63,0.0607,1.04,0.572,0.523,0.775,0.649,0.471,1.33
2026,4,3,10,0.446,1.04,0.286,0.0467,0.166,0.479,0.883,0.541,0.508,0.444,0.36,0.267,0.616
2026,4,3,11,-0.212,0.0728,0.0274,-0.391,-0.118,-0.229,0.0235,-0.0684,-0.0798,-0.121,-0.251,-0.333,0.116
2026,4,3,12,0.19,0.243,-0.0477,0.0308,0.127,-0.00371,0.212,0.186,0.182,0.23,0.176,-0.0187,1.09
2026,4,3,13,0.249,0.196,0.0983,0.016,0.492,0.0889,0.273,0.29,0.292,0.379,0.204,0.00912,1.12
2026,4,3,15,0.335,0.285,-0.0351,0.363,0.356,0.411,0.371,0.235,0.215,0.451,0.451,0.392,0.714
2026,4,3,16,0.477,0.555,0.431,0.201,0.501,0.152,0.621,0.398,0.368,0.554,0.488,0.366,0.926
2026,4,3,17,0.25,0.352,-0.117,-0.0171,0.232,0.41,0.724,0.335,0.301,0.187,0.189,0.119,0.649
2026,4,3,18,0.258,0.418,0.248,-0.0357,0.0816,0.285,0.511,0.286,0.262,0.211,0.221,0.125,0.694
2026,4,3,19,0.667,0.492,-0.228,0.397,0.888,0.316,0.887,0.538,0.504,0.622,0.71,0.612,1.52
2026,4,3,20,0.575,0.658,0.447,0.683,0.25,0.0616,0.461,0.501,0.507,0.47,0.612,0.565,1.38
2026,4,3,21,0.489,0.477,0.0262,0.205,0.575,0.093,0.741,0.488,0.461,0.409,0.464,0.362,1.1
2026,4,3,22,0.414,0.302,0.11,0.22,0.39,-0.0229,0.46,0.414,0.407,0.458,0.387,0.243,0.912
2026,4,3,23,1.57,2.84,1.31,1.51,1.69,1.19,2.14,1.41,1.37,1.83,1.79,1.85,2.03
2026,4,3,24,0.141,0.208,-0.0777,-0.127,0.337,-0.15,0.246,0.132,0.12,0.28,0.127,-0.0468,0.848
2026,4,3,25,0.285,0.231,0.158,0.141,0.233,0.298,0.613,0.214,0.176,0.354,0.291,0.178,0.794
2026,4,3,26,0.129,0.119,0.0117,-0.0877,0.067,-0.205,0.173,0.19,0.192,0.155,0.0688,-0.0488,0.563
2026,4,3,27,0.129,-0.0487,-0.269,-0.0663,0.434,0.0407,0.164,0.166,0.166,0.0914,0.089,-0.0107,0.763
2026,4,3,28,1.14,0.746,1.84,1.51,0.972,0.71,1.27,0.8,0.753,1.16,1.49,1.71,1.59
2026,4,3,29,0.491,0.429,-0.109,0.272,0.356,0.5,0.746,0.646,0.633,0.54,0.386,0.176,1.18
2026,4,3,30,1.24,1.92,0.881,1.17,0.562,1.51,1.68,1.35,1.3,1.29,1.18,1.05,1.37
2026,4,3,31,0.268,0.149,0.0884,0.246,0.139,0.194,0.479,0.234,0.205,0.206,0.277,0.205,0.994
2026,4,3,32,-0.103,0.00894,-0.351,-0.258,-0.257,-0.241,0.0592,-0.0536,-0.0687,-0.135,-0.15,-0.239,0.276
2026,4,3,33,1.57,1.65,0.455,1.39,1.5,1.13,2.13,1.33,1.25,1.66,1.65,1.23,2.03
2026,4,3,34,0.497,0.343,0.121,0.166,0.333,0.171,1.1,0.479,0.424,0.595,0.476,0.33,1.21
2026,4,3,35,0.504,0.669,0.73,0.378,0.349,0.0971,0.336,0.338,0.339,0.574,0.586,0.456,1.03
2026,4,3,36,0.284,0.128,0.0373,0.0472,0.406,-0.0291,0.922,0.429,0.382,0.396,0.201,0.0608,0.625
2026,4,3,37,0.109,0.184,-0.141,-0.126,0.26,-0.0437,0.254,0.123,0.106,0.278,0.0877,-0.0985,0.89
2026,4,3,38,1.57,1.29,0.224,0.676,1.69,0.683,0.938,0.484,0.441,1.72,1.79,1.85,1.21
2026,4,3,39,0.084,0.186,0.0238,-0.0673,-0.149,0.0149,0.331,0.218,0.205,0.0765,-0.00155,-0.0923,0.254
2026,4,3,40,0.246,0.196,0.151,0.05,0.116,-0.00628,0.304,0.262,0.257,0.2,0.216,0.129,0.704
2026,4,3,41,0.225,-0.0398,-0.104,-0.12,0.176,0.0478,0.422,0.25,0.232,0.241,0.212,0.0841,0.773
2026,4,3,42,0.192,0.401,-0.0178,-0.155,0.122,0.0089,0.571,0.316,0.291,0.238,0.104,-0.0488,0.526
2026,4,3,44,0.47,1.45,0.163,0.0998,0.73,0.341,1.16,0.45,0.381,0.348,0.454,0.302,1.55
2026,4,3,45,0.569,0.776,0.279,0.43,0.418,0.16,0.46,0.44,0.438,0.776,0.655,0.408,1.45
2026,4,3,46,1.57,1.56,0.924,1.49,1.69,1.4,2.14,0.894,0.75,1.62,1.79,1.85,2.03
2026,4,3,47,0.171,0.25,-0.137,-0.0503,0.033,-0.119,0.382,0.211,0.192,0.241,0.137,-0.0118,0.677
2026,4,3,48,0.0866,0.055,-0.146,-0.233,0.195,-0.0768,0.18,0.112,0.103,0.137,0.0531,-0.0905,0.894
2026,4,3,49,0.0936,0.201,-0.0031,-0.259,0.0804,0.0524,0.24,0.0586,0.0381,0.0799,0.0919,0.0335,0.514
2026,4,3,50,1.57,2.84,1.87,1.51,1.47,1.83,2.14,1.41,1.37,1.83,1.79,1.85,2.03
2026,4,3,51,0.174,0.186,-0.0412,-0.104,0.313,0.311,0.713,0.337,0.29,0.254,0.0878,-0.0676,0.777
2026,4,3,53,-0.0101,0.187,-0.148,-0.225,0.0077,0.0943,0.307,0.00318,-0.0278,-0.00588,-0.0307,-0.156,0.612
2026,4,3,54,1.31,1.41,0.727,1.01,0.718,1.11,2.14,1.35,1.23,1.21,1.25,1.18,1.53
2026,4,3,55,0.206,0.201,-0.204,-0.104,0.313,-0.0114,0.287,0.23,0.224,0.221,0.167,0.0484,0.649
2026,4,3,56,1.0,2.72,0.9,0.385,0.832,0.105,1.58,0.957,0.89,1.02,1.01,1.16,0.638
2026,4,10,1,0.526,0.324,0.477,0.463,0.478,0.28,0.425,0.376,0.371,0.637,0.594,0.562,0.626
2026,4,10,2,0.473,2.7,0.33,0.275,0.72,0.0851,0.761,0.45,0.41,0.579,0.462,0.462,0.292
2026,4,10,4,-0.104,0.0733,-0.288,-0.219,0.0231,-0.386,-0.281,-0.225,-0.218,-0.0432,-0.0584,-0.135,0.323
2026,4,10,5,0.514,1.08,0.707,0.295,0.491,0.259,0.0781,0.265,0.285,0.616,0.602,0.628,0.483
2026,4,10,6,-0.227,-0.117,-0.297,-0.396,-0.111,-0.379,-0.15,-0.267,-0.28,-0.179,-0.221,-0.319,0.256
2026,4,10,8,-0.124,-0.0196,-0.235,-0.302,0.0187,-0.39,-0.102,-0.209,-0.223,-0.108,-0.109,-0.194,0.471
2026,4,10,9,0.381,0.379,-0.103,0.117,0.999,-0.195,0.197,0.177,0.175,0.636,0.444,0.256,1.02
2026,4,10,10,0.332,0.938,0.293,0.185,-0.0331,0.436,0.483,0.248,0.226,0.414,0.311,0.23,0.479
2026,4,10,11,-0.186,0.168,-0.0145,-0.343,-0.131,-0.127,0.211,-0.0352,-0.0658,-0.113,-0.229,-0.302,0.0976
2026,4,10,12,0.106,0.175,-0.107,-0.0459,0.141,-0.119,0.0971,0.0323,0.0234,0.206,0.135,-0.012,0.724
2026,4,10,13,0.0804,0.172,-0.0621,0.0104,0.342,-0.0734,0.0932,0.0425,0.0365,0.261,0.0883,-0.0792,0.801
2026,4,10,15,0.379,0.392,0.0117,0.561,0.573,0.172,0.603,0.205,0.146,0.72,0.512,0.406,0.432
2026,4,10,16,0.459,0.72,0.284,0.155,0.764,-0.182,0.348,0.331,0.329,0.583,0.491,0.393,0.746
2026,4,10,17,0.135,0.313,-0.0607,-0.0834,0.247,-0.0752,0.251,-0.0011,-0.023,0.133,0.173,0.117,0.65
2026,4,10,18,0.147,0.371,0.06,-0.0545,0.165,-0.255,0.0594,-0.0172,-0.0252,0.305,0.226,0.0676,0.724
2026,4,10,19,0.454,0.435,-0.325,0.349,0.691,0.00402,0.551,0.19,0.155,0.556,0.587,0.487,1.23
2026,4,10,20,0.503,0.832,0.324,0.609,0.366,0.034,0.0543,0.25,0.277,0.529,0.655,0.657,1.09
2026,4,10,21,0.218,0.298,-0.205,0.13,0.293,-0.179,0.0161,0.0229,0.0236,0.32,0.339,0.241,0.849
2026,4,10,22,0.24,0.345,0.0855,0.0817,0.163,-0.065,0.108,0.159,0.166,0.361,0.273,0.146,0.65
2026,4,10,23,1.57,2.84,1.18,1.51,1.2,0.885,2.09,1.41,1.37,1.83,1.79,1.79,2.03
2026,4,10,24,0.0943,0.384,-0.00905,-0.148,0.214,-0.226,0.26,0.0253,0.000574,0.184,0.105,-0.0101,0.636
2026,4,10,25,0.246,0.231,0.357,0.182,0.182,0.0331,0.51,0.102,0.0628,0.326,0.283,0.168,0.838
2026,4,10,26,0.0716,0.0934,0.0484,-0.0638,0.061,-0.282,0.152,0.0331,0.0184,0.243,0.0758,-0.0673,0.482
2026,4,10,27,0.0892,0.0264,-0.266,-0.133,0.267,0.0919,0.206,0.122,0.113,0.0859,0.0418,-0.0665,0.628
2026,4,10,28,1.19,1.51,1.87,1.51,1.09,0.378,0.846,0.452,0.413,1.39,1.79,1.85,1.99
2026,4,10,29,0.347,0.401,-0.114,0.123,0.346,0.141,0.451,0.363,0.351,0.48,0.314,0.137,0.873
2026,4,10,30,1.25,2.31,0.634,0.955,1.37,0.304,0.917,1.27,1.33,1.59,1.21,1.03,1.08
2026,4,10,31,0.18,0.357,0.0823,0.327,0.0191,-0.0722,0.184,-0.0117,-0.0344,0.184,0.271,0.228,0.877
2026,4,10,32,-0.0829,0.188,-0.266,-0.26,-0.0417,-0.335,-0.11,-0.104,-0.103,-0.0856,-0.0875,-0.123,0.0944
2026,4,10,33,1.39,1.31,0.23,1.37,0.94,1.17,2.14,1.19,1.1,1.74,1.44,0.975,2.03
2026,4,10,34,0.273,0.113,0.0115,0.0825,0.312,-0.103,0.22,0.142,0.135,0.405,0.299,0.152,1.08
2026,4,10,35,0.442,0.645,0.394,0.381,0.296,-0.0139,0.296,0.158,0.142,0.601,0.546,0.478,0.671
2026,4,10,36,0.132,0.131,-0.0149,-0.0464,0.408,-0.103,0.577,0.177,0.139,0.299,0.0889,-0.0577,0.515
2026,4,10,37,0.00706,0.145,-0.107,-0.161,0.157,-0.179,-0.0598,-0.0257,-0.0211,0.201,0.0128,-0.15,0.648
2026,4,10,38,1.15,1.09,-0.0146,0.761,1.69,0.554,0.387,0.139,0.115,1.37,1.78,1.85,0.902
2026,4,10,39,0.0284,0.14,-0.0214,-0.108,-0.0596,-0.148,0.0949,0.0145,0.00564,0.109,0.0105,-0.0949,0.281
2026,4,10,40,0.215,0.227,0.0889,0.0728,0.318,-0.186,0.0944,-0.0183,-0.0317,0.406,0.345,0.236,0.7
2026,4,10,41,0.192,-0.0372,-0.0272,-0.0918,0.24,0.037,0.478,0.145,0.109,0.283,0.214,0.0143,1.03
2026,4,10,42,0.0948,0.264,-0.0167,-0.133,0.111,-0.148,0.348,0.115,0.0918,0.184,0.0704,-0.0774,0.52
2026,4,10,44,0.378,1.27,0.0119,0.167,0.555,0.15,1.16,0.306,0.224,0.467,0.386,0.23,1.06
2026,4,10,45,0.495,0.912,0.295,0.564,0.275,0.152,0.263,0.265,0.265,0.765,0.658,0.448,1.32
2026,4,10,46,1.3,1.41,0.657,1.23,1.69,0.673,0.907,0.396,0.357,1.83,1.79,1.85,1.22
2026,4,10,47,0.0865,0.352,-0.153,-0.017,0.131,-0.223,0.168,-0.00362,-0.023,0.179,0.13,0.0295,0.566
2026,4,10,48,0.0263,0.124,-0.192,-0.254,0.231,-0.295,-0.0748,-0.0256,-0.0192,0.107,0.0359,-0.093,0.806
2026,4,10,49,0.126,0.177,-0.00665,-0.179,0.111,-0.206,0.146,0.0395,0.0275,0.16,0.142,0.0869,0.435
2026,4,10,50,1.57,2.84,1.84,1.51,0.834,1.46,2.06,1.41,1.37,1.83,1.79,1.85,1.91
2026,4,10,51,0.0829,0.124,0.028,-0.12,0.255,0.0521,0.165,0.119,0.114,0.242,0.0489,-0.096,0.592
2026,4,10,53,-0.0805,0.271,-0.147,-0.264,-0.0421,-0.0235,0.224,-0.068,-0.0978,-0.0724,-0.104,-0.217,0.449
2026,4,10,54,1.32,1.63,1.33,1.15,0.961,1.05,1.79,0.715,0.625,1.8,1.69,1.57,1.82
2026,4,10,55,0.157,0.331,-0.0934,-0.14,0.39,-0.129,0.122,0.0921,0.0889,0.295,0.169,0.00662,0.673
2026,4,10,56,0.939,2.82,0.672,0.381,1.12,0.0117,1.22,0.701,0.646,1.46,1.03,1.04,0.44
2026,4,17,1,0.408,0.408,0.45,0.258,0.429,0.345,0.315,0.218,0.207,0.633,0.525,0.478,0.465
2026,4,17,2,0.45,1.73,0.42,0.375,0.41,0.0638,0.35,0.382,0.386,0.424,0.469,0.625,0.176
2026,4,17,4,-0.157,0.14,-0.355,-0.277,-0.0661,-0.437,-0.241,-0.267,-0.27,-0.104,-0.122,-0.197,0.238
2026,4,17,5,0.591,1.14,1.06,0.34,0.656,0.395,0.599,0.341,0.313,0.567,0.682,0.789,0.572
2026,4,17,6,-0.293,-0.21,-0.396,-0.464,-0.275,-0.355,-0.141,-0.298,-0.316,-0.23,-0.302,-0.378,-0.0329
2026,4,17,8,-0.211,-0.0561,-0.319,-0.378,-0.193,-0.323,-0.122,-0.251,-0.267,-0.158,-0.209,-0.298,0.221
2026,4,17,9,0.174,0.281,-0.135,-0.00806,0.377,-0.103,0.236,0.12,0.107,0.272,0.17,0.0185,0.754
2026,4,17,10,0.35,1.02,0.343,0.0747,0.276,0.223,0.35,0.216,0.204,0.367,0.345,0.238,0.756
2026,4,17,11,-0.201,0.148,0.124,-0.419,-0.0893,-0.0472,0.211,-0.00207,-0.0285,-0.148,-0.248,-0.313,0.0538
2026,4,17,12,0.0704,0.204,-0.0914,-0.0756,0.0237,-0.0933,0.106,0.0205,0.00862,0.211,0.0923,-0.0618,0.57
2026,4,17,13,0.0352,0.179,-0.101,-0.171,0.271,-0.0866,0.147,0.0495,0.0378,0.194,0.012,-0.139,0.565
2026,4,17,15,0.362,0.392,0.0,0.605,0.311,0.116,0.318,0.113,0.0825,0.75,0.548,0.435,0.512
2026,4,17,16,0.579,0.47,0.272,0.401,1.25,-0.0552,1.68,0.374,0.202,0.848,0.656,0.406,1.41
2026,4,17,17,0.101,0.324,-0.135,-0.151,0.21,0.2,0.489,0.0678,0.0311,0.107,0.0956,0.0328,0.466
2026,4,17,18,0.124,0.49,0.0628,-0.121,0.055,0.0149,0.253,0.025,0.0012,0.197,0.169,0.0917,0.442
2026,4,17,19,0.387,0.367,-0.298,0.22,0.747,0.0426,0.352,0.0782,0.0517,0.482,0.559,0.499,1.12
2026,4,17,20,0.502,0.95,0.334,0.654,0.331,-0.134,0.0648,0.179,0.195,0.597,0.679,0.627,1.26
2026,4,17,21,0.277,0.407,0.0283,0.16,0.5,-0.15,0.155,0.0325,0.0196,0.389,0.423,0.317,1.02
2026,4,17,22,0.245,0.154,0.2,0.0688,0.304,-0.206,-0.00536,0.0381,0.044,0.383,0.342,0.201,0.943
2026,4,17,23,1.57,2.84,1.53,1.51,0.984,1.77,1.87,1.41,1.37,1.83,1.79,1.8,2.03
2026,4,17,24,-0.00505,0.201,-0.227,-0.258,0.342,-0.258,0.0492,-0.0927,-0.108,0.104,0.0024,-0.121,0.531
2026,4,17,25,0.12,0.209,0.128,-0.0394,0.0918,0.0228,0.512,0.0234,-0.0232,0.154,0.132,0.0416,0.596
2026,4,17,26,0.106,0.216,0.164,-0.013,0.0797,-0.254,0.173,0.0417,0.0255,0.176,0.129,0.0297,0.625
2026,4,17,27,0.051,0.0193,-0.292,-0.149,0.282,0.103,0.134,0.0274,0.0154,0.0754,0.0297,-0.0682,0.54
2026,4,17,28,0.707,1.03,1.34,0.936,0.723,0.0769,0.458,0.22,0.197,0.884,1.16,1.37,1.16
2026,4,17,29,0.317,0.366,-0.00964,0.268,0.167,-0.00466,0.149,0.225,0.235,0.472,0.34,0.151,1.06
2026,4,17,30,1.01,2.39,0.951,0.907,0.691,0.758,1.29,0.873,0.808,1.25,1.08,1.02,0.98
2026,4,17,31,0.203,0.44,0.204,0.302,0.00163,0.0646,0.123,-0.000856,-0.0153,0.196,0.305,0.317,0.654
2026,4,17,32,-0.193,0.00383,-0.331,-0.304,-0.376,-0.365,-0.243,-0.231,-0.229,-0.092,-0.182,-0.259,-0.0379
2026,4,17,33,1.0,0.911,0.41,0.934,0.683,0.867,2.07,0.923,0.816,1.15,1.01,0.722,2.03
2026,4,17,34,0.134,0.0187,0.0289,-0.139,0.14,-0.0958,0.32,0.08,0.0586,0.336,0.138,-0.0126,0.675
2026,4,17,35,0.314,0.888,0.353,0.232,0.241,-0.0385,0.238,0.0693,0.0494,0.447,0.405,0.346,0.52
2026,4,17,36,0.131,-0.000635,0.167,-0.119,0.375,0.0718,0.933,0.213,0.144,0.236,0.083,-0.0361,0.468
2026,4,17,37,0.00108,0.224,-0.196,-0.269,0.317,-0.0943,0.0512,-0.0276,-0.0383,0.182,-0.00698,-0.169,0.621
2026,4,17,38,0.588,1.21,0.201,0.51,0.933,0.683,0.387,0.175,0.156,0.596,0.808,0.986,0.673
2026,4,17,39,-0.0263,0.213,-0.0618,-0.15,-0.208,-0.131,0.0958,0.00321,-0.00705,0.016,-0.0606,-0.156,0.223
2026,4,17,40,0.0701,0.196,0.16,-0.0907,0.104,-0.231,0.0678,-0.0985,-0.118,0.158,0.15,0.0265,0.746
2026,4,17,41,0.149,-0.0253,-0.104,-0.137,0.0411,0.473,1.04,0.243,0.157,0.198,0.095,-0.0782,0.692
2026,4,17,42,0.022,0.248,-0.115,-0.217,0.0929,-0.121,0.349,0.0404,0.0102,0.101,-0.0137,-0.141,0.333
2026,4,17,44,0.435,1.03,0.297,-0.131,0.98,0.796,1.61,0.402,0.286,0.514,0.431,0.287,1.03
2026,4,17,45,0.477,1.01,0.315,0.39,0.378,0.22,0.302,0.268,0.264,0.733,0.606,0.43,1.06
2026,4,17,46,1.26,1.67,0.876,1.38,1.69,1.15,1.68,0.496,0.407,1.2,1.73,1.85,1.76
2026,4,17,47,0.0172,0.259,-0.189,-0.145,0.0966,-0.228,0.0415,-0.0447,-0.0544,0.118,0.0377,-0.0791,0.468
2026,4,17,48,0.00278,0.127,-0.146,-0.287,0.125,-0.275,-0.0548,-0.0222,-0.0179,0.0748,-0.00606,-0.121,0.616
2026,4,17,49,0.098,0.247,-0.0936,-0.216,0.222,-0.167,0.128,0.0247,0.013,0.123,0.113,0.0372,0.575
2026,4,17,50,1.57,2.84,1.87,1.51,1.51,1.83,2.14,1.41,1.37,1.83,1.79,1.85,2.03
2026,4,17,51,0.045,0.0155,-0.125,-0.151,0.31,0.00657,0.0999,0.0667,0.0626,0.202,0.013,-0.124,0.506
2026,4,17,53,-0.0865,0.159,-0.138,-0.29,-0.0645,0.0825,0.592,-0.0674,-0.135,-0.0502,-0.113,-0.225,0.363
2026,4,17,54,0.945,1.22,0.687,0.648,0.767,0.668,1.38,0.565,0.496,1.15,1.15,1.12,1.24
2026,4,17,55,0.0958,0.196,-0.159,-0.142,0.19,0.211,0.409,0.074,0.038,0.223,0.1,-0.0136,0.347
2026,4,17,56,0.876,2.84,1.25,0.0566,0.961,0.712,1.37,0.68,0.607,1.11,0.955,1.14,0.31
2026,4,24,1,0.255,0.195,0.251,0.117,0.556,0.341,0.0514,0.0644,0.0659,0.397,0.354,0.31,0.438
2026,4,24,2,0.169,1.37,0.183,0.0999,0.254,-0.277,0.094,0.12,0.123,0.14,0.168,0.196,0.143
2026,4,24,4,-0.256,-0.112,-0.4,-0.387,-0.173,-0.55,-0.356,-0.348,-0.347,-0.243,-0.226,-0.282,0.138
2026,4,24,5,0.196,0.592,0.383,0.12,0.355,-0.437,-0.0812,-0.157,-0.165,0.196,0.367,0.469,0.411
2026,4,24,6,-0.317,-0.257,-0.385,-0.47,-0.323,-0.409,-0.249,-0.364,-0.378,-0.29,-0.308,-0.374,0.0369
2026,4,24,8,-0.28,-0.0725,-0.368,-0.419,-0.192,-0.433,-0.349,-0.367,-0.37,-0.265,-0.256,-0.315,0.177
2026,4,24,9,0.0642,0.121,-0.189,-0.0378,0.211,-0.343,-0.139,-0.0183,-0.0054,0.168,0.0782,-0.0233,0.42
2026,4,24,10,0.167,0.855,0.174,0.032,-0.0256,-0.0745,-0.0667,0.024,0.0327,0.154,0.184,0.133,0.45
2026,4,24,11,-0.275,-0.0146,-0.0531,-0.443,-0.113,-0.258,0.192,-0.14,-0.181,-0.281,-0.321,-0.374,-0.00598
2026,4,24,12,-0.0452,0.0356,-0.15,-0.111,-0.0019,-0.338,-0.181,-0.144,-0.139,0.0552,0.000207,-0.134,0.571
2026,4,24,13,-0.0662,-0.0409,-0.145,-0.197,0.265,-0.333,-0.273,-0.0838,-0.0611,0.0302,-0.079,-0.219,0.63
2026,4,24,15,0.118,-0.0769,-0.0468,0.44,0.197,-0.142,0.0337,-0.147,-0.174,0.3,0.33,0.278,0.634
2026,4,24,16,0.216,0.226,0.205,0.125,0.191,-0.384,-0.174,0.0166,0.0416,0.341,0.305,0.193,0.775
2026,4,24,17,0.000897,0.185,-0.127,-0.164,0.113,-0.189,-0.00122,-0.144,-0.156,-0.0133,0.0479,-0.00915,0.586
2026,4,24,18,-0.0388,0.225,0.0462,-0.19,-0.0322,-0.371,-0.295,-0.215,-0.207,0.0486,0.0528,-0.0558,0.566
2026,4,24,19,0.232,0.148,-0.398,0.161,0.629,-0.112,-0.0449,-0.104,-0.11,0.224,0.411,0.362,1.26
2026,4,24,20,0.187,0.459,0.109,0.311,0.0787,-0.381,-0.278,-0.0601,-0.0295,0.216,0.333,0.295,0.962
2026,4,24,21,0.119,0.208,-0.127,0.102,0.277,-0.48,-0.207,-0.108,-0.0971,0.159,0.252,0.169,0.909
2026,4,24,22,0.073,0.0668,-0.0161,-0.0352,0.139,-0.472,-0.241,-0.166,-0.156,0.251,0.182,0.0326,0.734
2026,4,24,23,1.31,2.32,0.758,1.51,0.597,0.628,1.31,0.981,0.93,1.48,1.43,1.18,2.03
2026,4,24,24,-0.00491,0.174,-0.169,-0.175,0.123,-0.415,-0.165,-0.0865,-0.0783,0.0436,0.00786,-0.102,0.628
2026,4,24,25,-0.0581,-0.0239,-0.0648,-0.143,-0.127,-0.178,0.0229,-0.188,-0.208,-0.0448,-0.026,-0.103,0.455
2026,4,24,26,-0.0537,-0.0344,-0.00269,-0.139,-0.00453,-0.476,-0.19,-0.155,-0.151,0.0645,-0.0075,-0.114,0.457
2026,4,24,27,-0.107,-0.117,-0.336,-0.215,-0.0298,-0.159,-0.17,-0.165,-0.164,-0.0827,-0.0988,-0.207,0.582
2026,4,24,28,0.701,1.33,1.54,1.27,0.656,0.115,0.12,0.0801,0.0761,0.743,1.27,1.62,1.48
2026,4,24,29,0.082,0.151,-0.172,-0.00624,0.115,-0.268,-0.126,-0.00426,0.0125,0.172,0.103,-0.0177,0.608
2026,4,24,30,0.725,1.8,0.66,0.636,0.321,0.208,0.819,0.683,0.662,0.701,0.696,0.602,0.968
2026,4,24,31,-0.0241,0.391,0.00305,-0.0393,-0.0866,-0.338,-0.26,-0.221,-0.217,-0.0385,0.0673,0.0252,0.735
2026,4,24,32,-0.257,-0.149,-0.383,-0.285,-0.414,-0.384,-0.271,-0.277,-0.277,-0.218,-0.263,-0.326,-0.0589
2026,4,24,33,0.503,0.815,-0.0337,0.706,0.342,0.0474,0.571,0.329,0.306,0.588,0.558,0.405,1.26
2026,4,24,34,0.18,0.0984,0.0799,0.0436,0.0733,-0.242,-0.0118,-0.0114,-0.0114,0.276,0.261,0.192,0.741
2026,4,24,35,0.117,0.608,0.18,0.0622,0.122,-0.217,0.0163,-0.13,-0.148,0.209,0.211,0.108,0.551
2026,4,24,36,0.0179,-0.127,0.123,-0.126,0.191,-0.185,0.361,-0.0217,-0.0583,0.0884,0.0132,-0.0735,0.374
2026,4,24,37,-0.12,0.0143,-0.198,-0.315,0.142,-0.439,-0.336,-0.211,-0.194,0.0235,-0.0932,-0.226,0.539
2026,4,24,38,0.433,0.702,-0.0612,0.551,1.06,0.237,0.0311,-0.0707,-0.0803,0.492,0.697,0.72,1.07
2026,4,24,39,-0.148,0.134,-0.106,-0.258,-0.21,-0.414,-0.284,-0.222,-0.215,-0.136,-0.122,-0.165,0.155
2026,4,24,40,-0.107,0.133,-0.109,-0.239,0.0245,-0.429,-0.298,-0.303,-0.303,-0.000479,-0.0101,-0.0947,0.387
2026,4,24,41,0.0268,-0.153,-0.182,-0.235,0.00235,-0.00376,0.33,0.0155,-0.0186,0.0823,0.0178,-0.139,0.631
2026,4,24,42,-0.124,0.038,-0.229,-0.312,-0.0253,-0.384,-0.0151,-0.132,-0.144,-0.113,-0.142,-0.216,0.157
2026,4,24,44,0.147,0.83,-0.00973,-0.064,0.262,-0.0739,0.189,-0.0244,-0.0449,0.217,0.217,0.108,0.824
2026,4,24,45,0.326,0.719,0.16,0.231,0.348,-0.255,-0.143,0.107,0.141,0.551,0.478,0.261,1.27
2026,4,24,46,0.685,1.09,0.467,1.03,0.879,0.455,0.987,0.203,0.144,0.707,0.975,1.08,1.23
2026,4,24,47,-0.108,0.101,-0.3,-0.244,-0.0204,-0.45,-0.32,-0.243,-0.235,-0.0517,-0.0379,-0.132,0.566
2026,4,24,48,-0.105,0.0209,-0.215,-0.347,0.057,-0.396,-0.214,-0.175,-0.17,-0.0303,-0.0887,-0.203,0.614
2026,4,24,49,-0.0318,0.163,-0.134,-0.341,-0.0322,-0.232,-0.0208,-0.0335,-0.0349,-0.0737,-0.054,-0.0769,0.165
2026,4,24,50,1.41,2.84,1.87,1.51,0.484,0.616,1.06,1.03,1.03,1.8,1.63,1.56,1.55
2026,4,24,51,-0.0785,-0.118,-0.16,-0.241,0.156,-0.211,-0.139,-0.0539,-0.0434,0.00268,-0.109,-0.203,0.274
2026,4,24,53,-0.192,0.102,-0.137,-0.357,-0.193,-0.26,0.0505,-0.216,-0.243,-0.137,-0.197,-0.296,0.205
2026,4,24,54,0.697,1.35,0.27,0.686,0.694,0.399,0.636,0.345,0.321,0.614,0.866,0.898,1.21
2026,4,24,55,-0.0704,-0.0238,-0.313,-0.272,0.0969,-0.188,-0.0802,-0.153,-0.16,0.0434,-0.0204,-0.12,0.329
2026,4,24,56,0.739,2.27,0.579,0.103,0.8,0.105,0.662,0.671,0.672,0.753,0.737,0.843,0.47
2026,5,1,1,0.461,0.538,0.421,0.388,0.449,0.4,-0.0308,0.299,0.337,0.606,0.555,0.44,0.91
2026,5,1,2,0.455,1.6,0.476,0.269,0.456,0.213,0.829,0.429,0.377,0.452,0.452,0.393,0.585
2026,5,1,4,-0.143,0.0427,-0.386,-0.253,-0.114,-0.47,-0.271,-0.244,-0.24,-0.0803,-0.101,-0.216,0.478
2026,5,1,5,0.471,0.842,0.585,0.356,0.628,-0.0662,-0.118,0.174,0.205,0.581,0.617,0.593,0.78
2026,5,1,6,-0.238,-0.0795,-0.379,-0.373,-0.273,-0.366,-0.308,-0.288,-0.286,-0.2,-0.233,-0.339,0.315
2026,5,1,8,-0.167,0.0669,-0.353,-0.303,-0.0611,-0.357,-0.316,-0.28,-0.275,-0.134,-0.133,-0.224,0.488
2026,5,1,9,0.293,0.329,-0.11,0.211,0.53,-0.173,0.0291,0.0963,0.103,0.517,0.358,0.116,1.3
2026,5,1,10,0.281,0.571,0.388,0.117,-0.0126,0.33,0.05,0.107,0.113,0.33,0.295,0.169,0.773
2026,5,1,11,-0.179,0.0811,0.00805,-0.365,0.223,-0.245,-0.202,-0.164,-0.159,-0.0378,-0.182,-0.269,0.195
2026,5,1,12,0.0977,0.3,-0.0523,-0.0175,0.133,-0.141,-0.105,-0.0174,-0.0053,0.238,0.155,-0.0282,0.91
2026,5,1,13,0.178,0.194,-0.101,0.0682,0.554,-0.0325,-0.189,0.212,0.26,0.27,0.138,-0.0829,1.4
2026,5,1,15,0.347,0.146,0.14,0.493,0.372,0.29,0.213,0.0388,0.0132,0.53,0.582,0.547,0.874
2026,5,1,16,0.391,0.341,0.0709,0.305,0.314,0.166,0.193,0.329,0.347,0.422,0.406,0.289,0.951
2026,5,1,17,0.111,0.301,-0.0329,-0.0665,0.138,0.105,0.225,0.0141,-0.00426,0.0949,0.14,0.0499,0.846
2026,5,1,18,0.0994,0.37,0.201,-0.0701,0.0465,-0.128,-0.249,-0.0353,-0.013,0.112,0.163,0.0284,0.931
2026,5,1,19,0.483,0.233,-0.311,0.315,0.939,0.0587,0.116,0.199,0.208,0.61,0.637,0.471,1.64
2026,5,1,20,0.419,0.834,0.127,0.517,0.244,-0.0835,-0.0368,0.251,0.291,0.495,0.521,0.396,1.31
2026,5,1,21,0.246,0.326,-0.00315,0.121,0.378,-0.146,-0.109,0.0865,0.107,0.276,0.325,0.177,1.16
2026,5,1,22,0.401,0.295,0.17,0.197,0.624,-0.22,-0.128,0.164,0.204,0.509,0.493,0.37,1.07
2026,5,1,23,1.57,2.41,0.992,1.51,1.23,0.615,1.09,1.23,1.25,1.83,1.79,1.65,2.03
2026,5,1,24,0.103,0.35,-0.196,-0.0778,0.313,-0.313,-0.288,0.00196,0.0325,0.181,0.131,-0.00668,0.891
2026,5,1,25,0.103,0.141,0.145,-0.00518,0.0903,-0.00795,0.15,-0.0798,-0.102,0.176,0.154,0.0171,0.881
2026,5,1,26,0.028,-0.00845,0.035,-0.0439,0.00997,-0.334,-0.0611,-0.064,-0.0644,0.16,0.0728,-0.0803,0.796
2026,5,1,27,0.0689,-0.0324,-0.3,-0.0484,0.297,-0.00565,-0.126,-0.018,-0.00586,0.0581,0.0851,-0.0273,0.947
2026,5,1,28,0.96,1.03,1.69,1.51,0.999,0.245,-0.00898,0.373,0.411,1.07,1.51,1.66,2.03
2026,5,1,29,0.306,0.348,-0.0284,0.228,0.208,-0.0385,0.0509,0.308,0.343,0.431,0.288,0.0973,0.997
2026,5,1,30,1.16,2.31,0.766,1.29,0.654,0.546,0.958,1.15,1.18,1.32,1.16,0.844,1.87
2026,5,1,31,0.221,0.308,0.198,0.217,0.228,-0.125,-0.233,-0.000285,0.0268,0.214,0.326,0.229,1.35
2026,5,1,32,-0.119,-0.0805,-0.343,-0.213,-0.202,-0.319,-0.196,-0.133,-0.124,-0.0856,-0.141,-0.247,0.259
2026,5,1,33,0.858,0.911,0.27,1.01,0.777,0.67,0.632,0.507,0.495,1.02,1.01,0.652,2.03
2026,5,1,34,0.198,0.0531,-0.00309,0.025,0.217,0.0268,-0.0684,0.0516,0.0623,0.335,0.248,0.0869,1.21
2026,5,1,35,0.314,0.36,0.29,0.312,0.295,-0.168,-0.0619,0.0322,0.0433,0.443,0.457,0.328,0.905
2026,5,1,36,0.153,0.114,0.167,0.0426,0.317,-0.071,0.242,0.132,0.121,0.275,0.134,-0.0393,0.876
2026,5,1,37,0.0583,0.0818,-0.172,-0.185,0.304,-0.128,-0.243,0.081,0.125,0.189,0.0302,-0.16,0.96
2026,5,1,38,1.57,0.89,-0.114,0.71,1.69,0.237,0.0133,0.246,0.268,1.15,1.79,1.85,1.3
2026,5,1,39,0.00011,0.162,0.0172,-0.131,-0.0239,-0.134,-0.0925,-0.0564,-0.0524,0.023,0.0173,-0.0847,0.565
2026,5,1,40,0.113,0.225,0.0691,0.011,0.285,-0.243,-0.204,-0.0916,-0.0784,0.294,0.226,0.0433,0.938
2026,5,1,41,0.142,-0.0187,-0.0858,-0.124,0.02,0.213,0.389,0.192,0.17,0.18,0.107,-0.11,0.999
2026,5,1,42,0.0266,-0.056,-0.132,-0.154,0.124,-0.15,-0.0464,0.0395,0.0479,0.13,-0.00132,-0.18,0.556
2026,5,1,44,0.384,1.21,0.0378,0.209,0.636,0.349,0.544,0.157,0.12,0.591,0.481,0.268,1.4
2026,5,1,45,0.678,0.841,0.263,0.561,0.547,0.143,-0.149,0.512,0.601,0.9,0.8,0.514,1.83
2026,5,1,46,1.37,1.24,0.571,1.47,1.69,0.745,0.96,0.377,0.333,1.29,1.79,1.85,2.03
2026,5,1,47,0.0757,0.329,-0.172,-0.0432,0.0915,-0.3,-0.175,0.0229,0.0451,0.115,0.0823,-0.0549,0.791
2026,5,1,48,0.0144,0.169,-0.138,-0.249,0.177,-0.193,-0.171,-0.0297,-0.0113,0.108,0.0218,-0.14,1.0
2026,5,1,49,0.0717,0.845,-0.255,-0.203,0.0642,-0.216,-0.247,0.00106,0.0291,0.0836,0.0967,0.0384,0.522
2026,5,1,50,1.57,2.84,1.46,1.51,0.782,0.379,0.682,0.981,1.02,1.83,1.79,1.54,2.03
2026,5,1,51,0.0817,0.0966,0.0622,-0.138,0.288,0.00579,-0.169,0.155,0.195,0.195,0.0356,-0.116,0.717
2026,5,1,53,-0.0299,0.215,-0.056,-0.219,-0.0477,-0.0603,0.13,-0.0503,-0.0687,-0.0133,-0.0413,-0.187,0.707
2026,5,1,54,1.2,1.59,0.876,1.2,1.48,1.11,0.671,0.622,0.617,1.36,1.5,1.36,2.03
2026,5,1,55,0.0635,0.0174,-0.19,-0.16,0.31,-0.0402,0.0366,-0.038,-0.046,0.227,0.116,-0.0354,0.6
2026,5,1,56,0.933,1.94,0.726,0.414,1.48,0.245,0.538,0.606,0.613,0.959,1.08,1.01,1.41
2026,5,8,1,0.483,0.295,0.455,0.383,0.321,0.605,0.394,0.395,0.395,0.585,0.527,0.491,0.542
2026,5,8,2,0.572,1.65,0.645,0.419,0.695,0.106,0.761,0.45,0.41,0.711,0.581,0.489,0.602
2026,5,8,4,-0.0535,0.0824,-0.361,-0.19,0.108,-0.399,-0.296,-0.197,-0.183,0.0108,0.000189,-0.101,0.535
2026,5,8,5,0.499,0.803,0.96,0.322,0.52,0.195,0.329,0.262,0.255,0.716,0.601,0.57,0.444
2026,5,8,6,-0.217,-0.192,-0.293,-0.389,-0.223,-0.341,-0.215,-0.267,-0.273,-0.166,-0.21,-0.306,0.244
2026,5,8,8,-0.158,-0.0955,-0.271,-0.282,-0.16,-0.289,-0.195,-0.235,-0.24,-0.153,-0.142,-0.222,0.437
2026,5,8,9,0.279,0.367,-0.0572,0.107,0.471,-0.193,0.274,0.18,0.17,0.536,0.305,0.0985,0.882
2026,5,8,10,0.472,0.751,0.318,0.0894,0.472,0.128,0.1,0.384,0.411,0.543,0.443,0.366,0.603
2026,5,8,11,-0.108,0.322,0.13,-0.318,0.13,-0.351,0.23,0.0104,-0.0169,0.0126,-0.144,-0.234,0.237
2026,5,8,12,0.198,0.225,-0.0356,-0.0184,0.161,0.0237,0.0632,0.104,0.11,0.375,0.244,0.0593,0.848
2026,5,8,13,0.148,0.0817,-0.0318,0.0778,0.373,0.0474,0.0421,0.12,0.129,0.335,0.143,-0.0395,0.907
2026,5,8,15,0.432,0.177,0.0819,0.531,0.489,0.63,0.506,0.186,0.139,0.404,0.597,0.674,0.77
2026,5,8,16,0.541,0.588,0.291,0.279,0.405,0.114,0.435,0.415,0.412,0.783,0.568,0.37,1.0
2026,5,8,17,0.113,0.194,-0.0682,-0.0785,0.134,-0.00301,0.186,-0.0107,-0.0279,0.192,0.149,0.0443,0.699
2026,5,8,18,0.215,0.522,0.104,0.0141,0.116,-0.0809,0.165,0.077,0.0679,0.291,0.283,0.166,0.798
2026,5,8,19,0.536,0.316,-0.288,0.28,0.912,0.158,0.291,0.31,0.312,0.649,0.634,0.492,1.38
2026,5,8,20,0.495,0.804,0.38,0.637,0.214,0.00403,0.0788,0.324,0.358,0.517,0.598,0.553,1.13
2026,5,8,21,0.361,0.449,0.00944,0.296,0.506,-0.0847,0.118,0.145,0.148,0.469,0.474,0.346,1.09
2026,5,8,22,0.37,0.199,0.227,0.217,0.328,0.118,0.0834,0.247,0.269,0.538,0.412,0.236,0.922
2026,5,8,23,1.57,2.84,1.01,1.51,1.6,0.615,1.37,1.41,1.37,1.83,1.79,1.85,2.03
2026,5,8,24,0.123,-0.0266,-0.064,-0.127,0.402,-0.253,0.0808,0.0846,0.085,0.233,0.126,-0.039,0.913
2026,5,8,25,0.174,0.172,0.25,0.0767,0.125,-0.051,0.137,0.0102,-0.00195,0.295,0.222,0.0933,0.791
2026,5,8,26,0.117,0.189,0.0879,-0.0396,0.127,-0.164,0.163,0.0467,0.0323,0.292,0.157,0.00586,0.713
2026,5,8,27,0.146,-0.00549,-0.27,-0.0462,0.362,0.344,0.021,0.117,0.127,0.214,0.146,-0.00329,0.927
2026,5,8,28,0.985,1.37,1.87,1.51,0.775,0.566,0.551,0.496,0.491,1.23,1.45,1.65,1.31
2026,5,8,29,0.388,0.318,-0.0936,0.282,0.403,0.0967,0.241,0.344,0.358,0.599,0.399,0.191,1.04
2026,5,8,30,1.32,2.68,0.784,1.22,0.676,0.643,1.5,1.41,1.37,1.47,1.21,0.982,1.47
2026,5,8,31,0.199,0.142,0.232,0.252,0.0604,0.0875,0.162,0.0939,0.086,0.189,0.239,0.128,1.12
2026,5,8,32,-0.0698,0.0524,-0.254,-0.173,-0.0927,-0.344,-0.0423,-0.1,-0.108,0.00883,-0.0694,-0.148,0.119
2026,5,8,33,0.891,1.04,0.348,1.24,0.537,0.655,1.23,0.671,0.619,1.06,0.975,0.734,1.98
2026,5,8,34,0.303,0.264,0.124,0.086,0.236,-0.0463,0.298,0.169,0.157,0.517,0.353,0.176,1.19
2026,5,8,35,0.524,0.511,0.478,0.398,0.431,0.636,0.485,0.323,0.303,0.723,0.588,0.486,0.681
2026,5,8,36,0.261,0.0781,0.291,0.0868,0.499,0.00916,0.645,0.333,0.303,0.41,0.203,0.0331,0.773
2026,5,8,37,0.0774,0.134,-0.0768,-0.166,0.369,-0.114,-0.0717,0.0209,0.0334,0.306,0.0846,-0.111,0.866
2026,5,8,38,1.18,1.08,0.259,0.815,1.69,1.43,0.902,0.496,0.458,1.55,1.61,1.85,0.856
2026,5,8,39,0.00646,0.167,-0.0291,-0.0994,-0.164,-0.111,-0.00639,-0.00963,-0.00999,0.109,0.0047,-0.0985,0.245
2026,5,8,40,0.165,0.194,0.0864,0.113,0.219,-0.214,-0.0619,-0.00862,-0.00228,0.334,0.256,0.103,0.782
2026,5,8,41,0.25,-0.0201,0.113,-0.0499,0.186,0.114,0.641,0.28,0.241,0.395,0.22,-0.00428,0.887
2026,5,8,42,0.109,0.227,-0.0928,-0.125,0.168,-0.147,0.198,0.101,0.0919,0.249,0.0948,-0.0633,0.494
2026,5,8,44,0.373,1.25,0.15,0.0874,0.537,0.182,0.822,0.209,0.15,0.767,0.445,0.256,0.729
2026,5,8,45,0.659,0.918,0.315,0.565,0.419,0.269,0.198,0.431,0.463,0.901,0.806,0.677,1.13
2026,5,8,46,1.57,2.27,1.04,1.41,1.69,1.78,1.54,0.937,0.891,1.83,1.79,1.85,1.69
2026,5,8,47,0.0789,0.333,-0.135,-0.0843,0.0438,-0.0954,0.0985,0.0176,0.00851,0.255,0.102,-0.0646,0.586
2026,5,8,48,0.0751,0.152,-0.0899,-0.179,0.162,-0.156,-0.0362,0.0229,0.0306,0.193,0.0842,-0.0641,0.871
2026,5,8,49,0.173,0.259,-0.102,-0.116,0.116,0.0262,0.25,0.12,0.106,0.191,0.192,0.122,0.649
2026,5,8,50,1.57,2.84,1.87,1.51,1.44,1.54,1.8,1.41,1.37,1.83,1.79,1.85,2.03
2026,5,8,51,0.157,0.0866,-0.122,-0.0517,0.369,0.14,0.0891,0.17,0.18,0.345,0.132,-0.0327,0.765
2026,5,8,53,0.0092,0.186,-0.00832,-0.189,0.00366,0.063,0.321,0.00251,-0.03,0.083,-0.000249,-0.127,0.498
2026,5,8,54,1.31,1.59,0.896,1.16,1.14,1.38,1.45,0.913,0.867,1.45,1.5,1.43,1.78
2026,5,8,55,0.153,0.115,-0.175,-0.131,0.282,0.174,0.211,0.129,0.12,0.33,0.163,0.00305,0.526
2026,5,8,56,1.32,2.34,1.01,0.398,1.17,1.83,1.83,1.41,1.37,1.49,1.21,1.31,0.623
2026,5,15,1,0.581,0.536,0.406,0.287,0.373,1.56,1.45,0.58,0.48,0.744,0.581,0.542,0.359
2026,5,15,2,0.532,1.65,0.476,0.424,0.361,0.362,0.658,0.547,0.533,0.761,0.53,0.555,0.131
2026,5,15,4,-0.0886,0.141,-0.322,-0.262,-0.0974,-0.403,-0.205,-0.181,-0.177,-0.0037,-0.0587,-0.144,0.256
2026,5,15,5,0.61,1.27,0.758,0.371,0.718,0.104,0.776,0.335,0.288,0.756,0.726,0.754,0.564
2026,5,15,6,-0.196,-0.0352,-0.348,-0.4,-0.23,-0.277,-0.0886,-0.232,-0.249,-0.124,-0.195,-0.288,0.176
2026,5,15,8,-0.115,0.00875,-0.197,-0.26,-0.0955,-0.241,-0.0927,-0.195,-0.208,-0.0537,-0.0894,-0.173,0.356
2026,5,15,9,0.379,0.506,0.0089,0.0381,0.742,-0.186,0.507,0.262,0.236,0.698,0.424,0.235,0.805
2026,5,15,10,0.453,0.848,0.199,0.131,0.332,0.351,1.0,0.377,0.317,0.642,0.436,0.344,0.479
2026,5,15,11,-0.0692,0.0561,0.0338,-0.28,0.0918,-0.172,0.183,-0.0176,-0.0425,0.0571,-0.0883,-0.18,0.323
2026,5,15,12,0.232,0.326,0.148,0.0227,0.193,0.0476,0.191,0.162,0.158,0.438,0.26,0.0684,0.756
2026,5,15,13,0.21,0.307,0.00723,0.0417,0.51,0.161,0.309,0.208,0.196,0.424,0.193,-0.0044,0.935
2026,5,15,15,0.422,0.454,0.117,0.598,0.353,0.588,0.378,0.128,0.0913,0.787,0.652,0.605,0.499
2026,5,15,16,0.624,0.664,0.504,0.342,0.521,0.546,0.745,0.545,0.519,0.894,0.633,0.47,0.775
2026,5,15,17,0.0708,0.317,-0.204,-0.106,0.156,-0.0156,0.326,-0.0112,-0.0406,0.15,0.0926,0.00474,0.492
2026,5,15,18,0.216,0.619,0.199,-0.0988,0.0791,0.324,0.525,0.125,0.0839,0.308,0.254,0.175,0.458
2026,5,15,19,0.504,0.539,-0.328,0.216,0.78,0.609,0.716,0.303,0.263,0.679,0.597,0.498,0.894
2026,5,15,20,0.514,0.888,0.378,0.658,0.22,-0.242,0.25,0.287,0.292,0.534,0.634,0.64,0.951
2026,5,15,21,0.386,0.752,0.112,0.246,0.487,0.0664,0.436,0.228,0.206,0.505,0.475,0.392,0.78
2026,5,15,22,0.302,0.321,0.182,0.15,0.239,-0.265,-0.0115,0.15,0.172,0.52,0.365,0.219,0.627
2026,5,15,23,1.57,2.76,1.37,1.51,1.17,0.885,1.78,1.41,1.37,1.83,1.79,1.82,2.03
2026,5,15,24,0.223,0.262,-0.149,-0.0484,0.314,-0.0861,0.586,0.309,0.28,0.352,0.175,0.0147,0.737
2026,5,15,25,0.189,0.278,0.115,0.00232,0.174,0.0905,0.43,0.0717,0.0375,0.294,0.208,0.104,0.607
2026,5,15,26,0.111,0.137,-0.107,-0.0643,0.039,0.00874,0.225,0.0619,0.0418,0.329,0.132,-0.0262,0.544
2026,5,15,27,0.0811,0.0809,-0.229,-0.109,0.188,0.0395,0.063,0.0239,0.0195,0.23,0.0855,-0.0576,0.559
2026,5,15,28,0.908,1.2,1.87,1.43,0.8,0.189,0.408,0.419,0.421,1.32,1.37,1.56,0.832
2026,5,15,29,0.325,0.528,-0.13,0.121,0.25,0.0932,0.28,0.341,0.35,0.551,0.295,0.0993,0.701
2026,5,15,30,1.35,2.22,1.11,1.31,0.614,1.43,2.13,1.41,1.37,1.66,1.3,1.14,1.15
2026,5,15,31,0.191,0.357,0.198,0.213,-0.0648,0.24,0.332,0.105,0.079,0.186,0.226,0.202,0.533
2026,5,15,32,-0.0798,0.188,-0.271,-0.19,-0.261,-0.292,-0.0709,-0.0733,-0.0736,0.0319,-0.107,-0.205,0.00431
2026,5,15,33,1.25,1.31,0.421,1.23,1.13,0.693,1.71,0.944,0.872,1.65,1.39,0.989,2.03
2026,5,15,34,0.269,0.157,0.0268,0.0178,0.267,0.12,0.46,0.154,0.127,0.505,0.304,0.134,0.969
2026,5,15,35,0.626,0.857,0.573,0.322,0.868,0.171,0.459,0.275,0.253,0.935,0.813,0.781,0.7
2026,5,15,36,0.243,0.152,0.259,0.0398,0.324,0.0548,0.71,0.301,0.262,0.474,0.195,0.0305,0.575
2026,5,15,37,0.0735,0.253,-0.0806,-0.181,0.262,-0.11,0.00296,0.0196,0.0218,0.383,0.0838,-0.111,0.61
2026,5,15,38,0.742,1.32,0.131,0.661,1.33,0.784,0.44,0.305,0.293,1.36,1.0,0.884,0.614
2026,5,15,39,0.0243,0.355,-0.0196,-0.121,-0.192,-0.0808,0.185,0.047,0.0318,0.103,0.000803,-0.0965,0.215
2026,5,15,40,0.144,0.198,0.272,0.0152,0.224,-0.244,0.0678,-0.0381,-0.0507,0.33,0.238,0.108,0.605
2026,5,15,41,0.27,0.14,-0.0354,-0.0765,0.344,0.325,0.81,0.285,0.228,0.458,0.254,0.0325,0.834
2026,5,15,42,0.103,0.185,-0.167,-0.179,0.133,-0.0635,0.45,0.167,0.14,0.282,0.0468,-0.123,0.301
2026,5,15,44,0.469,1.21,0.0681,0.276,0.408,0.621,0.807,0.35,0.306,0.777,0.508,0.373,0.618
2026,5,15,45,0.706,1.16,0.42,0.655,0.504,0.416,0.513,0.436,0.426,1.21,0.884,0.618,1.2
2026,5,15,46,1.32,1.82,1.01,1.51,1.59,0.655,1.68,0.718,0.646,1.79,1.68,1.72,1.25
2026,5,15,47,0.138,0.439,-0.148,-0.0938,0.27,0.0369,0.325,0.0443,0.0127,0.232,0.179,0.0959,0.493
2026,5,15,48,0.0775,0.213,-0.0769,-0.219,0.169,-0.154,0.114,0.0409,0.0314,0.207,0.0766,-0.0726,0.79
2026,5,15,49,0.226,0.447,-0.0599,-0.061,0.274,0.115,0.34,0.134,0.111,0.278,0.257,0.176,0.704
2026,5,15,50,1.57,2.84,1.87,1.51,0.696,1.03,1.24,1.41,1.37,1.83,1.79,1.85,1.41
2026,5,15,51,0.167,0.184,-0.0504,-0.0857,0.302,0.316,0.347,0.253,0.241,0.399,0.112,-0.0474,0.512
2026,5,15,53,0.00377,0.388,-0.0236,-0.239,0.00241,-0.102,0.343,0.0296,-0.0024,0.122,-0.021,-0.165,0.423
2026,5,15,54,1.19,1.53,0.985,1.09,1.03,1.83,1.77,0.855,0.778,1.7,1.42,1.48,0.756
2026,5,15,55,0.0802,0.167,-0.125,-0.188,0.157,0.145,0.142,0.0634,0.0549,0.291,0.0842,-0.0579,0.233
2026,5,15,56,1.25,2.77,0.86,0.618,0.845,1.26,1.74,1.11,1.05,1.83,1.32,1.39,0.356
2026,5,22,1,0.502,0.414,0.438,0.4,0.395,0.336,0.421,0.372,0.366,0.685,0.562,0.418,0.875
2026,5,22,2,0.527,1.6,0.78,0.358,0.67,0.0213,0.59,0.479,0.465,0.598,0.545,0.548,0.461
2026,5,22,4,-0.0689,0.195,-0.328,-0.191,0.049,-0.35,-0.137,-0.177,-0.182,-0.026,-0.0389,-0.169,0.649
2026,5,22,5,0.542,0.912,0.819,0.398,0.567,0.293,0.544,0.23,0.196,0.706,0.677,0.581,0.944
2026,5,22,6,-0.201,-0.184,-0.391,-0.38,-0.219,-0.326,-0.0917,-0.246,-0.263,-0.161,-0.196,-0.321,0.459
2026,5,22,8,-0.166,-0.0792,-0.259,-0.336,-0.122,-0.332,-0.116,-0.235,-0.25,-0.136,-0.153,-0.252,0.465
2026,5,22,9,0.36,0.491,-0.0657,0.189,0.582,0.0521,0.529,0.196,0.16,0.543,0.399,0.114,1.62
2026,5,22,10,0.28,0.772,0.0861,0.0806,0.0657,0.309,0.833,0.276,0.223,0.28,0.226,0.109,0.628
2026,5,22,11,-0.161,0.252,0.147,-0.355,-0.0977,-0.245,0.286,-0.0684,-0.112,-0.123,-0.195,-0.253,0.0996
2026,5,22,12,0.178,0.262,0.0842,0.0589,0.16,-0.151,0.184,0.0934,0.0808,0.315,0.209,-0.00906,1.08
2026,5,22,13,0.134,0.158,-0.0672,0.0272,0.373,-0.00874,0.184,0.142,0.137,0.286,0.11,-0.117,1.26
2026,5,22,15,0.332,0.462,0.117,0.413,0.34,-0.0573,-0.161,0.113,0.153,0.683,0.516,0.372,0.708
2026,5,22,16,0.542,0.328,0.0677,0.0933,0.348,0.147,0.646,0.455,0.429,0.791,0.55,0.335,1.0
2026,5,22,17,0.0834,0.211,-0.149,-0.0828,0.116,0.0643,0.453,-0.0000244,-0.0394,0.0899,0.0982,-0.00145,0.759
2026,5,22,18,0.147,0.521,0.00207,-0.037,0.104,-0.2,0.218,0.0174,-0.00359,0.195,0.201,0.0117,1.09
2026,5,22,19,0.465,0.543,-0.272,0.245,0.685,0.352,0.56,0.22,0.187,0.579,0.583,0.384,1.7
2026,5,22,20,0.454,0.697,0.367,0.59,0.283,-0.125,0.142,0.16,0.163,0.552,0.634,0.556,1.36
2026,5,22,21,0.392,0.541,-0.0472,0.435,0.571,-0.0349,0.246,0.139,0.127,0.488,0.529,0.309,1.68
2026,5,22,22,0.266,0.194,0.147,0.0391,0.227,-0.0432,0.218,0.103,0.0867,0.431,0.333,0.134,1.06
2026,5,22,23,1.57,2.76,1.2,1.51,1.24,1.06,2.14,1.41,1.37,1.83,1.79,1.48,2.03
2026,5,22,24,0.155,0.175,-0.12,-0.107,0.332,-0.214,0.494,0.149,0.113,0.275,0.146,-0.0374,0.986
2026,5,22,25,0.14,0.152,0.144,-0.0185,0.0808,-0.0962,0.326,0.0224,-0.0065,0.221,0.163,0.0387,0.735
2026,5,22,26,0.103,0.164,0.000897,0.0243,0.0677,-0.28,0.167,-0.0188,-0.0417,0.293,0.162,-0.0206,0.943
2026,5,22,27,0.0457,0.0122,-0.286,-0.13,0.102,0.244,0.271,0.0574,0.0333,0.073,0.0156,-0.146,0.919
2026,5,22,28,0.845,1.12,1.76,1.42,0.629,0.325,0.645,0.361,0.332,1.07,1.3,1.39,1.62
2026,5,22,29,0.321,0.4,-0.0946,0.309,0.166,-0.0851,0.266,0.253,0.252,0.491,0.331,0.0856,1.31
2026,5,22,30,1.5,2.22,0.519,1.29,0.818,1.19,2.14,1.41,1.37,1.67,1.37,0.988,1.98
2026,5,22,31,0.124,0.317,0.165,0.0775,-0.0452,-0.0228,0.222,-0.0288,-0.058,0.198,0.196,0.0771,0.933
2026,5,22,32,-0.0957,0.0524,-0.377,-0.172,-0.323,-0.24,-0.102,-0.11,-0.111,-0.0336,-0.111,-0.248,0.388
2026,5,22,33,0.892,1.03,0.146,0.789,0.728,0.564,1.86,0.743,0.638,1.0,0.941,0.706,1.97
2026,5,22,34,0.255,0.117,0.0311,0.122,0.128,0.188,0.648,0.111,0.0633,0.401,0.314,0.142,1.35
2026,5,22,35,0.455,0.797,0.567,0.356,0.379,0.553,1.06,0.331,0.245,0.486,0.492,0.337,1.01
2026,5,22,36,0.208,0.0811,0.18,0.0701,0.307,0.0405,0.993,0.251,0.18,0.352,0.156,-0.023,0.808
2026,5,22,37,0.049,0.0563,-0.0959,-0.149,0.278,-0.0948,0.153,0.0253,0.00809,0.202,0.0368,-0.167,1.05
2026,5,22,38,0.642,1.06,0.0554,0.549,0.853,0.784,0.618,0.357,0.333,0.765,0.769,0.601,1.35
2026,5,22,39,0.0015,0.208,-0.0933,-0.0959,-0.155,-0.145,0.155,0.00113,-0.016,0.0358,-0.0191,-0.145,0.505
2026,5,22,40,0.0995,0.112,0.106,-0.00922,0.23,-0.246,0.0885,-0.0816,-0.102,0.214,0.188,0.00738,1.02
2026,5,22,41,0.249,-0.0648,-0.076,-0.0612,0.183,0.434,0.81,0.273,0.215,0.396,0.23,-0.0299,1.1
2026,5,22,42,0.0643,0.172,-0.148,-0.122,0.129,-0.102,0.379,0.101,0.0733,0.105,0.0195,-0.142,0.608
2026,5,22,44,0.299,0.821,0.0897,0.0296,0.278,0.397,0.946,0.255,0.188,0.323,0.292,0.188,0.788
2026,5,22,45,0.636,1.02,0.335,0.663,0.336,0.221,0.495,0.384,0.369,0.856,0.805,0.565,1.76
2026,5,22,46,1.18,2.27,0.619,1.31,1.43,1.6,1.41,0.733,0.682,1.3,1.43,1.17,2.03
2026,5,22,47,0.063,0.34,-0.182,-0.0198,0.0174,-0.218,0.0366,-0.00724,-0.0122,0.162,0.0912,-0.0899,0.932
2026,5,22,48,0.0501,0.0974,-0.0905,-0.215,0.211,-0.188,0.0407,-0.00438,-0.0102,0.177,0.0601,-0.107,0.974
2026,5,22,49,0.11,0.372,-0.11,-0.208,0.127,-0.198,0.25,0.0321,0.00746,0.173,0.138,0.0412,0.643
2026,5,22,50,1.57,2.84,1.87,1.51,1.0,1.83,2.14,1.41,1.37,1.83,1.79,1.85,2.03
2026,5,22,51,0.147,0.147,-0.0023,-0.0754,0.401,0.105,0.354,0.225,0.209,0.282,0.0961,-0.0843,0.914
2026,5,22,53,-0.0383,0.189,-0.0587,-0.26,-0.0477,-0.00838,0.388,-0.0196,-0.0612,-0.00205,-0.0642,-0.225,0.684
2026,5,22,54,1.18,1.19,0.568,1.21,1.02,0.843,1.49,0.972,0.929,1.18,1.31,1.07,2.03
2026,5,22,55,0.0975,0.17,-0.178,-0.172,0.129,-0.0571,0.343,0.0768,0.0483,0.285,0.1,-0.0985,0.621
2026,5,22,56,0.973,2.29,0.739,0.231,1.09,0.51,2.14,1.05,0.909,0.747,0.877,1.02,0.722
2026,5,29,1,0.304,0.385,0.122,0.155,0.167,0.425,0.312,0.203,0.191,0.387,0.359,0.286,0.601
2026,5,29,2,0.241,2.47,0.149,0.12,0.309,-0.0319,0.744,0.176,0.103,0.34,0.269,0.329,0.0279
2026,5,29,4,-0.236,-0.0159,-0.441,-0.313,-0.2,-0.518,-0.309,-0.331,-0.334,-0.206,-0.208,-0.305,0.325
2026,5,29,5,0.25,0.923,0.421,0.0998,0.363,-0.0813,0.213,0.0666,0.0509,0.369,0.307,0.208,0.507
2026,5,29,6,-0.295,-0.198,-0.424,-0.414,-0.338,-0.396,-0.239,-0.328,-0.338,-0.272,-0.291,-0.383,0.205
2026,5,29,8,-0.301,0.0214,-0.458,-0.412,-0.314,-0.454,-0.212,-0.349,-0.366,-0.301,-0.289,-0.349,0.158
2026,5,29,9,0.102,0.335,-0.256,-0.02,0.256,-0.283,0.107,-0.0137,-0.0265,0.395,0.144,-0.0498,0.606
2026,5,29,10,0.0541,1.01,-0.1,-0.183,-0.171,0.0745,0.117,0.0226,0.0136,0.102,0.0253,-0.0117,0.0537
2026,5,29,11,-0.27,0.347,-0.188,-0.418,-0.205,-0.316,-0.117,-0.25,-0.266,-0.225,-0.282,-0.333,-0.0139
2026,5,29,12,-0.00143,0.106,-0.19,-0.108,-0.0218,-0.129,-0.0238,-0.0682,-0.0743,0.117,0.0235,-0.161,0.755
2026,5,29,13,-0.0594,0.105,-0.15,-0.141,0.111,-0.124,-0.0452,-0.0729,-0.0762,0.0758,-0.0718,-0.213,0.522
2026,5,29,15,0.172,0.508,-0.187,0.322,0.327,0.296,0.258,0.0321,-0.0011,0.291,0.323,0.241,0.77
2026,5,29,16,0.423,0.222,-0.251,-0.137,0.245,-0.248,0.646,0.296,0.25,0.532,0.454,0.318,0.934
2026,5,29,17,-0.0872,0.0913,-0.275,-0.221,-0.0754,-0.117,0.139,-0.161,-0.188,-0.0814,-0.0694,-0.141,0.419
2026,5,29,18,0.0101,0.324,0.0214,-0.15,-0.00913,-0.154,0.00575,-0.106,-0.118,0.046,0.0604,-0.0705,0.707
2026,5,29,19,0.235,0.626,-0.414,0.0381,0.511,0.187,0.215,0.0416,0.0248,0.369,0.315,0.152,1.06
2026,5,29,20,0.265,0.702,0.0479,0.329,0.237,-0.0604,0.0578,0.0726,0.0746,0.307,0.386,0.336,0.951
2026,5,29,21,0.0988,0.49,-0.156,0.0248,0.147,-0.355,-0.0246,-0.0579,-0.0614,0.167,0.201,0.0708,0.909
2026,5,29,22,0.101,0.17,-0.115,-0.0126,0.143,-0.312,-0.149,-0.0893,-0.081,0.248,0.193,0.0611,0.706
2026,5,29,23,1.45,2.84,0.586,1.47,0.797,0.641,2.14,1.41,1.3,1.71,1.44,0.963,2.03
2026,5,29,24,-0.0462,0.208,-0.289,-0.219,-0.00289,-0.128,-0.0625,-0.0645,-0.0648,0.0218,-0.0537,-0.163,0.453
2026,5,29,25,-0.0558,-0.00646,-0.015,-0.129,-0.186,-0.16,0.105,-0.159,-0.184,0.054,-0.0273,-0.12,0.316
2026,5,29,26,-0.0468,0.0719,-0.101,-0.151,-0.0478,-0.378,-0.0848,-0.109,-0.112,0.0793,-0.0201,-0.14,0.451
2026,5,29,27,-0.147,-0.11,-0.416,-0.296,-0.0688,-0.0378,-0.124,-0.163,-0.167,-0.12,-0.156,-0.257,0.413
2026,5,29,28,0.646,1.21,1.21,1.08,0.565,0.259,0.379,0.311,0.304,0.578,0.962,1.17,1.28
2026,5,29,29,0.12,0.345,-0.252,0.0939,0.0578,-0.103,0.0298,0.0617,0.0662,0.271,0.131,-0.0815,0.976
2026,5,29,30,1.11,2.78,0.351,0.682,0.491,0.556,1.4,1.18,1.14,1.25,1.04,0.806,1.36
2026,5,29,31,0.0765,0.467,-0.113,0.384,-0.0474,-0.228,-0.216,-0.1,-0.0867,0.459,0.184,-0.0619,0.658
2026,5,29,32,-0.192,0.0677,-0.449,-0.303,-0.175,-0.361,-0.25,-0.227,-0.224,-0.123,-0.219,-0.329,0.0771
2026,5,29,33,0.81,1.12,0.124,0.664,0.44,0.48,1.53,0.821,0.755,0.911,0.76,0.463,1.85
2026,5,29,34,0.0609,-0.0232,-0.129,-0.0395,-0.0276,-0.123,0.0863,-0.0292,-0.0395,0.177,0.0969,-0.00629,0.633
2026,5,29,35,0.136,0.803,0.159,0.196,-0.0366,-0.116,0.0814,-0.0497,-0.0652,0.295,0.216,0.0764,0.532
2026,5,29,36,0.0332,0.0385,0.0342,-0.126,0.167,-0.191,0.436,0.044,0.00655,0.162,0.00944,-0.133,0.54
2026,5,29,37,-0.122,0.0926,-0.299,-0.295,0.117,-0.241,-0.247,-0.194,-0.187,0.0523,-0.0994,-0.253,0.578
2026,5,29,38,0.31,1.33,-0.178,0.422,0.301,0.324,0.138,-0.0829,-0.104,0.356,0.546,0.466,1.24
2026,5,29,39,-0.195,0.016,-0.186,-0.269,-0.307,-0.331,-0.232,-0.211,-0.208,-0.11,-0.2,-0.309,0.119
2026,5,29,40,-0.109,0.219,-0.0444,-0.176,-0.0851,-0.375,-0.0678,-0.252,-0.274,0.0276,-0.0338,-0.19,0.565
2026,5,29,41,-0.00431,0.111,-0.144,-0.209,-0.0746,0.177,0.456,0.0158,-0.0319,0.0378,-0.0275,-0.204,0.682
2026,5,29,42,-0.0663,0.0988,-0.21,-0.239,-0.0272,-0.245,0.0173,-0.0855,-0.0956,0.00117,-0.0771,-0.186,0.269
2026,5,29,44,0.135,1.48,-0.261,0.014,0.206,0.0699,0.637,0.0515,-0.00483,0.185,0.127,0.00822,0.653
2026,5,29,45,0.249,0.843,0.0453,0.138,0.164,-0.0611,0.0475,0.0474,0.0474,0.495,0.391,0.205,0.951
2026,5,29,46,0.754,2.04,0.371,0.901,0.792,0.491,1.2,0.25,0.178,0.967,1.04,0.863,1.92
2026,5,29,47,-0.132,0.241,-0.321,-0.229,-0.18,-0.373,-0.136,-0.203,-0.211,-0.0277,-0.107,-0.257,0.52
2026,5,29,48,-0.124,0.0316,-0.254,-0.347,0.0163,-0.305,-0.174,-0.174,-0.173,-0.033,-0.114,-0.253,0.696
2026,5,29,49,-0.00278,0.285,-0.225,-0.242,0.0172,-0.284,0.198,-0.0603,-0.0895,0.0527,0.0314,-0.037,0.398
2026,5,29,50,1.57,2.84,1.87,1.51,0.659,0.931,1.73,1.36,1.31,1.83,1.79,1.71,1.99
2026,5,29,51,-0.0702,0.0155,-0.317,-0.182,0.106,-0.063,-0.0567,-0.0823,-0.0855,0.034,-0.0862,-0.21,0.493
2026,5,29,53,-0.119,0.208,-0.211,-0.3,-0.211,-0.159,0.247,-0.0871,-0.121,-0.0896,-0.147,-0.278,0.447
2026,5,29,54,0.668,1.77,0.519,0.713,0.465,1.03,0.796,0.345,0.307,0.726,0.851,0.679,1.54
2026,5,29,55,-0.111,0.00674,-0.274,-0.354,-0.0546,-0.152,-0.0209,-0.168,-0.184,0.0408,-0.0794,-0.197,0.194
2026,5,29,56,0.652,2.84,0.258,0.0599,0.697,-0.222,0.662,0.457,0.435,0.7,0.737,0.807,0.623
2026,6,5,1,0.636,0.454,0.331,0.471,0.474,0.406,0.507,0.497,0.496,0.919,0.701,0.58,0.694
2026,6,5,2,0.479,1.73,0.487,0.513,0.618,-0.181,0.197,0.335,0.353,0.626,0.526,0.507,0.424
2026,6,5,4,-0.0515,0.0956,-0.37,-0.164,0.0981,-0.464,-0.36,-0.173,-0.146,0.0101,-0.00873,-0.112,0.513
2026,6,5,5,0.531,0.968,0.515,0.316,0.575,-0.017,0.299,0.306,0.307,0.751,0.639,0.579,0.593
2026,6,5,6,-0.167,-0.144,-0.298,-0.348,-0.17,-0.25,-0.101,-0.187,-0.197,-0.0872,-0.174,-0.29,0.3
2026,6,5,8,-0.115,0.00726,-0.292,-0.272,-0.0176,-0.307,-0.258,-0.197,-0.189,-0.0456,-0.0945,-0.194,0.411
2026,6,5,9,0.405,0.579,-0.0606,0.179,0.686,-0.152,0.0635,0.255,0.275,0.759,0.454,0.207,1.08
2026,6,5,10,0.39,0.689,0.251,0.185,0.282,0.223,0.267,0.177,0.168,0.513,0.42,0.332,0.636
2026,6,5,11,-0.049,0.198,0.153,-0.279,0.127,-0.0536,0.0516,0.0642,0.0658,-0.000293,-0.0727,-0.142,0.299
2026,6,5,12,0.292,0.419,-0.0445,0.184,0.347,0.0473,0.166,0.126,0.121,0.465,0.371,0.126,1.44
2026,6,5,13,0.192,0.232,-0.021,0.0409,0.485,-0.0351,0.0994,0.18,0.19,0.433,0.186,-0.0322,1.04
2026,6,5,15,0.494,0.208,-0.0409,0.646,0.777,0.522,0.288,0.191,0.177,0.761,0.734,0.657,0.997
2026,6,5,16,0.713,0.423,-0.13,0.29,0.361,0.00118,0.323,0.508,0.532,0.936,0.783,0.648,1.07
2026,6,5,17,0.0972,0.216,-0.0929,-0.107,0.188,0.00722,0.201,0.00923,-0.00744,0.116,0.116,0.0157,0.756
2026,6,5,18,0.289,0.547,0.0794,0.0395,0.294,-0.13,0.149,0.133,0.132,0.391,0.373,0.253,0.871
2026,6,5,19,0.556,0.322,-0.311,0.341,0.964,0.586,0.556,0.379,0.362,0.654,0.625,0.468,1.41
2026,6,5,20,0.537,0.809,0.306,0.697,0.285,-0.0144,0.306,0.34,0.345,0.541,0.622,0.496,1.62
2026,6,5,21,0.36,0.582,0.0388,0.226,0.534,-0.168,0.0906,0.123,0.126,0.461,0.5,0.403,1.07
2026,6,5,22,0.311,0.0589,0.152,0.157,0.324,-0.193,0.065,0.119,0.127,0.455,0.392,0.257,0.894
2026,6,5,23,1.57,2.84,1.23,1.51,1.52,0.744,1.38,1.41,1.37,1.83,1.79,1.85,2.03
2026,6,5,24,0.137,0.132,-0.0777,-0.0557,0.42,-0.248,0.0929,0.0117,0.00313,0.276,0.18,0.0236,0.941
2026,6,5,25,0.245,0.264,0.129,0.164,0.235,-0.0459,0.219,0.0832,0.0702,0.381,0.28,0.158,0.742
2026,6,5,26,0.192,0.164,-0.0287,0.128,0.18,-0.277,0.0234,0.0534,0.0571,0.393,0.266,0.123,0.797
2026,6,5,27,0.135,0.0887,-0.263,-0.0029,0.369,0.11,-0.0191,0.0413,0.0482,0.23,0.149,-0.0125,0.97
2026,6,5,28,1.14,1.17,1.82,1.51,1.06,0.119,0.846,0.513,0.48,1.45,1.75,1.85,1.76
2026,6,5,29,0.39,0.398,-0.0442,0.347,0.255,0.0758,0.306,0.384,0.394,0.631,0.373,0.131,1.05
2026,6,5,30,1.55,2.31,0.766,1.41,1.0,0.826,1.72,1.41,1.37,1.78,1.54,1.32,1.81
2026,6,5,31,0.247,0.145,0.113,0.137,0.445,0.0646,0.134,0.184,0.19,0.218,0.262,0.166,1.03
2026,6,5,32,-0.0434,0.259,-0.303,-0.0985,-0.163,-0.276,-0.0709,-0.037,-0.0324,-0.0169,-0.0881,-0.198,0.284
2026,6,5,33,1.2,1.48,0.539,1.46,0.786,0.472,1.28,0.972,0.942,1.33,1.29,0.999,2.03
2026,6,5,34,0.336,0.142,0.175,0.182,0.307,0.0721,0.303,0.126,0.111,0.536,0.422,0.264,1.28
2026,6,5,35,0.553,0.669,0.557,0.604,0.364,0.0786,0.205,0.245,0.249,0.983,0.706,0.472,0.979
2026,6,5,36,0.28,0.122,0.18,0.131,0.448,0.0872,0.696,0.294,0.256,0.423,0.25,0.0857,0.862
2026,6,5,37,0.085,0.17,-0.108,-0.0855,0.341,-0.148,-0.103,-0.0288,-0.0189,0.352,0.122,-0.0906,0.996
2026,6,5,38,1.21,1.19,0.0321,1.0,1.69,0.827,0.369,0.318,0.313,1.83,1.78,1.56,1.67
2026,6,5,39,0.0793,0.243,-0.0267,-0.0477,-0.0239,0.0642,-0.00828,0.0626,0.0705,0.171,0.0776,-0.0458,0.464
2026,6,5,40,0.18,0.258,0.21,0.114,0.178,-0.248,-0.139,-0.0262,-0.0128,0.457,0.295,0.115,0.69
2026,6,5,41,0.172,-0.0122,-0.0598,-0.00969,0.361,0.316,0.386,0.155,0.13,0.304,0.17,-0.0371,0.857
2026,6,5,42,0.143,0.302,-0.139,-0.0653,0.223,-0.0929,0.125,0.0779,0.0734,0.285,0.156,0.0117,0.552
2026,6,5,44,0.547,1.81,0.146,0.304,0.665,0.389,0.931,0.476,0.432,0.757,0.555,0.317,1.4
2026,6,5,45,0.701,1.21,0.376,0.815,0.47,0.179,0.0568,0.35,0.389,1.07,0.948,0.677,1.85
2026,6,5,46,1.46,1.51,0.838,1.4,1.69,1.62,2.13,0.7,0.592,1.83,1.79,1.52,2.03
2026,6,5,47,0.119,0.477,-0.0853,0.0437,0.0087,-0.298,0.0057,-0.00461,-0.00576,0.275,0.178,0.0254,0.766
2026,6,5,48,0.105,0.201,-0.0958,-0.149,0.299,-0.214,-0.06,0.0051,0.0136,0.287,0.144,-0.0408,1.09
2026,6,5,49,0.216,0.265,-0.143,-0.0899,0.241,-0.0222,0.177,0.104,0.0954,0.239,0.261,0.203,0.712
2026,6,5,50,1.57,2.84,1.87,1.51,1.09,1.11,1.01,1.41,1.37,1.83,1.79,1.85,2.03
2026,6,5,51,0.205,0.27,0.0359,0.0372,0.432,0.187,0.152,0.151,0.151,0.452,0.208,0.0326,0.832
2026,6,5,53,0.033,0.306,-0.00922,-0.199,0.032,0.0381,0.366,-0.00686,-0.045,0.101,0.03,-0.105,0.611
2026,6,5,54,1.19,1.38,1.26,1.36,0.881,0.924,1.4,0.624,0.559,1.65,1.54,1.5,1.48
2026,6,5,55,0.166,0.179,-0.195,-0.0305,0.239,0.196,0.198,0.104,0.0937,0.35,0.192,0.0276,0.61
2026,6,5,56,1.14,2.54,0.833,0.463,1.46,0.556,1.46,0.9,0.84,1.34,1.21,1.35,0.707
2026,6,12,1,0.464,0.381,0.399,0.252,0.342,0.207,0.312,0.394,0.403,0.665,0.489,0.423,0.354
2026,6,12,2,0.408,2.13,0.6,0.261,0.33,0.351,0.385,0.312,0.303,0.598,0.446,0.46,0.189
2026,6,12,4,-0.15,0.0559,-0.363,-0.298,-0.123,-0.469,-0.299,-0.257,-0.251,-0.0662,-0.106,-0.194,0.266
2026,6,12,5,0.501,0.912,0.894,0.22,0.37,1.17,0.305,0.42,0.433,0.67,0.53,0.503,0.301
2026,6,12,6,-0.219,-0.14,-0.412,-0.437,-0.207,-0.283,-0.102,-0.218,-0.232,-0.141,-0.232,-0.329,0.117
2026,6,12,8,-0.171,-0.0173,-0.308,-0.351,-0.158,-0.318,-0.151,-0.227,-0.237,-0.0771,-0.157,-0.262,0.28
2026,6,12,9,0.32,0.408,-0.0148,0.0326,0.554,-0.113,0.339,0.238,0.227,0.542,0.331,0.145,0.848
2026,6,12,10,0.253,0.751,0.163,0.0688,0.00792,0.128,0.267,0.162,0.152,0.32,0.25,0.165,0.492
2026,6,12,11,-0.0424,0.198,0.324,-0.253,0.201,-0.0663,0.108,-0.0363,-0.0542,-0.026,-0.0465,-0.104,0.333
2026,6,12,12,0.154,0.29,-0.0697,-0.0544,0.159,-0.111,0.143,0.0858,0.0779,0.352,0.18,-0.0121,0.699
2026,6,12,13,0.0715,0.151,-0.0903,-0.123,0.459,-0.188,-0.0377,0.0424,0.052,0.328,0.068,-0.119,0.639
2026,6,12,15,0.343,0.577,0.152,0.497,0.489,0.155,0.401,0.0743,0.0264,0.632,0.561,0.453,0.849
2026,6,12,16,0.598,0.239,0.0199,0.051,0.188,-0.168,0.565,0.501,0.493,0.703,0.605,0.576,0.492
2026,6,12,17,0.0164,0.167,-0.211,-0.204,0.0851,-0.00661,0.263,-0.0148,-0.039,0.033,0.00642,-0.0623,0.371
2026,6,12,18,0.183,0.453,0.107,-0.0879,0.106,-0.0589,0.113,0.0946,0.0927,0.3,0.22,0.1,0.534
2026,6,12,19,0.378,0.56,-0.375,0.0669,0.646,0.12,0.494,0.27,0.249,0.542,0.412,0.275,0.777
2026,6,12,20,0.373,0.939,0.36,0.41,0.117,-0.185,0.0158,0.179,0.202,0.399,0.48,0.436,1.01
2026,6,12,21,0.283,0.573,0.106,0.136,0.4,-0.228,0.209,0.142,0.135,0.451,0.37,0.255,0.678
2026,6,12,22,0.253,0.22,0.242,0.0643,0.209,-0.265,0.148,0.0952,0.088,0.429,0.314,0.183,0.622
2026,6,12,23,1.57,2.84,0.93,1.51,0.977,0.41,2.04,1.41,1.37,1.83,1.79,1.66,2.03
2026,6,12,24,0.173,0.217,-0.00655,-0.105,0.297,-0.194,0.171,0.0973,0.0896,0.332,0.195,0.0585,0.715
2026,6,12,25,0.148,0.218,0.14,0.00901,0.066,-0.09,0.37,0.0687,0.04,0.321,0.154,0.024,0.508
2026,6,12,26,0.124,0.207,0.00538,-0.101,0.0859,-0.183,0.12,0.104,0.102,0.271,0.121,-0.0133,0.527
2026,6,12,27,0.0637,-0.0557,-0.182,-0.139,0.172,0.176,0.252,0.0787,0.0591,0.162,0.0264,-0.134,0.653
2026,6,12,28,1.07,1.73,1.87,1.51,0.714,0.304,0.889,0.538,0.503,1.3,1.59,1.85,1.26
2026,6,12,29,0.293,0.403,-0.147,0.12,0.192,0.156,0.157,0.349,0.375,0.54,0.248,0.0318,0.674
2026,6,12,30,1.35,2.69,0.784,0.884,0.698,0.594,1.71,1.41,1.37,1.43,1.17,1.07,1.03
2026,6,12,31,0.138,0.299,0.116,0.0968,0.0441,-0.057,0.249,0.0191,-0.00765,0.146,0.188,0.128,0.723
2026,6,12,32,-0.0938,0.382,-0.295,-0.21,-0.249,-0.371,-0.0605,-0.0628,-0.0631,-0.0214,-0.146,-0.228,-0.0839
2026,6,12,33,1.24,1.25,0.275,1.44,0.885,0.602,1.67,1.06,0.999,1.57,1.27,0.86,2.03
2026,6,12,34,0.221,0.149,0.0297,-0.00492,0.133,-0.0288,0.371,0.16,0.141,0.409,0.227,0.0655,0.894
2026,6,12,35,0.467,0.809,0.389,0.348,0.431,0.0385,0.642,0.21,0.159,0.717,0.581,0.486,0.645
2026,6,12,36,0.181,0.164,0.0936,-0.0306,0.228,0.0134,0.821,0.282,0.23,0.403,0.121,-0.0397,0.472
2026,6,12,37,0.0184,0.26,-0.121,-0.247,0.241,-0.267,-0.079,-0.00754,0.00208,0.241,0.00748,-0.175,0.649
2026,6,12,38,0.648,1.49,0.137,0.373,1.14,0.525,0.884,0.273,0.216,1.02,0.868,0.874,0.523
2026,6,12,39,0.0237,0.28,-0.0755,-0.101,-0.157,-0.167,0.00308,0.0588,0.065,0.119,-0.0139,-0.137,0.245
2026,6,12,40,0.119,0.208,0.133,-0.0663,0.107,0.198,0.0914,0.0349,0.0282,0.295,0.149,-0.0245,0.563
2026,6,12,41,0.123,0.00888,-0.0338,-0.135,0.251,0.157,0.773,0.213,0.152,0.255,0.0639,-0.132,0.547
2026,6,12,42,0.0761,0.205,-0.0939,-0.175,0.0892,-0.155,0.303,0.114,0.0953,0.232,0.0372,-0.105,0.257
2026,6,12,44,0.45,1.32,0.163,0.181,0.309,0.0299,1.22,0.396,0.316,0.616,0.45,0.272,1.04
2026,6,12,45,0.572,1.17,0.235,0.495,0.395,0.163,0.356,0.366,0.367,0.988,0.703,0.474,0.958
2026,6,12,46,1.09,1.89,0.705,1.18,1.39,0.727,1.99,0.575,0.467,1.39,1.37,1.37,1.31
2026,6,12,47,0.0603,0.356,-0.153,-0.0828,0.0429,-0.246,0.0806,-0.0146,-0.0253,0.213,0.0997,-0.0213,0.447
2026,6,12,48,0.0401,0.134,-0.132,-0.235,0.125,-0.239,0.0689,0.0159,0.00907,0.169,0.0378,-0.119,0.811
2026,6,12,49,0.134,0.328,-0.0652,-0.216,0.182,0.0464,0.247,0.0392,0.0157,0.194,0.167,0.0954,0.532
2026,6,12,50,1.57,2.84,1.87,1.51,1.29,0.498,1.78,1.41,1.37,1.83,1.79,1.85,1.73
2026,6,12,51,0.0976,0.163,-0.0971,-0.081,0.287,0.000386,0.242,0.149,0.137,0.294,0.0558,-0.0894,0.482
2026,6,12,53,-0.0319,0.325,-0.0704,-0.302,-0.0312,0.101,0.554,0.0296,-0.024,0.0354,-0.0754,-0.191,0.29
2026,6,12,54,1.02,1.58,0.767,0.913,0.977,1.05,1.51,0.82,0.763,1.42,1.14,1.01,1.02
2026,6,12,55,0.0912,0.162,-0.114,-0.199,0.0826,0.123,0.205,0.125,0.116,0.263,0.0641,-0.0636,0.157
2026,6,12,56,1.04,2.84,0.686,0.427,0.897,0.463,1.62,0.877,0.798,1.46,1.08,1.23,0.211
2026,6,19,1,0.427,0.24,0.28,0.345,0.423,0.334,0.592,0.35,0.321,0.514,0.456,0.373,0.665
2026,6,19,2,0.324,1.52,0.307,0.149,0.352,-0.415,0.248,0.328,0.338,0.23,0.324,0.433,0.214
2026,6,19,4,-0.195,-0.0159,-0.456,-0.348,-0.112,-0.521,-0.315,-0.254,-0.245,-0.179,-0.183,-0.265,0.262
2026,6,19,5,0.399,0.979,0.66,0.2,0.395,-0.0888,0.464,0.239,0.215,0.472,0.461,0.44,0.512
2026,6,19,6,-0.259,-0.249,-0.39,-0.439,-0.213,-0.343,-0.0195,-0.259,-0.286,-0.215,-0.27,-0.357,0.106
2026,6,19,8,-0.195,-0.0449,-0.294,-0.354,-0.184,-0.351,-0.0997,-0.225,-0.241,-0.189,-0.193,-0.281,0.391
2026,6,19,9,0.381,0.34,-0.0742,0.0371,1.0,-0.0467,0.584,0.272,0.239,0.484,0.418,0.296,0.924
2026,6,19,10,0.357,0.702,0.107,0.126,0.211,0.16,0.383,0.286,0.277,0.454,0.348,0.222,0.702
2026,6,19,11,-0.184,0.168,-0.0306,-0.353,-0.0122,-0.345,-0.221,-0.148,-0.139,-0.183,-0.196,-0.246,0.141
2026,6,19,12,0.121,0.233,-0.0592,-0.104,0.206,-0.0787,0.182,0.0275,0.00617,0.254,0.162,0.00435,0.744
2026,6,19,13,0.0914,0.0989,-0.0267,-0.0662,0.408,-0.0662,0.128,0.1,0.0971,0.243,0.0759,-0.0946,0.828
2026,6,19,15,0.411,0.523,0.251,0.579,0.803,-0.0442,0.386,0.165,0.132,0.557,0.621,0.566,1.03
2026,6,19,16,0.538,0.295,-0.047,0.068,0.34,-0.192,0.366,0.406,0.411,0.629,0.58,0.48,0.959
2026,6,19,17,0.00571,0.192,-0.222,-0.194,0.0977,-0.092,0.29,-0.0583,-0.0886,-0.0101,0.00841,-0.0623,0.512
2026,6,19,18,0.179,0.47,0.0738,-0.0556,0.223,-0.162,0.0824,0.045,0.0411,0.256,0.241,0.131,0.705
2026,6,19,19,0.324,0.269,-0.307,0.0469,0.676,0.101,0.414,0.19,0.168,0.332,0.365,0.266,1.01
2026,6,19,20,0.372,0.901,0.242,0.488,0.233,-0.182,-0.00876,0.143,0.164,0.423,0.506,0.438,1.18
2026,6,19,21,0.295,0.569,-0.125,0.0954,0.45,0.0914,0.165,0.132,0.129,0.429,0.388,0.216,1.07
2026,6,19,22,0.158,0.194,0.0929,-0.0333,0.114,-0.309,-0.0849,0.0321,0.0483,0.263,0.21,0.0606,0.816
2026,6,19,23,1.57,2.52,1.17,1.51,1.11,0.987,1.89,1.41,1.37,1.83,1.79,1.72,2.03
2026,6,19,24,0.187,0.403,-0.0864,-0.0868,0.296,-0.208,0.353,0.143,0.121,0.268,0.185,0.0383,0.917
2026,6,19,25,0.122,0.0572,0.104,0.0478,0.0218,-0.101,0.669,0.0604,0.00241,0.165,0.121,0.0213,0.583
2026,6,19,26,0.13,0.169,0.0493,-0.0529,0.142,-0.135,0.0696,0.0648,0.0642,0.212,0.153,0.0318,0.752
2026,6,19,27,-0.0404,-0.00973,-0.274,-0.212,0.0395,-0.134,-0.109,-0.0724,-0.0683,-0.015,-0.0443,-0.147,0.559
2026,6,19,28,1.01,1.34,1.87,1.51,1.04,0.301,0.788,0.446,0.412,1.27,1.54,1.73,1.58
2026,6,19,29,0.274,0.534,-0.141,0.0891,0.206,-0.0338,0.241,0.336,0.349,0.4,0.222,0.00324,0.989
2026,6,19,30,1.27,2.15,0.563,0.99,0.698,0.768,1.75,1.41,1.37,1.16,1.11,0.978,1.41
2026,6,19,31,0.0772,0.378,0.0793,-0.0209,-0.0386,-0.0913,-0.0301,0.00371,0.00765,0.0111,0.0984,0.0401,0.796
2026,6,19,32,-0.144,-0.00383,-0.287,-0.214,-0.198,-0.423,-0.105,-0.17,-0.179,-0.0901,-0.145,-0.209,0.0292
2026,6,19,33,0.963,1.15,0.455,0.833,0.55,0.693,1.93,0.806,0.7,1.27,1.01,0.694,1.9
2026,6,19,34,0.296,0.0744,0.0887,0.209,0.161,0.0721,0.418,0.163,0.14,0.386,0.348,0.25,0.968
2026,6,19,35,0.427,0.772,0.436,0.166,0.35,-0.109,0.524,0.154,0.11,0.629,0.541,0.404,0.832
2026,6,19,36,0.13,0.0435,0.0906,-0.0703,0.255,0.00704,0.708,0.18,0.13,0.257,0.0892,-0.0399,0.503
2026,6,19,37,0.0182,0.173,-0.184,-0.25,0.394,-0.266,-0.0398,-0.029,-0.0276,0.173,0.0141,-0.168,0.883
2026,6,19,38,0.606,1.28,-0.0204,0.424,1.03,0.597,0.653,0.218,0.177,0.608,0.793,0.774,1.27
2026,6,19,39,-0.0329,0.175,-0.0333,-0.208,-0.163,-0.286,-0.0461,-0.0274,-0.0253,-0.000964,-0.0538,-0.149,0.306
2026,6,19,40,0.0219,0.125,0.0568,-0.0798,0.0506,-0.266,-0.0059,-0.11,-0.123,0.116,0.0991,-0.0118,0.607
2026,6,19,41,0.114,-0.0214,-0.113,-0.0506,0.198,0.205,0.76,0.167,0.103,0.19,0.0714,-0.137,0.804
2026,6,19,42,0.0696,0.141,-0.15,-0.209,0.159,-0.0704,0.311,0.14,0.123,0.159,0.0097,-0.15,0.428
2026,6,19,44,0.314,1.08,-0.027,0.00936,0.541,0.014,0.822,0.165,0.102,0.286,0.365,0.298,0.924
2026,6,19,45,0.523,0.869,0.307,0.492,0.41,0.0935,0.409,0.319,0.307,0.72,0.654,0.489,1.23
2026,6,19,46,1.06,1.88,0.638,1.07,1.36,1.49,1.75,0.562,0.471,0.96,1.31,1.3,2.03
2026,6,19,47,0.0137,0.316,-0.178,-0.12,-0.0126,-0.257,0.0675,-0.0299,-0.0409,0.12,0.0292,-0.11,0.555
2026,6,19,48,-0.00976,0.0497,-0.156,-0.286,0.168,-0.237,0.0247,-0.052,-0.0619,0.0997,-0.00138,-0.138,0.723
2026,6,19,49,0.0915,0.207,0.000443,-0.22,0.141,-0.109,0.0937,0.0466,0.0412,0.155,0.0972,0.0192,0.395
2026,6,19,50,1.57,2.84,1.87,1.51,0.916,0.517,1.7,1.41,1.37,1.83,1.79,1.85,2.03
2026,6,19,51,0.105,0.101,-0.174,-0.0904,0.44,0.0475,0.236,0.149,0.138,0.211,0.0693,-0.0798,0.775
2026,6,19,53,-0.0523,0.0502,-0.0812,-0.261,-0.00506,0.0662,0.699,0.0127,-0.0573,-0.0313,-0.102,-0.233,0.46
2026,6,19,54,1.17,1.51,0.916,0.758,1.69,0.551,1.7,0.791,0.715,1.28,1.35,1.17,1.98
2026,6,19,55,0.0235,0.0621,-0.0722,-0.253,0.201,-0.0806,0.103,-0.0272,-0.0412,0.127,0.0433,-0.0756,0.437
2026,6,19,56,0.932,2.84,0.712,0.139,1.08,0.65,1.92,0.886,0.774,1.14,0.871,0.892,0.47
2026,6,26,1,0.453,0.451,0.224,0.316,0.443,0.54,0.421,0.355,0.347,0.521,0.484,0.418,0.674
2026,6,26,2,0.423,1.77,0.454,0.0821,0.48,0.277,0.487,0.32,0.298,0.531,0.447,0.447,0.325
2026,6,26,4,-0.18,0.00888,-0.36,-0.32,-0.189,-0.45,-0.217,-0.258,-0.264,-0.141,-0.161,-0.247,0.263
2026,6,26,5,0.408,0.877,0.435,0.0489,0.348,0.0851,0.286,0.208,0.199,0.445,0.468,0.525,0.325
2026,6,26,6,-0.271,-0.205,-0.332,-0.431,-0.273,-0.331,-0.178,-0.286,-0.299,-0.227,-0.282,-0.368,0.0903
2026,6,26,8,-0.168,-0.0672,-0.285,-0.294,-0.222,-0.362,-0.0765,-0.194,-0.209,-0.142,-0.175,-0.272,0.371
2026,6,26,9,0.254,0.311,-0.0386,0.0524,0.481,0.0177,0.481,0.18,0.148,0.436,0.258,0.0823,0.795
2026,6,26,10,0.286,0.654,0.178,0.0556,0.0489,0.489,0.65,0.31,0.277,0.295,0.23,0.129,0.545
2026,6,26,11,-0.139,0.198,0.0531,-0.358,0.157,-0.188,-0.0704,-0.0881,-0.0903,-0.135,-0.168,-0.245,0.325
2026,6,26,12,0.153,0.25,-0.011,-0.0642,0.307,-0.0339,0.157,0.0374,0.0208,0.302,0.202,0.046,0.75
2026,6,26,13,0.0821,0.196,-0.047,-0.0417,0.252,-0.0173,0.0483,0.11,0.118,0.23,0.0434,-0.142,0.847
2026,6,26,15,0.274,0.492,0.14,0.352,0.359,0.172,0.408,0.0839,0.0363,0.453,0.425,0.399,0.469
2026,6,26,16,0.399,0.292,0.0518,-0.0142,0.272,-0.074,0.522,0.324,0.298,0.622,0.384,0.261,0.385
2026,6,26,17,0.0299,0.207,-0.161,-0.195,0.0624,-0.111,0.421,0.0302,-0.00384,0.0368,0.0019,-0.0773,0.41
2026,6,26,18,0.138,0.517,0.124,-0.0537,0.0199,-0.141,0.17,0.0584,0.0467,0.192,0.162,0.0563,0.559
2026,6,26,19,0.339,0.418,-0.382,0.194,0.627,0.0523,0.296,0.15,0.136,0.397,0.407,0.3,1.03
2026,6,26,20,0.279,0.7,0.183,0.256,0.168,-0.139,0.0158,0.0738,0.082,0.351,0.37,0.303,0.815
2026,6,26,21,0.219,0.631,0.022,0.104,0.287,-0.14,0.355,0.0981,0.0711,0.28,0.283,0.156,0.889
2026,6,26,22,0.18,0.157,0.12,0.054,0.172,-0.357,0.0283,0.00278,-0.000739,0.278,0.228,0.085,0.809
2026,6,26,23,1.57,2.83,0.945,1.51,1.12,1.21,1.84,1.41,1.37,1.83,1.79,1.56,2.03
2026,6,26,24,0.0807,0.0921,-0.209,-0.0868,0.152,-0.221,0.0395,0.0225,0.0207,0.188,0.0876,-0.0439,0.671
2026,6,26,25,0.0648,0.126,-0.0199,-0.0834,0.0394,-0.0962,0.25,-0.0131,-0.0381,0.148,0.0716,-0.0388,0.524
2026,6,26,26,0.0511,0.217,-0.14,-0.129,0.0486,-0.331,0.0347,-0.0297,-0.0377,0.167,0.0727,-0.0638,0.666
2026,6,26,27,0.00797,-0.0232,-0.277,-0.155,0.0000957,0.104,0.177,0.0646,0.0518,0.0152,-0.05,-0.161,0.481
2026,6,26,28,0.983,1.41,1.74,1.43,0.838,0.154,0.501,0.491,0.49,1.21,1.42,1.46,1.87
2026,6,26,29,0.204,0.225,-0.128,0.0426,0.196,-0.0571,0.0989,0.189,0.201,0.346,0.189,0.0301,0.669
2026,6,26,30,1.26,2.31,0.757,1.0,0.58,1.26,1.92,1.41,1.37,1.32,1.09,0.997,1.01
2026,6,26,31,0.106,0.332,0.0488,0.0545,-0.00272,-0.0228,0.173,0.0151,-0.00319,0.0923,0.122,0.083,0.48
2026,6,26,32,-0.101,0.0805,-0.364,-0.256,-0.0432,-0.326,-0.227,-0.126,-0.113,-0.0425,-0.123,-0.227,0.198
2026,6,26,33,1.11,0.928,0.562,0.969,0.879,0.586,1.6,0.925,0.862,1.21,1.14,0.75,2.03
2026,6,26,34,0.196,0.0689,-0.049,-0.0101,0.148,0.0237,0.331,0.119,0.0997,0.328,0.209,0.0725,0.876
2026,6,26,35,0.368,0.9,0.436,0.199,0.322,-0.0416,0.205,0.12,0.11,0.547,0.447,0.301,0.745
2026,6,26,36,0.173,0.189,0.134,-0.0458,0.283,0.0973,0.79,0.253,0.202,0.274,0.113,-0.0249,0.593
2026,6,26,37,0.0237,0.192,-0.126,-0.22,0.314,-0.0684,-0.0234,-0.0277,-0.0283,0.219,0.0216,-0.155,0.731
2026,6,26,38,0.587,1.39,0.0146,0.566,1.0,0.683,1.01,0.33,0.266,0.688,0.708,0.676,0.863
2026,6,26,39,-0.0472,0.152,-0.0398,-0.214,-0.19,-0.167,0.00118,-0.0252,-0.0281,0.00534,-0.0764,-0.174,0.204
2026,6,26,40,0.0442,0.358,0.106,-0.0554,-0.00654,-0.127,0.0442,-0.0888,-0.105,0.18,0.0921,-0.0417,0.492
2026,6,26,41,0.0165,-0.0411,-0.0923,-0.201,0.064,0.196,0.567,0.0966,0.0457,0.0658,-0.0445,-0.219,0.54
2026,6,26,42,0.0354,0.207,-0.0928,-0.259,0.116,-0.107,0.226,0.0564,0.0398,0.0946,-0.014,-0.144,0.361
2026,6,26,44,0.478,1.05,0.302,0.0655,0.647,0.461,1.29,0.359,0.27,0.616,0.494,0.308,1.24
2026,6,26,45,0.566,1.09,0.432,0.447,0.424,0.455,0.367,0.398,0.402,0.799,0.669,0.435,1.38
2026,6,26,46,0.952,1.46,0.867,0.907,1.41,1.02,1.52,0.493,0.415,1.04,1.18,1.18,1.52
2026,6,26,47,0.0235,0.296,-0.169,-0.122,-0.0336,-0.15,0.225,-0.0276,-0.0561,0.152,0.036,-0.109,0.513
2026,6,26,48,0.00521,0.136,-0.167,-0.266,0.12,-0.17,-0.0303,-0.0217,-0.0206,0.116,-0.0022,-0.144,0.699
2026,6,26,49,0.138,0.405,-0.0031,-0.171,0.134,-0.153,0.163,0.0638,0.0526,0.212,0.166,0.0714,0.617
2026,6,26,50,1.57,2.84,1.87,1.51,0.685,0.3,1.75,1.41,1.37,1.83,1.79,1.74,2.03
2026,6,26,51,0.107,0.121,-0.141,-0.0747,0.386,-0.0297,0.157,0.128,0.125,0.296,0.0665,-0.1,0.672
2026,6,26,53,-0.0518,0.235,-0.101,-0.259,-0.0000778,-0.0506,0.334,-0.0482,-0.0872,0.0332,-0.0825,-0.216,0.371
2026,6,26,54,0.972,1.54,1.49,0.809,0.781,0.469,1.24,0.678,0.631,1.07,1.12,1.02,1.5
2026,6,26,55,0.0273,0.102,-0.186,-0.24,0.112,0.136,0.0978,-0.013,-0.0249,0.176,0.0356,-0.0976,0.336
2026,6,26,56,0.896,2.84,0.993,0.253,0.51,0.556,2.02,0.975,0.863,1.09,0.796,0.938,0.0819
2026,7,3,1,0.384,0.272,0.353,0.181,0.3,0.101,0.291,0.284,0.283,0.609,0.448,0.35,0.481
2026,7,3,2,0.505,1.6,0.735,0.19,0.502,0.0426,0.778,0.419,0.373,0.542,0.534,0.652,0.251
2026,7,3,4,-0.214,-0.0539,-0.4,-0.348,-0.193,-0.503,-0.363,-0.297,-0.288,-0.176,-0.181,-0.255,0.216
2026,7,3,5,0.323,0.74,0.763,0.0336,0.101,-0.017,0.225,0.281,0.287,0.386,0.32,0.316,0.179
2026,7,3,6,-0.308,-0.304,-0.441,-0.467,-0.255,-0.399,-0.239,-0.326,-0.336,-0.276,-0.319,-0.403,0.0748
2026,7,3,8,-0.258,-0.134,-0.357,-0.409,-0.278,-0.357,-0.155,-0.286,-0.303,-0.226,-0.255,-0.335,0.184
2026,7,3,9,0.139,0.235,-0.169,-0.104,0.473,-0.261,0.154,0.142,0.14,0.308,0.114,-0.0498,0.552
2026,7,3,10,0.406,0.848,0.269,0.272,-0.0349,-0.0106,0.467,0.445,0.443,0.241,0.359,0.405,0.36
2026,7,3,11,-0.193,0.127,0.0467,-0.37,-0.151,-0.376,-0.183,-0.138,-0.132,-0.157,-0.219,-0.283,0.133
2026,7,3,12,0.194,0.283,0.0612,0.00253,0.294,-0.0496,0.11,0.065,0.0588,0.345,0.259,0.0326,1.25
2026,7,3,13,0.0391,0.0452,-0.114,-0.0974,0.205,-0.117,0.0346,0.0553,0.0578,0.167,0.013,-0.138,0.66
2026,7,3,15,0.453,0.292,0.327,0.568,0.463,0.172,0.858,0.29,0.207,0.555,0.573,0.549,0.727
2026,7,3,16,0.709,0.786,0.173,0.0825,0.25,0.307,0.671,0.632,0.627,0.829,0.729,0.675,0.742
2026,7,3,17,0.00385,0.174,-0.25,-0.213,0.0177,-0.122,0.191,-0.065,-0.0873,-0.0455,0.0209,-0.0188,0.463
2026,7,3,18,0.0611,0.221,0.0614,-0.188,0.0398,-0.169,0.128,-0.0085,-0.0228,0.123,0.0914,0.00956,0.376
2026,7,3,19,0.289,0.316,-0.385,0.0188,0.77,0.0845,0.433,0.143,0.115,0.395,0.357,0.235,0.925
2026,7,3,20,0.343,0.686,0.281,0.348,0.199,-0.155,0.0543,0.182,0.2,0.342,0.425,0.412,0.784
2026,7,3,21,0.187,0.417,0.0115,0.0794,0.182,-0.121,0.192,0.0859,0.0746,0.267,0.249,0.133,0.738
2026,7,3,22,0.176,0.117,0.0607,-0.0326,0.00153,-0.331,-0.0329,0.0652,0.0787,0.254,0.208,0.0724,0.767
2026,7,3,23,1.57,2.67,0.969,1.51,0.85,1.09,2.14,1.41,1.37,1.81,1.79,1.85,2.03
2026,7,3,24,0.267,0.243,-0.138,-0.0538,0.28,-0.17,0.156,0.171,0.173,0.294,0.29,0.172,1.04
2026,7,3,25,0.0508,0.113,-0.0108,-0.131,-0.00608,-0.0315,0.375,0.00253,-0.033,0.113,0.0519,-0.0445,0.46
2026,7,3,26,0.0171,-0.0633,-0.131,-0.179,-0.0662,-0.174,0.144,0.0712,0.0622,0.0973,-0.0246,-0.144,0.368
2026,7,3,27,-0.0336,-0.0366,-0.264,-0.212,0.0805,-0.0152,0.0344,-0.0499,-0.0595,0.0366,-0.0528,-0.166,0.41
2026,7,3,28,0.867,0.922,1.87,1.35,0.445,0.245,0.479,0.426,0.421,0.905,1.3,1.59,1.31
2026,7,3,29,0.258,0.343,-0.0986,0.0242,0.133,0.0653,0.201,0.311,0.327,0.383,0.213,0.0331,0.777
2026,7,3,30,1.2,2.53,1.0,0.939,0.593,0.546,1.19,1.32,1.34,1.04,1.12,1.14,1.2
2026,7,3,31,0.057,0.292,0.101,-0.0366,-0.00381,-0.141,-0.0247,-0.0254,-0.0255,-0.0628,0.0962,0.0551,0.962
2026,7,3,32,-0.157,0.00639,-0.333,-0.228,-0.224,-0.376,-0.159,-0.154,-0.153,-0.138,-0.179,-0.263,0.146
2026,7,3,33,0.876,0.846,0.365,0.696,0.54,0.214,1.28,0.727,0.675,0.946,0.911,0.701,1.89
2026,7,3,34,0.154,-0.106,-0.0475,-0.126,0.161,-0.143,0.158,0.148,0.147,0.264,0.152,0.0422,0.644
2026,7,3,35,0.429,0.742,0.782,0.323,0.211,0.0262,0.179,0.223,0.229,0.546,0.512,0.385,0.865
2026,7,3,36,0.239,-0.0453,0.0452,0.0831,0.21,-0.0965,0.593,0.292,0.264,0.313,0.195,0.0856,0.603
2026,7,3,37,-0.0414,0.104,-0.197,-0.319,0.185,-0.257,-0.0808,-0.0263,-0.019,0.138,-0.0666,-0.244,0.629
2026,7,3,38,0.878,1.54,0.271,0.456,1.69,0.295,0.511,0.348,0.333,0.623,1.21,1.78,0.569
2026,7,3,39,-0.0636,0.0464,-0.0838,-0.233,-0.182,-0.207,0.00497,-0.0405,-0.0456,-0.0339,-0.0958,-0.185,0.201
2026,7,3,40,0.0445,0.188,0.146,-0.0419,0.12,-0.33,-0.103,-0.0641,-0.0594,0.106,0.0901,-0.0233,0.615
2026,7,3,41,-0.0101,-0.104,-0.0272,-0.231,0.0975,0.14,0.379,0.0498,0.0141,0.108,-0.0304,-0.199,0.45
2026,7,3,42,0.0369,0.122,-0.133,-0.278,0.144,-0.118,0.234,0.0984,0.0851,0.12,-0.0156,-0.135,0.238
2026,7,3,44,0.349,1.03,0.15,0.00936,0.573,0.0858,0.931,0.214,0.145,0.294,0.384,0.289,1.12
2026,7,3,45,0.481,0.9,0.372,0.273,0.318,0.146,0.312,0.34,0.344,0.7,0.58,0.369,1.21
2026,7,3,46,0.986,1.58,0.981,1.18,0.924,0.545,1.09,0.483,0.437,1.0,1.24,1.39,1.26
2026,7,3,47,-0.00716,0.279,-0.149,-0.176,-0.109,-0.213,0.0773,-0.0224,-0.0336,0.0811,-0.00891,-0.126,0.39
2026,7,3,48,-0.0804,-0.00372,-0.239,-0.35,0.0309,-0.298,-0.0908,-0.0714,-0.0689,0.0186,-0.0992,-0.238,0.578
2026,7,3,49,0.0724,0.454,-0.101,-0.203,0.0277,-0.0726,0.181,-0.00353,-0.0243,0.124,0.106,0.0494,0.413
2026,7,3,50,1.57,2.84,1.87,1.51,0.89,1.15,2.14,1.41,1.37,1.83,1.79,1.85,2.03
2026,7,3,51,0.0904,0.00907,-0.154,-0.149,0.31,0.0877,0.159,0.214,0.221,0.243,0.0231,-0.136,0.595
2026,7,3,53,-0.128,0.0975,-0.158,-0.381,-0.0561,-0.0798,0.15,-0.101,-0.126,-0.0658,-0.156,-0.278,0.302
2026,7,3,54,1.1,1.94,0.787,1.02,0.823,1.11,2.02,0.986,0.899,1.07,1.17,1.21,1.21
2026,7,3,55,-0.0286,-0.0451,-0.268,-0.294,0.0548,-0.103,0.0589,-0.0445,-0.0556,0.0888,-0.0257,-0.131,0.201
2026,7,3,56,1.1,2.84,0.873,0.378,0.89,1.4,2.05,1.13,1.03,1.1,1.03,1.27,0.394
2026,7,10,1,0.444,0.406,0.299,0.241,0.354,0.737,0.524,0.39,0.374,0.583,0.47,0.398,0.506
2026,7,10,2,0.448,1.98,0.115,0.0782,0.64,0.149,0.761,0.6,0.579,0.537,0.393,0.381,0.209
2026,7,10,4,-0.204,-0.0555,-0.416,-0.353,-0.154,-0.538,-0.365,-0.279,-0.266,-0.179,-0.18,-0.256,0.24
2026,7,10,5,0.34,0.965,0.529,0.0806,0.285,0.051,0.378,0.261,0.248,0.448,0.345,0.343,0.119
2026,7,10,6,-0.314,-0.217,-0.427,-0.502,-0.263,-0.388,-0.267,-0.304,-0.309,-0.255,-0.334,-0.421,-0.00907
2026,7,10,8,-0.181,-0.0918,-0.344,-0.327,-0.0684,-0.344,-0.188,-0.255,-0.263,-0.154,-0.166,-0.252,0.386
2026,7,10,9,0.205,0.384,-0.189,0.00236,0.543,-0.223,0.257,0.174,0.165,0.312,0.18,0.000517,0.852
2026,7,10,10,0.26,0.73,0.118,-0.021,0.181,0.255,0.7,0.321,0.285,0.251,0.185,0.11,0.393
2026,7,10,11,-0.158,0.351,-0.159,-0.379,-0.0692,-0.249,0.061,-0.179,-0.209,-0.134,-0.164,-0.227,0.237
2026,7,10,12,0.13,0.268,-0.0205,-0.107,0.199,-0.0248,0.116,0.0854,0.0812,0.248,0.137,-0.00674,0.582
2026,7,10,13,0.0861,0.197,-0.0318,-0.0768,0.294,0.0546,0.072,0.126,0.132,0.275,0.0459,-0.111,0.491
2026,7,10,15,0.275,0.3,0.105,0.237,0.181,0.326,0.408,0.188,0.155,0.467,0.356,0.287,0.364
2026,7,10,16,0.587,0.456,-0.0279,0.104,0.36,0.105,0.317,0.599,0.636,0.81,0.538,0.394,0.561
2026,7,10,17,-0.0098,0.194,-0.259,-0.315,0.13,-0.0788,0.299,0.00309,-0.0227,0.00426,-0.0513,-0.16,0.484
2026,7,10,18,0.179,0.616,0.00207,-0.148,0.155,-0.0358,0.249,0.0772,0.0593,0.218,0.223,0.121,0.715
2026,7,10,19,0.421,0.615,-0.345,0.112,0.77,0.0973,0.485,0.271,0.25,0.572,0.477,0.326,1.03
2026,7,10,20,0.456,0.946,0.191,0.419,0.179,-0.0121,0.264,0.39,0.408,0.49,0.489,0.397,1.0
2026,7,10,21,0.308,0.458,0.0178,0.0817,0.528,-0.168,0.243,0.201,0.197,0.353,0.35,0.244,0.835
2026,7,10,22,0.204,0.326,-0.0359,-0.0262,0.0664,-0.274,-0.0482,0.0484,0.0618,0.432,0.282,0.157,0.451
2026,7,10,23,1.54,2.84,0.406,1.51,0.836,0.705,1.08,1.41,1.37,1.69,1.52,1.28,2.03
2026,7,10,24,0.0422,-0.071,-0.289,-0.185,0.19,-0.213,0.103,0.00797,-0.00198,0.108,0.0369,-0.0892,0.666
2026,7,10,25,-0.0184,0.146,-0.0174,-0.21,0.00343,-0.0757,0.301,-0.0565,-0.0907,0.0179,-0.0317,-0.139,0.467
2026,7,10,26,0.0458,0.165,-0.109,-0.206,0.0952,-0.32,0.0482,0.00173,-0.004,0.184,0.0571,-0.0865,0.591
2026,7,10,27,-0.00122,-0.0196,-0.373,-0.184,0.129,-0.0378,-0.00954,-0.00991,-0.00995,0.0621,-0.0277,-0.162,0.578
2026,7,10,28,0.984,1.54,1.58,1.42,0.818,0.276,0.831,0.566,0.539,1.08,1.38,1.65,1.17
2026,7,10,29,0.301,0.511,-0.189,0.0789,0.335,-0.111,0.26,0.287,0.291,0.462,0.282,0.114,0.748
2026,7,10,30,1.15,2.61,0.589,0.811,0.654,0.411,1.26,1.28,1.28,1.18,1.06,1.06,0.865
2026,7,10,31,0.0844,0.351,-0.0701,0.014,-0.0397,-0.0989,0.282,0.034,0.0051,0.000528,0.083,0.0434,0.646
2026,7,10,32,-0.174,0.223,-0.338,-0.332,-0.228,-0.357,-0.266,-0.201,-0.193,-0.133,-0.181,-0.263,0.115
2026,7,10,33,0.704,1.18,0.118,0.616,0.375,0.738,1.06,0.616,0.574,0.711,0.679,0.52,1.41
2026,7,10,34,-0.0111,-0.0349,-0.114,-0.284,0.0792,-0.171,0.00141,-0.0185,-0.0203,0.0854,-0.0262,-0.142,0.508
2026,7,10,35,0.478,0.997,0.436,0.256,0.465,0.00154,0.251,0.232,0.23,0.641,0.591,0.487,0.839
2026,7,10,36,0.15,0.118,0.0742,-0.0547,0.224,-0.14,0.568,0.179,0.142,0.223,0.11,0.0105,0.467
2026,7,10,37,0.0151,0.136,-0.115,-0.287,0.216,-0.0586,-0.000683,0.0257,0.0293,0.174,-0.012,-0.179,0.655
2026,7,10,38,0.442,1.39,-0.0204,0.19,0.499,0.597,0.636,0.241,0.204,0.315,0.528,0.718,0.353
2026,7,10,39,-0.054,0.146,-0.082,-0.22,-0.206,-0.202,0.0352,-0.0142,-0.0196,-0.0188,-0.0922,-0.176,0.139
2026,7,10,40,0.071,0.338,0.136,-0.071,0.0706,-0.177,-0.1,-0.00454,0.00684,0.212,0.106,-0.0169,0.395
2026,7,10,41,0.00335,-0.0898,-0.224,-0.259,0.165,0.305,0.459,0.0612,0.0181,0.0994,-0.0273,-0.173,0.371
2026,7,10,42,0.0394,0.194,-0.201,-0.221,0.102,-0.111,0.258,0.115,0.101,0.072,-0.0258,-0.128,0.239
2026,7,10,44,0.249,0.943,-0.0227,-0.0671,0.269,0.261,0.931,0.115,0.0368,0.257,0.271,0.197,0.718
2026,7,10,45,0.49,1.13,0.277,0.247,0.217,0.198,0.187,0.318,0.336,0.676,0.602,0.477,0.97
2026,7,10,46,1.0,1.62,0.343,1.13,1.17,1.24,2.14,0.621,0.479,0.913,1.19,1.35,1.27
2026,7,10,47,0.0219,0.302,-0.245,-0.101,-0.0699,-0.282,0.0692,-0.0178,-0.0275,0.11,0.034,-0.0787,0.455
2026,7,10,48,-0.0291,0.129,-0.188,-0.3,0.0707,-0.208,-0.0837,-0.025,-0.0173,0.0804,-0.0469,-0.183,0.57
2026,7,10,49,0.148,0.369,-0.168,-0.228,0.426,-0.0423,0.177,0.0624,0.0495,0.239,0.173,0.0861,0.493
2026,7,10,50,1.57,2.84,1.87,1.51,0.663,0.951,2.14,1.41,1.37,1.83,1.79,1.85,2.02
2026,7,10,51,0.0421,0.0582,-0.114,-0.215,0.236,-0.09,0.0621,0.117,0.123,0.184,-0.0114,-0.135,0.367
2026,7,10,53,-0.127,0.124,-0.21,-0.339,-0.127,-0.1,0.128,-0.0789,-0.1,-0.101,-0.164,-0.254,0.185
2026,7,10,54,1.03,1.39,0.846,0.575,0.629,1.22,2.14,0.943,0.83,1.05,1.05,1.05,1.05
2026,7,10,55,0.0221,0.0941,-0.249,-0.268,0.0284,0.0944,0.0348,0.0211,0.0197,0.118,0.0101,-0.104,0.303
2026,7,10,56,0.888,2.84,0.338,0.168,0.794,0.556,1.37,0.945,0.9,0.806,0.785,1.02,0.211
2026,7,17,1,0.553,0.461,0.436,0.361,0.617,0.135,0.507,0.428,0.419,0.712,0.617,0.546,0.688
2026,7,17,2,0.601,2.28,0.42,0.232,0.643,-0.117,0.607,0.576,0.572,0.722,0.58,0.616,0.288
2026,7,17,4,-0.132,0.00888,-0.321,-0.299,-0.0475,-0.504,-0.354,-0.25,-0.235,-0.042,-0.0903,-0.183,0.285
2026,7,17,5,0.582,1.04,1.04,0.357,0.619,0.0586,0.268,0.397,0.411,0.711,0.64,0.57,0.718
2026,7,17,6,-0.274,-0.21,-0.359,-0.454,-0.21,-0.41,-0.239,-0.306,-0.314,-0.175,-0.276,-0.382,0.101
2026,7,17,8,-0.0795,0.052,-0.232,-0.339,0.158,-0.235,-0.145,-0.179,-0.184,0.00568,-0.0553,-0.154,0.407
2026,7,17,9,0.372,0.408,0.156,0.0961,0.781,-0.257,0.33,0.197,0.183,0.619,0.422,0.192,1.21
2026,7,17,10,0.531,0.869,0.315,0.25,0.531,0.17,0.533,0.282,0.258,0.637,0.6,0.508,0.93
2026,7,17,11,-0.0421,0.231,0.266,-0.307,0.129,-0.223,0.0235,-0.0974,-0.112,0.0173,-0.0427,-0.133,0.506
2026,7,17,12,0.21,0.336,0.011,-0.0186,0.316,-0.144,0.0925,0.0884,0.0879,0.4,0.266,0.0688,0.933
2026,7,17,13,0.167,0.264,0.0152,-0.0534,0.651,-0.206,0.00592,0.153,0.171,0.425,0.157,-0.0442,0.813
2026,7,17,15,0.493,0.277,0.0994,0.484,0.586,0.437,0.566,0.273,0.23,0.733,0.671,0.576,0.923
2026,7,17,16,0.715,0.407,0.119,0.0909,0.468,0.142,0.522,0.623,0.637,0.788,0.725,0.662,0.877
2026,7,17,17,0.0426,0.247,-0.103,-0.235,0.18,-0.179,0.153,-0.0142,-0.0288,0.0854,0.0377,-0.0495,0.46
2026,7,17,18,0.223,0.645,0.288,-0.086,0.238,-0.15,0.163,0.0627,0.0523,0.387,0.302,0.158,0.718
2026,7,17,19,0.463,0.535,-0.334,0.143,1.0,0.226,0.65,0.267,0.229,0.565,0.536,0.413,1.12
2026,7,17,20,0.542,0.964,0.278,0.644,0.422,-0.155,0.205,0.281,0.291,0.563,0.693,0.634,1.48
2026,7,17,21,0.321,0.626,0.0787,0.0788,0.473,-0.169,0.202,0.147,0.141,0.449,0.423,0.275,1.04
2026,7,17,22,0.289,0.265,0.301,0.1,0.367,-0.361,-0.131,0.0744,0.103,0.524,0.393,0.22,0.872
2026,7,17,23,1.57,2.84,0.781,1.51,1.59,1.83,2.14,1.41,1.37,1.83,1.79,1.85,2.03
2026,7,17,24,0.243,0.19,0.0222,-0.108,0.45,-0.301,0.248,0.123,0.11,0.401,0.273,0.113,0.965
2026,7,17,25,0.0939,0.18,0.327,-0.0996,0.132,-0.176,0.337,0.0311,0.00186,0.14,0.0927,-0.00626,0.547
2026,7,17,26,0.155,0.249,-0.0655,-0.063,0.288,-0.254,0.26,0.112,0.094,0.318,0.165,-0.00716,0.803
2026,7,17,27,0.11,0.0469,-0.233,-0.0905,0.278,0.1,0.116,0.102,0.101,0.192,0.0864,-0.055,0.686
2026,7,17,28,1.07,1.52,1.87,1.41,0.847,0.161,0.616,0.574,0.569,1.1,1.55,1.85,1.68
2026,7,17,29,0.371,0.508,-0.066,0.179,0.413,-0.0478,0.168,0.308,0.327,0.533,0.39,0.237,0.867
2026,7,17,30,1.4,2.83,0.713,0.985,0.985,1.17,1.54,1.41,1.37,1.5,1.33,1.21,1.38
2026,7,17,31,0.146,0.323,-0.0762,0.147,0.145,-0.11,0.167,0.0454,0.0312,0.0945,0.186,0.11,1.01
2026,7,17,32,-0.0713,0.211,-0.266,-0.238,-0.208,-0.362,-0.248,-0.131,-0.115,0.0557,-0.0564,-0.185,0.296
2026,7,17,33,0.972,1.05,0.607,1.01,0.768,1.08,1.58,0.873,0.806,1.1,0.983,0.785,1.67
2026,7,17,34,0.0772,0.111,0.0464,-0.21,0.217,-0.145,0.262,0.0124,-0.00974,0.275,0.094,-0.0659,0.75
2026,7,17,35,0.489,0.9,0.484,0.304,0.418,-0.0909,0.14,0.163,0.166,0.748,0.633,0.503,0.851
2026,7,17,36,0.184,0.217,0.223,-0.0558,0.444,-0.0779,0.593,0.194,0.156,0.305,0.154,0.0217,0.622
2026,7,17,37,0.0834,0.249,-0.126,-0.218,0.453,-0.261,-0.0171,0.0268,0.0327,0.32,0.0916,-0.0825,0.684
2026,7,17,38,0.673,1.43,0.12,0.315,1.0,0.971,0.76,0.434,0.403,0.756,0.8,0.889,0.595
2026,7,17,39,0.0249,0.248,0.00951,-0.159,-0.129,-0.156,0.0182,0.03,0.0313,0.0886,0.0101,-0.0842,0.284
2026,7,17,40,0.157,0.371,0.101,0.0401,0.386,-0.345,-0.0236,-0.0158,-0.0149,0.263,0.245,0.148,0.683
2026,7,17,41,0.134,0.163,0.118,-0.147,0.293,0.0671,0.266,0.122,0.106,0.275,0.133,-0.0653,0.752
2026,7,17,42,0.191,0.399,0.165,-0.15,0.226,0.0339,0.421,0.193,0.171,0.315,0.159,0.0121,0.503
2026,7,17,44,0.359,1.26,-0.00973,0.0437,0.422,0.198,0.761,0.264,0.216,0.569,0.383,0.174,1.1
2026,7,17,45,0.65,1.19,0.384,0.5,0.633,-0.0199,0.217,0.38,0.403,0.973,0.841,0.608,1.54
2026,7,17,46,1.13,2.01,0.41,1.14,1.6,1.36,1.81,0.576,0.483,1.35,1.43,1.5,1.34
2026,7,17,47,0.107,0.529,-0.0334,-0.153,0.209,-0.281,-0.0496,-0.00954,-0.00503,0.202,0.17,0.0894,0.546
2026,7,17,48,0.0247,0.111,-0.0793,-0.294,0.234,-0.359,-0.161,-0.0457,-0.0307,0.18,0.0433,-0.128,0.913
2026,7,17,49,0.239,0.47,-0.0652,-0.166,0.423,-0.147,0.167,0.144,0.141,0.372,0.274,0.119,0.929
2026,7,17,50,1.57,2.84,1.87,1.51,0.868,1.83,2.01,1.41,1.37,1.83,1.79,1.85,2.03
2026,7,17,51,0.108,0.116,-0.0418,-0.107,0.361,-0.0722,0.0189,0.157,0.175,0.305,0.0678,-0.0975,0.641
2026,7,17,53,-0.0371,0.128,0.173,-0.28,0.0874,-0.0938,0.135,-0.054,-0.0733,0.0423,-0.0446,-0.184,0.52
2026,7,17,54,1.16,1.61,1.23,0.742,1.02,0.714,1.35,0.789,0.742,1.25,1.36,1.44,1.32
2026,7,17,55,0.116,0.21,-0.196,-0.186,0.394,-0.107,0.118,0.0333,0.0242,0.275,0.155,0.0472,0.379
2026,7,17,56,1.11,2.84,0.659,0.358,1.14,0.416,1.28,0.993,0.962,1.56,1.14,1.16,0.562
2026,7,24,1,0.39,0.466,0.406,0.267,0.304,0.135,0.106,0.24,0.255,0.527,0.462,0.376,0.667
2026,7,24,2,0.483,1.41,0.758,0.208,0.53,-0.266,0.316,0.467,0.487,0.545,0.499,0.573,0.263
2026,7,24,4,-0.227,0.0064,-0.414,-0.352,-0.188,-0.528,-0.312,-0.322,-0.323,-0.16,-0.199,-0.3,0.246
2026,7,24,5,0.584,0.916,1.36,0.44,0.616,-0.0699,0.666,0.309,0.27,0.678,0.707,0.713,0.751
2026,7,24,6,-0.343,-0.213,-0.482,-0.537,-0.288,-0.475,-0.299,-0.347,-0.352,-0.265,-0.357,-0.457,0.011
2026,7,24,8,-0.22,-0.0538,-0.327,-0.385,-0.156,-0.42,-0.255,-0.299,-0.304,-0.152,-0.201,-0.307,0.347
2026,7,24,9,0.171,0.238,-0.0589,-0.00062,0.354,-0.352,0.408,0.088,0.0539,0.361,0.184,-0.0233,0.897
2026,7,24,10,0.219,0.578,0.0475,0.0467,-0.0796,0.0532,0.333,0.158,0.141,0.204,0.2,0.123,0.521
2026,7,24,11,-0.151,0.277,0.037,-0.379,0.00629,-0.162,-0.0798,-0.109,-0.112,-0.0729,-0.169,-0.236,0.155
2026,7,24,12,0.0765,0.198,-0.139,-0.0641,0.141,-0.222,-0.0925,-0.068,-0.0646,0.174,0.137,-0.046,1.04
2026,7,24,13,0.0235,0.128,-0.142,-0.132,0.364,-0.201,-0.0327,-0.0225,-0.0212,0.198,0.0273,-0.157,0.874
2026,7,24,15,0.32,0.238,0.228,0.393,0.469,0.0769,0.258,0.131,0.112,0.448,0.5,0.474,0.751
2026,7,24,16,0.454,0.236,0.039,-0.0976,0.439,0.067,0.41,0.417,0.418,0.602,0.428,0.329,0.471
2026,7,24,17,-0.136,0.0179,-0.336,-0.361,0.0341,-0.232,0.056,-0.191,-0.213,-0.0882,-0.127,-0.226,0.398
2026,7,24,18,0.0941,0.363,0.148,-0.117,0.0235,-0.136,0.046,-0.0423,-0.0515,0.125,0.153,0.0438,0.741
2026,7,24,19,0.331,0.26,-0.397,0.121,0.703,0.0877,0.456,0.149,0.12,0.36,0.412,0.288,1.26
2026,7,24,20,0.332,0.83,0.153,0.335,0.211,-0.111,0.233,0.194,0.188,0.374,0.4,0.328,0.89
2026,7,24,21,0.241,0.296,0.0682,0.143,0.34,-0.229,0.00593,0.0626,0.0686,0.368,0.339,0.207,0.877
2026,7,24,22,0.361,0.109,0.43,0.112,0.713,-0.273,-0.109,0.115,0.145,0.402,0.484,0.417,1.09
2026,7,24,23,1.57,2.31,0.633,1.51,1.16,0.962,1.67,1.41,1.37,1.83,1.79,1.49,2.03
2026,7,24,24,0.153,0.194,-0.024,-0.207,0.243,-0.327,0.0176,0.0186,0.0187,0.131,0.183,0.0472,1.21
2026,7,24,25,-0.0434,0.0206,0.0914,-0.23,-0.016,-0.091,0.335,-0.0862,-0.126,0.0185,-0.0503,-0.154,0.381
2026,7,24,26,-0.0335,0.138,-0.113,-0.248,-0.0289,-0.399,0.148,-0.0876,-0.117,0.0736,-0.0201,-0.165,0.63
2026,7,24,27,-0.012,-0.107,-0.316,-0.166,0.149,-0.12,0.13,-0.0219,-0.039,0.0152,-0.0333,-0.176,0.772
2026,7,24,28,0.826,1.07,1.87,1.17,0.637,-0.0315,0.314,0.263,0.258,0.937,1.33,1.56,1.59
2026,7,24,29,0.244,0.403,-0.178,0.0912,0.225,-0.171,0.109,0.257,0.278,0.342,0.217,0.0292,0.962
2026,7,24,30,1.19,2.14,0.837,0.937,0.676,0.681,1.35,1.31,1.31,1.17,1.1,1.01,1.28
2026,7,24,31,0.0814,0.375,0.155,-0.00621,-0.055,0.0266,0.0959,-0.0431,-0.0593,0.0449,0.141,0.0765,0.913
2026,7,24,32,-0.173,0.037,-0.315,-0.291,-0.208,-0.415,-0.23,-0.238,-0.239,-0.0939,-0.161,-0.253,0.131
2026,7,24,33,1.12,1.26,0.247,0.864,0.89,0.708,1.7,0.857,0.778,1.29,1.2,0.861,2.03
2026,7,24,34,-0.0207,0.0297,-0.0832,-0.295,0.125,-0.252,0.0674,-0.0694,-0.0816,0.132,-0.0107,-0.153,0.626
2026,7,24,35,0.489,0.542,0.374,0.322,0.785,-0.248,0.375,0.0618,0.0248,0.496,0.688,0.691,1.02
2026,7,24,36,0.0777,0.144,0.146,-0.195,0.326,-0.147,0.539,0.0885,0.0453,0.157,0.0388,-0.099,0.615
2026,7,24,37,-0.0318,0.149,-0.089,-0.312,0.177,-0.21,-0.0416,-0.0728,-0.077,0.118,-0.0369,-0.213,0.803
2026,7,24,38,0.541,1.02,0.0262,0.451,0.534,0.424,0.849,0.272,0.217,0.424,0.691,0.768,1.02
2026,7,24,39,-0.109,0.13,-0.0844,-0.254,-0.257,-0.314,0.132,-0.0925,-0.117,-0.0733,-0.131,-0.222,0.187
2026,7,24,40,0.0632,0.31,0.0914,-0.0985,0.111,-0.298,0.0737,-0.0531,-0.0682,0.209,0.113,-0.00658,0.417
2026,7,24,41,0.022,-0.0135,-0.0874,-0.197,0.0834,-0.0725,0.379,0.0134,-0.0262,0.0977,0.0205,-0.134,0.59
2026,7,24,42,0.0768,0.196,-0.00917,-0.244,0.24,-0.116,0.391,0.0832,0.0531,0.163,0.0512,-0.103,0.537
2026,7,24,44,0.248,0.821,0.0638,-0.053,0.375,0.0459,0.73,0.125,0.0665,0.346,0.272,0.111,0.988
2026,7,24,45,0.431,0.851,0.378,0.273,0.443,-0.00662,0.145,0.184,0.189,0.654,0.576,0.388,1.22
2026,7,24,46,1.01,1.63,0.924,1.09,1.1,0.727,1.38,0.466,0.397,1.03,1.34,1.24,2.03
2026,7,24,47,-0.0234,0.251,-0.0913,-0.117,-0.112,-0.381,-0.199,-0.16,-0.155,0.118,0.0368,-0.112,0.655
2026,7,24,48,-0.0138,0.0818,-0.173,-0.332,0.225,-0.358,-0.164,-0.0912,-0.0817,0.137,0.0123,-0.133,0.715
2026,7,24,49,0.0486,0.405,-0.214,-0.227,0.0439,-0.0141,0.139,-0.024,-0.0424,0.0866,0.0733,0.0111,0.429
2026,7,24,50,1.57,2.84,1.87,1.51,1.08,0.773,1.37,1.41,1.37,1.41,1.78,1.71,2.03
2026,7,24,51,-0.0613,0.0254,-0.205,-0.283,0.135,-0.177,-0.0877,-0.0247,-0.0168,0.0924,-0.0978,-0.236,0.4
2026,7,24,53,-0.151,0.126,-0.0884,-0.363,-0.1,-0.233,-0.00903,-0.175,-0.192,-0.11,-0.158,-0.278,0.391
2026,7,24,54,1.0,1.32,1.35,0.831,0.957,0.446,0.956,0.548,0.514,1.1,1.27,1.28,1.57
2026,7,24,55,-0.00142,0.0628,-0.202,-0.287,0.229,-0.0389,0.0552,-0.0148,-0.0223,0.0794,0.00103,-0.121,0.427
2026,7,24,56,0.883,2.27,0.967,0.306,0.606,0.323,1.92,0.659,0.524,0.894,0.966,1.26,0.371
2026,7,31,1,0.425,0.333,1.03,0.262,0.391,0.183,0.678,0.254,0.204,0.63,0.523,0.425,0.678
2026,7,31,2,0.415,1.43,0.476,0.0113,0.217,-0.117,0.556,0.545,0.544,0.573,0.356,0.307,0.148
2026,7,31,4,-0.209,-0.0514,-0.288,-0.374,-0.229,-0.472,-0.315,-0.28,-0.275,-0.157,-0.189,-0.286,0.256
2026,7,31,5,0.242,0.937,1.15,-0.0298,0.136,-0.051,0.0965,0.0684,0.0654,0.397,0.299,0.263,0.2
2026,7,31,6,-0.309,0.0477,-0.4,-0.523,-0.321,-0.482,-0.228,-0.297,-0.305,-0.26,-0.333,-0.432,0.0775
2026,7,31,8,-0.232,-0.101,-0.204,-0.415,-0.245,-0.374,-0.236,-0.285,-0.291,-0.226,-0.23,-0.316,0.335
2026,7,31,9,0.187,0.147,-0.00805,0.0222,0.26,-0.152,0.821,0.29,0.233,0.31,0.106,-0.0847,0.665
2026,7,31,10,0.213,0.682,1.09,-0.137,-0.175,-0.117,0.733,0.294,0.251,0.132,0.152,0.15,0.19
2026,7,31,11,-0.242,0.0478,0.159,-0.454,0.0247,-0.386,-0.136,-0.181,-0.187,-0.224,-0.271,-0.32,0.00199
2026,7,31,12,0.032,0.134,0.0769,-0.156,0.0545,-0.17,-0.0222,-0.0148,-0.0138,0.118,0.0411,-0.109,0.629
2026,7,31,13,-0.024,0.137,0.0376,-0.168,0.209,-0.166,0.0309,0.00851,0.00583,0.0836,-0.0675,-0.226,0.645
2026,7,31,15,0.298,-0.0231,0.199,0.376,0.311,0.0475,0.431,0.177,0.14,0.423,0.406,0.354,0.591
2026,7,31,16,0.314,0.404,0.147,-0.0263,0.152,-0.0505,0.491,0.298,0.273,0.543,0.29,0.137,0.402
2026,7,31,17,-0.123,0.0315,-0.137,-0.365,-0.0307,-0.173,0.213,-0.123,-0.152,-0.106,-0.153,-0.246,0.308
2026,7,31,18,0.0682,0.403,0.22,-0.146,0.0047,-0.144,0.123,-0.0143,-0.0286,0.0728,0.0907,-0.0535,0.809
2026,7,31,19,0.284,0.339,-0.321,0.128,0.396,0.0748,0.537,0.206,0.174,0.363,0.298,0.161,0.858
2026,7,31,20,0.292,0.623,0.245,0.352,0.0541,0.161,0.166,0.239,0.249,0.238,0.304,0.237,0.908
2026,7,31,21,0.151,0.49,0.182,0.00199,0.283,-0.223,0.0262,0.0649,0.0689,0.255,0.192,0.00469,0.889
2026,7,31,22,0.119,0.157,0.497,-0.0501,0.00534,-0.287,-0.036,-0.015,-0.0121,0.259,0.17,0.0258,0.634
2026,7,31,23,1.36,2.18,0.57,1.27,0.91,1.04,1.45,1.14,1.09,1.62,1.43,1.16,2.03
2026,7,31,24,0.122,0.025,0.0646,-0.163,0.145,-0.406,0.353,0.161,0.141,0.15,0.093,-0.0276,0.722
2026,7,31,25,-0.0918,0.108,0.0897,-0.298,-0.113,-0.152,0.328,-0.0706,-0.109,-0.0684,-0.127,-0.225,0.292
2026,7,31,26,-0.129,0.0601,-0.0709,-0.334,-0.185,-0.313,-0.0375,-0.112,-0.121,-0.0176,-0.155,-0.292,0.299
2026,7,31,27,0.042,-0.0211,-0.355,-0.195,0.489,-0.0164,0.132,-0.00817,-0.0239,0.0523,0.0426,-0.0438,0.6
2026,7,31,28,0.758,1.87,1.87,1.17,0.344,0.395,0.939,0.34,0.28,0.98,1.17,1.35,1.07
2026,7,31,29,0.184,0.143,0.0141,0.0553,0.0181,-0.0175,0.216,0.212,0.211,0.344,0.145,-0.043,0.672
2026,7,31,30,0.879,1.63,0.616,0.79,0.333,0.372,0.819,0.923,0.939,0.955,0.851,0.667,1.23
2026,7,31,31,0.043,0.384,0.0732,-0.0209,-0.0757,-0.0038,0.00822,-0.0756,-0.0854,-0.00475,0.0812,0.0369,0.687
2026,7,31,32,-0.178,0.0575,-0.307,-0.284,-0.268,-0.417,-0.245,-0.211,-0.207,-0.12,-0.19,-0.272,0.0407
2026,7,31,33,0.678,0.781,0.275,0.744,0.334,0.381,0.828,0.758,0.751,0.519,0.581,0.489,1.24
2026,7,31,34,0.000686,-0.0726,0.395,-0.279,-0.0737,-0.035,0.384,0.0535,0.024,0.0484,-0.0396,-0.144,0.479
2026,7,31,35,0.32,0.778,0.62,0.266,0.136,-0.137,0.114,0.0989,0.0971,0.395,0.39,0.228,0.91
2026,7,31,36,0.034,0.153,0.455,-0.256,0.0927,-0.0907,0.665,0.104,0.0498,0.0723,-0.0179,-0.127,0.446
2026,7,31,37,-0.0687,0.0977,-0.0207,-0.321,0.103,-0.239,-0.117,-0.0708,-0.0645,0.0542,-0.0952,-0.255,0.637
2026,7,31,38,0.582,0.547,0.166,0.529,1.37,0.151,0.333,0.136,0.117,0.729,0.816,0.81,1.03
2026,7,31,39,-0.141,0.0334,0.389,-0.274,-0.302,-0.346,-0.1,-0.138,-0.142,-0.151,-0.163,-0.238,0.217
2026,7,31,40,-0.0441,0.0937,0.0568,-0.148,0.0093,-0.162,-0.0767,-0.133,-0.14,0.0257,-0.00487,-0.115,0.454
2026,7,31,41,0.0339,0.147,-0.0272,-0.21,0.0288,-0.0682,0.296,0.0291,0.0000832,0.115,0.0248,-0.125,0.541
2026,7,31,42,0.0573,0.171,0.401,-0.216,0.0129,-0.0754,0.314,0.104,0.0837,0.072,0.0043,-0.094,0.324
2026,7,31,44,0.215,0.745,0.0768,-0.0764,0.291,0.285,1.05,0.21,0.129,0.321,0.191,0.0718,0.547
2026,7,31,45,0.339,0.843,0.299,0.291,0.0602,-0.0375,0.124,0.212,0.224,0.496,0.425,0.255,1.0
2026,7,31,46,0.983,1.01,0.848,1.05,1.34,1.47,1.54,0.56,0.485,0.873,1.21,1.33,1.6
2026,7,31,47,-0.0608,0.294,-0.146,-0.219,-0.158,-0.339,0.061,-0.11,-0.129,0.0111,-0.0434,-0.177,0.573
2026,7,31,48,-0.0828,0.274,-0.023,-0.345,-0.0309,-0.339,-0.188,-0.0979,-0.0862,0.0145,-0.0926,-0.236,0.662
2026,7,31,49,0.0499,0.35,-0.104,-0.331,0.0439,-0.185,0.208,0.0335,0.0137,0.124,0.0323,-0.0687,0.358
2026,7,31,50,1.41,2.84,1.65,1.51,0.428,1.03,1.27,1.28,1.28,1.44,1.51,1.53,1.55
2026,7,31,51,0.0371,0.0546,0.364,-0.213,0.14,-0.122,0.196,0.151,0.145,0.115,-0.0313,-0.147,0.42
2026,7,31,53,-0.138,0.138,-0.0515,-0.417,-0.181,-0.206,0.236,-0.099,-0.133,-0.0729,-0.171,-0.292,0.254
2026,7,31,54,0.95,0.955,0.896,0.744,1.15,0.738,1.56,0.608,0.528,0.935,1.06,0.834,1.93
2026,7,31,55,0.0139,0.0955,-0.0573,-0.304,0.0266,0.00294,0.241,0.0393,0.0177,0.0677,-0.0107,-0.111,0.298
2026,7,31,56,0.777,1.94,0.806,0.211,0.632,0.696,1.34,0.767,0.705,0.7,0.74,0.984,0.227
2026,8,7,1,0.296,0.161,0.477,0.133,0.222,-0.0322,-0.0514,0.226,0.258,0.457,0.321,0.254,0.282
2026,8,7,2,0.322,1.39,0.093,0.238,0.131,-0.383,0.402,0.366,0.362,0.348,0.278,0.294,0.139
2026,8,7,4,-0.209,-0.053,-0.33,-0.378,-0.217,-0.481,-0.4,-0.272,-0.254,-0.158,-0.192,-0.256,0.0604
2026,8,7,5,0.139,0.504,0.623,0.212,0.0119,-0.327,-0.124,-0.058,-0.0509,0.11,0.224,0.33,0.122
2026,8,7,6,-0.296,-0.234,-0.378,-0.494,-0.315,-0.481,-0.298,-0.3,-0.3,-0.245,-0.309,-0.392,0.0205
2026,8,7,8,-0.24,-0.139,-0.37,-0.393,-0.225,-0.377,-0.278,-0.304,-0.307,-0.201,-0.223,-0.292,0.165
2026,8,7,9,0.181,0.24,-0.0403,-0.0735,0.377,-0.319,0.0936,0.0772,0.0755,0.464,0.202,-0.0143,0.763
2026,8,7,10,0.0291,0.592,0.142,-0.158,-0.0852,-0.33,-0.233,-0.0255,-0.00559,0.0873,0.00255,-0.0674,0.157
2026,8,7,11,-0.188,0.214,0.0274,-0.421,0.135,-0.156,-0.277,-0.152,-0.137,-0.156,-0.204,-0.277,0.241
2026,8,7,12,0.0805,0.191,-0.0435,-0.0705,0.136,-0.168,-0.09,-0.0195,-0.00971,0.188,0.129,-0.044,0.909
2026,8,7,13,-0.08,0.156,-0.0527,-0.259,0.198,-0.327,-0.257,-0.0764,-0.0547,0.0462,-0.0977,-0.228,0.422
2026,8,7,15,0.375,0.238,-0.00585,0.666,0.291,0.149,0.61,0.275,0.226,0.694,0.456,0.308,0.475
2026,8,7,16,0.197,0.18,-0.206,-0.00936,0.117,-0.187,0.186,0.185,0.184,0.22,0.168,0.0681,0.533
2026,8,7,17,-0.0483,0.104,-0.196,-0.284,0.0349,-0.133,0.148,-0.0551,-0.0728,-0.0309,-0.0746,-0.147,0.266
2026,8,7,18,0.0282,0.296,0.00069,-0.206,-0.0722,-0.278,-0.159,0.000542,0.0172,0.0456,0.0249,-0.0657,0.381
2026,8,7,19,0.259,0.301,-0.438,0.0513,0.466,-0.118,0.206,0.202,0.202,0.351,0.256,0.0996,0.836
2026,8,7,20,0.28,0.667,0.0479,0.311,0.028,-0.27,-0.135,0.126,0.163,0.369,0.366,0.287,0.801
2026,8,7,21,0.0762,0.377,0.00944,0.0191,0.108,-0.495,-0.312,0.0325,0.0689,0.123,0.0993,0.00512,0.472
2026,8,7,22,0.187,0.104,0.284,-0.0139,0.0718,0.0221,0.0589,0.135,0.145,0.359,0.198,0.0534,0.439
2026,8,7,23,1.27,2.06,1.3,1.37,0.518,1.09,2.0,1.15,1.02,1.26,1.31,1.1,2.03
2026,8,7,24,-0.109,-0.11,-0.181,-0.328,-0.0243,-0.328,-0.177,-0.0858,-0.0762,-0.0919,-0.13,-0.234,0.436
2026,8,7,25,-0.0375,-0.0389,0.0764,-0.184,-0.0955,-0.113,0.198,-0.0773,-0.104,0.066,-0.0535,-0.163,0.296
2026,8,7,26,-0.118,0.00184,-0.15,-0.3,-0.0486,-0.502,-0.186,-0.156,-0.152,0.0074,-0.109,-0.227,0.296
2026,8,7,27,-0.00193,-0.0487,-0.355,-0.185,0.162,0.211,0.275,0.0237,-0.00457,0.0254,-0.0338,-0.142,0.498
2026,8,7,28,0.604,0.61,1.23,1.09,0.208,0.0559,0.3,0.333,0.336,0.617,0.873,1.11,0.699
2026,8,7,29,0.14,0.294,-0.135,-0.00863,-0.0341,-0.19,-0.00672,0.203,0.232,0.305,0.0952,-0.075,0.485
2026,8,7,30,0.835,1.71,0.545,0.679,0.407,0.391,1.08,0.91,0.883,0.895,0.734,0.598,0.865
2026,8,7,31,-0.000743,0.139,0.0396,0.0159,-0.181,-0.221,-0.151,-0.0956,-0.0892,0.0945,0.0439,-0.0521,0.448
2026,8,7,32,-0.136,0.0856,-0.308,-0.301,-0.261,-0.371,-0.232,-0.134,-0.121,0.00177,-0.165,-0.284,-0.0244
2026,8,7,33,0.548,1.11,0.146,0.685,0.082,0.0398,0.804,0.457,0.424,0.711,0.541,0.324,1.16
2026,8,7,34,0.0849,0.00429,0.01,-0.161,0.0294,-0.17,0.0504,0.0479,0.0477,0.227,0.095,-0.0281,0.623
2026,8,7,35,0.452,0.645,0.51,0.23,0.534,0.245,0.655,0.243,0.195,0.667,0.561,0.492,0.596
2026,8,7,36,0.0387,-0.00876,0.0294,-0.168,0.0209,-0.231,0.329,0.139,0.121,0.149,-0.0216,-0.154,0.405
2026,8,7,37,-0.0873,0.083,-0.113,-0.282,0.000343,-0.366,-0.237,-0.0938,-0.0744,0.0884,-0.0976,-0.249,0.456
2026,8,7,38,0.438,0.856,-0.0554,0.378,0.802,0.209,0.422,0.0669,0.0334,0.501,0.631,0.637,0.895
2026,8,7,39,-0.092,0.179,-0.0665,-0.257,-0.257,-0.366,-0.211,-0.0235,-0.00275,-0.0274,-0.146,-0.247,0.0392
2026,8,7,40,0.00456,0.0521,0.131,-0.0549,0.0169,-0.382,-0.23,-0.137,-0.126,0.183,0.0744,-0.0293,0.254
2026,8,7,41,-0.0191,-0.0885,-0.226,-0.216,0.0217,-0.0209,0.398,0.0627,0.0264,0.0653,-0.0664,-0.214,0.33
2026,8,7,42,-0.0175,0.0354,0.135,-0.255,-0.0828,-0.205,0.0632,0.0493,0.0479,0.0258,-0.0696,-0.156,0.121
2026,8,7,44,0.312,1.12,-0.0746,-0.0343,0.476,0.309,0.699,0.29,0.251,0.252,0.252,0.163,0.747
2026,8,7,45,0.211,0.648,0.219,0.133,0.0781,-0.319,-0.189,0.0336,0.0638,0.456,0.327,0.173,0.674
2026,8,7,46,0.626,1.11,0.505,0.654,0.932,0.345,0.722,0.172,0.13,0.736,0.863,0.896,1.05
2026,8,7,47,-0.0538,0.227,-0.148,-0.204,-0.218,-0.404,-0.222,-0.1,-0.0865,0.102,-0.0349,-0.164,0.285
2026,8,7,48,-0.0561,0.0838,-0.166,-0.343,0.0337,-0.26,-0.112,-0.0532,-0.0455,0.0796,-0.0709,-0.213,0.51
2026,8,7,49,0.0351,0.185,-0.232,-0.259,-0.016,-0.187,-0.0764,-0.00882,-0.00118,0.038,0.0447,0.00295,0.339
2026,8,7,50,1.54,2.84,1.87,1.51,0.353,0.892,1.62,1.19,1.13,1.83,1.73,1.71,1.38
2026,8,7,51,-0.0793,-0.0635,-0.219,-0.267,0.0386,-0.114,-0.0499,-0.00735,-0.00206,0.116,-0.122,-0.259,0.251
2026,8,7,53,-0.144,0.0702,-0.175,-0.382,-0.203,-0.144,0.208,-0.0826,-0.112,-0.107,-0.184,-0.293,0.238
2026,8,7,54,0.41,1.07,0.816,0.261,0.603,0.166,0.138,0.11,0.108,0.472,0.566,0.577,0.698
2026,8,7,55,-0.0645,-0.00887,-0.249,-0.278,-0.0586,-0.0389,-0.0598,-0.0344,-0.0317,0.0256,-0.0948,-0.186,0.0368
2026,8,7,56,0.387,1.81,0.512,0.0664,0.194,0.245,0.446,0.199,0.172,0.3,0.416,0.561,0.227
2026,8,14,1,0.262,0.258,0.197,0.214,0.185,0.0627,0.0274,0.132,0.144,0.37,0.332,0.346,0.187
2026,8,14,2,0.536,1.64,0.104,0.304,0.48,-0.255,0.932,0.621,0.581,0.362,0.473,0.607,0.329
2026,8,14,4,-0.209,-0.0795,-0.371,-0.336,-0.167,-0.453,-0.371,-0.313,-0.305,-0.126,-0.165,-0.234,0.104
2026,8,14,5,0.347,0.884,1.25,0.413,0.274,-0.115,-0.0322,0.0553,0.0647,0.534,0.493,0.511,0.338
2026,8,14,6,-0.313,-0.157,-0.464,-0.481,-0.289,-0.357,-0.295,-0.32,-0.323,-0.223,-0.326,-0.413,-0.0596
2026,8,14,8,-0.193,-0.0412,-0.36,-0.323,-0.175,-0.365,-0.33,-0.304,-0.3,-0.164,-0.155,-0.197,0.163
2026,8,14,9,0.226,0.219,-0.106,0.0197,0.556,-0.141,0.0549,0.0643,0.0653,0.401,0.252,0.0816,0.833
2026,8,14,10,0.186,0.64,0.634,0.0379,0.0545,0.213,-0.2,-0.0925,-0.0822,0.0799,0.232,0.297,0.211
2026,8,14,11,-0.138,0.202,0.176,-0.317,0.174,-0.249,0.00469,-0.136,-0.153,-0.0764,-0.145,-0.208,0.191
2026,8,14,12,0.0922,0.234,-0.032,-0.115,0.14,-0.0414,0.0359,0.0212,0.0192,0.217,0.121,-0.0487,0.756
2026,8,14,13,-0.0577,0.0925,-0.0889,-0.131,0.219,-0.261,-0.149,-0.0836,-0.0758,0.0867,-0.056,-0.179,0.412
2026,8,14,15,0.451,0.0846,-0.135,0.648,0.298,0.286,0.82,0.438,0.382,0.546,0.493,0.436,0.604
2026,8,14,16,0.676,0.437,-0.232,0.0583,0.149,-0.0458,0.559,0.606,0.612,0.67,0.669,0.669,0.668
2026,8,14,17,0.0104,0.22,-0.215,-0.226,0.244,-0.0758,0.219,-0.05,-0.0734,0.136,0.00632,-0.103,0.339
2026,8,14,18,0.0085,0.333,-0.197,-0.147,-0.0226,-0.238,-0.0287,-0.0783,-0.0835,0.0758,0.05,-0.0155,0.276
2026,8,14,19,0.313,0.365,-0.444,0.302,0.489,-0.105,0.154,0.119,0.115,0.546,0.405,0.272,0.711
2026,8,14,20,0.424,0.869,0.365,0.534,0.305,-0.0651,0.0823,0.238,0.26,0.46,0.533,0.507,0.939
2026,8,14,21,0.155,0.266,-0.224,0.184,0.255,-0.115,0.0262,0.038,0.0393,0.255,0.228,0.0917,0.788
2026,8,14,22,0.199,0.239,0.172,0.108,0.11,-0.361,-0.103,0.0811,0.107,0.388,0.242,0.1,0.51
2026,8,14,23,1.51,2.44,0.977,1.51,0.793,0.962,2.14,1.41,1.28,1.69,1.52,1.29,2.03
2026,8,14,24,0.0875,0.159,-0.19,-0.143,0.172,-0.232,0.054,-0.0142,-0.0214,0.139,0.122,0.0326,0.655
2026,8,14,25,0.0592,0.103,-0.0307,-0.107,0.0812,-0.0839,0.51,0.0669,0.0246,0.162,0.0305,-0.0694,0.297
2026,8,14,26,-0.00141,0.0126,-0.141,-0.194,0.0916,-0.32,0.00873,-0.0254,-0.0296,0.169,-0.00487,-0.148,0.377
2026,8,14,27,0.0405,-0.06,-0.37,-0.128,0.325,-0.161,-0.0782,0.0176,0.0284,0.146,0.0257,-0.0834,0.351
2026,8,14,28,0.662,1.16,1.87,1.07,0.464,-0.262,0.257,0.239,0.237,0.928,1.07,1.28,0.669
2026,8,14,29,0.202,0.263,-0.203,0.124,0.12,-0.121,0.162,0.221,0.229,0.404,0.177,-0.0108,0.617
2026,8,14,30,1.03,1.46,0.236,0.727,0.58,0.382,1.61,1.23,1.17,1.15,0.921,0.934,0.496
2026,8,14,31,0.0733,0.363,-0.0366,0.18,-0.153,-0.266,0.156,-0.022,-0.0427,0.0607,0.116,0.0687,0.618
2026,8,14,32,-0.124,0.229,-0.346,-0.291,-0.275,-0.334,-0.0813,-0.0671,-0.0652,-0.0618,-0.185,-0.297,0.0426
2026,8,14,33,0.751,0.689,-0.135,0.986,0.536,0.564,1.23,0.686,0.635,0.865,0.763,0.562,1.5
2026,8,14,34,0.0188,-0.119,-0.041,-0.25,0.00808,-0.119,0.231,0.043,0.0262,0.106,-0.0082,-0.159,0.785
2026,8,14,35,0.388,0.681,0.431,0.387,0.0751,0.0139,0.537,0.266,0.234,0.6,0.437,0.332,0.487
2026,8,14,36,0.069,0.0161,0.0192,-0.152,0.132,-0.175,0.548,0.175,0.14,0.151,0.00081,-0.116,0.381
2026,8,14,37,-0.0635,0.0915,-0.144,-0.294,0.137,-0.348,-0.177,-0.0769,-0.0634,0.11,-0.0784,-0.214,0.347
2026,8,14,38,0.454,0.768,-0.289,0.454,0.598,-0.0647,0.12,0.14,0.142,0.537,0.601,0.709,0.379
2026,8,14,39,-0.0816,0.101,-0.0927,-0.179,-0.269,-0.219,-0.0793,-0.0413,-0.0371,-0.0565,-0.117,-0.174,0.00963
2026,8,14,40,0.0391,0.181,-0.00494,-0.0118,0.0114,-0.274,-0.0472,-0.0675,-0.0699,0.179,0.0936,0.00698,0.262
2026,8,14,41,0.0408,-0.0187,-0.216,-0.184,0.0311,0.157,0.588,0.121,0.0706,0.151,-0.0231,-0.17,0.258
2026,8,14,42,0.00423,0.0536,0.068,-0.221,0.0412,-0.179,0.0845,0.00696,-0.00063,0.0795,-0.0204,-0.127,0.258
2026,8,14,44,0.399,1.36,-0.274,0.0764,0.413,0.477,1.15,0.458,0.392,0.534,0.304,0.145,0.641
2026,8,14,45,0.323,0.804,0.0997,0.273,0.148,-0.22,-0.0776,0.0898,0.112,0.599,0.489,0.384,0.669
2026,8,14,46,1.01,1.51,0.324,1.23,1.69,0.0364,1.01,0.338,0.287,0.768,1.37,1.78,1.31
2026,8,14,47,-0.049,0.328,-0.182,-0.155,-0.185,-0.3,-0.0789,-0.0923,-0.0938,0.0889,-0.0283,-0.121,0.137
2026,8,14,48,0.00187,0.215,-0.178,-0.281,0.0447,-0.217,0.000186,0.0165,0.0186,0.15,-0.0197,-0.17,0.56
2026,8,14,49,0.128,0.358,-0.204,-0.188,0.227,-0.0423,0.0139,0.0381,0.0408,0.262,0.149,0.0388,0.458
2026,8,14,50,1.57,2.84,1.87,1.51,0.461,1.36,2.14,1.41,1.34,1.77,1.79,1.85,1.34
2026,8,14,51,-0.0298,0.0447,-0.183,-0.197,0.0848,-0.154,-0.0985,-0.0272,-0.0183,0.0858,-0.049,-0.193,0.637
2026,8,14,53,-0.0839,0.0748,-0.246,-0.323,-0.0664,-0.134,0.361,-0.0418,-0.0829,-0.042,-0.123,-0.223,0.229
2026,8,14,54,0.363,0.743,0.529,0.473,0.251,0.481,0.333,0.0856,0.0648,0.419,0.56,0.649,0.556
2026,8,14,55,-0.0645,0.0245,-0.384,-0.271,-0.0676,-0.197,0.0125,-0.0679,-0.0765,0.0154,-0.0703,-0.147,0.0858
2026,8,14,56,0.571,1.68,0.284,0.126,0.445,0.0428,1.0,0.428,0.366,0.559,0.6,0.892,-0.0248
2026,8,21,1,0.632,0.609,0.316,0.464,0.839,0.124,0.267,0.351,0.36,0.801,0.706,0.621,0.835
2026,8,21,2,0.958,2.66,0.172,0.482,0.907,0.106,0.282,0.755,0.816,0.817,0.998,1.23,0.742
2026,8,21,4,-0.0739,0.209,-0.348,-0.282,-0.0424,-0.373,-0.246,-0.206,-0.201,-0.0175,-0.0617,-0.151,0.308
2026,8,21,5,0.453,1.67,0.355,-0.048,0.407,-0.00945,0.109,0.24,0.254,0.702,0.487,0.343,0.494
2026,8,21,6,-0.176,-0.11,-0.434,-0.438,-0.0357,-0.406,-0.172,-0.238,-0.245,-0.122,-0.209,-0.325,0.261
2026,8,21,8,-0.083,0.197,-0.245,-0.276,-0.0152,-0.343,-0.262,-0.211,-0.204,-0.0422,-0.0775,-0.174,0.462
2026,8,21,9,0.427,0.719,-0.188,0.104,0.633,-0.124,0.214,0.271,0.277,0.621,0.359,0.117,1.06
2026,8,21,10,0.557,0.82,0.473,0.0659,0.0918,-0.138,0.0667,0.334,0.36,0.702,0.565,0.502,0.603
2026,8,21,11,-0.0424,0.459,0.0403,-0.297,0.468,-0.233,-0.117,-0.0394,-0.0297,-0.0776,-0.0774,-0.142,0.384
2026,8,21,12,0.299,0.453,-0.0215,-0.0351,0.377,-0.0699,0.244,0.176,0.166,0.506,0.284,0.0552,0.84
2026,8,21,13,0.22,0.348,0.0715,-0.0669,0.729,-0.184,-0.0252,0.164,0.187,0.41,0.167,-0.042,0.967
2026,8,21,15,0.292,0.415,-0.17,0.477,0.401,-0.0245,0.206,0.0628,0.0418,0.502,0.447,0.432,0.37
2026,8,21,16,0.779,0.387,-0.19,0.0643,0.466,-0.102,0.46,0.634,0.657,0.945,0.76,0.666,0.754
2026,8,21,17,0.0975,0.28,-0.227,-0.185,0.348,-0.18,-0.00973,-0.023,-0.0242,0.19,0.0914,-0.0335,0.612
2026,8,21,18,0.252,0.63,-0.0449,-0.0638,0.186,-0.254,0.0153,0.0618,0.0667,0.262,0.285,0.209,0.704
2026,8,21,19,0.478,0.664,-0.442,0.108,0.966,-0.218,0.168,0.294,0.307,0.568,0.473,0.313,1.07
2026,8,21,20,0.618,1.31,0.268,0.765,0.443,-0.157,0.0473,0.292,0.326,0.793,0.748,0.682,0.968
2026,8,21,21,0.398,0.767,-0.0493,0.15,0.747,-0.256,-0.0246,0.191,0.213,0.568,0.468,0.247,1.22
2026,8,21,22,0.349,0.525,0.0161,0.0843,0.381,-0.23,-0.149,0.11,0.145,0.554,0.389,0.241,0.631
2026,8,21,23,1.57,2.84,1.09,1.51,1.47,0.91,1.57,1.41,1.37,1.83,1.79,1.62,2.03
2026,8,21,24,0.308,0.509,-0.0952,-0.147,0.641,-0.393,0.0225,0.13,0.142,0.415,0.329,0.169,1.13
2026,8,21,25,0.208,0.261,0.0199,-0.056,0.337,-0.0613,0.434,0.109,0.078,0.305,0.161,-0.000683,0.751
2026,8,21,26,0.221,0.518,-0.0466,0.0178,0.253,-0.406,-0.0116,0.0648,0.0742,0.386,0.227,0.0526,0.867
2026,8,21,27,0.112,0.116,-0.333,-0.0983,0.347,-0.127,-0.0763,0.0814,0.0992,0.119,0.0363,-0.0914,0.622
2026,8,21,28,0.798,1.26,1.35,0.92,0.798,-0.269,0.199,0.31,0.321,1.14,1.2,1.23,1.22
2026,8,21,29,0.406,0.582,-0.204,0.217,0.576,-0.164,0.118,0.266,0.286,0.641,0.402,0.187,0.97
2026,8,21,30,1.14,2.64,0.572,0.73,0.75,0.14,0.819,1.0,1.03,1.42,1.15,0.871,1.52
2026,8,21,31,0.216,0.645,-0.101,0.0462,0.153,-0.19,0.0521,0.0819,0.0854,0.151,0.209,0.186,0.573
2026,8,21,32,-0.0742,0.254,-0.343,-0.24,-0.148,-0.383,-0.308,-0.156,-0.136,0.0409,-0.0932,-0.2,0.0752
2026,8,21,33,1.06,1.72,0.213,1.03,0.8,0.389,1.69,0.969,0.902,1.01,0.951,0.728,1.94
2026,8,21,34,0.192,0.114,-0.0191,-0.105,0.303,-0.337,0.0712,0.0703,0.0702,0.35,0.183,0.0117,0.968
2026,8,21,35,0.428,1.08,0.436,0.218,0.491,-0.0262,0.0228,0.186,0.206,0.57,0.495,0.351,0.83
2026,8,21,36,0.192,0.205,0.0127,-0.103,0.457,-0.203,0.508,0.211,0.183,0.287,0.114,-0.0459,0.703
2026,8,21,37,0.0882,0.231,-0.158,-0.217,0.451,-0.328,-0.159,-0.014,0.00552,0.354,0.0598,-0.152,0.729
2026,8,21,38,0.67,1.41,-0.0321,0.354,1.19,0.0504,0.422,0.29,0.278,0.572,0.821,0.789,1.48
2026,8,21,39,0.103,0.406,0.0125,-0.0946,-0.0121,-0.289,-0.0149,0.0569,0.0649,0.157,0.0472,-0.0668,0.329
2026,8,21,40,0.25,0.498,0.0963,0.0214,0.702,-0.308,0.0147,-0.0305,-0.0359,0.324,0.351,0.122,1.6
2026,8,21,41,0.163,0.0825,-0.107,-0.15,0.44,-0.0188,0.309,0.104,0.0823,0.286,0.121,-0.0687,0.641
2026,8,21,42,0.209,0.281,-0.107,-0.172,0.501,-0.132,0.295,0.212,0.204,0.327,0.122,-0.0537,0.487
2026,8,21,44,0.517,1.56,-0.204,0.114,0.613,0.174,1.1,0.321,0.246,0.571,0.484,0.309,1.25
2026,8,21,45,0.725,1.1,0.317,0.508,0.81,0.0508,0.244,0.44,0.467,1.15,0.836,0.526,1.4
2026,8,21,46,1.41,2.42,0.4,1.51,1.69,0.382,1.15,0.58,0.537,1.58,1.76,1.73,2.03
2026,8,21,47,0.186,0.552,-0.157,-0.0621,0.31,-0.392,-0.0513,-0.00362,0.00174,0.333,0.22,0.0539,0.835
2026,8,21,48,0.144,0.315,-0.123,-0.23,0.341,-0.289,-0.0841,0.0386,0.0545,0.347,0.129,-0.0746,0.951
2026,8,21,49,0.275,0.492,-0.125,-0.152,0.433,-0.151,0.0417,0.123,0.133,0.372,0.283,0.167,0.717
2026,8,21,50,1.57,2.84,1.87,1.51,0.856,1.83,2.14,1.41,1.37,1.83,1.79,1.85,1.52
2026,8,21,51,0.174,0.253,-0.107,-0.141,0.495,-0.108,0.0324,0.12,0.13,0.318,0.122,-0.0296,0.709
2026,8,21,53,0.00861,0.146,-0.178,-0.296,0.0438,-0.25,0.0289,-0.0495,-0.0575,0.0735,-0.0288,-0.148,0.378
2026,8,21,54,1.01,1.76,0.916,0.731,1.06,0.423,1.03,0.739,0.715,1.09,1.14,1.2,1.05
2026,8,21,55,0.166,0.235,-0.152,-0.183,0.333,-0.138,0.124,0.0907,0.0871,0.313,0.128,-0.0169,0.36
2026,8,21,56,0.897,2.84,0.191,0.198,1.45,-0.175,0.262,0.564,0.597,1.06,1.07,1.09,1.02
